,baseMean,log2FoldChange,lfcSE,stat,pvalue,padj,padj_stageR,DE_confirmed
VN1R81P,1717.9348623572653,-1.2156165758176378,0.25582317786967246,-5.007997678032453,5.499919809361146e-07,2.872628273203497e-06,1.28194392565857e-06,1.0
MIR7844,2135.6769617000778,-1.073158992322738,0.3252861043459846,-3.6264594158148307,0.00028733395472362066,0.0011110246249313332,0.0006697297972716916,1.0
CFAP69,46733.73409648216,-2.2430796865142244,0.3294849219579032,-7.1595783579517525,8.092557797210445e-13,6.650029372732406e-12,1.8862466491815747e-12,1.0
BCAR3,229294.43638848217,-0.22290889309904094,0.24835061276733564,-1.0591731912931166,0.2895209119096157,0.49473460383869927,,0.0
CEP57,231372.41233054866,-0.029999113616085663,0.1301144283717851,-0.26839193173519366,0.7883976493130918,0.8868157770095034,,0.0
ARMT1,1228706.6600837924,2.219752546688391,0.3933134837803738,5.98086087901542,2.2196138953700157e-09,1.430417843682899e-08,5.173567341170859e-09,1.0
CCRL2,38288.20223896108,0.179626026100768,0.29918027719817264,0.6619435218012013,0.5080074181038552,0.6994040854270025,,0.0
C10orf143,14372.084026914998,-0.06279377608103227,0.2088308014819537,-0.33167980466670394,0.7401310517700366,0.859751673551221,,0.0
SNTB2,257205.15599756743,-0.2912375784373657,0.16775597286794447,-1.8475212165936978,0.06467163607420955,0.1553863780048927,,0.0
LINC00518,2253.848470124496,0.16690280332458196,0.7728356578099486,0.2632762382769267,0.7923376729294305,0.8893694793455796,1.0,0.0
AGR3,201050.15145918867,-1.706580050163524,0.7909596885528937,-2.903780997665759,0.0036868595667529313,0.011972692395158607,0.008593483887366178,1.0
SEMA3F,544227.6065152135,0.29027792467523544,0.2324580216251771,1.3147042471677772,0.18860931863617403,0.3676448803708546,,0.0
HSPD1P11,1789.7215735020836,-0.48352695349959657,0.5616495680727911,-1.2508838074655015,0.21097687239715435,0.3974141387904101,,0.0
ARL8B,410133.06302937726,-1.2870916825437095,0.13826677812102262,-9.255566494896145,2.1309736810694693e-20,2.6245177089319785e-19,4.966961084660987e-20,1.0
C1orf56,160236.64531354693,-0.3328714466458623,0.15761481962822368,-2.229735925805262,0.02576497935570623,0.06976966179493087,0.06005407337675826,0.0
SLC16A9,55060.220701721715,1.935485889881553,0.402251099756639,5.168870692666783,2.3551277019123964e-07,1.283866336299348e-06,5.489428493990202e-07,1.0
DUSP15,26288.9722868371,1.0725442691823488,0.3211787290002517,3.6225555133688805,0.000291706831672261,0.0011270593930141268,0.0006799222786828214,1.0
SNORD118,2695.2818279830967,0.07154520785560227,0.21002475575300802,0.3596790503541559,0.7190871603789473,0.8472040222746343,,0.0
TRIM15,1137.0238052636564,0.12450103672809437,0.7348612780319128,1.3224834341944405,0.1860072220768818,0.36398745536268595,0.4335532821119095,0.0
GCDH,97455.7740486498,-2.0663968848501972,0.19542643073559085,-10.831054646096305,2.453134275461341e-27,4.233990922491754e-26,5.717866245794939e-27,1.0
SPOCK3,2781.391811095611,-0.04654263393025657,0.6026327719424119,-0.13565853209893308,0.8920912311730305,0.9430849858648189,,0.0
COLEC10,611.8664630116643,-0.5498168848883048,0.6537820299405452,-2.609473476781884,0.009068167547642246,0.02749666852744044,0.021136457816653985,1.0
STMND1,24092.229728609884,-2.3322244042778606,1.1034538000945915,-2.974788465607775,0.0029319064905278143,0.009691417875913013,0.00683380821250128,1.0
CRYBG3,654169.4128615663,1.458849671587484,0.25020440827304186,6.017036006390607,1.7763958015256973e-09,1.1522317630702444e-08,4.140496382247747e-09,1.0
GBF1,631731.6810147841,0.08522306182646243,0.08948734864677534,1.0223143506902954,0.30663214324436583,0.5149882556070221,,0.0
LINC00636,819.7710441334373,2.27005937951974,0.8817757621528235,3.306132221351669,0.0009459343923646502,0.003392035046092649,0.0022048227799602222,1.0
NHLRC3,205202.68446270525,0.18275157786996316,0.1222998976526245,1.4417708196037233,0.14936703739851476,0.30825104780463036,,0.0
DEK,1492759.7000531678,1.6192737347569577,0.3025901666294371,5.658347709778469,1.5283724890597593e-08,9.162886989699615e-08,3.562393446462654e-08,1.0
MYL2,35506.454529693576,0.2205929137099706,0.6940943374743804,-0.5362395564933252,0.591792998388725,0.7652844455516332,,0.0
PCDHGA6,725056.0785626055,0.157310121518963,0.210578548926241,0.8398004828728483,0.40102026267831037,0.6083604228222057,,0.0
ZNF391,24323.949950973893,-0.8494524187860398,0.24933870037508007,-3.6533955594824414,0.00025879508093353107,0.0010045679873124148,0.0006032102166805855,1.0
RPSAP29,7930.054519959146,3.1053948232141266,0.5462825741197798,6.0551063711209965,1.4032490705139621e-09,9.185572655805306e-09,3.2707506372540388e-09,1.0
IFIH1,209472.7152994324,-0.4254692440356892,0.27376522878818377,-1.780777000298995,0.07494888819173956,0.17518512385210727,,0.0
CHODL,30223.4358523879,1.7040837941747153,0.5935628370098116,3.4200231181774194,0.0006261581419871995,0.0023204136792215092,0.0014594751459028742,1.0
SRPK2,228578.66612725108,-1.2047366707755311,0.17080924866185268,-7.3210586405501115,2.4602229360002455e-13,2.104904288982714e-12,5.734388787275338e-13,1.0
FXYD5,790072.0271930691,1.0668119826387739,0.3052873930172846,3.816804715229,0.0001351910869467209,0.0005433788410074488,0.0003151089447150672,1.0
EZH2,75042.77145555065,-1.655533911585633,0.3301018085328305,-5.367093918887599,8.00153962410871e-08,4.5354181414834367e-07,1.8650317591146842e-07,1.0
ECRG4,92578.72993441529,0.9325500076232718,0.5184103608961755,2.2719813113462863,0.02308763912996671,0.06313659209444844,,0.0
WAKMAR2,20103.060951387248,2.2343276418987634,0.22017267149195677,10.322278984214279,5.588075888099204e-25,8.576406932258101e-24,1.3024917070018146e-24,1.0
TSHB,104.54015095206557,-0.6680418289910752,0.8459936460207614,-1.0064980429167665,0.3141760525938514,0.5228929430557661,,0.0
RPL21P131,348.43092365686135,0.28601784158378935,0.6110850865673952,0.7482594242481662,0.454303693791857,0.6528570511765436,,0.0
SERPINB7,8727.586800439169,-0.19956227747957628,0.6437877182508829,-0.5428357638744878,0.5872428867736394,0.7612419469808157,,0.0
NTHL1,67945.49224276794,-1.0196700694191367,0.24688161329039549,-4.413769194105808,1.015862618090557e-05,4.6874400916148925e-05,2.3678143640353734e-05,1.0
C4orf54,1070.6192293537579,0.015089835064588648,0.6380376802592048,0.032842999731591785,0.9737997878666587,0.9888667226952144,,0.0
SRRM1,744481.8907859027,-0.047621860401747935,0.1978569879073709,-0.33314938782213394,0.7390215205206769,0.8594078549266112,,0.0
SEC14L1P1,15683.439728462039,1.719786517600877,0.2324214333399134,7.617981961328266,2.5767229630434728e-14,2.358292502690063e-13,6.00593184096301e-14,1.0
SUSD4,131011.0083686484,-0.23083921845424102,0.4592217351983477,-0.677635608718364,0.49800276268494525,0.6907370634923161,,0.0
FAM86MP,229.82568764319097,0.1977388077806525,0.6278436202093961,0.5233630643862829,0.6007216223861067,0.7690963687017198,,0.0
EPS15-AS1,507.199054886004,0.004312342352879703,0.33772642268094366,0.011584072143853387,0.9907574543963081,0.9957521849596237,,0.0
TSHZ3,165908.70137368125,1.1036707591182757,0.21480257251152202,5.342831479108372,9.150582751951067e-08,5.1399895007581e-07,2.1328554563893422e-07,1.0
SLC16A8,10760.643968066306,0.04732991905778641,0.30575419354389616,0.16676869414362736,0.8675520521377802,0.931265684381347,,0.0
PABPN1,775772.5482393969,-0.7340975068281415,0.15834763677330488,-4.951161133473894,7.37719880479255e-07,3.777974090175076e-06,1.7195078335656653e-06,1.0
GBGT1,53561.487246961464,0.32195630812873305,0.2095021241240239,1.5947677159796454,0.11076418892924467,0.2451161377014518,,0.0
GTF2A1,265348.94300407486,-0.05426204967554206,0.14232781359680519,-0.3469381387238867,0.7286377935269907,0.8538221219276084,,0.0
RGPD3,29164.539959389618,-0.10243643673965128,0.1727979020346516,-0.6512587104727804,0.5148794969587863,0.7049736291052501,,0.0
VSIG10L2,11249.323600867272,0.7540012230903491,0.4866265831919049,1.9596969487293134,0.05003122202261467,0.1250905942099258,,0.0
PAX9,23524.879911363405,-1.1370883392292497,0.507590406616711,-2.7526140717941012,0.005912154548879834,0.018465765115724866,0.013780292939164772,1.0
KCNK1,69353.07455107632,-0.013394880500145173,0.4368357423466136,-0.048493460490861104,0.9613229760843831,0.9827995500530649,,0.0
CRIP3,2755.674992093091,-0.468646488912238,0.4085167014216157,-1.4097224715151035,0.15862164672221835,0.32307259038400377,,0.0
NRG1,56713.88307925931,-0.1296996850369749,0.5171741435209838,-0.364552972174728,0.715445124985036,0.8450454812585767,,0.0
LINC00240,36093.85528235794,2.833172920168911,0.25962882840010465,11.103365365418712,1.2080756667871677e-28,2.256884429188911e-27,2.8158324420254167e-28,1.0
WDPCP,103688.74789421252,2.0539540621864525,0.18827016120652587,11.040945489066939,2.4246821528452803e-28,4.446439183232448e-27,5.651548868407597e-28,1.0
PROX1,29892.04933451535,-0.37281103335587623,0.40990233959977196,-1.1312320041677713,0.257957454845835,0.4562736825429166,0.6012578433509462,0.0
RTCA,181275.22001027246,-0.11006485973132873,0.11988283234873395,-0.9867742532623841,0.32375331927685147,0.5337620372798999,,0.0
PSMD6-AS1,3540.6387742587385,0.022971899932853583,0.3050596440307771,0.08272365830581065,0.9340712727365224,0.9652263327967212,,0.0
TTC28,208601.70864968872,0.03978767666998711,0.19141309702737638,0.1660508352554856,0.868116944688134,0.931265684381347,,0.0
LINC00996,4879.51068417562,2.2713986172350875,0.5841028697153622,4.37934148391879,1.1903847337115492e-05,5.417553879336868e-05,2.7745976877351437e-05,1.0
P4HA3-AS1,357.8441832670396,1.3476021503809654,0.48949406215035446,3.233995301577016,0.001220714637960392,0.004300088004340702,0.0028452918757693618,1.0
SF3B6,205280.73128823913,-1.9505159346858048,0.19534822208795444,-10.25872361770548,1.0812644628137137e-24,1.6544009633480993e-23,2.520255673137759e-24,1.0
BID,143197.89332814494,-0.3191292427993846,0.19530931542871074,-1.7744171902804051,0.07599416848886377,0.1774620376509609,,0.0
NPTXR,124242.72874541697,-0.05539651835570442,0.3638950387785449,-0.2030626635883706,0.8390860538631142,0.9156336111724378,,0.0
FBXL17,147532.16958859534,-0.08554282682361809,0.15905144170501515,-0.5977287924564458,0.5500209104699167,0.7331652328765219,,0.0
HBP1,522187.00753955694,-0.7287129476332047,0.11572756310977186,-6.451010012237177,1.1110715859628446e-10,7.872194702816291e-10,2.5897313414872283e-10,1.0
BNIP3P28,2776.2629132793627,4.402952270022051,0.7928845196646961,5.970659680120175,2.362961828467254e-09,1.5169180952888884e-08,5.5076885983152635e-09,1.0
DRC7,1233.354188936431,0.21169265517001107,0.65080525361816,0.5569343188550372,0.5775723056931721,0.7527908703416626,,0.0
RAB11FIP5,569083.2828774363,1.6763453333098821,0.10563513927384324,15.842886391833058,1.574257078827808e-56,1.046985907892414e-54,3.6693431351369653e-56,1.0
HMGN3P1,3523.2752838123515,-0.4575847238409029,0.2464365111287124,-2.023621998124,0.043009059842512964,0.10934209505323887,0.10024728527778255,0.0
NWD1,11703.207937112109,0.4105230078860743,0.5414048868554003,1.0737424758719405,0.28293811825266557,0.48867566961367587,,0.0
PHF21B,7125.578606991528,-0.2608837173219132,0.47173193959501947,-0.7429144179629817,0.4575334960359524,0.6555977165295768,,0.0
FAM83E,27340.4901164338,-1.6401762262043913,0.6403854763893431,-3.2044319919444586,0.0013532925735973787,0.004723739228204146,0.0031543099799550113,1.0
PRDX3,824403.9540798339,0.1263181898945007,0.13446960469815214,0.8701847528870099,0.38419944692694286,0.5942284779136716,,0.0
CLSTN3,612713.3154494881,0.4024544652826876,0.37057253623969655,1.2480178433338847,0.21202452282709605,0.39878518848474925,,0.0
VSTM5,8684.652357650035,-0.2646908681342787,0.3805082056208038,-0.849831138085892,0.3954189751027649,0.6042588075455644,,0.0
RNU11,937.9484366808381,0.5108582045175588,0.5247094348225446,1.3379792946734803,0.1809031864450621,0.3567991672550295,,0.0
KRT8P46,1833.7118880012954,0.17440354489848087,0.3038974832421294,0.6458661843375332,0.5183660210138445,0.7079982784274526,,0.0
KCNS1,4694.960697105011,0.04345476275295904,0.6163987917174849,0.10997275899227042,0.9124309790263645,0.9523629426352335,1.0,0.0
SEC24B-AS1,5479.517645492553,-0.2250212731446034,0.18972102350432898,-1.2492495735722426,0.21157380532075476,0.39823778903393386,,0.0
MTFR2,12797.725729871025,-0.7571537928868434,0.39034720833805797,-2.28257617808694,0.02245534550791347,0.06155495257821494,0.052339842707230085,0.0
GABBR2,16305.97500236787,0.8057219450138361,0.642498242876501,1.8368202901320174,0.06623642954590274,0.15800445269008265,,0.0
SNRNP35,150214.8782390311,0.24579103062929294,0.15509167418641526,1.5926083704998346,0.11124807456696212,0.24588816863221533,,0.0
PPP1R14D,1060.6716359267914,-0.05877480508393657,0.5080709824098718,-0.1701227845133099,0.864913575247279,0.9291539677438602,,0.0
PIK3IP1,302424.04542515636,0.1456062966551986,0.2385048016463896,0.6790455513315764,0.4971090003331715,0.6901313823143166,,0.0
CA13,35454.01361179452,-0.485857173975044,0.3093150998455234,-1.7758601979097133,0.075755962693076,0.1769886378983902,0.1765751130434874,0.0
MAP1S,149495.63277602973,-2.121295870058061,0.12229919146329019,-17.456933993464137,3.0487475545180546e-68,2.816139407765936e-66,7.106146169128998e-68,1.0
IFI30,495337.9113101998,-0.36322469805147073,0.36353256723044036,-1.1449608412414447,0.2522253789594404,0.4491610818456582,,0.0
SLC16A10,25970.37905252744,1.3020669870737944,0.40500519667539436,3.6004255608194713,0.0003176967760935015,0.0012210780249607908,0.0007405007098852268,1.0
TRPC2,1875.06094886153,-0.490616532857678,0.4240176687335277,-1.442850376650991,0.14906262454109992,0.30775015364693975,,0.0
ECHDC3,202200.57288029237,-1.0321976333254599,0.32198214709012685,-3.6043580721849513,0.00031292539170850827,0.0012081051500325382,0.0007293793709542239,1.0
TOX,16892.66884295585,-0.39464240933501127,0.3071265262527682,-1.4532059116602933,0.14616659129309326,0.3032774365099622,0.34069110157474264,0.0
ZNF625,35063.3717561589,1.1703274986400451,0.21476942904754626,5.684846695707629,1.3093005569639277e-08,7.916110518952814e-08,3.051771578568258e-08,1.0
FSIP1,40202.902035540355,-0.24475900636395692,0.41392981794858963,-0.7473138882587909,0.45487411105894104,0.6533003357218538,,0.0
GPR17,50673.27875720416,1.1884673304321898,0.5868229649118344,2.570538246632706,0.010154061386127745,0.030382998316739764,0.02366750382897439,1.0
TRAPPC9,225695.39078156566,-0.530013344766353,0.23761497735616602,-2.457872109499075,0.013976293569651344,0.04043721132565018,0.032576519778234066,1.0
NIPSNAP3A,135668.15186044824,0.1089288939594116,0.1442306193304622,0.7604504179187258,0.44698539598703146,0.6479524412724582,,0.0
PTPN21,199648.43414465818,0.14395928981291373,0.24580210160605032,0.5518576837512184,0.5810458625557475,0.7553444780891501,,0.0
LRPAP1,608675.9788988796,0.3080444973091489,0.2037020264499658,1.4874990808297996,0.13688304580259206,0.2878468096388403,,0.0
CAMK2D,302771.80254222295,-0.3921550567338522,0.21573462187445008,-2.043105068255986,0.04104203831452019,0.10508528628202982,,0.0
AKT3-IT1,205.07556964498508,-0.467645387012722,0.7587140389766572,-2.6392439813119988,0.00830911571411413,0.02531818520586517,0.019367228589720224,1.0
TSPAN8,25790.306770949006,-2.1459865926789448,0.6061279444510914,-4.09259164064197,4.265785720756461e-05,0.00018217242444463382,9.942868773426743e-05,1.0
LINC01569,12750.79099519291,-0.008315905193428947,0.22653902356743533,-0.05436584961198296,0.9566436866604362,0.9795047911937367,1.0,0.0
PLEK2,36432.74509216702,0.1835570178114296,0.5003460348410992,0.5035419137645827,0.6145833196594424,0.7772108964262217,,0.0
RPL30,4676477.358314769,-0.5018130688698477,0.2585925456338824,-2.047820728225196,0.040577568523371854,0.10406216544708423,0.09457986532456954,0.0
IGFBP6,476965.99545057863,-0.9383967088334384,0.5507341016750513,-2.2923036047965017,0.021888129966051016,0.06028602554978601,0.051017753397505826,0.0
RPS3AP26,1550589.6244902827,-1.4095917991674243,0.16521494975147474,-8.991905071321847,2.4298154125635227e-19,2.8584715277987857e-18,5.663513681246192e-19,1.0
CDKN2B,208316.50003767616,0.1855322578190244,0.25408520435187854,0.7095430215278264,0.4779875638978427,0.6738841064789257,,0.0
ZNF665,14142.925027225738,-1.2954963332412124,0.1695081969301946,-7.8315158286120505,4.820226486262287e-15,4.5622940632782326e-14,1.1235182109101069e-14,1.0
MFAP5,726085.181641808,0.5874463100516418,0.4118073841856535,1.8057089620228794,0.07096381204299888,0.16743968517998034,,0.0
SNX18P3,1357.8747868365808,-0.27678096687838194,0.6029074987114031,-0.7386961716433187,0.460091510987213,0.6575749159897474,,0.0
IPMK,79463.10480124436,-0.13449410879814716,0.2791371610482477,-0.5731608093497697,0.5665358171123652,0.7444458752949775,,0.0
SERPINB6,476177.44772310817,-1.4556803569413306,0.13552234212560363,-10.890770615250517,1.2755632192636258e-27,2.2403201893263962e-26,2.9731352045266197e-27,1.0
RPL23AP63,2157.3049413314084,2.0268397158929483,0.2494380835337054,8.348435096096829,6.917333999588334e-17,7.188262914572211e-16,1.612320653735823e-16,1.0
H1-7,1849.894965294579,1.8606706388771737,0.7307905630409128,1.9850512995927405,0.04713876430109346,0.11863176404331695,,0.0
PPP4R1L,64217.33645258916,-0.5609434529347999,0.28614516706397064,-2.1643623701293024,0.030436549440098676,0.08088306265701237,0.07094276103140758,0.0
FOXA2,557.2399856253826,0.7894456514638405,0.98846899472496,2.361229185224646,0.018214470034998376,0.051185226216660225,0.04245503576381864,1.0
LIPE-AS1,71849.08259384564,-2.133129610337523,0.47092703263990426,-5.0054087315017695,5.574362053437244e-07,2.902392267489037e-06,1.2992952300254659e-06,1.0
B4GALT3,343280.06307487533,-0.1712292824669929,0.21352164859155845,-0.918136482102885,0.3585474173181197,0.5719330085010492,0.8357170642910191,0.0
HSD17B12,893333.1641830157,1.4938218487259038,0.2125955294079274,7.165956594416208,7.724524722894939e-13,6.368583358314043e-12,1.800463986813082e-12,1.0
RABIF,87824.6358299933,-0.4038714778946448,0.2634932906585827,-1.6973609467919757,0.08962844116921007,0.20404685739480594,0.20890965633271955,0.0
CENPF,446051.11882991623,-0.5385657427020832,0.42639898869744,-1.5631684111579676,0.11801298801967068,0.25727656653938696,0.2750695253467838,0.0
KIF2C,97800.73163169462,0.25339573045282815,0.4985315965130886,0.6853240307028099,0.4931394709772544,0.6872131579016926,,0.0
COL11A1,562539.3632620825,0.4098226784767169,0.7003209589669741,0.878399224627767,0.3797271050140577,0.5906076706610913,,0.0
HNRNPA1P59,2114.914133199915,-0.46192545053145145,0.269086459915573,-1.874540814196294,0.06085592209323732,0.14756895449735916,0.14184548570143354,0.0
RPAP2,130626.29283480807,-0.08249343997964173,0.1657021867004603,-0.5561482375357674,0.5781095214411389,0.7532942249081507,,0.0
RHOQ-AS1,5157.296266398238,-0.7820251871415134,0.5080102560972657,-1.9977761846116477,0.045740930383654614,0.1154050383174857,0.10661484147367721,0.0
OPA1-AS1,4661.932665981424,1.018474931324373,0.21706077720550498,4.899167234705047,9.62437015655157e-07,4.849127105139316e-06,2.243287772938282e-06,1.0
KLRG2,12454.498976502538,-1.346239476188512,0.6937091112143622,-2.648314336873224,0.008089426957395684,0.024724302489883374,0.018855169001630687,1.0
MYOZ2,4821.514005429975,-0.06779525248991959,0.5538338217140039,-0.19314829187725008,0.8468428332049787,0.920473317068301,,0.0
RPL21P5,203.32966444368728,-0.6634192945817554,0.6503651567924003,-1.573751237340172,0.1155449713353113,0.2531130070358071,,0.0
METTL8P1,4850.666464104701,2.30871811681868,0.2571599343999911,9.197710164027628,3.6565851558332437e-20,4.437724271848229e-19,8.522919045465523e-20,1.0
MRPS18C,121116.80191964183,-0.026360769337848713,0.09949790519457517,-0.1865554874897175,0.8520091697647099,0.9230138480730379,,0.0
INHBA-AS1,1114.0191000896398,1.8422787023688594,0.5658510736541857,3.7749696657857528,0.00016002713564642959,0.0006360281694058891,0.0003729978283198088,1.0
CDC5L,243412.72372662992,-1.295729295683556,0.1649258285388453,-8.0678125760873,7.156879840021812e-16,7.226420372880324e-15,1.6681549832723739e-15,1.0
SSTR5,238.69739995815038,-0.4401721612663192,0.8049574352453248,-1.0175376837690369,0.3088977149863066,0.5170408732723817,0.7199914964260268,0.0
MCTP2,27010.246813447164,-1.2341194947470397,0.3256465199614096,-4.145995345957937,3.3834069814365126e-05,0.0001464968231198379,7.886184123086602e-05,1.0
ITFG2-AS1,13514.325514192382,0.7568166958509237,0.12936706248183724,5.953915573831097,2.6180189436974252e-09,1.6763387023315475e-08,6.102186210823718e-09,1.0
DYDC2,3043.7337877906584,-0.21575933054060253,0.5351287720942159,-0.594670358638758,0.5520638391173824,0.7345448795350789,,0.0
HMCN2,72425.25684013365,0.8588440038540515,0.5030021677493963,2.165348042013822,0.030361041841878763,0.08072541402307637,,0.0
UFSP2,165436.75861068856,0.06123002483465084,0.08933444691375311,0.8192021144041702,0.41267110876265667,0.6181391863387782,,0.0
MYOZ3,10099.61352485263,0.20983289663001217,0.31184416940257725,0.756796477003724,0.4491718038054672,0.6486468170652651,,0.0
ZNF568,62678.588598441755,0.734830816892713,0.1404915201974202,5.346907518308693,8.946970139783191e-08,5.042653904772718e-07,2.0853965914597458e-07,1.0
STON1-GTF2A1L,33247.790262932576,-1.663629732222854,0.3586332243382592,-5.006174124741663,5.552253480777276e-07,2.8939018142233075e-06,1.2941420729961238e-06,1.0
CXCL12,1281357.3289984867,-0.3658759472588464,0.2977623165558245,-1.2349205966021068,0.21686005717148749,0.4059247085168635,,0.0
KEL,13322.505454001099,2.16776324749864,0.370766147628691,6.162308512587485,7.169200021404078e-10,4.8064475412316586e-09,1.6710266218113806e-09,1.0
GCM1,1094.0407660953508,-1.6901840192994249,0.43952834361132853,-4.2733252085657,1.9257925964137643e-05,8.569003988324582e-05,4.488716575192457e-05,1.0
TDRD1,22474.725693868408,0.46564095241044495,0.5311901849888921,1.2171079181228674,0.22356315845033436,0.4147017606360237,,0.0
LINC02447,3914.749238655316,0.018813942263782156,0.2849204435104594,0.07120166827047318,0.9432372537009238,0.9702758138709441,,0.0
ZNF45,174783.96337950343,1.7287117994633414,0.13995294600681185,12.407205585178335,2.3884400677341105e-35,6.474749487966165e-34,5.567074326101749e-35,1.0
ARSJ,34307.16790158835,0.26816659723972014,0.24416125400923375,1.192974642094621,0.23287930433342974,0.42440700402453324,,0.0
ARC,12412.528039370989,-0.5130216221849465,0.40254050379131273,-1.5443990673787016,0.12249168584701747,0.2649559969665755,0.2855086584135155,0.0
LY6K,52118.81661564696,0.34274362834214184,0.44083623346584905,0.9862638998806182,0.3240036297635399,0.5337891034721574,,0.0
PCDHA6,90741.87108771954,-0.09279616917868529,0.3532403850040422,-0.3366701228159272,0.7363655883594844,0.857174225142849,,0.0
ZNF780B,121629.71242614223,0.7076321294168475,0.19587760782586652,3.7152499637421412,0.00020300291580341857,0.0007979342348522078,0.00047316754393806156,1.0
RAET1E,6122.43955886709,-0.33477720764904195,0.3249842567002777,-1.1854779918006955,0.2358285112555233,0.42884163840413786,,0.0
DTX1,114125.2235392188,-0.10952883821578947,0.39158979106574043,-0.3487582349312109,0.7272708206635812,0.8529571722242988,,0.0
C6orf62,749122.434896382,-0.8061990515673226,0.21448814998410645,-4.043363194399367,5.26899051661112e-05,0.0002225378890504341,0.00012281179764886107,1.0
LINC00668,31733.83841329348,0.6314386047905304,1.040287115980984,1.5586140749526924,0.11908774969937598,0.25927965757332494,,0.0
HMGN1,2173706.814730472,2.280351490402319,0.20761045613758825,11.06059394826854,1.9480323722910853e-28,3.598809434439975e-27,4.540553959340155e-28,1.0
USP2,37812.64934020456,-0.12306016149273671,0.33128967409212207,-0.4425801241890768,0.65806946378038,0.8057070410742602,,0.0
MYO9B,1184486.3351447568,1.320562116384819,0.16084156040709083,8.406451110180035,4.226033689234986e-17,4.4284571516605273e-16,9.850213103693509e-17,1.0
RPL12P12,28933.229596572208,0.5670349109810481,0.3025219174966681,2.0726596948439213,0.03820396127770421,0.09878764067039325,,0.0
AVL9,482304.34577524196,0.892532964864768,0.1879326912045127,5.009119247693994,5.46796873487725e-07,2.8589337578163236e-06,1.2744966378302674e-06,1.0
RPS4XP8,12773.23315073232,1.76937409599768,0.2146882018297504,8.416442338595331,3.8808989509784034e-17,4.075352414206374e-16,9.04575886330854e-17,1.0
NPFF,34095.338977557636,2.3279518579751572,0.3311689393825236,7.3042268223611755,2.788656109970817e-13,2.369645089699222e-12,6.499914334829175e-13,1.0
EI24,667140.316614856,0.22288074134741323,0.1774072204333886,1.230332749192321,0.21857252548109785,0.4075662643363424,,0.0
NIBAN3,3540.4008048320566,-0.5059514740787778,0.35385680534465963,-1.664276867269776,0.09605711304265041,0.2169985868916396,0.2238938690919347,0.0
TRAV1-1,95.05811596896854,-0.9186760974074073,0.8977411940773037,-1.9084382000018356,0.056334603537795465,0.13876395182544385,,0.0
HSPD1P7,1517.2131879720796,1.2996698522691406,0.703544261040391,2.5392793570938523,0.011108108692114437,0.032941287845580744,,0.0
HLX,94058.639120966,-0.6743681856792825,0.41766114622267536,-1.9789801216570237,0.04781824438959804,0.12022046522949345,0.11145673038098833,0.0
SNORA31,8560.211773079325,0.08926661810980722,0.23090735045871288,0.41019371367350915,0.6816638519419971,0.8212896844170728,,0.0
EZH1,485669.0541767627,-0.1669686311488159,0.23064422982812952,-0.8721045091836255,0.3831513664484796,0.5930087118207084,,0.0
RPL19P16,5423.469012515556,0.059196908067997586,0.22940296613031472,0.2729102412525358,0.78492221387523,0.8839900661119094,,0.0
SOCAR,2074.787403764588,0.16458767104201905,0.29221242126631625,0.6247112799182262,0.5321605685161861,0.7193541777123946,,0.0
ANXA2,2737107.5315326946,-0.10648894361225787,0.20203262571212804,-0.6796072919163099,0.49675315129279196,0.6900040987603582,,0.0
MKRN2,699749.9205546125,2.675789432164448,0.10326147052663931,25.71022134046875,8.984454100696086e-146,6.402065293467439e-143,2.0941335072089755e-145,1.0
ZSCAN25,74042.56153182135,-1.0014499107577077,0.09009561455257266,-11.164003629691011,6.117323478094102e-29,1.1646263171272283e-27,1.4258509116230552e-28,1.0
LRRN3,16134.59876343282,0.3453105258989242,0.3342234659330162,1.1802468860721949,0.2379020361441857,0.43151103864989027,,0.0
CALCOCO1,1823116.570785833,1.2392447648489198,0.2567935929055815,5.0980063388845736,3.432493277862818e-07,1.8469553905048257e-06,8.000596481298942e-07,1.0
VTI1BP1,12572.594424983596,1.4934366108685742,0.20801920435060753,7.364060135983112,1.7839926564383992e-13,1.5395424516115459e-12,4.1582034440723063e-13,1.0
LINC01198,5176.139001282076,0.5771070587833079,0.7640327484807758,1.3705821040877122,0.17050526483232942,0.34032823568773873,,0.0
ZNF609,417263.3068932545,0.13126201987919614,0.16480680137132897,0.7164115220954557,0.47373728242236224,0.6705706340237507,,0.0
DUSP5,329235.44471576996,-0.22049341141776788,0.31554264660039644,-0.846665350554378,0.39718167706563545,0.6056686656078843,,0.0
METTL1,281101.60251060297,2.1446301680868594,0.196978446991768,11.055984696369675,2.0507396328119143e-28,3.774571693160822e-27,4.779948265638238e-28,1.0
FRAS1,56004.355370024066,0.11445751614056011,0.33331065808057087,0.3957690567253301,0.6922754060492033,0.8284716231702078,,0.0
PITPNM3,42431.90945347915,0.16103877689125182,0.26413133230200314,0.6529083130007794,0.5138153893777376,0.7039030931656566,,0.0
ARPC3P2,1164.2819899490644,0.22778779904610613,0.2779954752962572,0.9058247822991201,0.36502860165387574,0.5772768480010693,0.8508236752567907,0.0
KBTBD8,7733.125196586628,0.13025473730281592,0.23911272572315406,0.5867951589953166,0.5573412884749209,0.7377968011976925,,0.0
LINC02580,1768.681878372808,-1.1129601200609476,0.5534554764646978,-2.565360664216999,0.010306860825008504,0.03078480347014516,0.024023655044459073,1.0
PCYT1A,647850.6207367794,0.6617845780204097,0.10273002155365071,6.662167194303612,2.6981881643701927e-11,2.014754874832114e-10,6.289047927046038e-11,1.0
NACAP2,1946.9150487777915,0.5363453089020498,0.32928051950383197,1.8459628751919777,0.06489759610525203,0.15570428541269704,,0.0
POLD2,323080.204273145,-2.5182473996546304,0.22657019202136963,-11.407310827489193,3.844310814533154e-30,7.700972828470431e-29,8.96047773032307e-30,1.0
AGFG1,527064.54431731,-0.08879982145262634,0.19854539462470275,-0.5172220969663378,0.6050011284900105,0.7718767663247172,,0.0
MSC-AS1,47128.6103190146,0.13293537776477232,0.2356202696904467,0.5964105110757073,0.550901020293491,0.7337501439850288,1.0,0.0
RBM45,64399.78727053341,0.08493541430311305,0.07872380298101243,1.0871748034490163,0.27695956398781596,0.4806601735903089,,0.0
SIN3A,523788.16286024626,0.16081451704034716,0.08709547924624535,1.942318017676747,0.05209861312969419,0.12948075849073973,,0.0
EDDM13,1545.215479850854,-1.5333269041707043,0.3758544382783644,-4.452767836314401,8.477039790587097e-06,3.944353962261982e-05,1.9758632932452542e-05,1.0
LINC02427,776.8982231631593,-0.21297679073140463,0.44401241549109133,-0.6274126980115593,0.5303887463130158,0.7177371314729579,,0.0
LINC01010,2329.060710036948,0.5572047548023862,0.5734800565057856,1.3987701887590787,0.1618819086316734,0.32743996766211964,,0.0
C2orf69,106181.45319669417,-0.0495822323845287,0.1655010035736004,-0.34085848210317815,0.733210121520524,0.8558979841199096,,0.0
FUCA2,309821.638596615,-0.44597661651712805,0.24653228321144594,-1.9627971243350073,0.049669752093688326,0.12431145180296907,0.11577230067444737,0.0
HAPLN1,29014.48719523566,-0.23034862814721271,0.6390854127554715,-0.6172180262870367,0.5370909272931097,0.7231879795436884,,0.0
VCAN-AS1,125982.47622985925,0.463707733078337,0.3193875970321541,1.601694356353265,0.10922321377476518,0.24245900770295004,,0.0
PPIAP51,312.54108832569125,0.03388274932213554,0.36753220797117014,0.10743575742930866,0.9144432883325874,0.9533623963895755,,0.0
P2RX3,192.24048635042564,0.6150494478046806,0.8438199675576139,1.4509426512071806,0.14679583004315147,0.3043298421675975,,0.0
MEI4,1524.592149809771,0.16983666522676913,0.5341672603447585,0.459366099503489,0.6459712882819241,0.7981433703121716,,0.0
GPM6A,21332.165024049977,0.22715101658972503,0.5268858693773806,0.6112939124708431,0.5410050203644923,0.7263884364947745,,0.0
RGS1,224674.66855779887,-0.8166324021445375,0.46023555266369454,-2.2139305783481604,0.026833554852602703,0.072388194486091,0.06254475308634685,0.0
CPQ,230249.9433064037,-0.9918892049960571,0.2558246178636271,-4.229843671815761,2.3385376464738585e-05,0.00010304439735522621,5.4507597105661714e-05,1.0
BRCA2,40848.63937410514,-0.035547251096489776,0.28218793106621237,-0.1545964714538586,0.8771394519251368,0.9360658079166841,,0.0
RN7SL610P,177.54834448663044,1.540072144550762,0.7526220345334338,1.7188321312710078,0.08564494301370149,0.19614186214524473,0.19962475502445934,0.0
VIT,319088.92115901964,2.2735670069827134,0.4735845454102515,5.165554816819327,2.3972675600491573e-07,1.3054116364110478e-06,5.587649808189344e-07,1.0
PPWD1,150350.9883383834,-0.1416125332863567,0.13231599847396552,-1.1636537212246034,0.2445643711794523,0.4392823490972661,,0.0
PPIAP3,384.4570690098665,-0.10404142144661173,0.5422581731427727,-0.29104176759346967,0.7710193755559935,0.8768455643577966,,0.0
UFC1,580377.1084558048,0.11256634587041674,0.19340402281309124,0.5239024444801552,0.6003463945090288,0.768813303160728,1.0,0.0
NPFFR2,1816.1323480030865,-0.3760564926608622,0.5922185811322955,-0.980617003551591,0.32678164607121674,0.5370632127193506,,0.0
ZNF814,159235.97718680464,-1.2317739486289145,0.24133147584294135,-5.460067298950622,4.759541311806329e-08,2.735091251531102e-07,1.1093734609014004e-07,1.0
SLC39A13,1398432.764348756,2.9329991621661122,0.1741582820921369,16.90506139960133,4.128945229623518e-64,3.4907082720952724e-62,9.623915329608462e-64,1.0
THSD7A,66182.29988036057,-0.5991137508954485,0.3159938315084867,-2.1350490081376168,0.03275700717719297,0.08613176162353113,,0.0
DPPA3P3,86.04494163398093,0.1510540539403389,0.7790423772238644,0.42800475941700183,0.668647655291009,0.8116852043298985,,0.0
PLA2G4C-AS1,4867.196302220575,-2.2188393305849528,0.25244171153898565,-9.011298521385443,2.0363090850768601e-19,2.406898037052933e-18,4.746312951571672e-19,1.0
ZNF793-AS1,8853.700416001786,0.5862339743793631,0.33132160041149067,2.001574972650014,0.045330462947650536,0.11460129203389806,,0.0
RIDA,108861.53903079886,-0.21302620687895982,0.26360949085761975,-0.9054632685329074,0.3652200107912723,0.5772768480010693,0.8512698195452646,0.0
RPS15AP1,379785.44108331564,1.2661979101178997,0.19746234885583272,6.649271401595102,2.9454742976826177e-11,2.1863133626251334e-10,6.865432615346213e-11,1.0
KLHL5,198986.44351736474,-0.0916988318948196,0.18990598147416737,-0.6170344268734089,0.537212018318793,0.7231879795436884,,0.0
MCPH1,118774.5481941603,-0.08232290916727313,0.11090765809374264,-0.7231563208188306,0.4695838506092054,0.666937427915352,,0.0
PLOD3,1038348.6853044775,1.3884631769891769,0.2641228798984263,5.550821914353719,2.843296172484646e-08,1.6665524451649138e-07,6.627271639417483e-08,1.0
RFC1,368880.7740963082,0.023187061340343627,0.11653076334024644,0.18721200586578635,0.851494411939912,0.9229497937998073,,0.0
TMEM204,325421.3700951474,0.49513903266719195,0.36502572646762727,1.6218107262484642,0.10484388105613529,0.2339871493100684,,0.0
PEX3,56029.58603427086,-1.2666993584090371,0.1558630856675789,-8.32250170374147,8.612588416285019e-17,8.931307904455234e-16,2.0074575243191436e-16,1.0
PCDHB10,29365.901549415332,0.07172684868571604,0.21214302470754698,0.3411765545588986,0.7329706722992282,0.8558187531433873,,0.0
ITGA9,157842.33381320312,0.36736310184818255,0.26921116107981147,1.4402074152071422,0.1498087259357161,0.30883582293245276,,0.0
L3MBTL2-AS1,27887.851195979376,-0.03534244156009067,0.09751512228081737,-0.3422497285016549,0.7321629643794638,0.8556680992091428,,0.0
MIR573,724.9024629922112,0.2923278793562695,0.3718294900334931,0.9396539547358663,0.3473950908995269,0.5587896528238763,,0.0
LINC01424,554.1595641754268,-1.5857131348686364,0.2636547678324104,-6.273457341865313,3.531177063593191e-10,2.4194383507146753e-09,8.230612707104129e-10,1.0
RNF25,124960.72820583223,-0.03607137563595544,0.1380377065046847,-0.3164978786170996,0.7516246350999818,0.8668447814748461,,0.0
SHTN1,297912.5547167739,0.20740555221513954,0.31959886325609144,0.6757935554113415,0.49917172697558554,0.6916301594872836,,0.0
DPH3P1,2090.587276236451,-0.22484292748806237,0.19814272355897494,-1.19974181154096,0.2302396291741423,0.42213295640154197,0.5366519954769261,0.0
DRG1,304231.6293551414,0.05050216056732279,0.12598392131265074,0.3175938847557752,0.7507930134204878,0.8661264647934467,,0.0
GPIHBP1,227783.7608208417,-0.39799390982131994,0.49888345358926633,-1.081654522016868,0.27940606815108116,0.48408387215616283,,0.0
RPL23A,498025.8140169127,-0.9678936065135586,0.1365728851016191,-7.272760342310546,3.5221488279685164e-13,2.9676483705923916e-12,8.209569324255589e-13,1.0
ZNF200,47259.395975392064,-0.7544330727045137,0.15354709341512343,-5.11158712588353,3.19463426896166e-07,1.7245493218160998e-06,7.446184922234e-07,1.0
PRDM8,38850.56826502313,-0.46636313670792034,0.3284318092445107,-1.6380088538039705,0.10141984684934041,0.22736278475708316,,0.0
SNORA31B,731.4969692220808,-0.24845971890487226,0.37945711498006346,-0.7960520869589477,0.4260017612447953,0.629879734793675,,0.0
FGD4,148941.95158077576,-1.6711906607397864,0.26300458702657065,-6.753464384369186,1.4435595368203432e-11,1.0993091556732629e-10,3.364707929747604e-11,1.0
TUBB2BP1,37044.03072747584,1.8558868795395902,0.41421491427287216,4.843508119967502,1.2756650549713878e-06,6.35031666087553e-06,2.9733725673819076e-06,1.0
SH3TC2,14495.926863050752,-0.1568146198098336,0.35032101789279835,-0.5316669253242655,0.5949567032970644,0.7670851642160659,,0.0
CALHM3,310.40238479555563,-0.31536547206038607,0.5876508181235623,-0.834617596844191,0.40393305119032674,0.6107359985866474,,0.0
ICMT,513358.76897011057,-0.18106300254958954,0.16957236330267145,-1.2704117293998693,0.2039380073178415,0.3879644471782584,,0.0
RING1,581723.2705814049,1.701664280132648,0.14049265246584267,12.111610834095243,9.16758737970399e-34,2.3212145101504316e-32,2.1368189649515653e-33,1.0
RPL7P11,187.34964625807174,-0.35829380378344705,0.5589792402675063,-0.9480218715194005,0.34311831988768915,0.5547728296919914,,0.0
MYH8,922.5752161105496,-0.16727662116325814,0.4161630507203393,-0.5110732020786705,0.6092997997183773,0.7733237399779284,,0.0
ANP32AP1,12503.174719142417,-0.15412469519856153,0.13540488209156185,-1.2103831773647467,0.22613189403483258,0.41698975074388,,0.0
LINC01229,1039.1318792703562,-0.22779554564290702,0.39863391133676634,-0.7096541675562149,0.4779186203189987,0.6738841064789257,,0.0
HNRNPA1P6,408.99835902509864,-0.3615877309853245,0.37118517408856777,-1.1653577997270153,0.2438741917315752,0.4383583669755305,,0.0
DRAIC,15584.448675893096,-0.24789527173390488,0.5544043159863306,-0.671595626421721,0.5018411633419655,0.6936559448532483,,0.0
PPA2,288561.12508844526,-0.002056379307053057,0.12952577082328856,-0.10290357443840421,0.9180395007722081,0.9549647451785886,,0.0
RBM5-AS1,55381.14940772706,0.27142502963235604,0.26752828606008583,1.1048911572617819,0.26920675451843756,0.47049870060895815,,0.0
HS6ST3,65987.75860730224,-0.24954317579627575,0.565369164579664,-0.6755548654444794,0.4993233058824563,0.6916480560237968,,0.0
LINC02390,179.31092175755802,-1.2207478479484402,0.8393497283439101,-2.303829613995176,0.021232210048843903,0.05860888971977497,0.04948890828207168,1.0
IMPDH1P11,3633.416606019583,1.4138332800613362,0.5290588051756798,3.1876811937893157,0.0014341856865597922,0.004971320181634706,0.003342858974093572,1.0
TGIF2-RAB5IF,263561.69237477035,-0.25005553327164476,0.2737918978855486,-1.0033497690590918,0.3156921309075057,0.5243655348543378,0.7358282004517002,0.0
MAP3K14-AS1,40277.61141209023,-0.11946544289584933,0.1529248403175866,-0.8559391707061162,0.3920314269252856,0.6009381553482865,,0.0
PCDHGB5,632464.6943293499,0.04154929019832136,0.2250962503648115,0.17957417782069,0.8574868782232083,0.925994217017847,,0.0
ERG,431774.71921617456,1.7212384387715784,0.33973331167042076,5.346177187781304,8.983127277193624e-08,5.057318155602911e-07,2.093824245730925e-07,1.0
ITPR3,2971944.642531322,2.8210990801008973,0.1789218922155532,15.786175904448672,3.8736262808101587e-56,2.4771343447027016e-54,9.028807424617323e-56,1.0
LINC00426,4215.682462171409,0.09705617129422155,0.2762051462847418,0.38509999667566064,0.70016333047456,0.8335118597630323,,0.0
TRIM6-TRIM34,57850.62151710346,0.08503187826068237,0.18251887497579028,0.4627715850725631,0.6435281007254345,0.7965057484909348,,0.0
PCDHGA1,619738.5686828006,0.22653555953791088,0.2222625931575533,1.0640414207052409,0.28730993593110377,0.4924749004894658,,0.0
HEATR4,11297.53293983875,0.1752446043842862,0.16578754379135124,1.086982584010099,0.2770445066303404,0.4806601735903089,,0.0
MFSD9,66264.48817101326,0.08478057646039654,0.1493041229354948,0.5627933030676667,0.5735756410744347,0.7497367132283229,,0.0
C17orf100,13463.3719587415,0.14137810524723124,0.18754253604349408,0.7966087887553627,0.42567827154239823,0.6296806697667504,,0.0
BASP1,96374.61175351974,-3.1285341453126074,0.4055000848308026,-7.9986573733607536,1.2578318594623892e-15,1.2623873873236211e-14,2.9318062219618676e-15,1.0
RPPH1,467929.8257216633,-0.31445109145405153,0.7152633870229904,-0.8685407779126421,0.38509835894571165,0.5952496481007777,,0.0
NPRL2,142796.01178140732,0.3936284015327586,0.13425522710482857,2.8942101924983317,0.0038011361628987796,0.012335762641860192,0.008859844476887436,1.0
ZNF154,25898.3804231905,-1.6643883318765353,0.2770773086364804,-6.320659906781866,2.604486608083842e-10,1.7943617681108018e-09,6.070644486505703e-10,1.0
G3BP2,1974883.3708275096,2.0391420418381827,0.23165165835857507,9.031083465659531,1.6998037934864395e-19,2.023537308331828e-18,3.961972580331944e-19,1.0
AKR1C5P,304.60293093769303,1.0677123882451118,0.8068132967122468,2.1175876031897705,0.03421000898080886,0.0896686940600497,,0.0
H2AZ2,394901.02063096233,-1.6747285752404109,0.15930209495561487,-10.757521175178969,5.4619618138800226e-27,9.204143759335659e-26,1.2730965199828764e-26,1.0
ALG3P1,116.29981941056045,-0.3391152220827267,0.7272684202813668,-0.9076367893018131,0.3640701504855256,0.5766852685366154,,0.0
ACCS,645234.7481069602,2.3357449740619454,0.31001682001885605,7.802345574039077,6.07669678788375e-15,5.718974259993234e-14,1.4163814756058012e-14,1.0
CACNA1B,7458.449985014102,0.19921057014058077,0.5512145083752451,0.5301084337085636,0.5960367520168504,0.7671890049931783,,0.0
NUCB2,639445.3930706428,-0.04139883593373018,0.31000932666228176,-0.2082046655762918,0.8350691658140096,0.9143244128459069,,0.0
CREG2,1529.6991222993656,-0.9219764774987503,0.5586291498045859,-2.186762916702131,0.028759835910255875,0.07691906783933314,,0.0
RPL34P31,18691.306835420262,-1.7614921954784646,0.31857657768763875,-5.84384339569191,5.1009985269308865e-09,3.184453147976378e-08,1.18896171272576e-08,1.0
MYRF,41898.15360503421,1.9305045333983768,0.31708811456295655,6.372913209763579,1.8547085577983664e-10,1.2938861938878673e-09,4.323030974905725e-10,1.0
LINC00244,372.1869342197148,1.574455500195698,0.7318325064606075,2.8508040068414644,0.004360884060285968,0.013988482117496082,0.01016452789378804,1.0
SMAD9,62651.10248127112,0.31642379412461186,0.25050757269769963,1.3626688229763524,0.17298690781464077,0.34408358272345857,,0.0
GAS2L3,37003.179979745575,0.3664232660310948,0.294018361410872,1.3765129713604674,0.16866287420614845,0.3374082844828923,,0.0
GPR85,4871.048549114811,-1.2934113051929517,0.17347605372627886,-7.654445769419283,1.9414772158848255e-14,1.7834416856046978e-13,4.525274931230612e-14,1.0
CYP1B1-AS1,23818.94708217969,-1.200470198354846,0.34284209437312235,-3.880976834350653,0.00010403775152099922,0.00042536090539897054,0.000242495469433058,1.0
CYP26B1,129648.44716621,-0.18238284135350388,0.47294158788781343,-0.5330896093733475,0.5939715514201743,0.7667355343167754,,0.0
DEAF1,180983.05847149628,-0.0235450182259194,0.2240340998216341,-0.11532067623302754,0.9081909504300931,0.9500957342167164,,0.0
RAPGEF1,550198.6006651573,0.001977720047025201,0.11561570774331291,-0.09118374369238834,0.9273465917919144,0.9606160167198137,,0.0
SLC24A5,32091.136076089497,-0.027584919702547252,0.20448539753059786,-0.1650069107935687,0.8689385425947117,0.9317244800864621,,0.0
NAPB,135400.47403461798,0.5736058253351546,0.1862191490858339,3.163746261954453,0.0015575252102352478,0.005357886723209252,0.00363034380778197,1.0
SLC8A3,1883.1925100322703,0.18822856481432076,0.38535374114116727,0.5917079611548066,0.5540461645608181,0.7355073514821289,,0.0
RSL1D1,971854.6484788092,-0.4738165993596648,0.16761737537680604,-3.0831263898756127,0.0020483813731067124,0.006941118402891496,0.004774451536942188,1.0
SH3TC2-DT,358.5336951140401,-0.20497220372504144,0.6984134165702877,-0.5712383038190803,0.5678381167799165,0.7454234870905844,,0.0
EFNA5,121967.32975233714,-0.041511258214037366,0.2974752518735214,-0.11400261021171441,0.9092357242864268,0.9505061367851801,,0.0
ERICH6,917.1479340310605,-0.562178335190323,0.23930890447984018,-2.520410134137539,0.011721816540031292,0.034453989924381895,,0.0
RBM38-AS1,10773.554240302961,-0.3391054549602259,0.21598029823637116,-1.6725585339341433,0.09441423572141645,0.21357741849361692,0.2200645830740305,0.0
ZNF134,205737.1284635119,1.3201327968947272,0.1862791026396136,7.318667304999952,2.5044564365041154e-13,2.1354237103047054e-12,5.837490049197443e-13,1.0
SNORA20,924.2326476062304,0.00928021609883831,0.40088009808616715,0.024550333144663997,0.9804136357529138,0.9913563380817733,,0.0
CECR2,51347.2057424014,0.21226107374215747,0.35773746108329485,0.7016813262399377,0.4828779211229458,0.6775118560844248,,0.0
MYOSLID,2805.9831301994445,0.28806307704858747,0.2945899078259359,1.0945321091990738,0.2737216728213071,0.476552776276677,,0.0
SNHG21,17382.740788225336,-0.17358587247689397,0.2034116845609335,-0.9274826374182967,0.35367600242249464,0.5657908595520857,,0.0
TAPT1,207037.8643854081,0.06173110564202494,0.1677327304731684,0.34452502694011805,0.7304514779720623,0.8548784542760786,,0.0
PRKCG,1325.4015539416846,1.5167988821858729,0.5718088298558588,3.2066982050045674,0.0013426777413265388,0.004693256183417502,0.0031295684924003623,1.0
TRAPPC12,556617.8459294973,2.0025166230645906,0.11294004404212615,17.911190018913672,9.645124557742715e-72,1.0458669846526231e-69,2.248125294113115e-71,1.0
HSPA8P8,13809.297244909558,-1.6423978412385514,0.24408718148568073,-6.9866366835339235,2.815540983079508e-12,2.2151290888959916e-11,6.562578702617096e-12,1.0
SLFNL1-AS1,24747.97797054681,-0.06810656985683225,0.1417714920166293,-0.5572751426009764,0.5773394564374367,0.7527908703416626,,0.0
TSPYL5,215945.48335269437,-0.7941690412012016,0.4376618681725443,-2.2202108452297833,0.026404458467742413,0.07134639156939283,0.061544597587429514,0.0
KLF3,364495.4788372923,0.11141369601509757,0.13653845987425323,0.7794451705300128,0.4357175240384179,0.6384375698070378,,0.0
MKKS,281691.66061039,0.8484139843900314,0.1401121762709103,6.14697614716145,7.897399967773034e-10,5.273391036044431e-09,1.8407584597781259e-09,1.0
MTMR4,472796.9680386237,0.8252161252887001,0.17819411633778862,4.823334861068149,1.411776583368414e-06,6.999941946164661e-06,3.2906269148792756e-06,1.0
PCSK1,159168.52997729718,-0.21725653716235122,0.6014217418634769,-0.5894999130734268,0.555525970436314,0.7367624409828063,,0.0
PTPRN,9132.963349819234,-0.10802275559055728,0.4871421596003927,-0.31119921260843797,0.755649181586494,0.8699464509616881,,0.0
ZFHX2-AS1,299963.28240526305,0.9267123892067177,0.2447910969538006,3.9884449341764907,6.650783640457321e-05,0.00027760760500921436,0.00015501919999346314,1.0
MORN5,590.6344323203821,-0.5059113786305508,0.6224896404780599,-1.2657128351075981,0.20561591141764757,0.39011493577452494,,0.0
SCN3A,18686.23240280394,-0.7295652336636237,0.47576458064790134,-1.9745063176558693,0.04832419979133053,0.12136582269219126,,0.0
KCNH2,54748.52000828306,1.2172856352203056,0.4851990954117606,2.9588884677831375,0.0030875082373787565,0.010165340652175075,0.007196491162637961,1.0
FNDC4,378825.044305858,2.3798029887667522,0.3549630887370438,6.9612098982056185,3.3736267999698416e-12,2.6417033717817223e-11,7.863388073948398e-12,1.0
IL22RA2,2190.8361806502385,-0.38242686130142306,0.6744237651738724,-0.9921544739327883,0.32112217681292876,0.5302076855156864,,0.0
PKMP3,3585.3192286360254,-0.392333956237436,0.33159298319686953,-1.3571562618369153,0.17473156484663355,0.3469590149104332,,0.0
SOCS5,510170.7757384941,2.0169246048449176,0.16076319212200937,12.694242044935578,6.364310155304801e-37,1.8784129618142217e-35,1.4834195819934741e-36,1.0
ZNF529-AS1,13165.825059888472,-0.7190265135624365,0.15036921616061236,-4.9117981457536875,9.024493258639298e-07,4.5607064208807315e-06,2.1034659987893843e-06,1.0
FCER1A,8350.945029296014,-0.28245878461982943,0.36063830919390055,-0.9369516786998259,0.34878341441780136,0.5604805641481937,0.8129587248205575,0.0
OR7E26P,458.96573169080676,0.03633801361036556,0.7602747050506733,0.09676388125088767,0.9229139078753928,0.9572664945898232,,0.0
CD302,390684.7098116465,0.1714383480705156,0.23904121183007473,0.7000884133654824,0.48387209131252007,0.6781048640206392,,0.0
H3-5,263348.688792542,1.5675899342548623,0.30769898305043614,5.3454554775302014,9.018996596822636e-08,5.071787488720553e-07,2.1021848142500612e-07,1.0
MYCT1,131713.03242664487,0.07467768753821631,0.38947997015824615,0.22408570935082717,0.8226906120361055,0.9071974283676871,,0.0
KBTBD13,373.54491387579156,0.7008586040818291,0.8753599327504569,1.5920840797344147,0.11136581374717468,0.24588816863221533,,0.0
VIRMA,625593.588805638,-0.28677466073776287,0.25897027075258017,-1.1452061632703314,0.2521237658775459,0.4491457726662367,0.5876604412136444,0.0
IYD,17270.519348954538,-0.280684989979831,0.6572491848162729,-0.7514598772890222,0.4523759388415006,0.6512124626093521,,0.0
PLAUR,507562.26578045264,2.6708068755345735,0.45993659840957224,6.16069600983174,7.242590631766637e-10,4.842632985422518e-09,1.6881328070678496e-09,1.0
KLHDC8B,257425.40076842654,-0.35451599783987864,0.2814192422548882,-1.3952615511507382,0.16293698197199014,0.32904035063817283,,0.0
CLCA4,5575.286859243749,-0.6162828716237233,0.5897753270668878,-1.5235347155033856,0.12762498225509972,0.2732831264056862,,0.0
BTG2,858365.8556816075,-0.9006043867687529,0.32764203341043124,-3.105771610099364,0.0018978323683269999,0.006452888788830999,0.004423545725801436,1.0
C3orf52,48768.65214820283,-0.7343798563890734,0.36643296078735366,-2.352063914448895,0.018669566683115625,0.052375589772430106,0.043515793745505016,1.0
FAM168A,830148.3327482047,1.0704727202106337,0.20712337295445502,5.4680741081838145,4.549516751557692e-08,2.620437593160481e-07,1.0604200727462508e-07,1.0
HERC1,545070.6009815503,-0.04288174257828576,0.13196741328126335,-0.41477599475908,0.6783058942090552,0.8192227119406216,,0.0
SPATA1,56823.65192333127,0.05119121889209884,0.14658850888818092,0.4166758103508719,0.6769155500201025,0.8185344881212778,,0.0
CELA2A,4031.9390804135173,0.19902169120106064,0.7360851180060621,0.5412107194455916,0.5883623497989676,0.7620751495188913,,0.0
MX1,376962.5773007069,-1.924817177244186,0.36448794448239263,-5.688240815425795,1.2835473559489097e-08,7.769823072176167e-08,2.9917449586323184e-08,1.0
NR2E3,4270.567708829799,0.04436467141596717,0.3667785779273303,0.1381264212555261,0.8901405047729911,0.942406160120435,,0.0
RPL4,5167162.685537895,0.10020269986127615,0.11386847203453183,0.5492031637695884,0.5828660334770159,0.7569215764080592,,0.0
AGPAT3,980947.6477212455,1.476497920265321,0.21053371974994478,7.160498284484682,8.038433631048666e-13,6.616453292354909e-12,1.8736311659659225e-12,1.0
RNF183,11218.700223967833,0.5159442369864723,0.46328858508912996,1.4274220026798108,0.15345829247266948,0.31474093867338626,,0.0
ARMC8P1,213.44076334800735,-0.3880425401426968,0.6548578857191747,-0.9994542864168826,0.3175746733447681,0.5264414990507488,,0.0
SMYD2,202030.7639175725,-0.538837989917097,0.22275816724983546,-2.4975707199791835,0.012504751995939834,0.03651856144950111,0.02914659016623733,1.0
RFPL1,1709.861010814404,0.24998830154714796,0.4104527567490481,0.7563768297623934,0.4494232958655886,0.6486468170652651,,0.0
SPECC1L,415648.2927651442,-0.1632227043119667,0.13410852636125548,-1.3177173196978904,0.18759829446954146,0.3665257707849874,,0.0
CYP19A1,19792.782270289114,-0.07121601576914409,0.47402014189907193,-0.21038092689952376,0.8333703776765087,0.913192320705278,,0.0
SNORA26,1320.1587538663941,-0.32705841524935986,0.2864529991833061,-1.2823245118639428,0.19972883277488107,0.38283757998502943,,0.0
RPS12P21,274.19967886650056,0.5767037122010712,0.6052592328758172,1.4203551250426718,0.1555043201829577,0.3182829499682368,,0.0
SEPTIN10P1,17674.740215650545,-0.27269522504800603,0.18108802939266247,-1.5706414849008072,0.1162659481228533,0.25424574714458237,0.27099745291438887,0.0
DCLRE1A,77499.65149714619,0.48517966557542347,0.24085467831216711,2.1564327577979414,0.0310498890929186,0.08229375493914877,,0.0
ADAM21,1957.5856026769688,0.07514471109932855,0.3554957574941535,0.243905630016021,0.80730390872369,0.898794982157852,,0.0
INSL3,3049.8905259540506,1.2406029433134356,0.4083337376704539,3.4325028131570834,0.0005980376775808335,0.0022195029284026767,0.0013939308111089708,1.0
LRRC56,39670.893489733324,-0.03475102842238501,0.28738138948888836,-0.14849169825387185,0.8819547371601747,0.9387237316572015,,0.0
NOS1AP,34168.9251714159,-0.3842120027545264,0.2834968506915065,-1.5012756726910323,0.13328427445995997,0.28218249618263175,0.31066446775994405,0.0
BDNF-AS,33770.737013996484,1.4749446004952997,0.18948303721233228,7.948575666844498,1.8866808850363195e-15,1.8672151298732463e-14,4.397553389981851e-15,1.0
RSPH9,342937.0628623495,2.2104957669690357,0.21864291857743992,10.251914375291063,1.1602250734388675e-24,1.7697867481079728e-23,2.704300311361248e-24,1.0
NTN1,141198.63689598095,0.6082749545355813,0.359347237257305,1.9108536413419281,0.056023392015025035,0.13820211640501726,,0.0
WNK1,1073535.8360813917,-0.8689706546944278,0.19637671434043305,-4.534532671780205,5.7731165557783045e-06,2.7269228579755858e-05,1.3456217467393544e-05,1.0
UCK2,216337.1186592116,-0.3419973136743044,0.28268067209521824,-1.3940004381183124,0.16331747234400062,0.3296576918058422,0.3806670803980725,0.0
TM9SF2,906005.9833106243,-0.9242184083524116,0.27800025734858164,-3.6894055493990705,0.0002247786584596174,0.0008800596141260373,0.0005239233403722298,1.0
PIWIL2,10783.652388431807,-0.5405481497729345,0.47004445512260595,-1.4969881574690167,0.13439633953651822,0.2839590946187296,,0.0
LNPEP,419611.42630783387,-0.043141475829479234,0.16668626647353663,-0.3632716174382804,0.7164019932175635,0.8454503763076446,,0.0
GIMAP1-GIMAP5,187504.3888589489,-1.6951740376160935,0.38951204990702964,-4.783805084963773,1.720074898862912e-06,8.41927314129896e-06,4.009221306321591e-06,1.0
RBM12B-AS1,2378.0964939647024,-0.41974901743911,0.2126210088556188,-2.1046145597134545,0.035324873204753214,0.09223511241802572,0.08233666707724721,0.0
SPOCK1,365331.74850053445,-0.0850525502638225,0.317873635031625,-0.35980326757410636,0.7189942594539298,0.8472040222746343,,0.0
OR5K2,448.1655504392387,0.0959668986544287,0.5173220409371694,0.2620537208270593,0.7932800256465518,0.8893694793455796,,0.0
PLEKHH2,177073.2485069356,-0.23716911650423156,0.32985734021452956,-0.875128012856624,0.38150425653102726,0.5922636886326685,,0.0
TDH,1330.1268454317728,0.3510933535040583,0.48410722393721883,0.9710744118078138,0.3315112249354274,0.542334532626406,,0.0
KNSTRN,88322.85859553827,0.10443486364354741,0.3148220443472884,0.36989574068936204,0.7114601751590467,0.8417770219525051,,0.0
CDC27,438875.65346598264,0.1769117711542106,0.15470515028749537,1.1667322510680427,0.24331851423668371,0.4376749906284091,,0.0
ZAN,456.06851685327246,-2.8125047699806682,0.9009226025456537,-3.8308168701047793,0.000127718539028601,0.0005166748359080794,0.00029769162274516906,1.0
HMGN2P10,361.35669796248214,-0.26502638477488766,0.2939092007448069,-1.014313423390745,0.31043322085044656,0.5185669476229161,,0.0
TXNDC5,1541580.5500485231,-0.4397266700965305,0.20144321141458899,-2.419027395100179,0.015562068154331884,0.044483436076680476,0.03627270838962964,1.0
ATP8A1,124737.48737359287,0.25372627732841924,0.24619922127485383,1.0901373536929142,0.2756526440809255,0.47891166446383016,,0.0
ATP2C1,602343.4277237607,-0.5427138922403464,0.19398720055336205,-2.967619108430767,0.003001159784842804,0.00989410773747251,0.006995226638689676,1.0
TOM1L1,204533.45148548306,-0.31556457974611796,0.3670804678717079,-1.0213848976640818,0.3070721176653064,0.5155421484061085,,0.0
SYNGR2,833428.816435635,-0.575723659897062,0.4142352209863036,-1.7600676014653949,0.07839634524430343,0.18196415545769454,,0.0
FAM8A1,939038.9597226421,2.3607294290850906,0.1558002697451978,15.250030427769833,1.6455642424964773e-52,9.889246315147504e-51,3.835548804473097e-52,1.0
CD247,27471.109410247795,-0.10566912545355084,0.30380338202051343,-0.38647232190483366,0.6991468972616585,0.8328981904803326,1.0,0.0
IP6K1,339945.31948212406,-0.12807948816912304,0.08685700722237034,-1.5989498350430744,0.10983174953889223,0.24337661781430228,,0.0
RPS14,3863855.8403997486,0.07192224913250095,0.17234277341923068,0.29065673826700755,0.7713138615671811,0.8768551689434747,,0.0
GATA2,619075.6042275137,3.0982707910090648,0.3018003002677289,10.487772216122183,9.831922373461978e-26,1.561835312064597e-24,2.2916648971415114e-25,1.0
IRF1,321866.3091330671,0.02214017988459618,0.23332518772257416,0.13247608540368147,0.8946077373788452,0.9446027506447248,,0.0
E2F6,232708.47599886908,2.291427320551457,0.22355655753334966,10.45642250748832,1.369283988589049e-25,2.1613887769247395e-24,3.1915834276084935e-25,1.0
PHF10,527366.9664806582,0.07974227567964855,0.15467957817343136,0.3925613426770143,0.6946434960701071,0.8301106273113786,,0.0
SETBP1-DT,11999.798001497747,0.3172256609052625,0.24870416882461371,1.3646469327732862,0.1723640461772472,0.3430773592705942,,0.0
CAPN12,415367.6335303305,0.8169157807041311,0.1988474044370911,4.366163178537821,1.2644803006010264e-05,5.7286355489536056e-05,2.9473026819616444e-05,1.0
HOXD10,18366.6560347258,0.03602553867455703,0.360583663771439,0.11066495305676065,0.9118820386349513,0.9523629426352335,,0.0
LINC01968,307.12504510276983,0.1752456599504575,0.6056973638007958,0.4648592304889998,0.6420322681260797,0.7954438533067276,,0.0
CHCHD10,126558.80300385968,-0.2913693839786657,0.29049569415894194,-1.1035428108912846,0.26979151088898135,0.4713555363622553,,0.0
CDK5RAP2,390546.87348324974,-0.11940357507560362,0.15615509408368,-0.7704255565998911,0.44104749833632606,0.6431035243381005,,0.0
MRNIP,1172429.9023878884,-1.765139106845529,0.19440493854938556,-9.39505782313062,5.7186403640171086e-21,7.332796435917053e-20,1.3329242119494081e-20,1.0
GPD1,3382691.293521325,2.476999057911898,0.6561594685792795,3.0354927534648297,0.0024014299412486793,0.008039149360368062,0.005597351657452529,1.0
SLC35B3,89077.81225678347,-1.2579792067885467,0.14821654219812114,-8.661018448102732,4.675678560517643e-18,5.159797491119912e-17,1.08982638597486e-17,1.0
PRCD,115567.64906835594,0.24043742914772237,0.31375857508282695,0.8715834077113606,0.38343568563063635,0.5932311414161333,,0.0
HAGH,222270.5879893968,-0.28839896428546996,0.20873090001940148,-1.46805228035705,0.14209002238107052,0.2960505562392564,0.3311892671199906,0.0
TOP1,981521.3220438501,1.0027445241024235,0.1876031929216173,5.6211871629977646,1.8964967192782417e-08,1.1288455412601277e-07,4.4204325400747054e-08,1.0
TEAD2,1029240.6057592217,2.1237215987876588,0.21871169007904356,9.91692402140398,3.5141936734697445e-23,4.993959556486349e-22,8.191027123022002e-23,1.0
TATDN2,1175549.6479510586,2.2376748522913164,0.13578239696241093,16.499952165476415,3.671833485178906e-61,2.8617352225113098e-59,8.558460478538496e-61,1.0
PTP4A2P1,41508.32137538235,-0.07359226508342252,0.15822488397613713,-0.4923946320259721,0.6224403933349136,0.7833817937535851,,0.0
GSTA3,5354.127263958568,1.254047889962154,1.1212627878253316,3.0177876305034395,0.002546272755450735,0.008472854238951479,0.005934957244947788,1.0
NAB2,105720.1578226584,-1.457599227855708,0.17264372149860496,-8.659445985010356,4.740626119636091e-18,5.219921210760446e-17,1.1049646301282627e-17,1.0
GPR107,685424.9407638492,-0.1685638105129032,0.18326660643748255,-1.0594228985648348,0.2894072257356499,0.4947098156166627,,0.0
PDE4D,116273.13988057028,-0.009249446281401275,0.30290526294618975,0.01580276441790626,0.98739174302626,0.9945823596244646,,0.0
TPTE2,856.7243681169363,-0.2177281059655245,0.3875534863041553,-0.6892733904571982,0.4906512399580246,0.6851535232112617,,0.0
ADGRA3,182419.72643468925,0.15982616284124593,0.2549417719449295,0.6204378163305493,0.5349695818374618,0.7213918016234818,,0.0
RPLP1,4571187.140749762,0.07457516484480321,0.23145213752074661,0.5124140838880451,0.6083612361786719,0.7731798415634382,,0.0
RHBDL1,26400.49470498927,0.6107176952737682,0.3354009364095671,2.058146100289952,0.03957611081020578,0.10201841897741935,,0.0
RAET1E-AS1,2211.2385613989813,0.0212700295437246,0.27425517180155384,0.07927248398477632,0.9368158920084925,0.9666606680468267,,0.0
IRF6,475879.97603640554,-0.14427952870119812,0.4118688890077015,-0.32922663767008065,0.7419843902559884,0.8599254243444142,,0.0
ZNF22,836675.2956928128,2.710223106013818,0.14311598263788688,19.050345915197635,6.526947937868535e-81,9.301833232596643e-79,1.5213278651443108e-80,1.0
PRPH2,24225.930933638367,2.4480169296975602,0.2974076125277271,8.443935702098091,3.068280110046776e-17,3.2424960146002797e-16,7.151673452763233e-17,1.0
GAPDHP59,115.38287120351393,-0.18192113805031954,0.621644481281325,-0.49439813983317843,0.6210250274524283,0.7824382007912888,,0.0
LINC02515,2059.1892577145636,0.6668057582663094,0.5145915123564943,1.71700580411825,0.085978111503528,0.19672422944018245,,0.0
STAU2-AS1,792.155898095995,-0.3467463821092563,0.4002169697904043,-1.0675368838345054,0.28572946740774474,0.49111598326320843,0.6659899922569302,0.0
KNOP1,283884.5441031498,0.47929979697856034,0.218194694482351,2.2855554354100227,0.02228027982575279,0.06116347593332686,,0.0
EAPP,516534.77224839496,1.5720735150785785,0.16851919763005857,9.548370412558036,1.3175232188877154e-21,1.7339857033804548e-20,3.0709372971083757e-21,1.0
OTOGL,14878.514206143442,2.444437089786577,0.3989556663914238,6.445967673491228,1.1486514510091126e-10,8.126912677494261e-10,2.677324036277315e-10,1.0
SPTBN1,2306068.2475834927,-1.7185968798049178,0.2672720520806356,-6.921516811585588,4.468330965489898e-12,3.48250544622869e-11,1.0414969558814773e-11,1.0
CASC9,1293.643479262174,-0.43317344539369207,0.7530452674595945,-0.3895058006729068,0.6969020204776915,0.8314152781972554,1.0,0.0
SAE1,1282288.9149328028,1.990764832092904,0.15717012200717187,12.852182883099035,8.361693944193212e-38,2.5587809443948304e-36,1.948978009048399e-37,1.0
MRPS18B,258830.6852919613,-0.9594029761805458,0.23207914754007225,-4.461880006118229,8.12437180209888e-06,3.790866842737999e-05,1.8936619882649164e-05,1.0
SLC9A9,85241.11860117906,0.6794973024725389,0.23915074594414878,2.9745352529944338,0.0029343273716754426,0.009692996642329211,0.006839450901830425,1.0
PRG2,11774.333648390366,-0.7003600025036258,0.39955636367174435,-2.1062116108776565,0.0351859750357293,0.0919851380913091,0.08201291751318587,0.0
PCDHAC2,61674.62123634104,0.03548600646438447,0.30513870956964306,0.13083209344881502,0.895908134297686,0.9453754545963312,,0.0
IFT43,112812.51263545037,0.021832485368137894,0.1915239373135535,0.16845748718753362,0.8662233859716981,0.9301877823954425,,0.0
PSMD6,366016.46692091564,0.01849403438430188,0.07953503094527173,0.30433584111369455,0.7608720420732408,0.8719633607187607,,0.0
TNFAIP3,260018.75833642203,-1.72082987214063,0.3727669702113756,-4.989641006996758,6.049160473981655e-07,3.1170674012624476e-06,1.4099631983280607e-06,1.0
MIR6073,403.8486706733919,0.7092765801087052,0.5835921733416375,1.7156645672071735,0.08622345348833013,0.19712902815710542,,0.0
TARS1,613546.9683769697,0.26151353329177734,0.23194445192072008,1.245949295847013,0.21278301059933047,0.39975956944235796,,0.0
BST1,40742.053257165484,-0.04923831937933387,0.2338607415872043,-0.2226548707755506,0.8238041275183449,0.9076949388251611,,0.0
WDR82,677892.6461057232,0.02791316084268442,0.08710193846645758,0.3183941102682635,0.7501860053354126,0.8659865296489327,,0.0
ZDHHC22,731.0910619808208,-0.038542369146844634,0.6482057918821261,-0.42698999233689067,0.6693866169198515,0.8123845365440923,1.0,0.0
GRIN2A,7682.521963303848,-0.4293678290504939,0.363342765090301,-1.3992058841470012,0.1617512525892959,0.3273084170042223,,0.0
LINC01816,6630.189579796473,2.2878502294164904,0.3138375269753105,7.539320295813798,4.724273267353819e-14,4.261243229215343e-13,1.1011530400729368e-13,1.0
C1orf52,100427.99123820083,-0.04425309430571024,0.1124423064093976,-0.2321877078523481,0.8163922246162301,0.9037204652431771,,0.0
SRM,362841.97949860117,0.3428789584141192,0.28078813023940374,1.2754533470981295,0.2021488268365148,0.3856210188036383,,0.0
MYL12B,1883364.640243827,0.1551381894196857,0.13932108707332283,0.8674065573824334,0.3857192902326353,0.5957108569669238,,0.0
COX20P2,1357.1710113102922,-0.13022327254569713,0.2146820188743333,-0.6478852076099482,0.517059198888514,0.7067939939862724,,0.0
EZR-AS1,10097.708326239454,0.24356233895505697,0.3272895475479811,0.8524974762291632,0.39393803916838166,0.602831956145307,,0.0
ARHGEF40,588085.0619946305,-0.02102247671998629,0.20438186277510847,-0.2278715521430189,0.8197460990362616,0.906025602036976,,0.0
LY6E-DT,10915.138375023378,-1.2473916646251395,0.3817056234967233,-3.6799326625517095,0.00023329555008751946,0.0009119735139784852,0.0005437748616058632,1.0
SPRR1A,1400.8395673378093,-1.1480426534510264,0.9719604180089556,-2.0294157924870477,0.042415957918685986,0.10799938647187632,0.09886485892448865,0.0
LINC00881,265.8459408431951,-0.5001641335354435,0.6468260514837441,-1.2452614086341849,0.21303567628164566,0.39999757396322205,,0.0
PLA2G12AP1,4427.334746002567,0.21356572498620777,0.14861126737849278,1.4761852366362755,0.13989417169467316,0.29306683259682054,,0.0
XCL1,2288.4600158275944,-0.7621278284355055,0.37896345762224565,-2.356968663360991,0.018424801600293115,0.051747134224246656,0.0429452852253561,1.0
PSMA2P1,221.48941974365835,-0.27364509816255755,0.7701995660535936,-0.790206125681222,0.42940739917285675,0.6328395386670728,,0.0
HMCES,297907.5255768231,-0.4769672271840841,0.18017961335004923,-2.717356930450968,0.006580559878958434,0.02041283126632131,0.015338239568338631,1.0
LINC02066,287.2013406279893,-0.15632761723948177,0.6867117258710971,0.3857268943705455,0.6996989425567622,0.8331578719200596,,0.0
SEM1,318061.42659816117,-0.21902160298436818,0.2933278976116946,-0.8729133686518342,0.38271029895592656,0.5930087118207084,,0.0
SMIM22,149630.32166534066,-1.114480952839069,0.6045861454371058,-2.4859143432397506,0.012921906381463538,0.03764863845253512,0.030118910762028096,1.0
WNT3,28896.928924809086,-0.15901873232736163,0.2697036974249469,-0.655398130707056,0.5122114547092889,0.7025187137266066,,0.0
KLRD1,17369.748650349145,-1.7325620332327398,0.27400070216911737,-6.630153955577088,3.353369296758632e-11,2.470695133269137e-10,7.816171052444885e-11,1.0
DLGAP3,6279.558730023599,-0.1646584558395994,0.33448327943516754,-0.5771443431789065,0.5638419512539938,0.7422559612613733,,0.0
CCDC71L,137354.82093290443,-1.6949297850511624,0.2930735477075389,-6.172288005031623,6.730874611481035e-10,4.518654449807187e-09,1.5688599328068879e-09,1.0
CEACAMP5,918.6383972374126,1.0193937063651437,0.5831492159345577,2.3108429619430018,0.020841530522620593,0.057571747125979275,,0.0
ITM2B,2914664.929239709,-0.09072236776159313,0.14887562106687718,-0.8720647941201259,0.3831730309138218,0.5930087118207084,,0.0
TOGARAM1,132713.39630963694,-0.015427384221805436,0.1705709295783709,-0.195158103420421,0.8452691769898193,0.9193638584442256,,0.0
PLLP,393581.319964572,-0.06604890807565314,0.09343351910038523,-0.5940592486968197,0.5524724857313636,0.7345448795350789,,0.0
BCL2L1-AS1,413.7285310446849,0.8306167037449075,0.526963641031456,2.0553079494152184,0.039849269995823666,0.10261649909094911,,0.0
HDHD3,156167.8284329846,-0.23653706474326572,0.19023903708768894,-1.3320339646466364,0.18284902786613955,0.35949978360122353,,0.0
UBXN2B,212540.916137651,-0.056560976189388205,0.2797298244374051,-0.2765467680825499,0.7821281438566591,0.8830522569569139,1.0,0.0
PAX3,9797.383876678217,-0.2525943497337871,0.5368288743160665,-0.6907206721828166,0.48974109575297264,0.6845626495225896,,0.0
ETF1P2,3017.302404273563,-1.999823791969292,0.2033442315655847,-10.018867180414757,1.2593809817430984e-23,1.8155469181891835e-22,2.935416979875969e-23,1.0
ZEB2,518512.6501451562,0.39856962806062757,0.31242598919369535,1.4042362056177038,0.16024852385218913,0.325160901184738,,0.0
SMAP1,922991.1354814845,2.842577670792233,0.13014540065993221,21.950087431922913,8.643507650956303e-107,3.0795582973550026e-104,2.014664306680843e-106,1.0
TACC3,157772.3034125855,-0.5453802885868259,0.34909956501456,-1.8462987297431543,0.06484884209909715,0.15566218690582126,,0.0
RPS3,14120295.523989776,2.999193401717512,0.32740442722237884,6.772913878643823,1.2621409119701885e-11,9.65576513636089e-11,2.941849938741729e-11,1.0
RPL18A,1605581.9144634665,1.837325309312253,0.2261724434216765,8.368584751327345,5.831435509772781e-17,6.072484409759214e-16,1.3592149683526463e-16,1.0
C11orf16,2228.0509049486127,0.2785251725961103,0.5188894933111564,0.7503233316422163,0.4530599938457147,0.652009015955691,,0.0
JPH4,21045.172306988952,1.6364139764472365,0.33994050294912304,5.128406075815483,2.9220561922455996e-07,1.5808260614881834e-06,6.810848732206098e-07,1.0
ABTB2,223882.92119022078,2.626773438200089,0.316856471118241,8.505123659908163,1.814021345438431e-17,1.941703534559419e-16,4.228195547218175e-17,1.0
PURB,878217.3013344988,1.4611227782585285,0.1746236023157386,8.542649752366463,1.3117853710532596e-17,1.4224316153942736e-16,3.057563285426943e-17,1.0
SPART-AS1,1708.364224658287,-0.1361368303675032,0.33404210836769443,-0.4771672494085157,0.6332430303393736,0.7898515217136273,,0.0
MRPL24,317642.85271834116,-0.5549784256841059,0.27392183697427874,-2.174410946085653,0.029674286766995156,0.07902581014082853,0.06916604784755694,0.0
NR4A1,704320.1717471277,-0.3002237328014134,0.4593614920234086,-0.8652351150315889,0.3869097556376031,0.5969396415466639,,0.0
HLA-E,4158262.911168369,-0.7094017165437113,0.21633358829065466,-3.202515546569039,0.0013623294659750257,0.004751957605792607,0.003175373540319359,1.0
RPL15P21,397.87888299675575,-0.36999355838943954,0.6699461366869727,-0.9600494944231062,0.3370303055424898,0.5481275396302377,,0.0
ZFP1,65717.64786398187,0.1694589343407286,0.17158768180222747,1.0123906139785215,0.31135132434706425,0.5195785901114609,,0.0
DCC,1870.7254542125,-0.026436536967888953,0.367355508587746,-0.09192017668603451,0.9267614606498549,0.9602588628420183,,0.0
MUC3A,51983.496808577234,-1.081963392140739,0.5842240649596215,-2.4404302395631476,0.014669778963720804,0.042198879741083835,0.034192924051887556,1.0
ADIRF-AS1,1446154.474872881,-0.5941158755374197,0.4140900720960131,-1.7732339394054666,0.07618995035538381,0.17775279343903388,,0.0
KCNK15,84096.46313470829,0.18522123069686794,0.49025768434602607,0.5189460365252593,0.6037983730559106,0.7712538501415831,,0.0
HSD17B13,44822.58202090339,0.158680584909789,0.6417878541235649,0.41200161905162525,0.6803382365292943,0.8202869528180129,,0.0
PPAT,105903.0423638016,0.0344116544260389,0.27652746613218293,0.08393998675054214,0.9331041468994008,0.9646266289604583,,0.0
NPC2,991784.3460589154,0.19265771173929103,0.18205565384653363,1.1350509064698109,0.25635398959852573,0.4548892565341325,,0.0
SYTL3,50089.57354088179,-0.23245309532916655,0.22994419549964806,-1.1133741271114774,0.2655477821470984,0.46554534251239144,,0.0
OLA1P1,66917.66707635546,0.37763503316867697,0.2716205813462606,1.5182161953293285,0.12895990606819974,0.2753306918621514,,0.0
LINC01993,1033.599944719184,0.31009460539220896,0.5525170578462575,0.8215070547736282,0.4113575073189417,0.616912581631654,,0.0
PPM1L,149224.37287611878,0.46884451471159405,0.27224602006179766,1.8383228903008593,0.06601484005530299,0.15770211790989047,,0.0
GPR150,4506.090048048622,0.14027002865857394,0.4179449869477933,0.4203045575140289,0.674262980945866,0.8167129064978095,,0.0
PAXIP1-AS2,143949.6550643749,1.7665869171505215,0.10756178162879604,16.444875235708245,9.127213844394975e-61,6.89796100846093e-59,2.1274085353197257e-60,1.0
TBK1,124593.92140481374,-2.1774976481771273,0.16693275106646016,-13.187581235778872,1.0345149370308036e-39,3.4865949364254376e-38,2.4112899560325457e-39,1.0
DCAF4,113372.22515677827,0.039472952098115806,0.1987243808425967,0.20718210265382297,0.835867644087918,0.9145451677362862,,0.0
CDC42SE2,301076.4766246703,0.007557588119929148,0.13300554083510047,0.009237613081189876,0.9926295559682892,0.9963109598997693,,0.0
HCRTR2,933.0559925590929,-0.3394388572969548,0.7910845670176593,-0.9635605463601973,0.3352662951482449,0.5461490137816609,,0.0
ECEL1,45458.932620848245,-0.05290138595579937,0.5200466516643264,-0.1570817870611436,0.8751803912018548,0.9354385885646476,,0.0
FMNL1,210926.40514139002,0.19086449898254487,0.22217771014113924,0.859338767025581,0.39015364188057144,0.6001134528669915,,0.0
LAT2,217943.4654825747,3.0051675466535754,0.2407688360371905,12.667507791258332,8.951332158968028e-37,2.5808812028284697e-35,2.0864133088286225e-36,1.0
SLC2A6,47696.51781849625,0.2173102300972726,0.2593439170715273,0.8986407956403789,0.3688440215324804,0.5801936232746807,,0.0
LINC02660,410.59863560229314,-0.00484414946047595,0.6941846933532047,-0.022262207493786358,0.9822387954563434,0.9921845102746538,,0.0
ARHGEF38-IT1,1139.3773249345388,0.17755166228381672,0.6696889719860833,0.4722313012566263,0.636761699864815,0.7914789775759221,,0.0
TRPC6,42644.51072116349,-0.1746216125020758,0.3641091193468996,-0.5789605124585445,0.5626158177289853,0.7415691546378396,,0.0
CYP39A1,97790.5647321842,3.415035909466833,0.3409565780081056,10.227374143450062,1.4951853435485379e-24,2.2531675207311503e-23,3.48503948300005e-24,1.0
UBE2C,155800.4505375547,0.09830014319282963,0.5221718885509935,0.2616808973221742,0.7935674692067433,0.8893694793455796,,0.0
CAP1P1,30549.88871411261,-0.178359655757337,0.15672870741466968,-1.1964095364688756,0.23153678165671687,0.4232242075984349,,0.0
ZNF765,215540.70733820865,1.7166716183099469,0.16716829408267195,10.414289920743604,2.1338397288141856e-25,3.337832364226546e-24,4.9736413866005415e-25,1.0
LINC02610,3819.2525349874063,-0.524753051918525,0.43954009972948316,-1.5113904311121087,0.13068900587423332,0.2782231162188117,,0.0
CAB39,544555.9303833579,-0.014919645055257332,0.11238552263989954,-0.25189265737171374,0.8011240352057135,0.8937612810570563,,0.0
CWC15,252153.45476192405,0.054898021216665004,0.11225791283077116,0.4356498836252104,0.6630907723186095,0.808481244762949,,0.0
ZNF585B,101421.74497347977,0.40804734582322505,0.1766308462221584,2.372945518087138,0.01764686669561474,0.049842905480026234,,0.0
NFYC-AS1,19483.615820690484,0.03742398763415931,0.13223788572551434,0.2831672861141744,0.7770486043678081,0.8796909756211138,,0.0
ATF7-NPFF,70408.90056260173,-0.4740447442837847,0.1774972112451263,-2.823076530782328,0.00475652159733081,0.015169776040592125,0.011086696134339291,1.0
RASGEF1A,26770.066559552877,-1.0594117238308955,0.39433824629271375,-3.077799455102487,0.002085352011415077,0.007042475174636699,0.0048606242209992545,1.0
ZNF781,14033.420115097324,0.40817570524515007,0.29777521784465477,1.5352192497069095,0.12472998144357075,0.26828510023308794,,0.0
MIR622,1245.3213710873044,-0.4281364996557986,0.571481803954874,-1.1137471045388954,0.2653876950654156,0.46545493072654465,,0.0
TRIM80P,149.0359544694558,-0.559024443291645,0.5761715003643875,-1.4069714419765014,0.15943585718018738,0.3242014087300345,,0.0
WWOX,90502.92891192168,0.37793291235038295,0.23462294744735543,1.6842966911352661,0.09212434456008865,0.20896599848372996,,0.0
ACAA2,435374.0303247636,0.06633721015742049,0.2988407262219878,0.25088283463979993,0.8019046960440345,0.8944321609721924,,0.0
CUX2,11152.791821999335,-0.33415164990039037,0.575775960429927,-0.8792628196013115,0.3792587903000052,0.5900632707474815,,0.0
AKR1B1,486339.83192803187,1.0804810546457397,0.2591644021861918,4.4604020682889445,8.180603409397924e-06,3.8135373650539105e-05,1.9067686825269556e-05,1.0
DDX27,352772.92895681865,-0.13378176467560784,0.14615231216653363,-1.0021649209848358,0.31626394695201776,0.5247919385883781,0.7371610128021797,0.0
CTNNAL1,173291.48380453163,0.29059549034119775,0.19404113184439914,1.483239350625776,0.13801082967446662,0.2897298057307406,,0.0
HNRNPCP7,5886.207138655385,0.16263714049428593,0.22602938793523797,0.7616137278242285,0.44629057912467107,0.6474977919353866,,0.0
C6orf15,102182.05403502955,1.7455771235428053,0.1422822272524508,12.401262057141455,2.57239788012305e-35,6.935740878947985e-34,5.995850759838213e-35,1.0
METTL16,195783.81774938857,0.13814792697191358,0.3946967384570207,0.47686021042451465,0.6334616672296087,0.7899266990353222,,0.0
CCNA1,8071.151160414398,-0.37039940545135663,0.3802441915563901,-1.1785364294531215,0.2385828180481523,0.43255796959204945,,0.0
GPR78,122260.02826652455,0.33634458220461344,0.29769563734337284,1.2599996464280638,0.20766948979099198,0.39236947540813183,,0.0
RNA5SP392,3092.501849900723,-0.14972618593245826,0.5224823161688686,-0.41965936559223804,0.6747343135613433,0.816887076709704,,0.0
C5orf67,642.5466427619383,-0.16270090908768056,0.2656745484860954,-0.6773916097277936,0.4981575203417601,0.6907370634923161,,0.0
ZEB1,299755.3337974431,-0.6474730534085372,0.12870935287341462,-5.187419230138925,2.1322835563837535e-07,1.1649321335424054e-06,4.970014195907552e-07,1.0
CALM1,1787274.632414988,-0.07884228635521416,0.14542518948697464,-0.7547352780670489,0.4504078347097854,0.649503983675169,,0.0
NDUFS1,500032.6876704898,-0.33716993353625063,0.17727564444434396,-2.1044745893213506,0.035337068931605285,0.09223511241802572,,0.0
ZSWIM9,143865.90274211793,2.0811761098913006,0.13885362733511436,15.073139874980027,2.432713242646974e-51,1.3789060970821711e-49,5.670268062767807e-51,1.0
TMEM63A,500876.8890923794,-0.07989382643254847,0.22401578433209343,-0.48227343419600516,0.6296117165209485,0.7885648697672107,1.0,0.0
NDUFB2,313113.9706356918,-0.8266704500753437,0.23675382645535334,-3.792020333899524,0.00014942667571150297,0.0005977067028460119,0.0003482898403967182,1.0
KIF9,42662.24726709627,-0.17518753764228684,0.27824314163941805,-0.713946759966235,0.4752601014267587,0.6723191678720001,,0.0
FCF1P7,528.9680240249475,-0.13454339901667112,0.13438881146351106,-1.0271127026361078,0.3043673979408579,0.5131210668336875,0.7094320471630837,0.0
BTBD1,357202.6159126399,-0.3661069515115616,0.5013197096889143,-1.004347030537244,0.31521137203333627,0.5239168022999938,,0.0
LYPLAL1-AS1,6654.018343566415,-0.5685694202893302,0.38768755995476617,-1.7498762458560884,0.08013967039156063,0.18566496791133508,0.18679283921173104,0.0
CA14,6106.306394138405,-0.1971437724544955,0.4796860165298333,-0.5634881442141959,0.5731025309656159,0.7493146590973767,,0.0
F2RL2,87485.71846654557,-0.20533472841758238,0.2831581239704512,-0.8231560695749456,0.41041924711819755,0.6163500721113129,,0.0
LENG8-AS1,41646.419798629824,1.7420884369749194,0.17973468684190538,9.81093469043511,1.0102837261561733e-22,1.4076243648231822e-21,2.354810853302333e-22,1.0
SREK1,557330.7507381175,0.23895652315121482,0.44140955928483727,0.6304804277329371,0.5283803042982816,0.7163797112910653,,0.0
ARL4AP4,1184.1723731126624,-0.056914629330972265,0.6959364147895315,-0.17014109049834683,0.8648991790475097,0.9291539677438602,,0.0
BRINP3,18921.944602480326,-0.7038287799192733,0.30273774303968126,-2.5931364570752984,0.00951050274974462,0.028698359174667974,0.02216747089519914,1.0
TENT5B,122886.58569067888,0.24787228781119033,0.16391297325823093,1.5212198703555173,0.1282046706471284,0.274221654025676,,0.0
GNB5,133491.3841397984,-0.032788853361210846,0.3846446413752689,-0.13711665584180438,0.8909385873571015,0.942406160120435,,0.0
ANXA13,1914.3599696948609,-0.3385321911077723,0.19857047539890468,-1.8021142322027224,0.07152743496444301,0.1686897615142514,0.16671908673020644,0.0
ASPSCR1,144637.6445220856,-1.082976965754355,0.14975428806073018,-7.261083283149481,3.840024082789133e-13,3.2083819304777544e-12,8.950486039697287e-13,1.0
HNRNPKP4,223286.21732530923,-1.6846667348453697,0.38217947156947946,-4.804509849214641,1.5513106500401334e-06,7.623583765911514e-06,3.61585865532719e-06,1.0
ABCA9,421497.01952884963,-0.03818621711951193,0.39392555104517435,-0.07551759210362824,0.9398029010283948,0.9684486476424765,,0.0
TXN2P1,638.4237310530823,0.09464614969801594,0.3079157873590347,0.3468646328613498,0.7286930178520107,0.8538221219276084,,0.0
SCAMP5,102028.04443596554,0.1502404761426778,0.2891082723981557,0.540682209739433,0.5887266427195786,0.7621969758863861,,0.0
UNC13D,122312.01263557831,-0.8519077611774036,0.1302945535518345,-6.639532184701327,3.1468028800829024e-11,2.332281243068873e-10,7.334697554137157e-11,1.0
DHX8,335527.60400374915,0.003578340184222168,0.22835028322788453,0.06271165063035047,0.9499961197950169,0.9749610315061206,,0.0
B4GALT7,488313.79352601414,2.4330893562921503,0.12632660857767727,19.26203669052183,1.1188977921947974e-82,1.6414888786669557e-80,2.607972984797967e-82,1.0
OARD1,324381.80153934873,1.3264562955048413,0.2372900524044062,5.778654949515932,7.530017610203782e-09,4.6198927232098974e-08,1.7551274691446945e-08,1.0
EML4-AS1,5897.859179636568,1.3640120807661842,0.37458257029273107,3.9986868582261277,6.369488437919641e-05,0.00026675909595586206,0.00014846265573992135,1.0
ADH5P2,206.38898959872895,-0.1890025266269847,0.690351499879415,0.39606952621931996,0.6920537384779502,0.8284716231702078,1.0,0.0
LINC02159,1091.3644538527951,-1.570518823976845,0.9233847896998092,-2.618589202539169,0.008829420353378041,0.026821649648385914,0.020579976038621342,1.0
POU3F3,3705.808773755959,-0.15691485767178018,0.3005731150155546,-0.5834066410722467,0.5596195882134827,0.7396864881827213,,0.0
SH2D3A,90149.0415694402,0.24623233788191035,0.6232853055594694,0.7086120938958625,0.4785652292241359,0.6745078732325488,,0.0
CSPG4BP,505.624567694896,1.9111593532188802,0.41312378006859635,4.999191375546643,5.757124061952057e-07,2.979597333662937e-06,1.3418941505148065e-06,1.0
RIPOR2,66021.19072325932,-0.6157446901960166,0.5426049395173627,-1.5835696949623326,0.11329167484146466,0.24916176107108717,,0.0
MED28P7,382.0330815882425,0.838186193132944,0.16488734950049735,5.230572869283242,1.689855483115093e-07,9.334439811492894e-07,3.9387846494290105e-07,1.0
SRF,346311.8823755954,-0.6334893783703088,0.17601557681633476,-3.5994283395107884,0.0003189175009653717,0.0012246039221056769,0.000743346025614614,1.0
ZNF853,61754.25896699067,-0.7391824909243409,0.1963443213147675,-3.9315657433457254,8.439440980785393e-05,0.0003496339834896806,0.0001967099608044745,1.0
AMZ2P1,95603.2282864074,0.9047348715996696,0.24672387320814088,3.8243795474293742,0.00013110182085073263,0.0005286466308839566,0.0003055775151418011,1.0
MIR3652,31412.734437448333,0.22811943294579676,0.7064764866449564,0.6286996848750377,0.5295456844697733,0.7173512297082772,,0.0
LINC02274,178.3450207238056,0.13358486202031042,0.17154406785321147,0.808477418223894,0.41881580053535916,0.624675112703407,,0.0
ARHGAP5,1293070.7004349274,2.1599020071468567,0.21822984973029966,10.096166148964166,5.744420131112109e-24,8.402688449849618e-23,1.338933066074168e-23,1.0
ITPA,285647.60442316416,0.3554422622769544,0.31245749064063877,1.2261022392507892,0.22016020330307462,0.4094552923474035,,0.0
ARF4P1,13074.91182818413,-0.44358702655082116,0.18696420203014708,-2.50964571689265,0.012085234253721613,0.03539703373902725,0.028168760961478228,1.0
C19orf47,135312.90915573883,0.6677341828806855,0.25468464424730936,2.8187165237415366,0.004821607924600349,0.015357714130208519,0.011238402022386233,1.0
MTBP,47965.3298692193,-0.41273274577580366,0.1801021043097281,-2.425815919729654,0.015274015421658148,0.04373524048405904,0.0356013032351546,1.0
NSMCE4A,194061.36035498447,0.06839868841345591,0.4214854929373031,0.2506164415355783,0.8021106688205791,0.8944618859997874,,0.0
NPFFR1,3073.8552875460823,-0.3729034994343835,0.25671981695443924,-1.5989934062601137,0.10982206771503679,0.24337661781430228,,0.0
SNORD2,1939.0823225809313,0.7456122044822058,0.2684884709350935,2.9970388818708926,0.002726159402247419,0.009047294143985448,0.006354244438509405,1.0
ZNF91,104429.54949442476,-1.8165986700400416,0.22400886010733836,-8.384306919703224,5.1025499229095316e-17,5.335748221273112e-16,1.1893233184800347e-16,1.0
GNL3LP1,4481.22012065421,0.04037631500130024,0.23638083213651723,0.1910688155069945,0.8484716791299753,0.9210395507073595,,0.0
CRNKL1,384447.94550221466,0.9558807683566724,0.20065993691598055,5.013265011125378,5.351411173529265e-07,2.8038696358785684e-06,1.2473289221291577e-06,1.0
SEPTIN9,1286010.2835432224,-0.8389118539843036,0.24684683294559168,-3.6493629093396964,0.0002628914905614148,0.0010196755481495623,0.0006127582966917463,1.0
RPS3AP29,1841.9456016817371,1.9956364004179716,0.17392939932079532,11.621262995794151,3.213501433710366e-31,6.820827723977577e-30,7.49016128567631e-31,1.0
LAMTOR1,310276.1239175978,-1.1624735615117545,0.4713819752091087,-2.9925989113269296,0.00276613015887333,0.009173841244986816,0.00644740992171036,1.0
CXCL3,16169.45153535615,1.6419444953201612,0.21310687205286502,7.912990351973487,2.512788381943955e-15,2.4527961739993047e-14,5.856910490250677e-15,1.0
ZBTB21,347263.11647238454,1.3567809297310005,0.3361898174630539,4.388144282609502,1.143219275821943e-05,5.2219576445053586e-05,2.6646624989718936e-05,1.0
SPTBN5,59201.50743724501,-0.1310880458608602,0.11314718983633679,-1.2167972252408097,0.2236813760244608,0.41476680431598906,,0.0
SNX1,802566.5123272992,-0.16917522248836034,0.39027971312532383,-0.5269727130728132,0.5982125376256697,0.7674903287184133,,0.0
CPB2-AS1,1003.3920754229069,-0.23359630390333933,0.5928390049743973,-0.6298090377303235,0.5288195318579882,0.7167803872031645,,0.0
SLC28A2,1888.5328017663546,0.13179536647511703,0.5347108847780337,1.443519053229422,0.14887430916124506,0.3074886352365591,0.3470023617272385,0.0
HTR4,465.1341998708981,-0.1601092722343833,0.4934252233388692,-0.45299536538708995,0.6505520788058049,0.801158829428041,,0.0
MSH2-OT1,466.9351487480843,1.7067714786562362,0.24026378303722543,7.32840073872512,2.329153758331004e-13,1.996188822432139e-12,5.428887358203294e-13,1.0
C22orf15,4493.404832993056,0.1889962920955732,0.18208745516118757,1.0642552531704657,0.28721308280745805,0.4924749004894658,,0.0
SMIM15-AS1,13244.032151965182,0.19434801304977048,0.13828772242183984,1.435891266551797,0.15103328399698238,0.31091787890092776,,0.0
FYTTD1,902401.7164361924,0.9819415908044429,0.3609650733207258,3.1485628165761335,0.0016407545544203685,0.005620936619126922,0.0038243381857237376,1.0
NIPAL1,18994.184696192802,-0.30588146911931396,0.5285274684082095,-0.833309190574427,0.4046703743250998,0.6114801051601326,,0.0
RPL36AP15,188.5501975980297,-0.26541140476571945,0.32305042481140633,-0.9462533225920419,0.344019394887112,0.5555094663958934,,0.0
OMG,9497.372372702674,2.161796779984277,0.2042919326227116,10.75027337906008,5.908623384565174e-27,9.923304189296664e-26,1.3772062356173406e-26,1.0
IPO5,903000.4060142469,-0.04481027719087675,0.11561188324687105,-0.6573881714310004,0.5109313553851876,0.7018663399231496,,0.0
POU2F1,236334.2703304574,0.14521340611419806,0.38953960016417294,0.43035244113846693,0.6669392853512541,0.8109929681453085,,0.0
MYORG,711014.2488552907,2.620230217032996,0.23038205703032588,11.51307533058225,1.1336236465420407e-30,2.346271680062946e-29,2.6422966116596727e-30,1.0
MIR3934,3829.927460616795,3.0967991304022613,0.5875779403729869,5.678340648420885,1.3600765329362672e-08,8.203218556573278e-08,3.170122311348645e-08,1.0
APOC4-APOC2,54164.29850458879,1.7201978814971448,0.18211108630208572,9.5973154249004,8.205370146115506e-22,1.0943418793803246e-20,1.912541415365614e-21,1.0
SWAP70,603034.0329721719,0.13675852145513537,0.2163108705365557,0.5935018306524342,0.552845358202695,0.7345744929981467,,0.0
GPAA1,644523.536982386,0.2376707247475252,0.41431535056273744,0.6840147967339693,0.4939658222848182,0.6872131579016926,,0.0
FKBP6,6977.335236654528,2.6124570478906253,0.14277112964751004,18.395935474797593,1.4159581079294656e-75,1.605181600534585e-73,3.300373384276717e-75,1.0
TIRAP,50220.90732642125,0.3088254823608445,0.4895823336145219,0.8489762404163924,0.3958945132490047,0.6046300771849467,,0.0
POSTN,3880421.015155617,0.013704369801578112,0.24465877905840874,0.35294742365112364,0.7241278568497562,0.8512102477288559,,0.0
MAP2K6,48501.32980376044,0.8064787367682921,0.2919698421410475,3.032736536261765,0.0024234708418521887,0.008102059356004502,0.00564872549493398,1.0
MIR6513,804.0065691113153,-0.26721478007064803,0.6868428475681225,-0.724579928250886,0.4687097762506033,0.6658856063622925,,0.0
CT62,8506.022484742698,0.5832493234976913,0.7913615339829421,0.45027593820556305,0.6525114866047385,0.8018230036935869,,0.0
UGT1A1,22007.133094864737,-0.009302160593842266,0.13253012944042417,-0.05623879332908706,0.9551515774422022,0.979099068697432,,0.0
EXOG,39368.25045308444,0.15311831706025988,0.3291320136567203,0.5275884609228975,0.5977850036447745,0.7674903287184133,,0.0
POU5F1P3,10764.862475398448,2.4785780660430445,0.1346027352156339,18.5335567725132,1.1072052495133e-76,1.3806849461430852e-74,2.580719525501094e-76,1.0
TSC2,536401.3201240831,0.006251536710074709,0.2417251855639745,-0.006526246671035747,0.9947928455049792,0.9965670153738131,1.0,0.0
SNHG22,9053.54155881005,0.02835715798188509,0.21099581653456564,0.12873569497201492,0.8975667899049298,0.9461014907576704,,0.0
HEXA-AS1,4167.373583195139,0.2204702279192376,0.1775401476198059,1.2915858468076664,0.19650060801392188,0.37975398402690524,,0.0
YIF1B,263707.0279251165,0.6312347401167211,0.17212195652268816,3.840656143607948,0.0001227058934122988,0.0004976073140980053,0.0002860079422152086,1.0
TMEM151B,30155.207888337434,2.4976552629611337,0.21648095041612278,11.711531055202077,1.1125229560220803e-31,2.4446099139375052e-30,2.593114254503802e-31,1.0
OLA1,299961.92539445503,-0.1542020411600794,0.4278291780828393,-0.48830562968950897,0.6253333744713819,0.7848925193415331,,0.0
BBIP1P1,244.48080570790702,-0.042678015939441365,0.1425363338178069,-0.30917685994281097,0.7571869952429033,0.8706428612889815,,0.0
RNF20,367872.64456958545,-0.08477230094362681,0.2903497075536967,-0.3958371460153944,0.6922251717254744,0.8284716231702078,,0.0
SPATA32,1558.528634609889,0.15039086996800072,0.13538664535521983,1.133370676660353,0.2570586228632493,0.4554700666086792,,0.0
SPIDR,373622.48835143197,-0.3569287688093737,0.25532460837038423,-1.554210708833344,0.12013416393423082,0.26087471036305765,0.280013649394366,0.0
EP300-AS1,1725.1334330360926,-0.23701732965822764,0.11291106904606575,-2.128554927708774,0.03329110093415033,0.08739790076817992,,0.0
GTF2H4,506735.1784806076,2.576920263525016,0.2487871994224078,10.548654143515485,5.152991057080647e-26,8.31816161576643e-25,1.2010803454541247e-25,1.0
TMEM259,1129917.2223191028,0.14522623688479028,0.20070705566950875,0.65673996597708,0.5113481317351243,0.7018724493931755,,0.0
KCTD15,291424.3635609609,0.5035644335574869,0.22376783153193386,2.3959145470611065,0.01657895495988443,0.04709895867886348,,0.0
KIF3B,474317.16838135663,-0.36337772848936034,0.35017641969809515,-1.1937496970633918,0.2325758940445215,0.4243856952403112,0.5420974577075108,0.0
PLCB1,119523.04961693511,0.24640809998282753,0.41982360319593964,0.7275627149356645,0.4668813114961996,0.664423389940954,,0.0
OAS3,710480.8042288363,-0.5123579350170238,0.6523138113221809,-1.3566185687594967,0.1749024385723974,0.3471601128528127,,0.0
CFL1P6,149.6847900696325,0.23137483487577168,0.10280463213551227,2.2824988294206268,0.022459906514104087,0.06155495257821494,,0.0
NIFK-AS1,62527.960574863304,0.09855202126156225,0.11890108145569189,0.7999373743924589,0.4237470822946957,0.6294024289767497,,0.0
DHX34,175997.65407956694,-0.3899062011289095,0.49682371775923506,-1.0704197355058347,0.2844304198456399,0.4897269362064383,,0.0
KIT,397036.4313121135,-0.055460087181779576,0.708018225341986,0.8104243464496573,0.41769632971801407,0.6237932013872617,0.9735837816044178,0.0
CRNN,3359.889481795309,-0.7925773799294643,0.19438577836727045,-4.260043435335261,2.04387180702541e-05,9.054025376059276e-05,4.763940454879787e-05,1.0
CC2D2A,82339.60246131572,-0.24376242453723168,0.24525612833862231,-1.0753909830096335,0.2821997171111089,0.48773811120935945,,0.0
DNAH10OS,25977.797019120517,0.09661246925118423,0.6170488164477783,0.23990316716799678,0.8104053255057319,0.9008918572816114,,0.0
LMO7DN,1474.8244026876575,-0.15961892165712657,0.2654752900839707,-0.6656164366414378,0.5056562976962309,0.6970535561464637,,0.0
PLXNA2,187866.8061488403,-0.4770549120155787,0.3015691975436301,-1.829486565416956,0.06732675008511058,0.16022224686284903,0.15692795767501475,0.0
DYNLRB1,703447.509256738,0.6669395526444946,0.3834009497232399,2.0869024308426978,0.036896955124466065,0.09585521466710246,,0.0
BACH1-AS1,654.4691683844743,-1.0953233764215453,0.17507202249580772,-6.426452867403424,1.3061589512046634e-10,9.215163859418474e-10,3.044448994677038e-10,1.0
ITGB1,3335639.2040772773,0.6004171132770492,0.2917159217378424,2.155592361084289,0.03111550956587376,0.08242387770290935,,0.0
FAM186A,1248.849696749275,-1.4184345909158493,0.795990791201877,-2.58638547654793,0.009698839500627316,0.029160826660113957,0.02260645393884535,1.0
BBOX1-AS1,1915.0508884394626,1.60230848903386,0.20945545240901434,7.850965569464041,4.128462999538763e-15,3.9525476855469e-14,9.622791327896892e-15,1.0
AZIN2,48055.506118579746,-0.18485239439631382,0.345899344908807,-0.6449186779458508,0.518979886983107,0.7084487346118604,,0.0
ITGA8,85444.85237774954,0.8359501604783234,0.19819286382640092,4.385149602887395,1.159060925340423e-05,5.2894747443714823e-05,2.7015868671018832e-05,1.0
CMIP,544503.3748388316,-0.21426861374471354,0.6684812549537327,-0.5881674061764177,0.556419932546282,0.7369683015243904,,0.0
BSND,1224.2129892669143,-0.11707534356355466,0.5267872156005636,-0.3294393633622983,0.7418236190877225,0.8599254243444142,,0.0
RNU6-833P,288.6255986342923,0.3316087796616678,0.18701080531384953,1.8557490495988098,0.0634893359012472,0.15284015804798312,,0.0
ZNF586,34125.28236062125,-0.3864388919480224,0.34745266860874435,-1.316753858283095,0.18792114398475002,0.3670127902098407,,0.0
LIN7A,64408.29187815753,-1.890925196189068,0.15142127801932892,-12.668520616156945,8.836517940785804e-37,2.5625902028278833e-35,2.0596519387214762e-36,1.0
MKRN1,412184.775513292,-1.4594190544625438,0.2235622112975307,-6.797641294318983,1.0634583347874323e-11,8.160815652184173e-11,2.4787524177194916e-11,1.0
C1orf167,45854.74023615971,-0.00259701975620548,0.11720567526229243,-0.07814590494297392,0.937711991950694,0.9673851945915328,,0.0
TAF7,501577.89724623243,0.3234685216047966,0.3056622220982683,1.3302479083286776,0.18343660407070927,0.36034233697892576,,0.0
EVI2B,61984.574958975616,-0.6430071428761179,0.27962805406913727,-2.555596675975909,0.010600590959143888,0.031605348298989665,0.024708293319724163,1.0
BMP8A,8495.81529954194,0.08318584291649876,0.3299351056997794,0.2819035601954715,0.7780174595676741,0.8798507526014109,,0.0
PAPSS1,544175.548527431,0.008985354709470907,0.18019274722281747,0.1384929121761683,0.8898508709030798,0.942406160120435,,0.0
TRIOBP,604127.9203957089,0.611000244254695,0.29799349844132744,2.2035024938761656,0.027559351392570826,0.07402587223809547,,0.0
EDIL3-DT,3293.261865591439,0.19057210633614396,0.23351752447355406,0.8644497474054401,0.3873408747208523,0.5974200009609189,,0.0
POC1B-GALNT4,226301.05272408054,2.3062462298899216,0.1721877985292089,13.581295650846704,5.17036538751783e-42,1.939081394957815e-40,1.2051300258382682e-41,1.0
SEPTIN8,431663.7528886193,-0.022007754361171063,0.4275143916363907,0.009885755816699779,0.992112436535052,0.9963069928401126,,0.0
MESTP1,21026.87102469171,1.0580255541412527,0.6588581516692164,2.2320729881524968,0.02561013937256435,0.06942574738606032,,0.0
KRT16,413878.15616599284,0.013532889993821321,0.1439281993065954,0.03653716862996748,0.970854042203024,0.9882897882670783,,0.0
SERINC4,120362.88931624305,-0.051084196968818094,0.17016037843617654,-0.34660545912534435,0.7288877440932369,0.8538497105535616,,0.0
EIF2S1,417849.1305435515,-0.034986487333492404,0.15918008380064763,-0.248473229546413,0.8037682804496943,0.8958990868558087,,0.0
VGLL4,1249384.8524637918,1.1016466495102497,0.5955899451531067,2.4656971196189916,0.013674691010244468,0.03961054515627144,,0.0
TPSD1,7037.457925642475,0.7743095107878706,0.9258572980540284,0.28687870927853665,0.7742051931320149,0.8780662808873329,1.0,0.0
H4C2,1163.295100852937,-0.5321712459083225,0.45660177526063234,-1.495568556480136,0.13476612218924316,0.28423400316276737,,0.0
RAMP1,72743.11709869315,0.0026271271487947334,0.17772256172699433,0.009417479285845451,0.992486049743658,0.9963109598997693,,0.0
RIOX2,176709.69245398382,-1.9165436957282405,0.9697519996224904,-1.7689647488748068,0.07689975752683216,0.17907375842382767,0.1792411170765602,0.0
MTDHP3,119.88123301567195,-0.9440051797390039,0.5366445209586759,-2.275421944209026,0.02288063021430795,0.06263917865475745,0.053331113789237404,0.0
APCDD1L,32766.845488945604,-0.23427254999908254,0.20932636893465945,-1.212011892893168,0.22550782816202253,0.41645059121516786,0.525622919099144,0.0
COX11,199093.16556799083,-0.8865532938191113,0.2689016432045011,-3.6038667717513486,0.00031351780628834596,0.001209456162232227,0.0007307601952178831,1.0
GTF3C4,325351.03661044704,-0.05533587507919509,0.730803554593771,-0.18516309651034005,0.8531011132576768,0.9236527790165601,,0.0
IRGC,338.6944102394672,0.049563024550175555,0.31165719866984165,0.1788763928957974,0.8580347595469706,0.9261373339199226,,0.0
EPCAM-DT,5758.067847100164,-0.4372290518027474,0.3045261501612241,-1.6279736721732019,0.10353046842553698,0.23126286453496572,0.24131307313391517,0.0
BMF,111939.55863285987,0.28292308310620384,0.35890683991459843,0.9107272498454895,0.3624391025245769,0.5757663432349943,,0.0
CYP11A1,11971.707514312911,-0.056107707377965124,0.12796754742980518,-0.43133986636661303,0.6662212669582304,0.8103174054103032,,0.0
EPN2,287617.0322048128,0.16095289889797992,0.2420943873151495,0.7587319385891004,0.4480129271597585,0.6481192654872583,,0.0
FIGNL1,50360.53196464345,-1.2862205393894652,0.32461978128335717,-4.3332496485865875,1.4692433950944907e-05,6.590455085190036e-05,3.424572922771644e-05,1.0
RPS4XP1,32295.218677067758,0.2637527328092721,0.3777410721457533,0.8299134807248364,0.40658770245586884,0.6128461648426514,,0.0
GAPDHP72,32481.11233544121,-0.18179667362783872,0.6318293764312612,-0.5008137996120313,0.6165021728278502,0.7789039610094521,,0.0
WDR87,1400.1961438944206,0.8150389262586483,0.19384591247459598,4.376394217252086,1.206587069489394e-05,5.4812898930902524e-05,2.812362758230419e-05,1.0
TBL2,766956.4762703074,2.3517583290751767,0.26733450301060946,9.035065745517247,1.6390387465111973e-19,1.9558672888990077e-18,3.8203389100924543e-19,1.0
CYB5R1,435710.9311037706,-0.37042271785253705,0.11928641422421124,-3.256374096814022,0.001128449644026987,0.0040090504447340535,0.002630236833834865,1.0
RBM23,1029187.4920647051,1.8851712524313737,0.4068177530694882,4.933483224154773,8.077598283220443e-07,4.107141716279671e-06,1.8827598241450268e-06,1.0
CASC18,682.2461896324679,0.21267633273895342,0.2347545968571588,0.9733406953701137,0.33038400297398496,0.5410227862226648,,0.0
FIGNL2,27466.20606536956,2.3464915760084843,0.408621078896316,6.090068147246269,1.1286263481183942e-09,7.426897393686741e-09,2.6306487029974534e-09,1.0
ATP6V1B1-AS1,1588.4194589060162,1.3959227074072622,0.2575336081505355,5.673087480667706,1.4024656427934332e-08,8.438478439389198e-08,3.268924591707311e-08,1.0
ICOSLG,176638.5483038999,1.5991386323710026,0.21671726547322828,7.542263876406734,4.6188193343480205e-14,4.1736722535738997e-13,1.076573403725604e-13,1.0
GAREM2,100842.2124236499,1.9627203596263703,0.22415793421032693,8.916540122026042,4.8108251676100205e-19,5.5547212814904586e-18,1.1213269128990085e-18,1.0
MYCBP2-AS1,47842.650231342726,-0.8533327145159667,0.7021769761345726,-1.8880058182858919,0.059025169356213505,0.14389909323010408,,0.0
CPHL1P,60388.28838621771,1.1247822524973916,0.511075668761341,2.6984025020216826,0.0069673143442219015,0.02150554699813047,0.016239702779896656,1.0
LINC01752,649.66766756927,0.19155360635774754,0.5075359345030863,0.5269385725081727,0.598236246603286,0.7674903287184133,,0.0
GPX2,37413.32829585786,-0.06172509086781935,0.228567054542374,-0.31760699435253187,0.7507830679405874,0.8661264647934467,,0.0
NDUFS5,572083.2741664195,0.03257240834917614,0.25924977810060135,0.19115077537961117,0.848407467975631,0.9210395507073595,,0.0
OGFRL1,2770917.1287950827,3.212975044379101,0.22444440108550104,13.611023777326592,3.4438551808952836e-42,1.321380741715821e-40,8.027079272105455e-42,1.0
EP400P1,151624.48073074737,0.5166979735036245,0.259729934326873,2.1331671213611907,0.032911019206673185,0.0864455838877756,,0.0
CCT6B,15173.25123168761,-1.9664159218640052,0.1521409247905313,-13.071811263568977,4.7715692986946e-39,1.5256786962749144e-37,1.1121769935461992e-38,1.0
INS,4863.988494244489,-0.1571051885664811,0.21917483941514687,-0.7684214680671261,0.4422368301742363,0.6440517690245521,,0.0
TAS2R14,32716.73804446688,-0.4746502575100141,0.5592323822821856,-1.2376590840264434,0.215842496503723,0.4045325118811142,,0.0
PDZRN3,239908.2906108969,0.18230496719730457,0.19515676367255352,0.9632365316682929,0.335428835962471,0.5462354011690517,,0.0
OR5BK1P,620.4669259320161,0.7772267610316675,0.7136034296932195,1.7379247191026843,0.08222407943197078,0.1897888515532949,,0.0
GCLC,827903.0759850586,2.5025365367019767,0.28621208919191055,8.972606782951216,2.8957835156433225e-19,3.3827091747140263e-18,6.749611297209763e-19,1.0
GALR1,2340.720840472591,0.2029889559715208,0.14721361816831252,1.4153410156974084,0.15696853470733982,0.3206220520557785,,0.0
FAM187B2P,1127.7021361944692,0.3883672993329986,0.21326948090805378,1.9303587412681842,0.05356240335661817,0.13272194135261373,,0.0
TADA2B,261514.1695752956,-0.04566093032842473,0.2989651048544342,-0.0920862091026679,0.9266295454352413,0.9602588628420183,,0.0
RFC5,107726.90916927974,0.1667742758673749,0.47600425577003425,0.4508529700590357,0.6520955212632986,0.801738343618766,,0.0
TPM2,1076826.8270460088,-1.0325526900780637,0.15398383113221215,-6.619925349705125,3.59380308251757e-11,2.6400426768185034e-10,8.376584007288617e-11,1.0
EPN3,266246.5936178017,0.6176056349470258,0.5221387977510099,1.5677290601414116,0.11694437670703524,0.25528164158192196,,0.0
RPF1,130280.62906177124,-0.09471545362363804,0.5659134549171077,-0.26756548730787333,0.7890337997064881,0.8868980949199474,,0.0
BIRC5,276362.5102009234,0.6867688852609002,0.24454111558647934,3.0477459912778873,0.0023056472918471186,0.007744490701503992,0.005374097519501602,1.0
GALR2,774.8290292713172,0.6499364987185473,0.2160347897589148,3.1742337257085045,0.001502326632307503,0.005182299614073185,0.0035016846924999182,1.0
UROS,250887.8577302855,1.025383779334152,0.46900180462423735,2.6194908894609554,0.008806112488989585,0.026767147528994544,0.02052564910985049,1.0
RNF217,528553.6761069226,2.1414011007885847,0.1348902162672229,16.065845152861417,4.4278792047351584e-58,3.0675363157248568e-56,1.0320682931410733e-57,1.0
FAT2,71666.63670359828,-0.1866353298408941,0.5541721836768766,-0.5151668493586437,0.6064364322155451,0.7726431861073813,,0.0
RAB5B,2496465.9476226764,1.99236785316057,0.10485509171683385,18.685553750480466,6.490190257296164e-78,8.519228685103492e-76,1.5127602338034239e-77,1.0
FCF1P8,209.8428497116034,0.08642569578465298,0.15351356186091505,0.5790183288649926,0.5625768058239593,0.7415691546378396,,0.0
GPATCH8,241278.90251200637,1.357811743686779,1.0130631425268444,2.105943239131,0.035209283130874486,0.09199785450853952,0.08206724497981398,0.0
TIGD6,52291.02110187054,0.29695362442814466,0.23002455072707098,1.3626033794777084,0.17300754319776146,0.34408358272345857,,0.0
FABP9,582.6185727796006,0.7854151446065891,0.21024363305869417,3.9191828905861263,8.884967635052144e-05,0.0003668726702288087,0.00020709447926934622,1.0
CBX5,595569.9994844978,-0.8575469255403525,0.1234503785865242,-7.267677654514868,3.6572020241466536e-13,3.076243456398568e-12,8.524356867496967e-13,1.0
DAB1,24089.876642276107,-0.1531441947619395,0.11183803279603563,-1.3902578638524148,0.16445058803746415,0.33129221855043267,,0.0
SLC4A1AP,637621.6136419756,2.834594867024457,0.37975156794592885,7.731239948445443,1.0650405852420705e-14,9.94835662769185e-14,2.482440392143667e-14,1.0
BTBD10,151825.79325815945,-0.06786099807094004,0.19519492470087155,-0.3944484588689846,0.6932499727427164,0.8293984418903436,,0.0
MCTP1,90000.52320262327,-0.5876629567402243,0.644341477458742,-1.4473072124447839,0.14781089999448738,0.30567196068511737,,0.0
LBH,997774.2538734332,2.1799312893311953,0.12618901816859365,17.216727597952218,1.9892209878996698e-66,1.77182755136492e-64,4.636558078338109e-66,1.0
MIR4297,184.62814916651993,-0.3667353191958499,0.2075324719221746,-1.8713430397890591,0.06129754851896578,0.14835136924434802,,0.0
DPP8,255032.5586553451,0.27429555755174123,0.21171333686388144,1.2676803266233414,0.20491213318298407,0.3893720839301808,,0.0
SGPL1,526906.7575880224,-0.2904449079414976,0.47230262966390196,-0.7370051227414713,0.4611192341076742,0.6584777382562492,,0.0
BAX,138029.22925796398,-1.3775086252655437,0.22017943758526035,-6.5141363862831625,7.310904859011198e-11,5.239481815624692e-10,1.7040557680723296e-10,1.0
MTCO1P2,1348.2307910762886,2.4200338539771202,0.3477637815234532,7.241580031746882,4.4348733350743737e-13,3.6991886614299285e-12,1.0336985138014476e-12,1.0
PRICKLE2,214894.15171766203,-0.23242468765128865,0.19432789437916914,-1.3084905668709974,0.19070697202878273,0.37085628712653734,,0.0
CTAGE16P,846.2377130457546,-0.2659086654798167,0.225735820431738,-1.2642541530993445,0.20613881947670376,0.39080974213219244,,0.0
CLPP,90142.89722955332,-0.32263189443433254,0.6974735027930822,0.8540633352339094,0.3930698976583289,0.6019750228798724,0.9161834810839927,0.0
IFT140,184276.15405464516,-0.8556484507823633,0.1461328394096966,-6.017170338940834,1.774922843884527e-09,1.1522317630702444e-08,4.137063152007486e-09,1.0
NPY2R,13857.895791254767,0.35938393487884684,0.4539633836369398,1.0154923411580987,0.3098711955490364,0.5183224424542567,,0.0
CIAPIN1,207371.68360838603,0.030412065862879995,0.14330260733002495,0.1623432275818112,0.8710355754647874,0.933145500519407,,0.0
SCN2A,23051.624837693482,-0.23464105819470638,0.5493907435169577,-0.6429721746614301,0.5202421551994965,0.7095892453199585,,0.0
KDM2B,352963.1492900244,0.3472558519049288,0.6952468775950843,1.0031329355898826,0.31579672548164206,0.5243655348543378,,0.0
RPL35AP8,224.98740431523737,0.06818543621193791,0.334741179566597,0.23463795306208055,0.8144897494807559,0.9028166378688911,,0.0
GRK5-IT1,277.25393650346444,0.05306351606766972,0.18928370533133537,0.2918710482638106,0.7703852202636459,0.8766301973981125,,0.0
EGR2,363898.3045421008,1.9616685782493584,0.3957802678622391,5.277269684748966,1.3112284648509942e-07,7.28330465776922e-07,3.0562652255498875e-07,1.0
CCNYL1,106308.21782068445,-0.5645390478655813,0.4221980723268141,-1.6458568056888476,0.09979324370106805,0.2244223172141242,,0.0
RANBP3L,30343.430878208543,0.7693881571548349,0.19897016122588898,4.013532836419651,5.981667685914524e-05,0.00025136106501551513,0.00013942317017449367,1.0
ASS1P1,4338.19501878352,-0.5583324314224882,0.1555435849291773,-3.7008858091034775,0.00021484815048189616,0.0008425020240595111,0.0005007769040204197,1.0
BICRAL,527035.1189907016,1.9360188719780353,0.1435653031445529,13.501769246559846,1.526653479644631e-41,5.518077939469144e-40,3.558386708629635e-41,1.0
LGALS8,633099.9907807303,0.1450771601796983,0.2891040570810903,0.5052925331476092,0.6133533864791226,0.7764991603446355,1.0,0.0
PROSER3,144328.0769612678,1.2612006479710973,0.16774013264650192,7.665317995507996,1.7838866628292892e-14,1.6417023384118995e-13,4.157956389809577e-14,1.0
CD4,402213.1694557149,0.9696485317560954,0.24927554106121896,4.073368033748557,4.6338112337984634e-05,0.00019704561324967377,0.00010800677772984456,1.0
SHLD1,38875.92214053024,1.495314272276004,0.5518235459228998,3.231839467015599,0.0012299613336586984,0.004323500445588152,0.0028668444543409285,1.0
TRIM22,427190.1709172437,-0.08619173086811639,0.16760409488568112,-0.6501352694449826,0.5156048488695084,0.7054745807611201,,0.0
SYT3,1947.963681810809,-1.743651546212075,0.14993735355409893,-11.778297162328546,5.05030256637971e-32,1.1450413273228178e-30,1.177145289771121e-31,1.0
TAF6,199242.3227232137,-3.7608184040739934,0.15035632328670578,-25.090807668776797,6.26599946006686e-139,3.906850663351687e-136,1.4605049208791353e-138,1.0
RNF149,378072.49932392186,-0.2717843894078961,0.48263518303928304,-0.7619128710415289,0.44611200756240177,0.6474977919353866,,0.0
TXNL4B,71438.83332760309,0.1904272713246053,0.2859736351261323,0.7076929664211145,0.47913594621543876,0.6749308386677799,,0.0
LINC01337,229.45889802274422,-0.04168047316119771,0.18162715723673586,-0.2419009058919446,0.8088569481768164,0.8997141494509292,,0.0
PSMD6-AS2,18050.00137625854,-0.4563344978507551,0.7100757550236197,-1.159755783858464,0.24614825102489624,0.44149136142113715,,0.0
TMEM140,557441.0350228224,2.573980886006192,0.5097246489661699,5.4373262775902536,5.4086041488017445e-08,3.097372846638703e-07,1.2606596959917338e-07,1.0
SYT14,1903.811629847081,-0.3852084376312664,0.16897377849092224,-2.3701141574480427,0.017782593757663574,0.05019783682129367,0.04144840077720837,1.0
IQCA1-AS1,374.14409828322925,-0.17436103698928662,0.5476586960931885,-0.47983310355838577,0.6313460720133062,0.7890482788587254,,0.0
MIR4700,7717.725536196716,-0.2922826232179748,0.370607620221399,-0.9492083929066992,0.3425146337591085,0.5543144725598074,,0.0
KRT36,167.35948029757824,-1.6410349444162566,0.376245774693026,-4.729277507168236,2.253202283654828e-06,1.0954164708450565e-05,5.251856537789851e-06,1.0
PXT1,370.6344775869387,-0.05201488941732807,0.5681409060230204,0.12804471810855683,0.8981135843499537,0.9461014907576704,,0.0
HSPA12A,182434.16609495674,0.660530540728956,0.27629399942446486,2.5520014051773905,0.010710608679313187,0.03187620291910154,0.024964727145987936,1.0
LINC02413,609.3520139753398,1.0298825974700954,0.5346530728921606,2.4426178598622217,0.014581167662343728,0.04204096202298873,,0.0
LY86,52465.07186059384,1.6571664564508561,0.46874389121485593,3.9640856754265412,7.367779007102811e-05,0.0003070215679818615,0.00017173122283845244,1.0
OACYLP,790.5223476753988,0.32260494311443905,0.19383287992647627,1.748427837850029,0.0803899710177073,0.18615839156746702,,0.0
CAGE1,1366.0210936093113,1.4725210790052194,0.234585071709245,6.509990757290053,7.515542920368734e-11,5.3784114902151e-10,1.7517536489158528e-10,1.0
COX11P1,1584.37459278124,-1.457093439966493,0.3097232030757827,-5.013784065096306,5.336987901558878e-07,2.7992529603549615e-06,1.2439670865876487e-06,1.0
TBCB,262257.06536082795,-0.3323303129750383,0.28203198080261066,-1.297504551954064,0.19445763992311904,0.3766688913622799,,0.0
FTSJ3,348142.9689114504,-0.30343682486684614,0.3431597823747076,-1.0704269287946035,0.2844271834700187,0.4897269362064383,0.6629545753030156,0.0
SCARA3,261088.59484153302,0.20794526417684756,0.10877078482465025,1.9541404028999392,0.05068461508150295,0.12647066534594134,,0.0
RN7SKP176,3561.513275276187,0.1008735257011255,0.09671383824753346,1.0551278923816183,0.29136683696668064,0.4973744375142739,,0.0
GTF2B,122452.35087040847,-0.12483867332117664,0.23717324768116982,-0.5889884641510142,0.5558690121332911,0.7368255733512772,,0.0
GTF2H1,164365.7923211197,-1.8050249672439589,0.4619427558851338,-4.403623686792044,1.0645754267968358e-05,4.90314148556105e-05,2.481356181711503e-05,1.0
AFDN,1009458.0986389242,0.05161298807862455,0.2463084521059661,0.180845729173807,0.8564886681579685,0.9256708205693013,,0.0
GDAP1L1,1116.5305878330266,-0.05327064233957459,0.4613684561005181,-0.15960049806241222,0.8731957866141151,0.9344562505108789,,0.0
SHB,173266.63215592306,-0.04267868101991264,0.23991715242212705,-0.19844534508197972,0.8426966425724556,0.9175662198540513,,0.0
GREM2,26735.60878252135,-0.9512318927935575,0.5046120067478764,-2.378053895185537,0.017404281903586945,0.04929730728852452,0.04056661595097742,1.0
CCDC65,5351.062488911803,-1.6029593880184319,0.4636539163308596,-3.9155670994642806,9.01919554520472e-05,0.00037149254648621914,0.00021022311859570628,1.0
SMCO3,15054.856008308281,1.759639955341739,0.12633392162787319,14.021486043730928,1.1517737292376414e-44,5.084112709236597e-43,2.6846015707651195e-44,1.0
ASF1B,303169.0059076993,2.3942475739799782,0.3434170706368076,7.265399716319058,3.7193677960186397e-13,3.1180179103430212e-12,8.669255404925689e-13,1.0
KIF13A,1337514.3238018223,2.37276524473112,0.2867370413707063,8.51899470549861,1.6094420079954827e-17,1.7338869839916778e-16,3.751353614897882e-17,1.0
RN7SL333P,828.5103811156152,-0.8573829060362734,0.5552918352830751,-2.0642129341499658,0.03899753170949465,0.10073520878661799,0.0908970505453081,0.0
SNORD73A,4556.118464571462,0.17774783611816128,0.2784037575909057,0.6984115121443115,0.48491987893103494,0.6785818509641622,,0.0
FOXP1-AS1,364.6569641821301,-1.8325479536929696,1.120653396549933,-2.7005910210924173,0.006921639445270517,0.021377794150470177,0.016133241847200625,1.0
PABPC3,266922.1143941322,0.2182805690615824,0.16970130381105478,1.2596838326319857,0.20778343991368942,0.3924361220331249,,0.0
RN7SKP163,655.0898146867596,1.8729058390340634,0.16294233603116917,11.652903280017776,2.217721553565755e-31,4.7476373859167316e-30,5.169156593077563e-31,1.0
NT5C3B,146121.28180601468,-0.5437059767855508,0.7059722391972832,-1.384944048257269,0.1660695767042888,0.33374498332030317,,0.0
SART1,334591.04325537547,-0.8400549960716656,0.11509426921050032,-7.538462982572871,4.755429246288474e-14,4.2816030831203807e-13,1.1084150037610705e-13,1.0
HBG1,1582.0007521456469,-0.17124731270973817,0.3495229440466416,-0.581852666890716,0.5606659252848041,0.7402333603283755,,0.0
ZNF554,37789.367179673536,0.048694430817246746,0.47083592835738786,0.13257715071734472,0.8945278039640967,0.9446027506447248,,0.0
PCDHA11,74589.82067824286,0.25268984522064847,0.34904131569505215,0.8377784414173672,0.40215514882947256,0.6094567928465653,,0.0
CACNA1G-AS1,667.9511555317252,-0.9122016706184513,0.4307602144052105,-2.5258044288877106,0.011543372130303464,0.0340096516160388,,0.0
SLC52A1,7247.194045871057,0.09575408323655459,0.12215366985133069,0.7988151821690547,0.42439758587690324,0.6294168568452213,,0.0
JPH1,37338.78333817492,-0.12456556823889522,0.3016623421800442,-0.47773226453681433,0.6328407770318455,0.7895472225699964,1.0,0.0
FBXL5,626127.4493702374,-0.1473555476641177,0.3026277003387128,-0.5935972927736195,0.5527814921707872,0.7345744929981467,,0.0
ADAM11,11211.298953610247,0.014738590161442133,0.13238504937020723,0.11909397650952967,0.9052009028300871,0.949485552016755,,0.0
SLC6A9,114775.38869195382,0.11663915402905016,0.22017875486038188,0.5446575585465833,0.5859890598252974,0.7599878914218886,,0.0
MARS1,544815.8626673331,-0.8974646171641737,0.2943310414686926,-3.3285975227011986,0.0008728444030650563,0.00315032408284262,0.002034461627331075,1.0
ENGASE,471461.7645981379,0.9198861439778805,0.3401980242853143,2.9730230569569756,0.002948822989230059,0.009734433534268387,0.006873237883308193,1.0
EIF1P3,28050.38719167341,-0.6813792563371344,0.8529618138535399,-1.5918926229010086,0.11140883342197407,0.24588816863221533,,0.0
CCDC107,153068.92801793118,-1.5887492466974735,0.1490095183477839,-10.801374954546073,3.39087296873767e-27,5.792354235638185e-26,7.9035861533007e-27,1.0
HDGFL1,215.85621068015115,-0.7612197795632918,0.23871927615852556,-3.394523353289119,0.00068748176443492,0.0025214404713245447,0.0016024107668230752,1.0
ANKRD49,98645.54956553942,-0.8586014663367905,0.458338071636295,-2.3198306271800844,0.02035004156358299,0.05654930769869189,0.047432713700538295,1.0
COX14,103456.92489088082,-1.7935990547713432,0.534435693115094,-3.8765820416879015,0.0001059341008251091,0.00043275945529536793,0.00024691555837179634,1.0
LAMA4-AS1,5956.852271248084,2.390701476021221,0.25614553982347044,9.537620480706302,1.461470569652632e-21,1.9133373232092726e-20,3.406455701601555e-21,1.0
LINC00243,1055.3605490795953,-0.11451372746521442,0.5879315382880462,0.7320635797919919,0.4641297619992609,0.6616402551735677,,0.0
APBB3,184480.24101124587,0.5969751764916398,0.36469165919962504,1.9546581914888388,0.05062342791916276,0.12638121044083275,,0.0
LINC02705,598.6632668470754,1.5482467373099587,0.15662379865227316,10.030041752532982,1.1246903481462041e-23,1.6260740453777584e-22,2.6214745124080682e-23,1.0
C1orf226,129734.78148986338,-0.3105869104237709,0.10980869953091392,-2.7443355670898395,0.006063352223809946,0.01891432200898312,0.014132710697366362,1.0
FOXRED1,142552.64529642777,0.15456173807272533,0.7439750285421003,0.4154531318842325,0.6778102182614174,0.8190206803992126,,0.0
VIPAS39,67924.43051726301,0.34852425441873636,0.8017716044016463,-0.7257992063071317,0.46796187356568264,0.665202002093367,,0.0
SERPINB13,1406.6947760293824,0.10208414840045343,0.1004805257650922,1.0291476115112734,0.3034103158517252,0.5118061060089297,,0.0
RTP3,1230.676130819137,0.030211535311669736,0.6514526870954949,0.07421881913106168,0.9408362716471591,0.968681636912518,,0.0
SLU7,183566.9861603923,-1.9352872334914497,0.1591634527565652,-12.432102218257196,1.749715960972302e-35,4.769171154825051e-34,4.0783099127709543e-35,1.0
LINC00994,348.74745031236466,0.28002506928031595,0.31876219274719586,1.0028551928137819,0.3159307342884857,0.5244134784129674,,0.0
PPP4R2,276834.79816897743,-0.21001875639777356,0.2891601067213851,-0.7321579132623436,0.46407218911853754,0.6616402551735677,,0.0
FCRL6,5364.015928692605,-0.22408593415183609,0.2860290364242919,-0.8871650617257961,0.3749900397420207,0.585675936347557,0.8740422047818689,0.0
TAGLN,5022514.223691843,-0.44498418930787004,0.19756828453409847,-1.9537390465246198,0.05073208604320464,0.12652582259175238,,0.0
NPDC1,827403.7147790066,-0.11730477850444243,0.3304588666145151,-0.42821330166846744,0.6684958328570266,0.8116852043298985,,0.0
CLK4,170086.11993009812,-0.8108428926915486,0.10789230271404422,-7.391971853530592,1.4466715485172984e-13,1.2549561189572668e-12,3.3719615345814413e-13,1.0
GOLM1,783088.3228001015,0.290832475828303,0.5686170423245743,1.0015367744772583,0.3165673704517228,0.525120732894311,,0.0
MED7,70143.61197456543,-0.8685751959263325,0.5189485397919844,-2.1896421643720565,0.02855019856930717,0.07648141270875627,,0.0
RAET1L,3156.6138653567177,-0.01119598962761149,0.39784968580373803,-0.03938261970004464,0.9685853366291646,0.9871891416236765,,0.0
MRAP,185350.39515170414,1.636451423458539,0.17513138151068378,9.468421898839598,2.8410324703157678e-21,3.6807973927104023e-20,6.621995309315444e-21,1.0
PRKAR2B,1195057.7399602341,1.8608218919457176,0.3325513515715749,5.827930618425113,5.611889927491233e-09,3.481605343075407e-08,1.3080423812301997e-08,1.0
SPRYD4,74405.00810208161,-1.332567654823044,0.19515565106898436,-7.032092796642703,2.0345840554360928e-12,1.623760842962437e-11,4.742292181549173e-12,1.0
CENPK,22202.365476866173,0.06420853006058214,0.22897036570938203,0.28948262066439606,0.7722120775486145,0.8772019683016373,,0.0
PLXNA1,1774315.3581765252,3.264353464731657,0.5269132310302113,5.85715517294616,4.708631370870888e-09,2.969235559785586e-08,1.097507162518878e-08,1.0
MTFP1,67698.36463080121,-0.023149139107526657,0.17626930807159688,-0.10337735714159638,0.9176634822344363,0.9549647451785886,,0.0
KLHL30,14595.645329716726,-0.09348137535826455,0.2962210360801781,-0.35488501505985603,0.7226757350090809,0.850166642977664,,0.0
COPS5,389752.8345084617,-0.11544158873493122,0.17829422523531327,-0.8263128212978863,0.4086266622745458,0.6144798888831579,0.9524438277688947,0.0
CKAP4,659136.8602466079,0.11624185349558114,0.1477014288940596,0.5922231061223675,0.5537011987216838,0.7354463968124827,,0.0
PTGES3,3757895.6328821457,3.156666881532755,0.3490657319124094,7.698803440872746,1.3734624985283852e-14,1.2733886510519675e-13,3.201322870401675e-14,1.0
SPPL2A,339449.3713340779,-0.10441318273390518,0.2695790086478907,-0.4750174300983669,0.6347745497741898,0.7903764681863416,,0.0
ABHD5,167924.64581697,-0.10523109597626226,0.37948312079347385,-0.3699014571549594,0.7114559156799609,0.8417770219525051,,0.0
IL27RA,73839.27465447845,-0.9747804455892695,0.28903425343882955,-3.6565266999457307,0.00025565579348015883,0.000993155060653452,0.0005958930363920712,1.0
POC1A,51168.48860038064,0.024325252505977044,0.14128791409202496,0.11287222582582854,0.9101318561660836,0.9509295556255603,,0.0
SOBP,40463.50453189401,-0.5121189069168142,0.19664615640270647,-2.766125637236827,0.005672667519438381,0.017778324672632347,0.013222086722877871,1.0
UTP4,220851.43776133572,-0.2658166599474294,0.18722863501499185,-1.57873494389796,0.11439686611820425,0.25103896533110553,,0.0
CCNYL6,1194.6149103501145,-1.6758195794326338,0.1776099181368474,-9.607802576050648,7.411373091094458e-22,9.910972916455539e-21,1.7274733167466897e-21,1.0
SEMA4F,54853.22334477517,-0.3157443935034906,0.23860471080781118,-1.4481457796961283,0.1475762846225397,0.30567196068511737,0.343976872755714,0.0
SUOX,114857.99823495769,-0.6039662693879254,0.300245551416954,-2.264746000755508,0.02352827084736171,0.06430630958172066,0.054840661208710374,0.0
VRK2,141675.24911414488,-1.8988191690648086,0.5691208900275849,-3.920994918436726,8.818412270839211e-05,0.0003644261839846394,0.0002055431794717102,1.0
CCDC110,10899.565288996197,0.06908015348902567,0.14589247758056947,0.4817110295357862,0.6300112397897091,0.7885648697672107,,0.0
MIR5685,1934.4810716988345,2.0832814057587288,0.2427860259025773,8.79022143458934,1.4926547292073933e-18,1.6768832858753328e-17,3.479141023031065e-18,1.0
EMC1-AS1,11550.862158547914,-0.28201946354251184,0.182360688029625,-1.6517836892109694,0.0985786548939624,0.22199111991471082,,0.0
UBTD1,103291.50965592852,-0.09795047402982035,0.19984046306695213,-0.4907183121373471,0.6236256928809644,0.7834382415429845,,0.0
PCBP4,276084.90156130306,0.1727933559816152,0.18603113751273614,0.947034861121229,0.34362101518471333,0.555225663667428,,0.0
FLVCR2,48103.00366364671,0.3608803460629074,0.21389111191807647,1.7725422564382447,0.07630458731900797,0.17793701802113684,,0.0
TMEM184A,197508.255298304,0.10992673750979116,0.5072583161915386,0.39613721628099446,0.6920038046305967,0.8284716231702078,,0.0
BCDIN3D,99044.05032256503,1.6747570387509603,0.17699108287063722,9.671804558285313,3.973095780628514e-22,5.429534727061652e-21,9.260655025128518e-22,1.0
ZEB2P1,557.7629258206017,0.10946656301701,0.15925777934129826,0.7103664874185742,0.4774768993637598,0.6738841064789257,,0.0
ARHGEF1,447992.11069800553,-1.7010335063916882,0.10460435011435569,-16.412583422224195,1.5544785028436602e-60,1.1572744436095786e-58,3.6232424169084945e-60,1.0
UBA6,308099.2637106157,0.06716534006019254,0.41908018004335124,0.15176639293499233,0.8793711895863922,0.9372443362514795,,0.0
RNF220,405788.1031489127,-0.686877242355919,0.4644376321086162,-1.8811782901570213,0.059947669905485605,0.14557885953678784,,0.0
H2AC6,323748.0988678167,-0.5673267134595783,0.2959863823164185,-2.144310817145334,0.03200799065812795,0.0843847026441555,0.07460554084240291,0.0
TUBA4B,2989.213627534233,0.14875605050626597,0.14979003261696633,1.0245725861712836,0.3055649050993673,0.5142240701627745,,0.0
LINC02762,16177.414687546372,-0.3498672420732101,0.747059758082614,-0.9547839582973093,0.33968696137431786,0.5510109149057227,,0.0
PSMD9,219004.21820683876,0.30918459422961125,0.26270061716480547,1.2542786166311477,0.20974075340892395,0.3955337913057515,,0.0
SLC5A7,2572.9704314976834,0.027282337465750036,0.32378518389480426,0.09500805452899766,0.9243084292744123,0.9583143723177653,,0.0
LDLRAD3,1466854.190337107,3.364257073563844,0.3403991919503788,9.693872340099395,3.2015464721967287e-22,4.399260000913852e-21,7.462296169774431e-22,1.0
YWHAZP4,31136.472068406212,-1.5449044603179063,0.36616074448742547,-4.588784518290626,4.458343455247104e-06,2.1179254433116718e-05,1.039169025923951e-05,1.0
ERAP2,175377.9777867329,0.12479868166290756,0.3077511140177567,0.3986028031357533,0.6901858958371796,0.8275201769486081,,0.0
MYH13,2758.7851265767968,-0.09553262400978048,0.1888665512084745,-0.5350171610244239,0.5926379906299104,0.7658233930730552,,0.0
ICA1L,52540.3408731323,-0.02745185974530437,0.22988936430387544,-0.14612446851874972,0.8838231306523626,0.9387797648411381,,0.0
UGGT1,468880.72497097636,0.19659449331385748,0.13654099501678718,1.3997032498992712,0.161602200208944,0.3271395189294694,,0.0
WDR88,2016.3954191675373,-3.2465441257902814,0.23495472475883397,-13.97749719007765,2.1387800921691813e-44,9.276726173686849e-43,4.985156588663494e-44,1.0
PARP2,154867.71440437413,0.13460571158289128,0.30669543520947257,0.48264988497205674,0.629344352443868,0.7885648697672107,,0.0
OTUD6B-AS1,130138.44860494575,0.6003450518900709,0.8512515701164439,0.5914381009331461,0.5542269179203064,0.7355073514821289,,0.0
DNAH11,72052.11383990591,0.4831250931089837,0.18154433674812545,2.7246836745408007,0.006436311923117712,0.019990239023979544,0.015002020501173432,1.0
OR5BT1P,589.7521328873605,2.6356993251148713,0.21323499173916013,12.531696284942928,5.0079949385531356e-36,1.3801037985360795e-34,1.1672840539020112e-35,1.0
DERA,344181.57511660596,1.9052077718039166,0.14684597328002907,13.13007789451222,2.2142864300605834e-39,7.218863211204046e-38,5.161149865954294e-39,1.0
MYO1D,732535.9077190927,0.4721403299975078,0.24348217610296083,2.019253223987036,0.04346090693194009,0.11026602430138208,,0.0
MDC1,290808.50361604604,-0.6680979904811221,0.24908413391483458,-2.9479771064068165,0.0031986075152698056,0.010482690069754132,0.007455445928114855,1.0
THAP12P7,28715.985006360617,-0.24560170255528427,0.18055864465055976,-1.4337189991404269,0.1516524681702203,0.31167800215618413,0.35347780898741066,0.0
DEPTOR,184840.61197951023,0.5515783600747731,0.2473086966215439,2.318842688848428,0.02040356758071858,0.05660344554650961,0.04755747434234779,1.0
SEL1L,397013.03172788845,-0.41202557145650115,0.7286903819926027,-1.1348147538052178,0.2564529431797167,0.4549030158536368,,0.0
PSME4,2716057.3775485074,2.84513945525392,0.20371714265371496,13.635083016748323,2.4770880652338323e-42,9.65290255420809e-41,5.773698724012315e-42,1.0
AZGP1P2,1517.355300536419,2.4082313632429897,0.137943103832206,17.57083170380601,4.120865566628171e-69,4.110975489268263e-67,9.605082918851082e-69,1.0
USP28,132542.48059525216,0.007472784248763458,0.2379463774376353,-0.026814700841979087,0.9786075278580764,0.9907283361276402,,0.0
SRFBP1,67869.88077425963,0.5414106591103057,0.6214063921734002,1.3107918894806927,0.18992808344090117,0.3696298401105014,,0.0
LPCAT2,159789.57437020328,-0.03733847764744716,0.5928227140920251,-0.1267062498650471,0.899172899034713,0.9468072738472313,,0.0
CALML3,88708.9822924078,0.9921891402817143,0.5367332051832848,2.3478949591583005,0.018879844795499336,0.05284661382713282,,0.0
FAM135A-AS1,78.39776818442922,-1.5240908298155593,0.3775798524549004,-4.4098888042429785,1.0342371168501376e-05,4.767813991542039e-05,2.410642401331068e-05,1.0
MAL2-AS1,114581.81441893506,-0.6176222556883245,0.3796549302232646,-1.9142225755990687,0.055591722352685356,0.13734101589657977,0.12957547247438997,0.0
KCTD1,101873.19710414772,0.16829050000069187,0.23909556232990417,0.7392785557104433,0.4597378680973252,0.6573333725086266,,0.0
TSPAN33,52381.251447078204,-0.9479341455326045,0.5212550665192515,-2.327058305458244,0.019962162240905093,0.05556432213037645,0.0465286286250629,1.0
TMEM208,156912.57645614934,-0.4361090605721262,0.2574745812546566,-1.8079254075172664,0.07061811077862715,0.16678178814573494,,0.0
HAP1,13380.00565926602,0.1941049456211432,0.23934935517813113,0.8579894838048666,0.3908982703312852,0.6001232909856727,,0.0
BARD1,79195.12257487851,0.32425942249431455,0.17910811022539738,1.8647897196396763,0.062210884852983345,0.15015682739388467,,0.0
RGL1,194537.9921548511,-0.31665196575234666,0.11417700597162254,-3.0079107540933907,0.002630503748225368,0.00874147414800009,0.006131286306611279,1.0
CORO7,213772.9669085197,0.07177377543203574,0.39331593221340083,0.33476032630548486,0.737805890417149,0.8582499490206947,,0.0
NRDC,800311.4482377077,0.02349399928518107,0.24950686780483106,0.022816404108507063,0.9817967228446589,0.9921398001517745,,0.0
HTR1B,1888.4122116506776,-0.044925098887696066,0.2904438751361409,-0.1753445588830159,0.8608089011579482,0.9279567554081637,,0.0
RPS15AP24,59254.7451793578,0.08156451432384221,0.10910704864833225,0.7993696485991418,0.4240761041957818,0.6294024289767497,,0.0
MICOS10P3,3368.965417451714,-0.5240489144890136,0.5186082169734267,-1.3838722689208418,0.16639756935245265,0.333915437781021,,0.0
C12orf76,77456.27949750333,0.2466460792032672,0.41654071839024226,0.7062402020110822,0.4800387734739763,0.6758208868439722,,0.0
OPRD1,12794.703847574217,-0.10137439358726906,0.21161599128452183,-0.511322827737936,0.6091250229810051,0.7733237399779284,,0.0
RIC3,72023.97637005853,-0.012152953462218079,0.49826142154306025,-0.04259388270702333,0.966025271959121,0.9861919886475841,,0.0
TWF2,325972.9526536069,0.027879388177372986,0.12251078868674155,0.14909481715141204,0.8814788154959462,0.9387237316572015,,0.0
LINC02068,702.6856435909647,-0.8072848999332818,0.14113465636730285,-5.846517240311938,5.0197156597490845e-09,3.1459493690682986e-08,1.1700159677957212e-08,1.0
PEX1,157874.1531854019,-1.5905255888016945,0.1775695954191103,-9.179286628706672,4.339566585816301e-20,5.253824788847502e-19,1.0114840247687714e-19,1.0
BDP1,255473.2078823329,-0.6037397611759701,0.24192742112802082,-2.77476704957446,0.005524126037386322,0.017395417092476623,0.012875860128263073,1.0
KRR1,292981.9015005279,-0.6940278682691359,0.2584760013038847,-2.919357643437413,0.0035075355553765334,0.011449306705855145,0.008175508107578574,1.0
ABCD3,386878.0062552536,0.11181056379674455,0.3123775318283273,0.3611576538940981,0.7179815959919119,0.8464432180348757,,0.0
GAPDHP63,32585.727041925584,0.1490422496725107,0.17055483294039123,0.8588729468424035,0.3904106163900135,0.6001134528669915,,0.0
HCG4B,102121.53380346231,2.784958673250467,0.12084856119232634,23.059229040572347,1.1885149349695036e-117,4.9402604130232365e-115,2.7702394839382634e-117,1.0
CDC73,256191.75424870866,0.0796962024032461,0.26510641927559575,0.336743199632409,0.736310494728037,0.857174225142849,1.0,0.0
CUL5,225089.95481984597,-0.09619353783020831,0.2619030322522326,-0.47230596725771246,0.6367084116783208,0.7914789775759221,,0.0
RNU6-395P,1280.5793057341675,-0.018530869276729884,0.6487593584550844,-1.2126499245249585,0.22526369266155444,0.4161538144429013,0.5250538780354361,0.0
NHLRC1,51660.7128848172,1.8604660455677229,0.15821427554136222,11.87906687162078,1.5205525649240635e-32,3.570727573295565e-31,3.5441664457202e-32,1.0
LIX1,2629.5821105922537,-0.18226933488088123,0.21672676598014068,-0.8859512886994851,0.3756437766086159,0.586267571252746,,0.0
ENY2,356450.4946566372,0.2710298236852538,0.2238635493438802,1.412796913869146,0.1577154459419039,0.32148943373854383,,0.0
RELL2,40426.233794997555,0.04502388134639825,0.4860835996230568,0.11809024327521107,0.9059961540970408,0.949485552016755,,0.0
ELMO1,410473.2212128836,1.7499039100947613,0.10985524826237332,15.926982234335735,4.117551548414853e-57,2.8134722086977106e-55,9.597358468922096e-57,1.0
ZNF37CP,614.8237310514481,2.133107892298359,0.15234361748392442,14.131297909353579,2.436125840771727e-45,1.1046723357972158e-43,5.678222286808119e-45,1.0
SUGP1,112045.37893363433,-1.2466588206459297,0.34091051752012347,-4.047015809803195,5.1874738857609194e-05,0.00021946666447985978,0.00012091177449614705,1.0
SLF2,186501.29448763718,-0.3218093899795854,0.3565930265462224,-1.0896790963371101,0.2758545273426434,0.4790955370421675,,0.0
PITPNM2,176263.67416853277,0.09718911468045394,0.14791908432310846,0.6250726265152986,0.5319233928040468,0.7193541777123946,,0.0
RPL28P2,3391.832211273645,-0.3168306336614381,0.4057592046395703,-0.9653908222641578,0.3343490966015664,0.5453406681894991,,0.0
UBN1,442775.75208036136,0.06653859973012993,0.32171825191541065,0.272639328748474,0.7851304768344725,0.884025015451546,,0.0
NGEF,26401.12374675987,0.5625877775266894,0.3120603375384982,2.023345962001924,0.043037491314001766,0.10935863814276149,,0.0
HLF,91161.79381851736,-0.929712483179699,0.13467838899650267,-7.052734464528012,1.7543544742257974e-12,1.4136866102485102e-11,4.089121550204803e-12,1.0
PRKCQ,8405.42264394959,-0.7684149011685915,0.2561919223262915,-3.240377016606809,0.0011937175293316824,0.004210935669240758,0.0027823659048160894,1.0
SRPRA,1173227.1488365573,0.34684157636150137,0.2927424750623186,1.5675021825731732,0.11699735645927434,0.2552855704369468,,0.0
GLT8D2,108580.32211760562,0.04285700303933659,0.18270802351126939,0.15604719479493423,0.8759958207817972,0.9356460715331059,,0.0
ITGA5,1522561.0598266865,0.28445530140874226,0.7344952276598982,0.646826980496975,0.5177439284201215,0.7075360862902921,,0.0
EPB41L5,259398.5044913317,-0.14625714832221076,0.3946671718495337,-0.4790530495328825,0.6319008893723355,0.7890482788587254,,0.0
CYP4F8,38422.599790930195,-0.44325033920790113,0.4110562749760657,-1.339704857670153,0.1803413176598785,0.35611341745347347,,0.0
LINC02352,5974.456032814307,-0.077076208556788,0.1593466542530866,-0.4994374032996746,0.6174712747355566,0.779930797260308,,0.0
ZFPM2-AS1,2783.975550037315,-0.585196624175036,0.2798240758053648,-2.313079476725943,0.02071826986930657,0.05734890683024482,0.048290995377617364,1.0
RAB3GAP2,256555.7805590988,-0.15931706230602363,0.4036778557685575,-0.5093084938539253,0.6105360051668368,0.7742465343309031,1.0,0.0
HIGD1A,440770.06539050565,0.10485102298621668,0.1213488690252465,0.8113331236158737,0.41717439297605363,0.6233870198216164,,0.0
NALCN,20609.717038807976,-0.3167109728517411,0.5077221216769316,-0.8724455415557906,0.3829653650500603,0.5930087118207084,,0.0
DDX1,452242.34773212083,-1.01492959715824,0.11960882080711538,-8.673768042886707,4.18051459036835e-18,4.623593520345306e-17,9.744115316241744e-18,1.0
INSYN2A,32296.444845494443,-0.37259831271397864,0.45345650862009146,-1.076651159871219,0.28163613933842657,0.486932777476628,,0.0
MMADHC,398536.5628806014,0.20636059832255,0.1356984241426815,1.407653531742249,0.15923368782886604,0.3239223633321304,,0.0
POLR3GP1,484.23742299002504,0.03466191604570124,0.2921369404380121,0.13032782032834694,0.8963070703369144,0.9455963762353065,,0.0
RNPS1P1,101572.310595024,0.010272607170893318,0.47023787298873576,0.02404175787477506,0.9808193003552561,0.9913563380817733,,0.0
TOP1MT,150870.29826766788,-0.4542366210395764,0.547964928061949,-1.2005927232338898,0.22990922513043788,0.42176800844083273,,0.0
C1QTNF9-AS1,1333.7216709830893,0.29240087436720935,0.23651814253059228,1.329089425768633,0.18381846848075978,0.36066755439052073,,0.0
MYBPC3,14539.006918364423,1.4605061740303606,0.12391449711160245,11.902302476924673,1.1512624840335255e-32,2.7215626873740403e-31,2.6834099394201986e-32,1.0
POLR2F,162885.30213252257,0.2698264418719036,0.20773942660117933,1.3364287414094849,0.18140917726368488,0.3573732133456794,,0.0
ZFYVE27,182981.41072757385,-0.05671070747893042,0.1766093301120677,-0.36432961047288553,0.7156118911058997,0.8450454812585767,,0.0
ENOPH1,201053.82196671,0.43135368743913416,0.30464184387338167,1.5897172902944012,0.11189854450885281,0.24664159965097562,,0.0
BCAR1,439083.60720787494,-0.02286712283546685,0.4711709468506083,0.04892592113591657,0.9609783315155418,0.9826486095939979,,0.0
HTR2B,9788.54470088613,0.020762319024207655,0.13298392125369718,0.17869017295172773,0.8581809858415963,0.9261373339199226,,0.0
SLC26A5,4164.403103167397,-1.1063051427132549,0.34288202625933084,-3.5742172600353697,0.0003512771675631967,0.0013385565407220972,0.0008187712671987033,1.0
FGB,9660.052794624822,0.20804787647409556,0.6417714766004914,0.5171380771771074,0.6050597747252695,0.7718767663247172,,0.0
ZNHIT6,198876.68490899383,0.38197382217379305,0.48707323856777335,1.0206898888381446,0.3074013864900724,0.5159213041091795,,0.0
AJAP1,9266.04769634156,0.07187591526569294,0.12722154670087252,0.5678309687178108,0.5701497492226291,0.7470204752094757,,0.0
OSBPL10-AS1,367.8886241413994,-0.21030183473585917,0.4232304557518194,-0.6343690088167143,0.5258400299450101,0.7148787324518153,,0.0
CROCC2,1441.34330084959,0.12355395453717309,0.7171335067511908,-0.2066992744292312,0.8362447240860222,0.9145451677362862,,0.0
U2AF1,324336.2918705164,-0.43681529857047185,0.17415191606351776,-2.5654624683542893,0.010303836792700269,0.03078480347014516,0.02401660650560231,1.0
SEC13P1,428.94446855032413,-0.2164523317903906,0.21697177189810546,-1.0660014437967529,0.28642298924307963,0.4917996111340727,,0.0
LINC00237,68.24262065152833,-2.7744147398948367,0.5840931317797118,-5.204065306638989,1.9497543686618463e-07,1.0698982168190637e-06,4.5445676592921915e-07,1.0
AGO4,203247.63845267874,-0.1148867071289183,0.153924853712283,-0.7877505656857963,0.4308426217982242,0.633697313004399,,0.0
PRUNE1,187232.4155731777,-0.8399642485509797,0.21373992440305076,-4.216416838235354,2.4821476333431295e-05,0.00010898725699925642,5.785491773418472e-05,1.0
NHP2P2,687.033619813739,0.6402967084383381,0.1971013236457218,3.4016526994645995,0.0006697969792647586,0.0024656437878764694,0.0015611903423236523,1.0
ADAM10,357113.891628359,-0.36635463309484684,0.6629440786401126,-2.2397686225673836,0.025105947910905656,0.06828160751341189,0.0585179757848586,0.0
DNAJB1,474515.61446941236,-1.0475167831875178,0.3758354686936915,-3.1585392490217825,0.0015856195657039625,0.005450772152812795,0.0036958272867903576,1.0
KPNA5,50087.440049660276,-0.16602928047279483,0.7165991896122821,-1.7986169702511332,0.07207929104149628,0.1695103742173425,0.16800537556774928,0.0
SH3GL3,2307.558941447203,0.4439386595108707,0.4181761243725108,1.3134745304476447,0.18902309777288662,0.36815588117577447,,0.0
USP43,44204.58253388087,0.0747582099112107,0.4141618890549331,0.22936042350713398,0.8185887937379183,0.9049470086801278,,0.0
ST8SIA3,180.1108866208776,0.26340781309827344,0.6096516245219118,-0.5451466821728673,0.5856526383542621,0.7599467638166126,1.0,0.0
GABRB2,6969.358275253908,-0.04264805976442701,0.2991390363060543,-0.15567197858297904,0.8762915857052531,0.9357615991217731,,0.0
FTH1P1,812.753495835848,-0.265860815499045,0.3271257363904852,-0.9399934653114745,0.34722091260759347,0.5587896528238763,,0.0
RN7SKP26,224.22042265074114,0.2914821937285507,0.20255048521131827,1.5180604377615,0.12899916336845388,0.2753306918621514,,0.0
LINC01909,2267.080659442335,-0.11715238766055021,0.22033252077162976,-0.5702143137134608,0.5685323489900036,0.7458809460184477,,0.0
MMP17,49047.71381635983,-0.36884346390336487,0.27562880809168555,-1.4958461364866484,0.13469375538990377,0.28423400316276737,,0.0
ZNF579,141320.38774709782,1.689617367632854,0.4985054817103259,3.8465289058969874,0.00011980300260259071,0.00048662652848674464,0.0002792417649447302,1.0
RPS6KL1,50330.77127131141,0.1043172399729073,0.1989036216421615,0.5579639151326441,0.5768690251352969,0.7527908703416626,,0.0
C5,52905.34385905343,0.026071236399196236,0.14610132729531175,0.16630430347879094,0.8679174795218896,0.931265684381347,,0.0
HOXA13,4010.1795483702563,0.8240161009887023,0.16990633361300322,5.002051116160678,5.672354462405113e-07,2.944193970705172e-06,1.3221357036671357e-06,1.0
FH,509755.5052928689,0.3243697813654423,0.17081762604068257,1.9137901421356553,0.05564697559206218,0.1374094625015872,0.1297042589968253,0.0
WAPL,414543.83404408477,0.40124373855380446,0.45108190465755227,1.108144737967079,0.2677993124690491,0.46886029153935305,,0.0
YWHAH,876470.6212341392,0.35979795052227903,0.34547518263605176,1.31447315100844,0.1886870276161563,0.3676448803708546,,0.0
PPCS,966346.014524291,2.3533649109837915,0.1567716894857575,15.107138495593707,1.4531441802989568e-51,8.428236245733949e-50,3.387048210902428e-51,1.0
SORD,268242.7960263176,-0.11472672617213438,0.12862636544159856,-0.9734059015756988,0.33035160695642773,0.5410227862226648,,0.0
MMP14,1505738.0682631347,-1.6654449284263548,0.14963033515758653,-11.583881921759378,4.974144359998801e-31,1.0424803389779e-29,1.1593940218539261e-30,1.0
HNRNPLP1,23871.191031168928,2.1399470585536613,0.8061460064220365,3.3407887141358312,0.0008354077154142278,0.0030283529683765758,0.0019472026563019478,1.0
WDFY3,389126.3734115006,-0.1607687309545536,0.11204199996183047,-1.5200124651480356,0.12850784281094987,0.2747523017321123,,0.0
CSNK1G2,419343.17056970106,-0.19827568524505404,0.11315943407240663,-1.6293536873812562,0.10323816690151665,0.23092016883621752,,0.0
UBE2D3P3,245.9851418788518,-0.4062615670503007,0.699805032233493,-0.2318606957035011,0.8166462129537475,0.903801045088372,1.0,0.0
DND1,48988.82549736926,0.02943753712464813,0.26583373193305354,0.10469166515009619,0.9166204758635323,0.9546733085806135,,0.0
ZNF330,176265.9356454272,0.030790201853527314,0.09336651566829253,0.3886432158956864,0.6975400933974159,0.8317574050460033,,0.0
PRSS57,225.19251972424027,0.012225804425130752,0.6939768607935509,0.9789686883328454,0.32759545092348796,0.5382233561285764,,0.0
SYNPO,758382.6196924758,0.2446434327506416,0.3362985603084443,0.8469050742297692,0.39704803394661303,0.6056500285399712,,0.0
NRDE2,214110.97396391467,0.11498570192978004,0.296634852486869,0.4382770025558137,0.6611854948105836,0.8077240544232022,,0.0
DUXAP4,65.41301747498905,0.06630716710479226,0.6483956922505298,-2.3127235858248216,0.020737841403039636,0.05737124399243578,0.048336613513253135,1.0
KLHL7-DT,3089.3994869860376,-0.5509880947144069,0.162437101601134,-3.501967290473392,0.00046183631368005104,0.001742541250102946,0.001076467071325278,1.0
AFMID,231260.35980490517,0.5887423129811789,0.2096829450205707,2.874157735012705,0.004051065863915171,0.013078780925054285,0.009442390901499472,1.0
GATA5,4205.632555861364,-0.7489017734129131,0.2671235805596024,-3.044196702964112,0.002333025425584917,0.007822161750017414,0.0054379115994474606,1.0
WDR53,88478.45510510007,0.7140806399989267,0.41576125563935457,2.0504489984707286,0.04032063588797099,0.10356299269268758,,0.0
B4GALT6,26340.02013547053,0.0008809541853364425,0.22695344999427966,-0.01176724444183704,0.9906113140093256,0.9957521849596237,,0.0
RPL39P5,115174.96704227838,1.4636342117522347,0.22370268238349517,6.72965317899177,1.7006796519749076e-11,1.2892082225001276e-10,3.964014067313476e-11,1.0
HMGA1,579309.5600055687,-0.6469860361450191,0.3366174946366492,-2.1488994886994304,0.03164236836637016,0.08359752828996524,0.07375333336983848,0.0
ARHGAP30,103062.23748016851,0.5070929520950894,0.47147905034639825,1.3843110508572993,0.1662632317094067,0.333915437781021,,0.0
RNF138,107565.79540898846,-0.03486844729438878,0.3126455955584072,-0.1354893936949001,0.8922249495381075,0.9430849858648189,,0.0
FHL2,405127.85001592606,0.01627393767721651,0.21455600528597518,0.22598586428475814,0.8212124146266315,0.9066417716152364,,0.0
RPL8P2,3543.0201457024536,2.2790737426483947,0.41550769523889647,5.830565089035605,5.523998611423492e-09,3.431345588266548e-08,1.2875563118588962e-08,1.0
SH3TC1,177834.3999010417,0.1552295617822188,0.23621446542177554,0.684904799558071,0.4934039971474289,0.6872131579016926,,0.0
FAM111A-DT,117605.70302556377,2.965979644958828,0.10248987695217134,29.015653856628855,4.175970320683549e-185,6.943246653189847e-182,9.733523345593244e-185,1.0
IQCN,73167.57081459434,-0.8315404075217242,0.382161151545076,-2.558786649545107,0.010503818319487625,0.03135430627025989,0.0244827316717777,1.0
DSG2-AS1,25732.20256085971,0.029245048326448475,0.2086095411996596,0.14765057894177758,0.8826185363021609,0.9387314550102991,,0.0
CEP104,190533.9635325941,-0.5931488756890162,0.38693642948693846,-1.8434215390875954,0.06526748766151123,0.1563661039652344,,0.0
ZNF883,15825.50030961078,-0.21265092283519318,0.3133322669040441,-0.7752407653107384,0.4381974039799682,0.6406004252790392,,0.0
SYT11,75996.79511153411,-0.5313109878716463,0.21574618559539135,-2.6418370490883083,0.008245771717443067,0.02515590784501897,0.01921958379747945,1.0
COL27A1,319588.74828408996,0.09775910938276165,0.40715477487558716,0.2599456054650591,0.7949057320281611,0.8899696855071524,,0.0
C2CD4D-AS1,4837.026599149106,-0.3582639426360476,0.15075476836552673,-2.4537092495857284,0.01413912507315535,0.0408372645425008,0.03295605414247612,1.0
EMP2,1299179.3165966598,0.1690419259345959,0.13767972939609163,1.4969431014023653,0.1344080638321613,0.2839590946187296,0.3132838422405704,0.0
HSPE1P9,955.6845743275751,0.04387879278501322,0.24488058113831365,0.1919596320246935,0.8477738262936613,0.9208832416273481,,0.0
GLRX3,226822.9066545961,0.14662702701927074,0.22978172556631157,0.588356886948175,0.5562927695090456,0.7369683015243904,,0.0
UBAP1,260594.54163315185,-1.5216032824713852,0.22761982461106708,-7.002559281864559,2.513284821724027e-12,1.9898832842475313e-11,5.858067612504415e-12,1.0
DIPK1B,84187.21772151311,-0.3507046599473822,0.7139300085332658,-2.3505605456120775,0.018745157758998446,0.05255809269358305,,0.0
KIRREL1,400050.94623368,-0.34890922433751137,0.26235245834277965,-1.5142954228852215,0.12995092893201615,0.27688818176544067,0.3028949689312601,0.0
HNRNPA1P39,1459.4631630825647,-0.2704663762975734,0.19928435648668297,-1.4338809288024275,0.15160624507656198,0.31167800215618413,,0.0
RNF113B,583.0314247598642,2.1322109220226237,0.36330316561579723,6.185257352176059,6.200123671095603e-10,4.179218496138496e-09,1.4451503210946198e-09,1.0
SRSF5,2308701.0753142014,0.039613068320306435,0.455824788119123,0.4664669331284781,0.6408813111630631,0.7943914121478153,,0.0
PRR4,33097.77042969941,-1.8381016548991662,0.16003241742190105,-11.633121638317162,2.7967920600982448e-31,5.961708887081216e-30,6.518877941948619e-31,1.0
OAS1,281300.74027023936,0.12124252405039553,0.1545973273754963,0.7569483160010528,0.44908082728412313,0.6486468170652651,,0.0
BHMT,3626.70629771659,-0.23075248972886658,0.17474722041232083,-1.3836552506101727,0.16646404191762088,0.333915437781021,,0.0
WDR1,1820454.791837714,0.019883119348076517,0.25244812331579203,0.007700524215671792,0.9938559313401925,0.9965670153738131,,0.0
CEP152,46558.16657997184,-0.1722745917436446,0.2560722493810145,-0.7516158349911376,0.45228211782358496,0.6512124626093521,,0.0
SYNJ2BP,256856.4041276575,-0.5060006928160835,0.30778816133924886,-1.8354534374683298,0.06643853216642719,0.15825950260083035,,0.0
CRACR2A,41948.83958547526,-1.336959567134617,0.6182816909194578,-2.7975191143462896,0.005149672007632362,0.01627792393794057,0.012003067277602907,1.0
VCPIP1,203442.32406711107,-0.7943038917290807,0.2187644880811422,-3.8246130740382274,0.000130977623235405,0.0005285731267784791,0.00030528803023280375,1.0
KLRG1,31794.57934879847,2.04480482902172,0.11702789877542312,17.536547386786452,7.536969089268526e-69,7.229692657167579e-67,1.7567477484706266e-68,1.0
HIGD1C,621.598845493141,2.335419401143815,0.33025269944356395,7.345069476926539,2.0565224573984788e-13,1.7686093133626917e-12,4.793427110982996e-13,1.0
GUSBP5,3999.037100137898,-0.2657246119751864,0.2988261939763007,-1.0037656665048955,0.31549157695380625,0.5242078567107213,,0.0
TOE1,82897.58079747665,0.15470218904503427,0.15825121106015533,0.9443349892692783,0.3449984913183355,0.556370020916863,,0.0
ZBED3,167616.86734878362,-0.39759802721240567,0.23869723758785935,-1.768625978802125,0.0769563124220681,0.17912183217978334,,0.0
PVT1,96834.92170457679,-0.15586788712735244,0.3528261954292361,-0.5370533782631179,0.5912307434929726,0.7647974451615527,1.0,0.0
WBP11,448717.11081255146,-1.4702418766027894,0.17145585241292535,-8.791658432768871,1.4736822253444868e-18,1.659306307001874e-17,3.434919130849673e-18,1.0
EDRF1-DT,20614.799717785987,0.3937228274384875,0.22075588781080288,1.9020452823000107,0.057165234931795095,0.14025587399891487,,0.0
CLIC3,23909.762739834296,0.06162537773704518,0.18140559446813978,0.3223875906733634,0.7471590840207603,0.8634018604422978,,0.0
PXN-AS1,1056234.4647539838,1.7145079442973363,0.3769001042186484,4.869921470637096,1.1164260907573222e-06,5.574307648345869e-06,2.602211841447441e-06,1.0
H1-10,545833.9819062629,-1.6830418551744293,0.2411872468003929,-7.2813178818575315,3.3057470039591125e-13,2.7900280974192984e-12,7.705171054087875e-13,1.0
RPL41,693772.7513423801,-0.7468198889379708,0.15957690072617842,-5.046529982619336,4.4990631769377347e-07,2.3797801830928334e-06,1.048660146101188e-06,1.0
TESC-AS1,435.0294052189314,-0.032757971699849044,0.6098417786281822,-0.09634578017598987,0.9232459528520973,0.957411811398391,,0.0
KRT18P12,1588.5975409857492,-0.3021698726490099,0.09128354161107555,-3.347364786129348,0.0008158377654517391,0.002968197501147538,0.001901588212183773,1.0
CTBP1-AS,230083.50677333432,0.11859003286075702,0.2849883398416986,0.4820334173732575,0.6297822073826422,0.7885648697672107,,0.0
RNU6ATAC18P,618.6660114902654,0.09097223613091049,0.11859868354090591,0.7841907221721303,0.4329282082885554,0.6355993470708945,,0.0
USP47,536268.5090002965,0.32322979150689835,0.22148699967299793,1.472772154379795,0.14081248310040556,0.29412590691156737,,0.0
DHX9P1,21635.656597721023,0.12672741712205357,0.2481309295656183,0.5419929349756072,0.587823372918762,0.7615748010698142,,0.0
NECAP2,279245.53479424276,0.46135228201623923,0.4388979069713993,1.2825637431017527,0.19964495943643312,0.38283757998502943,,0.0
HSPA8,4203900.014369918,-0.8282118390902107,0.7516796038714487,-2.4033509509617255,0.01624558808486418,0.04622532422550059,0.03786588475107595,1.0
ZNRF2P2,2997.6815658104083,0.125648873272358,0.5107368296093258,0.3434740794696609,0.7312418376651695,0.8552068207466514,,0.0
LINC02012,2576.3691535522275,0.809521702471016,0.14757452103980465,5.616544095453841,1.9481455020778208e-08,1.1568273529004965e-07,4.540817646899145e-08,1.0
MIA,207775.2047805434,2.158963084387294,0.697661120409177,3.6904841254798573,0.00022382765747997626,0.0008770246311941254,0.0005217067081822998,1.0
RPSAP53,1347.5000508156957,-0.10672456814862605,0.15500389359347586,-0.713548285489047,0.4755065453140933,0.6724770762763531,,0.0
ZFP3,58925.00288823668,-0.284013399899088,0.11473117920748205,-2.5693583080607336,0.010188704866691621,0.030468381220058637,0.023748252278064395,1.0
PPIAP77,429.1466397608272,0.409370644435461,0.7253744024964527,1.0355811701642705,0.30039758034138264,0.5086250998484149,,0.0
ZNF780A,103463.28571244476,0.41047110506810003,0.389232745279593,1.2503800049309233,0.21116076519469318,0.3976103800646016,,0.0
SPG11,343372.32587805775,0.2976209914080037,0.5953929394796063,0.8177973978870777,0.41347288413881156,0.6191542317875689,,0.0
SLC23A4P,744.9665888264677,-1.8240384369424507,0.3420326380257302,-5.656850606074443,1.5417585046433757e-08,9.23204252240235e-08,3.593594122037924e-08,1.0
SLC9C1,933.970443096607,-0.2008354791247806,0.5745130411860907,-0.5467666975771435,0.5845390251419862,0.7586991041915762,,0.0
KCNF1,22110.285869794716,-0.9850549925988994,0.29192346269195596,-3.6781199342363324,0.00023495947872839687,0.0009163235964794711,0.000547653214905254,1.0
CELF6,49600.50520844522,0.019656053887001222,0.15361689931759706,0.17117962616159804,0.8640825270041531,0.9290756918611787,,0.0
DNM3-IT1,99.29831872556467,-0.4629481597084665,0.27277567211444936,-1.8646949826836472,0.062224170453720855,0.15015682739388467,0.1450346552444671,0.0
TMEFF1,19357.40364493706,-0.46035570795495645,0.33431454287465323,-1.5963148175360018,0.11041852350327859,0.24445965167969536,,0.0
ZFP28,149972.08554156995,1.8530115157837626,0.17817227944405653,10.49099238360896,9.502503198597464e-26,1.5143286247477364e-24,2.214882521243185e-25,1.0
RASSF1-AS1,9192.074331433043,-0.23147211323359887,0.340008931459283,-0.8039563721585969,0.4214221717264417,0.6269173255506982,,0.0
OBSCN,193749.6732334338,-0.29314366823890914,0.14564829506084212,-2.136713394322336,0.03262130990264748,0.08586548485192909,0.07603509055813347,0.0
PALD1,107273.14911586996,-0.37483446938491005,0.27446025031078686,-1.524048833721005,0.12749651279517857,0.2731755179649273,,0.0
PLVAP,706296.4350122719,-1.003355672828412,0.5452584730266202,-2.411410771341271,0.01589093968643955,0.04526785103138806,0.03703925568035537,1.0
SRGAP2,277035.5953468451,-0.8892766520216724,0.4976063954851462,-2.285778911877407,0.02226719598996514,0.061161218941600294,0.0519012960738066,0.0
LAMB1,1357990.1484561614,-1.093427591491271,0.12127670903059734,-9.23417849323088,2.60275534793421e-20,3.1898141708834985e-19,6.066609194156934e-20,1.0
LINC00968,12933.020281425692,-0.3991987807026734,0.4256746739833293,-1.177037861376844,0.23918039479309217,0.4328852718533903,0.5574914996392261,0.0
H4C8,64891.9518201148,-1.7224175283250311,0.13193328267128013,-13.161479661198229,1.461944886482622e-39,4.861454062516879e-38,3.407561258773513e-39,1.0
PRDM15,283427.76866168866,2.2413577842325823,0.15259703021312,14.85165245484548,6.787471173317135e-50,3.6016921502665816e-48,1.5820516921731714e-49,1.0
SIX2,23691.471545571763,-1.115913560003381,0.31378594162654044,-3.904103321654857,9.457537341798922e-05,0.0003879456929349755,0.00022044016944342535,1.0
GPATCH3,82241.1153992927,0.01314307661361524,0.2455545051049218,0.054453732405529594,0.9565736700525405,0.9795047911937367,,0.0
BORCS8-MEF2B,158827.20592201606,1.6125572388920861,0.14412466385640924,11.225759805032247,3.047555577933964e-29,5.891940784005663e-28,7.10336786109094e-29,1.0
RFPL3,2227.297862939287,-0.6313403321090513,0.6996817495281837,-1.495615752146531,0.1347538158714016,0.28423400316276737,,0.0
ZNF480,66625.33512532055,-2.023189492396384,0.17145533484888623,-12.041166304315967,2.158817136848912e-33,5.330782118119987e-32,5.0318597563562496e-33,1.0
ANXA7,636223.6867525713,-0.7353339153740927,0.40297279616349246,-2.21335935761997,0.026872880321694225,0.07241595194198314,0.06263641450682747,0.0
AOX3P,2232.0782748851775,0.059337015908358035,0.11761171905391984,0.5123496095773212,0.6084063508693855,0.7731798415634382,,0.0
RAB40B,223670.5149051115,0.735828122635541,0.4191288249395351,2.0542379293863453,0.03995266902062158,0.10282967650921591,,0.0
CKS1BP4,405.9475850726227,0.22651463861403523,0.12618937168485894,1.8370614596902903,0.06620082287477412,0.15799507392314513,,0.0
PIGBOS1,41423.88740266369,-0.3012909320892451,0.3773311904061561,-0.9689066314987239,0.33259177645247895,0.5435674249492022,,0.0
MIR6875,1198.8787026063903,0.8762833498830794,0.11139495132918915,7.966507479584228,1.6322161351543196e-15,1.6218115701493517e-14,3.8044364869858625e-15,1.0
PTCD2,80278.88243911104,-0.26731323732164675,0.27170493185445194,-1.101284262437592,0.27077295836569193,0.4725736586172398,,0.0
RAB17,105815.44936228839,0.14867605876232842,0.16298219603426461,0.9134438743118848,0.36100913938987644,0.5747569700851273,,0.0
DYRK1A,374941.5608330398,-1.261384051048148,0.18406996765117004,-7.110385294090201,1.1571944395996627e-12,9.416127022386815e-12,2.697236385384634e-12,1.0
RHOU,253162.296435564,-0.0695430690397392,0.4858821896071051,-0.2144555459322185,0.8301918296832266,0.9109694214918426,,0.0
ZNF550,212953.37853788165,2.2876816518064533,0.41456784394697077,5.8509088262510005,4.888941806560031e-09,3.079045673121393e-08,1.1395346603327773e-08,1.0
TRMT10A,36124.516930098354,0.15413482044564789,0.19621711460199678,0.7976910469021278,0.4250498006917417,0.629588386958156,,0.0
SLC6A3,2294.9819112688265,0.8255465746118562,0.16973853377215173,4.998049729529336,5.791305166153322e-07,2.990375793868817e-06,1.3498612228398492e-06,1.0
PPM1H,134188.58990124296,-1.546314505494461,0.26303672031337727,-6.201757871114824,5.583593708271414e-10,3.768736862903628e-09,1.3014469820961595e-09,1.0
DDX52,352527.63088977494,1.0914161335036565,0.4192222840749297,3.049499647048505,0.002292229023833453,0.007709803351909146,0.005342821668636103,1.0
MAPRE1,1887703.5902349888,1.473248588986217,0.5051045579335421,3.370969719401035,0.000749040905260346,0.0027355161273134396,0.0017458953436629,1.0
UHMK1,884937.5563645363,0.13426675253205503,0.22483139035465016,0.5575392620098593,0.5771590416529799,0.7527908703416626,1.0,0.0
LINC00398,874.2942575315085,-0.11465216806777341,0.4296876238879804,-0.34626547630535787,0.7291432115327847,0.8539484243074735,,0.0
SLC22A13,323.358204489935,-0.2203452888170358,0.3546823105112033,-0.7380894738010094,0.4604600798393689,0.6579131705066663,,0.0
PKIG,236288.20214893878,0.01709715826683281,0.5448685754112261,0.03400606941258889,0.972872310810486,0.9888667226952144,,0.0
SLC26A4-AS1,4819.761221782252,0.8163083048913746,0.6648671334509306,1.826885011739406,0.0677170602754849,0.160844141263866,,0.0
IFNLR1,31143.984492948344,-0.14486198355041174,0.37826603937935,-0.4713699707492885,0.6373765564209424,0.7918391689732653,,0.0
CASP1P2,860.7679044640636,-0.3178831594052453,0.6433897692287003,-0.8361034135369116,0.4030967281969059,0.6100262379387642,,0.0
MUCL3,3376.641484471978,1.0210566497009586,0.20272850619754784,5.213019061383943,1.8579179712367685e-07,1.0206271850802865e-06,4.3305116077238325e-07,1.0
HCN2,5700.358727891382,0.3488524937553236,0.3804258872317952,1.1018893649359311,0.270509772694031,0.47244493914489727,,0.0
LINC01269,479.37492837783054,-0.08503076195292773,0.3246649358194665,-0.3059035060731926,0.759678116388808,0.8713121414085355,,0.0
CFAP298-TCP10L,114323.54418889499,-1.3757165258842592,0.1920558612257603,-7.426490316356526,1.1151705682467238e-13,9.75872069195554e-13,2.5992854179507747e-13,1.0
TMEM74B,33958.16792119552,0.63005988590175,0.12980996242353995,4.890598701210822,1.005297333420447e-06,5.0396212051268234e-06,2.3431883640659762e-06,1.0
COX6CP1,1728.6382914784954,-0.0560170379048058,0.32011423515874293,-0.203664170616819,0.8386159430152528,0.9156336111724378,,0.0
GNPAT,333894.15700330614,0.05436193138826001,0.16892936392260927,0.3257924970313423,0.7445813558045821,0.8619103742755293,1.0,0.0
HELQ,65824.15080451535,-0.30004369224779004,0.18626317377208815,-1.6833565364867689,0.09230609182427253,0.20918799910016872,,0.0
FZD2,27016.873935864423,-0.1428336840840518,0.19679409446044818,-0.7591068781389383,0.4477886249881442,0.6481192654872583,,0.0
NAA35,114560.825591328,-0.3048553851853076,0.4604308072333526,-0.8743610447006449,0.3819216648517787,0.5924175048842849,,0.0
HIVEP2,571923.3577881092,0.8618134184263649,0.5316759397911892,2.13536184354537,0.032731464906473634,0.08610999311892958,,0.0
DUS1L,879662.3498466506,1.0896969825386127,0.40105742699067454,3.1827250977994397,0.0014589606121881756,0.005046668192506671,0.003400605389530196,1.0
GDF5,9010.501441504204,-0.47406972487222604,0.19305070728560383,-2.5865480322074985,0.009694265793876201,0.029160826660113957,0.022595793355072193,1.0
TAL2,595.7464588125883,0.0513786479703926,0.1759599851051096,0.3019707319772111,0.7626743745482725,0.8728240870832685,,0.0
KCNJ2,64024.01934041149,0.16547300766423645,0.534316347957838,0.44177377767781284,0.6586529156498615,0.8058951646526149,1.0,0.0
PSMG3-AS1,33884.42668144668,-1.4702821402925292,0.2653707047249582,-5.8580190873952045,4.684208244291281e-09,2.9613220180639936e-08,1.0918145197441547e-08,1.0
SKA2P1,6175.179240975513,-0.03856793862287975,0.30464004667623995,-0.14832982693667762,0.8820824772243255,0.9387237316572015,,0.0
SPINK2,1173.5171782115692,-0.385056384511128,0.5266829562339806,-1.0338063932445571,0.3012266822363139,0.5091557746508755,,0.0
PCDHGA4,594537.8014459703,0.06968495048942923,0.3001930440540128,0.2200336733725608,0.8258449297250194,0.9093409513175269,,0.0
FANCD2OS,7137.958971664679,-0.43678620330811097,0.37162321441880397,-1.396332056428009,0.16261452478572958,0.32852217482025886,,0.0
NLRP2,367414.216873552,2.0415441169953,0.26120449732567946,8.04856244610415,8.37721634080981e-16,8.441526284436228e-15,1.952596033082212e-15,1.0
RAB6C-AS1,40110.64263789251,-0.015635936743988697,0.19183040399276302,-0.11701740000763385,0.9068462649975583,0.949485552016755,,0.0
PFKFB2,163840.5353875141,0.4584369939734308,0.09753451895171077,4.719831620738566,2.36039945962245e-06,1.1452988817701147e-05,5.501716123643355e-06,1.0
ZNF714,79397.5281476231,0.8668207202639594,0.5258240800083296,2.1149094890945883,0.0344376622818838,0.09017063488820808,,0.0
ZNF563,52853.186997516,1.9782025804187016,0.17002079101035403,11.823659424825898,2.9456763642140243e-32,6.802330418842385e-31,6.865903600326893e-32,1.0
DCAF5,470828.60867379623,0.12089842173585738,0.17283933641516125,0.6073552570236819,0.5436151748884874,0.7277991081934609,,0.0
LINC01806,5423.560492731015,0.12573354206533838,0.7479072977495369,0.37056515806219514,0.7109614370732938,0.8417770219525051,,0.0
RNF126,204858.68097937648,0.10297287243943946,0.11480777408439062,0.8581038962996462,0.3908350960751117,0.6001232909856727,,0.0
MAN1B1,412246.21120725945,-1.0145080009599365,1.0054286600199525,-2.084231609161526,0.037139104840283585,0.09638655477175796,,0.0
LINC00603,139.03256662873622,-3.021416273007474,0.234398912359212,-13.066185301066893,5.137807955768007e-39,1.6323175849280778e-37,1.1975414057649916e-38,1.0
MTMR3,485487.5076209166,-0.09744741736300917,0.19207025063047017,-0.44938794392343884,0.6531518267662186,0.8018511720181882,,0.0
SPRR1B,6268.483614377212,-0.3390732053598875,0.14769090189528797,-2.374172205050129,0.017588345418966957,0.04976043947205262,0.04099563876159214,1.0
BNIP3,327999.0973944847,0.14292437816681874,0.24221956460809493,0.752039369289276,0.4520273835925078,0.6510865115100863,,0.0
SPDYE3,31983.06321899595,-0.6540493448280373,0.25145129882282863,-2.8247669473758177,0.004731501665858851,0.015099635514589859,0.011028378649207452,1.0
PATL1,214152.70147840586,-1.462648653806455,0.19495217659548195,-7.7748906108258655,7.551263063546242e-15,7.093352196039294e-14,1.760079446774236e-14,1.0
RPS26P15,10614.58915265989,-0.13268608488529354,0.17843711967849857,-0.7969334794116232,0.4254896656848324,0.629588386958156,,0.0
HS6ST1,432778.3931900915,-0.11281679630865964,0.5655708720683421,-0.3084312654181637,0.7577541944467883,0.8708935303918387,,0.0
PYCR2,337505.3958133703,-0.4533469601634801,0.11120816235932894,-4.255587261684181,2.0850102479116622e-05,9.219885741651925e-05,4.859827624571668e-05,1.0
AGBL3,42757.49139575575,2.407286023340944,0.17113500406117363,14.218063108979946,7.078509947895225e-46,3.239230056890035e-44,1.6498882065467936e-45,1.0
KIAA0087,1392.700533967701,-3.3581751705752505,0.11503220866728506,-29.263765854437647,3.00025029020075e-188,7.482624223760671e-185,6.993106751178198e-188,1.0
AAK1,227609.0068235348,-0.7549749520413164,0.7936237671297715,-1.7427892197896773,0.0813704400691427,0.18799247571323935,,0.0
FLOT2,1561185.8407941533,1.8407474902540673,0.2504601295559246,7.548822549966636,4.392108036517352e-14,3.97601359095255e-13,1.0237306021564744e-13,1.0
ACTR1A,715980.6680013457,-0.024425771800696446,0.12532991836697652,-0.28898735343795184,0.7725910553634924,0.8772579201664535,,0.0
RBM46,1086.8143255697003,0.14459820335502635,0.7846748466082244,-0.55411858343617,0.5794976928684064,0.7544049852333387,1.0,0.0
ARL4A,222676.19489354704,0.9145152196142962,0.1823588427415435,5.242284333553714,1.5860071761338408e-07,8.780248384634404e-07,3.6967307451194384e-07,1.0
SP100,496593.72087450867,0.26182247506273476,0.22862018845737161,1.1388749988648965,0.2547552947053602,0.45253540241821105,,0.0
FCAMR,500.7913267156484,0.03701946400947005,0.1878870692396198,0.2044111321748408,0.8380322316252504,0.9156336111724378,1.0,0.0
LSM10,119437.45702858917,-0.07035805706580929,0.14258854735225848,-0.5360643580654859,0.5919140719603451,0.7652844455516332,,0.0
MARK1,68881.73381486998,0.1637524910102798,0.49843736834893915,0.44825089263489604,0.6539721371378339,0.8026202328039383,,0.0
PRRC1,391010.8761753192,-0.25366407771337224,0.38771667928874193,-0.7983824893162594,0.4246485617279938,0.6294346274848526,,0.0
TPTEP2-CSNK1E,380664.7015745519,0.10453338993574848,0.13365814260057868,0.7854239955558308,0.4322050164464616,0.6350124597549294,,0.0
PLEKHG7,1605.9649350297143,-1.561514805280324,0.2928288817449983,-5.621537610059185,1.892652823467617e-08,1.1279034986208451e-07,4.411473029652558e-08,1.0
RGCC,328315.5403453261,-0.11786574963678184,0.16372246640003865,-0.7941634248923466,0.42710029802890614,0.6307959095197437,,0.0
ZNF616,46629.61204351367,-0.5005223403330319,0.45204932812982135,-1.4165094664596718,0.15662639451373483,0.3201854327190612,,0.0
ATP6V1H,261580.31791486574,-0.08588217144963287,0.35643987856921194,-0.30807612846914806,0.7580244051288683,0.8708970214801248,,0.0
MAPK9,201409.82555329488,-0.5381210236597167,0.2763500766011929,-2.2067833946040403,0.027329195711682644,0.07353999664335858,0.06370001318218366,0.0
GBP1,407307.2076361972,-0.13229236895204055,0.19748458761840212,-0.7486046251858642,0.4540955435630343,0.6528570511765436,,0.0
DEFB131B,1149.5041113121465,2.0282212778580333,0.15232644437495024,13.45117352787765,3.0302464570229065e-41,1.0796335234021612e-39,7.063023050294513e-41,1.0
TDRKH,106465.32758799665,-0.40401152313964245,0.12765507139646537,-3.34395969587197,0.0008259173533834542,0.002996751148465684,0.001925082130222743,1.0
CHP1,467852.09819744545,-0.1905399760970667,0.2731301134606337,-0.8058588787895036,0.42032422398505476,0.626217810405452,,0.0
NFRKB,233383.24160052574,0.06725703844478835,0.21396850682909332,0.27239694333395004,0.7853168227410054,0.8840352768747767,,0.0
VAMP4,161443.3672279377,-0.17921088103561658,0.2198946064976097,-0.9090472712719162,0.36332517392269637,0.5760540265500348,0.8468532558534624,0.0
CHD7,192636.98272367328,-0.5608697930055955,0.13226259160641526,-4.35609269452916,1.324047232398022e-05,5.965986987535081e-05,3.08614373607539e-05,1.0
RALGAPA2,604274.131103948,1.268620385035675,0.28206358855014596,4.721793400469662,2.337740862906798e-06,1.1354090968041976e-05,5.448902534663135e-06,1.0
PTCD1,373900.83287606423,0.6864147280342835,0.24027344235361595,2.975296747683887,0.0029270524763041466,0.009681788960082946,0.006822494276544432,1.0
MANBAL,405118.75508967566,0.5073758529618769,0.28367215974523535,1.9552082526470922,0.05055849490413932,0.1262823097555568,,0.0
PCK2,278640.18748849444,-0.17139687662188643,0.5422829146035825,-0.47896111222233284,0.6319662939135141,0.7890482788587254,,0.0
RUNDC1,174239.4024232991,0.010183678003177663,0.0899574407609344,0.1795683712092382,0.8574914371301995,0.925994217017847,,0.0
NDUFA13,403045.24631605705,-1.3827313925264557,0.32775766360824177,-4.680988560565022,2.8549487169937938e-06,1.3785560697352415e-05,6.65443186932946e-06,1.0
RPL29P3,126.95045075971807,-0.6607328072881314,0.17552733586253338,-3.903778679429546,9.470238903554431e-05,0.0003881475074028718,0.0002207362226678949,1.0
ATF1,191283.47941265692,1.3842392086868653,0.2015051493243155,7.038955349029027,1.936864188991453e-12,1.5507349237061586e-11,4.514522698452975e-12,1.0
NID1,1493777.425059361,-0.34469093088219915,0.1713100846979433,-1.8220516918462855,0.06844714266468277,0.16234633742816817,0.15953941477169986,0.0
FAF2,191916.82921898767,-1.3439002759632268,0.4828453808460624,-3.2957547883590093,0.0009815765045094826,0.003507237539035315,0.0022878988806043455,1.0
SFXN1,541639.9487814739,2.2730787214085737,0.11733156704545103,19.334266030169566,2.7657544925297768e-83,4.450188196367266e-81,6.446534303148845e-83,1.0
AP1B1,738828.1541134904,0.18912402882680968,0.20558456067038577,0.9462939483650855,0.3439986791342229,0.5555094663958934,,0.0
PRLR,995756.585797882,0.4099407042572097,0.34034855269487346,1.5806179245756427,0.11396542488171553,0.25031243474680626,,0.0
KIAA0753,100983.52174929541,-0.19016275183477638,0.31955296459899524,-0.7052386580459429,0.4806617274294199,0.676506968515222,,0.0
PNPT1,505366.08401495207,2.166538246219411,0.1648978876206769,13.325941550389182,1.6355621275248554e-40,5.745199924009844e-39,3.8122354635953176e-40,1.0
FAM171A1,263656.2288399648,0.811792529515598,0.26723755010829287,3.2554293254462245,0.0011322107158930517,0.004019549502401809,0.002639003294801188,1.0
RNU1-103P,821.6377407001537,0.13474311935760974,0.18642573457637293,0.7574637234095695,0.4487720915020508,0.6486468170652651,,0.0
SAP18,565989.2106341651,0.19277493129768253,0.15190955140383208,1.1322785120369059,0.2575173611103627,0.45595409311126056,,0.0
KIAA1671-AS1,7191.892075668543,-0.10972348560507365,0.2647781782691884,-0.4581375343784286,0.6468536342078113,0.7986400810466739,,0.0
PRELID3A,26741.68719786523,0.1026832812297228,0.15920653565381862,0.653788157589574,0.5132482971447991,0.7033193698236972,,0.0
UBXN7,418545.9556243571,0.6658275114041521,0.1267544409919961,5.3338873224131405,9.61321892284329e-08,5.387723144622734e-07,2.2406885975300155e-07,1.0
IPCEF1,46874.331158803994,2.16329593709799,0.2833393749266222,7.873321946779918,3.453464459286652e-15,3.33834897731043e-14,8.049476973327952e-15,1.0
ITFG1-AS1,20652.85860419854,-0.1497317894928034,0.2352875620314734,-0.6807782849109753,0.4960117923708036,0.6891662452216069,,0.0
MAP2K1,348429.8694590052,-0.026361309535963405,0.6013330235286398,-0.10408249361855151,0.917103883463445,0.9546733085806135,,0.0
EPB41L4A-AS1,202845.07453349535,0.09681810383901,0.7191615782018321,1.2315341389268457,0.21812315647760927,0.40716929369135335,,0.0
ADAM1B,2402.788335000125,-0.26862723727670584,0.44204377478559104,-0.7880549585666271,0.43066455967384354,0.633697313004399,,0.0
KRTDAP,9165.597641538212,0.5085026394184616,0.4840074671774826,1.3857910106714562,0.16581072808807595,0.3334935127835979,,0.0
LINC01361,253.4468575169345,0.045846518704196954,0.625522029665154,0.11847138012909689,0.9056941707198757,0.949485552016755,,0.0
TMPRSS5,13600.366424365962,0.11718443693409494,0.37433139112771957,0.3735575269429579,0.7087335383913214,0.8403049416439057,,0.0
PDE2A,407143.2688035852,-1.7654741956183644,0.2017839858467437,-9.03070377846091,1.7057123323218152e-19,2.0257364556240987e-18,3.9757444456173897e-19,1.0
KIF4B,4739.530470013293,-0.04799339005613223,0.08968062545509384,-0.5393777377747976,0.589626238944722,0.7629197613116144,,0.0
ELOVL6,182686.47197133518,-0.03081091698595602,0.16529067691845692,-0.2018295379532158,0.8400499887682995,0.9157692346961784,,0.0
PPP1R12C,2516168.9829352302,3.7645183045532122,0.8444740904762811,4.16826596212383,3.06925682763456e-05,0.00013335760501952254,7.153950026280928e-05,1.0
EP400,393105.78827305266,-0.26237882398669365,0.5913992081140783,-0.6989161839699711,0.4846044127692759,0.6784189758330474,,0.0
NAPA,713668.3761578205,-1.4960428095266143,0.15992471228705368,-9.615141351044324,6.9014494306569405e-22,9.253878967773338e-21,1.608618213089571e-21,1.0
SLC22A25,610.5713886389982,0.5379561926005222,0.3979178672461364,1.629652929438513,0.1031748709772572,0.23092016883621752,,0.0
SLC14A2-AS1,1262.1042633779323,0.3282304500583349,0.15697010490979083,2.1624492130742143,0.030583567724683854,0.08123047700251494,,0.0
NUP37,105519.40082287556,-1.0467631281950056,0.7426263963134412,-2.1596110256213277,0.03080279417107465,0.08172571134325551,,0.0
KCNT2,10340.64118915007,0.11665374084946449,0.25137220963872203,0.4954218309189393,0.6203023877553899,0.7820380363000166,,0.0
DNAJC25-GNG10,166529.6851196016,0.37917744125147435,0.3775104571843851,1.2038418185239352,0.22865072297873068,0.42023205829694493,,0.0
EIPR1-IT1,1589.7352261582025,1.8104146602323732,0.4528462953425417,4.419493327955175,9.893257563513811e-06,4.5734540061915564e-05,2.3059611554582657e-05,1.0
RPP38-DT,2646.5676650878827,0.6973106531172313,0.21701190233820766,3.3786209417589776,0.0007285038069050361,0.0026640593759841053,0.0016980266303001496,1.0
BANK1,20194.390717685055,-0.14734054047436818,0.6404111174442985,-1.2154600632962962,0.2241906717995802,0.4152480768422971,,0.0
LDLRAD4-AS1,9330.15336549335,2.5333090486463234,0.33381674074619505,7.839753678051192,4.5143109189843996e-15,4.297210470208814e-14,1.0522141525184198e-14,1.0
RNF212B,2901.882646911724,-0.9935098320640907,0.2885981450912598,-3.722047925756674,0.00019761350264140505,0.0007785909566945722,0.00046060567811931233,1.0
ATP4B,417.3069270130107,-0.05760774091500505,0.15152398987248353,-0.39276920154644446,0.6944899539427152,0.8301106273113786,,0.0
SERPINF1,2155714.999085522,-0.17616085686572908,0.34618959188912896,-0.4547816426591861,0.6492663382341504,0.7998371190693856,,0.0
ARHGEF37,199850.15972587655,0.09072549926205871,0.09457970089190983,0.9490158044975692,0.34261257395787614,0.5543144725598074,,0.0
ERCC8-AS1,997.327273474064,-0.11830989982461601,0.728764659993423,-0.35210782237201554,0.7247574021861369,0.8512102477288559,,0.0
TEKT2,5373.299895805963,0.2868106628643382,0.1536204648222556,1.942867898899168,0.05203212141976482,0.12937997090816897,,0.0
ZBTB1,199571.66729586496,-0.11312070416617159,0.21859511697910236,-0.5570784562452611,0.5774738262790785,0.7527908703416626,,0.0
OR5AK4P,482.95363408742924,2.218597324333843,0.22497587053007764,10.058997130180877,8.384810434345556e-24,1.2157975129801058e-22,1.9543660956315717e-23,1.0
TMEM9B,322478.91686517984,-0.11152158328466232,0.10174692517718761,-1.2890150869350872,0.19739284161908321,0.3807407169358032,,0.0
ATL1,53068.7493109331,0.015591700053352324,0.46522357592519736,0.03788580120887468,0.9697787339161281,0.9879653222376084,,0.0
NUCKS1,1692090.063058588,-0.3985252542710764,0.2605705119934119,-1.3275710287104563,0.18431986067360784,0.36125244205892176,0.42962031076633456,0.0
RNF214,135625.23546036147,0.5235748038633822,0.6270387474990586,1.2451677921527857,0.21307007899364094,0.39999757396322205,,0.0
SPEF1,11002.627825201926,0.3683873792429407,0.45635483939668564,1.0450475667846937,0.2960009857185095,0.5031453246692936,,0.0
ARHGAP26,204407.1079966617,-0.040498951333526226,0.16722044969681604,-0.33745624751776776,0.7357729891727798,0.8568843497534031,,0.0
VWC2,4130.508338058954,2.732727348427599,0.36004592582546036,7.856398806086135,3.953349778152068e-15,3.7921747487350996e-14,9.21463023057127e-15,1.0
COX6B1P5,251.79664464420358,0.44033592163190555,0.21275218443421368,2.1919218102418916,0.02838515293590129,0.07608014123819218,,0.0
ZSWIM1,54671.539291913796,-0.5611421679565075,0.28126365466074366,-2.216694798054877,0.02664395450776527,0.07195454525432222,0.06210282480595008,0.0
NHLH1,1828.7231428400396,-0.2838416185785826,0.6342363168170317,-0.7541468077040416,0.45076107359713413,0.6498255014747124,,0.0
GGPS1,250924.2832143425,-0.5763207160505875,0.22077118387805192,-2.829381556279337,0.0046638059540033295,0.014893126823667483,0.010870590700265706,1.0
AATK,61049.822465031546,1.0867121040131715,0.4580960756126482,2.8026299204786946,0.005068779608388769,0.016042558811321814,0.011814519947029523,1.0
HSPB7,588744.12933183,-0.14667531693246197,0.13951408048538141,-1.0642010551435628,0.2872376291378721,0.4924749004894658,,0.0
KMT5B,500516.2976136034,0.6596393382302949,0.17592712131938945,3.917398163393335,8.95098390728823e-05,0.0003689876671863941,0.00020863321368950325,1.0
KCNA1,11493.868775740328,1.6242767594605914,0.46643845139018975,3.9189044155466037,8.895237929899195e-05,0.0003669929428812009,0.0002073338635249401,1.0
ANKRD52,221990.26184993488,-0.7627787918461042,0.6422164007777846,-1.8183397785009132,0.06901221653544147,0.16353108602317437,,0.0
FANCM,45162.32985007316,-0.17275818116667674,0.16071472063108788,-1.0821024217883088,0.2792070198294092,0.48390709343609906,,0.0
PPIAP39,5876.2433236436345,-0.24388554857414685,0.3080168697686665,-0.903232513617495,0.3664025051973887,0.5777510578421751,,0.0
TTC29,877.5191354448634,0.02310557522909448,0.11321367885269468,0.20317949445180672,0.8389947396146308,0.9156336111724378,,0.0
NAA60,342937.586374916,-0.14560564559070766,0.4424721691270248,-0.44547843969915113,0.6559740373604898,0.8041284095242376,,0.0
NUBP2,248574.4465707323,-0.708727161430166,0.07701603497191192,-8.999941599203293,2.2583778214420497e-19,2.663070584717008e-18,5.263919894090161e-19,1.0
UBE2G1,264970.7600026603,-0.13134825501698744,0.2662382200065546,-0.5311041921746782,0.5953465793471131,0.7670851642160659,,0.0
IQANK1,199164.44598857252,-0.8834859460865954,0.5270298764790436,-2.2041754809519043,0.027512005422604447,0.07393851457324944,0.06412611357380887,0.0
RABGEF1,326464.4358920085,0.6350590915156797,0.2471402592157865,2.7116539579309538,0.006694844291363268,0.020741542438086943,0.015604618376317748,1.0
JAK3,69664.93642706593,-1.4236788025610414,0.2832217561183861,-5.368704923292701,7.930404719420453e-08,4.500211460804235e-07,1.84845134301258e-07,1.0
RNA5SP203,196.664078921147,0.532374041345364,0.2984386906439137,1.9861926912693875,0.047011932092775384,0.11837229544611994,,0.0
CCT5P1,9327.16406702557,-0.29835915334638446,0.3000432351839022,-1.1274177126729106,0.2595659136052658,0.45814394092819033,,0.0
AKR1E2,26052.430138887557,0.3944042696036928,0.3358727045700037,1.3516501903485953,0.17648724624422618,0.3494713712847162,,0.0
CARD14,50831.518975259285,-0.013343308604304037,0.6509794928707067,-0.052996971584151654,0.9577343206501648,0.9801351644240917,,0.0
CTSC,551998.2465602213,0.16181158712326876,0.13163764108550158,1.1766155304567247,0.2393489961834021,0.4328958856988717,,0.0
RUNX2,44175.65428630367,-0.19206270325350525,0.419433210007542,-0.5851152906029488,0.5584701981299867,0.7388990313719823,,0.0
PANTR1,885.5491666591439,-0.126527172418941,0.1848878660787942,-0.7193519938802464,0.4719240676212638,0.6695590587158399,,0.0
ZNF808,24952.107878013627,-1.2412916988858809,0.7735169079109688,-2.3958704723483053,0.01658094856457183,0.04709895867886348,0.038647556747702934,1.0
IER3,311032.6319147049,-2.3281020777493526,0.4387674211530854,-5.750216750212347,8.912910904054495e-09,5.454920195021328e-08,2.077457924739431e-08,1.0
MSH6,437385.3274777308,-0.21112898009056907,0.5517496780726526,-0.5692275813195732,0.5692017052956859,0.7461703300958952,,0.0
CHCHD2P8,292.5718314215818,-0.06698486212845209,0.2031739280121477,-0.35083619463574295,0.7257112416141449,0.8517288642756129,,0.0
ADAM33,768914.211468588,0.9139064671974169,0.13695858981196585,6.581538657602367,4.6560441034792316e-11,3.375631975022443e-10,1.0852499059885237e-10,1.0
MIR593,131.73852873881563,-1.0942379558996722,0.2925658239157676,-4.03132898040583,5.546234653729822e-05,0.0002340492254890385,0.00012927391800375866,1.0
THRB,168078.44974446908,0.5068978410798282,0.27517812299082867,1.9435739353303116,0.05194685149785045,0.12923236671884192,,0.0
PMS2,49981.56711622535,-1.7628932761437563,0.4922166918556384,-4.063720405167005,4.829667398953332e-05,0.00020467613412046914,0.00011257187376625804,1.0
LINC01353,847.2243458714174,-0.017889376362217956,0.4980987810781696,-0.054826231094563305,0.9562769024361247,0.9795047911937367,,0.0
SCHIP1,141862.37984656656,0.8802336706391084,0.09150726038357639,9.768318760048489,1.5398607624625091e-22,2.127652488410802e-21,3.589170786524764e-22,1.0
IL20RB-AS1,177.63788766605907,-0.9639514640737221,0.14667081373505375,-6.711896466086647,1.9211099181524215e-11,1.451893374506709e-10,4.477801996142187e-11,1.0
LINC02454,1587.4829878802589,2.2945320494987262,0.1875198265803772,12.400646259128473,2.592244248356629e-35,6.951674360646701e-34,6.042109491029376e-35,1.0
AP2A2,556834.0363111297,0.15346112664653783,0.14116716007336758,1.2356033283619614,0.21660604691555596,0.4057194750337188,,0.0
DNAJB6P1,243871.62141069613,0.3581749573771165,0.2595880486497689,1.505187738841994,0.13227581656052534,0.280520982691023,,0.0
PBXIP1,706273.3991019661,-0.0480089739834505,0.1311439209798863,-0.3199284377361209,0.749022579739524,0.8652442398658513,1.0,0.0
DHX57,28389.93507739332,-0.8511917855987707,1.0063626216410984,-1.7363359394687345,0.08250445203504272,0.1902572198273019,0.19230476950971642,0.0
PROSER2,68969.58736704646,0.4934387279553049,0.14711551710424975,3.403328332187343,0.0006657023132796705,0.0024523804568973386,0.0015516463264668209,1.0
PPIL3,77862.32205392167,0.9137485105591602,0.43229144465897484,2.512648706420169,0.011982859098093265,0.03511780327925335,0.027930140738920188,1.0
LINC01954,150.2945552723374,-2.085503733015473,0.5473656669925513,-4.305978412117807,1.6624927035040186e-05,7.430567746485703e-05,3.875006357513105e-05,1.0
ZNF567,57030.23591547873,0.6775924467120089,0.16772723428918812,4.1424159184569795,3.436663779395559e-05,0.0001484162678062775,8.010317257768714e-05,1.0
CRB1,1501.8419921482764,-0.6025921655775414,0.18051007854186737,-3.4738123858811796,0.0005131196809426633,0.00192439170567068,0.0011960004525897216,1.0
THSD4,427726.2650036371,-0.06363359838303136,0.5505244474885188,0.9415721583212413,0.34641172963677824,0.5579275774711818,0.8074307044057243,0.0
ARHGAP19,132584.402594955,0.1938205911516319,0.6668410832762229,0.5036046531986188,0.6145392220398607,0.7772108964262217,,0.0
CHCHD4,132222.3990649885,0.3987560263490304,0.7224941526644083,0.9861889962716555,0.3240403779698662,0.5337891034721574,,0.0
PPP1R2P6,346.04886534266313,1.690973284523885,0.15348875935965803,11.161743688657522,6.274861557823735e-29,1.1900764049591176e-27,1.462570535066579e-28,1.0
CPLX3,5082.6737075981555,-0.4457421405790078,0.46893477945460604,-1.2468902366499475,0.2124377471386102,0.399411791453972,,0.0
HIGD2B,137.59330794979957,-0.09252331327887975,0.22470101826895322,-0.443075174510687,0.6577113610531344,0.8054663071281696,,0.0
COQ5,136214.42825733536,-0.5829415267106195,0.4890361179611731,-1.5829246043817584,0.1134386500094063,0.24926519217925933,,0.0
PPIAP2,426.40640402932297,0.8221000687781753,0.208289782205051,4.131594573563546,3.602554141086351e-05,0.00015517737526544661,8.396981334457346e-05,1.0
GLIS2,272772.07130673295,0.18254767436808683,0.388835070262862,0.512450850150391,0.6083355103428645,0.7731798415634382,1.0,0.0
TMSB10P1,11769.104198600962,0.6318124332380826,0.39932549462699746,1.8854971277389057,0.05936275186797687,0.14449325236231844,,0.0
BPTF,581979.1634510745,0.15190166633876967,0.2758571103541144,0.7693550989267074,0.4416825362079524,0.643620359510741,,0.0
LINC02550,1122.2729372668996,0.3291946450834382,0.3317641642910646,1.1440298771936426,0.25261124663632206,0.44968768673161114,,0.0
DAAM2-AS1,184942.3994379656,2.0202511493187556,0.18697589227391875,11.013140197468342,3.302871617193315e-28,5.883829866628662e-27,7.6984689843739505e-28,1.0
VAV1,54441.2252353073,0.31111055506648316,0.37575916924683594,0.9660965245255418,0.3339958834699348,0.5453099183905371,,0.0
FANCD2,373253.96343286417,3.0616974892399225,0.603743265551546,5.486512709124476,4.0994594215434843e-08,2.380454434768207e-07,9.555188595635e-08,1.0
HAUS4,160275.15137920645,-1.3718049403731742,0.21094299010836665,-6.764774567115547,1.3351692763549982e-11,1.0183217661251882e-10,3.1120674534853885e-11,1.0
CLMP,344157.80487892136,0.19962955530761148,0.39273656826447734,0.6067582749566791,0.544011342250704,0.7277991081934609,,0.0
GDNF,13438.369810317012,0.8570152695292946,0.2776032553350966,3.3378199080904714,0.0008443845819215344,0.00305645159261583,0.001968126305899352,1.0
MYRF-AS1,21106.502783361153,2.927932890114509,1.1074540812208915,2.8057240484660895,0.005020366602145878,0.015929763747775855,0.011701676921263384,1.0
GDF3,623.4181412885216,-0.9848190143255523,0.2765283746372568,-3.835040808552857,0.00012554344839313457,0.0005082879225527234,0.0002926218320490445,1.0
TMOD4,3621.4530433082655,-0.5602955268020299,0.26349417485335147,-2.327413827260363,0.019943250529301227,0.05554267651599917,0.046484548429978755,1.0
LINC02101,196.38651187356714,-0.2905218235883148,0.21363832596223634,-1.4473878058041256,0.14778833911303396,0.30567196068511737,,0.0
STBD1,127565.8395224127,-1.3303658036849333,0.22842718841096155,-6.090657544987341,1.1244786182422762e-09,7.409378266568658e-09,2.620981003641343e-09,1.0
BEAN1-AS1,3188.779802850685,0.23897159155107056,0.2848666575963445,0.9421250056576085,0.34612864351482786,0.557751830333609,,0.0
STK38L,464984.06327842735,0.3562762009390836,0.22217771155228364,1.6099999095293183,0.10739787604685298,0.23931162797839947,,0.0
ARMC6,118617.73196479418,-1.0056408048658343,0.20445844147176767,-5.1107640127021305,3.20858574891797e-07,1.7302081854705767e-06,7.478703605421885e-07,1.0
RPL31P7,3827.531777912109,0.4937957064608882,0.3068456799378884,1.7955229578891467,0.07257041832889569,0.17058494185887452,,0.0
QSER1,217063.55526999122,-1.629169967735266,0.2814461014767809,-6.122167279866209,9.231103432273577e-10,6.122971265981462e-09,2.1516235476719903e-09,1.0
IRAK1BP1,50409.559927710776,0.4786480399572225,0.27805267737427436,1.8716220269314605,0.06125891381591614,0.14832983597756783,,0.0
COL4A2-AS1,85335.71083002783,0.12289486819746813,0.14928125728467487,0.7991070514035747,0.4242283412629977,0.6294024289767497,,0.0
TCN2,246703.0790197601,0.0032184600047074356,0.16669314265081087,-0.024658399552453643,0.9803274373297666,0.9913563380817733,,0.0
RHOBTB3,582543.5939567767,0.40156861475025796,0.24164237307804604,1.845567254136336,0.06495506484532068,0.15576724204252862,,0.0
ST13P6,120066.78440997028,0.4700095577359085,0.3310080210148845,1.5849154599154,0.1129855434609457,0.2488176118248111,0.2633513508332697,0.0
SNX14,345747.3926315044,0.19223433129990633,0.1679201847876258,1.1631926559562418,0.24475134554139555,0.4393018033682911,,0.0
DAP,1282190.979677966,0.644169942286699,0.4653949349009164,1.7936813694886586,0.07286404062595885,0.1709528855325883,,0.0
ACAP2-IT1,2213.013838736464,0.564092651204417,0.25886841923060555,2.3497397432850495,0.01878654150657283,0.052630258550598094,,0.0
RTF2,559589.914934103,0.019281438477189796,0.17333301149640465,0.14169741274644726,0.8873190186504516,0.9414905903059886,1.0,0.0
RASGRF2-AS1,2414.190682928557,-0.061236565663429075,0.19832668385735075,-0.3298506346782613,0.7415128255390071,0.8599254243444142,,0.0
TAS2R4,8585.239046320285,1.5223469382337802,0.12784581845557388,12.058777476868594,1.7435168902472743e-33,4.3483311242767024e-32,4.063860863810002e-33,1.0
NUP93,186030.4692332787,0.210101976738269,0.6481892704860478,0.5279389295042641,0.5975417237896987,0.7674903287184133,,0.0
NIP7,127091.1246608701,0.22034186510520504,0.19817218210540574,1.1118573112398529,0.26619950564970063,0.46638676999673573,,0.0
DPP9,319691.6974050899,-0.3218788888535964,0.28385006654059175,-1.2768660441031197,0.20164954395041035,0.3852802431449735,,0.0
RD3,1021.2379248050016,-0.5242884717353321,0.1272919522495365,-4.202797641378682,2.636362536964238e-05,0.00011504966171808941,6.14494221232599e-05,1.0
ZNF44,84524.48467581478,-0.544861949138559,0.24139478890303764,-2.381391298395783,0.01724738023502553,0.04888064352972008,0.040200903089863245,1.0
NEURL2,19265.72562786574,-0.3046263828725628,0.2821611584689548,-1.2136632425371168,0.22487634617541674,0.41590033916313635,0.5241510349172798,0.0
MLX,311823.8725392339,0.026640596992060665,0.28202265301119483,0.06525809486556618,0.9479685066415363,0.9734072856260277,,0.0
EDEM1,294994.32060562243,0.6951458674190296,0.7700185567168382,1.6825266149049456,0.09246676843933373,0.2094569668371465,,0.0
PRR7-AS1,863.7468376700623,-2.253706824020773,0.5863441621564496,-4.357155112372688,1.317638917595984e-05,5.9478578470305594e-05,3.071206972415312e-05,1.0
MIR99AHG,26128.452401011036,-0.6040390208247567,0.2692856948062718,-2.4693319509228218,0.01353655822453716,0.039233208846014736,0.03155156655326699,1.0
ISL2,1015.502465788071,-0.03303161038146464,0.4706332006995057,-0.09955810955721489,0.920695152259757,0.9562061324424316,,0.0
CD79A,30274.261012605555,-1.5097540924625283,0.2618454628999233,-6.085146518630772,1.163848276437714e-09,7.63852000377805e-09,2.712745421902485e-09,1.0
TMEM209,130657.76722241286,-0.7348288126138511,0.1289027523205266,-5.843553147530943,5.10989852323426e-09,3.186021729236561e-08,1.1910361604622657e-08,1.0
NPNT,653623.3598551198,-0.2583203166648844,0.448625824640221,-0.7652593061970309,0.444117150814896,0.6459518334429575,,0.0
PIK3R1,1194593.8791618827,-0.40566249887362305,0.348625788775516,-1.1993918264299255,0.23037562429195668,0.42213295640154197,,0.0
SMARCC2,3871350.5928006517,2.923241737002425,0.5962690820896525,4.56942760727217,4.8905805518781645e-06,2.318841805396225e-05,1.1399166258302937e-05,1.0
TAL1,60550.60526550842,-0.11125917093392362,0.27028948337944325,-0.46991268355621774,0.6384174021351707,0.7925400701468969,,0.0
FOXF1,9947.821891962401,-1.5334130666060928,0.774333350229197,-2.7639187611377984,0.005711175649120435,0.01787160861845215,0.013311843055052678,1.0
RASSF6,25470.31091346385,-1.673869830952628,0.13981140792562025,-12.100927194895958,1.0442499814313124e-33,2.61744668712532e-32,2.4339807978408345e-33,1.0
BAG3,420070.9652909823,-0.14418461612559805,0.4891046853283365,-0.3914287017067641,0.6954803804127065,0.830618910091759,,0.0
KRT73-AS1,502.0181835594928,1.195499576963481,0.13040968686010557,9.294904457495889,1.473384684476975e-20,1.8511946615040683e-19,3.434225610360351e-20,1.0
PIKFYVE,284769.8699823893,-0.18495264531892122,0.5212514232111218,-0.5219020791621366,0.6017385106059512,0.7700029992053578,,0.0
FCRL1,1799.7098484834617,-1.667793194300278,0.7782439919034172,-2.9092001447870177,0.003623548017536406,0.011790122316680751,0.008445914724986726,1.0
FBH1,640894.0040684342,0.7684132993072816,0.2881571261094724,2.844337316747093,0.0044503905716967995,0.01424810537331427,0.010373153351225997,1.0
SLC22A11,844.8304136397358,-0.01957746108714824,0.4166524035972186,-0.06340627810880799,0.9494429881050845,0.974649439116724,,0.0
LINC01143,517.0479374550796,-0.783415246649705,0.506869930754941,-2.000456527164088,0.04545098971084045,0.11484778960368398,0.10593903583068794,0.0
E2F5,162469.49933446845,-0.5566662239724948,0.7171787390249558,-1.3653377887516778,0.17214690711911418,0.3427819451936693,,0.0
MTTP,1442.576462945765,-0.04398692156286456,0.22596617755283666,-0.2153960201084392,0.8294585726813108,0.9107064407955929,,0.0
SMIM35,885.2301407323439,0.009815074527487809,0.2834667111364905,0.03614236057634416,0.9711688455215622,0.9884085291698741,,0.0
NBPF18P,176.13914996482384,0.5001923133626996,0.27923307825589855,1.9714869047954342,0.04866820940601474,0.12211118134668084,0.11343786379308482,0.0
MAML2,227020.5226648142,0.2428240797528743,0.16442077552204623,1.486889629526832,0.13704396368538635,0.28806375510438564,,0.0
SLC35A3,292051.56131261896,0.23078979670209876,0.41102111923870766,0.641994713431769,0.520876615530026,0.709908489799805,,0.0
SPATA18,44784.92965268371,-0.3135546395193139,0.2763121215580165,-1.2707819055490663,0.20380624766042166,0.3878939929677453,,0.0
APIP,456732.636623643,2.926336130381983,0.18753785436080883,15.687444864148777,1.843271340893414e-55,1.1492796810470438e-53,4.2963726394282005e-55,1.0
SPATA46,1632.9448156692856,-0.5415537195975527,0.22683795808347954,-2.5538555049656355,0.010653745833343716,0.03174485317605642,0.024832188886317035,1.0
FLNB,1952306.6552534862,-0.20861437111978146,0.6895520752803882,-1.282165124577489,0.19978472748617315,0.38283757998502943,,0.0
RPL12P8,52327.44090992569,0.16065259048705474,0.20507718916842468,0.8210280863508006,0.4116302702695348,0.6171360950118544,,0.0
FOXN3,578611.6427269732,0.05455587619350181,0.7516224391489679,0.288958572652454,0.772613080050367,0.8772579201664535,,0.0
BDP1P,144.80060723059813,0.10312630662450904,0.42414914285403627,0.30702977307317547,0.7588207103459604,0.870970397815351,,0.0
UTP11,177490.53784800947,0.20652600855117947,0.12413306103010059,1.6002350940617518,0.10954643954806356,0.24296026699232595,,0.0
LINC00261,470.7034174037079,0.759539407685603,0.3571254640784604,2.4358808546153528,0.01485557676676895,0.04265953765840157,,0.0
CNTN2,6392.207328929694,0.3846694064127194,0.3875275167877602,1.1934810304923693,0.23268103700244147,0.4243856952403112,0.5423425292374663,0.0
ATRAID,1162703.7693361784,1.6141723767189642,0.15507196647981072,10.56568431415828,4.298222349818221e-26,6.960887363926392e-25,1.0018473402286583e-25,1.0
IRAG2,84212.02595089098,0.6644374963199852,0.19888347453776295,3.4642007804815016,0.0005318094137610155,0.001989996516008961,0.001239563250392498,1.0
SEMA6A-AS2,904.9536022581133,-0.3344211010691045,0.3459807501643214,-1.131360680978637,0.25790331356949026,0.4562736825429166,,0.0
CCDC25,231679.9249211612,-0.05386865611155665,0.11142733229586196,-0.4743526555987331,0.6352484484681322,0.7903764681863416,,0.0
ASH1L,742048.8519925342,-0.24308787626100214,0.5350749176127003,-0.6627282145446423,0.5075046362110485,0.6990277034497641,,0.0
ADA,78621.20179760276,-0.13774418275787662,0.21698249579445983,-0.7290264797379021,0.4659854649592464,0.6639061694420797,1.0,0.0
CEP135,63753.19715721156,0.39308456861576485,0.28790705782637566,1.5049739730796763,0.13233076829831136,0.280520982691023,,0.0
BEST3,2730.3261667891747,0.36869195241688363,0.9033098909207665,0.39130960278410765,0.6955684016546266,0.830618910091759,,0.0
AMOTL1,308253.3982540159,-0.08615148337007258,0.487200953821715,-0.26928036487480117,0.787713940870366,0.8863336650262542,,0.0
TMEM68,156179.40739147257,0.5336622639386127,0.30408945320667563,1.889997536824079,0.05875828951210625,0.14347902359047124,0.13695623742354487,0.0
CER1,348.3527973699182,1.2418177572589915,0.8350341752175293,2.3123965819835397,0.020755838554870582,0.0573892032769925,,0.0
MYBPH,1302.7794089892445,-0.477931427651755,0.1975360314723818,-2.5448030433892703,0.010933939084163322,0.03248272075747865,0.025485274837292828,1.0
KCND2,18301.716941091374,-1.8903179457570378,0.22702927002854756,-8.53783285909884,1.3676255220384215e-17,1.479764881546127e-16,3.1877178055736665e-17,1.0
RPRML,1093.4273239380966,0.12329404788842929,0.16561201416200325,0.7720959876448504,0.44005757847291516,0.6421106554288593,,0.0
UQCRFS1P1,64345.3344487991,-0.1888595870814497,0.11752414146646403,-1.7310103126736256,0.08344992515206363,0.1919964145103752,,0.0
SELENOKP1,1378.5871881067694,0.4929607741701496,0.1488554301449252,3.4057410206443763,0.0006598474070487093,0.0024326081791270966,0.0015379994702611971,1.0
SUSD1,57676.677221010184,-0.11033228285799426,0.2354992528112369,-0.5275645323080606,0.597801615476296,0.7674903287184133,,0.0
DMWD,577452.3144173679,0.5866491322060545,0.8839979493016267,1.4512811413307054,0.14670159042202077,0.30426092849273995,,0.0
AP5Z1,157685.02981150188,-1.5837092079972495,0.24886996511128748,-6.6609798023842535,2.7200802616975528e-11,2.028065821427114e-10,6.340074927732426e-11,1.0
GARRE1,649972.7048856319,0.7229696987249606,0.5275548604865874,1.8890503974423192,0.05888507601560153,0.14369802307525462,,0.0
KRT20,947.0342890170499,-0.6468825134991794,0.19717408462687572,-3.4333149625274184,0.0005962490269384672,0.002217815172534731,0.0013897617506397543,1.0
MAGOHB,245528.8512953439,1.874883466194556,0.2841749545227015,6.81561133817379,9.386374554049154e-12,7.214057977749951e-11,2.187814779233513e-11,1.0
CLNK,1655.0583513561373,0.0039294524538483885,0.29326144284539163,0.011579068746660336,0.9907614462619511,0.9957521849596237,,0.0
CLHC1,17760.42525786571,-1.5639534445048218,0.24446942025403473,-6.637911939531694,3.181578325621315e-11,2.3545567786645575e-10,7.41575359261641e-11,1.0
B3GALNT1,96167.96727219349,-1.1401579202545358,0.4438554697502082,-3.0471920124606213,0.002309901044390215,0.007753557476055446,0.005384012340849716,1.0
GIMAP1,53509.95730790439,-0.8183353149053478,0.5657434520487955,-1.9743073093638068,0.04834681028255494,0.12136582269219126,0.11268873349971217,0.0
VN1R82P,1258.9569945715295,-2.0020372524346217,0.20544284285837494,-9.931536039052178,3.0354303357563655e-23,4.338317052937751e-22,7.075105848015304e-23,1.0
RPL18AP7,588.9867173427917,0.27147479220473425,0.29504353487005414,1.031238547948307,0.3024289679188027,0.510496004053803,,0.0
SAA2-SAA4,341984.77921089006,0.3521112484658158,0.7274018034437689,0.8174176235164717,0.4136898076784159,0.6192931454681688,,0.0
ZNF706,625465.8726105413,-0.6549133036746535,0.31976701477023484,-2.2285165366508193,0.025846089848617707,0.0699133927141568,,0.0
GLRB,47755.67619268839,0.17916480869973253,0.11753855918788067,1.475798177737681,0.1399980800975062,0.2931457803028729,,0.0
MRPL37P1,183.00214955015647,-0.2914861174603046,0.34299948473619785,-0.9946600035478558,0.3199016533822202,0.528717510626413,,0.0
STARD4-AS1,81429.09104461363,0.3455976941455045,0.16437137880923838,2.1790618123165713,0.029327076639416576,0.07826830298416794,,0.0
ZC3H15,338711.8715111072,-0.19264476806322253,0.3420378175485702,-0.7015219891316581,0.48297731677188516,0.6775118560844248,,0.0
RNF148,3977.0976537013134,1.6127211963481451,0.5230936353919244,3.576985849146699,0.00034757898205587306,0.001327506862553365,0.0008101513843433153,1.0
GPR155,50974.763032181,-0.17952418627122985,0.1487968854995621,-1.261746325684058,0.20704008155179698,0.39189951339846735,,0.0
TFPI,322406.95393365715,0.1168979246602075,0.16641328233853536,0.8002653370465408,0.42355708168170436,0.6293424853822881,,0.0
RPL23AP18,7800.846909439727,-0.3398238084775771,0.19267683423242396,-1.8525601765718762,0.06394542485565868,0.15378967173578859,0.14904662578505865,0.0
SNX9,847772.8413335945,0.0411133890018529,0.2958385793496994,0.11362376868935045,0.9095360446823707,0.9505061367851801,,0.0
RBM43,89380.66006953953,0.312735050257007,0.2921397929951067,1.1359170725883305,0.25599127241418695,0.454407283559418,,0.0
TRIM21,141465.0830296743,0.047637435425398895,0.6885960650209161,0.11756249838032813,0.9064143207826342,0.949485552016755,,0.0
PCDHA10,80358.96013137583,-0.11954310150263524,0.13080865370690808,-0.9810431982269745,0.3265714394347674,0.5369141568413127,,0.0
LRP4-AS1,6125.9194233460175,2.1871133112774706,0.15059866306145184,14.636949147166757,1.6322989903291946e-48,8.393718931713426e-47,3.80462960923459e-48,1.0
AQP2,535.5424888547428,-0.9215447127164363,0.35778245317690016,-2.914641591728675,0.0035609723447091873,0.011609235330332958,0.008300060773555806,1.0
MCEE,138817.83990936738,1.9573351399451535,0.28771227215587025,7.0262187180762625,2.1220573233578066e-12,1.6881693666521115e-11,4.946178471452682e-12,1.0
SIRT5,279442.92315659625,2.1842496737776735,0.3112781628264659,7.2673394623377865,3.666366491901921e-13,3.078760279731782e-12,8.545717785797563e-13,1.0
FBN1,1496691.181044627,0.03452645551927228,0.1798790929954713,0.06595258537606119,0.9474155746044862,0.9733694925081725,,0.0
PAQR6,29497.470871477715,-0.40210446225565105,0.2144997114088542,-1.999923042211086,0.0455085745867145,0.11493507343723135,0.10607325702735138,0.0
CERS2,1772947.1243474688,-0.4793298346529765,0.5529937374461062,-1.3838648256660817,0.1663998488858922,0.333915437781021,0.38785161039384597,0.0
MBTD1,267536.0734831159,0.7052041233294923,0.1439596869822035,4.931773029231286,8.148656846911682e-07,4.139052989042309e-06,1.8993224463736204e-06,1.0
PINX1,110639.66109869967,0.08324015571423904,0.09753212028150791,0.8679109649937584,0.38544307580504455,0.5955979126752051,,0.0
FER1L5,14762.770731909646,0.03182761322182116,0.21317719187557915,0.13713490771379372,0.8909241607450976,0.942406160120435,,0.0
AKAP10,168209.26300257584,-0.011727491899669486,0.3999049920432389,-0.06517105176933287,0.9480378094569453,0.9734072856260277,,0.0
MFN2,615134.9289817298,0.16444082808346022,0.109179003267032,1.4453750450031722,0.14835256902245048,0.3066649872706104,,0.0
MXRA7,986243.1678041953,0.8291332018977434,0.18117951257591786,4.8146980183857195,1.474226546008719e-06,7.28063565494207e-06,3.4361878558371454e-06,1.0
FFAR2,33474.460685615224,0.644639592602562,0.1758671088219247,3.788059331281987,0.00015182859681318658,0.0006058568327233397,0.00035388833687110963,1.0
ISY1-RAB43,1295200.534347801,2.9590715574183184,0.23401797437151622,12.807810606258638,1.4825888606620006e-37,4.4549115885434093e-36,3.4556790827018966e-37,1.0
ABL1,778591.0379020694,0.24823059863635197,0.23524219214131117,1.0660726223084385,0.28639081448803727,0.4917996111340727,,0.0
KIF1C,1133096.6385572327,0.08512259153532546,0.18022206014076847,0.6198159852775561,0.5353789432388076,0.7217486942905872,,0.0
BICC1,291267.49636087625,1.6510327352418706,0.27512484522003,6.215352717151526,5.120948705555475e-10,3.4658469665279118e-09,1.1936117823976968e-09,1.0
FAR2,82780.8759701463,-1.198694274828679,0.1503398948202715,-8.140612663952657,3.932826782498886e-16,3.99530346051007e-15,9.166794388366562e-16,1.0
RNF32,79393.67766906152,2.766223282008189,0.47979251974129306,6.101406539101453,1.0513911135911534e-09,6.943690816348282e-09,2.4506256423330247e-09,1.0
BTG3-AS1,6607.455642339312,-1.2997173363300403,0.31039603278635275,-4.500155616715926,6.790373316295802e-06,3.189301516166051e-05,1.582728135592685e-05,1.0
ZNF225,32797.44871992109,-1.7466401499060413,0.5171463735056024,-3.9058237648847323,9.390493438232046e-05,0.0003858301587306544,0.0002188774825696329,1.0
PDE4B,360724.7959602762,1.303430440492378,0.6946316186290802,2.47230474721589,0.01342450240097705,0.038931056962833444,0.031290382231810056,1.0
CDHR2,6785.165559407353,1.0390601096529826,0.2683319207479963,4.129940784414048,3.628566824516759e-05,0.00015616299672726138,8.457612766677381e-05,1.0
MICU3,33510.356984104146,0.10178546967711993,0.7863249638554834,0.27364536791476446,0.7843571656616874,0.8839824353493689,,0.0
KRT8P31,799.9924033098811,-0.3862651696340983,0.7079783382218954,-1.0059570555358877,0.31443622842084495,0.5231514033899849,,0.0
ALOX12,12542.368922158084,-0.04319677183017631,0.13183798138961686,-0.36908107548594526,0.7120672942799464,0.8420558709977176,,0.0
SPRR3,18049.075954410077,-0.5070175115619788,0.17216421584217823,-3.0723380333610444,0.002123890586604273,0.007162925115606568,0.004950451516814072,1.0
LCN15,383.93377194334056,-0.06681030000389765,0.14666410484962308,-0.4706601704950963,0.6378834315254115,0.7922092591511918,,0.0
ANKRD54,134440.43144617788,0.6705906089826442,0.3124371478016614,2.3355796199800394,0.019513161783167275,0.05452753555990945,0.04548207989459737,1.0
SSRP1,3340607.26294517,2.3959180976877454,0.12336314089014613,19.570343578729666,2.76809171045461e-85,4.931157661338426e-83,6.45198198679794e-85,1.0
MIEF1,326694.36826183426,0.7907822792350149,0.4654849937685507,2.1622168795091783,0.030601463070583926,0.0812347513550147,,0.0
HOXA3,44666.458187086275,0.5722468677322556,0.6343995174049291,1.3812360033270494,0.16720640811176313,0.33521927799898493,,0.0
WBP4,96792.23450347726,-0.11229715260082518,0.1495164708934606,-0.8051400935712728,0.4207388415308272,0.6266483551973026,,0.0
SKINT1L,2402.717773548726,0.5523001340584621,0.4298676221841186,1.5922237806716213,0.11133443171344884,0.24588816863221533,,0.0
LINC01085,1838.1325733376052,-0.30790776236690376,0.26299127624686786,-1.2855134519696545,0.19861291905126943,0.38191258297136926,,0.0
NUP160,1085328.7781953276,0.5285371309513329,0.7264305699778528,1.1668655654099205,0.24326466390225976,0.4376749906284091,,0.0
MARCO,62341.39214048671,0.3579861862394939,0.3799939724976925,1.1187723842704196,0.263237255827215,0.46265941933268095,,0.0
PNPLA3,43266.746804491304,0.0725924466680235,0.17248577845638371,0.41977204209492164,0.6746519906945572,0.816887076709704,,0.0
KLHDC7A,83778.74434915026,0.7071440873368666,0.2678895956193776,2.838854492942344,0.004527579760482858,0.014476646054672112,0.010553069086583407,1.0
ADAMTS1,3111743.519562448,2.2142995520865734,0.25099846555070043,7.704585886646842,1.3126826932293719e-14,1.2215785958634529e-13,3.0596548008542556e-14,1.0
PPP1R10,1627519.9869475584,2.5502315601101087,0.22433076376732672,11.519114031659207,1.0569213233174168e-30,2.2058257576181068e-29,2.4635156825734932e-30,1.0
ZNF423,102921.25852043266,0.09784523890557668,0.2301905765354587,0.43616056785127955,0.6627202352826165,0.8082822713642585,,0.0
CEACAM21,5681.125968224423,-0.12876351156776425,0.5867220698523559,-0.3591947607752333,0.7194493957604506,0.8472040222746343,,0.0
CCDC28A-AS1,2638.832156555213,-0.9706858286596376,0.7316800669574872,-2.050682211449159,0.04029790439971631,0.10355793258412414,,0.0
HS2ST1,252798.25399149657,-0.4872080717432081,0.535829596427617,-1.288744988123753,0.19748675666753235,0.3807746201227875,,0.0
PCARE,915.4083486076601,-0.48396726915861615,0.465649533902121,-1.352668782224593,0.17616146781551767,0.3491034570773946,,0.0
COL25A1-DT,126.22947269882252,-0.1212353153690221,0.32828758278125086,-0.4300225185609332,0.6671792606564786,0.8110658291787867,,0.0
RNU4ATAC,518.2524873509985,0.05044370515964078,0.6860742806204666,0.13153393427642182,0.8953529440894157,0.9450837986963118,,0.0
BMP6,181246.39719049525,0.5765281543292176,0.6547117081776083,1.3410096285254058,0.17991732648171788,0.3554168809864589,,0.0
TPSAB1,275463.1733213935,0.610245658265927,0.6220236346013585,-0.41221411063142227,0.6801824954994433,0.8202869528180129,1.0,0.0
HEPACAM2,34494.601911851314,2.091500944957314,0.5716197500837291,4.132057384643713,3.595306290510557e-05,0.0001549990300524344,8.380087746292832e-05,1.0
ERICH3,12880.478240851453,0.24388312772058063,0.49892016173075293,0.6689857240697318,0.5035045846395192,0.6953158549783837,,0.0
SLITRK6,185903.04499726446,-0.1898220939225956,0.18408856336602963,-1.1171117868236944,0.26394653141267443,0.46341615582063356,,0.0
ATP8A2,22473.894749773543,-0.5527023797962977,0.5008352499679277,-1.4814078994307234,0.13849791099139871,0.29050781329903147,,0.0
ICOS,9078.69423634811,-0.015905790460431363,0.4221294493988165,-0.05300388713333804,0.9577288105846893,0.9801351644240917,,0.0
HDAC1,662681.1667020337,0.7008594367906504,0.2946024884804786,2.5575933253175935,0.010539927210756495,0.031443275674194616,0.02456689576039878,1.0
RPL15P14,308.8137908316674,0.2022167793997459,0.26476640005942503,0.837424688557947,0.40235389311221725,0.6094567928465653,,0.0
OVCH1-AS1,6954.456349997761,2.788134161059784,0.22416279641195094,12.59181252111551,2.3423234939049987e-36,6.638357720226212e-35,5.45958391943838e-36,1.0
TMA16P2,832.3602834179062,-0.030467405376634487,0.12712225327115856,-0.2434999737265176,0.8076181054594012,0.898794982157852,,0.0
DENND1C,70200.96997230605,-0.10066804477682147,0.2673147925368701,-0.4125821293233267,0.6799127965680078,0.8202869528180129,,0.0
SLC45A4,41334.08594910568,-0.26773200218425236,0.6943557977120556,0.5641273839054896,0.5726674428713566,0.7491385274173424,,0.0
TTC4,134068.74400537525,-0.08292808821084453,0.2629751412676162,-0.32846663711352664,0.7425588659199533,0.8600177366258349,,0.0
PDGFRB,2229631.8323680274,-0.03551055424791214,0.5302847667431678,0.3320680924329257,0.7398378429026152,0.8596112649425214,,0.0
MYOG,262.54859613842547,-0.25631725496775526,0.31857805351363705,-0.9253498072410485,0.35478397842694154,0.5668361577173556,0.8269450861652264,0.0
SLC19A2,258399.24545806024,-0.33347442855186854,0.19593655330836632,-1.7991801683976447,0.07199018544362044,0.1695072099650549,0.16779768457606484,0.0
LAMTOR5P1,406.46952381168603,0.18534175268280323,0.46687476096995917,0.5274960162096947,0.5978491821927444,0.7674903287184133,,0.0
RFLNA,16717.716590046937,-0.22631118479808687,0.7118741906460466,0.861386649440757,0.389025126554432,0.5992765074902738,,0.0
FAM53A,12539.21119877745,-0.2880220039375015,0.2105291351373188,-1.4442868108273024,0.14865831424078768,0.30716970647599373,,0.0
TTC22,47472.98012959257,0.4008366673186812,0.28636716013373775,1.5243701127205493,0.12741628168902042,0.27312093384823116,,0.0
AHSG,1936.3195931284943,1.2180777599219683,0.512463182212591,2.8790730723078624,0.003988459086571532,0.012893346677782762,0.009296464450382617,1.0
GNA13,540850.1144542906,0.4975650908974783,0.22416653854168286,2.316611386554582,0.020524910541862194,0.056908423447920305,,0.0
HMGB1P10,58418.636955830385,1.7328182695140677,0.9824414166486964,2.302512648025256,0.02130627898219693,0.05878081834247692,,0.0
RUFY4,6928.486066028359,-0.019720573125944035,0.14634762190580014,-0.1372389911442659,0.8908418919964312,0.942406160120435,,0.0
ZNRF2,177787.23454103648,0.5868778608339491,0.17547333982558944,3.435321800540373,0.0005918505658795725,0.0022030974795576924,0.0013795096367323868,1.0
LINC01785,969.136218333718,1.6992668966422417,0.1265642989686503,13.546050599741273,8.360905151403047e-42,3.089199621866548e-40,1.9487941539812335e-41,1.0
ABCF1,308479.7860823809,-1.0369228083257065,0.15463042588224735,-6.9917339536305745,2.7150939076919425e-12,2.1462580683942013e-11,6.3284525287698175e-12,1.0
RALGDS,818324.6014598914,0.2740302245455381,0.1940944648580497,1.5095784928711022,0.13115101265612902,0.278592188736899,,0.0
MCPH1-AS1,7786.537618018823,-0.024063864171031686,0.5034439385351563,-0.07410340224258631,0.9409281081086047,0.968681636912518,,0.0
PPM1F-AS1,190145.06244874274,0.5272079319098981,0.32348005115094564,1.8734587307704342,0.061005066462204126,0.14778692157040998,,0.0
MYSM1,323296.7901165924,0.08854489864875463,0.2665579863675033,0.3305554656743392,0.7409802899900613,0.8599254243444142,,0.0
ZNF695,11728.859915121862,-0.688153429862946,0.4097034938703638,-2.0337469016691037,0.04197712065038451,0.10699125079413283,0.09784199897388689,0.0
ITGB4,510851.89173339994,-3.658587056992008,0.7175033902823588,-5.505464043271828,3.681971079872191e-08,2.1480317832049694e-07,8.582089601122658e-08,1.0
SOWAHC,127224.62582505835,-0.14991356555963958,0.20341056655168768,-0.8241429652804356,0.4098583296741247,0.6159606352559609,,0.0
DHDH,9993.761917802713,2.261414642985791,0.3928445932411541,6.078699022773735,1.211615339409255e-09,7.941573341620715e-09,2.8240828565296096e-09,1.0
MANCR,1097.5836448866132,0.5105317394547427,0.19015561836274625,2.806183590900961,0.00501321203026422,0.01591718752829913,0.011685000750914921,1.0
GPR180,135183.68555300328,0.09773732304057371,0.19523710858892224,0.4510128657453463,0.6519802762928759,0.801738343618766,,0.0
SBF1P1,419.36619778835995,-0.1956561740623238,0.3909332125245917,-0.6165304612182018,0.5375444739697024,0.7232996590668669,,0.0
SIAE,331146.37043370574,0.1770427966647217,0.3741437942133791,0.5281336559750432,0.597406572699013,0.7674903287184133,,0.0
WDR19,225999.94369694503,-0.5123785899737398,0.4015760616860245,-1.5395025090624077,0.12368166582392738,0.26683570464089523,,0.0
DGKI,12877.24814373898,-1.3959240058975864,0.16644912664032346,-8.552386710836167,1.2056903932367484e-17,1.310236096179717e-16,2.8102727483480845e-17,1.0
STAT1,1558512.3961662687,-0.12905957656861586,0.23616315155926723,-0.38181565263212236,0.7025981076955825,0.8354958558674764,,0.0
ZNF516-DT,998.167047393836,0.04625302432569137,0.6180588667270368,0.11844203407606495,0.9057174217795759,0.949485552016755,,0.0
NDUFA5,224435.23871474602,-0.7297610067112253,0.2525147255438451,-3.1868393340265606,0.001438366510619981,0.004982341774286434,0.0033526038107347966,1.0
PSME2P1,65587.63523825238,0.22226212236042245,0.23754948919947227,0.9822972010934314,0.3259534530280791,0.5362321318285154,,0.0
MMP1,113693.55607014007,-0.012344723867816007,0.29092201989277305,-0.040330133083575845,0.9678299305887241,0.9869620276462936,,0.0
NECTIN3,142538.17283709568,2.8972938952199434,0.1964153652541934,14.924449836881083,2.2851251354462217e-50,1.2525499094072256e-48,5.326263633460633e-50,1.0
LDHAP4,428911.29233919753,1.921105622378135,0.30284022068883254,6.631245236707413,3.3286666451576763e-11,2.4561226665749247e-10,7.758593096283406e-11,1.0
SDC2,581481.2897082001,0.31052357604777064,0.6302050942591645,0.6943453740797777,0.4874656421509994,0.6816592719509911,,0.0
UBR5,883092.9100022608,-0.3786501147701572,0.23970717602650685,-1.7705118560141586,0.07664191110723656,0.17864011803873642,0.17864011803873642,0.0
AVPI1,84943.46790440913,-0.1474790769620586,0.3119871615277852,-0.5531073052239652,0.5801899346833043,0.7550188870859175,,0.0
MRAP-AS1,7098.294338412166,-1.4357073881602884,0.15003948998494754,-9.723444845810084,2.3953756263004074e-22,3.3005893988912794e-21,5.583240011208613e-22,1.0
TMEM38A,23309.480602112606,-1.5758998763588292,0.3673781345727958,-4.7008537458868105,2.5907602773023845e-06,1.2534153504543446e-05,6.038650590273034e-06,1.0
HDAC9,92759.02352561991,-0.9404690391560572,0.35968237667784786,-3.018321487804089,0.0025417910186114625,0.008463587183467272,0.005924511028427092,1.0
PTPN2,106762.30860357969,-0.3197653634467867,0.7573312531948377,-1.0097504288177197,0.3126148752137191,0.5210476633611354,,0.0
GPR39,36788.60626210565,0.2983190385443391,0.14368618609805214,2.0931466788844744,0.036336062882479696,0.09454579116213288,,0.0
RASGRP2,66609.85904007123,-2.0786634574861473,0.6932813270252238,-3.679275809062596,0.00023389720345591737,0.0009128945624711391,0.0005451772200178111,1.0
LINC02712,379.90971049676966,0.4513063085527576,0.23169195047095079,2.084063751718085,0.037154368700280764,0.09638655477175796,,0.0
SDHB,330125.96036922303,0.22728921640724148,0.26621624806583016,0.8806473468184178,0.37850872358497234,0.5890955596372487,,0.0
PRSS21,8955.723135030994,-0.8330382891682362,0.5519200532378816,-2.0229066370048288,0.04308277415214744,0.10941796205239888,0.10041910162192122,0.0
TBC1D8,287008.41724376346,0.0016230005986589274,0.13571934298106803,-0.13489329795360772,0.8926962385771233,0.943383228394638,,0.0
LINC00900,6765.668414328613,0.171990809423694,0.1601832130016332,1.108810964666218,0.26751173937161243,0.46852126263539423,,0.0
DUSP26,2200.932716742751,-0.13070921915223271,0.27813362524624247,-0.5266128233296663,0.5984624851638708,0.7675831514521438,,0.0
TCEANC2,77474.5764724761,-0.047064925963899704,0.13141871924144385,-0.41492742383771103,0.6781950334419329,0.8192227119406216,,0.0
RN7SKP23,15390.699600273912,-0.8505401819400835,0.13686654869786816,-6.34189646666825,2.2695382405640905e-10,1.5744724261382034e-09,5.289933057912936e-10,1.0
ARHGAP10,195072.90001193754,0.2676939218476367,0.22805773270827046,1.2129371387802224,0.2251538550468617,0.41610501258753096,,0.0
PINK1-AS,443377.3226483831,0.13596566301422763,0.39585696563097666,0.586502523555275,0.5575378661833561,0.7378612036409075,,0.0
CHUK,149383.62889402796,0.240096257437503,0.35507991569760466,0.7305508619334254,0.46505353529962423,0.662767724021293,,0.0
MZT1,44032.734087279685,0.2732348606850147,0.6459578565212356,0.5447437079536723,0.5859297993633223,0.7599878914218886,,0.0
PKNOX2,13222.599933257181,-0.3041486142662347,0.21206653954445637,-1.528587177651112,0.12636681672330258,0.27110437927562725,,0.0
ZNF385D,111856.63390981933,-0.31663400120273144,0.7221249877004509,-0.8721692647197369,0.3831160440786576,0.5930087118207084,,0.0
GRAMD4P8,2825.3485896087427,-0.21603979811626897,0.5546652406328298,-0.5913518276763855,0.5542847101486211,0.7355073514821289,,0.0
TBC1D24,131248.16237520246,-1.1496219006225206,0.47320692922549207,-2.92899196645974,0.003400632112834578,0.011115565516919316,0.007926333167672371,1.0
RPS17P1,241.89788426201102,-1.7172866250690402,0.29905003565406474,-6.030230902970175,1.6372558088570766e-09,1.0675335914482481e-08,3.816183165691168e-09,1.0
SCARA5,259478.7866792988,0.21602930517199026,0.3601439049081214,0.6584602002064581,0.5102424632630556,0.7013197593706589,,0.0
SPINK5,17491.979739253013,-0.3695964780756617,0.41757532818367554,-1.1131921552066928,0.2656259111448007,0.46554534251239144,,0.0
ODC1-DT,12417.909034536322,2.7063983690021582,0.1092205459314627,24.83158615711514,4.088646654160502e-136,2.266018834550287e-133,9.529985752781581e-136,1.0
DPP4,106866.97608220336,0.2645779895565083,0.14582304233825105,1.8942975428361848,0.05818552699310191,0.14240893456407866,,0.0
SELL,82236.9584357431,-0.5510305648009967,0.16932009887844018,-3.395520485339794,0.0006849824777220005,0.0025141225893137147,0.0015965853265781957,1.0
ZNF202,92958.27626116962,0.5023554728585011,0.25080898185973716,2.1429208094497807,0.03211945771818397,0.0846338378754895,,0.0
ORC5,310153.0491624828,1.9195403005407916,0.36082232765903977,5.6626245930873145,1.4907506066724327e-08,8.948091487463411e-08,3.474702815926212e-08,1.0
TMEM143,29881.87819902465,-0.6263633006181321,0.8388478409165532,-1.5051109848225306,0.13229554531329082,0.280520982691023,,0.0
SLC46A2,2989.383357140076,-1.661787587944107,0.6007171117392,-3.3571043931791142,0.0007876336814490348,0.0028697712221094126,0.0018358489733961616,1.0
GCNT2,124010.2932153979,0.3523268204328887,0.23792931245880963,1.5302656717313543,0.1259509817428806,0.2704448975176446,,0.0
ASCL1,16404.19176907168,0.2483389942316101,0.4316139305509849,0.7268349214568973,0.4673270876377782,0.6646785038885764,,0.0
SHC4,59140.79413069684,0.9028392749232111,0.6321986503582676,2.0226287462955312,0.04311143815256249,0.10943503995164464,,0.0
PRR5,142690.0968697112,-0.11105853071370866,0.29666449802598627,-0.4417819870070325,0.6586469745396752,0.8058951646526149,,0.0
SLC2A5,73948.5442339022,0.09849836052857966,0.09188715314467451,1.1340716055764395,0.2567645130186652,0.45513197972178465,,0.0
SNF8P1,236.60114408162354,0.09742173372891111,0.10868611998483765,0.9100072483833435,0.3628186871721769,0.5758000673289273,,0.0
MKRN9P,2128.2424977471246,-1.068166589141456,0.3619539956075195,-3.320203648972698,0.0008995180461895698,0.003241904634677438,0.0020966336515857824,1.0
SNIP1,117949.33525271465,0.2323479094967762,0.17625162777064338,1.2795609608185743,0.2006995871220516,0.38414794342470965,,0.0
TRAPPC6B,107819.09820328218,-1.7676325969547457,0.31536387618088507,-5.970906204154349,2.3593936532822444e-09,1.5165793224963704e-08,5.4993717488653435e-09,1.0
GCSAML,4084.8311250057363,-0.013197654212650317,0.28900831133539,-0.05500682411676531,0.9561330271670871,0.9795047911937367,1.0,0.0
CFAP410,160678.3694933081,-0.9801453285414353,0.14941154824971417,-6.772353605929104,1.2670399052472142e-11,9.678399766268154e-11,2.953268713725749e-11,1.0
COLEC12,218319.0669171763,0.2149148468984889,0.18603778537863258,1.1743935008530344,0.24023744726238427,0.4340050118155758,,0.0
SH2D6,1230.5772674618515,-1.0323280201847753,0.22436686123480487,-4.819671557770665,1.4379475414620514e-06,7.115557873822135e-06,3.3516272601928563e-06,1.0
FAM227B,42439.89379996787,0.16639571071950868,0.16733828209264653,1.0092169244477507,0.31287061162298724,0.5212420209670876,,0.0
SLC38A10,1060905.06580616,0.5690732319045234,0.24091437024336979,2.4409636654068003,0.014648128476458083,0.042185256836358494,,0.0
WASF1,62551.72006620727,-1.5855106723896781,0.30087457919759963,-5.609446710424015,2.029744838649877e-08,1.2038486629233756e-07,4.7310127360680316e-08,1.0
SLC25A23,277449.0649767684,0.37794306734198935,0.23154824444372427,1.734784553303785,0.08277897317620178,0.19062858642792915,,0.0
RPS6KA1,231388.38996000448,0.08673719077630437,0.15919715164322765,0.455865184142656,0.6484869268415269,0.7998371190693856,,0.0
LPAR1,264548.3893427955,0.025344486596701816,0.15698423341796733,0.11789190190866343,0.9061533098418503,0.949485552016755,,0.0
CCHCR1,114618.74639306837,-1.9319793614722962,0.5235609481136022,-4.201015625602834,2.657202487008843e-05,0.00011585774480070025,6.193516824859864e-05,1.0
PARP4,400285.3174360349,0.013584219542801161,0.10492766462796595,0.1004766799837827,0.9199658958120491,0.9561971011274226,,0.0
TIMM44,195833.5300652617,-0.18025686765368903,0.3809796273558721,-0.5703559455792196,0.5684363029865955,0.7458809460184477,,0.0
NTF3,25058.186296374177,1.5534992921072932,0.18251545595947372,8.691340768383887,3.5818690061861786e-18,3.979145345847808e-17,8.348767571428345e-18,1.0
MRPS5,261793.29198074463,0.15834380126074202,0.1813389873716913,1.0222999490958862,0.3066389573281587,0.5149882556070221,,0.0
CPZ,107571.21476896512,-0.4227161217490142,0.19089230823574715,-2.340906603622321,0.019236978713793772,0.053816068325520654,0.044838341039440816,1.0
VPS33A,141764.04326301618,-0.30241467987270054,0.24064632241534342,-1.415871618834842,0.1568130958597678,0.32043577310467913,,0.0
MGAT1,662584.501557972,-1.4519670949895458,0.2248419129788086,-6.940080429196962,3.91876770085151e-12,3.058969216251539e-11,9.134024902732398e-12,1.0
KCNIP4,7138.114884150598,-0.04145832220309517,0.15798673790487985,-0.30185409093663984,0.7627632942988603,0.8728240870832685,,0.0
LMBR1L,295038.8930917379,0.5542453893505336,0.8545338000842648,1.3727706482713418,0.16982365825301327,0.33951118531704616,,0.0
CCM2,193668.94543346472,-1.7085175910284525,0.32169504080082695,-5.679243691945807,1.3529161341870235e-08,8.169910020974423e-08,3.1534325594976043e-08,1.0
ZNF548,80883.49420683242,-1.3892917047139355,0.4247698924734183,-3.7288739755995626,0.00019233730636901363,0.0007590019653232912,0.000448307702882542,1.0
CCT7P2,278.2902429528546,-0.07256798496030853,0.28128499177565713,-0.29043517408577046,0.7714833377620911,0.8768551689434747,,0.0
CHSY3,38837.98261798448,-0.19665051737889144,0.3743473851668433,-0.6421108324370685,0.5208012229894787,0.709908489799805,,0.0
RN7SL23P,1278.9499596183912,2.5767260364518476,0.23671377402790217,11.075528284959566,1.6490469818383198e-28,3.0691963975408728e-27,3.843666516546513e-28,1.0
IFI44,328037.82078687655,0.22840082068155126,0.5118479137020833,0.6095128705854876,0.5421845443277962,0.7272687007852747,,0.0
LINC02139,837.8633553065062,-0.16501523148967803,0.23330054815753795,-0.7651386091611568,0.4441890113691548,0.6459518334429575,,0.0
ELOCP2,7851.053009139037,0.4181018667347841,0.6846639238546758,-1.171024680657971,0.24158885674853658,0.4355060417281173,0.5631052418045329,0.0
SNORA53,4165.027295351439,-0.244912969097001,0.7028562839122293,-2.373975511467531,0.017597717567903133,0.04976043947205262,0.04101748375172936,1.0
LINC00852,4632.582340461956,-1.1427777061568907,0.17739508290605943,-6.632298486460911,3.3049938138385075e-11,2.442268021248367e-10,7.703415487582465e-11,1.0
KRT6A,577430.0848528541,1.0544971189812764,0.45822776018127137,2.764246174495982,0.005705447707730067,0.017864892131925658,0.013298492133718493,1.0
MTHFD2P1,1412.1400952857432,2.1632578963875027,0.15318401257338127,14.267644129387431,3.481421179865624e-46,1.6229279294551154e-44,8.114639647275576e-46,1.0
IPO9-AS1,39498.69160100274,-0.3149373958960365,0.6953484509835156,-0.02521569382765948,0.979882919072235,0.9913563380817733,,0.0
IFI6,1641736.2295555763,0.3439444240217068,0.3790984957563749,1.1932217708724662,0.23278253050871922,0.4243856952403112,,0.0
HADHAP1,6908.160518115867,0.17081742864372676,0.24897098982359506,0.7404986952354806,0.45899745258911195,0.6565756505633755,,0.0
GADL1,2313.555571417265,-0.22118392027074094,0.505229937211111,-0.617314992550109,0.5370269797703638,0.7231879795436884,,0.0
RNU6-322P,861.180423887318,1.7477942049095703,0.33833180056362744,5.488754328151297,4.0477813752897216e-08,2.3531857226043277e-07,9.434735280348193e-08,1.0
RNA5SP216,6086.169340527308,-1.735850979264518,0.13872676466289627,-12.626151120848224,1.5150955190701743e-36,4.3432738213344997e-35,3.5314469388420696e-36,1.0
FAM201A,9241.594408363459,0.08181866060071952,0.1810568576254115,0.45759221221838914,0.6472454395952201,0.7989260709480223,,0.0
PRRG4,113258.44728512666,-1.0983353874897377,0.16173422760350295,-6.952200877268753,3.5963080807021507e-12,2.8116590449125906e-11,8.382422760066507e-12,1.0
HPS4,262801.4805433079,-0.004857006355017258,0.20811644609835028,-0.12158590376811726,0.9032269778183893,0.9488829328892431,,0.0
GMIP,191870.67931440793,1.6872832161928877,0.4244012129466663,4.3383395228457236,1.4356325391799657e-05,6.445486143501053e-05,3.346231357677416e-05,1.0
FPGT,126828.77102511893,1.1645548898110345,0.7963323507971918,2.234914303756655,0.025422975319658342,0.0689933628370271,,0.0
SIKE1,184932.7955356593,0.2311411284952514,0.16642846065154945,1.391260296968793,0.16414650867845115,0.3308132465810563,,0.0
KLHL14,8814.909396301126,0.5231904336413846,0.18214162258756314,2.9711142675590256,0.002967213563528319,0.009788664851110618,0.006916103390130493,1.0
MGAT4EP,1162.0406465684468,-0.5381644978084577,0.22668380460148127,-2.5306538307815183,0.01138501491781759,0.033602635745606,0.02653666093928698,1.0
CEP57L1,35101.35244450497,-1.3969891895305773,0.25434125197612906,-5.8012302019621105,6.5830150699821425e-09,4.073955231894655e-08,1.5343962228537817e-08,1.0
CEP192,433357.05602253386,2.245765987362669,0.23824749222601785,9.641005567622662,5.365972344120755e-22,7.233910824993061e-21,1.2507228996483329e-21,1.0
FAHD1,101612.50151203915,-0.7105101297783927,0.24146081343691148,-3.166851545757195,0.0015409896357777466,0.005304662735168668,0.0035918020108688786,1.0
PCDHGC3,672325.6985917047,0.1038811149207775,0.5633333071898317,0.22444790189780944,0.8224088009862836,0.9071594646880987,,0.0
NAA38,156547.22135582205,-0.10808015324817953,0.14900971276865935,-0.7972390651507958,0.42531220203923537,0.629588386958156,,0.0
ADAMTS13,38848.97083059508,0.5150449712004094,0.30165821353466116,1.8919132373249536,0.05850254178060921,0.1429743647239974,,0.0
FAM111B,65311.00499183409,-1.0457710963779951,0.305401760809547,-3.7296158826776433,0.00019177189454639088,0.0007573699208213759,0.0004469898177557933,1.0
SEC23IP,350599.98999162845,0.006054127460223409,0.35323159272726745,-0.020672374618037843,0.9835070061709382,0.9924606406596479,,0.0
MAPK10,99523.8768395702,0.4748581146754975,0.468330762561825,1.2781478510839417,0.20119729954428467,0.384805264619207,,0.0
CDC14C,2621.548534077464,-0.5298542869611652,0.2655758416966786,-2.183194886946468,0.029021461146013953,0.07753564445437472,0.06764441504500822,0.0
ELMO3,155898.2385485239,-0.09126440355500054,0.1566163791087558,-0.644108948119124,0.5195047882850221,0.7087773205595433,,0.0
STARD6,474.19559757781633,0.0754091471123721,0.15081234978433555,0.5127553604264483,0.6081224591440968,0.7731798415634382,,0.0
CDA,10122.364236579548,-0.1921507673235188,0.28809427635563445,-0.7566835075219631,0.44923949787984996,0.6486468170652651,,0.0
HADHAP2,13733.268844991331,-1.7121245122501492,0.5114362787058507,-3.8523408116872218,0.00011699403351223429,0.00047560410689407066,0.00027269450427991804,1.0
TASP1,85674.94400775872,0.7788435462139217,0.31440435407777373,2.739734682758868,0.006148879889046793,0.01914595462126219,0.01433206209652589,1.0
FRS2,467262.45902603696,0.4358741799734547,0.23021181742061217,1.934262395234466,0.05308087427614711,0.13159413563092534,,0.0
PTPN5,8754.537708637037,-0.30435891123239817,0.5932229991052926,-0.808308445884064,0.41891304169865606,0.624675112703407,,0.0
NDN,183288.2629699343,0.16732072415501362,0.1933906770336674,0.811615443905814,0.4170123266622442,0.623331580878416,,0.0
RPS15AP12,80675.82732948937,-0.5407236878888688,0.1517361683482314,-3.720259268387413,0.00019901836433294863,0.0007835071833407638,0.0004638801875199756,1.0
RPL26P29,240.04323456456487,-0.3234249945699529,0.30262089522547186,-1.206547962999256,0.22760627724942717,0.41883018400095745,,0.0
ALDH7A1P1,66337.92551663675,-0.2356545346265033,0.32537453455590837,-0.8432657260633603,0.39907984677466424,0.6063000513318487,,0.0
HPS5,141114.21469784388,0.021670112886273993,0.41544542816453595,0.018745976289848375,0.9850437509129211,0.9936093487469464,,0.0
KITLG,214800.78953220788,-1.733046080829605,0.22315237641804747,-7.980362881472199,1.4590370184333533e-15,1.4584522340572277e-14,3.400783480348395e-15,1.0
NPM1P33,1053.6174100409319,-0.6519724172970257,0.41436954763667666,-1.9157051979313844,0.055402630442737424,0.13696333890260065,,0.0
GRIK4,11675.072472733093,-0.09557713022041342,0.2934753157795472,-0.3766070333919993,0.7064656601170237,0.8386127350461005,,0.0
PCDHGA7,681330.305642314,0.2915279094819544,0.13117997827997976,2.2058339222467422,0.027395630195843408,0.07366544658591209,,0.0
H3C6,78840.69863493761,2.421851749907154,0.1786441492181031,13.708509515833306,9.029364415972828e-43,3.6030775765497977e-41,2.1046013881716106e-42,1.0
PDXK,1537414.6714355825,1.0973034854920358,0.9155461230749893,1.3875436709277673,0.16527604422207043,0.3325522019280707,0.3852322002708819,0.0
CRAMP1,369223.6410023038,0.7846569774750469,0.11508778623092097,6.849637267302501,7.40374772048966e-12,5.734455532578016e-11,1.725695964009459e-11,1.0
PASK,100166.18512043075,-0.14748127305539258,0.2693055188424798,-0.622113856008942,0.5338670045593354,0.7202446172657249,,0.0
LINC01208,1809.9076137893044,1.1624157625593114,0.16600405513657773,7.166207315192254,7.710398479634902e-13,6.3674615258971675e-12,1.7971713839448081e-12,1.0
MRTFA,342199.86475616315,0.30765511447100957,0.12112318936582765,2.499524156685145,0.012436022026274253,0.03636042078959905,0.028986391526661673,1.0
NMI,118170.58574275384,-0.11328655715279666,0.2331086782170844,-0.5468283753012698,0.5844966467883337,0.7586991041915762,,0.0
PMF1-BGLAP,140762.68819830916,-0.36500386716328975,0.18439601672170766,-2.0182472097115562,0.04356552163421997,0.11047525262404129,0.10154430930443421,0.0
STK11,349511.8969479456,-0.18818275306315355,0.276672507362415,-0.8046508410168587,0.42102119482825195,0.6268127203929743,,0.0
REP15,2485.2515310894546,-3.2835250294059533,0.1268664181285756,-25.96696681081322,1.1697814229725855e-148,1.1669739475574513e-145,2.7265746438258208e-148,1.0
TMEM192,213195.16966042054,-0.2138915567374705,0.5063797830050907,-0.5835340727983551,0.5595338266817482,0.7396864881827213,,0.0
FAM149A,40441.633362974084,0.3305651139704524,0.31854382495808387,1.173173569390746,0.24072620880851436,0.4344219716124709,,0.0
UFM1,413190.07986027375,-0.5256862277928518,0.514240470555842,-1.3969569275395002,0.16242652399831758,0.3284083914485643,,0.0
SLITRK5,13257.62350104726,-0.2002719606817718,0.1974073274447982,-1.0623267280263662,0.28808738460133876,0.49329896134276613,,0.0
ARRDC5,969.2761866206232,-0.15451478765307203,0.11194625074720496,-1.406584246277462,0.15955070718253728,0.3243027414125901,,0.0
PHYHIP,71702.34610133442,-0.041317116299721825,0.16413832153104327,-0.28853326721188394,0.7729385692016812,0.8774277613058684,,0.0
SRC,324388.6314945309,-0.455359006977668,0.6963132525046966,-1.1980764976850642,0.23088723745199635,0.42278470646496247,,0.0
C12orf43,97662.68803019196,-0.3075463537982846,0.18689976400062153,-1.7620050429351488,0.07806844544769827,0.18128743291113547,,0.0
SPRTN,65691.00937539949,-0.18894896805261419,0.6412914286028059,-0.51164155017813,0.6089019001882621,0.7733237399779284,,0.0
ISCA2P1,137.35178563579456,0.04882469875207633,0.12566111791219306,0.39746773924017287,0.6910225717441797,0.8279046123053482,,0.0
ERICH1,101562.05382862335,0.056188766895042215,0.5213621141516023,0.14665890989536803,0.8834012529707986,0.9387314550102991,,0.0
WFDC13,290.7011762658752,-0.36130445653974386,0.14650371486261218,-2.5400792934204266,0.011082733921745688,0.0328855900069408,0.025832091963396024,1.0
GOPC,234875.92047197948,-0.8252106395700445,0.28253417156859195,-3.2528554356441135,0.001142516069761972,0.004049067105460355,0.002663023437370428,1.0
LAPTM4B,842860.1118244466,-0.155307326853471,0.12457990781337312,-1.6032675034609043,0.10887560777186839,0.24201048643764683,0.2537717437224671,0.0
GTPBP10,96322.17246861305,-1.03455637953655,0.2183410094161627,-5.01916868083496,5.189556669808784e-07,2.7247903862111804e-06,1.2096032088320661e-06,1.0
BMP8B,47077.995940862835,0.37425645781621053,0.19163879383988525,2.011974581164676,0.04422261654988381,0.11202763400244817,,0.0
VAMP3,605444.0647825204,0.07172213416673458,0.16859047870275537,0.47996212846563835,0.6312543224019436,0.7890482788587254,,0.0
MTRR,284333.1248871177,0.7021259479206637,0.22556196012164495,3.3022238687539933,0.0009592148010296289,0.003432824761968274,0.0022357773025868176,1.0
TCF20,196863.15356394663,-0.2576872348806047,0.7286670697994297,-1.4619946697929151,0.14374267052102108,0.2988697126131109,0.33504132736395004,0.0
TMEM62,160190.953489794,-0.11244163063093542,0.6981368439281853,-0.30786592432024606,0.7581843556885135,0.8708970214801248,,0.0
PIK3CD,118451.58607676675,0.2992174624676251,0.23447400146947142,1.2904613840860475,0.19689051114032807,0.3802128802043966,,0.0
CEACAM5,417153.7253830264,1.5515475417710334,0.3080281185084661,5.359778312186238,8.332413675976906e-08,4.707430765707096e-07,1.9421532437277013e-07,1.0
KCNV1,425.21226061456474,-0.4217185800256177,0.3026371362484384,-1.5679151822261326,0.11690092811810426,0.25528164158192196,0.27247749039864677,0.0
ADCY7,116372.05336720924,0.11161121521862669,0.7104302869440459,0.2619740973877248,0.7933414122432393,0.8893694793455796,,0.0
SNORD14D,1854.0828076262746,-0.24372020156241883,0.7488030500174767,-0.69961822778724,0.4841657560510726,0.6781855633762286,,0.0
BZW1P1,14548.959734929376,0.8892176370588654,0.16581541070361555,5.48293666036555,4.1832282485825485e-08,2.426272384177878e-07,9.75044042239708e-08,1.0
OR6B2,121.38322695242505,-0.11375600663140939,0.47813575979133915,-0.32775167462047444,0.7430994287655076,0.8603946032224586,,0.0
LINC01833,17965.593690961865,1.3837634677736828,0.42652668796294413,3.657398565928677,0.00025478803607217746,0.0009905555135838046,0.000593870431742066,1.0
SYNC,176347.8681543675,0.14595584627258965,0.15101787449068738,0.9540580922494283,0.34005423766094023,0.5514273528780136,,0.0
BTBD16,1015.7421115879155,0.013846815195263911,0.15060403763256894,0.09095370637854751,0.9275293754795088,0.9606160167198137,,0.0
ABCA6,297720.8624536845,0.6724956088967963,0.16556551087371876,4.247480740900001,2.161877424885313e-05,9.551323822256811e-05,5.0389928015551125e-05,1.0
LDB1,356333.9746806652,0.09744009370656749,0.3988345706674162,0.29363515576808435,0.769036708969878,0.8766301973981125,,0.0
RFX7,151534.58461416297,-0.12785587957767103,0.602675905469534,-0.35663157943587875,0.7213676330532081,0.8488279673671625,,0.0
PSMC1P5,10362.454544608283,0.14054184908851822,0.2209874519511297,0.6859044802330129,0.4927733447922763,0.6872131579016926,,0.0
NRCAM,46619.06032739638,-1.7372797076327857,0.1112670068777747,-15.730725583578536,9.313763266938136e-56,5.880639389302206e-54,2.1708902418452065e-55,1.0
MIR210,184.55158368982478,-0.10866687684094815,0.22766024957599112,-0.514947139037948,0.6065899592615287,0.7726431861073813,,0.0
LONRF1,188747.5022808709,0.11653354086011564,0.12171111353545144,0.8721876582376585,0.3831060112826389,0.5930087118207084,,0.0
GLT8D1,115477.01854130295,0.7214465773247679,0.6920575424156118,-0.47821220625195315,0.6324991756248377,0.7893184608498099,,0.0
MICAL1,722505.1645169023,1.8325711789482975,0.17604925984938244,10.525816817818258,6.568920569754129e-26,1.0569605097397933e-24,1.5311110187819438e-25,1.0
TRIM56,1397426.7609967855,2.664445284459444,0.41661383234382043,6.233214286722127,4.5696040502372797e-10,3.1011136057936807e-09,1.065102102924465e-09,1.0
PERCC1,1076.94122075914,0.10391554806183192,0.6582570624697959,0.27652857493362093,0.7821421153239065,0.8830522569569139,,0.0
BCL2L2,673437.8770355638,1.117194979632339,0.20247186273713325,5.74374788011281,9.260363735203612e-09,5.6398894152864e-08,2.1584436594016642e-08,1.0
EBF4,117776.78247035426,-0.6395600183114992,0.11179663481671352,-5.8006933851660785,6.604126141229117e-09,4.076903612927084e-08,1.5393168781519083e-08,1.0
HCN4,1460.705840542313,-0.13654418687553016,0.5434820615297582,-0.3801847554167705,0.7038082745872947,0.8362543291189676,,0.0
SIN3B,418124.87501164444,-0.8752782550576569,0.6613410172549169,-2.0051879094307035,0.044942962144867676,0.11373693311953322,,0.0
CDKN2AIP,133943.37479934894,-0.0566465169488022,0.17590681392102833,-0.3868965799321102,0.6988327731921402,0.8328647178792018,,0.0
TCF21,2872.3890535698597,-1.0976654388004714,0.1070058208432581,-10.36338957485674,3.6383535645061854e-25,5.601267771529893e-24,8.480424102690117e-25,1.0
DYNLL1P2,9333.586971888915,0.2250759520103805,0.3551127996716052,0.7434566033370058,0.4572052858376172,0.6555159430175438,,0.0
POC1B,82031.4032865031,-1.084861773374567,0.22317532378958427,-5.129484241820112,2.9053708978440993e-07,1.5735059759442308e-06,6.771957961890826e-07,1.0
CEP63,663965.6660823949,2.2065606585767243,0.7630156351728239,3.49917310318284,0.0004667034854725644,0.001759574441071165,0.0010878116754846501,1.0
SCG5,18071.527590413047,-0.4407141862813466,0.7280278064910597,-1.1383802747057061,0.2549617270140768,0.4527408666237861,,0.0
PCDHGB2,718447.9312834358,-0.05717489708093133,0.3938859990220206,-0.2017314130477158,0.8401267033788546,0.9157692346961784,,0.0
LINC02594,361.3718557281839,0.5700651066882916,0.300058264371179,2.1152013836288415,0.03441278707840145,0.09015282665287103,,0.0
AADAC,30898.814461945476,0.902699270030731,0.13040916813400436,6.975227111056043,3.0537709073326855e-12,2.398773115870147e-11,7.117854806437119e-12,1.0
ZBP1,14219.647996169326,-0.27875992636609315,0.207406843571184,-1.4277941923144915,0.1533511049650595,0.3146504778139518,0.3574370614793069,0.0
IL6R-AS1,1222.6804438793783,0.04242729588783878,0.27788493692586774,0.1659952705571851,0.8681606720876631,0.931265684381347,1.0,0.0
ITGB3BP,93423.79556769234,0.046209998978693906,0.11045814662653769,0.3700555292032786,0.71134111620125,0.8417770219525051,,0.0
TAX1BP1-AS1,15627.842817134613,1.1360335979027556,0.18539976909172237,6.288379788654147,3.2079633159589905e-10,2.2040387079894552e-09,7.477252813085721e-10,1.0
TGM1,14070.914564841121,-0.1269543386969397,0.17402597680309626,-0.7901107726938922,0.4294630790673699,0.6328395386670728,,0.0
TIMM21,105487.31898449897,-0.07651853214649426,0.3232071058615955,-0.27401520473338936,0.7840729370153909,0.8839824353493689,,0.0
ACTBP11,11965.566755394064,-0.2932038306060762,0.23368885416522522,-1.3531888811000585,0.17599529648235435,0.3489127737893416,0.4102170742308334,0.0
MAGI1,311778.74568890984,-0.03964615137807453,0.1202169236407886,-0.3324356478907605,0.7395603245122226,0.8594890257844748,,0.0
PABPC1L,149124.88207187652,-0.7195523835705023,0.29215227664891436,-2.6725903948033194,0.007526809253710102,0.023075429967735702,0.01754379652219906,1.0
KLHL2P1,2825.2346912721964,-0.03324965685259806,0.14956165354689238,-0.22631597372253368,0.8209556754344849,0.906575641887911,,0.0
CFAP20,147211.20222214772,-0.11324040823534925,0.3692158551568644,-0.4090719142161868,0.6824868866858645,0.8218842565883855,,0.0
BSN,16874.606646693086,-0.0895761178155569,0.28265233240916005,-0.35272507715963547,0.7242945573637927,0.8512102477288559,,0.0
MYL12A,1518666.0713455025,-0.061459386801209194,0.5989712180709544,0.0862553929247679,0.9312633975523215,0.9631229166475181,,0.0
RPL5P11,994.5882097412574,-0.3843008977218819,0.5237107921495526,-1.03511205471157,0.30061658352133214,0.5086416277491196,,0.0
P4HA3,117432.44725445918,2.2499746466050126,0.15184595460768593,14.877275117933548,4.629749664531983e-50,2.5101294920310362e-48,1.0791210900320342e-49,1.0
ZNF90P1,245.2321106363242,-0.37448993515830664,0.2411375326774263,-1.6771723416512438,0.09350878586854457,0.2116251469656535,0.2179541233235048,0.0
INTS9-AS1,231.23859544012916,-0.12000742936977038,0.16331900551266545,-0.7641661011172741,0.4447682649618887,0.6462289850363825,,0.0
STPG1,56550.35218046971,0.21217427831909566,0.17174052059282918,1.2514255261738756,0.21077926908786393,0.3971919131886155,,0.0
C17orf67,15456.92797504189,0.6332978268359905,0.16820674204815558,3.8612071416737486,0.00011282819502183447,0.0004594179891991105,0.00026298459662098614,1.0
ICE1,445802.525618029,0.4993411695598836,0.21603578853549105,2.3732801496085116,0.017630885601621755,0.049825981518917456,,0.0
POGLUT2,37538.334820213626,-0.4627994164470593,0.5028144399926056,-1.2620997757264623,0.20691288597075363,0.39183047654598296,,0.0
SNU13,527925.368692913,-0.04009156947422799,0.21216008155101976,-0.3018056611980089,0.7628002149877994,0.8728240870832685,,0.0
AIMP2,120944.6312282681,-0.8499489184419979,0.19376416527000964,-4.63900167133234,3.5009622265433894e-06,1.6758924746639565e-05,8.160186722429171e-06,1.0
SYT1,322189.9070649351,2.4752326855509215,0.21241130710591907,11.786644292622489,4.57405334298616e-32,1.0465769759089435e-30,1.0661391623745312e-31,1.0
CYTH1,639398.5941972572,0.7080216768928543,0.25681232707447327,2.910954693223782,0.0036032626236348767,0.011731771518727655,0.008398632694715311,1.0
AKAP1,786702.3892559629,0.8387223491233815,0.14504418112088022,5.868397969356848,4.400260470481276e-09,2.792429927068779e-08,1.0256308049888131e-08,1.0
POLR3B,70792.85758519033,0.03206785302870435,0.09797622251324198,0.32417003985063364,0.7458093031066169,0.8627311697346486,,0.0
SLC26A2,269691.17076675745,0.4721126437061137,0.23149511223352257,2.181487723251052,0.029147361522706354,0.07783032081116666,,0.0
VPS13C,507557.46647481807,0.11343946593701283,0.3995163442633569,0.30696665280921587,0.7588687547926053,0.870970397815351,,0.0
VPS11,317483.29577836755,0.010014237738407535,0.10169609828703131,-0.04429016229171423,0.9646731133349898,0.985214883152115,,0.0
FHOD1,279427.6146264676,-0.11903851478963261,0.674572402797525,-0.3405891875173356,0.7334128704015384,0.8559343466455014,,0.0
NCAPG,101542.42462953874,0.0843635863807585,0.2645118145292385,0.3347865018699006,0.7377861434809998,0.8582499490206947,,0.0
DNAJB12,349647.7159840354,0.2612704719637918,0.20242160777911844,1.3010045856171444,0.1932568851126476,0.37479212400539896,,0.0
CLEC12A-AS1,110.87561123975124,-1.5125972106624161,0.22406182769037156,-6.972716837935318,3.10877960325592e-12,2.4381435001636052e-11,7.246071336934827e-12,1.0
FAM98B,202407.06897732464,0.05486138511299857,0.4002596949032291,0.21438608959640612,0.8302459883925253,0.9109694214918426,,0.0
CCNQP3,2036.2537597430594,-0.14644685858453024,0.4353981241839802,-0.4383615623929651,0.6611242054560468,0.8077240544232022,,0.0
ANKH,614114.8665010983,0.3113316477795451,0.41003210129248996,0.9048192437610532,0.3655611550685829,0.5772768480010693,,0.0
PROM2,566198.5716890603,0.2427303979059873,0.5110768844188012,0.5942331522325949,0.5523561820694101,0.7345448795350789,,0.0
COBL,133351.45959499528,-0.9762104976909405,0.17351476000358662,-5.858263084098696,4.6773327364226165e-09,2.9607278793497478e-08,1.0902119480970099e-08,1.0
PKP1,261936.7920512823,-0.1618743589484823,0.2429436360875942,-0.7840811449342786,0.43299249826521646,0.6355993470708945,1.0,0.0
LCNL1,9470.464884403105,0.3089216032162352,0.3699354833892341,0.9948944562658498,0.3197875994167966,0.528704191544906,,0.0
TMCO6,92246.71343653323,0.17503162699569125,0.20239497187687358,0.9050844203365555,0.36542066515954474,0.5772768480010693,,0.0
SEMA6C,111000.68034407063,-0.4631132869744981,0.139097786568796,-3.483541154128462,0.0004948270377922836,0.001859982866999179,0.001153363207713977,1.0
GALNT14,13416.592549859206,0.2819070912851699,0.6400419317713164,-0.8477283028908507,0.3965893002524785,0.6053205109116778,,0.0
SPTLC1P2,509.8528044504551,-1.4378703701387558,0.2320200613328687,-6.428672737883692,1.2872291982304614e-10,9.094474845288302e-10,3.000326748025019e-10,1.0
THAP6,250811.05962751177,2.358590750917934,0.144680120692277,16.319218408069098,7.205219778528753e-60,5.285240625779621e-58,1.679422254920627e-59,1.0
LINC00922,3181.1057900804194,0.06437489701688012,0.1450521964509165,0.45283164963396927,0.6506699715230728,0.801158829428041,,0.0
TMEM106B,407581.70906183403,0.3605993164724367,0.3391710189374751,1.2873732645757214,0.19796421831388555,0.38125309689176107,,0.0
PRMT9,70534.6497124739,-0.1713453700199597,0.19636735123565074,-0.9398141540237182,0.3473128973200873,0.5587896528238763,,0.0
ABCF2,1195720.4599469788,3.2854559797920304,0.551469049955447,5.976855165023778,2.274862767754686e-09,1.4641310303948869e-08,5.302343684841296e-09,1.0
SEC63,576642.3672340092,-1.1116816997471333,0.23176794848836993,-5.192156280380967,2.0787239750597037e-07,1.1381641259712187e-06,4.845175321307384e-07,1.0
DNAJB9,131289.5884073333,-1.3952183872374146,0.22013512860542334,-6.609322692987354,3.8608232127071334e-11,2.823722314513663e-10,8.998965507001487e-11,1.0
LRRC74A,599.3134139336628,-0.005441151295203343,0.5725212760537144,-0.021611401607335046,0.982757938489148,0.9923070034785163,,0.0
BTG3,126852.14480873935,-0.5483173626306702,0.14395403603465817,-3.9323359379077996,8.412439177688323e-05,0.0003488050425462125,0.00019608059167434277,1.0
TTC39C,127182.648473857,0.20442722313725523,0.3541992861234105,0.6372205303925436,0.5239812065782163,0.7131291291711168,,0.0
SLC26A9,5382.664582462131,0.21338717455468373,0.5513961521566755,0.5696956876959467,0.5688841153935358,0.746146191844059,,0.0
MED28,393485.3690166427,-0.5181130245538931,0.29265745452521547,-2.0301719318374034,0.04233906584137731,0.10785866211276303,,0.0
MMADHCP2,2256.379153902094,-1.6954668736855976,0.4104809913378455,-4.529674190740167,5.9074712820840125e-06,2.7851102793038805e-05,1.3769376988334138e-05,1.0
HNRNPA1P21,4897.627638631309,0.2231717116340792,0.4185724143009948,0.6662580785152084,0.5052461559832806,0.6969490669371138,,0.0
PAPPA,37387.58838841274,0.08668974848915008,0.15263512382890532,0.5328208634448811,0.594157590067347,0.7667355343167754,,0.0
RAB27B,205124.48854758512,0.23439441846484096,0.11073822061547585,2.0559902217990826,0.03978345872608568,0.10249994427981166,,0.0
KLF14,2990.393251926329,-0.8923142986929173,0.428581656397103,-2.486165321783767,0.012912796323353088,0.037644084196893746,0.03009767666396505,1.0
COQ10B,172746.86659977445,-0.18300375848201775,0.30431585738116895,-0.737383509724487,0.4608891607162414,0.6583376671399234,,0.0
ANGEL2,237185.73355046991,0.37520661225309365,0.15875772937679658,2.3991011822517296,0.016435372498253865,0.04673867618089526,0.0383082420660235,1.0
IL17B,5025.2964509267695,0.16966266389904405,0.1923682777027633,0.9120903837754002,0.36172114004806466,0.5749729275206331,,0.0
CCNJL,71868.82705545619,2.5179941399093964,0.19452134220641318,13.123860632260882,2.403707385928672e-39,7.735285445814332e-38,5.6026600191645864e-39,1.0
RGMB,151305.51629237487,-0.040774779468888564,0.16064588910182162,-0.2948047038486825,0.7681430729023201,0.8761714263976155,,0.0
TRMT6,49648.74870284266,-3.2488011414899685,1.0249717498736002,-2.5331821605904326,0.011303219606002963,0.03340537038459177,,0.0
RPS21P1,1175.5434950006916,-0.3709514510156276,0.1666349429736243,-2.310781209463375,0.020844942924923532,0.057571747125979275,0.04858625014463484,1.0
ISCA1P6,3513.4436487172875,0.00027778577367781513,0.311694756412303,-0.002110827693147564,0.9983158044238043,0.9987162519987839,,0.0
IQCF1,151.42236698376297,0.20317707534835125,0.19313627394487487,1.1054266208594494,0.26897477398180303,0.4702580345675547,,0.0
TPGS2,379686.5673312728,0.46002667813615056,0.2254897630399754,2.1392065070817523,0.03241894742974487,0.0853778826713661,,0.0
BCL6,1690283.4296524054,0.7348889171130717,0.13836248490209194,5.2186152315998315,1.8026581152703577e-07,9.924568078331727e-07,4.201709663069413e-07,1.0
CNTLN,148620.16151267357,1.3252746313706827,0.3948757641571674,3.761433914107736,0.00016894206012478275,0.0006709259521516053,0.0003937771008889796,1.0
SLC1A5,696487.7415212237,-1.3419354232950889,0.17674690146547659,-7.89521220778141,2.8982169210408863e-15,2.8179933727391695e-14,6.755283178575673e-15,1.0
MED25,822382.3823154845,1.8548035099433846,0.3618348269922139,5.476878133966264,4.328951290916131e-08,2.502063619824989e-07,1.00900976818176e-07,1.0
RPL35AP7,279.3159503587434,-0.5666338825764988,0.23869713208685925,-2.5450817184835404,0.01092521672828914,0.032476150798990605,0.02546494441154497,1.0
PAFAH2,107044.76456937368,-0.13729690238237424,0.157208148346143,-0.9072215438926212,0.3642896531766737,0.5768497746175392,,0.0
PPIEL,9979.460545509262,-0.3534509381657768,0.18816001173968314,-1.993636337269935,0.04619181128580346,0.1164836980250696,,0.0
BAALC-AS1,10405.104575103021,-0.33386054644858654,0.13784667455682584,-2.4798352115609466,0.013144311409159748,0.038229635748623224,0.03063730154620973,1.0
MESD,280050.4198078664,0.26697091916602034,0.7513128099690233,0.7795418509508094,0.4356605944912435,0.6384375698070378,,0.0
MBLAC2,49098.45862808496,0.08028245995567922,0.3154364383136172,0.27373273024862266,0.7842900229736994,0.8839824353493689,,0.0
UIMC1,565140.1412813137,2.50736723477557,0.12951798388643435,19.529531617598984,6.16018158330939e-85,1.059551232329215e-82,1.4358404550255718e-84,1.0
LINC01864,298.8405937901441,2.1089381166993397,0.22299779842993167,9.652538457980752,4.795372203813066e-22,6.517524946217866e-21,1.1177250725523164e-21,1.0
ATP5PBP3,932.5378173934471,1.3049267443263806,0.1802442871879118,7.4086468470520925,1.27594577076866e-13,1.1126604029010622e-12,2.974026871305643e-13,1.0
EDRF1,136309.85069343774,0.34046470360435543,0.3518702917165666,1.1198889825781848,0.26276107380134806,0.4621968236002389,,0.0
EIF5A,1095807.3197133176,-0.19441405711786885,0.2760133786476939,-0.7465869360525277,0.4553129365910169,0.6537423510984434,,0.0
TET2,104675.82394760258,0.6664062769769885,0.8771210680080267,1.687871019176324,0.09143599091700938,0.20768794293899945,,0.0
LINC01778,1221.6785004580547,0.02352632564510954,0.3282493648131929,0.08117249641545027,0.9353047720012282,0.9658145575363353,,0.0
PLEKHA4,181688.9082240082,-0.6104693460443376,0.3145010616988373,-2.236588982615194,0.025313215654945556,0.0687328904120133,0.05900108396582637,0.0
TMEM78,143.79075507765768,-0.3532577368142097,0.3460604731489285,-1.1939839419283804,0.23248424957245362,0.4243856952403112,0.5418838490034573,0.0
IMPG1,17308.53237749701,2.5242775594853373,0.510621491877289,5.325597404861198,1.0062177693234002e-07,5.626697571059552e-07,2.3453337539182805e-07,1.0
GPT2,399275.99721339124,0.13152252005606319,0.3851873436203039,0.4745522068161371,0.635106178416504,0.7903764681863416,,0.0
API5P2,1386.6424627350602,0.271291386652325,0.287094973322954,1.0524556455841958,0.29259055005268353,0.4987838905204325,,0.0
HNRNPA1P45,516.7274220121083,-0.09463272506363246,0.22375238069499956,-0.45529091172347635,0.648899963701866,0.7998371190693856,,0.0
CACNA1I,11939.737013209033,0.04861033984714409,0.1034606972897256,0.47558796908723655,0.6343679481819062,0.7900692448268036,,0.0
LRRC61,56536.98094891852,-1.2629793532954618,0.535735855729778,-2.9089201940324667,0.0036267942881962664,0.0117929921183331,0.008453481266132233,1.0
CACNB3,668825.4860224982,2.705891006375792,0.323601479009822,8.610053307209814,7.302660997950089e-18,7.970606796012045e-17,1.702134255036217e-17,1.0
ASB14,21384.647875787272,-0.40217300233308867,0.2659611534416045,-1.66590054704366,0.09573322466000836,0.2164629757951594,,0.0
TRIM36,46043.34514625014,0.075049980331552,0.3506095159406505,0.24552125780704087,0.8060528504444502,0.8980548621882772,,0.0
MAP3K4-AS1,22541.029953158235,0.06363231247254136,0.18359998958511017,0.32934855539900787,0.7418922474188732,0.8599254243444142,,0.0
HLA-DOA,94661.91072952382,-1.284279253199748,0.33509182095185425,-4.212115381192185,2.5299025211462176e-05,0.000110791516904981,5.896800829662306e-05,1.0
S100A5,812.8670151966464,-0.5075866465239087,0.23513510547542993,-2.314425652657521,0.020644385099159383,0.057176120418993344,0.048118781717106075,1.0
NBPF3,62996.03610001083,-0.21204559363265685,0.18612723791336652,-1.1395518472726438,0.25447305622980354,0.4521950853132384,,0.0
MIR2277,1099.9445914110772,-0.4447336993352976,0.32148009447740267,-1.5831682255581871,0.11338312657693624,0.24925299046529656,,0.0
PAIP1P1,1820.832228285847,-0.4778824637495037,0.367987041585183,-1.536732172085743,0.1243589093023597,0.2678334367876382,,0.0
RMND5A,1192851.5585232284,1.632609350739382,0.6346629308418035,3.1782085985795345,0.0014818809395049817,0.005115309429931383,0.0034540290309583404,1.0
CSRP2,111247.6623142203,-0.8874657821208974,0.1322681458219292,-6.700767425140769,2.0732779690752364e-11,1.562161708421039e-10,4.832481546610878e-11,1.0
SUCNR1,27253.91276120047,0.5771904252293403,0.15676092162493976,3.7570175027384733,0.00017195047431827344,0.0006823301240250978,0.0004007892364016579,1.0
OR52K3P,576.4514811521419,0.06667952583596541,0.2338158534993256,0.3077388867920882,0.7582810273232122,0.8708970214801248,,0.0
DNAJB6,1486410.47523208,1.6266804731589917,0.3345719069568815,5.199541332336457,1.9978089997239918e-07,1.0950627791893704e-06,4.656575369450127e-07,1.0
ADAM17,1108205.4129709934,2.6698911867437154,0.1438661733209592,18.580310680661796,4.6381236752821804e-77,5.932041254437825e-75,1.0810729388928745e-76,1.0
CANX,8688234.029129136,2.9595957173138423,0.5815014869240436,4.051719787701158,5.084253431303949e-05,0.00021528230997745415,0.00011850586969786962,1.0
BCAM,1696326.0835358829,0.4236034636076239,0.8319411754740652,0.03387876683394896,0.9729738250789464,0.9888667226952144,,0.0
FAM13B,238859.51018601778,-0.06109075616866627,0.65715664663571,-0.19622065940015593,0.844437458507193,0.9188599570318233,,0.0
ANLN,136016.1945543526,-0.8875831738376285,0.3606295165093284,-2.812490061156546,0.004915954269842291,0.015618331145205954,0.011458308363538948,1.0
PNLIPRP2,5051.710788209651,-0.22639096975855202,0.20850830677897947,-1.1602690469748917,0.24593928266333998,0.44127523090817977,,0.0
KRT13,26620.020620769435,-0.28294282889068845,0.6737776203561052,-0.8672977073897377,0.3857789125232072,0.5957108569669238,,0.0
LARP4P,1068.7181192332366,0.18030001407800952,0.10330125552861609,1.7700874355580731,0.07671257628038071,0.1787213126980565,,0.0
MAGOH,140748.65476082842,-0.06116606048687753,0.10886116677559142,-0.5656219134926402,0.5716508279541819,0.748207186989653,,0.0
ANK3-DT,43.8907394717515,-0.19463297477280822,0.7218236504573026,-0.5512714953038704,0.5814475756787791,0.7554729115618001,1.0,0.0
ZNF143,90999.70070535848,0.06820083129423586,0.29254613383067213,0.24825344839402302,0.8039383145081395,0.8958990868558087,,0.0
POLR2B,775703.1779362109,-0.307109440892354,0.2063491230154059,-1.6135676499600249,0.10662123850278113,0.23774105393467693,,0.0
LINC00200,559.5304668791456,0.013112379993772154,0.2986059413296292,0.04625662097277896,0.9631057137234058,0.984218664218879,,0.0
SYNPO2,792092.6431029652,0.03247936751822165,0.21513172329638358,0.2545591170544571,0.7990636389403029,0.8928605356259477,,0.0
ATP5MFP2,6496.610355947923,-0.8038916428054832,0.14858372923926114,-5.546389609490783,2.916286034625076e-08,1.7073280212100797e-07,6.797399411546673e-08,1.0
APOBEC3H,3401.9697207498625,0.012679523321185226,0.13337614618191584,0.09056901638457611,0.9278350520636178,0.9606160167198137,,0.0
ZNF490,111467.10803005987,2.4473594719943694,0.200664451827039,12.316859142248672,7.350158398638424e-35,1.919507334681071e-33,1.713205144505068e-34,1.0
AARSD1,136393.2292983714,-0.14825835344609203,0.2071427932937642,-0.7845854110635593,0.4326966864594519,0.6355391849410325,,0.0
OSBPL5,302833.74594938895,0.08451079435949359,0.31824869737236927,0.2416617918262298,0.809042237819202,0.8997141494509292,,0.0
SMAD1-AS1,26269.9230927817,0.39812234727431317,0.28312072321536513,1.5702812669990467,0.11634969034693565,0.2543173774980346,,0.0
ZNF420,38606.471129771344,0.25737136717628806,0.6979353861377838,0.704593839745365,0.48106303323826627,0.6768807926071854,1.0,0.0
C11orf21,7203.538998239735,0.10709695038869431,0.292893807163208,0.4159852676369966,0.6774207836230228,0.81874845377069,,0.0
ZNF260,194294.40974989007,0.7009042232397388,0.19190545865188316,3.8231939292092862,0.0001317340878905841,0.0005299109922566399,0.0003070512291580531,1.0
SRRM4,640.6956570550852,0.17023623914377325,0.2112328093351227,0.8561401494736874,0.3919202629945193,0.6009381553482865,,0.0
LMNB2,334728.03718277934,0.12559601287335603,0.1640991831595534,0.8831728597898567,0.3771428829727236,0.5878714688337329,,0.0
CRYGS,31076.170748301967,-0.11014177795687367,0.42176656980240096,-0.33970533567212985,0.7340784431803529,0.8560039675668681,,0.0
BACE2,1142290.9805041845,1.9160056735034134,0.4038548932414646,5.120254841565073,3.0512304408344307e-07,1.648920632598282e-06,7.111933382655205e-07,1.0
EFCAB10,198830.92432109304,3.047315130617045,0.3552577848755116,8.80293442055409,1.3328445088556982e-18,1.504124074699598e-17,3.106648789800104e-18,1.0
LINC01366,1801.5351099692919,1.222568057817497,0.16503038477950407,7.572819346135452,3.6521001853671295e-14,3.3181558696923936e-13,8.512465291874413e-14,1.0
LILRA4,4489.9736366727175,-1.5373228647884334,1.137864837986271,-2.4734574749147513,0.01338127283059398,0.038847676136804926,0.031189620971496624,1.0
CRYGN,2188.9298136114594,-1.0180989209635993,0.21091853349719863,-5.031679281874683,4.8620214006729e-07,2.5636112839911656e-06,1.1332599414278703e-06,1.0
RFESD,9352.34872964905,0.11440612698337393,0.2348531967154682,0.531416203436546,0.5951303954916256,0.7670851642160659,,0.0
SVOP,849.8229039261093,-0.2337934668995279,0.7035836538696211,-0.6480590856982013,0.5169467353455446,0.7067939939862724,,0.0
LPP-AS2,28089.961658532342,0.4647527713897516,0.16960246512032046,2.814224896088936,0.004889500811200259,0.015554100794813069,0.011396649554330323,1.0
CYB561D2,150983.9860512557,-0.2364515518228831,0.19071112366154508,-1.3672732092639281,0.17153968580656875,0.3419823952051019,,0.0
IGFL1,5542.524541744251,1.9866647521040073,0.2253417013011609,9.023094021747537,1.8285051995792165e-19,2.166409485867252e-18,4.2619551100472583e-19,1.0
RTN3,907455.8261351015,-0.3051168324074666,0.47141190117437903,-0.8451440466313541,0.39803041828256047,0.6058530136940478,,0.0
TADA2A,85274.97169396354,-0.550061151155292,0.24891667747708918,-2.3850413735336407,0.01707720065624703,0.048425853822262756,0.03980424152960756,1.0
TCP11L2,47141.702225939756,-0.2112259823661503,0.11780681488901812,-1.8431090186567096,0.06531309483688544,0.15640024822198012,,0.0
CCL23,7096.41703069519,0.45920911699306094,0.9856644771285982,1.9400250641768342,0.05237664389708093,0.1299774625664874,0.1220816354012335,0.0
TRAIP,32553.177845269565,0.4165843524044662,0.14894324548055282,2.84487805961969,0.0044428427714099,0.014233076264478216,0.01035556062794046,1.0
C4orf36,28472.440551725904,0.026262930668055687,0.23150183351624978,0.09963168330588194,0.9206367393243603,0.9562061324424316,,0.0
LINC01976,147.1838292579072,-0.6168549960158285,0.642621429740551,-1.4858840296286102,0.137309798561837,0.2885009583936154,,0.0
PMS2P1,114150.70607651312,0.5008916288253914,0.3422205357012569,1.6546851760987609,0.09798837559369877,0.22106106624213906,,0.0
SMPD2,134711.18860046274,1.4810409293826805,0.27153600689163093,5.675597842709075,1.3820512078782475e-08,8.325690126686834e-08,3.221341787334906e-08,1.0
LINC02812,379.6405261912926,-0.40405351195239947,0.30672105198512106,-1.4882095180963462,0.13669564791201055,0.2875739737600627,,0.0
DPF3,7598.75732470173,0.6311556570106657,0.8774494397724462,1.4680838921810369,0.14208143642441212,0.2960505562392564,,0.0
ADAM19,102402.71668242404,-0.06290915456899024,0.3150034465278622,-0.2450460407737178,0.8064207824730246,0.898264149838197,,0.0
MROCKI,1750.195238612077,-1.903796350052583,0.1646908304591969,-11.70970093447116,1.1367988533263783e-31,2.486996789645603e-30,2.6496975142018573e-31,1.0
RPL21P99,114.68637281247334,-0.8019715353161347,0.2949856802796419,-2.9800358393947524,0.0028821466070284114,0.009545914525801938,0.0067178258298400545,1.0
NR5A2,59004.621569357776,0.3445733029850301,0.16250118539732578,2.151671548127206,0.03142323255060167,0.08315070767236134,0.07324256259925287,0.0
HINT1,845331.8298548317,0.11668215020988944,0.6039572147070899,0.4474901858231328,0.6545211723810198,0.802939401828954,,0.0
ZNF462,142747.3593094834,0.18850924063525104,0.30002142354141315,0.6571845498362199,0.5110622587411546,0.7018663399231496,,0.0
TTC3-AS1,10834.35589785334,-1.3740548005103286,0.36414945714007985,-4.140671840732979,3.462900741848878e-05,0.00014941997318635122,8.071471448758039e-05,1.0
CACNG4,268412.2112557367,-0.1898797248082224,0.13212335353436794,-1.5534736987407323,0.12031000797470309,0.2611428719659787,0.28042351391486875,0.0
BHLHE40-AS1,25981.7873916134,-1.1097654078057135,0.24823051669475524,-4.733185779590296,2.2102301511550035e-06,1.0755734628254787e-05,5.151695324280915e-06,1.0
ENPEP,121702.92616101792,0.17228702753401742,0.1842417178563938,1.05599586860563,0.29097010237125087,0.49704070911910936,,0.0
SMIM7,149681.55714603653,-1.699018891546621,0.43337550928825025,-4.38487655997539,1.1605156810618447e-05,5.291272593360586e-05,2.7049776715591036e-05,1.0
SLC22A4,21383.38011409247,-0.12644355539182417,0.14378063806796026,-0.9616227122453275,0.33623915837743457,0.5471272095525677,,0.0
VPS25,289328.13490250165,0.3345013931417326,0.30592954754720236,1.1710616716135427,0.24157398875190406,0.4355060417281173,,0.0
DUSP4,671936.6000519658,0.07689677295311739,0.29300361362954713,0.22393617107168984,0.822806969914879,0.9071974283676871,,0.0
NDST1,688563.8384380562,-0.1508646299679336,0.6797646678035716,-0.14130256504526398,0.8876309233345615,0.9416212347071018,,0.0
MIR210HG,29722.56630294604,0.24689816433135947,0.23455794800579138,1.1177308222220912,0.26368197462594134,0.46311467937823786,,0.0
TGFBR1,312420.66786650836,-0.05680175237958386,0.35771296792150775,-0.23883806867787302,0.8112311497811718,0.9010662645714382,,0.0
LINC01616,661.3274734890754,1.087612416759469,0.12042664742554487,9.148014911237691,5.798929542831679e-20,6.95313955760683e-19,1.3516383439086174e-19,1.0
HMSD,8576.645759190462,-0.0963429997796027,0.08633308928331888,-1.1207056677418543,0.2624131688653387,0.46202502163794895,,0.0
NSA2P6,936.9816269287637,0.04729124250603007,0.2678106104161798,0.19378566219369225,0.8463437141139711,0.920131309067238,,0.0
GCN1,1599785.8339411784,1.6702726572032454,0.460738245979803,4.0849331522428045,4.408950774179005e-05,0.00018785042820048013,0.00010276563767105083,1.0
SMNDC1,220856.9853098386,0.028073266576578187,0.3302090548119551,0.1394613977921873,0.8890855578918496,0.9422574810442996,,0.0
P4HB,5680825.312853119,0.3864680797864793,0.254856856480235,0.7078359061326578,0.4790471657766284,0.6749308386677799,,0.0
RIPK4,63631.371727276244,-0.31729601521572903,0.2844071612120469,-1.2283658090259295,0.21930967688512848,0.4081778613070973,,0.0
TMSB10,3048669.053540675,-1.6472548838002419,0.3068050911491705,-5.28240239159602,1.2750076961255592e-07,7.09792230834184e-07,2.9718403683524717e-07,1.0
RNF144B,351516.42067091184,0.45781053650303866,0.501301330698951,1.3524245791312235,0.17623953092665434,0.34911945205010003,,0.0
SLFNL1,5852.445461709649,0.10659583181203063,0.15365318454766388,0.7181619921449827,0.47265741012496,0.6695868110489351,,0.0
TMEM91,40499.01132647437,-1.7010770636119,0.23856186322870965,-7.418378860477706,1.185625476383208e-13,1.0357092602801124e-12,2.763504615046468e-13,1.0
KRT18P23,2681.4577679345325,-0.3325278454918461,0.3688572979183045,-1.0777007276286072,0.28116733366201163,0.48645947287759767,,0.0
GNG10,193906.12533653743,0.2089322473128647,0.4005607235947501,0.7096757328754251,0.4779052440400735,0.6738841064789257,,0.0
TOR3A,286269.88779047265,-0.4669038043760982,0.14419825328487604,-3.231045505220581,0.0012333830215602878,0.004329426116497337,0.0028748198652068764,1.0
DPH6-DT,976.9916370712235,-0.09564792026171526,0.12353888017625153,-0.7877884170714328,0.4308204773715061,0.633697313004399,,0.0
KLHL35,147981.3813438769,2.8826993513412456,0.20832448163749895,13.970158445185564,2.370986006663822e-44,1.0195239828654433e-42,5.52639168282203e-44,1.0
HARS1,393208.99943833274,-0.14222323220265648,0.1807680057424614,-0.9713748322680289,0.3313616566508778,0.5422676979575389,,0.0
DENND5A,457859.3266150793,-0.04201379509204583,0.7089552277813277,-0.15340529604283107,0.8780786686838409,0.9364670513994009,,0.0
DCBLD2,174912.55018713974,-1.0190293495627192,0.1055092969137658,-9.774201147746437,1.4529902096960202e-22,2.0188064529146934e-21,3.3866893298896026e-22,1.0
CENPQ,30348.835110568518,-0.30570438114107,0.36856160971255447,-0.9942955300071754,0.3200790112584829,0.5288354117778445,,0.0
SALL3,549.4682516977748,-0.053304159582888457,0.21018911070769042,-0.27163346984057696,0.7859038615286214,0.8844964939767065,,0.0
CTDSPL2,217724.4895443758,-0.08011171739807212,0.07219132279170605,-0.9779520390198754,0.3280980454905852,0.5388716005620806,,0.0
METTL14-DT,407.53525074008905,0.005371562474042952,0.1997203751314251,0.0288155262098449,0.977011717897253,0.99043087538952,,0.0
COQ2,44045.016080167996,-0.2171071640401774,0.25961118769064745,-0.9259248714776328,0.35448502489380895,0.5665399885198075,,0.0
ARMH3,157720.8427997693,0.5287322546211678,0.3123336842164714,1.8407279201140785,0.06566144027349027,0.1570082761669077,,0.0
MRPL52,286632.40633210837,1.4708453016189407,0.3849228883384648,4.205591622668491,2.6040006679174637e-05,0.00011373691183513406,6.069511837183321e-05,1.0
PRRX1,701615.4515732367,0.29247358591572825,0.5453869306081459,0.8303182137990771,0.40635889284614457,0.6128461648426514,,0.0
SNORD54,2975.303295971187,-0.49558558079196696,0.15993750068842252,-3.1985540339745926,0.0013811864701538733,0.004807646973571194,0.003219326221087626,1.0
EMX2OS,46996.58401838427,-0.09763671420420525,0.11625589803718378,-0.8574412604832503,0.39120106458353177,0.6002186742979565,,0.0
RNU6-1136P,351.81907030848527,1.7630489009188828,0.16539958213968298,10.813603044441125,2.9677960335640624e-27,5.0870675654355815e-26,6.917461035241842e-27,1.0
SYS1,244037.2525485755,-0.3239497850537819,0.24804669085168252,-1.5003942629597087,0.13351230475216538,0.28242551997616666,0.31119597014196304,0.0
MBD1,273375.3279795052,-0.018525158611066055,0.684633639631978,-0.11603464267190483,0.9076250863417233,0.9498684390149035,,0.0
TBRG4,274731.9468394546,-1.1295218783359724,0.1545212882826615,-7.47187475319919,7.906024134471568e-14,7.019018921537823e-13,1.8427686160160833e-13,1.0
OTUD6B,64445.85805955781,-0.5061217099178565,0.31994350335492133,-1.7937717176846661,0.07284961289318295,0.1709528855325883,0.16980087341644698,0.0
OR56B1,138.72868668392772,-0.7417213961253218,0.4038175076620332,-2.1852602052378476,0.028869773421927473,0.07717172016536668,,0.0
NUDCP1,5001.786359496358,0.10136181001337814,0.14711613721466882,0.7041259930158805,0.4813543140929316,0.6769087450509002,,0.0
PTP4A1,431719.7765690101,-0.7866039549702789,0.5014498424052876,-2.045656291570668,0.04079019891476476,0.1045000062592946,0.09507547298450776,0.0
CES4A,83635.00843973298,0.024032361678362427,0.1525702664110073,0.12037904764168081,0.9041828882544445,0.9494815141506553,,0.0
POLR1G,126212.21852086842,-0.8194821987987941,0.19522214080741782,-4.35302807961109,1.3426994488215924e-05,6.0401246633698456e-05,3.1296190891224783e-05,1.0
TBC1D9,488358.15653280495,-0.005873473862475196,0.7399248522741977,1.0068506994282018,0.31400652655604155,0.52278523179624,0.731899324514736,0.0
ZSCAN30,103999.0803277342,0.12211529831402716,0.658730626811989,0.3048654667122047,0.7604686180415594,0.8718036007334632,,0.0
ERH,449844.4052028807,-0.13694566921422482,0.21532288851749504,-0.7192828671277813,0.47196665004909644,0.6695590587158399,,0.0
RPS6P12,337.32232666763895,0.20723056623031993,0.3596253630571585,0.6833960861288407,0.49435659250572184,0.6874409488203347,,0.0
LINC00567,403.55517775601936,-0.12334460828217426,0.19582156043854348,-0.6648440612682189,0.5061502375014729,0.6974246918942947,,0.0
ZNF442,10210.385205448483,-1.0477321528146906,0.3008962250207813,-3.7913729225932737,0.00014981679958188358,0.0005987870162775924,0.0003491991571562782,1.0
FAM171A2,20642.15682218691,-0.16799473668701606,0.42115594634693276,-0.5112651375191606,0.609165413113883,0.7733237399779284,,0.0
SNRPG,79369.98993369596,-1.9975532157718796,0.16388782755625864,-12.343454671718693,5.283904675354876e-35,1.3945035196121758e-33,1.2315942299378562e-34,1.0
TP53INP1,318155.6556987169,-0.34999751060997447,0.7321358632180269,-0.9526273523190298,0.34077891353874323,0.5524228861655025,,0.0
PLK1,198714.1309888231,0.7905863186769458,0.24914846689924014,3.3179872110419453,0.0009066863575436301,0.0032630242073792403,0.002113341846461508,1.0
FAM149B1,283224.75634435995,0.1633454814729011,0.07256309148942255,2.2394941564482895,0.025123781114767953,0.0682928720438488,,0.0
ERICH3-AS1,379.3882603133937,0.01997547239004589,0.31121212239408436,0.07028307890845661,0.9439683502739292,0.9708276559105895,,0.0
CEP131,144770.2805406034,-0.20332626834761072,0.5099837807674815,-0.5750629573874632,0.56524871905969,0.7433326155206258,,0.0
USP4,210214.74374642037,-0.5765502678105819,0.6296787116589205,-1.434647412604351,0.15138759658409168,0.31139023990162856,,0.0
PCDHAC1,67861.40442745901,0.02089319080923608,0.08623675529480729,0.29541319079630607,0.7676782579148572,0.8760048311959147,,0.0
CDH20,9347.235191098858,0.4591682465887582,0.588109597979653,0.18729981119535893,0.8514255710113819,0.9229497937998073,1.0,0.0
RPL35AP19,227.8221425378541,-0.3004373774937906,0.6596471826627683,-1.8084159349969808,0.07054178968296254,0.16668045804766327,,0.0
EIF4ENIF1,146400.40908687818,-0.23242381009868063,0.6355568048910365,-0.6076565563145672,0.5434152821281826,0.7277991081934609,,0.0
RPS24P16,216.0281421222282,0.2332448683162789,0.29491952077878225,0.8874574659981048,0.3748326562665676,0.585675936347557,,0.0
PEG10,713442.8816782221,0.45476826586225494,0.7144602000071016,1.4001910912936908,0.16145610289139167,0.32697646821853904,,0.0
LINC02450,814.45416659158,1.602525541684178,0.26708466896325295,6.25166327224906,4.061042427057099e-10,2.771064244344844e-09,9.465644685121872e-10,1.0
PCDHA2,47129.570090312416,-0.7272951924280807,0.5019360152203408,-1.9035706328133175,0.05696612654232078,0.13983614133518507,,0.0
LINC01449,427.50560562628834,1.7368100979019603,0.2556313550934679,7.032453210941872,2.0293336928019118e-12,1.6221660993102463e-11,4.730054420418661e-12,1.0
FLVCR1-DT,8272.257720335621,-0.10383496369408622,0.14563897197253434,-0.7414528472670779,0.45841891176996297,0.6559556194133593,1.0,0.0
LINC01088,16866.920192911915,-0.054660133721146614,0.37013013799846844,-0.18701642760131815,0.8516477528188149,0.9229497937998073,,0.0
HEXIM2,36982.97878641196,0.2644354455225056,0.40631563347785166,0.8032333877245282,0.4218398510486683,0.6272695924146657,,0.0
IMMP1L,104852.71894234061,2.0095054972966,0.1954130684295639,10.408404739190415,2.269934560237035e-25,3.538260495769478e-24,5.290856816103893e-25,1.0
TEX14,17170.354022897995,0.6709438705531084,0.20369621777557775,3.432851374200673,0.0005972694074977562,0.0022194430967492048,0.0013921400956069198,1.0
MIR5581,233.6028164101465,0.13189464035759468,0.21383059513372696,0.6551326788677423,0.512382333708379,0.7025187137266066,,0.0
ZNF511-PRAP1,51847.91681803313,-0.2834976101927209,0.37228646866196147,-0.9020448146287756,0.36703306212994513,0.5780741755302072,,0.0
PTK2B,233360.54707874934,-0.3123085394284012,0.3322667707336977,-1.0692114399110741,0.2849744050270905,0.4901559766465956,,0.0
ZNF138,45697.09325890448,-0.08544248184997472,0.6991868444297854,-0.25224183406985945,0.8008541443101291,0.8937612810570563,,0.0
PDE4C,6681.08517674029,-2.1726979257955836,0.12387570461422952,-17.65378658106232,9.515682346699328e-70,9.686576233742092e-68,2.2179543712773948e-69,1.0
FEN1,425446.59688992024,1.7974706526614683,0.35194830465518584,5.393648085313441,6.904137502464527e-08,3.935752898547778e-07,1.6092447599202365e-07,1.0
OR2R1P,397.68998265223655,2.280979817993376,0.23704692254081428,9.821200352314637,9.125044068774814e-23,1.2749501348753157e-21,2.126902795095737e-22,1.0
LSM8,584504.8737241091,2.3363484856317984,0.22392805487828307,10.630097020919802,2.1588777215240774e-26,3.553954480185511e-25,5.0320009696084575e-26,1.0
KCNK6,206957.56014331424,-3.8258881316386084,0.8876893168925611,-4.829423973795097,1.3692858130315683e-06,6.8027864894436885e-06,3.1915876800941416e-06,1.0
SSR1,637174.8420124272,-1.2965657144070781,0.3999584076351613,-3.7177184877972214,0.00020103010347489474,0.0007908029622498225,0.00046856923183774535,1.0
PTRHD1,31473.980220943213,-2.0741564581883374,0.7163020953149164,-3.5916551828447996,0.0003285844236210352,0.0012597840930220782,0.0007658780864587493,1.0
CEACAM20,1470.1784816539018,2.834305555263887,0.167732798883083,17.019697204538257,5.867325970126231e-65,5.045900334308559e-63,1.3675804644387682e-64,1.0
C9orf50,887.0269027269227,-0.057517323050014516,0.20131388650684745,-0.30981355517242043,0.7567027429268889,0.8705436659824103,,0.0
UTS2R,678.0461152233535,0.6389834594152468,0.17292585114348744,3.82549165059018,0.00013051135801219607,0.0005271179382711206,0.00030420124007702525,1.0
TRIM44,456787.509248255,-1.7453265432520453,0.18357889119864576,-9.772453003018338,1.4782872331182076e-22,2.0482490885537833e-21,3.445652672333467e-22,1.0
CDKL1,36281.37146505204,0.17424181775873768,0.20443327142096585,0.874291288483955,0.38195964228305135,0.5924175048842849,,0.0
NELFCD,514190.36897517834,-0.41169905139425717,0.34703109201428983,-1.33685501675901,0.1812699665940407,0.3572400605970269,0.4225114922294743,0.0
NCOA3,493024.18649446464,0.048818931329830374,0.3415863475961599,0.3329741393195006,0.7391538041809986,0.8594078549266112,,0.0
ATP2B1-AS1,5777.877702800803,-1.8422618035641638,0.315581407403648,-6.13510245825138,8.510432684141196e-10,5.667561846261186e-09,1.9836466461914152e-09,1.0
SAMD13,9120.801430094363,0.0786376612507093,0.2958916043665867,0.2879256712122994,0.773403635841393,0.8777260292282267,,0.0
ST8SIA1,75810.2851503665,1.3178310334780345,0.2780020091970368,4.9607223039000425,7.023153448144796e-07,3.600358622748843e-06,1.636985485950759e-06,1.0
ARMH1,12918.208509240769,-0.15832808692943154,0.1413514840013922,-1.1582938851706328,0.24674412591873063,0.44224207692512696,,0.0
SMIM30,113991.86731341775,0.055257449731993764,0.360556948405442,0.17513454784720983,0.8609739125106581,0.9279567554081637,,0.0
RANBP17,31567.285317486454,0.7689471652177992,0.5501584981973182,1.8856077330018366,0.059347834557164886,0.14449325236231844,,0.0
LRP10,4811705.678701367,2.780774679762196,0.17402165289173346,15.130344742986972,1.0215882904765993e-51,5.994920462232091e-50,2.3811599966809705e-51,1.0
PTK6,61364.58193726975,-0.3252137911222942,0.19808739759949598,-1.7311948653028963,0.083417014866511,0.1919964145103752,0.19443180848325087,0.0
PTPRQ,5823.066311758029,-0.667532092849833,0.6899400679741261,-1.5670325127973972,0.11710709219075437,0.25541328196217,,0.0
NDUFB8,386440.89960977796,0.35310444854289724,0.18909491968220485,1.8982520391314504,0.057662888602882156,0.1413378321136001,,0.0
NOP58,422392.8066413061,0.1750942197105771,0.28792271308289097,0.6602660063907629,0.509083140683799,0.7003052139356838,,0.0
MLNR,205.43119385140403,0.11914116485148275,0.19840453462321847,0.6318235289644992,0.5275021970269249,0.7161155032721137,,0.0
BSG,2021374.140784286,-0.11419639155141185,0.4211473893567514,-0.13330200144635246,0.8939545448027432,0.9443128482583826,,0.0
TRABD2A,92967.30159986365,1.8555891423456883,0.46612955127687977,4.37601863741907,1.2086668422663108e-05,5.485741773634539e-05,2.8172103781422235e-05,1.0
LDHA,13573500.493152287,3.5337100195621045,0.2097120578749944,14.56427948083068,4.7395526504299976e-48,2.364088862034483e-46,1.1047144215114406e-47,1.0
HRNR,3672.5968358760306,0.5363721272632025,0.6416695535722529,0.38059476734171044,0.7035039646536623,0.8360919170103568,1.0,0.0
NRXN3,22847.795499323875,0.09577172622868194,0.2172095503893102,0.47222068926940747,0.6367692736592172,0.7914789775759221,,0.0
MTSS2,383260.2800204062,-0.13005699787541708,0.14711429144402913,-0.9658979450729157,0.33409525072202917,0.5453099183905371,,0.0
TRHDE,88806.31077019434,1.9844219329380193,0.3574047059438482,5.844370156621843,5.084884753718809e-09,3.178371572875867e-08,1.1852058482032439e-08,1.0
LOX,251824.7618887377,0.9118335287789112,1.0215961388373629,0.6045988658527651,0.5454455604333424,0.7290145914902227,1.0,0.0
RBMX2P5,4858.545857325295,-0.013420219646978777,0.6047349903145218,-0.04565342394064389,0.9635864873827507,0.9845082751055224,,0.0
VEGFC,157973.83332479108,0.3792565603062418,0.6972584229967305,0.8881888536080116,0.37443917351779377,0.5853032270469305,,0.0
CYP1A2,302.4985051301065,0.16928479181812292,0.19002434422252304,0.9357109416157368,0.34942203555748974,0.561325962435027,,0.0
RN7SKP275,380.42972557831746,-0.24549197655701643,0.2749748500811734,-0.9894753248036394,0.32243063673612693,0.5318399523941142,,0.0
SNORA23,1986.3241019042223,-0.3366027558142105,0.2856006256284251,-1.3039864443697524,0.19223820429861682,0.37339725975136323,,0.0
ADPRS,104636.35020520192,0.4144116618527164,0.7877221775251594,-0.2998625121248372,0.7642820301853178,0.8735652535665365,,0.0
PDLIM1P1,739.0603535940173,-0.36394129568353023,0.7067549967115877,-0.956489213074322,0.33882513157482863,0.5499706333534804,,0.0
ZNF385C,22113.253431062156,-0.0348839574299471,0.16148681197595577,-0.21716646739054568,0.8280786162169881,0.9101773345430036,,0.0
LINC02794,214.99141863566774,-0.024489628396343638,0.16499919269027727,-0.15687314515173892,0.8753448248466168,0.9354385885646476,,0.0
LINC02147,1141.0146408906246,0.7054194833858278,0.6626894072995324,1.6382467822582496,0.10137022420377141,0.22736278475708316,,0.0
HEXIM1,265835.55607207736,0.2820020894919925,0.23565598129104876,1.2324200860862808,0.21779220155826018,0.4068858039401441,,0.0
SLC26A6,114216.45073686153,-0.1636252766706301,0.20844535381901613,-0.8428647889820259,0.3993040681040829,0.6063101040192285,,0.0
PLG,431.3888765882051,-0.36457794226060053,0.32702146538593874,-1.2824670781996022,0.19967884659498536,0.38283757998502943,,0.0
MIR6890,314.63846559475917,-0.10975524960783233,0.15845511382534377,-0.718535388949902,0.4724272355832123,0.6695868110489351,,0.0
PYGO1,34991.87860552842,0.13992001933670378,0.2277900219887746,0.6292991837546585,0.529153205639668,0.7170378130210986,,0.0
GNAO1,30504.452153004015,-0.2634162929238326,0.2508401841923026,-1.1553691545000493,0.2479392877301786,0.4437463822024151,,0.0
KIAA1614-AS1,13569.336241689361,-0.43101223559705787,0.37016596410369723,-1.3803517197700956,0.16747837779729557,0.3356296297520733,0.3903654899312665,0.0
EGLN2,1318729.4618423549,1.9137808351873575,0.24200417803566568,8.165981632303984,3.1883178940996243e-16,3.2455774807691688e-15,7.431462455966788e-16,1.0
BCL7A,129915.70341714988,-0.00981508228248918,0.15292262048055186,-0.10007761581961384,0.9202827060904956,0.9562061324424316,,0.0
SSTR2,38513.076492036635,-2.973059798720232,0.23515352705207127,-12.83098830535443,1.0995257510970985e-37,3.344167345409956e-36,2.5628198348001527e-37,1.0
GVINP1,26663.93337591971,0.017227458803570555,0.531646244880803,0.04120866378148594,0.9671295468423807,0.986770973073165,,0.0
NASP,770484.6720138014,0.05541716236741453,0.4303555636831763,0.19852947853514138,0.8426308231948796,0.9175662198540513,,0.0
RNF213-AS1,78689.95655685783,0.5783899274757716,0.8258243068120299,2.316101525162683,0.020552726057668464,0.056953887542027945,,0.0
RPL29P14,1898.6196735626534,0.25508084375311185,0.19390015159167903,1.369299892600889,0.17090555156746368,0.34099075648740357,,0.0
ACSL6,15503.235272557231,0.29205459043144544,0.17454075643238495,1.7638207903239502,0.07776215604743326,0.18074447081295297,,0.0
SLC7A2-IT1,263.144305514214,-0.10995736546911107,0.22332592849260788,-0.5292715172966134,0.5966171111404448,0.7671890049931783,,0.0
CD72,475617.43110285344,2.7029423164751076,0.15597681760394622,17.449302994959673,3.4845886165209518e-68,3.160205094401183e-66,8.122022438881546e-68,1.0
PHACTR1,273968.528293982,2.0892765530379647,0.8730254172668315,3.1112020225986217,0.001863274179897922,0.006339707782626763,0.004342996079126558,1.0
ZNF551,30375.05553651756,-1.2474881185307698,0.30314694404714665,-4.447712850112962,8.678944286518149e-06,4.030779711466716e-05,2.0229240234183423e-05,1.0
NPLOC4,983337.4585364871,0.7054252996282306,0.1302315042327192,5.254545145430125,1.483907446573693e-07,8.224144826121757e-07,3.4587524969670937e-07,1.0
AADACL2,915.3599105984671,0.34426368640798394,0.5572618414474978,0.9069846558007701,0.3644149115353157,0.5768649884919564,,0.0
PLEKHG5,204402.1048225945,-0.0682296201393275,0.3532885941030959,-0.21855742246022836,0.8269948228448581,0.9094025961971235,,0.0
COP1,323252.3040059403,0.38584586815466443,0.09794424502607191,3.8067345836571933,0.00014081372486527172,0.000564297908542813,0.00032821442038690434,1.0
LINC01876,4284.264616047147,0.03505398996615784,0.22498080271154766,0.16497715288000864,0.8689619649884166,0.9317244800864621,,0.0
EMX2,17859.483611131924,0.32119829384371096,0.26244055248634574,1.3328633306471662,0.182576658114448,0.3591058243986067,,0.0
SNW1,363984.528013918,0.6442582722429673,0.29663089461922054,2.3665059294771003,0.017956886616402892,0.050518302562108076,0.04185464973954094,1.0
RAPGEF2,221486.15298556504,0.4978764976841023,0.46848240299602933,1.313023086425548,0.18917516897105535,0.36830825246979865,,0.0
ZNF541,7731.995660799157,-0.7996154921986565,0.47398861135382564,-2.133624613122106,0.03287352154443306,0.08639258454353639,0.07662295582412715,0.0
ALDH1L2,120652.40415135543,0.014149342721933847,0.45025459099031906,0.016544691302531892,0.9867998484551038,0.9945762061212484,,0.0
SND1-IT1,415.7659732323949,-0.790916589622331,0.8356703775543172,-1.126141871481413,0.2601054732390178,0.4589338876958687,0.606264532951505,0.0
MIR6769A,243.2502368992783,0.5156709699318215,0.24932326515681572,2.2316364348561435,0.025639001533281962,0.0694662355502501,0.05976043908785534,0.0
BMP2,70368.1696381664,0.30829295830927933,0.33840792968320577,1.0424048377203659,0.29722402454170693,0.5047849623473049,,0.0
LINC02507,167.6307773459654,0.0065673202028889,0.49791216401446,0.014017712987731747,0.9888158495045122,0.9954013031944514,,0.0
LCA5L,11695.971339535065,-1.7030345723686198,0.18947953989038313,-9.203505704225792,3.464579834524268e-20,4.225262644158202e-19,8.075385147012639e-20,1.0
GRM2,7858.601765010986,0.2948001945432908,0.2146729781802746,1.4401171460318727,0.14983425891682947,0.30883582293245276,,0.0
GULOP,249.99673937916313,0.22386350196115531,0.2528102700055683,0.9650708021135209,0.3345093501680364,0.5453406681894991,,0.0
ZNF30,45720.62154828645,0.9150459313946985,0.1633702773548717,5.727344980516155,1.0201458395874588e-08,6.205472497392981e-08,2.3777978728328247e-08,1.0
OST4,727833.8844592905,0.8418252298730136,0.4013472315440694,2.5085881506758225,0.012121471972290196,0.03548233697053022,,0.0
TMSB4XP2,1733.8950908999966,-0.7582808045222988,0.18097914995584216,-4.346604852387713,1.3826097294158481e-05,6.21302462191554e-05,3.222643612301986e-05,1.0
ADNP-AS1,7363.755916451546,-0.28456073542987836,0.18008853439794495,-1.658387159173499,0.09723934672396332,0.21956987843328613,0.22664946797155563,0.0
FER1L4,38228.16965252792,-0.38216711922140373,0.2594007351780635,-1.6056105776254097,0.10835949990822362,0.24107813806521827,0.25256877829075675,0.0
GALK1,141772.97563412267,0.6379251771682086,0.43748408113256676,1.7877088635906315,0.07382299096889355,0.17303998071092155,,0.0
ZNF622,200829.3490917029,0.49088593180692075,0.11478968368519746,4.3088734222491025,1.6408824081705998e-05,7.34055735601341e-05,3.824636192502314e-05,1.0
LRRC75B,102264.62003334079,0.11988363983591671,0.2830820495253895,0.42820686215976284,0.6685005207300165,0.8116852043298985,,0.0
ELN,2348031.3830596143,2.6215839333516526,0.9683067300309055,1.9636094677551914,0.049575398598406144,0.12413759448235434,,0.0
KDM3B,394464.8229891899,0.1729079790387068,0.6801008943169458,0.379363510934605,0.704417943033228,0.8367793998213245,,0.0
MTHFD1L,99392.89125278848,-0.011120324876706339,0.3375719708824132,-0.03738662608268781,0.9701767360565294,0.9879653222376084,,0.0
SILC1,4515.87102941028,1.747467683425716,0.27062709583960926,6.709608105232166,1.9514779944729842e-11,1.472613046358736e-10,4.548585157210862e-11,1.0
ANKRD30A,626602.2952247409,1.3514390797935305,0.5208579757621653,3.1245261961117947,0.001780916634582506,0.006076068517987373,0.0041510337258399725,1.0
PHOX2A,949.7474847857405,1.6045653831255822,0.13649347665549386,11.87883425707114,1.5247894408820275e-32,3.570727573295565e-31,3.554041930429698e-32,1.0
POU5F1B,6987.739178985243,-0.4627553077166957,0.14150986261575946,-3.3617857955354093,0.0007744017181894247,0.002823622639129277,0.0018050073693125469,1.0
EPHA6,9989.128530563066,1.7657224162602516,0.3634920639162922,5.190000871849111,2.102930959599702e-07,1.150155660798609e-06,4.901597956300614e-07,1.0
EP300,612907.6213155398,0.18532122833456297,0.3084477852170046,0.614292948531025,0.5390217613810337,0.724505671185286,,0.0
PTMA,3664271.01162294,-0.0886129941281369,0.18367363015284635,-0.590363708354429,0.5549468359906233,0.7361901111492631,,0.0
LINC00926,19787.11319209224,-0.022266659556896877,0.7054647122217185,-1.121092547495764,0.2622484705883589,0.46202502163794895,,0.0
ERRFI1,924610.2884653339,-0.25676591675545996,0.34176546139608677,-0.8592828742539309,0.39018447027515335,0.6001134528669915,,0.0
RAG2,1627.9894001424286,-0.8610186041540838,0.4747345787808073,-2.2609873817844415,0.023760038440442457,0.06490420139152628,0.05538087464529298,0.0
ELOVL2-AS1,1031.2929776649662,-2.1078802993627983,0.18831626459739778,-11.359837789994248,6.626756695131471e-30,1.3064925847950902e-28,1.5445917007156906e-29,1.0
SHISA6,19922.45789239715,0.32047090965325115,0.270071257157887,1.2892711328542574,0.19730384303411053,0.38071627429560667,,0.0
HRK,11080.057391774462,-0.22383592114131634,0.10046100750546814,-2.2286307935214524,0.02583848042427659,0.0699133927141568,,0.0
CMSS1,95869.29170816761,-2.5681526068228977,0.25627862457251777,-10.078462979572627,6.879379721291265e-24,1.0033434517485623e-22,1.603474114476674e-23,1.0
AKAP3,9938.295293897894,0.6881164960337209,0.34505736036616563,2.286234396364592,0.022240549508029228,0.06112168647165278,,0.0
PHF21A,228571.7725395918,-0.7037650070481871,0.12381967585838106,-5.87164577690527,4.3148993305144565e-09,2.7417474981663834e-08,1.005734479467575e-08,1.0
ACOX3,171230.13085137983,0.1092016540280703,0.2709136717609497,0.38463673966759326,0.700506570094074,0.8337214916796091,,0.0
BUB3,720391.4324512699,-0.13698546653848315,0.23874906408609373,-0.5032905378504319,0.6147600180342602,0.7772108964262217,,0.0
C9orf78,362160.3353432945,-0.016171229805500228,0.14289769801168697,-0.17512281395875323,0.8609831323233723,0.9279567554081637,,0.0
RSL24D1P2,1418.0693327781341,1.6425783129380032,0.13649266300520108,12.164067212369387,4.829302847279713e-34,1.2481120519290783e-32,1.1256337664594024e-33,1.0
CCDC82,150465.29417035688,0.23138166410369687,0.21333800800749897,1.0635772032548412,0.2875202741093291,0.492593451236897,,0.0
ZNF316,213840.47060443048,-2.040804153029356,0.7293348591615461,-3.4942338894340126,0.0004754243103215983,0.0017911000452297072,0.0011081385326561365,1.0
MRPS25,1211892.0451731107,2.7942872850473424,0.32499387438674776,8.849793857761696,8.768109969829464e-19,1.0031039570988386e-17,2.0437071275471667e-18,1.0
KIAA0232,317419.1842775713,0.16558201728007563,0.8156072601875112,0.4815068826234216,0.6301562892726749,0.7885648697672107,,0.0
HBE1,697.5564113063298,-0.08384375290746289,0.206191810247093,-0.43326460571093867,0.6648225484541115,0.8096678910360235,,0.0
ITGB3,178214.22058249213,2.461834818694777,0.12313836317914482,20.096494437658237,7.919407360890267e-90,1.6459168298383605e-87,1.8458880334635816e-89,1.0
OLIG2,327.80803002326695,-0.9459928052517771,0.6006716602169053,-2.156584529184738,0.031038051039123264,0.08229375493914877,0.07234476569305927,0.0
MPHOSPH9,81704.9009292,-0.014529326049999484,0.12390107834429412,-0.20324377241277652,0.8389445012996346,0.9156336111724378,,0.0
ZNF383,78388.51929021408,0.5045572730474587,0.11557482639606537,4.442419864496627,8.895276687335287e-06,4.123572501526804e-05,2.073347668991982e-05,1.0
GRM8,5944.552814820045,2.401180199914961,0.23101053840889216,10.589346592324363,3.3391446833881367e-26,5.425294358547239e-25,7.783015738663563e-26,1.0
STIMATE,188765.13506494035,0.014871875565244835,0.28649984577142074,-0.012702839657879578,0.9898648729303142,0.9957521849596237,,0.0
SETD5,2626372.657985406,2.491198706935176,0.24024131310123126,9.69358663595727,3.2105182768563075e-22,4.399468451911885e-21,7.483208021009001e-22,1.0
DNAJB4,160944.78013961308,-0.279627613088384,0.18061052702372285,-1.6380371675089676,0.10141394069498322,0.22736278475708316,,0.0
LMO2,114792.52931967801,-0.35471680065219485,0.18860251164905703,-2.046129088829004,0.040743671723763246,0.10443444735772409,0.09496702549445377,0.0
RCSD1,98436.12928928778,-0.4732201249164924,0.2205785892160788,-2.2434312185254486,0.024869020633370435,0.06771106709566142,0.057965735943575576,0.0
PSMF1,951788.763863004,0.8019025422150979,0.1588800656881639,5.035140229866405,4.774991469489168e-07,2.5203870317261344e-06,1.1129746471874753e-06,1.0
BLCAP,717976.1660216772,0.6414774245553152,0.12467764870379991,5.053022031471831,4.3487371216397975e-07,2.3076064641212035e-06,1.0136215309691267e-06,1.0
SNX21,206633.76750636604,-0.8402989476933838,0.31153873803892407,-3.0553990626373966,0.002247612434456323,0.007569946538195907,0.005238827487415018,1.0
MIR5010,1949.453292658674,0.05834147036527971,0.1530479130055402,0.3895801156514592,0.6968470580776395,0.8314152781972554,,0.0
ATXN3,220626.3082608717,0.28682062932683455,0.37464847523384015,0.8949511740104926,0.37081318916241646,0.5816403105478407,,0.0
PTPRS,592753.9038314665,-0.05998518605721577,0.3766692758718026,-0.23822653723950601,0.8117053957784034,0.9010662645714382,,0.0
MVB12A,159041.1620316506,-3.0447989385682606,0.7816702188387592,-7.069186343294559,1.5584475913261806e-12,1.2619377573920437e-11,3.632493731558406e-12,1.0
STAC,24672.318428340783,0.06388537730315852,0.31536465568086164,0.22545257824869175,0.8216272127640099,0.9068942623802475,,0.0
ADAMTS15,428325.91520584596,0.2429196656405356,0.3518595395949294,0.9102009723472296,0.3627165314659969,0.5758000673289273,,0.0
OR7C1,1627.0699051198046,1.9239045744839869,0.18082190963528802,10.796395724706539,3.5798146738912155e-27,6.084036261422902e-26,8.343979249238029e-27,1.0
SPTSSA,1989967.1849491901,4.486859445734725,0.7696502491128643,5.593149814750816,2.229867207138755e-08,1.3194042264778306e-07,5.197466181872949e-08,1.0
COL4A3,12777.557670781975,-0.4133196346310735,0.760109691245974,-1.0951839386787627,0.27343606072085935,0.4762217426241782,,0.0
H3P6,914800.4368525699,0.3998452448885877,0.3255342757509073,1.5009846920050471,0.13335952097820442,0.28222201554488063,,0.0
FAM163A,768.0036983564025,0.2998303635619203,0.12088309687211361,2.529229889882034,0.01143131250204551,0.033719329840451215,0.02664457325243131,1.0
TMPRSS11A,344.76219877631894,-0.14924584090476914,0.2760511226493329,-0.6020176171599395,0.547162410619696,0.7302677441155568,,0.0
RN7SKP175,2484.6717396704466,-0.3560658382475698,0.711397193598909,0.6310064924248744,0.528036279350335,0.716304832805645,1.0,0.0
MROH7-TTC4,193078.37615283323,0.010669437443221082,0.30020840255352,-0.008879404697077629,0.9929153531799826,0.9963109598997693,,0.0
SYS1-DBNDD2,231928.59939588103,-0.3561922827000406,0.3343278462309943,-1.2161963417077166,0.22391013697396578,0.4150367013103461,0.5218989547785707,0.0
FBXL21P,202.76538380850997,0.18322085558636006,0.14935381938726272,1.2653479912223298,0.2057466101063714,0.3902144833500306,,0.0
RAB3A,17491.859481715226,-0.8405581186936663,0.7562858980821867,-1.836301116100773,0.0663131348004003,0.15804392605328085,,0.0
RGS13,2321.4274192054877,-1.0022368684238296,0.3432838725430302,-3.253598798981807,0.0011395309183519547,0.00404266018544776,0.00265606552371007,1.0
SAMM50,374925.306197408,0.3805982089727237,0.4447376567080133,1.2064706938912768,0.22763605229081707,0.41883018400095745,,0.0
HLCS-IT1,414.3130221979451,1.3734463974787785,0.3006652222318376,4.8625379481482875,1.1589015193315136e-06,5.7748259524731165e-06,2.7012153170213038e-06,1.0
CRISPLD2,915337.9133201968,-0.19002955235420171,0.2810041838381345,-0.7859559883442583,0.43189327186767856,0.634920023600348,,0.0
CLEC2L,3806.75453953829,2.054336143867783,0.23850937168395153,8.81606022729973,1.185577266299103e-18,1.340965851315176e-17,2.763392244999965e-18,1.0
H2AZ1-DT,64342.72288202615,-0.026407758181005107,0.294793185801926,-0.1027057111687384,0.9181965407617474,0.9549647451785886,,0.0
TNFAIP8,126665.16360860798,0.08165741189450713,0.2010251317540025,0.3613560360769369,0.7178333088149564,0.8464432180348757,,0.0
HDAC11,129139.9347174003,-0.19967103826528906,0.20394906546713512,-1.080010688492304,0.280137420544594,0.4850140415398941,,0.0
FIBIN,290316.00192755234,1.2619962033043828,0.10977375248346577,11.498856928020464,1.3367395384685597e-30,2.7552300900335433e-29,3.1157274849912035e-30,1.0
IL20RB,19099.49979196347,-1.0485323355914653,0.4224194325466786,-2.912379440001063,0.003586866317017938,0.011686015146496066,0.008360415509011905,1.0
KIAA0319L,539431.5958422422,0.09206336376033407,0.15612124764413146,0.42942303386794234,0.6676153940932337,0.8112218235656637,,0.0
C19orf44,544712.7524706053,2.1790568386279996,0.12429369015577008,17.520926446362807,9.919682671192918e-69,9.33573154036043e-67,2.3121204282201066e-68,1.0
RAD51,41149.12623312163,-0.09724498579990488,0.2145667127567113,-0.5270520314225479,0.598157456499199,0.7674903287184133,,0.0
ATG7,1637384.5821790495,2.085449222918718,0.31828176119101953,6.8344335092462805,8.232971019821805e-12,6.337354852912216e-11,1.918974740507998e-11,1.0
PPP1R8,318768.3724896141,-0.0377939881831203,0.41902805085667644,-0.15087478114712546,0.8800744944631581,0.9377935437689024,,0.0
TESK2,66955.17744416738,-0.12422951626894399,0.3563441494799896,-0.4400916174091307,0.6598707529393517,0.8069221171025953,,0.0
PPP2R3A,92730.6403025839,-1.1970914680806428,0.1732038679157014,-6.989917898870623,2.750471520377076e-12,2.1707835353862114e-11,6.410912123196661e-12,1.0
STAB2,11782.997668305441,-0.20541327815799165,0.442893847770102,-0.6091024028750561,0.5424565649856847,0.727358426384031,,0.0
NAPSB,4877.077806504809,-1.7216682127693848,0.9242136687225166,-1.9114877407183553,0.05594193074653997,0.13806944609784333,,0.0
TRIM34,51732.06904578122,-0.14346196893736118,0.4232979324069097,-0.43474498692461433,0.6637475404330067,0.8086889916169607,,0.0
ADAMTS4,710833.5451966387,-0.5061331547026156,0.1758076309430983,-2.7852767443517457,0.00534820554208912,0.016894774695339156,0.012465817403710529,1.0
KRTAP3-1,162.19729268022405,-1.2250681520355868,0.1596784621069248,-7.832453583259387,4.784398543896336e-15,4.5369923834515064e-14,1.1151672867735946e-14,1.0
KRT8P50,1426.2229879659076,0.5107438233799367,0.5629179812850521,1.3023996497028145,0.1927798022772832,0.3742784002675907,,0.0
CREG1,639063.196619226,-0.7408595613662602,0.34523450084394885,-2.482997054598061,0.013028216486056626,0.03791408624997109,0.030366702725444134,1.0
UBQLN1,846460.8147202857,-0.06419049339790907,0.14110186913319386,-0.7485796157042953,0.45411062204333474,0.6528570511765436,,0.0
C15orf48,74086.26618786826,-0.17680827461856824,0.24543673156868087,-0.758722976511097,0.44801828937451216,0.6481192654872583,,0.0
EEPD1,115669.49324261812,-0.9455118909232773,0.18925708621165,-5.224483394525951,1.7464199854591636e-07,9.625572251348407e-07,4.07062751750949e-07,1.0
ANKMY2,66027.64113696614,-1.8357935162740529,0.3118892005398268,-6.23061936503196,4.645946784965328e-10,3.148638935245524e-09,1.0828963814676195e-09,1.0
BANF1P3,44399.948051637984,0.21288550119154329,0.08804053991429384,2.438982955956644,0.014728662918657955,0.04234384474828004,0.03433017319545135,1.0
UBE2N,726938.0817883689,1.9006428245454405,0.3538346788719462,5.702323900984536,1.1818498211905611e-08,7.162900252853607e-08,2.754704162662859e-08,1.0
SNORA59A,1969.3208430828818,-0.2694121285959035,0.17565149177233524,-1.5931051449344988,0.11113660535719941,0.24583121397858565,,0.0
GIT2,335608.96595569124,0.28469854454985377,0.12342134067044588,2.254422001715953,0.024169632449223457,0.06595083515138217,,0.0
LY9,16718.173908633802,-0.35229512043646166,0.16298660806182064,-2.2867387452401347,0.022211076746025387,0.06107433892457256,0.051770491032324596,0.0
FAM149B1P1,1551.617152269774,-1.3132527042534794,0.13053841387756251,-10.197697703761175,2.0302816762656896e-24,3.041154655018997e-23,4.7322640192585326e-24,1.0
LARS1,671335.3496200687,0.03705834994897949,0.16687558764052005,0.3412557376391594,0.732911066250308,0.8558187531433873,,0.0
SLMAP,441411.94343244657,-0.7948625805043218,0.6246656665279205,-1.8956164748500248,0.058010777162779546,0.1420509359292805,,0.0
PIGY,92867.29627033393,-0.10483379688094699,0.4795497976961676,-0.3035568808014771,0.761465506353137,0.8723449576686834,,0.0
ZDHHC21,139332.85654904606,-0.7716923526748296,0.4211310515515662,-2.2337467006735583,0.025499744307701612,0.06916406993301558,0.059435852620007314,0.0
KARS1P2,355.57376176346344,-0.10987405961637006,0.1237680846444641,-0.9102297466266899,0.3627013595731561,0.5758000673289273,,0.0
ST6GAL2,32591.26694171479,-0.32340112717754765,0.2609523465837094,-1.3712148569427332,0.1703079881442051,0.3400705543888291,,0.0
SNORD20,294.8203153007691,-0.22650843688427352,0.3671391645471359,-0.7414304361448918,0.4584324958450222,0.6559556194133593,,0.0
ZNF319,36612.217419348104,0.1654273829906814,0.7110051360858864,-1.5707497986927683,0.11624077696664685,0.25424574714458237,,0.0
TPST1,159210.73940866368,0.7083820607301663,0.28029121774678756,2.687693198169179,0.007194746806693018,0.022152714241842453,0.01676981171578728,1.0
LEF1-AS1,4494.946481370416,0.16135419394468378,0.6990199652196716,0.43319152151326584,0.6648756378675927,0.8096678910360235,,0.0
GABRA4,1657.2748985322191,0.13406698448261345,0.09961841053123126,1.3621367792025105,0.17315472307419844,0.3441018958940645,,0.0
OGFRP1,1820.370996075674,-0.09208561161514525,0.09953563429003166,-0.9391101276071064,0.3476742050262701,0.5590583283916942,,0.0
SLC34A1,584.9782909466894,1.679540667979984,0.1464720806861956,11.607631496588567,3.7691154254537495e-31,7.932636178127975e-30,8.785209225309954e-31,1.0
GON4L,437203.44249158184,0.4004719372289295,0.3401633832196355,1.4721862053300157,0.1409706014872914,0.29433292600192945,,0.0
PACRGL,58566.73210082159,0.11918795398785968,0.2586413047024773,0.482035198554054,0.6297809420859631,0.7885648697672107,,0.0
NKIRAS1,58982.33355120773,0.06499815055010347,0.13757531687245156,0.4180129188305914,0.6759376718058441,0.8181453790263407,,0.0
KCTD19,1456.8824952297225,-0.15719055447975536,0.7434738494997435,-1.4041069181080597,0.16028701385120625,0.325160901184738,,0.0
FGF11,47670.85966079133,0.08824287315701303,0.12132812147358582,0.6516960543947259,0.5145972684253023,0.7047806630712268,,0.0
MAST3,189474.74771419726,1.6163620334898354,0.3262032328708585,5.256269722829849,1.470066435769328e-07,8.156497643623368e-07,3.4264912998212187e-07,1.0
HNRNPA1P70,137.11945363808354,-0.7857033719823018,0.17648472357774497,-4.6054395682233915,4.1159550457424264e-06,1.9590060847483994e-05,9.593637274842627e-06,1.0
SYNGAP1,414042.0596675243,1.1545912801935874,0.1456094448984264,8.103550341753204,5.337812500661938e-16,5.400610294787372e-15,1.2441592875374646e-15,1.0
BYSL,293860.81929506623,1.4886252752665337,0.29851449258876345,5.238132570619519,1.6220953074476778e-07,8.970079150276073e-07,3.780846445583653e-07,1.0
MALSU1,143483.68154551185,0.8273337979321203,0.1514017378862109,5.552781112534806,2.8116005228202505e-08,1.6499133420973422e-07,6.553394115807201e-08,1.0
PURA,229962.02386234072,-0.8147770243729203,0.38354959757155116,-2.473278887034231,0.013387962165029604,0.038847676136804926,0.03120521274727461,1.0
WHRN,107574.45291123274,-0.07890232620038773,0.13652863673945015,-0.6607401633838773,0.5087789621061363,0.7000798518580434,,0.0
NUBP1,85922.50736739286,0.05909286208476449,0.4235649901730889,0.15772532942480774,0.8746732403241294,0.9354352750293219,,0.0
ACSM4,1235.7329607292934,0.0823577420330232,0.4430460936977807,0.23760427255558444,0.8121880363899732,0.9010662645714382,,0.0
FAN1,194088.60390296503,-0.5597423980754656,0.42105876103053197,-1.6439112788321923,0.10019453004894177,0.22522321581078034,,0.0
CFTR,4247.127141090561,-1.1062435411886415,0.27103347075619705,-4.352991651060056,1.3429226647307855e-05,6.0401246633698456e-05,3.1301393699425976e-05,1.0
TOX3,82582.91851049235,-0.07827889699057963,0.2136625955553627,-0.43209254718218093,0.6656741511797966,0.8103174054103032,,0.0
ADCY4,530967.116996472,-0.14710917270064577,0.15359336617688918,-1.0840503300892101,0.2783424838990326,0.48257640239429084,,0.0
NAV1,513079.86713978957,0.17074286219947307,0.5664278916259989,0.40069264208737276,0.688646428687706,0.8267071928506083,,0.0
CHCHD6,42302.58485777412,-0.49680463619975046,0.8130296321059071,-1.9457911142767816,0.05167983643340337,0.12863224756976846,0.12045748791112897,0.0
BRK1,1595418.1355921694,1.2970797722447827,0.14526009383165228,9.08221402564116,1.063883193164899e-19,1.2725777859727856e-18,2.4797426950965026e-19,1.0
MT1B,390.0870112022171,-0.18978859083662503,0.1965162690436366,-1.0191933404109976,0.30811118766076184,0.5163125368911856,,0.0
SEMA5A-AS1,182.15141978370127,-0.6679752428872934,0.845684422030955,-1.5617529638977805,0.11834619635057946,0.25789026972332474,,0.0
NRL,10054.622769981643,0.3852483300360579,0.375920957524985,1.2421902890417154,0.21416636174318493,0.40175322014855447,,0.0
CPPED1,150442.87246291043,-0.2678615021554109,0.36277842611919175,-0.9126591705623708,0.3614218238818988,0.5749721818168202,0.8424168493097716,0.0
IFNE,450.208696549093,0.14993286362403782,0.6055985475989117,0.39888364524032316,0.6899789404661492,0.8275201769486081,,0.0
KIF5A,9869.677220070884,-1.6110533699104652,0.47773371960172695,-3.845596414624348,0.00012025956493053237,0.0004880835719068311,0.00028030593919322217,1.0
RPL27P6,3744.472935971558,-1.7882288062319953,0.42228445182085045,-4.648592839150654,3.3420718975171028e-06,1.6059975553771974e-05,7.78983860972678e-06,1.0
SLC26A3,14811.995132219454,-0.8873378111009995,0.30030987859013664,-3.2447994913504346,0.001175333509063632,0.004154899747136355,0.0027395156743969143,1.0
LDB3,68134.65972943799,0.003762051839228774,0.27720301569467876,0.013237643677808745,0.989438196955597,0.9956259282659912,,0.0
RERG,304109.7023940873,-0.5773423119761704,0.23319256367813962,-2.7148355515729956,0.006630868786314512,0.020556105348748778,0.015455501638381676,1.0
SLC22A1,2763.5036681060365,0.26043424694073747,0.15279871736281478,1.759108346644294,0.07855910749698101,0.18225712939299593,,0.0
ACSF2,356731.24854428147,0.4433538812333852,0.1899301235932434,2.365142416794035,0.018023138672410594,0.05067610805974297,,0.0
C15orf62,13582.077382948914,0.49616895721581716,0.6296570953116132,1.2293900927847206,0.21892558299203935,0.4079196144804977,,0.0
SPCS1,513316.91119367274,0.11639750689324331,0.16519166794565313,0.5519563394768073,0.5809782668644683,0.7553444780891501,,0.0
KPNB1,885386.6414208483,-1.1231933489552781,0.19850118780541556,-6.052046524972881,1.4301714830691112e-09,9.3495351999328e-09,3.3335025035274423e-09,1.0
KRT8P15,227.19983930266335,-0.13816030839987678,0.3942129950072409,-0.43489945270438946,0.6636354118756248,0.8086889916169607,,0.0
SCARB2,1831813.3234350823,0.0037691838511742775,0.5783161093952196,0.1040116754695703,0.9171600831432036,0.9546733085806135,,0.0
ZNF620,18655.36659895071,-0.1050704863373194,0.27222952570870107,-0.4318038039950732,0.6658840145494886,0.8103174054103032,,0.0
SIGLEC17P,13887.402198499136,1.2283232361294996,0.18902915040365884,6.66989125067884,2.5599304402180038e-11,1.914382763989116e-10,5.966791138227758e-11,1.0
ETNPPL,1595.7080819756484,0.47619961829460905,0.3981474474509754,1.4478386301494497,0.14766218624276914,0.30567196068511737,,0.0
HRH1,50386.91335857446,-0.3567974942610019,0.19876069318260367,-1.9413636164237609,0.05221418817440949,0.12963881065901173,0.12170297692240864,0.0
CCDC192,2749.8002390313823,0.3226575673330056,0.824357138819268,1.0501303540597027,0.2936581847127008,0.500432875075829,,0.0
RPS4XP21,284.2196331096617,-1.0914491608288872,0.14719255125030029,-7.560926369695429,4.0020875536096735e-14,3.6295295849827365e-13,9.328230241778062e-14,1.0
NDUFV2-AS1,7600.864706520777,-0.2398748924350915,0.16350269326914726,-1.5253194114037316,0.12717944841541873,0.27273047665352906,,0.0
ART1,322.74207378404026,-0.20710920591080137,0.44456581572944065,-0.6095846276450979,0.5421369972633934,0.7272687007852747,,0.0
ATF7IP,1606730.0477775994,1.3367855478046906,0.6290543774152978,2.756582311824839,0.005840890973774937,0.018254614146108638,0.013614188867845508,1.0
WSB2,403462.1696340841,-0.05726583666189006,0.11632965515847649,-0.5597686966980326,0.5756372179491172,0.7514468576629668,,0.0
BCO1,1622.0820347128524,0.21730928722805293,0.485294896921551,0.6061793520601915,0.5443956623240221,0.728001491601132,,0.0
RPL17P26,509.61866867166316,-1.0565345180983563,0.1939403908017712,-5.636251681537186,1.7379133339955832e-08,1.0381690670622717e-07,4.0507998644719486e-08,1.0
CEP83,101972.94112197265,0.2712692285871039,0.7959083222999868,0.7417917396237269,0.45821352613522126,0.6559556194133593,,0.0
VANGL2,130258.37906326893,-0.22340335355530952,0.616866230413037,-0.5939754305929915,0.5525285461137963,0.7345448795350789,,0.0
ACTN1,2007703.8156557106,-0.2846265423733922,0.2039697733079621,-1.3063830114091444,0.1914223401791475,0.3720745095175185,,0.0
RNGTTP1,140.08061490052205,-1.2284764749884538,0.325250295399349,-4.102602457942147,4.08528847916115e-05,0.00017506373654687128,9.522158380399914e-05,1.0
LINC00958,6169.3522109052155,0.12292335448950488,0.282074793950288,0.4827287758583836,0.6292883284610129,0.7885648697672107,,0.0
NHP2,196462.1033425511,-1.0965613955745366,0.3922406075600709,-3.2315814086822683,0.0012310725088143183,0.004324358925328042,0.0028694344270868313,1.0
TMEM220,47577.435143294264,-0.1139850882688286,0.24006214060503578,-0.5239672988903943,0.6003012847013709,0.768813303160728,,0.0
ARPC1B,1361938.2176524128,0.9858004192481172,0.15514801951010915,6.520328311829687,7.01536660292524e-11,5.034913469840446e-10,1.6351704960463128e-10,1.0
FSCN2,2885.1467505610226,-1.7471558294882592,0.5771531426634589,-3.586988401822176,0.0003345191966872079,0.0012815528057417765,0.0007797110995681275,1.0
CCDC15,15006.480672042468,-0.42038761605377095,0.41560746818104466,-1.2613436876460775,0.20718504748030442,0.39189951339846735,,0.0
CEP120,141290.7654019189,0.07467763424145418,0.2821989938826758,0.28361795626026154,0.7767031748439992,0.8796909756211138,,0.0
LINC02207,2919.598351778855,1.7917991563572977,0.19734580603759083,9.252778695961505,2.1873097550030462e-20,2.687266270432314e-19,5.098271522408969e-20,1.0
LINC01303,2502.0839769903296,-0.18859982265138248,0.37538870985186495,-0.6096157495181836,0.542116376194004,0.7272687007852747,,0.0
IMPA2,168315.74724651026,-0.049426809607685245,0.21823506664314873,-0.23832768129711632,0.8116269532315077,0.9010662645714382,,0.0
ATP6V1G1,520810.8493557455,-0.2527012092308485,0.3640858793173969,-0.7153174960454051,0.47441287987865155,0.6713110481800607,,0.0
UGCG,442333.797805354,-0.26029708056047157,0.3554274738429993,-0.8487298063855918,0.3960316566708634,0.6046543934723804,,0.0
MTUS1,668193.372964308,-0.6046163718641201,0.7405818076977906,-1.541379313310345,0.12322449574312194,0.2662566268252077,,0.0
SNORA13,692.8087814735543,0.05553719488344976,0.24437248321448535,0.24355452640201844,0.8075758504613315,0.898794982157852,,0.0
MPP4,1680.8360351229662,0.7670047970309204,0.3468668501818626,2.5002705061692367,0.012409850830627246,0.03630518237135994,0.028925390627648925,1.0
SCARNA21,1394.2030825743302,0.08333288018431562,0.1611881273849136,0.5327757522553661,0.5941888207787075,0.7667355343167754,,0.0
RFXANK,140289.4821418249,-0.5895517221043817,0.8348440498061271,-1.4905480553670585,0.13608019080529318,0.28676298763700986,,0.0
SRP72P1,935.5270370470283,0.39659365155043025,0.24206018720825095,1.7655872332699925,0.07746512342692331,0.18022203155480107,,0.0
INTS1,943056.4932188764,0.9264686798909019,0.3199935293832424,3.264370583669563,0.0010970756922527376,0.003908723966397611,0.0025571091368956334,1.0
CLCA1,343.47169911340245,0.121504653873477,0.16143830358517205,0.7787737323106348,0.4361130137919149,0.6384889089504172,,0.0
CEACAM19,150409.46024301957,1.9512594899582403,0.44318876302587273,4.783619599539112,1.721663713737959e-06,8.41927314129896e-06,4.012924581366794e-06,1.0
CCT5P2,3446.357202899959,-0.037575179983624446,0.21321938503934634,-0.20394257146422343,0.8383983769158782,0.9156336111724378,,0.0
ZNF213-AS1,60560.388593789,-0.29009419709609086,0.12670937505644558,-2.3327916501616945,0.0196590831283367,0.054812468778168505,0.04582219936642217,1.0
LILRP1,272.64507357081743,-0.7296867644836297,0.20399461366496033,-3.7484084010519423,0.0001779603078993937,0.0007050564065148339,0.0004147972036458766,1.0
ROBO1,203615.0475144518,-0.10243544222936911,0.19509101237824766,-0.5811980418309478,0.5611069872651426,0.740423717586913,,0.0
ZZEF1,346589.91088980745,-0.01680936717574297,0.2982867830868497,-0.13142101158951355,0.895442267970884,0.9450837986963118,,0.0
SNRPEP11,522.3696381697742,-0.4868124493522352,0.5352527497856421,-1.27656855283676,0.20175461008313367,0.3852802431449735,,0.0
APC2,16162.86472871103,0.13164628944619097,0.1129580068250546,1.1693675510462842,0.2422555776034222,0.4365501521263981,,0.0
EGLN3,630975.4749022551,2.3163361549277113,0.3001652981174549,7.975156008599154,1.5218845956307232e-15,1.515201669262684e-14,3.5472711976663774e-15,1.0
LINC01482,512.1368050831373,-0.939313182355916,0.4271464632659032,-2.607670028507758,0.009116078396032767,0.027605611109558996,0.021248130392248335,1.0
DENND6A,207282.72583756823,-0.07862929509941216,0.1729968212479607,-0.5142865491941436,0.607051664430285,0.7730338785239371,,0.0
FCER1G,173396.94374754038,-0.40262328301883665,0.30010759406464094,-1.5559402198449814,0.11972230826543007,0.26020691661349243,0.2790536792654043,0.0
TMEM229B,68659.74717410604,0.17550835579094937,0.4445013055465438,0.5047206470439357,0.6137550572042609,0.7768105113765169,,0.0
LYRM1,225669.46648289132,0.7347864142793933,0.1290503766220991,5.744936592067429,9.195543823510363e-09,5.607258263040304e-08,2.1433351678350323e-08,1.0
RIMKLBP2,2447.2802178307097,-0.5346665206772111,0.1337637795275719,-4.084875734991633,4.410041127160429e-05,0.00018785042820048013,0.00010279105206671132,1.0
SLC14A2,4432.489842713601,-0.028662052944365836,0.7129568284475599,-0.09872769434871206,0.9213544793721787,0.9564378045862529,,0.0
SIAH1,289266.6551955115,0.0940389916568478,0.315176893761422,0.28967253583036734,0.7720667691259029,0.8772019683016373,,0.0
XPC,1157824.0377024375,2.385901136601174,0.16548723521680733,14.561243385060864,4.954831961440275e-48,2.4470001805608012e-46,1.1548926085824344e-47,1.0
PVALB,33943.042157550284,0.27015678325066456,0.1482071587845268,1.844252527063248,0.06514634649400708,0.15615087761273777,,0.0
CPS1,13551.708722809137,-0.1861970896670863,0.6653255713720582,1.3510439013233146,0.1766813700350588,0.3496113784689467,,0.0
CD58,75565.85880641578,0.11400224334841029,0.4999728576990128,0.310361238631674,0.756286266846401,0.8704097598130707,,0.0
ERICH6B,16381.88278597591,-1.1347484347684473,0.9018844072063362,-2.173498023892861,0.0297428543848829,0.07916614603617711,,0.0
SLC22A2,314.96820960700904,0.09250324514991629,0.20523908088181572,0.4758084840503016,0.6342108250470023,0.7900692448268036,,0.0
BBOX1,193283.4422492438,2.773339982204213,0.20121709177851635,13.886023175460645,7.699301095253987e-44,3.173893707696437e-42,1.7945847599592005e-43,1.0
CPA2,22322.960626155815,1.852759059937082,0.24261770617409797,7.846250873123691,4.286590263073686e-15,4.096075140270411e-14,9.991360856173619e-15,1.0
CCDC50,1011582.331167734,1.1526070150158134,0.16820056921859347,7.0257684917488685,2.128912007471127e-12,1.690925651793946e-11,4.962155651058869e-12,1.0
CIAO2A,156957.53443302074,0.03630089248620669,0.37036055596919015,0.06531953350573569,0.9479195900669078,0.9734072856260277,,0.0
FUCA1,209522.41986188182,0.16553015505667007,0.22928307877995116,0.7027024776659082,0.48224118328699295,0.6775118560844248,,0.0
RAD17,171065.59091768548,0.3420411330474818,0.33002341633832305,1.1539099031460869,0.24853710866444867,0.4443380279635376,,0.0
EXPH5,61319.22199760564,0.017808907672916617,0.12170600160359701,0.13615529391687156,0.891698516249031,0.9429281744859372,,0.0
EARS2,267697.99824104796,0.7089273643946808,0.20008015230020262,3.6031358957268647,0.000314401046417152,0.0012119261356481872,0.0007328188876302589,1.0
PTPRM,716923.1571049911,0.08721451242463442,0.178992355414967,0.39987481411870635,0.6892487235318243,0.8270321464942844,,0.0
PPP1R15B,437401.2328111792,-0.962206620534302,0.2861346348421984,-3.739151097425072,0.00018464272536310882,0.0007297923249692447,0.00043037285706130224,1.0
TP53I3,66114.18051048,-1.2429281353958208,0.1493881329051856,-8.487339873896902,2.1142075982778252e-17,2.258172912250491e-16,4.927882009443828e-17,1.0
ZNF20,35783.386910005764,-1.590162469000136,0.2678155306406065,-6.249671815429939,4.113160404063159e-10,2.8027929092168084e-09,9.587123409096747e-10,1.0
DPEP2,16617.462832284735,0.027453469490234823,0.14090020566778544,0.21308651265720746,0.831259484409678,0.9116803668063928,,0.0
TM9SF3,747179.4351331057,0.18132061001460556,0.7813722764637652,0.49683033476607996,0.6193087016586947,0.7812403535815,,0.0
FGD2,114358.99375869117,0.8971215315514967,0.323900954660021,3.030828370338376,0.002438838347821558,0.008147974332842553,0.005684544709782211,1.0
ARFGAP3,333441.1977952207,0.14336645226612052,0.2568180436708555,0.5763191601466686,0.5643994744394425,0.742411544964119,,0.0
SPATA3,452.2155895082701,-0.025823919935645995,0.13935877184485065,-0.19163365729036017,0.8480291763932131,0.9209600548333,,0.0
TMEM163,18522.026177740343,0.3150349561173562,0.5794104878096024,0.8218464281625687,0.4111643059020418,0.6168082880719953,,0.0
MPEG1,271517.10275750456,1.4631596377831673,0.23861970604556745,6.402546771435267,1.528062952678546e-10,1.0750321590917613e-09,3.5616719663367234e-10,1.0
GATAD2A,1768782.0599963933,3.1687923851237514,0.45292053865196896,6.592556150319392,4.323175922764946e-11,3.1526317986478875e-10,1.0076636216239042e-10,1.0
ST3GAL1P1,532.4220678977491,0.19610185708756653,0.3129277436867744,0.7126665246810188,0.476052135638414,0.6726233281809553,,0.0
PLCB4,214496.3139608344,0.6395074788744081,0.12450916619356113,5.278242216701589,1.3042898714704123e-07,7.252840444698347e-07,3.0400924667730914e-07,1.0
SIGLEC6,7658.457926237849,1.9908609426297526,0.23988210678422453,8.508362031922337,1.7640764539634722e-17,1.8923039467461933e-16,4.1117819403597195e-17,1.0
MCAM,2279265.991931827,-0.180725060867554,0.2797492664275512,-0.6616331366901647,0.5082063655238884,0.6994849203181996,,0.0
DNAJA2,447161.13472006784,0.08644642308340232,0.5717397534329063,0.4705080281864852,0.6379920998416875,0.7922092591511918,,0.0
MYCBP2,713544.4642096485,-0.220986803763959,0.2547993673298226,-0.7624353860321912,0.4458001933257413,0.6474977919353866,,0.0
CCDC24,58542.198940047834,0.5093164255070329,0.8171267763006355,2.640041169122536,0.00828959565438636,0.025274146163862567,0.019321730431812692,1.0
ST8SIA2,5339.763835486102,-1.5004594813331305,0.25335169243164285,-6.1800927638428025,6.40639468551054e-10,4.3124287032829386e-09,1.493228817351709e-09,1.0
SRGAP1,704576.1566293715,2.8180669595355043,0.13938282434371554,20.33851412211199,5.86815037214707e-92,1.3938254312509326e-89,1.36777261945185e-91,1.0
GABRG1,792.8100384734265,-0.23588808487164814,0.29657869698255007,-0.8978653901147572,0.36925731812811546,0.5804776245896754,,0.0
RSL24D1P6,1269.1115888640331,0.8899029055801364,0.22835277125765083,4.094299225630037,4.234471624550011e-05,0.0001809900982284101,9.869880590306288e-05,1.0
CCDC7,51512.490482065536,0.43360919559620725,0.4003122685767867,1.2962321104516932,0.19489552992249337,0.3772366718096224,,0.0
HACD4,154052.4548635385,1.3984527330205156,0.28842761952606766,5.092104486201153,3.5411085483513665e-07,1.9033458447388596e-06,8.253761420175989e-07,1.0
KCNC2,54209.06011183597,1.259127351855556,0.4491522339535552,3.213881428453013,0.0013095373834661654,0.004583840328932795,0.003052323583518333,1.0
RPUSD1,176265.51757902003,0.6408236656384741,0.3834532506297295,2.0165301704603684,0.04374456663620632,0.11087291584420586,,0.0
ARID3C,581.7259004199459,-1.6705222561448083,0.24009867241929203,-7.189815432869529,6.487896520017725e-13,5.393604640308069e-12,1.5122256000863745e-12,1.0
PPIB,2027421.6106031523,-0.1454908372568555,0.32602106782807844,-0.4380690705025568,0.6613362145678343,0.8077240544232022,,0.0
HOTAIRM1,83652.38952906891,0.9331681907774392,0.4243266789928984,2.586891815425388,0.009684599355049216,0.029153157261910374,0.022573262421955835,1.0
NEGR1,123255.88522600483,-0.32923002260882367,0.18410879668190142,-1.904501506407008,0.05684490066522379,0.13974261278879607,,0.0
SNHG20,60904.836961083834,0.6556567075831087,0.27090455535813784,2.629654540419476,0.008547167400283719,0.02602763796862954,0.0199220892488856,1.0
CHCHD2P2,39693.492000347964,0.000588970336266627,0.4746845719159579,-0.00614669856715403,0.9950956749958336,0.9965670153738131,,0.0
MIR658,311.3272844416398,-0.14228779691543547,0.26815046266610565,-0.5882248315538823,0.556381392123539,0.7369683015243904,,0.0
ZSWIM6,109947.27612809725,0.18792684757348135,0.7117279316688929,0.49507011108485094,0.6205506310496122,0.7820380363000166,,0.0
SFXN5,347107.9993373634,2.2813994199313825,0.2644966774913458,8.852931493399026,8.524999470754047e-19,9.77533272646464e-18,1.9870419327159435e-18,1.0
RPS5P2,254.10633292331212,-0.09662662300684427,0.19718776638916194,-0.5195595996690233,0.6033705626699235,0.7710087376888604,1.0,0.0
CERKL,36677.04212009726,-0.3415438931825692,0.3804852245684374,-1.0923112800658354,0.2746963039549818,0.47774935987707434,,0.0
CTRB1,17393.927828441734,0.3215274209164663,0.6435779838086285,0.8288753597120099,0.4071749395936327,0.6131062598960866,,0.0
RNU7-1,2539.814030994324,1.0591555417787633,0.1437976495318296,7.520044119170426,5.475776092365322e-14,4.894833539196814e-13,1.2763164088186088e-13,1.0
COPG1,1850399.2150853507,0.613576946350528,0.38840395371595565,2.040350449852653,0.041315433340117155,0.10546641837282722,,0.0
NDUFAF4P3,1326.433682717338,-0.11554895406326525,0.11963614939631637,-0.9905311106168035,0.32191459064976724,0.5313401648448177,,0.0
RNA5SP527,182.17207969729577,-0.028925942373914975,0.27938269287385514,-0.11748682113334073,0.9064742869287368,0.949485552016755,,0.0
LMTK2,292898.42315307085,1.0448799539289064,0.208504745425351,5.1792144986355435,2.228221445422035e-07,1.2160140667139072e-06,5.193630172787435e-07,1.0
HBEGF,181859.64830470792,0.02796403149834369,0.13746055334986867,0.11730081920202576,0.9066216758842836,0.949485552016755,,0.0
ITSN2,167575.8618795606,-0.6318283436221612,0.7211239517744147,-2.9372078763120117,0.003311820249594324,0.010832366822935402,0.007719326824755368,1.0
RPS3AP47,48426.693887388945,-0.1543335339717525,0.7079575429392461,-0.44434392118938226,0.6567939511865284,0.8045403311685667,,0.0
LZIC,118987.27228901903,0.22779443687569295,0.33077232211869867,0.7808727288474833,0.4348773530621518,0.6378030688250553,,0.0
DIS3L,213843.8584410552,0.31817875919339683,0.5030224983195002,0.8291045538700442,0.4070452471319502,0.6131062598960866,,0.0
IFNWP19,971.0421363587742,0.3067521401202406,0.2832370191688488,1.1992090218814733,0.23044668008849212,0.42213295640154197,,0.0
LINC01213,1071.0446034366632,0.4168025394039252,0.20185713919587966,2.176177560266244,0.029541986155912338,0.07878831740693208,,0.0
RNU6-312P,1312.8547709346312,0.00935236902443812,0.19736703842217665,0.05041282058066259,0.9597934200317765,0.9820409393063593,,0.0
SNORA77,120.10301008773342,0.028655098741713972,0.6234675672822195,0.07245404165524505,0.9422405787398664,0.9696505068608322,1.0,0.0
ANTXR1,883894.6500264857,-1.0609677099922759,0.226313902357407,-4.81165466719087,1.4968582958670096e-06,7.385093155078777e-06,3.4889388690582446e-06,1.0
PCDHGA2,1085707.1223369918,-0.7118603381130023,0.8167549158405822,-1.6998604004448312,0.089157187051793,0.20315945592249587,,0.0
RRP1B,159480.05133200443,-0.5684592102321248,0.5208445075409889,-3.0941921389559095,0.0019734963328990854,0.006691910066961685,0.0045999064058414195,1.0
LMOD2,5217.636390124435,2.1324690121626544,0.22561855094863928,9.647361299856081,5.043681099867977e-22,6.836380795147138e-21,1.1756019311281062e-21,1.0
ADAT2,145749.2751502961,1.6416590366991641,0.35885539716491416,4.927109647591057,8.34549273278278e-07,4.234722049961394e-06,1.9452017640710517e-06,1.0
LINC00974,406.90869875529296,0.19524432329154554,0.14050117428919096,1.4266762619077968,0.1536732310085432,0.31505223027974244,,0.0
TMC5,250301.60750982654,0.6548551831245744,0.16300671863593927,4.017628524397225,5.878677336297973e-05,0.00024745014813041594,0.0001370226287544593,1.0
TRMT1L,103322.64059119434,-0.5398631417872988,0.3434303742890696,-1.8287910019932452,0.06743092345697693,0.16031718122183078,0.15717076925392565,0.0
SNORD19C,1517.7545541820173,0.015896224814674786,0.2067169606139916,0.08220608191207342,0.934482837151084,0.9654516138586593,,0.0
RANBP2,647159.1952700766,-0.5707545163647858,0.37711597625965887,-1.8279185346959628,0.06756177891156928,0.16055176427389595,,0.0
PHF14,567895.1219928039,1.6875670880828624,0.1560530237945077,10.888226773197285,1.3116931819811996e-27,2.2956931900779732e-26,3.0573484073468335e-27,1.0
SNORC,71904.4644274507,0.2754804825177502,0.35494407323797145,0.9027088886323017,0.3666804177076006,0.5777510578421751,,0.0
RBMS2,376120.8759760783,-0.5846165279779734,0.2300656571131209,-2.672692180367144,0.007524526069142,0.023075429967735702,0.017538474781719764,1.0
PRXL2A,4523717.363768633,2.6170483515477323,0.14228969262248012,18.52216289243386,1.368280288928152e-76,1.6646297758960055e-74,3.189243963165244e-76,1.0
PIK3C2A,373991.03505223256,-0.13349319167949997,0.6248333157317473,-0.37310864351400375,0.7090675858498181,0.8405012163067711,,0.0
TSPOAP1,242009.83398428845,0.8815206139244863,0.19993302707649388,4.5113200299715075,6.442543226981616e-06,3.0316420392626695e-05,1.5016544680459952e-05,1.0
FAM184A,119412.87950476907,1.2176464688501183,0.3127167320055539,4.155547549423649,3.2450944475168677e-05,0.00014063015729117408,7.563799581408475e-05,1.0
TMEM161B,93767.80333278797,0.28960636531510225,0.20239573148664664,1.5374974226636546,0.12417154571182933,0.2677474208676813,,0.0
MIR936,546.4697864183,-0.20141136243941443,0.12064243238364122,-1.7048081518728762,0.08823021067218498,0.2012310429048279,,0.0
ZHX3,417115.1678727191,0.7674025695502539,0.16454206545396044,4.669696351695875,3.0164526496328928e-06,1.4523229552479604e-05,7.030871876807883e-06,1.0
THY1-AS1,195317.49304426071,-0.16312178277926226,0.4641714808563821,-0.4669424617131206,0.6405410447094508,0.7941881011709523,,0.0
RBM42,502595.61961946,0.2359627750791712,0.4265743453078734,0.6452001706165795,0.5187974756469389,0.7083935966402768,,0.0
FKBP15,450119.3329796277,0.4073239300082301,0.2742732230456725,1.6427187907775012,0.10044112911463893,0.22557422423404727,,0.0
KIAA1586,70382.07595977049,0.5400691496112324,0.7573835569662914,1.287498298709356,0.19792066220480053,0.38125309689176107,,0.0
SLC40A1,1126395.2444376007,-0.21166098308662243,0.39339120820493023,-0.40981913756216476,0.6819386265144161,0.8214223301265171,,0.0
CDH11,802007.7706675298,0.029170009664305295,0.6580618218065979,0.0219158664813472,0.9825150681930745,0.9922626361909407,,0.0
RPL7AP60,2254.0709835653106,-0.1596166264863487,0.2735477626021491,-0.6500349106731548,0.515669671502615,0.7054745807611201,,0.0
MYPN,2070.8227010377905,0.029700685338201437,0.14434081301598903,0.20811812775753444,0.8351367331447377,0.9143244128459069,,0.0
SLC25A27,327820.2458044877,2.4939278837488454,0.2150920012342511,11.726491037122688,9.324456316060105e-32,2.0579817745357436e-30,2.173382621705972e-31,1.0
SPATS1,611.363995088112,1.4039732539526661,0.5262628155972556,3.1819554847746967,0.0014628430056346034,0.005056591068680112,0.003409654631824954,1.0
MIR4680,21776.890346275264,0.2974591741492534,0.2475450805772677,1.2865984451304888,0.19823428594055825,0.3814786335924015,,0.0
PSMA1,602104.033177961,0.3039252745271355,0.2240227414578791,1.4710614542053977,0.1412744980618441,0.2948440152018738,,0.0
APBB1,197031.91924741617,-0.24932617852844804,0.22242786533342404,-1.202966706625814,0.2289892045043993,0.420597633142293,,0.0
IRX1,140829.35626849422,0.3412979028099106,0.5399172351727445,0.8443356347238803,0.39848187867988527,0.6058530136940478,,0.0
KLRA1P,48131.52435142842,1.7153444176288717,0.1780067775651927,9.828728661902407,8.468100507950831e-23,1.1864855430803018e-21,1.9737796884887263e-22,1.0
DOHH,73736.25565308321,-0.017813821674877037,0.25161085135392486,-0.07449283468301164,0.9406182424221529,0.968681636912518,,0.0
KPTN,44055.788502350835,-0.7491021468454601,0.3479900128916246,-2.4744522666985524,0.013344065122008723,0.03876540292870094,0.03110289571428949,1.0
PDE9A-AS1,6830.884718173285,1.9170678935115983,0.4799846179395039,4.428170528385134,9.503575203762274e-06,4.4014701129402247e-05,2.2151323886152444e-05,1.0
IGIP,94256.0881011331,0.6379624734694017,0.4032833106458826,1.8823797571025302,0.0597844723935233,0.14525326268820957,,0.0
TFF1,208654.81705224206,-1.1582703081628438,0.2328581789535179,-5.130049164613217,2.8966651349005454e-07,1.5704962709656435e-06,6.751666211628e-07,1.0
NLRP3,18700.188679517225,-0.059921867742900675,0.2953215664121415,-0.2389531148441706,0.8111419385814767,0.9010662645714382,1.0,0.0
NEK5,20660.086421416425,0.13867608331620598,0.14761235890254604,0.9150984756551217,0.3601399351584914,0.5737393792943326,,0.0
HSP90AB4P,671.1371383444405,-0.21140718466916375,0.39527464648597505,-0.6625888803781277,0.5075938937239466,0.6990277034497641,,0.0
PLA2G7,27076.316869312257,-1.5442537004861339,0.13307824265391602,-11.742447988216574,7.721846642022411e-32,1.7118476022403463e-30,1.7998397687106441e-31,1.0
ANG,201168.69142909616,0.1927623974458205,0.2956460894154161,0.7041803840640185,0.48132044535598706,0.6769087450509002,,0.0
NPAS2-AS1,1617.0142616425176,-0.15465017996719746,0.20862740464519497,-0.7896768496868386,0.4297165146409676,0.6330259819932506,,0.0
ZSCAN12,39118.33671105231,-0.5533899090522107,0.4323937067342205,-1.6189053621142182,0.10546762699254054,0.23527393713720585,0.24582828198074405,0.0
LINC00472,58831.21777811528,1.4681178809299118,0.12924644546482614,11.428818460674865,3.0016525759158146e-30,6.037194777688744e-29,6.996375256386955e-30,1.0
SYPL1,463146.5581670913,-1.4786787897131122,0.17288389914589394,-8.878257293472723,6.791599655942201e-19,7.823671843842886e-18,1.5830139758803597e-18,1.0
TMEM25,202945.26191817812,-0.10158633888721755,0.23158291870718678,-0.5209534407500809,0.6023992059761996,0.7704531383100727,,0.0
NME2P1,50656.311822052834,-1.905882066746435,0.19638853929559918,-9.889628665695438,4.6173743072614806e-23,6.543029274039848e-22,1.0762365908701058e-22,1.0
DSCAML1,14513.110591694078,-0.3724018350962632,0.6865174880950312,-0.9746257058310556,0.3297459577630283,0.5403327323659609,,0.0
MTOR,462745.5011663364,0.2890148633805268,0.26688685804320206,1.1654965959998942,0.24381803730201035,0.4383583669755305,,0.0
ERI3,266378.67905355466,-0.07678391088535594,0.2988770775544903,-0.19801872084581287,0.8430304166292633,0.9177293143052739,,0.0
LY75-CD302,129880.05832339637,-0.08280644665504716,0.42479313986200856,-0.2729227075486554,0.7849126308278584,0.8839900661119094,,0.0
ZNF687,268335.91110950767,-0.3217507634073332,0.13535559619047477,-2.514376789821102,0.011924296024518881,0.03498728739429422,0.027793639518831858,1.0
TMPRSS11D,540.217679019621,-0.3870357165425062,0.44099705752756124,-1.1239899413534293,0.26101729314958366,0.46021712910219986,,0.0
IFI16,641927.3262819514,-0.28380092027923387,0.3408514384698001,-1.0113379739215027,0.3118546969218624,0.5201894269339495,0.7268837515169391,0.0
DNAH7,13670.526261711499,-0.01657253094925435,0.16746772657411033,-0.14307620943819926,0.8862299937337351,0.9407983117699169,,0.0
SCN11A,7669.304535157755,-0.0680391240509272,0.39221318751373707,-0.22044751303115312,0.825522645358441,0.909186786276861,,0.0
MDM4,320752.5914761495,-0.3826369691538151,0.41819576235931943,-1.1632209785677492,0.2447398570696424,0.4393018033682911,0.5704497229268113,0.0
MRGPRF,255676.90387691642,0.6194241986999373,0.22755747157998885,2.8483049524204187,0.0043952786006571124,0.0140897491388674,0.010244696102840034,1.0
KCNJ10,5665.347529340838,-0.5057278279570104,0.729979112096941,-1.258427127384685,0.20823732635027348,0.3931445056151264,,0.0
LIX1-AS1,3624.5390200207657,0.12318774253808158,0.5922439199943136,-1.0475304994881773,0.2948549730136363,0.5017866275646597,0.6872600959775784,0.0
ENTPD8,13462.19736078266,0.07641105383973244,0.4754753155088553,0.2114667696898761,0.8325230598219558,0.9126648400861352,,0.0
LRRC71,2382.7453110913384,-0.23759904258978284,0.18142017467234428,-1.376379594084599,0.16870414224144614,0.3374082844828923,0.39322255210295953,0.0
MAILR,13041.328510700263,-0.003444636006578729,0.2451957172127809,-0.0333832070167375,0.9733690010582406,0.9888667226952144,1.0,0.0
SLCO1A2,7841.751705781629,0.90987126039521,0.834466050097404,1.8881096873730547,0.05901122661627284,0.14389909323010408,,0.0
OPN4,5431.010874260728,0.14315798355198892,0.12299895399312896,1.1836130917789582,0.23656625560781708,0.4298697570024742,,0.0
AOX1,882966.0572396092,-0.11444699472245855,0.42268576386658097,-0.29234593804563985,0.7700221386312088,0.8766301973981125,,0.0
PBLD,57346.34895949323,0.11476013631859991,0.24521746488585466,0.4937321781246364,0.6214953367776211,0.7828330151128218,,0.0
WDR4,194461.88719106023,3.0354575882340815,0.22037268882243383,13.930583314572582,4.1296888957299237e-44,1.7605887360599024e-42,9.625648697149933e-44,1.0
SNORD13E,197.6328312410333,0.12248407289636598,0.18224575766279477,0.7019847514908175,0.48268867297083273,0.6775118560844248,,0.0
CWF19L2,89533.10694009162,-0.17580771407015328,0.623048797910713,-0.47973002255856634,0.6314193769941507,0.7890482788587254,,0.0
CRPPA-AS1,625.9551968554842,0.4862964161777911,0.20199007723313409,2.534041860258239,0.011275526125922516,0.03337823401549051,,0.0
HNRNPCP4,14171.890963390248,-0.03377010808617363,0.4295320179579959,-0.10728515144714144,0.9145627639783719,0.9533623963895755,,0.0
C6orf163,8702.358727118728,1.2845486143443636,0.11401497932108352,11.34791044035593,7.595621280518531e-30,1.485763095969664e-28,1.7704186423937584e-29,1.0
FNDC3B,1071563.1999771763,1.1737685636961601,0.6602533415699595,2.4414381938361323,0.014628892174226844,0.0421541965136011,,0.0
CLCA3P,259.35366876467,-0.1639412336343772,0.22226322501900608,-0.7909922165337191,0.42894853351299045,0.6326420121711402,,0.0
DNMBP-AS1,10675.540670709015,-0.12268404956426075,0.21218089168347146,-0.596650851699803,0.5507405126758973,0.733732285584235,,0.0
SLC26A7,14399.363257653944,0.1823130005366011,0.2682186919892493,0.7703556304514849,0.44108896531750574,0.6431035243381005,1.0,0.0
PRPF39,333927.9390415455,0.1465775178915676,0.16938140724957193,0.8905273451231681,0.37318279202890503,0.5838882580427159,,0.0
SEL1L2,1424.7707926096123,-1.1146216391707997,0.23140921306542306,-5.047420754296038,4.478144178064833e-07,2.3712296348394253e-06,1.0437842598218405e-06,1.0
BPGM,95297.94870648182,-1.0441131377003625,0.14811165723094438,-7.26127799070105,3.834499618755241e-13,3.2083819304777544e-12,8.93760939175287e-13,1.0
TNS3,1242070.6756632968,1.0311824457242984,0.5194135654463932,2.5179984509406426,0.011802384013564789,0.034670371884370534,,0.0
EFCAB6,14172.81410215019,0.0684476615093375,0.09198352463466446,0.7602341328171398,0.44711464565064607,0.6479524412724582,,0.0
OBI1,129389.71017365977,0.33280318967153705,0.3267718762360288,1.1209057843142565,0.26232796847895923,0.46202502163794895,,0.0
MAPKAPK2,921233.4381963996,-0.48078453350677175,0.46319627610548536,-1.342366629152979,0.17947714930794945,0.3546878053676909,0.41833271997572513,0.0
PLEKHM2,517568.38219639036,0.26384277482062796,0.20882122200044473,1.2323998988909675,0.21779973867686142,0.4068858039401441,,0.0
CLDN1,105159.63940563444,-0.126428703909016,0.5970264123097693,-0.35248832353353254,0.7244720737552451,0.8512102477288559,,0.0
RNF185,309015.7662149415,-0.14509996737374323,0.3142705508018658,-0.5694549610689756,0.569047427409985,0.7461641871506324,,0.0
WFDC3,2716.054444607589,-1.2407469761753631,0.3217964641067396,-4.179416873793146,2.922575212564714e-05,0.00012709507550368607,6.812058486108781e-05,1.0
ANO5,9234.560117877621,-2.1781599524031194,0.1752197137258675,-12.59012929318102,2.3928111937563174e-36,6.743131205907633e-35,5.5772627263815474e-36,1.0
DCLRE1C,92978.51635031633,0.13954313411313374,0.6672028584747055,0.3591565288802939,0.7194779948587312,0.8472040222746343,,0.0
OR51B5,386.74186117790697,-0.3482762243970618,0.2468411220213551,-1.5309039210601685,0.1257931400218676,0.2702223007877156,,0.0
TTLL9,13599.92648606031,0.5235807079294004,0.150300789836043,3.571453564092551,0.0003550054964863445,0.0013517308522701423,0.0008274614095672366,1.0
RBMS3,242611.20273004827,-0.39047927502162233,0.3347396534759318,-1.318256383524297,0.18741783648717403,0.36631668040674925,,0.0
RPS27A,2673787.886804135,1.5379604165733574,0.2525310231753862,6.397246229328986,1.5820410223234065e-10,1.1114395238519931e-09,3.6874862707239025e-10,1.0
PRL,2536.7828450475763,-0.40503854523069144,0.4512677391026355,-1.1594957902919194,0.2462541514801978,0.4415225404684495,,0.0
PAM16,82227.3678909882,-0.6140068703221921,0.1834931758881118,-3.5050789164213874,0.00045647195511877206,0.0017249106910094205,0.0010639636038002032,1.0
SURF1,251429.3431139173,-0.26337795604333963,0.3137012398523111,-0.9227397709104388,0.3561428346871439,0.5686429127463104,,0.0
PROSER2-AS1,8653.673061849327,0.7945146885829274,0.10797204949558077,7.4518055320153245,9.207137483472434e-14,8.113993245152033e-13,2.146037465773855e-13,1.0
PVRIG,40407.41887307795,0.7386854551710567,0.16167024438172717,4.701513480502203,2.5824021175061598e-06,1.2505846370990996e-05,6.019169047719965e-06,1.0
SLC2A4,101131.94840864996,-0.007153806570896822,0.13476711728378815,-0.08754800825157798,0.9302359268261837,0.9624594073862278,,0.0
FLOT1,2624190.216174568,3.9970304051300922,0.9304376157421731,4.044722657615648,5.238510123474329e-05,0.0002214380381007623,0.0001221013481116353,1.0
HYDIN,17186.03651693807,0.1548986262947434,0.28363410207247214,0.6022520559317524,0.5470063694441878,0.7302677441155568,,0.0
CTDSP1,756705.8372304022,0.11391737481689765,0.28398572764841123,0.3751120951736171,0.7075771020842674,0.8395324893426084,,0.0
ACAA1,445987.2815694233,0.21849010316614162,0.26528670046396075,0.8606356628796294,0.38943873770918136,0.5997284420171031,,0.0
SCRN3,101042.34643414318,-0.23560138768638522,0.26065346691892954,-1.0096782002499065,0.31264949006412956,0.5210476633611354,,0.0
H2AC14,5611.763003303875,2.1756960238428245,0.28773645638953715,7.803824462257276,6.005871706048126e-15,5.6630034158351704e-14,1.3998732742882269e-14,1.0
EPHA4,107081.67833537313,0.0991348080033302,0.20586949345470537,0.5054486827305571,0.6132437332050418,0.7764991603446355,,0.0
TENM3,90061.03940702479,-0.0454657802143602,0.09156568442406862,-0.5127932996412701,0.6080959172296798,0.7731798415634382,,0.0
SPAG1,81994.54221890277,-0.6976488860729122,0.15154440567427566,-4.77338951013977,1.8115095114099413e-06,8.841300824767893e-06,4.222340861174199e-06,1.0
TM7SF3,430156.93037881266,0.6367107752218383,0.4456680564538766,1.7227843102793796,0.08492753709815926,0.19476715174511192,,0.0
TUBA4A,226593.50232934504,0.09673627923834269,0.1437591515299469,0.5788085310531904,0.5627183741588258,0.7415691546378396,,0.0
TTC21B-AS1,2487.9381371681857,0.17026697825847453,0.7557739372557746,-1.0055446400502874,0.31463466559854736,0.5233070063372972,,0.0
PIK3C3,233039.5421298975,0.17239401141226543,0.13841394101926405,1.2114024091411286,0.2257412165192827,0.41657313651431077,,0.0
EEF2,11767258.751742937,1.9143148779175372,0.9495289283564988,0.822817600809604,0.4106117260677411,0.6163500721113129,,0.0
ANGPTL1,125865.48312241284,0.15041669842438304,0.5203920546505655,0.40349523127787834,0.6865839421607239,0.8248267590312357,,0.0
AFAP1,319991.44066130056,0.1459696536262324,0.24026712200402178,0.7656996716633341,0.4438550224811202,0.6458427223266708,,0.0
NPY,3209.2837099622893,-0.32525063631291995,0.7150871855132883,-0.876209426612742,0.38091619282821043,0.5917190812292474,,0.0
KIN,71289.94756501856,-0.8837547406316003,0.30515257429400805,-3.1876807274310015,0.001434187999473204,0.004971320181634706,0.0033428643651272623,1.0
FGF5,2152.7026968211417,-0.5149385118209712,0.31459458442700067,-1.8531909958912869,0.0638549877901429,0.1536462513734842,,0.0
CT75,1865.232164634938,0.25671140764762673,0.1943052007385116,1.3777220650961401,0.1682891161229948,0.3369835853960249,,0.0
SLC7A7,173179.08033540833,1.537719050329125,0.14730701148331535,10.590455352984225,3.2998272380541925e-26,5.378934073011212e-25,7.691373020287061e-26,1.0
SLC9A4,366.936328646312,-0.04043405293277231,0.5346468875076523,-0.11720463730619576,0.9066978922103633,0.949485552016755,,0.0
ACE,177798.3155311541,-0.7634079052026828,0.23323291169629842,-3.4903106804280295,0.000482459313858368,0.001816231741528709,0.0011245360081895044,1.0
SNORD19B,1692.8253377093868,-0.14983967318960534,0.3389823499026469,-0.5194429211064211,0.6034519069641762,0.7710087376888604,,0.0
FUNDC2P2,1857.698952756185,-1.2993025982561484,0.1402029203945964,-9.407344386264228,5.0882997677081385e-21,6.541350319929948e-20,1.186001833706925e-20,1.0
ZNF451-AS1,64812.99898340076,2.810025980796345,0.6265914792854501,4.922516476191505,8.543836875083738e-07,4.326564297758141e-06,1.991432632379331e-06,1.0
ARF1P2,335.12755123393043,-0.05624104866939711,0.3632641057822121,-0.18892804948158107,0.8501492091441409,0.9223452710139628,,0.0
RPL12P19,9106.556527262412,2.498555358187126,0.11936509060980109,21.037822910125797,2.956430558403788e-98,8.674515073716527e-96,6.890969918372942e-98,1.0
SALL2,90009.36273537877,0.19038194377198872,0.4538298689638546,0.5985068368122154,0.5495017984456868,0.7328649654136593,,0.0
EXOSC1,111602.00100505658,-0.17584355959932332,0.27436575089818754,-0.7523271890966587,0.45185432098560874,0.6510252319688666,,0.0
TEX26-AS1,9243.353326460547,0.31047907046281836,0.5921498980053432,0.8122566662994936,0.4166443700949688,0.6229682608014702,,0.0
MPPED2,17488.507523755023,-1.5536097122022843,0.5661454970138673,-3.3160746044813303,0.0009129145454986694,0.003280704432959195,0.0021278587630595156,1.0
PCIF1,229494.89415996405,0.1600493143273027,0.5513899943338967,0.40448352026676365,0.6858571939631755,0.824350767105619,,0.0
RN7SL403P,615.3587422325643,2.1217162522632385,0.22518594844289597,9.617024714172722,6.77628518456858e-22,9.110541913915923e-21,1.5794444159171997e-21,1.0
DHRS3,620143.5636195288,0.007101970718611921,0.09598812048624965,-0.05426302236693489,0.9567256100031848,0.9795047911937367,,0.0
GIMAP3P,140.48446506430375,-1.1614037798056835,0.15744403505879911,-7.531944963121197,4.999003002184589e-14,4.492797653134546e-13,1.1651881763970434e-13,1.0
CDCA2,32043.48498296817,0.16578015227767343,0.22713361350670017,0.7675545045315764,0.4427519001561617,0.6445626150122314,,0.0
SLC6A2,8171.861752709185,-0.4964179779059589,0.31180756957835826,-1.794698756269104,0.07270170882559422,0.17081305870092509,,0.0
MIR6797,1123.4261919832657,-0.759744510027143,0.3595855632618419,-2.426633708414005,0.015239633553724813,0.04366185649970096,0.03552116456354176,1.0
RPA2,243615.4465604714,0.05543123060039514,0.2114319718129369,0.2017293560832649,0.8401283115416425,0.9157692346961784,,0.0
PPP2R3C,94394.15203433989,-1.9555019470598165,0.4660102904710125,-4.64262680088606,3.4400738624721507e-06,1.6483274184448693e-05,8.018265619631349e-06,1.0
TSPAN3,966903.947251891,0.3668240153323558,0.13148326483527112,2.608140627039164,0.009103554619537692,0.02758719953964399,0.021218939458997197,1.0
BCCIP,394205.27681495424,-0.1110541593742197,0.2389092072386477,-0.5499016096049116,0.5823868601653532,0.7564962652356204,,0.0
LINC01588,14294.855025564562,-0.626475789372173,0.2910752780133815,-2.388959894943929,0.016896146659859772,0.04796697754091095,0.039382233429617074,1.0
POLN,31358.320530816458,0.0017998404652859689,0.6459301339515128,-0.007273229059611297,0.994196853990468,0.9965670153738131,,0.0
RN7SL113P,2009.4155886518615,2.34072294430476,0.19932645895306253,11.906889414818577,1.0896684298614204e-32,2.588221965785126e-31,2.539843985116245e-32,1.0
LLPHP3,16324.34399427973,0.26607468763583814,0.14110449593902996,1.941819096740608,0.05215900419534072,0.1295662912979878,,0.0
IRF9,342020.4687922589,0.3574571070849189,0.5714978233427579,1.0156101253430494,0.30981508125910884,0.5183224424542567,,0.0
TEX35,1081.2301067168291,-0.5279895320356621,0.17393308827171322,-3.1536835266838197,0.0016122381879821385,0.005527040605948389,0.0037578710661938814,1.0
TEX48,176.93878589801832,0.036500799887747015,0.12389143416105171,0.3042235293030312,0.7609576000819498,0.8719633607187607,,0.0
FBXW7-AS1,2745.8413961300666,-0.11715434169403374,0.7130899588042248,-0.3434680013967085,0.7312464094796448,0.8552068207466514,,0.0
TICAM1,143168.9712662901,-0.04518147703676074,0.4344084214892022,-0.171215275165735,0.8640544969982502,0.9290756918611787,,0.0
SNORD93,184.59072103821538,-0.8907863986748428,0.3038620863818231,-3.2143335017927845,0.0013074771696927256,0.004579842782603451,0.003047521552536129,1.0
ZNF784,33027.69185683697,-0.9954492660684465,0.2467375832867615,-4.315451600674335,1.5927694786973297e-05,7.131718276249803e-05,3.7124925980104116e-05,1.0
OSBPL9,683423.4990746282,0.05016224286645115,0.10564346496482831,0.4055056871784137,0.6851058388659726,0.8238447261965939,,0.0
KNOP1P4,181.1385307490751,-0.6077142370445915,0.12417306635835124,-4.980327468648068,6.347677105691568e-07,3.263452067258098e-06,1.4795426823920348e-06,1.0
TRIM29,366423.45360176667,0.270026908126877,0.19179392980101811,1.3664116093045195,0.17180980698492299,0.342247331166452,,0.0
CUL7,932589.8305634059,1.8960891682939083,0.373611214821701,5.386417121567027,7.187604894832782e-08,4.08800150689007e-07,1.6753165053937345e-07,1.0
AGPS,270909.0604507957,-0.12778411940689055,0.21559693674222427,-0.7391914941615059,0.4597907250767037,0.6573333725086266,,0.0
MMADHC-DT,12803.49382931475,-0.31687138390005964,0.19488955377819103,-1.7144911554131128,0.0864385600564905,0.19741553917663673,,0.0
TBC1D22B,260443.51704160677,1.832250305611645,0.1695100907318291,10.949206010815965,6.703260422378537e-28,1.1814792574849521e-26,1.5624235040572028e-27,1.0
ANKRD46,120195.70139009747,-0.4374034942794299,0.13125131475932417,-3.4327119523247327,0.0005975765996259387,0.0022194430967492048,0.0013928561116514871,1.0
TESC,24364.438489059285,-0.2155538069454679,0.1788878144324749,-1.295870614373066,0.1950200647328506,0.37733129669800575,,0.0
CHRNA10,4822.30792047771,-0.21074147918322209,0.4393186855187797,-0.6236355676961812,0.5328669466113869,0.7195290551428256,,0.0
HMBS,101265.5783278975,-0.132593234039914,0.5172091319627887,-1.6868560824636547,0.09163102852233647,0.2080362176920411,,0.0
EYS,41937.37973669036,1.7583392881612334,0.1936904405839031,9.262685177765858,1.9935448073679266e-20,2.4613370047404003e-19,4.646636214556644e-20,1.0
CALM2,8846506.601811992,2.7688523262443865,0.14629260713159448,17.538433805881763,7.290923292566842e-69,7.130808898690863e-67,1.6993983823982902e-68,1.0
C11orf54,140791.35046897005,-0.13756659677965996,0.18870750109049872,-0.7917514857893136,0.4285055952496566,0.6321756607823978,,0.0
RCVRN,1365.537966013221,0.3510518069099296,0.14224830266554273,2.532457772387004,0.011326601166895768,0.03345002168175021,0.02640050776657761,1.0
HAS1,10471.692869829358,-0.625677834403739,0.7308246364432194,-1.482189330948633,0.1382899246051615,0.2901935817966116,0.3223318429581989,0.0
RN7SL689P,2125.9007792596585,0.267320580551836,0.30792819833117274,0.9810191252271159,0.32658331031606713,0.5369141568413127,,0.0
STX8,115358.40751501308,-0.0445300414573302,0.3906552340052796,-0.1480987874900178,0.8822648063370009,0.9387237316572015,,0.0
NOP16,643023.1175402354,2.106149946684459,0.2631643094654917,8.20435488158805,2.3183235986648577e-16,2.3793823271893643e-15,5.40364397670108e-16,1.0
UBE2G2,1984031.5445384397,2.5299465115874997,0.12677467635402476,19.968782762389313,1.029313260020044e-88,2.053685816391992e-86,2.399165673355131e-88,1.0
OLFM4,141950.14605262555,-0.4297999050539569,0.6974569531087539,-2.237883904931454,0.025228626889689024,0.0685405179334253,0.05880392099334993,0.0
SNORD69,1140.6457607351156,0.037968254010799556,0.15345538997738284,0.25193162128265917,0.8010939174574384,0.8937612810570563,,0.0
KCNQ3,59112.759398304785,0.4502469263136292,0.1465807635937182,3.1561248041518852,0.0015988043404415587,0.005488531349017546,0.0037265589019263995,1.0
CCDC184,24345.148127424633,2.334493707574508,0.9081690022465372,3.3080609621894497,0.000939443572129022,0.0033736101783870135,0.0021896937092427855,1.0
TTC13,117470.97071398539,-0.17511131360716053,0.18647938059520844,-1.0046484811956986,0.31506614371316954,0.5238499749470966,0.7343691237576121,0.0
MROH2A,852.9203837862622,0.7128956962333661,0.4088518703494113,2.0840078673017217,0.03715945164917613,0.09638655477175796,,0.0
MINDY2,172332.67568532043,0.321024928157378,0.2926779071514659,1.1517105887740657,0.24944001960625473,0.4455184226113376,,0.0
PPP1R18,313600.1575185197,-1.13064986843985,0.28303510616622474,-4.215251688770769,2.4949977792644406e-05,0.0001094551356461832,5.8154434219490794e-05,1.0
LINC01902,759.7782088029278,-0.0839504554997153,0.3371629457437792,-0.2944720447218007,0.76839722199657,0.8762609381158873,,0.0
HESX1,5291.59616530417,0.02517417334978558,0.18015363555899913,0.142742660973918,0.8864934230979266,0.9408147222154165,,0.0
CTHRC1,422597.74232306407,-0.3113839951209663,0.5041410540729115,-0.8503192052364273,0.3951476418593858,0.6042294413226904,,0.0
MEF2C,283736.37104533287,0.3917705652607515,0.2169826203542463,1.8377833981535177,0.06609432894223355,0.1578164254494308,,0.0
RPS24,14359477.66249339,3.176479584474302,0.332862586102792,7.148636908320782,8.764381148357187e-13,7.1784455119877904e-12,2.0428379985049367e-12,1.0
FAM13A-AS1,116976.46516633223,0.17305628694750527,0.2323282638935724,0.7802159335996391,0.4352637851865754,0.6381821753411634,,0.0
TBC1D4,366281.8835406414,0.3423461026967432,0.34659127171650844,1.1558806632208414,0.24772997303863142,0.4435309065027615,,0.0
SDC1,1264803.3315569018,-0.18749881733521462,0.1877068917093702,-0.6857211938736282,0.49288893933629696,0.6872131579016926,1.0,0.0
PIGN,194302.98834402268,-0.038506742492297845,0.32015291414744396,-0.17075316198516416,0.864417859396263,0.9290756918611787,,0.0
TOMM22P5,549.8625946132231,0.19376687617513036,0.35889960689318223,0.6387754676980408,0.5229690097046561,0.7123346314600831,,0.0
KCTD5,272515.2399916703,0.8751230165397033,0.22628934123683384,4.072109000659816,4.658936643268423e-05,0.00019794528089116603,0.00010859241110571446,1.0
TULP2,602.500253636854,-1.5673862842954012,0.15802147598234947,-10.073235009358278,7.255166525494286e-24,1.055066199101035e-22,1.6910640480918458e-23,1.0
MMP25-AS1,71850.07041124077,-0.44356614760038154,0.20340430035929352,-2.325780713990551,0.020030252012042348,0.055722753505893605,0.046687335063582816,1.0
ZEB2-AS1,8458.351130291416,0.3922334929544814,0.39142841098280845,1.20981174532696,0.2263511382569252,0.4170814472203705,,0.0
PHLDA1,346363.7881754188,-0.7388321698001611,0.09493008268027797,-7.820726601314716,5.2519298843585316e-15,4.961482246814461e-14,1.2241414141673065e-14,1.0
MGST3,671295.9147093415,-0.12405668037645207,0.2986596134966686,-0.5240360489863264,0.6002534669039115,0.768813303160728,1.0,0.0
MAP4K2,279838.17634912196,1.4000342931149463,0.16001169039726085,8.94558212767187,3.6999442168403467e-19,4.291935291534802e-18,8.623982127850304e-19,1.0
DPYSL2,775482.7393285247,-0.1459703038690023,0.41472385457312494,-0.44613684181075347,0.6554984016423883,0.8037428779233611,,0.0
FOLH1,80297.23620897552,2.4792270032112844,0.2268084899051058,11.069684931786103,1.7601836293164034e-28,3.263864662836513e-27,4.102708384593561e-28,1.0
RNF216,691140.1845964871,1.335778219140185,0.3415747773478896,4.266060820079595,1.9895456384158633e-05,8.829051285069686e-05,4.6373147871113674e-05,1.0
LRP4,28256.43200873155,-1.649855508605222,0.30035839860523006,-5.845814639029294,5.04095130938629e-09,3.1548638809559366e-08,1.1749656603373278e-08,1.0
TMEM59,1585572.0832082937,-0.28020053886369445,0.2374434884575498,-1.0903328687942235,0.27556654144981396,0.47891166446383016,,0.0
RNASE1,866258.8990103463,0.045160837270049506,0.39048462867711037,0.23534131126695923,0.813943833619377,0.9026086090711628,,0.0
PCMTD1,435990.5594186074,-0.5709480795850665,0.12393138962627208,-4.79860458437513,1.5977487246694285e-06,7.836352643708072e-06,3.7240984292762197e-06,1.0
ANP32E,240368.17398120914,-0.9013312919277324,0.818391171378476,-1.9840153458086984,0.0472541292227542,0.11886212635557135,0.11014186755284952,0.0
NCDN,198565.00472708567,0.0454545961301326,0.46811383869405826,0.18052718568000975,0.8567387138999969,0.9256708205693013,,0.0
LINC02449,5226.441039813604,-1.2446067522014812,0.11127513206854252,-11.288820345870473,1.4902328195555572e-29,2.9036255093527807e-28,3.473495936422018e-29,1.0
MTSS1,415019.3944941654,-0.22706805965234994,0.2980631892950061,-0.9059510546805453,0.3649617595273851,0.5772768480010693,0.8506678768797181,0.0
HNRNPUL2,1988133.2391492738,1.289044074180662,0.25362468727641374,5.360422861113351,8.302737452253011e-08,4.7008007277909215e-07,1.9352361874690664e-07,1.0
OPTC,166.3388736505634,-0.4586058473221846,0.14526759965301783,-3.243741796145917,0.0011797063398249527,0.004167404548900046,0.00274970804815274,1.0
DUOXA2,3966.935281048335,-0.01840884753077597,0.1672471192714361,-0.12050281757425953,0.9040848478094631,0.9494815141506553,,0.0
CWF19L1,154947.3821350257,-0.2234400859846371,0.33931743207728976,-0.808386433700814,0.41886815917573117,0.624675112703407,,0.0
UBE2S,281637.1276384307,2.2066917668044916,0.3459666581450071,6.67955503831326,2.3966881939125248e-11,1.7976963475542365e-10,5.5862993977736794e-11,1.0
MSANTD3-TMEFF1,23494.093199469604,0.1315223866284528,0.46046864728170994,0.3772949503305276,0.705954424431971,0.8383571953535515,,0.0
NR2C2,335740.3458071018,-0.8926712956174605,0.33539854763763854,-3.0294736068478416,0.002449803079804004,0.008179128354794092,0.005710101757973071,1.0
SLC27A1,610044.9847116066,1.9176283129241798,0.12951054633531578,15.01857386072777,5.548873483853817e-51,3.1098630266812177e-49,1.2933542494141514e-50,1.0
TMEM220-AS1,9950.60095882337,-0.2750755626716626,0.2371659669714268,-1.2439598159808622,0.21351435268860008,0.4006808093343632,,0.0
ANTXR2,466002.63010102196,-0.018061281079267435,0.08857729061293085,-0.1495479669071639,0.8811212627624886,0.9387084277358593,,0.0
DRD2,4120.117031488412,0.4475212005881481,0.663676496412203,-0.6381554713963628,0.5233724800828885,0.7124950684097838,1.0,0.0
TTC23L,8299.099195191133,0.517842825628956,0.24350236174124232,2.292542414170124,0.021874362990281546,0.06028139369918472,,0.0
BCL2L2-PABPN1,317788.3418384626,-1.5509353910250234,0.1454916009973471,-10.968199447720782,5.4343784692260225e-28,9.642851240488932e-27,1.2666672805840841e-27,1.0
KCTD3,492367.3757815892,-0.28895642112752323,0.3814554087236595,-0.8568759794577661,0.39151342921363474,0.6005132179943451,0.9125556004287898,0.0
CLN5,282073.28565405123,0.16632369804772357,0.16250231876194637,0.9214422899976421,0.3568195580767154,0.56954110581973,,0.0
AK3P5,366.3183559987939,0.246749607365811,0.4824450671267478,0.6906009050854238,0.489816378537715,0.6845626495225896,,0.0
MAK,12452.624854672089,0.8290878614200009,0.33499514027265165,2.7686904851077196,0.005628207460676893,0.01766740013458549,0.013118457389652496,1.0
SIPA1L1,238732.94096423715,0.28768290067732033,0.5115418358794395,0.7163825038387979,0.47375519532872845,0.6705706340237507,,0.0
IL12A-AS1,1096.9744461344253,0.39883095422965126,0.2513515765524275,1.7156066003122192,0.08623406965493265,0.19712902815710542,,0.0
MAP3K3,335074.7106139837,-0.19827731252996936,0.41235464396721067,-0.62473059636897,0.5321478884949337,0.7193541777123946,,0.0
LYPD6B,54352.32238471268,0.169317073634932,0.38792116026150025,0.5152209525440321,0.6063986291827064,0.7726431861073813,,0.0
GTF2IP5,593.0249281085688,-3.047122324945593,0.5653490645000628,-5.800762773073349,6.60139366376569e-09,4.076903612927084e-08,1.538679981068377e-08,1.0
SCUBE3,50444.16718248783,-1.8195437210651821,0.18358047126817698,-10.118793385942528,4.5600235671534825e-24,6.769463557429039e-23,1.0628690445309146e-23,1.0
AUTS2,1739810.6375749751,2.5298816353923215,0.7150738629863861,3.416736718819931,0.0006337653836695757,0.0023468609753109454,0.0014772064176373102,1.0
LINC00612,2015.9417116817447,-0.7209448501209034,0.1105310064645135,-6.614432953195698,3.729786530441561e-11,2.7318906334570494e-10,8.693539819552573e-11,1.0
LINC01725,1342.5642771753796,-0.13924010626137157,0.15489711148338767,-0.9308479271066806,0.35193223393260087,0.5637244646293555,,0.0
IL6-AS1,9699.448659931226,0.9998778429481121,0.4346245305392683,2.7068634902600808,0.006792218036101634,0.020991067883565646,0.01583158110470792,1.0
RPL12P6,19125.64283958734,-0.936753222283112,0.43185816719578657,-2.592501876653629,0.009528066149098905,0.02873397457781459,0.022208408388647353,1.0
CDHR4,3212.547668970617,-0.17074783702413002,0.1487960251289261,-1.1848789668945552,0.23606530460466846,0.4291157942303522,,0.0
PRDM2,393687.36766665184,0.07900011138077913,0.18179113711030057,0.3011716402441815,0.7632836142456331,0.8728240870832685,,0.0
FBXO10,64122.84975225283,0.10963273233849896,0.11246866362934041,0.8806289231346538,0.37851869860412635,0.5890955596372487,,0.0
RPL37P12,1091.9527294988288,-0.3908894760675005,0.5113226846899711,-1.0609774966438204,0.28870012810242807,0.4940683729578836,,0.0
MIR6717,5266.061472169408,-0.651982761419582,0.5991931590541666,-1.5903162079105029,0.11176354703150988,0.24645294986435515,,0.0
TMEM18-DT,7003.452139015901,-1.8349125407078628,0.3907040322343224,-5.06772187669626,4.0260508203426214e-07,2.147801229076898e-06,9.384084809284576e-07,1.0
NFKB2,424088.01264341193,0.2549309284692832,0.316875833467727,0.9659639249834457,0.3340622328935837,0.5453099183905371,,0.0
TBC1D22A,161291.08001031406,-0.22525850132117142,0.3972579004061274,-0.7246786632117435,0.46864918782149023,0.6658856063622925,,0.0
SP5,14687.23199747416,-0.23224099474462168,0.5512523661037155,-0.6310040674537435,0.528037864921082,0.716304832805645,,0.0
CCL20,5997.817382710462,0.10371565632238736,0.1578876518160448,0.6742657101959574,0.5001424000845346,0.6923980826038464,,0.0
LINC01252,32961.47063710536,2.337665073108811,0.19912937617597126,11.929226409794925,8.334439288175563e-33,1.9986626523759475e-31,1.9426253817485844e-32,1.0
FAAHP1,5349.45715068594,0.23356371531904982,0.2808853308746465,0.91265211355892,0.36142553658053667,0.5749721818168202,,0.0
CSF3R,211382.3674638203,0.052168315799784024,0.17215027091240176,0.27389524563557555,0.7841651253635835,0.8839824353493689,,0.0
MICD,261.34374173916257,-0.49703560404373626,0.5564032514253203,-1.2823339665617997,0.19972551751421042,0.38283757998502943,,0.0
HACE1,305538.90393218084,2.2011841135292123,0.15463287917836496,14.35590078507136,9.78458877075629e-47,4.6481455989078453e-45,2.2806321863800177e-46,1.0
CAMSAP1,327609.9400712127,0.1712188638033179,0.5286131832977166,0.4264338579473398,0.669791734390549,0.8126784653709701,,0.0
ERO1B,107802.02813938158,0.07093022386007072,0.14140531234794412,0.4509662849691813,0.6520138485745427,0.801738343618766,1.0,0.0
DMXL1,175602.3019078571,0.4539163069254052,0.7422552141594647,1.7216300101838664,0.08513656326963386,0.19506714634310227,0.19843980261165126,0.0
FOXP1-IT1,480.42958173786076,0.2582791143463212,0.6373091714828747,1.9228923740009596,0.054493567692360835,0.13496222226886587,0.12701584843434385,0.0
CCDC51,97126.97010431699,0.3257524247988972,0.29022508047031464,1.221572001463057,0.22186952197616105,0.4118807830150564,,0.0
OVCH1,3900.1804433774714,0.3759101681577156,0.6429478118534677,0.959094994544166,0.33751089179329175,0.5482059931699509,,0.0
FAM220A,375141.68486608664,2.3485267735714856,0.21852296072139185,10.878335510959095,1.462083260122111e-27,2.5499550005206608e-26,3.4078837857425655e-27,1.0
LINC01800,225.7848117102264,0.7574193719034469,0.5245361724707798,1.9042933211728454,0.0568719935768356,0.13974261278879607,,0.0
HMGB1P27,274.28388924237544,0.2090039550683055,0.0873517461956121,2.4169643712122504,0.01565054895205521,0.044685139194534276,0.03647894307142588,1.0
RAPGEF5,354371.1862035712,1.0799499720540526,0.24190367304667448,4.630537809250008,3.647171744195054e-06,1.739205799239477e-05,8.500977878525667e-06,1.0
SYN3-AS1,1993.6138767590542,-0.04042106879115625,0.26394491381504376,-0.171400410832341,0.8639089317617783,0.9290756918611787,,0.0
PRR13P5,113399.38377339882,1.479019655829472,1.0158465524200697,2.4177791801191044,0.015615549960579843,0.044610746393683995,,0.0
ASIP,1834.1626541262533,-3.8448283022711953,0.24567936148921218,-15.792957446734832,3.4787998404496093e-56,2.2535394291120326e-54,8.108529721571333e-56,1.0
WDFY1,299911.678045832,-0.2880153715545272,0.27359770142873574,-1.0990593262397705,0.27174218960576957,0.47393358103271976,,0.0
GPR183,66635.64686643842,0.23405815498926802,0.16961939369213844,1.4044116943195326,0.16019629054113482,0.325160901184738,,0.0
DCUN1D3,217596.35568083808,1.1221672257531197,0.23649936795452473,4.925347302465954,8.421064985999808e-07,4.268726844529171e-06,1.962816455615282e-06,1.0
LHX8,1222.201821416153,-0.26317995869335226,0.14758165831622921,-1.840856530463283,0.0656425860315508,0.1570082761669077,,0.0
SAP30-DT,13403.026370967336,0.08955188868425315,0.6033639272887512,0.23229561568818355,0.8163084174899455,0.9037204652431771,,0.0
NBEA,76626.132505604,0.6064292686211527,0.5465190333927931,1.5330792652010505,0.1252563258698747,0.2691850725717083,,0.0
SMURF2P1,18536.737864888484,2.1607317934373986,0.25529228926701997,8.658324832324752,4.787476225818768e-18,5.259896787309255e-17,1.1158846455319634e-17,1.0
AOAH,24177.503527963865,-1.2441651764198016,0.11732969100255888,-10.720324989992136,8.171570084839209e-27,1.3632037318788618e-25,1.9046631580924285e-26,1.0
PRRC2C,1176062.5632925332,-0.08802314293813146,0.25176561342935305,-0.3492937700221778,0.7268687750781643,0.8528420185638639,1.0,0.0
ATP5POP1,168.57802004955792,-0.2499537769437056,0.36043464281513393,-0.8265592789712122,0.4084869059115652,0.6144549718597369,,0.0
MUSK,1005.8141582094613,0.06396665777093102,0.3817948656934678,0.20080145927717216,0.8408538218327277,0.916159646854881,,0.0
RCAN3,176603.733481227,0.168317332061339,0.1471462290564737,1.1196067143948878,0.2628813930541054,0.4621968236002389,,0.0
MOB3A,194678.80016954016,0.007411706100977919,0.47586602545417117,0.03781523363145876,0.9698349983782218,0.9879653222376084,,0.0
GPR176,85481.40114764005,0.21435483594246627,0.5111169497094307,0.5982238864116128,0.5496905553018703,0.7329207404024937,,0.0
CBX3P4,893.4992281833047,1.451166718172691,0.20759242936398561,7.192373356566255,6.367462113789822e-13,5.302320705105782e-12,1.4841542534384873e-12,1.0
ST6GALNAC3,58986.62682509399,-0.04201097475408478,0.3289778123482102,-0.14670167255921257,0.883367498378534,0.9387314550102991,,0.0
ZNF621,194350.32314355066,-0.060552553464852485,0.15657290863263978,-0.3301204961939265,0.7413089168419061,0.8599254243444142,,0.0
IGLON5,5322.147818189526,-2.3723170691812014,0.3932668221775813,-6.3639308951767175,1.9665464500550202e-10,1.3680800129531995e-09,4.5837073331188976e-10,1.0
LINC00189,459.455776779963,-0.36883279480521325,0.4831844983844493,-1.0269381816050427,0.3044495739396793,0.5131210668336875,,0.0
MIR4657,3202.7325739136995,1.534965299357546,0.3312019924675085,4.946880905929132,7.541208226816283e-07,3.85010712746772e-06,1.7577358240822254e-06,1.0
CCIN,1449.501798104589,-1.3250086326934807,0.20553679663399407,-6.652324708167605,2.884993301317696e-11,2.1446120099810233e-10,6.724461021949845e-11,1.0
MARCHF9,353880.7215025844,2.6004360492308223,0.3284662712304716,8.167799613321185,3.140650170527199e-16,3.203591625887458e-15,7.320356565696107e-16,1.0
RN7SL244P,545.9989287404396,-1.2187327267852293,0.2277407662340045,-5.579147226450803,2.4170060256629506e-08,1.422328754704803e-07,5.633657035517195e-08,1.0
TMPOP2,1057.5999398368701,0.1929612534124054,0.13188512005899947,1.5024885887609676,0.13297097280777412,0.28163873136525575,,0.0
BHLHE40,6060509.67101758,2.168256296707457,0.20471001597528635,8.240961014729404,1.7083289068286315e-16,1.7605670634837218e-15,3.9818432650753336e-16,1.0
SEPTIN11,694488.5651031442,-0.10862706818505206,0.16770461312160173,-0.5293793523103766,0.5965423185854569,0.7671890049931783,,0.0
DHCR7,599206.44802996,0.5150757273926494,0.7290491590659914,1.2622761022121962,0.20684945281027456,0.39183047654598296,,0.0
NPM1P25,6497.089294884683,0.06120304039467765,0.21526779748577388,0.29151921103074346,0.7706542533261274,0.8766301973981125,,0.0
STAM,82858.13969719314,-3.5713474146428834,0.14797996496076166,-24.187731455748313,2.995051997253761e-129,1.493931936230176e-126,6.980990356215777e-129,1.0
YBX1,4480447.619133545,2.6141769092680063,0.35822515675989114,6.594630127159306,4.263173497279184e-11,3.1134274384229234e-10,9.936780095527369e-11,1.0
IGBP1P1,3743.622723346982,-1.7470317142242577,0.33218502222919505,-5.579070452366576,2.4180729430426482e-08,1.422328754704803e-07,5.6361438504190325e-08,1.0
RAB19,8880.202646890122,2.4042619899826425,0.2073144651859771,11.758423872860703,6.39163015306862e-32,1.436101405563346e-30,1.4897874394161813e-31,1.0
ACTR3B,47121.84254105383,-1.800684407790309,0.35447679748266453,-5.477782457250503,4.306891678840221e-08,2.4922013566189126e-07,1.0038680230866833e-07,1.0
FAM210A,63982.12329266439,-1.005824933561171,0.9579080613247469,-2.027563060065982,0.042604862349358265,0.10842502724418318,,0.0
RASGRP1,59264.66565011998,0.13130288604220808,0.17226524905927798,0.7690293465539133,0.4418758892609358,0.6437140583041904,,0.0
SNORD45A,1021.5500142800965,0.12081409306498131,0.1359970394810716,0.9096480317657117,0.36300815913826345,0.5758740391092377,,0.0
CNDP2,1136350.9015921592,-0.13584803831380246,0.547146851735291,-0.027675881299478684,0.977920660268432,0.99043087538952,,0.0
CPXM2,236360.7272772572,-0.16312749556224168,0.559038412379182,-0.4174758975097251,0.6763303503170852,0.8182235720062142,,0.0
CRIP1P2,861.8805527422486,-0.012528215928042576,0.5445475906726758,-0.03991030508594635,0.9681646353795739,0.9869620276462936,,0.0
ZNF415,89309.86811922988,1.3039549501592036,0.11853352670890253,11.020075370651805,3.0580291661322487e-28,5.506660462334894e-27,7.127780131153111e-28,1.0
SLC35C2,342466.36313415895,-0.39180776912344195,0.19812314528629843,-2.2135916492232335,0.02685688229717559,0.07241196156665504,0.06259912565341676,0.0
LINC00592,1168.303684583391,2.01168102842942,0.16430007263496593,12.390486179013042,2.942540336441543e-35,7.848872298486854e-34,6.858594017836644e-35,1.0
LINC02863,207.92608863242057,0.17975173011245513,0.13626583110537221,1.3547952233578147,0.17548280889961065,0.34803508977783615,,0.0
MT1M,166795.71136145206,-0.08158275495102048,0.36556742837465384,-0.3087757681266123,0.757492103248047,0.8707929502192345,,0.0
SCAF11,1169117.1798480789,1.0690555352783135,0.443640905391674,2.8551059317046996,0.004302247642450225,0.013809273642562242,0.01002785571987931,1.0
EPHX2,148310.19032814837,-0.1780258206947965,0.1445863598054239,-1.2777247651489798,0.20134648994728221,0.3849430018616496,,0.0
CORO7-PAM16,173406.64181791147,0.03616058537575805,0.43663550577624866,0.08758461867473151,0.930206827712877,0.9624594073862278,,0.0
ZNF337-AS1,108540.62905308127,-3.432824882748302,0.11957724621648788,-28.749860306953025,9.094070659588474e-182,1.1340306112506826e-178,2.1196833855152946e-181,1.0
EEF1A1P4,165072.7277704055,1.8115881857896954,0.4406663407395792,4.489194701475867,7.149293027996014e-06,3.3484200585581334e-05,1.6663866179272953e-05,1.0
ATP8A2P2,557.8128750183408,-0.04559064835722607,0.252675031128033,-0.19759950131225715,0.8433584250061184,0.9178860623893778,,0.0
STAT3,1892954.4037196941,-0.14137756037617946,0.36751576147987114,-0.39265084711451836,0.6945773789921268,0.8301106273113786,,0.0
ANO3,12623.961638943645,-0.9652801048432263,0.287636571405996,-3.6646810838312804,0.00024764697265574893,0.0009635437594437408,0.0005772257474798484,1.0
CAMKMT,21744.67008056895,-1.6357923688991176,0.18138104361345334,-9.202071946895089,3.5111311421483986e-20,4.2715907651307834e-19,8.183888849082342e-20,1.0
ACRV1,1372.731833432592,0.5990703145060946,0.3722146686910366,1.8853340123654605,0.059384756885074746,0.14449325236231844,,0.0
RNU6-914P,3566.3756960508226,-0.022233884905986087,0.2501437256050304,-0.09839786025057307,0.9216163737089023,0.9564378045862529,1.0,0.0
SHANK1,8598.28998943841,1.0931434691464,0.267391574139579,4.332452623844382,1.4745740043685028e-05,6.608423300799724e-05,3.436997726070136e-05,1.0
WBP11P1,7200.305458209547,-0.21626481859886124,0.283551910384916,-0.8533841424373778,0.3934463123955936,0.6023665458039352,,0.0
BCAS3,169951.83379061107,0.5747148142274034,0.6602600282549165,1.3550242753851613,0.17540982290222518,0.3480287178346456,,0.0
WWC1,699669.8942407556,2.054729853479052,0.21719729206403512,9.67090109485386,4.00833048259442e-22,5.4627192478636526e-21,9.342781517374284e-22,1.0
EPHA2,185373.16052430822,-0.06300062120594441,0.10459395955318884,-0.6281808878880278,0.5298854489555191,0.7174453364251165,,0.0
SMYD3,107236.43562131227,-0.02981994135281068,0.2445563052937556,-0.15361069125245627,0.8779167065981932,0.9364670513994009,1.0,0.0
SLC39A5,7538.581617953589,1.1544527966630795,0.7006363158532988,2.333003004604217,0.019647987621553016,0.054812468778168505,,0.0
SLC9C2,340.2760374881344,-0.23157621939707113,0.20909562294926304,-1.1770617330531148,0.23917086733268922,0.4328852718533903,0.5574692926427354,0.0
SCIMP,21051.834446671455,0.1346270592438543,0.2075017078382847,0.6829807641901374,0.49461899758313654,0.687614147141774,,0.0
ZBED6,1173037.8679254465,-0.16177677299642026,0.36936765197064475,-0.2148702458282709,0.8298684834503005,0.9109559849141943,,0.0
FRRS1,26691.077309736505,-0.1131015374705724,0.2233142646760425,-0.552730178344827,0.580448185367151,0.7551158797418908,,0.0
RPS10P9,799.5243939448659,2.978547976804189,0.4228571782610751,7.343808321427999,2.0760037637262157e-13,1.7822903224554845e-12,4.838834940872133e-13,1.0
DENR,377748.5139210899,0.06578064042469546,0.14293620803821377,0.40817697750239235,0.6831437491488538,0.8224767127092644,,0.0
COPG2,240022.4066664641,-0.5386045984886646,0.1692534128942701,-3.343901984288165,0.0008260891798597264,0.002996751148465684,0.0019254826304393997,1.0
OR51E2,3005.790949584093,-0.12538774509496808,0.7455983104879069,-1.0226556756535357,0.30647067542831763,0.5149882556070221,0.7143344528207702,0.0
RNU6-1240P,631.2225922532673,0.27855694232381617,0.37125364466098193,0.8967527907575986,0.3698508442078051,0.5808614643918552,0.862063556499314,0.0
NPM1P32,8443.502615312294,-0.15089353285110652,0.34975128078802437,-0.5167689228831629,0.6053174764679341,0.772008072774752,,0.0
SCAF1,273554.5647378395,-1.8011173220905803,0.43063902986783,-4.654802996508134,3.242906231595215e-06,1.559847278996811e-05,7.558699197755575e-06,1.0
ZRANB2,698314.6624950562,-0.10509903359373039,0.1042331433932704,-0.9866588106927613,0.32380992879089354,0.5337620372798999,,0.0
NLRP5,3862.470339890496,1.40188463811082,0.2171423634524574,6.676732010620177,2.443291367413165e-11,1.8299005016001302e-10,5.694923990961153e-11,1.0
RAD17P1,19131.615228397986,2.7518277824369277,0.21462671372268657,12.972529052887715,1.7515423465012103e-38,5.393020508856813e-37,4.0825669272654376e-38,1.0
PROZ,1346.2389577843767,-0.4686647212147632,0.5670377461571378,-1.2103772246082,0.22613417717766549,0.41698975074388,,0.0
TP63,85722.05277442158,0.25592874034564755,0.4480828528361439,0.7829693775864105,0.4336450947145428,0.6363700301371402,,0.0
PPP2R2D,255036.4348994253,0.3237412370169963,0.3449660509668585,1.041993632962684,0.29741463089221987,0.5049367525154502,,0.0
HMGB1P1,25304.844408724493,-0.11639245796943413,0.23984125980921295,-0.5420150110933682,0.5878081649298841,0.7615748010698142,1.0,0.0
SUGT1P2,4057.164236551951,0.10373614691354748,0.15490766593612118,0.6875750480520569,0.49172042567960283,0.6864543753959863,,0.0
CAP2P1,454.2393933010917,-0.44256161320018583,0.3432411533278281,-1.49600920296916,0.13465125697248556,0.28423400316276737,,0.0
CLEC1B,610.6893972373075,-0.4503228074479741,0.36994693230055553,-1.4482520113481472,0.1475465833249903,0.30567196068511737,,0.0
TAFA5,25871.087153487584,-0.12028360451521296,0.18546524641441017,-0.7025132160040031,0.4823591627144278,0.6775118560844248,,0.0
PIK3CG,11749.969515771429,-1.2116879511919971,0.5728515114195943,-2.697742595920137,0.006981139759374185,0.021534894941099836,0.01627192762605534,1.0
UBA52,3077339.8352151536,0.8908326168412614,1.0494063121786827,1.60989143679636,0.10742155874972664,0.23931162797839947,,0.0
ANGPT1,51100.81126200501,-1.0187203067675492,0.23082739325535195,-4.643554364826244,3.424658241975113e-06,1.6425187799011405e-05,7.982334257463489e-06,1.0
CADM4,500221.4123459337,2.5448071599012625,0.21848178568967883,11.845457706830235,2.2717464634041067e-32,5.295080074513871e-31,5.29508007451387e-32,1.0
PPIC-AS1,20000.828802626325,0.14862643498546754,0.16130763210128282,0.9705315279524112,0.3317816175000935,0.5424210777091008,,0.0
RRM2,742587.0614380909,2.325337407880089,0.4231384496840275,5.8476045338147244,4.987024418378053e-09,3.13290652378712e-08,1.1623961588256882e-08,1.0
LINC01267,1108.9308769211639,2.7641907239889365,0.08411552417359108,32.920893906404196,1.1043089845490855e-237,5.508293214930839e-234,2.5739687920237565e-237,1.0
HMGB3P24,2574.0989680101316,-1.3765117402341847,0.7594887666085146,-2.582513313814446,0.00980835776498347,0.02943687637288661,0.022861723612961474,1.0
MIR6852,7900.521281915991,2.398947200208245,0.6175346387056192,4.378574512865806,1.1945809857834696e-05,5.4316954941549196e-05,2.7843784846205354e-05,1.0
RPL37A,3529468.7897817,-0.20573749087798107,0.3028023456573235,-0.5988388921917246,0.5492803243117585,0.7327655142195912,,0.0
PTPRN2,167627.67520191096,1.5334844529037832,0.18026627284316943,8.613301201737276,7.098626954645582e-18,7.764901589862317e-17,1.6545771612043068e-17,1.0
TCHP,143315.35065850202,-0.1361354879243651,0.6995224309943283,0.26051239918459973,0.7944685522530257,0.8897191599995716,1.0,0.0
GSTA2,10083.22725719347,2.085689639605954,0.1663868404003454,12.672641321950131,8.384291343751467e-37,2.4456634633118317e-35,1.954245103861323e-36,1.0
C2CD4B,72689.10671492587,-0.21318563081673736,0.16934214138051928,-1.3509915718117755,0.17669813254214406,0.3496113784689467,,0.0
LPAR2,322244.2530723164,2.569626965452654,0.15387866887297316,16.794774159099813,2.665169878260159e-63,2.1793225168461762e-61,6.212087548019475e-63,1.0
NT5DC1,308923.4327413444,0.8535409448210048,0.34154579189735507,2.7785713367106966,0.0054598523267373,0.017203880862770467,0.012726048320451239,1.0
GAPDHP16,449.41119743452873,2.3008245325766703,0.19764808412162907,11.805903541326702,3.638612376062026e-32,8.363778125252252e-31,8.48102735130719e-32,1.0
NAB1,216939.26114063757,-0.2743017948009663,0.39417078150197155,-0.8327246322792241,0.4050000490765394,0.6117929269514775,,0.0
ETFBKMT,145591.49990072977,2.0154554906694764,0.19191044320340708,10.660050161937779,1.5651300525466536e-26,2.593644087077312e-25,3.6480694869638826e-26,1.0
HNRNPA1P35,28175.711000243744,-0.33561259923676035,0.6481561763441854,0.02767492414412414,0.9779214236754984,0.99043087538952,,0.0
ZNF295-AS1,4321.2504747938,2.3959466662509596,0.18239182283500244,13.29701259689457,2.409027226467688e-40,8.287053659048847e-39,5.615059722252724e-40,1.0
NOP53,6298475.406184869,2.7998983737711027,0.15657458829164594,16.816792326887313,1.838470925966136e-63,1.5283821631198478e-61,4.285183634915461e-63,1.0
BLM,27892.903881881735,-1.097709508878216,0.18051660947361106,-6.323342004630567,2.5596590770372664e-10,1.7659169400085595e-09,5.966158633767235e-10,1.0
IPO7,943071.3102378689,-0.45444738652890193,0.6179215483591725,-1.167048224723713,0.24319089500511315,0.4376749906284091,,0.0
GPR22,1066.0751527167222,1.4182694624751826,0.39958316954692896,3.9381744866255883,8.210388175063913e-05,0.0003409943065546944,0.00019137110381877944,1.0
TADA1,126957.7140405019,0.4168298200329127,0.22007887986748248,1.9895369929387499,0.04664196284432976,0.11755942934184782,0.10871500498482096,0.0
INO80D,213253.8714030094,0.006372228714216473,0.35883891532116824,0.061285663377363034,0.9511317083068408,0.9755798809447918,,0.0
KLC4,665694.2177626495,2.7085997126363415,0.26649838319668684,10.367122139138607,3.499039792583963e-25,5.403470738516659e-24,8.15570583430318e-25,1.0
ADIPOQ-AS1,821435.8932202428,0.9985191328420752,0.8791723024192906,1.9156364161449582,0.05541139091929593,0.13696333890260065,,0.0
SYTL1,143587.92284494572,-0.057405991425216435,0.30189442339221273,-0.23890669688976215,0.8111779325444841,0.9010662645714382,,0.0
SEH1L,885745.0008485063,2.369194527186158,0.2141847970568974,11.211706036904163,3.572404281872074e-29,6.853520214606886e-28,8.326706802793413e-29,1.0
LINC00571,1611.138064974546,0.19408507197049082,0.5904324894849914,0.5139963913423204,0.6072545136637006,0.7730948223977894,,0.0
DYRK3-AS1,437.77690702636403,-0.3048002374747101,0.4318173099267461,-0.9016021008519959,0.3672682746228061,0.5782620435033323,0.8560439971114752,0.0
LINC01559,379.67339590824514,-1.1369406155961763,0.38391913208832495,-3.3440087734462103,0.0008257712592972015,0.002996751148465684,0.0019247416081188977,1.0
IER2,2097687.503803004,1.8429426636672397,0.2947502740167544,6.556089891816267,5.523694211176432e-11,3.9815298736052084e-10,1.287485360997572e-10,1.0
RNF2,114656.19582197521,-0.20551186182506748,0.1985155882504377,-1.023386712106856,0.3061250395683325,0.5148185088896974,0.7135288305452534,0.0
SPCS2P1,260.94695599212463,-0.34720405541035604,0.2734745464172192,-1.4005827754914424,0.16133887465546348,0.3268717736724013,,0.0
DCHS2,16563.89226591633,0.44869856579107714,0.4570622128692888,1.2613736932327855,0.20717424171990428,0.39189951339846735,,0.0
CLDN15,287796.5547688676,2.3138107178217227,0.37685556664595654,6.464977451566243,1.0131391535845902e-10,7.2090415093865e-10,2.361466400971933e-10,1.0
CFAP300,15923.379945389188,0.54758023935147,0.325731817678341,1.893302760409696,0.05831761828558596,0.14266222658582775,,0.0
MARCHF1,73082.70115848514,0.12959435836687497,0.31667328044579846,0.4555761702874079,0.6486947822332416,0.7998371190693856,,0.0
CNNM4,214544.05471068388,0.392813679726102,0.3877276468778856,1.193271386065803,0.23276310500061803,0.4243856952403112,,0.0
NCR1,1534.7702881540358,1.5926886870042691,0.13783288551882067,11.693178088342277,1.38119559757458e-31,3.0084732055467273e-30,3.2193474956551426e-31,1.0
CENPN,60711.948682991395,0.0609834895681953,0.37959844489757827,0.18693488345240902,0.8517116882238399,0.9229497937998073,,0.0
HOXA10-AS,22888.321750479012,-0.9015014734689654,0.369347671268508,-2.8029634406094623,0.005063540887891781,0.016036153618288383,0.011802309321871124,1.0
PTPRK-AS1,9532.462378361435,-0.8295669851213763,0.3992335521568626,-2.456497375619402,0.014029882689728424,0.04056872745296544,0.03270142750297447,1.0
AMPH,114224.63660655278,1.3058997345972083,0.3678215365975806,3.8662657127585844,0.00011051452912116636,0.0004503647640983479,0.0002575918089983074,1.0
MRPS31,77791.73278498686,0.39525062506688036,0.1525096036390984,2.623243094722312,0.008709710324558551,0.026490265304206128,0.02030095098079348,1.0
ADAMTSL1,81239.3190088432,-0.11331733487878401,0.2710015056314839,-0.49135120605137933,0.6231780687516908,0.7833817937535851,,0.0
LRRC8E,83646.39625226989,0.0064563934198514986,0.27347303781157534,0.011270198057838727,0.9910078733322344,0.995799208739159,,0.0
MYOZ1,10013.26817846112,-1.32842590879347,0.23836280603590798,-5.849282933454978,4.936966931964782e-09,3.1053708772560316e-08,1.1507285540486137e-08,1.0
GEM,230262.41782376403,-0.24428202265207113,0.23709879296001096,-1.1965716643209618,0.23147355038377537,0.4232242075984349,0.5395280697730241,0.0
ABHD14A,121923.64938146298,-0.12575795493225603,0.3661349859166284,-0.4205310946950019,0.6740975188472512,0.8167108146733274,,0.0
FAM184B,79226.29136502549,-0.8041285486829904,0.3608206960495608,-2.596892986440014,0.009407122691348519,0.028420792237702247,0.021926508403946922,1.0
FLACC1,3653.8756858469133,-0.22854166331859838,0.3586521755539658,-0.7602192217818885,0.44712355710902185,0.6479524412724582,,0.0
PDHX,442602.116026894,1.7396864398993563,0.17559479996618327,10.113621330936299,4.807374538129829e-24,7.094433194139522e-23,1.120522625990261e-23,1.0
SPRED3,18191.131059226074,1.1699690903447328,0.37863338293937704,3.4606688322071197,0.0005388352333899228,0.0020132660255797264,0.001255939319695764,1.0
CORO2B,64821.70938567008,0.137229835512123,0.39445316464392993,0.41762039279201685,0.6762246844119356,0.8182235720062142,,0.0
KL,35429.59328599106,0.04898709395490392,0.1862531352814176,0.26161094897400666,0.7936214018779421,0.8893694793455796,,0.0
BAIAP2L2,9109.897735584904,-0.02207858457311035,0.609268640241514,0.46440206011948915,0.6423597143839406,0.7956519134211809,,0.0
TMEM126A,85876.72505201967,0.11276013105774446,0.10738630148795418,0.9506268039035427,0.3417938570270822,0.5535284931334695,,0.0
METRN,286566.9664443433,0.565230815239632,0.19777608224660723,2.884001230553207,0.003926572189613083,0.012709761247105811,0.00915221592607012,1.0
TPTE2P6,1043.870095339992,0.029149999895013323,0.17871022260301025,0.17072154672894452,0.8644427197128569,0.9290756918611787,,0.0
NEK3,100562.56260503636,0.09736649953800036,0.39736504734248,0.3022047948432458,0.7624959492753595,0.8728240870832685,,0.0
LINC00940,5603.0511994981935,0.23020721594162305,0.289138473085047,0.8846594334371115,0.37634034117713877,0.587170979603243,,0.0
URGCP,106622.76621754238,-0.40800507804465436,0.7265178568543803,-0.07388122632249439,0.9411048942417928,0.968681636912518,1.0,0.0
RPL29,1979199.8018421414,-0.6149924562107089,0.7061931730578636,-1.5096100264674501,0.13114296142704368,0.278592188736899,,0.0
NUP58,265431.9135702848,-0.01594657407416211,0.18501248113556923,0.019157056036139018,0.9847158156283063,0.9934794677091409,,0.0
NKAIN2,6107.854700860383,1.7167309690991972,0.21139152646217557,8.310180503625064,9.555660794150377e-17,9.888721170378025e-16,2.227272712206639e-16,1.0
PCDHA4,70922.74040119885,-0.025983707016269824,0.19135350922862535,-0.15901976238077314,0.8736533038194341,0.9347453194876314,,0.0
CACNG7,331.2284390300789,1.0983649034356056,0.47427626895192243,2.780054300066499,0.005434980964649017,0.017136336947957836,0.01266807712694827,1.0
PLPP4,26971.871600742896,-0.08915157918123308,0.0961786916423455,-0.934844555336351,0.34986841406750024,0.5615174533546655,,0.0
ZNF137P,21252.937021585007,0.10996611671944667,0.7095439730382651,0.29034122980562005,0.7715551997780494,0.8768551689434747,,0.0
ARPC4,1746076.2368430295,1.7705792302103809,0.35614593772041614,5.327274385039854,9.969749912541812e-08,5.581269648008817e-07,2.3237903067176896e-07,1.0
PES1,400609.95536476065,-0.17604136482480368,0.15590718167768336,-1.1416136410460787,0.25361465137305206,0.4511518833982824,,0.0
RNA5SP37,722.6268741710143,-0.007659327607506115,0.2455522159185012,-0.03718533426658344,0.9703372320854138,0.9879653222376084,,0.0
ELOA-AS1,47300.90564499528,-0.008180424503154857,0.49881289281888713,-0.032988974838334004,0.9736833796618611,0.9888667226952144,,0.0
SHCBP1L,158.78512394446983,-0.8726178878531164,0.9056802415136204,-0.32841021299747003,0.7426015219822517,0.8600177366258349,1.0,0.0
C1QL3,6568.491543470928,0.5287760415075877,0.2541758722579228,2.2478912980520636,0.024583122196814054,0.06700579973645274,,0.0
ANKRD28,1033912.6149667423,1.999890921510183,0.22944504187789438,8.947434194484979,3.6384074528608336e-19,4.230390763372922e-18,8.480549707883103e-19,1.0
FNBP1P1,3133.688845231822,-2.1502415700504023,0.3594893194415783,-6.2996149011003215,2.98386042404647e-10,2.052895971743971e-09,6.954904577169997e-10,1.0
LINC02821,318.43864165279496,-0.037605874651628714,0.662228427822417,-1.5338405871397336,0.1250688752738728,0.2688980818388265,0.29151567750751284,0.0
MSLNL,1740.023600589598,0.7121643768768197,0.3144955481412952,2.5140411955281206,0.011935649094745912,0.035000010396585894,,0.0
PSMG1,325322.5195625491,1.7956516502735822,0.12843763016095522,14.092804524259053,4.2052367622781004e-45,1.872832229485997e-43,9.801738771141665e-45,1.0
FCGRT,1767990.8609907678,0.338386945901663,0.4837825661387528,1.223881344469319,0.22099699214043989,0.4108583663050742,,0.0
NAV3,112156.54709669822,1.2951175620335216,0.2574880205358075,5.3127254910252955,1.0799766330206732e-07,6.018908877661584e-07,2.517253946498653e-07,1.0
LINC02648,176.49784132284464,0.8086949920166213,0.18400086353371445,4.555888781421388,5.216453379327851e-06,2.4686593411847554e-05,1.2158724044900619e-05,1.0
NOS2,4164.17621512716,-1.6559543151019307,0.586729967960573,-3.4005284179170214,0.000672557447169206,0.0024739797540412976,0.0015676245544299064,1.0
HAUS3,108423.01926152257,0.3145297992142349,0.23412945930322,1.4197690067346387,0.15567494075026658,0.31850147845050436,,0.0
S100A9,709679.6731883052,-0.6830657737358786,0.24729018101382097,-2.919172363758522,0.0035096210812454926,0.011449306705855145,0.008180369137033886,1.0
CHPT1,581296.417730731,-0.11843328335150938,0.613650097337565,-0.0025879860094688953,0.9979350882244881,0.9985356509656461,,0.0
RBM18,261353.72572258202,-0.2050123907634221,0.25806438238491003,-0.893792256338003,0.3714330531389586,0.5824294464184613,,0.0
PKMP5,391.98023527105863,-1.349903200761664,0.194033934327603,-7.1512669446965,8.598059974155539e-13,7.0538031498499724e-12,2.004071175284478e-12,1.0
GARS1,877360.8197516842,0.7871401388285338,0.1845468491353619,4.47368886182093,7.688158986986543e-06,3.59742373612466e-05,1.791987711546209e-05,1.0
AGL,311979.7934464937,-0.2549267763591697,0.3276229267603089,-0.9348240978786596,0.34987895850567374,0.5615174533546655,,0.0
LINC01645,427.43322782123744,-0.3071196384144002,0.12583143647337944,-2.494424433304175,0.012616158649933854,0.03682235187002344,0.029406261376574795,1.0
TMEM144,102655.68728281725,-0.10047327373679096,0.22360104596480374,-0.5091562367903775,0.6106427157293048,0.7742465343309031,,0.0
FNBP1L,582396.9506302428,0.15056497325596066,0.17533260618964444,1.024184343469938,0.3057482123465005,0.5143582068075361,,0.0
NAGLU,252693.6402553076,-0.08258546557029561,0.23950507407984017,-0.45481483827072605,0.6492424543097786,0.7998371190693856,,0.0
SNX19P2,799.6644980463439,0.3073924298333489,0.11448619935662167,2.7258017091876936,0.006414552155107996,0.019947497599550303,0.01495130193910219,1.0
HNRNPA0,915980.1798169774,0.5031887564077024,0.4067105223083421,1.7022369799380157,0.08871095312459275,0.20223502476483943,,0.0
MIR6785,389.16561565939566,-0.3811160485254689,0.3933672498449499,-1.1819328834873835,0.23723233293583712,0.4307662456075557,,0.0
SLC4A2,405291.4888630108,-1.5182419263073732,0.48941264860218314,-3.594352746967079,0.0003251990036046092,0.0012477635615229159,0.0007579872102709302,1.0
THOP1,204435.47865452128,-0.08351484752870098,0.28016130108927856,-0.3973116037226303,0.6911376915877044,0.8279046123053482,,0.0
C3orf62,82355.00833750574,-0.4368674596973989,0.4092076304104012,-1.3373575782988882,0.18110594466540897,0.35705788616247425,,0.0
HECW2-AS1,3827.9544818416325,0.23626083757432528,0.4100935743732329,0.7122916378817472,0.47628420110969005,0.6726233281809553,,0.0
NSG1,21492.124623973083,0.36823373011006744,0.31232047478872943,1.3300727783562893,0.1834942934896695,0.36034233697892576,,0.0
ITGA7,2722017.4049960477,1.9577667886983694,0.1800310582350692,11.019493078715694,3.0778748674382804e-28,5.5224603736626415e-27,7.174037307842122e-28,1.0
PCDHB7,26708.37450277624,0.11212198544380654,0.15673753966625176,0.7332435596138924,0.4634098920201666,0.6611809328937617,,0.0
TEDC2,16850.256710009424,-0.17634387210524222,0.7009601220595632,-1.6557416595598642,0.09777414688394523,0.22067757676792707,,0.0
LINC01979,1812.7563600296794,0.3983449219083121,0.09847264035955273,4.098327684660484,4.161458679912596e-05,0.00017802192020072063,9.699699016543938e-05,1.0
SCN8A,55569.17440341037,1.9808933639951019,0.26567548828577886,7.67837878915625,1.6111450074721405e-14,1.490981687805387e-13,3.755323036107961e-14,1.0
TBRG1,272091.3882528373,-0.2626031459713177,0.2621069151306996,-1.1014308602486682,0.2707091804318069,0.4725736586172398,,0.0
KCMF1,714195.4776550706,1.693200664196361,0.31795169510087273,5.643617888467551,1.66513416559812e-08,9.958859973625207e-08,3.8811631859829076e-08,1.0
LPA,186.33573497122887,-0.13453541325348498,0.4977509229294162,-0.3814617534677873,0.7028606459018457,0.8355264303523372,,0.0
NT5C1B-RDH14,17089.908648066343,-0.31618552530654054,0.7280832319854001,-0.8623322782188882,0.3885046952757075,0.5989791321177041,,0.0
LDHAP3,50694.483082968996,1.64650236254425,0.18051253829232447,9.297207917886677,1.441820862872714e-20,1.8161117333356305e-19,3.3606553570135967e-20,1.0
RNA5SP352,3642.1998073198315,-0.08759367878019116,0.4631809123306088,-0.2582410434391797,0.7962208837811061,0.8906817152500913,,0.0
BNIP3P11,5753.483115949317,0.9423054275254569,0.32779489282379465,3.1793610998655093,0.001476000905864257,0.005098540525243015,0.0034403236067527634,1.0
RET,717643.644758454,1.9440713157889653,0.8975809806762807,2.9255192226314537,0.0034388193014141177,0.011233025982615337,0.008015341437127859,1.0
LINC00661,571.6800305520661,1.8681907390413803,0.12136735489839244,15.503170955154104,3.301860316061932e-54,2.033293735372459e-52,7.696111802110709e-54,1.0
LRRK1,188781.91874217373,-0.22661908555111124,0.2156521572644025,-1.0972578409249643,0.2725286947918619,0.4749731410278852,,0.0
LINC02575,933.9057567590859,-0.9147815558272598,0.17068860626014679,-5.519059830558309,3.408181499877321e-08,1.992967095121697e-07,7.943929589433681e-08,1.0
MCF2L,714683.708980642,0.10107380784076896,0.11983994589610933,0.6025100675407976,0.5468346637803767,0.7302677441155568,,0.0
SLC9A3P3,634.9014961178738,1.8303071973383214,0.17809682100291244,10.441800893935373,1.5975091345950693e-25,2.5136831430158377e-24,3.7235399828786007e-25,1.0
HNRNPKP1,24025.52735338402,0.15070572753783754,0.1666063463648069,0.9159561008496745,0.35968992025436775,0.5735720339606094,,0.0
MCMDC2,46394.37228114016,-0.35673806345507586,0.4172834410956618,-1.0695545933945656,0.2848198428508304,0.49005911560536114,0.6638698019345523,0.0
RAB11A,904800.3862424179,0.14044601398604908,0.15895132416450472,0.8363874239715746,0.4029369851726926,0.6100262379387642,,0.0
LINC01122,24165.151332600544,1.33736337479241,0.36353523584535247,4.024829403827767,5.701663330433092e-05,0.00024020183017061031,0.0001328967135149545,1.0
XPO4,222044.24165879088,0.22532473407369835,0.19163865710444108,1.2797537367037684,0.2006317590954808,0.38414794342470965,,0.0
EIF3LP3,7032.859383997549,-0.0880543090069733,0.5510505409800638,0.5395683218344581,0.5894947679274122,0.7629197613116144,1.0,0.0
CLIP1-AS1,502.90721989313096,0.14225766496528217,0.3956460828670443,0.44169791865508556,0.658707816016181,0.8058951646526149,,0.0
RNF103,1188817.6240928445,2.459962198719109,0.16700353469146131,14.870775612332642,5.101883146669494e-50,2.7363648532889715e-48,1.1891679035321233e-49,1.0
TREM1,12481.954143304989,-1.0612096019398702,0.5597522693463175,-2.4558822037861368,0.014053921658626638,0.04061469364613538,0.03275745852020078,1.0
MINK1,701529.832571575,-0.01919057552382319,0.15028029137919874,-0.36402797579325913,0.7158371188671454,0.8451113725229162,,0.0
GRHL3-AS1,125.6615494718537,0.08490528669681643,0.3284331388817422,0.29799846256984436,0.7657043370393894,0.8744264306758545,,0.0
CTSL,883834.0007299448,0.03726170663008788,0.4874223947172385,0.2840427508002628,0.7763776188659648,0.8796909756211138,,0.0
EMG1,618072.4541728252,0.7518177741927162,0.4400944016346905,2.1106645739697734,0.03480115302552924,0.0910745809503357,,0.0
RNASE7,3031.270412521062,-0.21546678520560333,0.39833479018765705,-0.6683664680660952,0.5038996943763699,0.6954993789581696,,0.0
AGPAT4,105208.86705751996,-0.04357703975210959,0.18168839101916673,-0.27910184428283386,0.7801666678175878,0.8814204618514446,,0.0
MIR100HG,149402.28392374518,0.314984565449351,0.2040855997935897,1.6012688197997165,0.10931739189377182,0.24256012044756844,,0.0
GRM3-AS1,2499.1601052170945,2.6868495668582475,0.4307800866569745,6.5662586526828886,5.159516387256999e-11,3.7244092242601896e-10,1.2026012962447623e-10,1.0
PLAAT4,320020.9161573046,-1.2385636983295005,0.18509505538475662,-6.735926395727092,1.6288873355170254e-11,1.2366651490957265e-10,3.7966775839060385e-11,1.0
HSH2D,51376.50658061901,-1.2260214985847455,0.28210825573469367,-4.669753262281606,3.015617145172653e-06,1.4523229552479604e-05,7.0289244486547636e-06,1.0
SETP14,271381.5027727912,0.6260008759586927,0.25640906916363987,2.7088462397280857,0.006751762217482551,0.020878977024676358,0.015737285019066804,1.0
NAP1L5,39422.02930211984,0.4169413317246312,0.3722137073690695,1.3234875139358906,0.18567330585880393,0.3634766285807355,,0.0
PMS2P12,323.1650015881681,-1.5420889721447384,0.13244997681775897,-11.772653410657957,5.399890189007566e-32,1.2187625458266851e-30,1.258628610409801e-31,1.0
H6PD,842068.0252501691,-0.05143491273626927,0.11239395725400632,-0.339799975225086,0.7340071665713146,0.8560039675668681,,0.0
CST5,61675.57962567076,0.7707224949037363,0.7170183938980775,0.7981993703817072,0.42475480274940136,0.6294346274848526,,0.0
DSN1,175019.8724702819,0.9572527396705912,0.2639184033041265,3.8124269548461966,0.0001376089038537257,0.0005526515397925796,0.00032074449178616065,1.0
LAMC1,2229486.8039321424,-0.0697783514197682,0.5090975885705364,0.2083257262491031,0.8349746456394637,0.9143244128459069,,0.0
LGR4-AS1,4944.071396500194,2.519012815163101,0.45384136311076906,5.909677462012413,3.427782243029378e-09,2.180839008702875e-08,7.989615807584363e-09,1.0
AP4S1,29517.350597584795,-1.5134641034299159,0.21201083003210386,-7.3545481024990815,1.9157411001924244e-13,1.6503828338099848e-12,4.465288134467202e-13,1.0
INTS12,129167.51633892208,0.3039461186059569,0.42050456991937457,0.8954124730945117,0.3705666354174847,0.5814364194597086,,0.0
DCD,262912.7537899669,-1.4015490245877316,0.16510419470996898,-8.684591733542508,3.801050996959812e-18,4.2132538606301214e-17,8.85964596861474e-18,1.0
ZNF648,2213.320228351252,-0.602143149464127,0.18395397342275213,-3.4089436532532087,0.0006521494827419533,0.002407788023624621,0.0015200568317368518,1.0
TMEM9,509580.0339807146,-1.4726565371457723,0.6100361479036068,-3.051837326777524,0.0022744532665639507,0.007655177391107278,0.005301389202626629,1.0
LINC02870,1554.4930987474334,0.06172866381381172,0.1899353245955957,0.33936813852783787,0.7343324176636343,0.8560060993938322,,0.0
RN7SKP30,266.43029059383184,0.034289520625778454,0.17774899490653195,0.20037658800423608,0.8411860682445056,0.9163214912434142,,0.0
CCT6P3,99851.30403278852,0.7632210195806822,0.2510612696689876,3.189862853784127,0.0014234032530042323,0.004944244725616372,0.0033177268345724814,1.0
SNORD18A,391.8149937060296,-0.1452423952792658,0.2449133448679864,-0.6462231597250974,0.5181348428646015,0.7078763616019261,,0.0
HMGB1P3,8832.014232439406,0.7975569889531536,0.38358088272544544,2.430921295998398,0.015060485632286128,0.04319821870836297,0.03510359922142206,1.0
GNG5,382990.48235884233,0.053096559910707344,0.23257444914108694,0.20359525866847736,0.8386697985778091,0.9156336111724378,,0.0
CD46P1,923.4321167470789,-0.52289267478796,0.1691294768249951,-3.207122868810464,0.0013406972025200251,0.004689619667720817,0.0031249521711074232,1.0
FSD2,16337.809335131542,0.012503574621256449,0.12398636199262417,0.08079039200531553,0.9356086491611011,0.9658145575363353,,0.0
CYSTM1,364820.69488386146,0.042665101509343516,0.34071493208102854,0.1171026127820487,0.9067787392830136,0.949485552016755,,0.0
CKAP5,496478.0944147784,-0.8668621007068049,0.33671001885133006,-2.886501268007777,0.0038955117751459005,0.012617410866511528,0.009079819034779323,1.0
EML2-AS1,10865.644791577206,2.0910797951462645,0.22453289333411966,9.488047690030347,2.354015941107211e-21,3.057768623500721e-20,5.4868371561882094e-21,1.0
TMEM156,5525.501208482296,-0.15448597489216367,0.20689378992492902,-0.7945488529771293,0.42687598053486164,0.6307959095197437,,0.0
TAF1D,675138.7510611834,-0.5815976961208843,0.6701105399089543,-1.5102703751113287,0.13097444775108172,0.278592188736899,,0.0
AFG3L2,471393.3029929202,0.0471136944336965,0.12450667494067451,0.4987761870484481,0.617937065151242,0.780124039730295,,0.0
PITRM1-AS1,140061.19419199642,0.04402972292322434,0.5968266829481028,0.10772050002694704,0.9142174074655885,0.9533623963895755,,0.0
SORCS2,48330.44377454043,0.10354215202030556,0.07461533257787274,1.3964528264344649,0.16257817673104036,0.32852217482025886,,0.0
TOX2,30170.890459530452,-0.29337657969933983,0.21336649062004834,-1.476312276658488,0.13986007993767732,0.29306683259682054,0.3259916255743619,0.0
ABHD14A-ACY1,149263.9825895368,0.13047244409879094,0.5196679290792701,0.3015413722242249,0.7630017067083663,0.8728240870832685,,0.0
CD47,336402.426150835,-1.2799264460592936,0.44878751959036145,-3.370932928429512,0.0007491409442482275,0.0027355161273134396,0.0017461285186496068,1.0
ELOCP31,545.0429639096385,2.404675726236859,0.20315782032312008,12.001768620857101,3.4778414843525496e-33,8.462182109244155e-32,8.106295945771269e-33,1.0
EIF4A2,2815617.4993687808,0.5374253020824589,0.2554765216108751,2.484424818965393,0.0129760904686744,0.03778443622752359,,0.0
LINC01141,210.22832825020652,0.13808747836644872,0.20256993174398735,0.7189219565786308,0.4721890071487903,0.6695868110489351,,0.0
KRIT1,806459.1010301013,2.8055070055444222,0.20528705092538962,13.77103380436558,3.8072566831990675e-43,1.5439509216095082e-41,8.874110437288293e-43,1.0
ADGRF3,2858.429591640351,-1.2716792731576847,0.3776935903461508,-3.7481936468443147,0.00017811271844262456,0.0007051001901522312,0.0004151524484073885,1.0
PSME2P4,682.7998872533269,0.07534916171139196,0.41120816241526525,0.22629657158324776,0.8209707647168593,0.906575641887911,,0.0
RTKN2,32864.415453210706,-1.7196838252206592,0.5772634148277787,-3.5637950377701713,0.00036553141442204263,0.001388629623105216,0.000851995651933247,1.0
EIF2S3B,130662.78773442251,-1.2265607130518494,0.6117168780170751,-2.6493080623565817,0.008065677266769706,0.024666829066000793,0.018799812246096864,1.0
CCDC89,4391.291588669013,-0.43046131451824426,0.39198813286273,-1.3390284208496444,0.18056142079155357,0.3564069516851085,,0.0
JRKL,70450.37950024383,0.1629344979020885,0.4020545677622904,0.4931880987391332,0.621879686298553,0.783119382796562,,0.0
BCAR3-AS1,6130.659086344916,-0.05345854780754412,0.7068198662116499,0.8297499150690796,0.4066801935904524,0.6128461648426514,,0.0
ZNF208,13482.103277432692,-1.0588492523895106,0.21525985392692015,-5.134188895219731,2.833633909953497e-07,1.5396694926849722e-06,6.604750440583198e-07,1.0
CSPG4P5,6010.333215871566,-0.24461134936052545,0.313155333958209,-0.8933340170830177,0.37167832630293773,0.5824478453028757,,0.0
SAA2,577250.755017855,0.23368975526736963,0.529416973447768,0.5618829944153195,0.5741957407594436,0.7501541002902317,,0.0
RNU6-100P,400.1754245151136,1.5615488673345161,0.20146212963930024,7.949932648921836,1.866129421561413e-15,1.8505474263913175e-14,4.3496511938076294e-15,1.0
STON1,114263.21039397115,-0.9361937523730046,0.31490777342230813,-3.3161922196738525,0.0009125304037029992,0.003280704432959195,0.002126963389565682,1.0
ATP5MC1P4,1666.9848558512415,0.7770401094282557,0.31322506079349427,2.7437943563759246,0.006073357085687876,0.018933690714631954,0.01415603044084632,1.0
LINC02253,3085.9190981359175,2.6797532180596204,0.19509323801785455,13.888182683402919,7.47068217294316e-44,3.105313556553374e-42,1.7412973214317985e-43,1.0
PHC2,1021201.4205227453,-0.020889804638159634,0.33527918119388045,0.1026939471994206,0.9182058776817384,0.9549647451785886,,0.0
LINC01226,47569.7627910928,0.237385575586489,0.5727900652149982,0.6249090510347662,0.5320307515949241,0.7193541777123946,,0.0
PCSK9,8347.398176276136,-0.022182739464810003,0.438316336294369,-0.07195711880829334,0.9426360335777406,0.9698573711810583,,0.0
EEF1A1P16,40835.136653624904,-1.7234844125698332,0.11245938258223105,-15.414696852091247,1.303812311443647e-53,7.930994889610868e-52,3.038979350224725e-53,1.0
ZNF727,7655.297723054144,0.8474665611950204,0.11771645569424717,7.319424927675883,2.490358502238081e-13,2.1270390769115664e-12,5.804630004282031e-13,1.0
DEGS1,177985.66166581394,0.013577997227231626,0.6645420536783961,1.210076243070441,0.22624963822285404,0.4170484831691042,,0.0
TIPRL,243032.36099477523,-0.25544343093723554,0.180196418733535,-1.5835981452489647,0.11328519628403397,0.24916176107108717,0.264049793955496,0.0
DKK2,31532.434428111777,-0.40927710168889475,0.190066759131692,-2.2211517863550307,0.026340682489000598,0.07121264187270188,,0.0
GLP2R,8886.89995368704,0.1392651703866122,0.12510407393925688,1.12765607706315,0.2594651941000161,0.45812827899854175,,0.0
S100A1,335912.5662175726,-0.30475049687414973,0.1681658757667331,-1.8466690523349194,0.06479511960616537,0.15560811583801293,0.15102712925025832,0.0
PWWP2A,461638.8393164633,2.4777731165312007,0.49987056769388966,5.359758603716083,8.333322706734895e-08,4.707430765707096e-07,1.9423651243548438e-07,1.0
AMBRA1,176618.6069837156,-0.967499058045911,0.13418710803844308,-7.393171486148905,1.433673808663228e-13,1.2458475535909724e-12,3.3416658680430756e-13,1.0
WNT7A,631.9851418800711,-1.1638161278370327,0.181743010223422,-6.585167503025463,4.5437284160320795e-11,3.303807192298544e-10,1.0590709036994398e-10,1.0
SLC35B1,229473.92471534116,-0.8486746759161047,0.18206690742983753,-4.884953986277251,1.0345301080566785e-06,5.180960019062964e-06,2.4113253172835103e-06,1.0
DENND11,203207.36628471536,-1.6531935205391575,0.6961623177973482,-3.0691520515320336,0.0021466730352140513,0.007234868310572762,0.005003553784882098,1.0
ZNF500,88203.73529363742,-0.5196674215702449,0.303932727644086,-1.9685557794898174,0.04900412480047893,0.12283043944964267,0.11422082920784528,0.0
ATP5PD,480640.417448372,-0.7748128815212695,0.154835909556757,-5.049514529446944,4.4293424982576646e-07,2.347881018205019e-06,1.0324093636125808e-06,1.0
MIR27A,211.37072895828305,-1.1527473915902706,0.12748452487861608,-9.168553384122793,4.7940908991884995e-20,5.790054577518701e-19,1.1174264208015063e-19,1.0
SLC25A46,281672.1809857067,0.1650187908929799,0.1551033418361409,1.0459535700984033,0.29558246939465926,0.5027457252117458,,0.0
UBL3,351774.73126808356,-0.2651935257600124,0.15970771422458058,-1.8226496471526108,0.06835647110772643,0.16220841003108438,,0.0
FDXACB1,21411.332613564242,0.17897056818371138,0.19881234534915537,0.941102943507701,0.34665210726606543,0.5581345096975902,,0.0
SLC4A10,4894.845530606539,-0.06293838668390882,0.20331066091524996,-0.342439831246217,0.7320199173635658,0.8556680992091428,,0.0
GALNT10,387245.27139516565,0.0761858097787805,0.5256787064617046,0.2340570942664495,0.814940654602221,0.903115748757138,,0.0
SZT2,647874.4244996902,-0.23354750327146193,0.24922822516433152,-0.9615139792485572,0.3362938000656448,0.5471272095525677,,0.0
ZFYVE9,188098.8399940903,0.04595177695888059,0.2681188588300559,0.10895016846330778,0.9132420147639084,0.9529814162431748,,0.0
LDLRAP1,213839.28840333232,0.11996211240609463,0.144123285635144,0.8088261900091164,0.41861512937038114,0.624675112703407,,0.0
ATXN1,413995.15149140015,0.21614568699921471,0.6682146027573627,0.997825630476532,0.31836391940917663,0.5268743297985975,,0.0
CDNF,17916.195731967066,0.18663930656289385,0.2940856681843379,0.7003757032135676,0.483692705689415,0.6780942147214172,,0.0
KRT8P12,8060.740344990557,0.47976934199661875,0.7241811247844984,-0.7611292856659025,0.44657984996052524,0.6477290757787438,,0.0
MT1JP,6131.441053151279,0.1109029195809539,0.09215576014453611,1.2146008498153629,0.22451836459512686,0.4157006691167382,,0.0
EIF2AK2,1330449.1765170568,1.819490931736277,0.2291123548656624,8.187224012558792,2.6732032878636187e-16,2.7379749486373162e-15,6.230812149469033e-16,1.0
TSPAN10,23421.90816221295,0.5545143917390223,0.5996533772044418,1.3623166609214943,0.1730979718431721,0.3441018958940645,,0.0
NAT9,108507.73481144643,0.3759118390499198,0.6712247888554148,2.0353816278831243,0.041812488475999145,0.10662612091936796,0.09745826753190828,0.0
SCD,5835833.546946064,-0.06725705505550003,0.173699763486487,0.02249459927358586,0.9820534200667558,0.9921845102746538,,0.0
UBE2J1,731399.6725348548,1.7150985206501046,0.49540210655283123,3.946999218866309,7.913681501374865e-05,0.00032921971083284257,0.00018445534265821415,1.0
LINC02275,449.16018470644184,0.03859213777055095,0.28979345000856505,0.14856219055337236,0.8818991094201883,0.9387237316572015,,0.0
RPP14,151551.4841799367,-0.03620948344140851,0.196459949363604,-0.2232147687816039,0.8233683580753122,0.9074152386388991,,0.0
TSC22D1-AS1,9679.681275982057,-0.12472293736498337,0.5118483628270442,-0.35332552777707743,0.723844409729791,0.8511400084234317,,0.0
TSSK1B,499.8460743825666,-0.24257241799428683,0.21650010976596432,-1.196371812484674,0.23155149609786063,0.4232242075984349,,0.0
ITPK1-AS1,230.0699992494263,-0.33551441670867416,0.6404516596662034,-0.8778014648379892,0.38005146939621604,0.5909279081509743,,0.0
RBM25,816809.5450205717,-0.7890761194917629,0.4390616753756391,-2.207701197444116,0.027265109316166134,0.07343324258587294,,0.0
GRB14,55060.061199596676,-0.1645113651009708,0.2259905325808823,-0.7972059324355134,0.4253314412026443,0.629588386958156,,0.0
TSPAN32,5695.084928601056,-0.9164788692548331,0.6310213791896613,-2.0635889202512945,0.03905670899770746,0.10083585118041657,,0.0
CD151,1590331.1590565925,0.18369083302470984,0.7800305658976504,0.7187445819253141,0.4722983088755258,0.6695868110489351,,0.0
RIMS4,115193.67906394387,-0.48795491210854586,0.15837223157245056,-3.1893039149581615,0.001426158556824852,0.004950368045540961,0.003324149010019795,1.0
MRPS36P1,9141.15629760153,-0.0510442998532923,0.576021486582189,-0.14721833373140855,0.8829596900414673,0.9387314550102991,,0.0
LINC02511,1695.9498213309125,0.23658795815461112,0.194521670400093,1.2759800776255639,0.20196256169063143,0.3855297580225295,,0.0
LINC01933,1765.5237623195862,-0.5028273343487862,0.572571789212855,-1.288358327097882,0.19762125803571662,0.38088672143823593,,0.0
ACY1,181084.89915236662,-0.039414460142728924,0.11249850618445274,-0.4126460906436407,0.6798659273102372,0.8202869528180129,,0.0
LINC01625,1886.2972778893284,1.2983736572078384,0.6751530839505834,2.5812357600886306,0.009844732460218173,0.0295282775174794,0.022946507248396378,1.0
LINC01483,184.43920668694588,-3.095176994991362,0.37742762484610115,-8.46999912980235,2.4539486953809802e-17,2.6098712350874903e-16,5.719764529233799e-17,1.0
FAM161A,17893.168754690985,-1.7703945667184458,0.14782722852035474,-12.120526824113853,8.222885837451432e-34,2.092640538633048e-32,1.9166240447293338e-33,1.0
MEIKIN,631.8538254317638,-0.1504873697967552,0.6016770463019172,-0.4132021734549865,0.6794584958626771,0.8202175647054777,,0.0
MYO1E,401659.227307439,0.24818022986535968,0.49097079295326457,0.9039817724088466,0.36600506671999056,0.5773666264387454,,0.0
CHIT1,69163.90301597392,-0.15453349897954935,0.24376656998001242,-0.7123333593485087,0.47625837128328863,0.6726233281809553,1.0,0.0
ZSCAN29,128259.27821062741,-0.06898659709998589,0.1411364555377696,-0.5891982213973084,0.5557283101506976,0.7368255733512772,,0.0
SLC7A2,1035216.2543444205,-0.04849610252326971,0.24902821858026744,-0.2546554612481727,0.7989892190430878,0.8928605356259477,,0.0
CDH5,786083.4777176221,0.2239774270880381,0.5045404072025503,0.7817620159482724,0.4343544477774275,0.6372235251511201,,0.0
COG4,348212.72961916943,0.07789181124017695,0.26027547041595184,0.27338016976003976,0.7845609946454803,0.8839824353493689,,0.0
APOOP4,250.1945173398496,0.06940564431067262,0.1815589547515619,0.39852649506342064,0.6902421320264791,0.8275201769486081,,0.0
PIK3C2G,21263.962992467066,-1.6954783869804047,0.19491396467557653,-8.917060118965136,4.788297781026071e-19,5.541538128018107e-18,1.1160761369980394e-18,1.0
SLC25A15,30654.49581417515,0.11376098925709768,0.16659056046249085,0.6744219184423015,0.5000431116706491,0.6923980826038464,,0.0
ZBTB8A,88554.71267396193,0.004100481093130082,0.48040987639150023,-3.9824235900096796e-05,0.999968224857038,0.999968224857038,,0.0
ABCB4,18059.49371050962,1.096062736750448,0.19343804137464707,5.836011907624537,5.346507656121385e-09,3.3252344374979384e-08,1.2461859901277322e-08,1.0
PLCH1,69973.70301738888,0.5995293904637742,0.3667714406724532,1.8581679622387637,0.06314516608283716,0.15215849682183175,,0.0
CBX3P2,4882.616582528633,-0.4509173038468855,0.4093056132319744,-1.36145907921719,0.17336865685982605,0.3443898289194792,,0.0
TPCN1,553377.7202130038,0.10698537301387541,0.09768185668964349,1.05561783688312,0.2911428484402523,0.49716553509756195,,0.0
KLHL21,329554.0511537837,0.08003390305791548,0.5238957400807819,0.17440024902286413,0.8615509186272892,0.9280185299018662,,0.0
PPP1R37,607248.6164256759,1.6796499263813662,0.17807065971190664,9.519920109241209,1.7331224809374126e-21,2.257131836792641e-20,4.039633147156922e-21,1.0
HMMR,174544.38571085635,2.3294616472383662,0.1612022494763571,14.507684854201743,1.0831500998898707e-47,5.296816370833995e-46,2.524650793575082e-47,1.0
TMED8,187390.5344831769,-0.04287388003761673,0.14504641926882475,-0.36872405436565014,0.712333417392826,0.8420582563431177,,0.0
ABAT,144480.85026094777,0.1225154281721069,0.4538152548316993,0.34716394835884107,0.7284681534916078,0.8538221219276084,,0.0
LTF,2972497.9576714435,-0.18264610660290184,0.481000658395896,-0.3356938677414625,0.7371017305871812,0.8578309454430377,,0.0
FPR2,1817.7061951308556,-1.3303018542982121,0.38968417068177624,-3.8113592227179747,0.0001382047558338376,0.0005545980065158343,0.0003221333280837299,1.0
TERF2,196889.2178206098,-0.06646236102408692,0.11414139260519901,-0.5773199904099803,0.5637233119567936,0.7422559612613733,,0.0
RNU4-46P,6353.436295110319,1.16902388695802,0.26305142339713317,4.70557302656024,2.5315386314447074e-06,1.2271442850968126e-05,5.900614342825327e-06,1.0
ZGRF1,39553.8072787851,-0.027197247023967374,0.1469345140964707,-0.23148664513164538,0.8169367593584093,0.9039220398579736,,0.0
RAB4A,219237.30773032346,-0.4221937936994841,0.1752889970532232,-2.5480056465604344,0.01083407174508016,0.032224418523828166,0.025252499936663474,1.0
RMND5B,306357.9904122452,-1.1696736283096816,0.26158262772767493,-4.758808485271134,1.9473909533826318e-06,9.495196554714143e-06,4.539058913772228e-06,1.0
TNC,1164461.0142054919,-0.24437117027099647,0.12320801282600628,-1.5531167141601783,0.12039525372327428,0.26121423469843064,,0.0
SLC25A48,17444.813787663978,0.2510398036198835,0.48084223189554215,0.6999281179932971,0.4839721964541851,0.6781048640206392,,0.0
LRFN5,12867.68113193594,0.09420187581631537,0.1262766249162994,0.7701702151047299,0.4411989294877666,0.6431035243381005,,0.0
ASNSD1,235779.76557889424,0.036652138385848826,0.13744431846647834,0.20308622285316466,0.8390676399194549,0.9156336111724378,,0.0
DDX60L,119699.87737534409,-0.2376901748951913,0.7218424482610214,-0.6683403687650026,0.5039163503518094,0.6954993789581696,,0.0
EIF3EP1,171761.09181853937,2.9375664841022964,0.4755778585238273,6.499611823590387,8.052752513572452e-11,5.754603085630286e-10,1.876968669985953e-10,1.0
RPSAP54,182592.55073054665,-0.056378026900431,0.17332907220441413,-0.3898033699726253,0.6966819516315546,0.8314152781972554,,0.0
TRG-AS1,12036.279025659918,0.9827282097749154,0.28277023159643255,3.7438436411470444,0.00018122645514198556,0.0007168576988487106,0.0004224100739477682,1.0
JOSD1,572454.6007549211,-0.18221705614339406,0.7168309737801826,-0.519972760752452,0.6030825605760362,0.7709317816897151,,0.0
NEFH,13510.015677613494,0.4220046394939148,0.7510714965016814,1.1320962950180855,0.25759395236317806,0.45595409311126056,,0.0
STK11IP,148520.51179205367,0.23304236467610243,0.18922446003136462,1.26609803431724,0.20547798628865788,0.3900015965022167,,0.0
NEK4,153726.3007177858,0.33154540326137394,0.16064008197982577,2.061285106067104,0.03927584827994459,0.10129675864548274,,0.0
ETS1-AS1,254.98097944169166,0.08433810473553373,0.10389194536762633,0.8230764912245747,0.4104644965682862,0.6163500721113129,,0.0
CDCA7,49949.875118581294,0.1220347166118996,0.3615131465949687,0.40405424321355266,0.686172831493324,0.8245314583205734,,0.0
RRP12,303624.1990066056,0.13987623644308006,0.37708074159029287,0.3867357779799466,0.6989518261913269,0.8328647178792018,,0.0
ACBD4,91322.56259503546,-0.049487908046477194,0.41692656277314577,-0.15263531970404567,0.878685870247604,0.9369143054286124,,0.0
LYPD4,1438.176395575391,-0.4121791223245062,0.29917171158705275,-1.5527364515489623,0.12048611012582025,0.2612977031772137,0.2808339800502763,0.0
LINC01908,102.50824140245864,0.12888681802658822,0.4284817911045891,0.38323446738612393,0.7015459240072255,0.8345602358569141,,0.0
PI4K2B,136821.2871921623,-0.08471301488144842,0.24840764582933056,-0.37231990689523514,0.7096546787724259,0.8407975148971165,,0.0
IRF2BP2,1245958.2676113984,-0.4424566135359878,0.12492833575871475,-3.682792275248824,0.0002306931358043848,0.0009025077344253108,0.000537709047379566,1.0
R3HDM2,103845.76799296941,-1.3835514762524357,1.0078532411257513,-3.3405091132089195,0.0008362493615862832,0.0030292024804592452,0.0019491643998095238,1.0
CLEC12A,18286.18900472385,1.9046831473593102,0.17504112597197902,11.021288965585788,3.017074412289559e-28,5.4724244249092066e-27,7.03232110677585e-28,1.0
LINGO1,91936.2991335432,-0.11102460220746277,0.13418378391543628,-0.8521823834092627,0.3941128726924311,0.602831956145307,,0.0
HSPD1P5,13685.262196717935,-0.2426490871243899,0.19407550135827925,-1.3020452281064352,0.19290092498747702,0.3742784002675907,,0.0
GOT2P2,818.9208448155341,0.17376821189287367,0.5732931247930724,0.4635123866323973,0.6429971383467474,0.796243725440312,,0.0
EGFLAM,69809.6375942122,-0.007739546894297027,0.6767993639419132,-0.033508214710874444,0.9732693151198888,0.9888667226952144,,0.0
METTL26,388509.0181924276,-0.023989902537248673,0.5994439223781339,-0.09825292099081027,0.9217314608352282,0.9564378045862529,,0.0
EIF3L,1880393.944502338,-0.185444223859059,0.2116030648975419,-0.684831966186242,0.4934499612425435,0.6872131579016926,,0.0
LINC02469,650.5121847021942,0.09244507678464653,0.2567590842664655,0.3909513709746083,0.6958331811544196,0.8307362153179141,,0.0
NCK1-DT,10906.915380887745,-2.042002514414813,0.23291365842484762,-8.97980039109,2.712584251728109e-19,3.1761432506149788e-18,6.322602919448508e-19,1.0
SLC8B1,214835.82027000785,-0.16941755515787024,0.30407939727593974,-0.6504488859909139,0.5154023083829542,0.7054745807611201,,0.0
STT3B,1036583.1452382605,0.7023388543316047,0.327955002088808,2.5524698537250012,0.010696216548072212,0.03185237501002042,0.024931181374665514,1.0
FEM1AP2,1147.7536371523152,0.1678091449878588,0.25579881537521326,0.7103312324115795,0.4774987563030225,0.6738841064789257,,0.0
SLC17A8,898.4594115957804,-0.40677028790523256,0.47061742739872703,-1.1411439818674833,0.25381001120189395,0.4513384441622271,,0.0
COL6A4P1,452.40824998650385,-1.339504422199114,0.3843156493901744,-3.872233172241541,0.00010784270796302797,0.0004401959307034235,0.00025136421837363717,1.0
MTMR2,232642.6305149279,-0.05485575352573448,0.6495269205990745,1.4635633245964172,0.14331329954771202,0.2981012252477012,,0.0
TLE2,262877.6797777533,-0.23845958921348684,0.255238069271474,-1.053924704706536,0.29191739122139515,0.49780647774780135,,0.0
IGFBP4,23531117.0530546,3.4280412530894924,0.7470638899175966,3.5676760991642085,0.0003601613232967114,0.0013692718602164608,0.0008394788227121479,1.0
RIPK2,137940.80035514402,-0.6804982896263423,0.11736672109085287,-6.014171214630213,1.8080933321993763e-09,1.1697496162140712e-08,4.214378290191817e-09,1.0
VIPR1,206595.0032795099,0.2583178553197436,0.17242170799385081,1.5183366525309545,0.12892955227428782,0.2753306918621514,,0.0
ATP6V1D,273974.7930770793,0.08756686895224383,0.1095220214020907,0.7477956564746338,0.45458342242942684,0.6530708845270683,,0.0
HSF5,990.03300967537,0.9846378955296081,0.24724101040220756,4.210307017423891,2.550238851333782e-05,0.00011158413500397285,5.944201584323788e-05,1.0
B3GALT2,1719.0295500466702,0.18359491814808537,0.7056699174323104,-1.0151894084543913,0.310015548418195,0.5183386704644307,0.7225969885560545,0.0
TAFA4,779.5994905930407,-0.21549930802542794,0.37401720693291485,-0.6982948127906605,0.48499284255959074,0.6785818509641622,,0.0
CDK19,165001.87946601864,-0.7061839844108184,0.2845079385386821,-2.7397217538443566,0.0061491217528592676,0.01914595462126219,0.014332625842645807,1.0
KRT6C,66258.64651696672,-1.6979580485655557,0.3848853462526842,-4.809499054231525,1.5130901196251182e-06,7.443090253146045e-06,3.526772671350509e-06,1.0
FBRSL1,400752.9660364326,-0.04939784019995616,0.5409728487212441,-0.1430010551918537,0.8862893478361747,0.9407983117699169,,0.0
AGGF1,253525.4939867297,0.47411249347177975,0.26243306851438625,2.0104092905030764,0.04438788799908685,0.11238923113677422,,0.0
SAP30BP,502414.02119787334,0.7051549631081725,0.21122981708538505,3.413198306053884,0.0006420520370031004,0.0023740219129514194,0.0014965212899866658,1.0
LINC01355,70785.64283421054,0.23007324617105518,0.2125953103779572,1.1280723785401505,0.25928935322035584,0.45812827899854175,,0.0
TRPM8,8781.587756627465,0.10831542895919481,0.22591574788170932,0.5123767410053544,0.6083873659794239,0.7731798415634382,,0.0
GATA2-AS1,12542.404925987817,-1.456811754568823,0.12541568126460925,-11.748719844486827,7.16967569348294e-32,1.5965331410309334e-30,1.6711374934155564e-31,1.0
OTULINL,78574.73156306293,0.8109309840882928,0.15220599852604347,5.376498406671605,7.594837093229209e-08,4.314697883943883e-07,1.7702358607956677e-07,1.0
GALNT12,47114.40586392431,0.7418963705914704,0.49624327453267547,1.909329973124736,0.05621953806894854,0.13861742752739264,,0.0
PACERR,575.7349505914705,-0.1637721656844997,0.14056940893035283,-1.1963870479426442,0.23154555334631544,0.4232242075984349,0.539695897238982,0.0
TTLL7,74984.27751981506,-0.18356756078937908,0.2433650716752122,-0.7970615525420521,0.4254152841622121,0.629588386958156,,0.0
ERFL,6743.236305164642,1.0873875782045326,0.4377546308087765,2.893917041666151,0.0038046866820268875,0.01233925693754884,0.008868120172873886,1.0
PRKCSH,4099696.476998566,2.1069699299697664,0.13475249633959882,15.818627651313049,2.3148342354516523e-56,1.5192622587411636e-54,5.395510825435907e-56,1.0
GJA9,1847.3050455675736,-0.49496192629635316,0.5512526237726948,-1.2869967617501035,0.1980954168310508,0.38135852533897396,,0.0
HECTD3,411940.0456926498,-0.022572085550524697,0.13728530432625152,-0.22953102675664996,0.8184562083787339,0.9049470086801278,,0.0
NT5C2,374410.7995496113,-0.057976185832214096,0.10735152742478397,-0.6594202526628099,0.5096259403799899,0.7008586133486048,,0.0
ZNF730,3210.071604546462,-1.471061937826518,0.10332578414092594,-14.339929596027861,1.2318034589495975e-46,5.796448729472257e-45,2.8711381557199033e-46,1.0
SNX33,164825.98595171288,-0.3287480618691399,0.7578485312704389,0.10553968279053098,0.9159475834853965,0.9546064660311655,,0.0
AHCY,1044161.0496927805,-0.14164696537454463,0.4717415270332161,-0.17542618672019406,0.8607447655973083,0.9279567554081637,,0.0
GAL3ST1,6819.232912119692,-0.6434593058425705,0.7238911395562739,-1.5159113135940705,0.12954177915736084,0.2761343565969726,,0.0
APAF1,126420.52361110249,0.24615773091958285,0.13504189011123438,1.798840198277294,0.07204396253526792,0.1695072099650549,,0.0
PPP1R14BP4,565.6054047156053,1.5064827577809077,0.19020477402363636,8.104705213061157,5.287355619696127e-16,5.360432892488675e-15,1.2323985902357141e-15,1.0
TMEM39B,84874.43595127379,-0.19763149599617216,0.39638932565820745,-0.6330949361352357,0.5266716489296246,0.7155785987041378,,0.0
RNF38,1291569.0863035244,2.761020512171624,0.18495049482878487,15.081216108698024,2.1526708668305385e-51,1.2341979636495089e-49,5.0175337774536104e-51,1.0
MTO1,245881.61005637702,1.288990595105061,0.24081826570755632,5.617703958239151,1.9351168407656334e-08,1.1504604054516067e-07,4.5104499073546635e-08,1.0
PF4V1,185.59798314627238,-0.5865477454618873,0.11030230454102302,-5.398784833965452,6.709378173149604e-08,3.8291050718158154e-07,1.5638494545640292e-07,1.0
ZPLD2P,1372.5750424281596,0.15579776134673867,0.13217012101252365,1.2087087899793503,0.2267747435076315,0.41770768855837,,0.0
IMPA1P1,147.41161040070156,0.17553872174169916,0.22705412433628525,0.8284473499423178,0.4074172003971105,0.6132157500243776,0.9496247642900875,0.0
TAF6L,76069.79908712249,-1.2481682796967923,0.1923047596904501,-6.697134721406057,2.1254566111793008e-11,1.5990614745946233e-10,4.9541016712908186e-11,1.0
UBE2Q1,442784.11965487635,-0.5626402900355292,0.14463251692935664,-4.0644875500088675,4.813810823504377e-05,0.00020417762234387613,0.00011220228218523286,1.0
CDC42P5,3541.5442015270482,-0.41781293865610875,0.6252606373310649,-1.070833663691493,0.28424422747730116,0.4897269362064383,,0.0
EIF2S2,610544.8011146326,1.0765736498737033,0.3779076345884889,3.2222614309532287,0.0012718303119069049,0.004458109343493774,0.002964434390556842,1.0
BTN3A1,622564.4538280441,1.738310781669639,0.37525250838802104,4.999145828358687,5.758484020952428e-07,2.979597333662937e-06,1.3422111353509678e-06,1.0
MAT2B,866355.0897191602,1.8675431604917763,0.3226541687183297,6.101251465020553,1.0524118398474942e-09,6.943690816348282e-09,2.453004793065094e-09,1.0
GANC,119963.81343939174,0.3075756878827032,0.699088473161076,0.824774417191941,0.4094996734400377,0.6156071040141374,,0.0
OSBPL7,44589.62439680945,-2.2004346547579132,0.9376051404085433,-3.2057326607984216,0.0013471908770456343,0.0047057339598764875,0.0031400878947213198,1.0
RPS2,2043701.5377743512,-0.5196907643294674,0.14705499516016468,-3.45417480522148,0.0005519794674358849,0.0020608335206363728,0.0012865764409206513,1.0
SMAD5,451859.84047432384,-0.09202943834243836,0.6075930447688287,-0.2625213654915262,0.7929195155350814,0.8893694793455796,,0.0
NPHS1,1080.1491870443595,0.2206211133929127,0.6077141735083254,0.581236755081029,0.5610808990486769,0.740423717586913,,0.0
SH2D4B,1087.906941935074,0.32927169978400334,0.38406391889089364,1.0357901055391256,0.30030007459922525,0.5086250998484149,,0.0
LINC01960,2646.9060357071517,0.3508861424323966,0.15427190792846404,2.3496316199288243,0.018791998893066403,0.052630258550598094,0.04380116377505384,1.0
DKKL1,2057.7824435822404,-0.6752900926003159,0.5255423475334244,-1.7257671333766809,0.08438931490382502,0.1938894070659969,,0.0
LINC02245,676.9084890573706,2.4479114011538896,0.27939438439803455,8.985059107512921,2.585952649775769e-19,3.0349957216662435e-18,6.027444774337166e-19,1.0
IGFBPL1,2261.5839579610374,0.20359836187324049,0.10985899665393349,1.8757345917764707,0.06069173344029605,0.14724239610904508,,0.0
CFDP1,268510.1292874884,0.1994785395221152,0.22243836993095537,0.8668492665488077,0.3860246041494918,0.5957582690277429,,0.0
DIO2-AS1,419.4714184502485,-0.08425843480602506,0.49269450377042195,-0.24150268960579027,0.8091655321645685,0.8997141494509292,,0.0
ANGPTL5,7742.9802580422165,0.3280068129832312,0.6731820494116314,0.8445460087025402,0.3983643649362584,0.6058530136940478,,0.0
CADM3,73796.8144060764,-1.2686848912421296,0.2205238393006496,-6.029895062294204,1.64066176754545e-09,1.0683578193886038e-08,3.824121914260142e-09,1.0
RAP1B,435695.6131095739,1.0730269983836833,0.7842499061674381,2.1085475453734728,0.034983654674269525,0.09150417908508464,,0.0
GRM5,818.9859623190271,-0.08394864173753262,0.5464000127327264,-0.23662606218208376,0.812946899618175,0.9017076129187139,,0.0
QRFP,2186.808719954478,-0.04160399971266126,0.1896329782625455,-0.23370060864734374,0.8152174152053,0.9032217829951213,,0.0
MRPS27,370752.6531245117,0.04920346773296965,0.16832937157178776,0.2749182406197935,0.7833790529325516,0.8839824353493689,,0.0
RRAS2P1,20967.8622462639,0.49391489859707777,0.6112822756208572,1.2313382658222922,0.21819637570909933,0.40716929369135335,,0.0
NIPAL4,5963.764257221573,0.2679400189571317,0.35865540187713524,0.8821825596438638,0.3776780916616861,0.5883380141188289,,0.0
PCAT18,13045.305311561193,-0.5008908472112088,0.2042920370369312,-2.5797085355379235,0.009888373513326656,0.029641350411342162,0.02304822760956699,1.0
MIA3,495662.1740003525,-0.1568514754117901,0.18741373013746365,-0.8621737455217958,0.3885919149023438,0.5989791321177041,0.9057460147349957,0.0
LSINCT5,2143.8775523774893,0.9360560232497326,0.28408787538046976,3.5507283698792595,0.0003841666834498057,0.001458313102775975,0.0008954315032932854,1.0
LINC02235,330.8444219158899,-0.25176411215457645,0.29093162134152006,-0.9715977111675586,0.3312507216522663,0.5422640628820166,0.7720928035521049,0.0
NORAD,2820095.2021800093,0.5349580301633893,0.30257785421069133,2.087870027416683,0.03680956053445714,0.09569637847918357,0.08579723735788422,0.0
DPM1,179899.7414570176,-0.25095348107797866,0.6683617801023884,0.1099542215950276,0.912445680574844,0.9523629426352335,1.0,0.0
ADGRL3-AS1,336.8685939711343,0.07368226220551348,0.4064433315959648,0.2233989896446589,0.8232249906066211,0.9074152386388991,,0.0
FCN1,28372.595995369094,0.05668097738067844,0.1547551028523438,0.36221394433399356,0.7171921599949973,0.8461103344501056,,0.0
SLC9A8,166419.67352661808,-0.5633650181278357,0.23737130200392786,-2.5406247044923203,0.011065462480431582,0.03285388503118615,0.02579183497775361,1.0
CRLS1,311811.3113736599,0.42168100062638453,0.20383143638166565,2.093234618745774,0.036328215827584304,0.09454579116213288,,0.0
CYRIB,398490.6910052861,-0.1907719823004693,0.4948469724227304,-0.5298237712563487,0.5962341221294334,0.7671890049931783,,0.0
RPS2P7,104791.94360019904,-0.22074124994902808,0.2548429198073661,-0.9653527638892012,0.33436815215279114,0.5453406681894991,0.7793590387561319,0.0
CD6,26968.882781015313,-0.9606925621214897,0.17484818758450454,-5.704134474168274,1.1693573571493057e-08,7.095808391071457e-08,2.7255862137666993e-08,1.0
CPA1,124942.36016387581,1.7243742772971022,0.5000479152709855,3.9257614179353686,8.645581694050258e-05,0.0003575801118567387,0.00020151477331739574,1.0
CNN1,1074879.3032077656,2.7633089504514237,0.3380998006469997,8.428151991989385,3.511667549367715e-17,3.695400366296659e-16,8.185139129086993e-17,1.0
NEK9,584191.7697469363,0.4250374493689004,0.41417016270667556,1.2231687806428777,0.22126595447716346,0.4112051344754439,,0.0
DIP2B,225138.81008637472,-1.5453794743964688,0.2494101035361729,-6.538813379934261,6.200884113391387e-11,4.463204900086037e-10,1.4453275681119737e-10,1.0
LINC00431,3973.9273952020644,-0.317315888257041,0.42293991923085184,-0.9508771998995884,0.34166671718347685,0.5535023011728427,,0.0
CYP4F22,165642.00465280478,2.7159144487871405,0.3512731061683027,7.976394820786569,1.5066944740537399e-15,1.503078407316011e-14,3.5118654376542306e-15,1.0
EDNRA,163698.31422274976,-0.007453702847173627,0.08937553795753272,-0.10525664347837058,0.9161721652970317,0.9546410613122195,,0.0
NCAPD3,216456.36288378696,0.28273148224969197,0.30319010050872,1.0908930708674063,0.27531993644434294,0.47866707667632713,,0.0
LINC02613,33780.14808287079,1.9691143563561515,0.23827659471312754,8.446043348876534,3.013418367154324e-17,3.1912804278908215e-16,7.023799446432602e-17,1.0
EGFLAM-AS1,2086.5452115067405,-1.420084157538613,0.30619595894857593,-4.9465809331578825,7.552833336890501e-07,3.852099456483622e-06,1.760445452542515e-06,1.0
GBP4,245571.80933850072,0.12754740414957902,0.16412545121274721,0.7588539351489425,0.44793993747453253,0.6481192654872583,,0.0
OSBPL3,120205.01914821225,0.25668932535582406,0.18195803445906386,1.5401717926338776,0.12351848363642855,0.266598959921465,,0.0
C12orf60,800491.8485474766,-0.9345531264055069,0.39441423202808706,-2.7740210967113312,0.005536808751566152,0.017416636709716056,0.012905421520005593,1.0
LDHD,72335.57418882489,-0.08661316932722446,0.20401634347190326,-0.47858976672632153,0.632230499772338,0.7891806138299354,,0.0
FUBP3,331172.7710035265,-0.12539018454607706,0.1325111814519532,-1.1074358369978299,0.26810553891009725,0.4692169905872168,,0.0
NRP2,395257.3575855136,0.17120471563513778,0.18087903067471825,0.8458729932344285,0.3976235999229598,0.6057997178116205,,0.0
MIR4709,92185.64070022308,0.007884324826996218,0.16920302324627953,0.02982447174339953,0.9762070418166605,0.9901018146770034,,0.0
LRP8,81696.47312882854,0.12647931358065248,0.2186978773129896,0.6241077600116853,0.5325568180065063,0.7194998397119322,,0.0
EIF1AD,120451.25331377235,-0.5945036787380562,0.28549888259332123,-2.336677783847497,0.019455944553666175,0.05439812300094556,0.04534871562321817,1.0
IFNGR1,1486721.8140768043,1.6033220566561857,0.15124103266818836,10.818453330608378,2.8148745396840633e-27,4.8415842082565887e-26,6.561025328945845e-27,1.0
RPL6P24,755.1282977481478,0.722144527036187,0.2105313004707008,3.6024825902549855,0.00031519251622749744,0.0012140388192608165,0.0007346636780106343,1.0
COX5A,396017.76012404804,-0.012034589389821467,0.08318819023189243,0.1727762552755025,0.8628273018763059,0.9288826330952923,,0.0
SEC11B,12714.352778584882,-0.41177007301324475,0.31456037205302534,-1.4898198348952818,0.13627161433905208,0.28692393935128396,0.31762748239401484,0.0
RRM1-AS1,12384.121518705477,0.2702905234345192,0.4162431702214055,0.8094824663259513,0.41823768424582497,0.6244147168566822,,0.0
HSBP1,577054.98322424,0.07678735993478117,0.38094179139212,0.1888259131118597,0.8502292614519249,0.9223452710139628,,0.0
DNMT3A,798038.6362142436,2.3484668615113042,0.7359307211879975,3.7266504522280814,0.00019404126485134127,0.0007651208135007828,0.00045227935938247206,1.0
ATP5MGP3,1582.8261829342052,0.21403425274778345,0.45326873038917903,0.615314646619372,0.5383469467178638,0.7239888299349433,,0.0
ALG14,37713.287818528595,-0.11616423721415552,0.39003461033386805,-0.37373651123119533,0.7086003585206568,0.8403049416439057,,0.0
CCDC106,85104.36297911222,-0.7929531957728189,0.6178696892885079,-1.8789410269015312,0.06025254606296543,0.14624802908130002,,0.0
CNOT4,391970.3713547605,1.8755258248605462,0.1871887766678262,10.233947037112022,1.3970660913141747e-24,2.1181050648860496e-23,3.2563390950818238e-24,1.0
FAM118A,157012.19625925686,-0.03888048636659018,0.13400834739339867,-0.3984221177099803,0.6903190569934159,0.8275201769486081,,0.0
ADGRL3,45219.187110632316,0.09713922533836274,0.42847975000151284,0.3149836897545944,0.7527740377023995,0.8677691010075269,,0.0
ME1,221560.60524388944,0.014792206503743065,0.32496653526144387,0.09051685912228201,0.9278764973047439,0.9606160167198137,,0.0
TIMM17BP1,352.0106327332205,1.4955145942416759,0.3530601276203868,4.580529564299319,4.63800045144905e-06,2.2011747147314805e-05,1.0810442173751337e-05,1.0
OSTF1P1,791.6755083107348,-0.11025816130819947,0.3116596534382342,-0.40732312746939503,0.6837706786790945,0.8226358285700248,,0.0
ESPN,93636.06582583708,-0.21614167466527823,0.31792655696466465,-0.819223740917473,0.41265877212178736,0.6181391863387782,,0.0
AICDA,551.8045846632887,-1.1964101906242555,0.5047789636421622,-2.8781884104848445,0.003999661809455635,0.012921187244536728,0.009322576217553601,1.0
SLX4,127957.96930556903,1.0669131482601477,0.18304575467764272,5.958897494708701,2.5394531606509965e-09,1.6281224119957803e-08,5.919061852956622e-09,1.0
RXYLT1,67715.7062947509,-1.4216198592026759,0.10425054769845561,-13.641314235393137,2.274246972944002e-42,8.932239292161167e-41,5.3009083649741504e-42,1.0
MYCL,30523.19317779628,-1.0340366401664582,0.3939432447305964,-3.022374931093836,0.002507996975463243,0.008362225209632791,0.005845742482995633,1.0
ITGB1-DT,946.9014284301529,0.9549934900653637,0.3175824858505678,3.302177310008422,0.0009593740413359612,0.003432824761968274,0.002236148466441016,1.0
PLA2R1,225683.1345833743,0.5343780642154004,0.2889141652747635,2.0877916848454237,0.03681662997224404,0.09569637847918357,,0.0
BACH1-IT2,3311.586293120656,2.9731039197837874,0.4052909014599142,7.61755014486972,2.585354874126005e-14,2.36185899489753e-13,6.026051454271267e-14,1.0
RHBDF1P1,1761.7747438533302,1.686857722732988,0.25387560642526635,6.879591645937209,6.002437237086212e-12,4.66357584713178e-11,1.399072754139534e-11,1.0
CDH1,1875677.8278272669,0.26711953728607307,0.16206315531293333,1.547486926373107,0.12174587458185601,0.2635713638950945,,0.0
RAD18,176939.01749103251,1.1189280245962951,0.14432078657763833,7.7577032903026915,8.64811861860148e-15,8.10842399804214e-14,2.0157390499805693e-14,1.0
MFSD11,584173.5339057011,0.6296341590659021,0.15580704765871997,3.9969127755630245,6.417393341432105e-05,0.00026846935361191494,0.00014957924293020254,1.0
GGT1,152019.10918276437,0.1842607929578759,0.5093820538015618,0.44991293163955537,0.6527732227887154,0.8018230036935869,,0.0
MMP15,209770.71772137843,-0.013658054513893568,0.14918143683208634,-0.18246126616211414,0.8552207491913809,0.9251444582447642,,0.0
OXCT1-AS1,13903.10382374113,1.0073186294690912,0.2178690655455097,4.810145976689576,1.5082010871010962e-06,7.433702591363902e-06,3.5153771132991904e-06,1.0
FAM107A,515627.6910322122,-0.07849781752250279,0.2925506989631532,-0.23768721182787902,0.8121237029486654,0.9010662645714382,,0.0
PDIA6,920503.9248437524,-1.4653205311688415,0.17060997505734402,-8.833396491357524,1.0154429865241022e-18,1.1590456788975336e-17,2.3668362695244026e-18,1.0
STK3,183698.53573569917,-0.06289375166032424,0.340180353654564,-0.25300148497214137,0.8002670656807704,0.8937612810570563,1.0,0.0
MSL2,161802.98011662118,-1.7044303817569473,0.3642846869348462,-5.071226238430774,3.9526054602901477e-07,2.110877519906559e-06,9.212895343891241e-07,1.0
DNAJB14,148278.90877952045,-0.07618074674557965,0.3857695156454537,-0.28325102651579587,0.7769844157122352,0.8796909756211138,,0.0
ABCC11,158313.5742630214,-0.01824897674124307,0.4033500494132434,-0.09916375440233638,0.9210082527691084,0.9562841725254605,,0.0
PON2,1928072.2075297728,2.789602536987244,0.7546844585859648,3.522221853234105,0.00042794585172104005,0.0016232653295699983,0.0009974737889647419,1.0
LRRC25,109079.86154714072,2.3572453067942862,0.12463038496886787,18.96888813638798,3.08359839039808e-80,4.272496880918228e-78,7.187377930516646e-80,1.0
IFITM3P6,2625.493370371992,2.0657536745812553,0.17251505939480222,12.14201593669821,6.324828234585156e-34,1.6178586273902955e-32,1.4742169735565775e-33,1.0
HS1BP3,142314.1026119859,-1.037363509698173,0.22382984481014137,-4.89772759828511,9.695130826244128e-07,4.879849905278074e-06,2.259780960808678e-06,1.0
ADAMTS10,670548.754271033,2.298610643428395,0.5944030930522182,4.356449345584668,1.321892668799085e-05,5.961664224204192e-05,3.08112179064011e-05,1.0
ZNF890P,2011.107227191569,-1.2272442167182942,0.19621562111402735,-6.454150689017576,1.0882748355627011e-10,7.72164278774787e-10,2.536595738218109e-10,1.0
CD2,69211.22196263331,0.3135522750228339,0.7049402369431506,0.7940076551953671,0.4271909748110855,0.6307959095197437,,0.0
CRYZP1,1895.6069875373967,-0.48139878282150117,0.16164285336514755,-3.0816003568893797,0.0020589105938212606,0.006967331100393791,0.004798993477560957,1.0
COL1A1,18233337.616178773,0.6607246196014399,0.7579145362989426,-1.065340321759801,0.28672195226169295,0.4921435298972211,,0.0
RANBP10,260324.77048789064,0.0050772237406041055,0.4221115694896486,-0.02107283035703206,0.9831875583154339,0.992422796966953,,0.0
PIH1D2,15518.929824917435,-0.007471876580386876,0.11109088216795415,-0.07754176108476035,0.9381925707197899,0.9674807820447203,,0.0
DIPK2A,132023.627354916,0.7723797397867175,0.620295389346016,1.8193433579938165,0.06885906240546691,0.16324572399166776,,0.0
HMGB1P11,352.2922414248477,-0.7346135402801288,0.2514595373749525,-3.1347128089888363,0.0017202243107136428,0.005877040316328528,0.004009569561607313,1.0
PIN4P1,14352.386007125042,-0.03652020696018739,0.12522394612409057,-0.2929754216718359,0.7695409384609947,0.8766301973981125,,0.0
LINC01108,154.52973487032042,-0.8546902646160192,0.19155927968575012,-4.63611042060238,3.5502636273845034e-06,1.6946138730520483e-05,8.275100454856965e-06,1.0
SAR1A,764195.5205055482,0.3434125896524439,0.36827899276210285,1.1488466751106394,0.2506192091738906,0.4472588963718663,,0.0
ASNSP1,992.4756570810893,-0.42601001316837056,0.43910176457504996,-1.2375276700429452,0.21589124832147677,0.4045325118811142,0.503208199358657,0.0
NAT8B,2850.1530304295093,1.5690182518912852,0.38439180265459705,4.445227502730557,8.779890512907584e-06,4.073869197989119e-05,2.0464529849711695e-05,1.0
ZNF800,660328.9100325245,2.9999499855672225,0.26455896564542325,11.492369709454117,1.4410386116421634e-30,2.9579837838975766e-29,3.358832053678089e-30,1.0
RPL7P44,5544.5386653195155,0.23795178042332615,0.3523026613361215,0.7993481167984169,0.42408858575486275,0.6294024289767497,,0.0
SLC12A4,353507.0205682572,-0.8349873052989388,0.3757355475521641,-2.6178840821651974,0.008847685519264953,0.026860776244731335,0.02062254923836149,1.0
RNF41,181771.9340398421,-2.1601604027580223,0.16884398431564146,-13.008284001871631,1.0977961818609032e-38,3.401122580821233e-37,2.558788483701956e-38,1.0
SELENOS,326785.29234195,-0.29755899312893336,0.14057560639403455,-2.189324541204283,0.028573259864058655,0.0765021042415054,,0.0
EIF3KP1,1097.635986562543,0.05454359860286409,0.14493302042895778,0.3835556603710018,0.7013078087340084,0.8344759899726226,,0.0
IGFALS,12092.677385796906,-0.4399011818520146,0.11885734308464314,-3.7866430927334584,0.0001526961789300222,0.0006088317669887696,0.0003559105329453041,1.0
PFKP,548078.0790070252,0.998799639633104,0.2420267255164981,4.400427121826996,1.0803800877161216e-05,4.966761177445175e-05,2.5181943352934646e-05,1.0
DMTN,166166.73501295224,0.015445650204639465,0.4688355005446105,0.010632388241088737,0.9915167414137245,0.9961098703266178,,0.0
EFCC1,124673.63353997473,2.0187139553700386,0.5172564864630219,4.370130524780893,1.2417229105553319e-05,5.6306489798636314e-05,2.8942588214252315e-05,1.0
SUMO4,679.7279175161859,-1.8577933729658913,0.1643209606246821,-11.45786431328652,2.1474487713292202e-30,4.372030396485776e-29,5.005361902518762e-30,1.0
UBE3D,20007.153096628655,0.4245571662629085,0.6245326234964892,1.0727945003304478,0.283363328918775,0.48920010504209255,,0.0
CUL2,1232956.6170973312,3.3349521585059643,0.47109593343385814,7.0310310640145035,2.0501284885777964e-12,1.6335528595888256e-11,4.77852378552619e-12,1.0
GYG1,422733.14865043014,0.583393904673889,0.2556012789555475,2.4154249389203204,0.01571686154416045,0.04479754593272704,,0.0
ATXN2,269584.2481190115,-0.10820847675875192,0.10474098423049663,-1.1993746702451649,0.23038229220747564,0.42213295640154197,,0.0
GPX4,1902782.7627709943,-0.20084728302997953,0.11186077963115297,-1.2005972190433303,0.22990748032992048,0.42176800844083273,,0.0
MIR29B2,296.782036722609,-0.7338744802204572,0.2626462704538941,-3.016524135770474,0.002556908613563393,0.00850257344296947,0.005959747740399161,1.0
SCT,1799.8119660520656,0.052687786254847456,0.13947702750170338,0.3857606664895317,0.6996739283209507,0.8331578719200596,,0.0
MTIF2,729762.0470933451,2.8328038444953694,0.14192603048399055,20.10141203361075,7.172357284800466e-90,1.5554660059384663e-87,1.67176252974695e-89,1.0
OR2H2,1515.5757506827763,2.662349038519789,0.1667635170345403,16.089591404814577,3.0182265726572606e-58,2.1204104428752696e-56,7.035006609539447e-58,1.0
BUB1B,67284.3566986263,-0.16211271212182776,0.43883991055299904,-0.4989155335246866,0.6178388904539545,0.780124039730295,,0.0
ZNF687-AS1,4650.658056617988,0.3843420109183594,0.5176436175686124,1.034466345165288,0.30091820235750755,0.5088067774099144,0.7013925202613307,0.0
ZSCAN21,109829.69338754224,0.9682677252717775,0.24453269841670824,4.15746248445313,3.218021003653374e-05,0.00013957816318454808,7.500695685150948e-05,1.0
SUFU,146802.00573425717,0.17946996108050828,0.3205467266560571,0.6275232498749606,0.5303163007531945,0.7177371314729579,,0.0
FAM86FP,7990.790301779352,-0.8447779565967527,0.31750883453853607,-2.9544092541100375,0.0031326826875984403,0.010293689885204889,0.007301785628850944,1.0
CHST12,97297.90855103738,-0.9382237764905934,0.1969810062294672,-5.004040889333047,5.614084061676099e-07,2.9200262043420626e-06,1.308553799048616e-06,1.0
ZMAT2,431938.37222811615,0.18454812107595994,0.13297287090352863,1.2296736504300998,0.2188193377767108,0.40787401226839815,,0.0
ATN1,2449794.3931532814,1.1210693544734938,0.5403152237539518,2.327678006561606,0.019929207843080974,0.055534574704630114,,0.0
DRAXIN,9039.842048979834,-0.1354644144890112,0.28932232439280964,-0.531664588138078,0.5949583223188499,0.7670851642160659,,0.0
PGR,546426.0842584189,0.2385373385031514,0.24639429963618062,1.0646338917557088,0.28704163658026083,0.4924749004894658,,0.0
ABLIM1,1327258.5990357744,-0.25953667603370223,0.3793093706921077,-0.8591243832875324,0.39027189610776214,0.6001134528669915,,0.0
COL4A4,26431.350233848603,-0.07438500277974706,0.1686587879904899,-0.49776983535451746,0.6186462792860978,0.7808217715281012,,0.0
CDK18,99078.19625326779,-0.17243568479619234,0.14536961961700492,-1.2754076600957223,0.20216498880744072,0.3856210188036383,0.4712144692390254,0.0
HIBCH,132827.09038816244,0.17727747634204902,0.18591011503451255,0.9761179692807228,0.32900600757377485,0.5398295940059175,,0.0
WDR59,257876.4372941453,0.06490810478395351,0.19975336260157345,0.29744812235160184,0.7661244088700454,0.8746689291471244,,0.0
CDKN2A,96631.1763254939,0.11157512458792261,0.24027840151048593,0.4859555560843175,0.6269986773460609,0.7867847553716104,,0.0
DNAJB5,64240.73430822772,-0.35130257525940656,0.729784169867809,-0.9470597680163492,0.3436083240459227,0.555225663667428,,0.0
ZMPSTE24,400275.91952129296,-0.21071621711369692,0.2797279762360658,-0.901293614958376,0.36743222776078255,0.5783376308206952,,0.0
TMPRSS13,159306.74687901614,-0.1107744685650203,0.7034890493205367,-0.31161237712189943,0.7553351267190522,0.8699172505367427,,0.0
KARS1,477435.88170301996,-0.49100444529297277,0.7311380341548738,-1.2521984131812716,0.21049757408894,0.396810997564487,,0.0
TIMM10B,198307.0706171011,-0.056911268106092414,0.13579960278000916,-0.4614845458454562,0.6444510064649545,0.7967964497794598,,0.0
RAB21,277008.41195834725,-0.7879514871838371,0.2629208814406487,-3.2858926480427577,0.0010165974597759618,0.003627173196968882,0.0023695271632535038,1.0
MAPKBP1,205784.16844478605,-0.16666260179223236,0.2200138380434464,-0.8219171005834226,0.411124079673271,0.6168082880719953,,0.0
PCDH12,82255.0117302765,0.11318631040074534,0.6278705998749537,0.29175811943236135,0.7704715685173831,0.8766301973981125,,0.0
CCDC190,281.871138434974,-0.08588995988872306,0.3923184497760841,-0.2735732900033207,0.7844125626512393,0.8839824353493689,,0.0
LMAN2,1628046.2755216134,1.2254174941792313,0.2959201946793405,4.455213720778183,8.380966266458637e-06,3.903292225685871e-05,1.953470081172695e-05,1.0
NENFP1,138.88968615682757,0.21374852914552117,0.2447090576584088,0.9453047619903944,0.3445033079770773,0.5558099385583882,,0.0
LINC00939,2796.3208643691214,0.6764326901232249,0.85880827692291,1.5487821896831795,0.12143408837396327,0.2631247753298561,,0.0
ARSK,34969.2576652623,0.10909569115410779,0.5571130672442036,0.28773022375267715,0.7735532527039464,0.8777260292282267,,0.0
CPT1C,59890.12041982399,1.867011183934196,0.17805829845678575,10.607283123726155,2.75647906254807e-26,4.522801830259794e-25,6.424914749527931e-26,1.0
SNHG7,240335.48328829068,-0.018991200659987533,0.22553512512532384,-0.18308029895139766,0.8547350136631896,0.9250094293082782,,0.0
LINC02048,366.273639399254,0.8155185208264364,0.16556295966344878,5.072516609892483,3.9258885616329094e-07,2.0988566072266827e-06,9.150622497862127e-07,1.0
CX3CR1,26593.911955370357,-0.13401422109318617,0.15877829433755342,-0.8755560012921496,0.38127145343698854,0.5920865534693956,,0.0
MCM5,273092.85215860687,-0.21158043101666626,0.16081669446461122,-1.4133420253840745,0.15755518291478332,0.3212940524852573,,0.0
TMEM63B,1687582.4582913206,3.263747802059723,0.5407053924027052,5.7464962752825945,9.111163706410571e-09,5.5694221283794025e-08,2.1236675031577536e-08,1.0
CYCSP23,858.7101777570224,-0.3415944930711461,0.22283728778547904,-1.6393018685746135,0.10115040708117486,0.22706491022542763,0.23576552828079447,0.0
ZBTB8B,3411.137209084751,-0.28780095912865694,0.335750354226798,-0.9895606882258952,0.3223888928331996,0.5318399523941142,,0.0
TTC7A,1065761.679674095,2.9729551261811937,0.2055671087922202,14.632709878278671,1.7372743995220303e-48,8.842372147771314e-47,4.0493106097270504e-48,1.0
C22orf23,32794.4064064936,0.04010211195151708,0.08216340776314061,0.6116622811016798,0.540761222352341,0.7262565904936664,,0.0
CARS1-AS1,32898.465427575284,0.0004741139586962935,0.6844907899537178,0.7738640410597546,0.43901119624301865,0.6411326069940403,,0.0
TMEM237,96819.76461010778,-0.3776280893250722,0.7075607401143154,-0.9958763732439143,0.3193102163010927,0.5280899731133456,,0.0
NIFK,191125.75382977125,0.15241011492528111,0.20571932925146166,0.8374693420914378,0.4023288027615335,0.6094567928465653,,0.0
GALNTL6,2328.7685391280966,-0.058162072049072644,0.2251779215224787,-0.26625274146642103,0.7900445666055336,0.8877541324244723,,0.0
SPOP,550520.5678830941,0.9464004017736527,0.10255748337853045,9.267660900641514,1.9027272194375614e-20,2.3550380572095673e-19,4.434954846053531e-20,1.0
LDLRAD4,214366.59558949867,-1.9402207971679557,0.15466914912843988,-12.810128041590525,1.4389692375125785e-37,4.350047610128934e-36,3.354008671361094e-37,1.0
MRTO4,209804.77636052546,-0.34441353247562484,0.25504000399485327,-1.5412616530081518,0.12325311775048207,0.2662566268252077,,0.0
C2orf42,55222.07998258896,-1.2461822138890206,0.16097992587050133,-7.87984544473406,3.277862709663139e-15,3.174753241902861e-14,7.640177194298942e-15,1.0
FTH1P24,106.38568089427773,-0.6873985966017092,0.7398428829309374,-0.3753703207523658,0.7073850744669192,0.8395043424794179,,0.0
NAV2-AS3,83.51460093828246,-0.929760387228096,0.27161159699028514,-3.6797104464117236,0.0002334989290659711,0.0009120537652161816,0.000544248905692086,1.0
GKAP1,46124.62896053915,0.07987264823838254,0.17151153822934737,0.45891550735550407,0.6462948423077676,0.7983453871795801,,0.0
ICA1,138226.95650653783,-1.6396874106030292,0.4529661046736235,-4.128882864250483,3.645300425354746e-05,0.00015674791829025405,8.496616131621248e-05,1.0
SUPT7L,537230.7250523973,0.8092904350610385,0.5257926356712359,1.9771279560658206,0.04802716848302874,0.12068489490848733,,0.0
LETMD1,1056300.3819469824,2.097150333185657,0.4208689711023115,5.356067373546092,8.505280508150525e-08,4.799133390798057e-07,1.9824457558249916e-07,1.0
MRPS35,140813.66618265776,-3.702018218873162,0.4078934124061441,-9.282967298489343,1.648231120591365e-20,2.060495445992413e-19,3.841764873602676e-20,1.0
GEMIN7-AS1,36427.46349488969,1.3214008762671037,0.17130665765220268,7.862706176282678,3.7592209659385175e-15,3.619883045965507e-14,8.762146812196882e-15,1.0
CAMKV,1746.9178316490375,-0.061896976128651214,0.24332782906326633,-0.27971493719413726,0.7796962173858548,0.8812881786359945,,0.0
SF3B5,489498.997788346,0.7675323409510726,0.2644738462189529,3.1717551052609023,0.0015152072232657342,0.005223119301761909,0.0035317073035745247,1.0
HDDC3,128317.74902540431,0.4867337226996709,0.769236620950883,1.1741844845926315,0.24032113926115084,0.4340050118155758,,0.0
DLX4,11196.212145120353,0.6643964127972178,0.12114879702791263,5.581526021467533,2.3841737467947645e-08,1.405704332034549e-07,5.557130209818825e-08,1.0
PAH,5420.638887738745,-0.13120671885192822,0.25280944586634096,-0.5769346841875681,0.563983579226264,0.7422559612613733,,0.0
KCTD5P1,377.33390275562357,0.07310663503495622,0.20892588221855835,0.3693439478850064,0.7118713719225048,0.8420238091414404,,0.0
AASS,541254.187629418,2.7997208755346414,0.5238637678115996,5.719462179655995,1.0686175638191043e-08,6.492404882252975e-08,2.4907777609017254e-08,1.0
FNIP1,239746.43152656546,0.01586490866656458,0.1979558651371811,0.06783434324910408,0.9459175047564922,0.9721437043322607,,0.0
PTPN14,372963.48550888116,-0.43296463714207584,0.17597136021591056,-2.6074965448135132,0.009120699099549564,0.027605611109558996,0.021258900518015527,1.0
PCDHGC5,633961.8091336967,0.05661305493206077,0.22077122883711112,0.25337499435193434,0.799978448949937,0.8936825315481042,,0.0
VWA5B1,421.3041352375343,-0.04086644732214208,0.18982507351383243,-0.22508237777082019,0.8219151897636529,0.9068942623802475,,0.0
LEMD2,275645.4675953421,-0.46294258556730217,0.34858488536839377,-1.5586482810752786,0.11907964902168348,0.25927965757332494,0.2775557426729707,0.0
FAM50B,34449.53040621728,-1.3868314981837528,0.2914381478819397,-5.066776080339558,4.0460976518573004e-07,2.156189646096604e-06,9.43081078853468e-07,1.0
RPLP2,4755782.712825239,-0.31475850576476005,0.553816963126255,-0.7743545193470298,0.4387211712604664,0.6409903931596972,,0.0
GPA33,1141.9692921204012,0.0693739777870228,0.20215948780330947,0.3611552254347574,0.7179834112882035,0.8464432180348757,1.0,0.0
TSNAX-DISC1,77416.59784358673,-0.2901471199857941,0.1690270766515512,-1.7850011471045888,0.07426113081717307,0.1739852139577545,0.17309089743741088,0.0
TECR,853416.5358963264,1.5711105698035301,0.15886460519974382,9.929870320343838,3.0865669589547187e-23,4.398798854647467e-22,7.194297192180437e-23,1.0
PNRC1,375244.83436970785,-0.35706889721621454,0.61072221925919,-0.9350583530873995,0.3497582278285145,0.5615174533546655,,0.0
PPM1N,41979.168158667526,1.788517578673986,0.2296596085699488,7.986201980537625,1.3915961298690302e-15,1.3938316256599846e-14,3.2435894840124874e-15,1.0
DDX11-AS1,24692.658904389584,2.9263926450134936,0.406326329113886,7.505275413526079,6.129958232561473e-14,5.469808884439468e-13,1.4287958721503099e-13,1.0
LINC01535,4635.904391039405,-0.6130446273913711,0.18982798984146462,-3.3807092202155715,0.0007229900963866985,0.002645836097415152,0.0016851750470919871,1.0
ADM,705442.2479578797,0.18508777550591504,0.11338379648331165,1.58363356947537,0.11327713006377314,0.24916176107108717,,0.0
CEP295,139955.57738089882,0.02396569119075474,0.13129509267274114,0.10805752018708975,0.9139500647606746,0.9533623963895755,,0.0
MLXIP,597199.3243584108,0.046901283614318674,0.21416887125223524,0.12647868563390743,0.8993530199455056,0.9468072738472313,,0.0
SNRNP200,960893.1636911692,-0.15077566673659515,0.6859120863578931,-1.5056405776001744,0.13215946586306848,0.2805154960531853,0.30804271762849794,0.0
GCNT3,9071.01638928439,0.014051485333674585,0.08814724711022799,0.1640894894414628,0.8696606958740647,0.9322732755254318,,0.0
ZNF404,15218.745422093489,-1.3086358443819175,0.4708801593023408,-3.2741132450803807,0.0010599412381791357,0.003779118581871,0.0024705546243166026,1.0
RPL23AP64,4089.100588803696,-0.007304302158185141,0.3102049863619513,-0.032469535327484686,0.9740976105008641,0.9889678162382067,,0.0
ATP10D,133570.70331178623,0.01883852947011303,0.14077956217676546,0.19204906322308235,0.847703773762284,0.9208832416273481,,0.0
NOM1,122353.14085396205,-0.5824723181460729,0.12314887919127283,-4.862847918537277,1.1570874918367967e-06,5.771552409281942e-06,2.696987107141094e-06,1.0
CLOCK,258743.93128561554,-0.07445452329232494,0.1716411083611671,-0.5548164879328534,0.5790201882755599,0.7540868666105724,,0.0
DNAAF1,77763.03388089497,-0.20589696848720396,0.21213970209599323,-1.0549141038253516,0.2914646112378153,0.4973744375142739,,0.0
RLN3,200.417317059947,-0.7597810490847503,0.20048191788993566,-3.961103094566978,7.460431088509419e-05,0.00031062295717433207,0.00017389079565179898,1.0
FBXO7,653984.0781614935,-0.2717233592193592,0.19686743447231195,-1.5772314108890026,0.11474228792221731,0.2516862498487335,,0.0
SCUBE2,757782.4570422766,0.03820040906995632,0.17032268672537035,0.15633401104420627,0.8757697489799581,0.9356049492208248,,0.0
EDIL3,197388.5920136401,0.11566898583057217,0.18115663783725774,0.6316568011153567,0.527611161693067,0.7161155032721137,,0.0
AP5S1,100979.71778733762,0.8772051283961728,0.21059627590135468,4.304856293402856,1.6709416718924523e-05,7.46164463688411e-05,3.8946995604670805e-05,1.0
RCHY1,101415.3676227386,-0.8121653387272857,0.13129031875212488,-6.324601362016604,2.5388715154324105e-10,1.7540015400244963e-09,5.91770613036302e-10,1.0
EMC1,322031.72741476505,0.4360722507774282,0.6083145060076078,1.1813366556867382,0.23746901106156493,0.43103909285847375,,0.0
C1QBP,394875.79669347993,-0.017096187774303925,0.15837041306643246,0.004965937926718067,0.9960377710834901,0.9970372069364738,,0.0
LYSMD1,65496.00687564303,-0.23314907745650382,0.3098093110041012,-0.8584667900974638,0.3906347608669839,0.6001232909856727,0.9105075641142597,0.0
RPS10P3,101983.02605119027,-0.7020085530673545,0.6088549636632214,-1.7125184342499042,0.08680117038774779,0.19806232291586734,,0.0
ZNF33B,122740.06495271278,-0.3106135964345836,0.4626622427092057,-0.8930124595583677,0.37185050035282985,0.5825346406281141,,0.0
UBC,16714480.864636326,0.9162168230690096,0.43402030904193223,0.18971201808084376,0.8495348027722742,0.9219929495709538,,0.0
SCAMP1,488971.9349420095,0.08151093463344586,0.7005174084995078,0.17440819499563834,0.8615446743496785,0.9280185299018662,,0.0
ZNF155,154015.72318702476,2.4342793254406363,0.6259916325590178,4.362110394124463,1.2881384034587843e-05,5.825235137309534e-05,3.002445960959073e-05,1.0
PLPPR1,3124.1534152844806,0.2476775856390244,0.20375323590787103,1.2791889471714115,0.200830527102552,0.3842511197497236,,0.0
NARS1,760540.464907909,0.13948475368950533,0.37133653049326953,0.4629288949112991,0.6434153351816031,0.7965057484909348,,0.0
CAMK4,17832.795522686083,0.016224962739942575,0.13243358237224645,0.09733573744286302,0.9224597763551513,0.9569944601621245,,0.0
ROBO2,32273.381252409592,0.14971561515792559,0.11824358951637272,1.2898029784464493,0.19711907356166014,0.38050694230865356,,0.0
LRRC55,21437.543064917216,2.5541140308454064,0.17910041811752647,14.403442940125714,4.922876467037141e-47,2.3840104677263357e-45,1.1474442905411804e-46,1.0
SCN4B,161267.60964441212,-0.05197286484310115,0.39317820564341444,-0.20094115329779177,0.8407445882588117,0.916159646854881,,0.0
KCNA4,1000.1384029166977,-0.8159143446618196,0.5507962708977644,-1.9872279383423792,0.04689714314143713,0.11814290403509516,0.1093097897147142,0.0
ZG16B,161171.0275969924,-0.28145234636785305,0.7557110972034519,-0.7992263826081963,0.4241591566982088,0.6294024289767497,,0.0
LBX2,17191.158795292366,-0.9198815865534348,0.48040277733583014,-2.375357837345576,0.01753194447135081,0.04963072589279105,0.04086417711359712,1.0
NFIL3,447780.168574926,-0.6207257942277467,0.42255501994167743,-1.8015064900862228,0.0716230852837972,0.16883551483723083,,0.0
KCNJ3,145868.68618414016,-0.16489916891795955,0.47283966506511815,-0.48914989319634855,0.6247355806763579,0.784537028301529,,0.0
PPP1R7,256346.72828797027,0.3516420118140383,0.5928760199772493,-0.21936530816334998,0.8263654919560648,0.9094025961971235,1.0,0.0
NKIRAS2,244287.31158296615,0.2101524817513394,0.37832066777464474,0.6285065931509024,0.529672128912507,0.7173512297082772,,0.0
RNASEK-C17orf49,962020.1005895266,0.5520569734639132,0.5029165210013842,1.3938104141355507,0.1633748624988055,0.3296576918058422,,0.0
LRBA,523085.27291210333,-0.2955262070800158,0.25300169271066464,-1.3144743729640032,0.18868661665619701,0.3676448803708546,,0.0
PLA2G4F,25375.34452290168,0.36062645422125283,0.4912089095220752,0.9835112448156254,0.3253558837190339,0.535425650937163,,0.0
DMRTC2,9523.842542772105,2.6026921476033147,0.12386782746803476,21.109517211459245,6.503358648035815e-99,2.0274220585251656e-96,1.5158295764674134e-98,1.0
ARL9,9933.832673651053,-0.15115122630781544,0.19480999720047942,-0.8454440141863,0.39786297880365784,0.6058530136940478,,0.0
DNAAF3,48289.891683008944,2.1150776418049446,0.18190158677999554,11.78420039413944,4.708675300708986e-32,1.0724599269377363e-30,1.097517401866188e-31,1.0
LINC01537,31022.03144519551,1.3152782611149192,0.22272166474909133,6.124656931389985,9.087920387416207e-10,6.036024885809859e-09,2.1182498547865436e-09,1.0
SKA1,21739.725253492164,0.15156589593274825,0.4090481048004169,0.45497353761919124,0.6491282766325244,0.7998371190693856,,0.0
PHLDB1,1711003.7235771646,0.2659773028406674,0.09910768296093281,2.1509506935274785,0.031480091658054724,0.08325699744982872,,0.0
SNORD116-21,234.27652412716816,0.37275555042845476,0.32601266778680194,1.3095104678497846,0.19036149425070015,0.37032883514917797,,0.0
RPS24P17,21180.690829611074,0.13526081651021424,0.27417671750694167,0.5296610461493131,0.5963469606137617,0.7671890049931783,,0.0
NR4A1AS,1878224.321155971,2.6622153539858187,0.2368886707271771,11.176267468931979,5.328420927831571e-29,1.0183204439855892e-27,1.2419702611226112e-28,1.0
MED31,48164.08592406587,-0.14042821540735298,0.16206885005507002,-0.893489145018933,0.37159528262662334,0.5824478453028757,,0.0
LRCH1,201802.36805585877,0.11763052130926996,0.2121110190177909,0.5847113260200802,0.558741837152483,0.7390623929240481,,0.0
N4BP1,320933.8892509087,-0.30736883920953556,0.4300867864359748,-0.9261206333810534,0.35438329220040665,0.5665399885198075,,0.0
ADGRL1,766196.3392786222,1.1797107350217126,0.39809020775573734,3.393405866746691,0.0006902927877651278,0.002528032617747766,0.0016089628155946062,1.0
PTGER1,5136.272700542597,1.7405103620096278,0.2642771233234226,6.83840252308662,8.008112411187371e-12,6.173796708964855e-11,1.866563771355262e-11,1.0
SEC22C,338103.5578723523,0.2285898351409293,0.20630772715705145,1.1306817079808131,0.25818908306918287,0.4563597258501361,,0.0
CD180,26241.672198623437,-0.16518369602822028,0.4934717142588614,-0.4682288157849621,0.6396209674689097,0.7932445016745207,,0.0
BDNF,39930.9616565965,3.004261996565065,0.6777101090364125,4.909993064121312,9.107961434508557e-07,4.598229922604118e-06,2.122921104454612e-06,1.0
MRPS7,475830.95625268004,0.9449920530886917,0.06948254230747533,13.61242289219853,3.3785460853763635e-42,1.3063711530121939e-40,7.874854146662291e-42,1.0
DGUOK-AS1,61434.88153793481,1.56991424974328,0.21755651878035986,7.427466896068506,1.1069707458245422e-13,9.703989596085795e-13,2.5801729346601946e-13,1.0
SUN2,1472954.2141754408,-0.0644757368617527,0.14779469089325847,-0.6897307657719425,0.4903635146030987,0.6851353531765423,,0.0
SPATA45,330.2376645758185,0.27214268055325014,0.24471477480724574,1.2024698456745457,0.22918154231127463,0.42074255909040775,,0.0
STARD13-AS,1950.9663578476034,0.10059401669276964,0.23357612689616275,0.46236722721945156,0.6438179971420736,0.7965191527911426,,0.0
LNCTAM34A,6088.272535968372,-0.20668423941352787,0.35542741992449506,-0.6946456307401541,0.48727740844883194,0.6815871321768855,,0.0
SPDL1,228205.83731506392,2.282944766106278,0.11875879671634268,19.314881822788657,4.026521303929291e-83,6.276340082499782e-81,9.385181431775375e-83,1.0
ZNF775-AS1,831.4835546779111,2.2519228524283252,0.4409053214716597,5.476598999703207,4.33578245050136e-08,2.5031114424885165e-07,1.0106020029486346e-07,1.0
NPW,5723.337497417486,-0.15014437740168565,0.46991385780153294,-0.43642799011708305,0.6625262346878269,0.8082822713642585,,0.0
NRF1,69554.14520307723,-0.5864171784334957,0.5036468904771286,-1.5696601509295887,0.11649419657814898,0.2545217050073619,,0.0
AHSA1,560501.5997871807,0.05592430312307456,0.3038988932340886,0.4076744825383463,0.6835126738480743,0.8225495631173012,,0.0
ZNF131,193196.1840023338,0.016375627862931733,0.2150171803504949,0.07783508386872977,0.9379592382016424,0.967440173728245,1.0,0.0
SNHG12,142980.3966020784,0.01905379690230103,0.12428507000300114,0.11775310010451445,0.9062632916115299,0.949485552016755,,0.0
ADAMTS6,18952.997394482656,-0.36590573266038484,0.4188475266168117,-1.1000156972182262,0.2713252826054847,0.47337198658137736,,0.0
SNRPGP14,685.9667214078754,-0.005625939107242395,0.2427905600652442,-0.02826503783097617,0.9774507652212011,0.99043087538952,,0.0
PCID2,263968.2753657808,0.07471979136041956,0.40891219348532815,0.18285667375063613,0.8549104789717649,0.9250094293082782,,0.0
PCDHGB9P,1016.5120275762565,0.19269961082954715,0.15368410757137746,1.2910753642213648,0.19667754573532759,0.37994872119590006,,0.0
ZDHHC19,917.6165590408158,-0.5603351727767848,0.16071239795381997,-3.6013956142208774,0.0003165135061909949,0.0012181862414202798,0.0007377426957386368,1.0
RPH3A,1364.5605432174493,-0.006851529087918243,0.2450871708812981,-0.03378000633313102,0.9730525794804912,0.9888667226952144,,0.0
DBF4P1,12403.858952604927,0.04333181996121684,0.27424196354678176,0.16652777719444117,0.8677416253118224,0.931265684381347,,0.0
OSBPL9P2,778.4041223762882,-0.13612227760544035,0.42900853232821645,-0.4105792525915628,0.6813810795650992,0.8211473362818832,,0.0
WDR41,204163.97470958086,0.05647898101081666,0.1501334356818919,0.35173917449820313,0.7250338785917338,0.8513345071599737,,0.0
NFIA-AS2,2952.915843203974,0.9741959249626617,0.41961134020227936,2.7098452622747184,0.006731460427484791,0.02082910956097651,0.015689964772100065,1.0
TIMM8B,126680.2814870065,0.34198170718570436,0.6234422810598366,0.8671233017775288,0.3858744544627367,0.5957108569669238,,0.0
SLC35E1P1,535.9121414665238,-0.8310622584537566,0.6169209293512635,-1.9218645627959556,0.05462280186552524,0.13521515419614882,,0.0
ACSBG1,207825.41045564294,-0.02991734015904987,0.37209027376698944,-0.06076137100465979,0.9515492549227836,0.9756555111948719,,0.0
ZNF564,58074.28487128727,-0.8811518809969907,0.43420238126432786,-2.444610864917141,0.014500850546207597,0.04185777923870573,0.03379917874975864,1.0
FAM66C,10785.652826562107,-1.7060112376914431,0.33052239643502707,-5.481984295765026,4.2058157497790734e-08,2.436539948884787e-07,9.803088299017765e-08,1.0
ADHFE1,110921.57969888179,-0.2587774601789355,0.10505941414438491,-2.5983191854417074,0.009368136847997624,0.028320161574431606,0.02183563859710848,1.0
SBSPON,79435.30685885517,0.1363492109245565,0.55650115726067,0.35870640881223087,0.7198147335071269,0.8474004934466719,,0.0
ODF2L,226107.60696578087,-0.021430041160136824,0.1714098063632339,-0.17269458725119713,0.8628914986162739,0.9288826330952923,,0.0
IER3-AS1,411946.2984635048,2.689920613020567,0.3731229291351284,7.464415264271776,8.367033751956798e-14,7.412924396937924e-13,1.950222633400024e-13,1.0
HNRNPCP8,240.22616466233245,-0.350478694001789,0.2739510674511664,-1.4134345442305634,0.15752799458591504,0.3212940524852573,,0.0
ADH1A,14089.638315336333,-1.1966366252186662,1.0541654627764356,-2.2024495590617397,0.02763356843041371,0.07414536811775341,,0.0
MIR6735,124.06065035850656,-0.2836312724595709,0.5465739505205065,-0.76478055341228,0.44440222950679564,0.6460735414689294,,0.0
PDE1C,60330.370444278255,0.8358272746071227,0.16595381290814862,5.10977545165716,3.225419267796233e-07,1.7374072686574094e-06,7.517939863442808e-07,1.0
TC2N,667295.1533106207,-0.3240906928234115,0.37566799529010586,-1.0668713933328529,0.2860299142012601,0.49146304238232363,,0.0
FBXW2,539559.3434380093,0.2683311725923276,0.2770206831955818,1.1712102498408898,0.24151427630249533,0.4355060417281173,,0.0
RSPO4,17672.37383974357,0.628809827071492,0.17828579677535808,3.6438840503204397,0.00026855443953759524,0.0010400229382092586,0.0006259577310343575,1.0
NANP,60458.24901204215,0.6804051039362435,0.10008253582227448,6.844029259752524,7.699618413074183e-12,5.945154279321058e-11,1.79465872170159e-11,1.0
HSP90AA2P,1033832.2227043316,2.505518248657291,0.42471988339709515,6.242435480570872,4.308095034031133e-10,2.931620467905497e-09,1.0041485060629574e-09,1.0
LGALS3BP,4753580.618459279,1.8220546042451164,0.6559376417546572,2.3192726839888453,0.0203802555792632,0.056591797895097815,,0.0
SGCZ,815.556380958623,-0.6515973557592604,0.7628082679280075,-1.5234093987459185,0.12765631205397932,0.2732831264056862,,0.0
MISP,103985.41876664516,0.10070756865985965,0.18306110734518843,0.554017394631517,0.5795669413420517,0.7544049852333387,,0.0
UCHL5,189106.24079648542,-0.6244415453409622,0.09020325133804857,-6.920011940751899,4.516055780000467e-12,3.514210020381019e-11,1.0526208518991744e-11,1.0
FLNC-AS1,5098.110824437064,2.0712173983488853,0.17273288973581363,12.15139521304717,5.639489414586262e-34,1.4499883092760969e-32,1.3144753831755269e-33,1.0
SEPTIN4,289318.25578796375,1.0044301223264935,0.30604757975335506,3.515539761770081,0.00043886103810556793,0.0016634033875916206,0.0010229153542385854,1.0
BCL10,110407.74698966439,0.3022614834330276,0.21913466361082792,1.4473949214431001,0.1477863473248866,0.30567196068511737,,0.0
FAM192BP,36437.520561422214,0.16805769012825844,0.404342124589654,0.5108589833265181,0.6094498039000072,0.7733237399779284,,0.0
HMGA2-AS1,5560.556587550693,-2.182457812727808,0.1676483885986885,-13.169737055448408,1.310532950304739e-39,4.3872069504161324e-38,3.054644091644878e-39,1.0
STK16P1,220.39674195889774,-0.6404722472066183,0.2810444943605576,-2.498827351784942,0.012460500019694488,0.03641064680623088,0.029043445840297246,1.0
LINC02343,1248.1860220853355,0.16486606077684302,0.1847210537787799,0.9318651914542464,0.3514061985843744,0.5632436113556746,,0.0
DCTN4,374390.8142438393,0.09425065179004345,0.22180636428298803,0.5525563461023714,0.5805672411407681,0.7551158797418908,,0.0
PTPN23,477784.32416034414,-0.14140851885238812,0.18022130513475174,-0.9380326976991344,0.34822760679448206,0.5597677417630926,,0.0
HEATR5A,130434.40134478461,0.6434263384408413,0.8211530819421775,-0.6567453425142651,0.5113446740555825,0.7018724493931755,1.0,0.0
NOD1,162445.98068435554,-1.023286270941096,0.16709590811969036,-6.337656412881796,2.3328633698379116e-10,1.6161559012154866e-09,5.437533873248366e-10,1.0
TP53I11,711181.6649298061,-1.0054376266459875,0.26912550977277105,-3.909223426798493,9.259329674507121e-05,0.000381068782313874,0.0002158202636282314,1.0
RPL3L,1720.36272912943,-0.5806999849181954,0.4756195110272833,-1.586572635363608,0.11260946920119769,0.24809895422949385,0.2624747814839131,0.0
MACF1,1866630.6510711685,-0.10335822344043775,0.2227407055679281,-0.1288202714089654,0.8974998649130979,0.9461014907576704,,0.0
SRPK1,227356.3511757482,-1.7545565876787332,0.17754934312501852,-10.104179110342184,5.293703903201459e-24,7.78908409120026e-23,1.2338782742602279e-23,1.0
LINC02381,72287.03416277276,-0.1401893300866939,0.3215775577457791,-0.5309407259406981,0.5954598548204906,0.7670851642160659,,0.0
HIGD2A,178807.73659701468,-0.42032359482050013,0.4332478550424246,-1.2342911591350636,0.21709442910904675,0.4060243766013968,,0.0
RPL27,2091131.9778662696,0.23916077320294668,0.34040701957350467,1.0409006871880162,0.2979216427712884,0.5052815893040417,,0.0
LINC01856,1285.9303216725343,0.06037416934853207,0.4351513738318508,0.17433957508093054,0.8615985990327872,0.9280185299018662,,0.0
OSBPL2,374177.5629918893,-0.336703700803072,0.2257435492332033,-1.542707452080074,0.12290177296861511,0.2657278038870621,0.2864645063399309,0.0
PLCD4,53730.32852992776,0.2440466414636636,0.1768839101019175,1.4149653514045668,0.1570786552153141,0.3207156496987256,,0.0
ANGPTL3,936.9503275487838,-0.5651989159670013,0.307225272521794,-2.061561194097629,0.03924953179039281,0.10128125430443835,,0.0
ARSG,201652.15133032273,-0.40362974483686614,0.5583560369819388,-1.0595421868961412,0.28935292702222093,0.4947098156166627,,0.0
TRAM2,301056.5485846686,-0.5725974585374538,0.23206981963210235,-2.7103631013303398,0.0067209586883988535,0.020809523238816564,0.015665486886791348,1.0
FAM241A,347052.50994329836,-0.06555186040842179,0.12346475842802336,-0.6359973430935787,0.5247781537655101,0.7137046852679597,,0.0
DRC1,1453.5925966525908,-0.6787454642077594,0.1753064959718601,-4.013655860179741,5.978549390363828e-05,0.00025136106501551513,0.0001393504876595083,1.0
SNORD19,1140.727063844747,-0.07335502580779196,0.09571188137251871,-0.7772549537924952,0.4370083659688977,0.6392368708072907,,0.0
TMC3,3557.6540863191995,0.1667711341091604,0.18432024308386785,0.9483937339615393,0.3429290481714141,0.5546465928271769,,0.0
TOB1-AS1,12883.322086866849,1.3727177120948415,0.33044659822916217,4.467597032251102,7.910313432865378e-06,3.69790472381748e-05,1.8437683833239488e-05,1.0
AIG1,333464.24530609895,0.43054292385532544,0.8173708512077043,1.3163604574462056,0.18805308781589514,0.36712673269107043,,0.0
CCDC88B,208285.0817474819,2.092135067265308,0.2607390005484762,8.276683116450508,1.266536803040989e-16,1.3079680276539241e-15,2.952096062415165e-16,1.0
GCKR,5118.567137730274,-0.7211233192970093,0.255875807216857,-3.0347931112798685,0.0024070073904801136,0.008052416407588737,0.0056103518054742086,1.0
CMTM1,5191.677193652418,0.05369010815609227,0.22996304107056056,0.25014087779093197,0.8024784046527595,0.8946719451068316,,0.0
RAB35,572841.3670629516,1.025095843601079,0.36698627022600067,3.123733428195906,0.0017857215807935843,0.0060882975017077234,0.004162233292055326,1.0
EML4,927147.1080180798,2.017386734075107,0.27514120106429785,7.587398417876765,3.263923106087117e-14,2.976315987781086e-13,7.607686193066607e-14,1.0
GGNBP2,581815.0611547016,-0.03191410100535201,0.47749063153663546,-0.1257203803246205,0.899953268702878,0.9470394312848006,,0.0
LYAR,85816.22185821645,0.16759238174969862,0.36041919506524217,0.5223278288679222,0.6014420962704172,0.7698211896835621,,0.0
SLC45A3,41742.60908540701,-0.5753971692910933,0.16823817917840922,-3.583595263120899,0.00033889708380483466,0.001297328207228331,0.0007899152588871567,1.0
PAFAH1B2P2,276.59641819141206,-0.052336583025470895,0.129808206940902,-0.4122417716700884,0.6801622229528472,0.8202869528180129,,0.0
FBXO6,91323.20951948545,-0.17008004832672843,0.48495471954918523,-0.48514254651695504,0.6275752333980991,0.78731017711009,,0.0
SNHG15,117660.98960898533,-1.1660259015282561,0.3239274939539136,-3.966563697991247,7.291629482745373e-05,0.00030410240685563474,0.00016995629841090617,1.0
HSD17B7,78384.76853658885,0.16903599699132135,0.22826898079104546,0.8442724295144657,0.39851718883924836,0.6058530136940478,0.9288802513692387,0.0
RPS4XP20,358.66794089330057,-1.0823453889757613,0.2157652916613004,-5.22869878569753,1.707072228788211e-07,9.419110926101323e-07,3.978914148222241e-07,1.0
ZNF835,31911.154867138386,2.2949513716443115,0.17064216932285653,13.577825141739083,5.4212380814429836e-42,2.017995190316239e-40,1.263604464964374e-41,1.0
BTN1A1,775.771887518427,-1.4197906300811773,0.15559199487426043,-9.279810242149425,1.6978066408732364e-20,2.1171648811689258e-19,3.9573175348951884e-20,1.0
PIK3CD-AS2,5848.558130205143,-0.019331425647100182,0.3005602544675627,-0.075479607396365,0.9398331221861287,0.9684486476424765,,0.0
CSDE1,2500298.179627492,-0.017244654506162478,0.284256474432687,0.1760535504515849,0.8602518722251231,0.9279567554081637,,0.0
LSM11,56587.91748525507,-0.28989672985621406,0.24691650387287667,-1.2950926114386043,0.19528828342299143,0.377703744751408,,0.0
TRIM54,5951.617927965242,1.6966648791139056,0.40924598934018386,4.526194447873259,6.005532587338045e-06,2.8286682290502518e-05,1.3997942311047742e-05,1.0
LRRC36,3858.6380667604135,0.15306941547803243,0.11020517946294893,1.4040671705672902,0.16029884843890752,0.325160901184738,,0.0
RPS26P6,158354.46002554108,-0.26923676676608876,0.4182860877558383,-0.830717690479881,0.40613313024643016,0.6127622666875964,0.946631800779997,0.0
LGALSL,84495.29632901549,-1.1021047185311126,0.280428774361499,-4.224768397672525,2.3918663441663877e-05,0.00010520837147003476,5.5750604321037114e-05,1.0
PUS10,89626.25702697148,1.3436126378770237,0.15519986001383987,8.778431333928019,1.6577044321224988e-18,1.8581190353768595e-17,3.863845657676179e-18,1.0
TIAM2,256520.08258932643,1.291718727606471,0.16028683063540042,8.169860892096144,3.0874525069451645e-16,3.1557813739021477e-15,7.196361263851626e-16,1.0
TNFRSF8,26259.826495386613,0.10593986053547239,0.1293000707143449,0.8276445654623455,0.40787182174463943,0.6137148255994755,,0.0
COX5BP6,546.4075921493725,-0.00593462736273569,0.2764363485633242,-0.028816655678966546,0.9770108170853589,0.99043087538952,,0.0
C19orf53,841525.2350490831,1.912894773894603,0.10740187450825465,17.86699759811861,2.1316258159804562e-71,2.262244589385216e-69,4.968481107528278e-71,1.0
SOX6,50017.90673790628,0.007549391253046211,0.6125006510041616,0.006704050805171088,0.994650981435726,0.9965670153738131,,0.0
PRPF40A,744810.3541370912,0.318671678556039,0.7692676581615094,1.0191072568237047,0.30815204938353236,0.5163125368911856,,0.0
FGF22,2660.7921037875153,-0.055800405699961975,0.16302330234775808,-0.35216156237406254,0.7247171015655611,0.8512102477288559,,0.0
ENOX1,24391.543837069108,-0.11404409541411188,0.12897963975161497,-0.8870910916760223,0.37502985980234504,0.585675936347557,,0.0
BRD3OS,239716.424233903,0.25768241927652774,0.3296506449554877,0.8832199080825001,0.3771174673183457,0.5878714688337329,,0.0
KPNA4,643829.6496336231,0.8291554028966,0.27494527439068994,3.1918573029777395,0.0014136115113016446,0.004917081044890239,0.0032949038403610295,1.0
CALM3,886480.8800813801,-1.4265152882888976,0.11010468441178961,-13.157334230971713,1.5443923710448993e-39,5.101608706471495e-38,3.5997332461551204e-39,1.0
ZNF667-AS1,156221.04760935478,1.6598192513856354,0.24169382826675262,7.04689597498958,1.8295298508288322e-12,1.4671535202466585e-11,4.2643434093150545e-12,1.0
DDX50,266416.0737553352,0.055509904536578954,0.35218868158970706,0.14414555887089228,0.8853855295759732,0.940239093362775,,0.0
LINC02518,499.5163385618824,-1.6935412423492189,0.21946303253752739,-7.928601867671425,2.2162682143036507e-15,2.180423245157122e-14,5.165769090161967e-15,1.0
NTSR2,1584.769577607835,-1.5938805655164454,0.16308137801475037,-9.943722748202088,2.6859743555978164e-23,3.84989657635687e-22,6.260579479309303e-23,1.0
ZNF821,52989.806438040374,-0.37080801088305515,0.5572122950323478,-0.9758662285569006,0.32913075960823424,0.5398567013896325,,0.0
ZNF14,36011.466124288396,-1.096850080513275,0.23900480542244798,-4.872495131842556,1.101975723935412e-06,5.507670251492821e-06,2.568530332238241e-06,1.0
SNORA27,3649.455546902043,0.0903669471287591,0.22220988507928552,0.4314408276377944,0.6661478689484223,0.8103174054103032,,0.0
ZC3H12C,83370.45111901898,-0.04601690649129057,0.5218900377940828,-0.13762883755794864,0.890533763327741,0.942406160120435,,0.0
TGOLN2,934847.8053181119,-2.0219236942654755,0.39716962190664584,-5.441533589904201,5.282383000633156e-08,3.0285662536963426e-07,1.2312395517363636e-07,1.0
SAYSD1,101651.04448254449,-0.7779763799618933,0.34723328919787133,-2.5827408397780216,0.00980189219153874,0.029435182571580513,0.022846653388502444,1.0
MATN2,306282.442207277,-0.44006522066484255,0.1379759703334512,-3.362394817841913,0.0007726955703794762,0.002819462695722624,0.0018010306098377696,1.0
SUMF1,581774.2087124506,1.7030935829355507,0.13163983906302137,13.155003514340788,1.5927610419282147e-39,5.226771103380221e-38,3.7124729332420257e-39,1.0
MCU,127513.06700883785,-0.16563985109227444,0.2452511958786411,-0.8012665436198224,0.42297735502453493,0.6286683691485042,,0.0
DPP6,7617.254484193106,-0.4984776590057967,0.1487937993021774,-3.42795137701969,0.0006081543730430263,0.0022553710131885617,0.0014175112209058951,1.0
GALM,276917.3478500962,2.1150886406665026,0.30534327843855175,7.169092398548723,7.549659165694317e-13,6.245058029599213e-12,1.7597056036674416e-12,1.0
GAPDHP40,22998.530022607178,1.7006235929254994,0.46290070850252285,4.082506007194783,4.4552660040884446e-05,0.00018961490467912255,0.00010384517209529515,1.0
SNORD37,140.4933982548051,-0.24308801339473096,0.22748391716939226,-1.1477203009987447,0.2510840477428654,0.44792819389893157,,0.0
IGSF21,54953.502343745065,0.3136937991557162,0.5233761758249942,0.8361366486583224,0.40307803298422473,0.6100262379387642,,0.0
HOXA5,39749.0195629052,-0.3815968420332036,0.6985665742240669,-0.9990085926171196,0.3177905288185999,0.5266243048993942,,0.0
GNA12,485865.616540494,1.136475104944207,0.8528352702629158,1.5715059447287263,0.11606517466042679,0.2541409531194947,0.2705294818720602,0.0
SPG21,503817.5438844335,0.40977427781503556,0.1641931263037041,2.4406603967180462,0.014660433974465694,0.04219633275512688,0.034171142366651815,1.0
DCBLD1,140275.30363129248,0.9495979814885369,0.9718154624864026,0.8031111707511952,0.4219104816662397,0.6272695924146657,,0.0
C9orf43,7585.8067892827585,-0.14494206761022402,0.6509425969806465,-0.40591697845125657,0.6848036024772757,0.8236798575251147,,0.0
NCKAP5,62200.311566160744,-0.14052124628737825,0.21781647411828664,-0.7126487129328668,0.4760631602088147,0.6726233281809553,,0.0
LINC02334,1054.141240287274,0.03254426161944992,0.3101141620265849,0.11583507781112859,0.9077832495557427,0.9498684390149035,,0.0
ARF3,1737598.7706618304,1.1019916972675419,1.0032463048489715,2.0420540581017232,0.041146169363240656,0.10519584458423598,,0.0
NAT8,920.850395481378,-2.1647335995323482,0.4717831010562628,-5.007195109916983,5.522893635489538e-07,2.881610193914416e-06,1.2872987595243841e-06,1.0
PLA2G2F,437.39406610190053,-0.5890669675303558,0.28857523114349304,-2.2505623146162224,0.02441327254317955,0.06657922550321464,,0.0
OLIG1,2267.106601596256,-1.037976716414307,0.17322578633904825,-6.161596034464473,7.201537483545515e-10,4.821646841332219e-09,1.6785639704637865e-09,1.0
ARIH2P1,4730.4940795987395,-0.22208983777529803,0.2724639248742524,-0.9044128921660243,0.36577650457367616,0.5772768480010693,,0.0
AIRN,174.66613818390493,-0.23406509943770623,0.2004551140025912,-1.2346527767869684,0.21695975800039258,0.4059247085168635,,0.0
KRT8P23,237.40485234985968,0.025405750564126826,0.1788332397702956,0.14693141703885376,0.8831861538255115,0.9387314550102991,,0.0
COA4,375167.2589524422,1.1175969798342393,0.1881564628621951,6.132858486653667,8.631392256139368e-10,5.740451276483089e-09,2.0118404006365966e-09,1.0
TSHZ2,173166.57454337738,-0.8729885925138813,0.9562832943427932,-1.8899356358652588,0.05876656880419661,0.14347902359047124,0.13697553513800595,0.0
PRSS29P,336.28089652333915,0.5288035323882966,0.198055390214567,2.8044510008144585,0.005040234795539496,0.015972484853971413,0.011747986523435049,1.0
LAMA2,468730.02815259976,-0.9741767823369506,0.23652017524686078,-4.418068080040607,9.95870550839396e-06,4.599446581098988e-05,2.3212160315826668e-05,1.0
THRB-AS1,3174.3361439498776,0.5727585016964135,0.4862597469143638,1.5370361860638448,0.12428444827665439,0.2677886946021391,,0.0
HCFC2,129022.20502945277,-0.03737845628571535,0.2754906811074718,-0.12223297387119793,0.9027145128705887,0.9488452932468512,,0.0
CD1D,18756.345555103784,-0.2011915171792943,0.30388368116325515,-0.7592979740034329,0.4476743292029344,0.6481192654872583,1.0,0.0
CAPS2,32026.99981134499,1.0373531880865572,0.27620424562762946,4.008221793185617,6.117765208802258e-05,0.00025664771119853375,0.0001425953872032975,1.0
ASAP1,435222.0517167224,0.2870986258710089,0.3195111575346426,1.0938494403718406,0.2740210163345769,0.4768268061102593,,0.0
WDR83OS,987249.137087849,1.3306422255051633,0.1865977619752142,7.397287711197705,1.3899418635870956e-13,1.2099528822988539e-12,3.239733652136651e-13,1.0
CDH16,224.0499022101444,0.9653209775665536,0.32653532200282365,3.263959483070846,0.00109866875749086,0.003911605826098794,0.002560822318861874,1.0
TAGLN2P1,188530.17943024944,-0.2605383520331326,0.1598579429644848,-1.648807243437112,0.0991871305437247,0.22315985888682852,0.23118944259443872,0.0
RPL35AP36,1969.7520437278333,0.1372622407632758,0.16137947617900078,0.8809340031873679,0.37835354188043446,0.5890955596372487,,0.0
PCDH20,12605.064745519461,-0.14876627237407788,0.3577967024554989,-0.49729252135452906,0.6189827848079819,0.7810488567220373,,0.0
PRAL,262298.17857905256,0.5338643179562166,0.4965081293955085,1.3835734171919387,0.16648911262257404,0.333915437781021,,0.0
HOMER1,43086.64766591646,0.044725636566116334,0.4172848223270336,0.1288354950917687,0.8974878185520082,0.9461014907576704,,0.0
CFAP161,1136.8485651603874,0.15786515261826772,0.4134413406377734,0.4762379073204611,0.6339048961610053,0.7900692448268036,,0.0
SLC12A9-AS1,2372.1090188854405,0.7197698574392962,0.368583297871438,2.2598857009580544,0.02382834559362699,0.06505516574768004,,0.0
RNF19B,116424.71592568951,-0.7078313825935961,0.3809675877643247,-2.1758121154883057,0.029569312386883893,0.07878831740693208,,0.0
A2M-AS1,121510.31707251669,-1.5922142726492265,0.26121979585051436,-6.414082669060035,1.4167331870260375e-10,9.98116544757892e-10,3.302179970507418e-10,1.0
SUCLG2P2,62272.005239730395,1.1827870354893888,0.4347816262338991,3.1389044626966487,0.0016958072639944803,0.005801568335256836,0.003952657305048816,1.0
DNAJC14,1010677.9989620962,2.2032292585920565,0.21350738092859062,10.51594760928934,7.294379577407207e-26,1.1699152839905836e-24,1.7002039874816425e-25,1.0
C1QB,561548.5848446981,-0.474975614399482,0.40107553163549114,-1.3773623423617294,0.16840024948539334,0.33707080434716774,,0.0
CDO1,165233.14104546764,0.1475357627528798,0.09950638584379042,1.4701320409166194,0.1415259960039476,0.2952453651475076,,0.0
ALPK2,13103.879006194878,0.13535558300820952,0.5582457908717199,-0.6839057939845591,0.49403465512161737,0.6872131579016926,,0.0
FCN3,92803.1372632103,-0.06254580110044457,0.11877157619497977,-0.5806676826997099,0.5614644465715932,0.7406994603277193,,0.0
SP6,40494.47680324748,-0.28604674589662615,0.24255958564643038,-1.2707342493895883,0.20382320681003618,0.3878939929677453,0.47507951194787873,0.0
SIPA1L3,518867.31066734623,1.1694282472505801,0.5179078162386237,2.770540642756008,0.005596331550981249,0.01757840162235168,0.013044159708548816,1.0
TRNP1,54447.229246273826,0.011421049850496665,0.2299313083253955,0.03298877927770977,0.9736835356117832,0.9888667226952144,,0.0
KRT18P59,660.4803655040356,-0.5128582359964441,0.27626566054043156,-2.041585931081349,0.041192622031220566,0.1052606550674837,,0.0
CPNE2,196199.04487047033,0.22861900784681666,0.4253649996634968,0.7773480937925507,0.43695342751404975,0.6392368708072907,,0.0
FAM89A,116595.45632846036,0.08705121834708614,0.4610674003873319,0.2249906348783537,0.8219865597877102,0.9068942623802475,,0.0
DHX15,902737.304021926,0.12574190916528322,0.3157562389599254,0.5066003120982228,0.6124352893200534,0.7761248026240921,,0.0
DPPA4,236.22193664471803,-1.2652606714807222,0.11581529045246773,-11.036708030305231,2.541755108806157e-28,4.6271074754471206e-27,5.92442732837622e-28,1.0
TRIM4,336538.6112460565,0.7957959134306988,0.23935190927829272,3.487968996236829,0.000486704511952539,0.0018308311505424316,0.0011344308904762917,1.0
PEX7,54676.069117277264,-0.8053566262237887,0.36791626982350056,-2.5275369551687934,0.011486573464949556,0.033862309954591246,0.026773377777181487,1.0
CYP4Z2P,35295.70836180996,-0.10623898422573737,0.47281541164539365,-0.31112013236596636,0.7557092967155162,0.8699464509616881,,0.0
TMBIM6,16641272.364521246,2.7868884999853747,0.5133239102976374,4.264646623316123,2.002188289078455e-05,8.877257943042962e-05,4.666782797160436e-05,1.0
PECR,93364.36484950622,0.03062252647653277,0.1028616180499909,0.3237014129785106,0.7461641010066618,0.8629414643684741,,0.0
CHRM3-AS2,1847.3640293421988,-0.17090003313574395,0.36599704079519263,-0.5637680553371909,0.5729119947161061,0.7492619375049652,,0.0
SIM1,22878.375879974203,-0.4515873381364609,0.34865285626636405,-1.5165230907912755,0.1293871361124736,0.27604064795937483,,0.0
LINC01426,5236.336407712602,-0.9728822945095358,0.20233195713236127,-5.002322172090215,5.664382436409752e-07,2.943118707584567e-06,1.320277551065974e-06,1.0
INVS,78842.93514546267,-0.16609741147936186,0.2911156689505184,-0.6772455190909873,0.4982501913483066,0.6907370634923161,,0.0
SERINC1,980072.3665304041,-1.0342673983635813,0.34267926194369014,-3.3567910102095544,0.0007885269086920292,0.00287092862814295,0.0018379309441849726,1.0
FRK,334382.28333095595,2.217029818896599,0.18851145342700215,11.943898966882498,6.98694782038051e-33,1.6836181511139122e-31,1.6285465293485038e-32,1.0
OGFOD1P1,429.1286673021291,-0.29169543676462434,0.39714677979249496,-0.9050067614392916,0.3654618051647677,0.5772768480010693,,0.0
PTMAP10,365.4503529891459,1.5147060710797617,0.330416216388852,4.907414682890046,9.228477806296279e-07,4.6543627196972545e-06,2.1510115559722353e-06,1.0
PRIMPOL,93843.6597400959,-0.14595060600361523,0.41350630234244046,-0.4480735871847658,0.6541000894843644,0.8026202328039383,,0.0
LRRN1,47342.88506580967,-0.9660157861890574,0.4325678196602279,-2.6822100141963574,0.007313752946859229,0.022477510597001746,0.01704719612099712,1.0
NME1,553197.6298908554,0.18288773003411204,0.28183974853537436,0.8464254567352091,0.3973154421944185,0.6056874772817114,,0.0
KLHL28,76588.83548157409,0.26699584115367414,0.6922920291905446,0.6846373944556131,0.49357276391097527,0.6872131579016926,,0.0
XIAPP1,1838.2680137327443,-0.17002914998819546,0.21004083412236121,-0.8737664830849146,0.3822454367551441,0.5926764807381595,,0.0
MT1L,22350.238937461556,0.06701660158607096,0.12780208232675083,0.5255694451646146,0.5991873909073613,0.768117888934957,,0.0
SH3D19,1511713.5980755107,-0.04983484060974877,0.4444553881876105,-0.15234321515659333,0.8789162419110979,0.9369596526293131,,0.0
MTAPP2,930.4147770659017,0.9266581010655457,0.1267043451932603,7.43285660044696,1.0627709928272038e-13,9.349385735841433e-13,2.477150332814062e-13,1.0
PGM1,666695.7687257763,0.114363813388079,0.29519752401224736,0.3631895946876402,0.7164632599543732,0.8454503763076446,,0.0
MUC12,10958.705937750106,0.7455330489170977,0.8015702209409947,1.6541881581344697,0.09808928816319347,0.22118868415823192,,0.0
SEC14L6,3508.303871050114,0.020080306169403598,0.3217821675832248,0.06930597111476512,0.9447460729064756,0.9714272132874665,,0.0
FSCN1,430399.13771791745,-0.38874677627324056,0.22625979740223165,-1.8594359489988586,0.06296537021314419,0.15179858222482515,0.14676227412297346,0.0
LINC02574,295.3370393247889,-0.3511646182945109,0.4059193784750154,-1.0708979281357087,0.28421532757015555,0.4897269362064383,,0.0
RBMS2P1,17702.11732686303,-0.8135610635812012,0.3951370546366412,-2.4280165180915416,0.015181651813287894,0.043520735198091964,0.03538601833863553,1.0
NOL7,1009407.8675515723,2.7019169906478733,0.2898732430935758,9.541957164576152,1.4016176202218895e-21,1.8398075499123118e-20,3.2669479858256e-21,1.0
GNG8,1039.6009283067215,2.3298297194234676,0.14267193439508155,16.446353143915626,8.907255426808809e-61,6.835290779834206e-59,2.0761397228468383e-60,1.0
FASTKD2,175374.6282164901,-0.48796503231887406,0.22797149162763852,-2.2752087800660727,0.022893408421410584,0.06263978124300384,,0.0
FILIP1L,213803.59642873946,-1.637242243172922,0.43721515292266666,-4.16200445836506,3.1546619032382557e-05,0.00013694911726155282,7.35301568848244e-05,1.0
SLC38A8,668.79072414994,-0.00494810046284525,0.2526497585163697,-0.02459141612700757,0.9803808661690414,0.9913563380817733,,0.0
CCDC17,14086.13112971318,0.31416613078009126,0.3190581401056546,1.1222052849462145,0.2617751660882005,0.4613902927377894,,0.0
NTAN1P2,3393.7453162290067,-0.1592791745585192,0.5675337341701672,-0.43744320103737927,0.6617899595124777,0.8080803716152359,,0.0
NUGGC,4130.29317753634,-0.09597562795242894,0.29576731355848873,-0.36851863916153343,0.7124865495183017,0.8420582563431177,,0.0
HRH4,666.4156559909775,0.17729838943507992,0.1782455246539258,1.0358038287782456,0.3002936709907825,0.5086250998484149,,0.0
SPRING1,256911.3454620027,-0.06416424783269675,0.42423270804670127,-0.21938291551814912,0.8263517773301563,0.9094025961971235,,0.0
CDADC1,50820.13787019045,0.1122185387622654,0.43874242943824043,0.32429093868964093,0.7457177792106419,0.8627311697346486,,0.0
CCDC150,18551.766183512802,0.17420403652848707,0.5778941352611822,0.4583424764913364,0.6467064118241155,0.7986400810466739,,0.0
TENT5C,88928.25937702744,-1.9952467893361836,0.1436974430524377,-14.012082752614804,1.314913954198063e-44,5.753325266263104e-43,3.064855515672868e-44,1.0
ATP1A1-AS1,341599.4903228892,-0.5285169620485783,0.4379075978155487,-1.535950454629818,0.12455053227017461,0.26804385640503414,,0.0
P3H4,155586.86866733196,-0.7086067597670588,0.3087058223255635,-2.5748767969431556,0.010027579816961774,0.030022549896161665,0.02337269538645109,1.0
MESTP4,874.4471622205701,0.4215671577055744,0.4276052061807904,1.2348368822692497,0.21689121782210308,0.4059247085168635,,0.0
KCTD12,434657.0699021983,0.14639413990037764,0.6835927836222211,0.04398272716193694,0.964918172270683,0.9852634274894917,1.0,0.0
EPB41L1,654861.4926897032,0.6759913545462554,0.12078956996566731,5.599459683537621,2.150209312621233e-08,1.273781953842602e-07,5.011796285679771e-08,1.0
NTN5,7821.97727406007,-1.0712968881625093,0.11847848159545694,-9.166649075823859,4.879511367198075e-20,5.878986159319807e-19,1.137336574746916e-19,1.0
DLGAP2,3146.6539259389583,0.29971138534442876,0.3195726342227499,1.0710480954129857,0.2841478046629641,0.4897269362064383,,0.0
IHH,417.83381147913786,0.1872635458881906,0.4345817256661096,0.5515320345910261,0.5812690128794294,0.7554376853159444,,0.0
CTDSPL,297223.20828868117,-0.7240876484605346,0.7186882009548986,-1.762738159711247,0.07794466160187109,0.18108429067076526,,0.0
TMEM97,435648.2753862501,0.7236316208888683,0.6743408045226612,1.5790121282434995,0.11433327520265428,0.2510098489044188,,0.0
NUAK2,32365.231376743854,-1.3870161125994975,0.29099409387273495,-5.089076608664285,3.5981124460347577e-07,1.9319036470205997e-06,8.386628448981949e-07,1.0
SRSF9P1,366.16705193402424,0.03149142102999869,0.6567530387326912,0.330672428164615,0.7408919308944382,0.8599254243444142,,0.0
RPL12P9,605.8438272619303,2.3435581471102735,0.5999394487455271,4.400847811199063,1.0782873593756463e-05,4.961713421186092e-05,2.5133165180213662e-05,1.0
RIOK3,392980.97578217863,-0.17324279745356375,0.2424966047956241,-0.8196894359049782,0.41239317383139207,0.6180940958746945,,0.0
SRSF3,1206302.72937534,-0.2939149147336424,0.737763255790984,-0.7335384563655788,0.46323008165635104,0.6611134899290069,,0.0
TACR1,94404.9069232024,1.0373486541979025,0.21508655865407006,5.000847686170262,5.70787934951165e-07,2.9595532427613424e-06,1.3304159904375753e-06,1.0
ADGRG3,19830.14374390174,0.41681805292690344,0.3195372187766391,1.474716245522995,0.14028884661326696,0.2934007408414992,,0.0
LINC01934,615.476996464684,0.06215533081898078,0.1603194108812569,0.400058633340625,0.6891133314686413,0.8270321464942844,,0.0
RGS7,1811.9974036618485,0.4504975881539994,0.445823292577101,1.2849581707634008,0.19880690151729818,0.3821382754405716,,0.0
PLAC8L1,1392.771566166876,-0.005517901187693281,0.07605481802493416,-0.07945746320894184,0.9366687640368604,0.9666606680468267,,0.0
RNY1P4,155.4340825780042,-0.14491243163643228,0.19323613836575018,-0.7906745933359621,0.4291339057093342,0.6327283244688616,,0.0
ANKRD7,1478.9171230683419,-0.6041891098048354,0.15124495836260446,-4.10941361861014,3.9666505427105485e-05,0.0001702389271715535,9.245632199551503e-05,1.0
TRAF3IP3,49161.22476164387,-0.3359545163865927,0.23443221631941147,-1.5571411744674246,0.11943697116206055,0.25969991811523885,0.27838860381138225,0.0
ADH7,714.6383043825354,-0.29973602412402445,0.18076945122897936,-1.7354429291289681,0.0826623818633431,0.19044801881494475,,0.0
RASSF3,232413.58508426108,-1.175990015238763,0.4778373931625629,-2.9521229353856095,0.0031559725523125927,0.010356573086141588,0.0073560706032407535,1.0
CDK2AP1,844136.753339235,-0.38990139684662223,0.622520119098149,-0.9840325187015522,0.3250995242371194,0.535180338909159,,0.0
OR7A5,9526.126488916017,1.7394620666103553,0.1744284695022792,10.11808568881416,4.593109380724321e-24,6.798347059659618e-23,1.0705808220118182e-23,1.0
E2F2,42254.8160687227,0.153970812617757,0.08905635804900591,1.7839283508691008,0.07443530839740414,0.174311417035799,,0.0
RUFY1,559657.7033409837,1.4329320797805662,0.14169995623915024,10.153651212279675,3.1919310395473077e-24,4.7526423956005884e-23,7.439884123954191e-24,1.0
PLD3,1934977.9901970052,0.8337918549644273,0.3933921397869734,2.585982014328591,0.009710199727159516,0.029177395324741968,0.022632932821996105,1.0
MCMBP,446913.09992482996,0.031956884685501036,0.08942109424140401,0.26766271401840375,0.7889589527486223,0.8868980949199474,,0.0
ETV3,241031.28596136317,-0.5023747327863216,0.12902900398424916,-3.778435947388958,0.0001578164317785281,0.0006277419152402697,0.0003678450288370552,1.0
UNKL,340433.54181304405,0.868717720940398,0.1373766261133788,6.281905975339515,3.344471095766085e-10,2.294666000781462e-09,7.795430759664127e-10,1.0
KCNA5,14669.720657521504,0.6080472389981298,0.17674425822593345,3.574746391963981,0.00035056753899146163,0.001336873764900161,0.0008171172357427152,1.0
DSCAM,2349.2455834354605,0.6574832750408872,0.2690738318026795,2.6426486700814995,0.008226034252151909,0.025111051927621617,0.01917357890174473,1.0
CHD9,327024.71607419325,0.050138133188780264,0.2217498282952727,0.2526514939033992,0.8005375341865818,0.8937612810570563,,0.0
ZNF343,141849.9526071818,0.30349329933128477,0.22137560530000397,1.4043042962472672,0.16022825549756492,0.325160901184738,,0.0
ADSL,257019.72146471712,-0.04810191814463577,0.10049821974094875,-0.48840896906511383,0.6252601901871386,0.7848925193415331,,0.0
HCAR1,132021.1826722667,0.06603213232852129,0.23940176930168633,0.23863294695277973,0.8113902150968375,0.9010662645714382,,0.0
CTNNA1,2553883.144694765,0.216000402119259,0.20806803080365255,1.0176588293481486,0.308840119252617,0.5170408732723817,,0.0
HNRNPA1P7,982006.850377559,-0.04067487344887906,0.11672474203052634,-0.47589373357957976,0.6341500867693757,0.7900692448268036,,0.0
MRS2,143976.09317151277,-1.2971837838788083,0.1301051865710549,-10.103794863843266,5.31449456586197e-24,7.796676145446913e-23,1.2387242474074537e-23,1.0
EIF3B,3458818.0734320045,2.2781335426481,0.18863596703690666,11.66671518897328,1.8856420291363606e-31,4.071680710533406e-30,4.395131981930919e-31,1.0
DBF4,40638.55692996263,-1.1054566737468012,0.2978384413606177,-4.027053496975433,5.648018547362885e-05,0.00023814299673918907,0.00013164633885161714,1.0
FBLN5,696549.4502252571,-0.011266073528810833,0.16790628309035455,0.09474247958366404,0.9245193758841667,0.9583338833978021,,0.0
DHX58,127903.0689484638,0.13766385221266822,0.3498811396287083,0.42124171528377136,0.6735785859387815,0.8162803660502046,,0.0
RAB1A,3704436.3053018735,3.0080599912333277,0.2185885189735745,12.610230901195884,1.8544889767253034e-36,5.285823437660465e-35,4.322519166311128e-36,1.0
CYB5R2,91505.32956858767,-0.4873806892196637,0.21566159062988194,-2.4439314793164866,0.01452818551588076,0.04191242877571616,0.033862892221127684,1.0
MIR3916,2111.987774889708,-0.7223615115578845,0.12705078463048264,-5.7818033383630825,7.390407412492536e-09,4.539821696245415e-08,1.722586550164148e-08,1.0
ACVR2A,121100.42702773158,0.1224617584371515,0.26744915246339335,0.5109640891189218,0.6093762027435963,0.7733237399779284,,0.0
MARK4,210251.42402804812,-2.3224318312779975,0.7149300449025593,-3.907157198408049,9.338839913320367e-05,0.00038402418373983504,0.00021767352097028968,1.0
LPCAT3,612228.0014585385,0.8613103555889671,0.3160752787280693,2.962215959272718,0.00305433473229212,0.010062761984592532,0.007119168992837894,1.0
RNF14P4,435.410009394185,-1.3414586681615233,0.1540960648648413,-8.860144869251556,7.991052740412599e-19,9.18418688229909e-18,1.862587433139161e-18,1.0
AP1M1,785815.793396892,1.360657394147434,0.38753588280925255,3.927157420904686,8.59557251206933e-05,0.0003558067692132931,0.0002003491387392608,1.0
KIF5C,62733.44139194452,0.07356577960998914,0.12664060624741622,0.5781704336940336,0.5631490580835327,0.7419407030429638,,0.0
CTAGE1,4948.389251663301,0.05923057545188085,0.15183990458005792,0.398076375537053,0.690573888035191,0.8276267548100752,,0.0
RAD52,100380.79752402876,0.9908499661310209,0.222681679216622,4.638203060657762,3.5145140631057096e-06,1.6791567190393945e-05,8.191773900360412e-06,1.0
EHD4,532195.5415451482,-0.20984019612315302,0.345131497247918,-0.5734082021691225,0.566368338020554,0.7444458752949775,,0.0
GRK5,188474.0791464178,0.06873163892474388,0.3869229566722699,0.22652227293550734,0.8207952380977385,0.906575641887911,,0.0
PBK,54695.70635689744,0.08184012723035516,0.1373018128849162,0.5428091257292551,0.5872612293468682,0.7612419469808157,,0.0
LGALS9DP,4772.019167311008,-0.1326512584800621,0.6240699914625918,-0.3683989747338484,0.7125757618332598,0.8420582563431177,,0.0
MTA3,209189.66279180278,-1.0654575199010596,0.21042412386998302,-5.341246663546234,9.230955051940107e-08,5.179303014519376e-07,2.1515889625737035e-07,1.0
TSPO2,834.4941890431437,0.8595015095950046,0.3860520658515521,2.5761973807605294,0.00998936044095346,0.02992608401169721,0.02328361209321302,1.0
PRPSAP2,120095.59764863974,0.002110033064792906,0.14941981998225118,0.017548068627461468,0.9859993855197927,0.9939702778845445,,0.0
YWHAEP1,9563.690432278696,0.7565363071936381,0.27650597261249577,2.9544952763493604,0.003131809477932168,0.010293689885204889,0.007299750315853109,1.0
COX4I1,1343890.9329940055,-0.03521154886680855,0.13306537073704874,-0.34573794828711857,0.7295396623629753,0.8542121680437843,,0.0
SLC38A1,4698568.778873421,2.9319394513852264,0.4019841487633972,6.567885738452073,5.103467670799477e-11,3.6892893828909847e-10,1.1895372309321397e-10,1.0
RND1,219756.92469494866,2.405328874500507,0.3954249932309232,6.3754773114847225,1.8239399164117312e-10,1.274203403790156e-09,4.251314160309213e-10,1.0
ARHGEF11,373520.8023268554,-0.11477212097783311,0.22057999666490868,-0.4760144516110025,0.6340640822362942,0.7900692448268036,1.0,0.0
LINC02115,207.54160727738173,0.05844871015767599,0.3107158831209501,0.213801900296144,0.8307015429976492,0.911268813827199,,0.0
TBC1D1,456291.7153890348,0.35926665635756216,0.2962201069362856,1.4124377006227402,0.15782112228305067,0.3215734305342552,,0.0
FAM178B,10029.872602391031,0.6974884138039619,0.62407984309389,0.25232393626944133,0.8007906880959472,0.8937612810570563,,0.0
ZNF599,30136.42528463128,-1.084554798335802,0.21774473924534296,-5.2167006366297075,1.8213826979313546e-07,1.0016600768777945e-06,4.245353690318503e-07,1.0
ABCA17P,4919.143139427319,-0.9492663972388143,0.23049497609701192,-4.365451748291137,1.2686030455289024e-05,5.742097995551874e-05,2.9569121453729744e-05,1.0
ATP6V1E1,607267.1771780216,0.48966261549025963,0.19776599891018642,2.488990779583538,0.012810628807605254,0.037368079820078955,0.029859540416978976,1.0
ADAM20,830.6958524698053,-0.015988115801284158,0.3129391772486004,-0.06070186754625677,0.951596644339024,0.9756555111948719,,0.0
MYH14,861461.7035948222,1.2109210609003525,0.18996257942847664,6.619255751755246,3.610117971396409e-11,2.6481277119596014e-10,8.414611421180042e-11,1.0
MDP1,55950.19057215655,-0.3025612447031434,0.3999435014261775,-0.9325614787927162,0.35104643028500293,0.5628478284350995,,0.0
ACSL5,212367.69471180794,-0.032333581538358844,0.20322520644136113,-0.10163149711195472,0.9190491778053034,0.9556425471946745,,0.0
LINC00899,48742.146574685336,0.4809226790365828,0.3255699679725661,1.6836953032602462,0.09224056950862991,0.20913452759502088,,0.0
SERPINA3,3890775.7039724244,-0.2034170023304989,0.14227887690843868,-1.664951745191775,0.09592238340249225,0.21679240979231146,,0.0
KIF1C-AS1,25351.42066892537,0.4228920476943145,0.4935499350158537,1.1424093822681332,0.25328389318984046,0.4507242451769262,,0.0
RASAL2,287911.45148029656,-0.6135893998846064,0.11545630038441014,-5.503025788143686,3.7332778787162484e-08,2.175419399420169e-07,8.701677597680675e-08,1.0
FTH1P23,308474.2058422083,0.1008305470649963,0.11381416977010433,0.832196784819482,0.4052978783957566,0.6120574681919569,,0.0
SLC6A16,85439.28984136718,0.8719403678502399,1.1119277797472567,2.805460233987662,0.005024478074324603,0.01593267427509925,0.011711260109687439,1.0
MICAL3,294916.81893737556,-0.08685001208108788,0.4799615555978734,-0.27347818890553405,0.784485656264637,0.8839824353493689,,0.0
SLCO1C1,4744.895584312924,-1.2733987447341912,0.13121157585752521,-9.840862604964077,7.506444211608899e-23,1.0547082740142307e-21,1.7496328844628594e-22,1.0
NOP53-AS1,2677.9534089700146,-1.8192415112428932,0.16717152500681345,-11.039324638602482,2.468817648968986e-28,4.51079210002099e-27,5.754421697690329e-28,1.0
AK4,304417.2718926699,0.07984394452906168,0.20407800667328432,0.29330024441625474,0.7692926668430426,0.8766301973981125,,0.0
CD81-AS1,25935.304776165183,0.17397771528536607,0.17121721491905156,1.017542862324508,0.30889525282216745,0.5170408732723817,,0.0
EEF1A1P17,928.2127725934373,1.9478056769739438,0.18345769626925165,10.785905060892413,4.012736772547421e-27,6.784925769988656e-26,9.353051879189971e-27,1.0
NGLY1,161628.63670528913,0.3412249731467209,0.24678912711550877,1.475607102098148,0.14004939744622016,0.2931457803028729,,0.0
ZNF234,34581.2129871413,-1.6733371850391732,0.14158526474934474,-11.964922268325834,5.4248367278558845e-33,1.3135478445895705e-31,1.264443252268465e-32,1.0
NELL1,18399.89872529764,2.2413452485420917,0.4843930994736848,5.0262199617838,5.002420850066481e-07,2.6320754430518576e-06,1.1659848224360565e-06,1.0
SLC35G5,403.4180470795862,0.015046491301199566,0.14596966656490531,0.104823780575201,0.9165156398315426,0.9546733085806135,,0.0
TMEM243,99005.96387104136,-0.39971454931872236,0.17843922009736762,-2.3695395034648254,0.017810252371180037,0.050247476712356354,0.041512868610956086,1.0
NDUFA4,414864.3091360664,-1.685134278033804,0.3765572385079234,-4.949984205327126,7.421950465562898e-07,3.796993735613101e-06,1.7299387346835391e-06,1.0
GGNBP1,10698.245684096913,1.6457413218311883,0.36755275235371415,4.819947734911557,1.435958358548575e-06,7.112770896167122e-06,3.3469907908599495e-06,1.0
HNRNPA1,1088353.093841905,-0.7251578738028825,0.5958177995031558,-3.442969015177294,0.0005753652304610914,0.0021449340579521104,0.0013410849390373476,1.0
XRRA1,125525.22414477584,-0.18708745307121624,0.6275722731058295,-0.5056067389572871,0.6131327498374615,0.7764991603446355,,0.0
ADGRE2,44278.297208534575,-0.8429698898868138,0.5788686319248659,-2.0271467255073663,0.04264740954322004,0.10847795961324914,,0.0
SGTB,71469.19207627245,0.14049651951203068,0.21034185310577777,0.6838735636231242,0.49405500886837805,0.6872131579016926,,0.0
RASSF10,26907.81614923913,-0.27770496953565954,0.22595811393929066,-1.328354350313397,0.18406107257935855,0.36088704010449707,,0.0
DCTN3,176445.32975966792,-1.4830485980941732,0.24923588531281934,-6.210107855317915,5.294824768869332e-10,3.578670182536616e-09,1.2341395302392628e-09,1.0
COG7,168046.08367209468,-0.1929933692699472,0.29275102653495183,-0.7925766757824756,0.42802450238085255,0.6316527271821575,,0.0
CCDC169,4312.024495694713,-0.021533706040508693,0.20633056666829147,-0.11454188474837507,0.9088082456354838,0.9505061367851801,,0.0
HMOX1,274229.4506480511,0.0260849259669133,0.2759830586900111,0.18569379885041967,0.8526848915453281,0.9234025703491308,,0.0
ANGPT4,69744.11893192853,0.5103971897163434,0.5929692488630547,1.2633647825392813,0.20645811448240392,0.39126636589598435,,0.0
LINC00867,323.19688256918016,0.018684969278995933,0.4719628667087169,0.048926685592115805,0.9609777222973477,0.9826486095939979,,0.0
ANXA2P3,1788.9549531967514,0.03725424894797396,0.6985880899899716,-0.9138613033184723,0.36078972928462383,0.5745910503421787,,0.0
IMPG2,11060.165088542019,2.237395836301498,0.5717540026640134,4.39295555655517,1.1181999303360735e-05,5.1264533570922196e-05,2.60634637968053e-05,1.0
POU2F2,24280.97497376403,-1.4135964211797893,0.31193774417449766,-4.892096870998319,9.97673159422648e-07,5.00643231307864e-06,2.3254176257944713e-06,1.0
INTS13,107246.28913882954,-0.5214824009921118,0.5887063648562224,-1.3294331747974066,0.18370509894937614,0.3606143382760678,,0.0
IL10RA,110355.02148809572,-0.448377393928723,0.34322930148142533,-1.50990011177914,0.1310689141679748,0.278592188736899,,0.0
CAB39L,247543.32723055617,-0.18134455106955766,0.534682162191354,-0.4383017277129461,0.6611675736692461,0.8077240544232022,,0.0
ALDH3A2,481514.2747658316,0.25173256855032156,0.14243085833668367,1.790439581477255,0.07338327198055337,0.17209015544851913,,0.0
PAX5,8101.879146166057,-0.4561351857270426,0.4974903725752773,-1.2480254582510877,0.21202173422971016,0.39878518848474925,,0.0
TMPRSS11CP,317.6071588386209,0.20397257720734324,0.17601542237639223,1.20611671271273,0.22777249163408397,0.41888605595799383,,0.0
ALG1L3P,288.61350969604445,0.13623235928193905,0.18030312881726876,0.7875935307728276,0.43093449994204525,0.633697313004399,,0.0
PRSS35,9298.843769059069,0.1539685465291779,0.15946461755138994,0.9979013298298177,0.31832720708519036,0.5268743297985975,,0.0
TTN,197782.55884317105,-0.07894136089104735,0.1581265790707774,-0.45544766675477555,0.6487872092650695,0.7998371190693856,,0.0
MRPS30-DT,54425.665131336835,0.7085354725852379,0.11639572454920986,6.109212076592403,1.0012420865190128e-09,6.623601495433469e-09,2.333736227830297e-09,1.0
NOVA1,282061.7489502553,0.07576153560740106,0.528325485978447,0.15993891534785037,0.8729291930759682,0.9343714195414011,,0.0
GLYATL1P1,799.1712264846867,-1.833627553030995,0.22947031937221654,-8.210448108615212,2.203645280838928e-16,2.2663469403762007e-15,5.136347037768491e-16,1.0
AARS2,83775.44887410107,-0.5045459360760103,0.23490714512641,-2.2851994843383823,0.022301133431791607,0.061187048161593253,0.051980398858774084,0.0
DTL,89173.61443952467,-0.09315874626221422,0.3243041752385892,-0.3400061042475888,0.7338519309805899,0.8560039675668681,1.0,0.0
RNF121,381731.75665523054,2.403352966862005,0.1793130002706372,13.586769412634748,4.797950753691132e-42,1.8130438151069217e-40,1.1183260915612787e-41,1.0
C16orf46,17919.375535000127,-0.19377247167628414,0.3427286420139242,-0.6719667808830172,0.501604844488984,0.6936526100113813,,0.0
ZNF644,244639.90778349907,-0.13230140641831992,0.17929477930187476,-0.8583642290817162,0.3906913732617904,0.6001232909856727,,0.0
ZNF823,185147.93779945292,2.459026521158712,0.21262224179620628,11.689374005091995,1.4444734617627199e-31,3.1326233162054117e-30,3.3668381435852555e-31,1.0
MORC3,681797.9424358624,1.9739725518202882,0.26501652336121967,7.669580923998538,1.725592063048232e-14,1.5909895028622148e-13,4.022080939478776e-14,1.0
PITX1,109761.04997586722,0.4187223097540355,0.30502847304830527,1.6049244099920454,0.10851044086963485,0.2413063214702357,,0.0
RNF144A,168105.4724482912,-0.5026337371966468,0.19314568369630677,-2.816426896841895,0.004856109298590065,0.01545773655479722,0.011318819243629553,1.0
SNX8,490672.78126030863,0.5286672179030873,0.6734277427545088,1.1687121053833318,0.2425196430562151,0.43671046193660684,,0.0
TNFSF13B,50090.4958484849,0.004438501073006534,0.45629948193772546,0.008911063664432433,0.9928900939780596,0.9963109598997693,,0.0
NDUFAF1,82269.62085210957,0.31295782205634615,0.28388488213200624,1.2067077279021072,0.22754472190702524,0.41883018400095745,,0.0
C8orf88,14487.705894276263,-0.41599689682873303,0.09591193526176428,-4.393192074538141,1.1169835806116116e-05,5.1255879485655184e-05,2.603511261724635e-05,1.0
ERI1,104870.69338209438,0.14509476252977038,0.1702579478980498,0.8445099394351634,0.39838451154717247,0.6058530136940478,,0.0
KIF2A,154853.70130590303,0.20545251844917578,0.3556231835750587,0.6190676908095771,0.5358717667457666,0.722217879634662,,0.0
LYG1,6950.349969318473,0.1046499437243681,0.18510231878736566,0.6024880900399342,0.5468492886769241,0.7302677441155568,,0.0
GFI1,9106.80144060707,0.530954389853046,0.45158423096625344,1.4951326653381989,0.13487982231082607,0.28435357298664427,,0.0
RPL31P17,22839.621523540227,-0.11357221622044604,0.2310588532231461,-0.5328085213287248,0.594166134504027,0.7667355343167754,,0.0
ART3,20328.2758821356,-0.7101162637882822,0.31696427664702426,-2.52165315957787,0.011680481429691737,0.03435273665760753,0.02722534643518803,1.0
MIR1469,84.64017498360042,-0.8069508642793118,0.9626574417678321,-1.7815850125682067,0.0748169302748,0.1749586723913279,,0.0
NRP1,1079394.3113465372,0.5666743823173831,0.1655055297844769,3.479897249857635,0.000501606118390187,0.001882627026734577,0.0011691641675375013,1.0
TBP,85328.34504127131,-0.03173346645468133,0.12080448437964217,-0.3117950332320786,0.7551962989279917,0.8699172505367427,,0.0
HMGN3,362761.8753410374,0.3406959237974471,0.3535890984892709,1.1399782308606072,0.25429537060076945,0.45204038081134645,,0.0
LINC01970,1594.9306612688906,0.996471010583454,0.1279268588651556,7.90614030103488,2.6549194520659323e-15,2.5864723099423574e-14,6.188195433133117e-15,1.0
BMP2K,252156.50694872756,0.06647948718801383,0.11690783939461982,0.46085799256312954,0.6449004916897385,0.797017753356892,,0.0
ALOX12B,1138.3503597743122,-0.07315922516294633,0.11758152456861387,-0.6359126498902326,0.5248333571697827,0.7137046852679597,,0.0
SNHG28,35169.975119197086,0.37086123445882463,0.46481704656398204,1.0410493837225754,0.29785262930263035,0.5052815893040417,,0.0
PAPLN,194444.21155313606,0.10320183324897662,0.20174807588431326,0.5601305856358694,0.5753903695926934,0.7513212469969515,,0.0
SLC18A1,329.6774756482947,-0.1429860125084889,0.35738186245569303,-0.4789645447098425,0.6319638519775035,0.7890482788587254,,0.0
GMDS-DT,18234.85282702319,-0.8123267869446799,0.23454770074000078,-3.704861839302289,0.00021150598513528041,0.0008300486655033664,0.000492986847595691,1.0
ARPC2,1293690.7876725434,0.1727649062590152,0.1321078994855451,1.228410058801532,0.2192930737674511,0.4081778613070973,,0.0
CORIN,21053.796977897855,0.23452513797841945,0.2634804560721633,0.9595312858390437,0.33729116653850255,0.5481943104249106,,0.0
MAEA,310532.91792961245,-0.9836513313882571,0.7513195571256486,-2.080615804569605,0.03746908611107106,0.0970887280633883,,0.0
ELP3,174298.62090274406,-0.12922837524355837,0.14171712583994311,-0.9683672359909189,0.3328609964754222,0.5438292336781546,,0.0
NAPA-AS1,259790.87155211662,2.5412901394504375,0.516619567334341,5.322321780395357,1.024511385913417e-07,5.72257871549398e-07,2.3879732677271606e-07,1.0
RPS27P21,3716.598984351728,-1.492582936032604,0.6900254562310891,-2.8571553562809093,0.004274565622300414,0.013729255198991928,0.009963333328988066,1.0
WDR18,159327.97976219346,-0.1324571483480487,0.17159760219826783,-0.7171151683643111,0.4733030371311088,0.670311058833041,,0.0
STRADBP1,1332.5967311047484,1.4430137416664388,0.15285800961935384,9.579033284039161,9.795749226012858e-22,1.2994999239189398e-20,2.2832335111846793e-21,1.0
THOC5,222616.93252300174,-0.12392608117966356,0.11218906272358871,-1.1201691663352624,0.26264168066108595,0.4621968236002389,,0.0
KBTBD2,437169.9169438474,0.7155365901135241,0.21313327754802908,3.4625775572019557,0.0005350276926727485,0.00200053832912419,0.0012470645472204061,1.0
SH3BP5,519627.2250784369,-0.9663633066033577,0.38628892048131963,-2.869542108221465,0.00411066595178415,0.013245479177971151,0.009581309237149224,1.0
DNMT3L-AS1,118.54353080196056,-0.9183305182950958,0.19713081955109893,-4.841637187658617,1.2877372441657967e-06,6.404021309969086e-06,3.0015109223827073e-06,1.0
PLEC,2140458.095876295,0.8637003504770305,0.8365242570473396,1.7145488409447291,0.08642797518646142,0.19741553917663673,,0.0
CLIC6,93894.94180462547,-1.8707435352794208,0.7042909740337759,-3.3361026916857797,0.0008496177373243843,0.003073164085405387,0.00198032395970749,1.0
VSX1,959.5002817439023,0.6138153866013584,0.18854621217254722,3.3939670425980775,0.000688879824329806,0.002524711655956703,0.001605669422316389,1.0
KIAA0930,617516.8273842644,0.08875248613700101,0.4082987800773729,0.21893056520712195,0.8267041363874629,0.9094025961971235,,0.0
CCDC93,275950.6965550162,0.2851434656499571,0.18568935423800878,1.5711866498624654,0.11613930012183796,0.2541916757383623,,0.0
DERL2,252129.41060780842,-0.018415769382099097,0.43842884954703837,-0.08306641161357789,0.9337987331655468,0.9651446500268852,,0.0
ZBTB2,397308.7145448367,2.2134274100769153,0.2429431686352972,9.278685214868158,1.7158270161446813e-20,2.1343005377879477e-19,3.99932016660265e-20,1.0
ZNF860,19208.066705063095,-0.1720363582072176,0.28664694173148064,-0.6790258187116174,0.4971215029381194,0.6901313823143166,,0.0
PSMD5,285727.2999096527,-0.24406496248849494,0.3186600539247008,-0.8917028701745677,0.3725522147301765,0.5833903556425606,,0.0
FOXCUT,1211.6516341174818,-1.8073877879388645,0.09849991396422914,-18.44221318172785,6.02249176230238e-76,6.98609044427076e-74,1.4037471453441248e-75,1.0
KLK13,9244.113467964664,1.5613301643619932,0.13090072387322543,12.03702936391395,2.269829048567832e-33,5.577294233623817e-32,5.290610885166516e-33,1.0
PLEKHO2,320999.18448462395,-0.27724828210793134,0.20162140620666502,-1.5757755023877031,0.1150775500136463,0.25219983280670816,,0.0
TESMIN,175072.62718953015,0.7558714267314616,0.24412901904766987,3.2475232579577145,0.0011641414922022638,0.004119915941793941,0.0027134288612639685,1.0
SNORD58B,12453.56690255795,0.11907070226054735,0.15004804104509806,0.8287930183973105,0.4072215395019516,0.6131062598960866,,0.0
PYGM,31509.678872768127,-1.011168973526544,0.2145759387507077,-4.934973296507033,8.016172671756607e-07,4.080068294563465e-06,1.8684424900337362e-06,1.0
MIR6892,2377.3975554430654,2.1966790149123656,0.3254949658420401,7.0220911903813015,2.1857179504592582e-12,1.7332847594420953e-11,5.094561278920925e-12,1.0
PGDP1,8036.920101180988,0.08612624804172425,0.1530916120325839,0.5774009744522148,0.5636686160864757,0.7422559612613733,,0.0
OXER1,13685.87819736939,-0.11758224534413232,0.6734421005380323,-0.3383529614556407,0.7350972171612102,0.8562972721158609,,0.0
SPPL3,348106.7115356048,-0.07418997888091394,0.1317931532448523,-0.7485770881904111,0.45411214592382865,0.6528570511765436,,0.0
UROD,313226.0210870809,0.08691988563402621,0.21195795662578298,0.3576733503309182,0.7205877788415748,0.8481103918975401,,0.0
TRIM60P18,6580.395757854834,0.7442477155484982,0.2843578957752304,2.8577221966647617,0.004266937754805013,0.013713586031551163,0.00994555398176047,1.0
FOXF2,9322.928499698068,-1.663265624319359,0.4419369322848735,-4.197173203948021,2.7026723702102492e-05,0.00011773737801404997,6.29949989841529e-05,1.0
PRPF40B,521808.1379049452,1.3286887533609588,0.5432465296096346,2.9903077249262964,0.002786965256488234,0.009236799135789576,0.006495973224001548,1.0
PLEKHM3,83599.99851302602,-0.08438413262176457,0.22296834549833602,-0.39426904006784363,0.6933824183405639,0.8293984418903436,,0.0
CCDC183,31462.10445128195,0.20885398669007912,0.17707946711487157,1.2671485285975548,0.2051021861401634,0.38958480748938884,,0.0
RETREG2,592348.3684886148,0.1880380722863945,0.1749259116432655,1.2714926033115874,0.2035534571933817,0.38767645837364945,,0.0
CCNB2P1,504.76451265798534,-1.7806871743304324,0.28725851576693695,-6.4730192252863805,9.606372429257341e-11,6.845226525305088e-10,2.239092788651197e-10,1.0
SLC12A6,173749.21098555246,-0.672144828319358,0.25271765755179765,-2.813419189843738,0.004901770486626526,0.015583193873354438,0.011425248218361267,1.0
RAB4B-EGLN2,313998.99661099736,-1.8914780133602924,0.22501427180866843,-8.701394569051283,3.278302710489721e-18,3.650038821411323e-17,7.641202766319032e-18,1.0
JOSD2,412076.286476801,3.0582271089235915,0.22910335351796698,13.523311315277457,1.139298560094032e-41,4.148044684488344e-40,2.655523933527585e-41,1.0
PCDHB8,13352.748803653656,-0.003525775148742405,0.3697678799567723,-0.01241198357041677,0.9900969242144577,0.9957521849596237,,0.0
MSH4,5911.705972419593,1.143604865712306,0.8295721634759953,2.1950987023940276,0.028156518285794147,0.07550791032771033,,0.0
COBLL1,294820.50361757807,0.03620281998028486,0.1712550759733623,0.281425085261072,0.7783843800184,0.8800048249165411,,0.0
TOR1B,144349.43318088492,0.1289610733648399,0.23395081501242387,0.5947747715685007,0.5519940334851006,0.7345448795350789,,0.0
CCDC126,39899.683486135655,-0.9303839135989159,0.17484209472475917,-5.473365685615225,4.415675897255164e-08,2.54628802029003e-07,1.0292238960518111e-07,1.0
NOX4,56993.675312731044,0.13621565075423037,0.2614553643184514,0.5311501363181325,0.5953147436885213,0.7670851642160659,,0.0
PCED1B,56421.76998577484,-1.2706525616216104,0.15500615040827678,-8.38311894347092,5.1543343390446373e-17,5.378623364676706e-16,1.201393443138068e-16,1.0
CARD10,149328.01307895902,0.10381020199608078,0.25704368088931634,0.43710788497664343,0.6620331091984218,0.8081794294375253,,0.0
XYLB,39825.27742119034,0.2239678592924404,0.41998597159372886,0.6553336017003287,0.5122529911560647,0.7025187137266066,,0.0
GABRR2,9311.079016825977,2.9439781792674213,0.9342528376975003,4.80318100474903,1.5616459490886495e-06,7.666820860289552e-06,3.6399485953524223e-06,1.0
BPIFB2,60351.03709851337,0.5378752986532063,0.22329733637477522,2.538529728290747,0.011131934486493633,0.03299232870982189,,0.0
TLE1,339637.3680224619,-0.2039257522571886,0.37660381667757714,-0.6850067456780052,0.4933396642657496,0.6872131579016926,,0.0
ZNF273,119364.73745766569,1.2243113895894546,0.6214745809523222,2.5887534577997346,0.009632403095051081,0.029031073497350325,0.022451601232763924,1.0
FDX1,93347.01944256652,0.29314018165248784,0.584370903940786,0.7621930714773297,0.44594478067965526,0.6474977919353866,,0.0
FOXD2-AS1,11868.202137744369,-0.03013591318986542,0.765339489642709,0.9776311136235037,0.3282568031920665,0.5389548829236431,0.7651144552906671,0.0
GATAD2B,300444.7561150013,-0.40783777694879686,0.2036833139001818,-2.21610967829252,0.026683991579198076,0.07202367424082251,0.062196144858429905,0.0
CD226,13336.18715807021,0.04326109807380129,0.7412304637535275,0.10777490594440602,0.9141742490776769,0.9533623963895755,,0.0
FOLH1B,4249.583006170819,0.2054180228766862,0.09723697888428455,2.1465494866376527,0.03182916504133885,0.08404524813857014,,0.0
ALKAL1,970.5876699460823,-0.0058085461021736996,0.25257662224268174,-0.027890181077102557,0.977749739764038,0.99043087538952,1.0,0.0
PARP8,101019.93043749225,-1.3830219589025214,0.5026077713963023,-3.263110582529849,0.0011019651230406928,0.003920543533328799,0.0025685056232369044,1.0
GFPT2,213395.5651826026,-0.38842632157116536,0.2012280642361805,-2.0493294907139417,0.04042990679909525,0.10373681847422177,0.09423568930555472,0.0
MIR4321,343.77172645360326,0.2825912299353131,0.29517424759028826,1.072628322923031,0.2834379117024153,0.48920010504209255,,0.0
MLXIPL,785668.570563651,1.4661426328988543,0.42463939873833373,3.9019538804007348,9.541934071117026e-05,0.0003907649191028877,0.00022240732311556882,1.0
SMIM32,643.274578884382,0.18068716212989572,0.22199457769956116,0.8690032305097478,0.3848453637987751,0.5950429865555766,,0.0
SLC25A39,681922.911809764,0.1191428255283615,0.1286448679094348,0.7529120971454288,0.45150273822587583,0.6507066334211697,,0.0
SFXN4P1,150.7150738558284,-0.0416824758445242,0.42167466223377026,-0.1295328941501842,0.896935998426568,0.9460597928001102,,0.0
KLHL20,107297.02669546516,-0.5238939844607439,0.16446209751715868,-3.330434131884761,0.0008671067597241208,0.003131881620205586,0.002021088092291549,1.0
DAP3P2,4204.407536606032,-0.10059822986433353,0.17722206316342898,-0.5920808574578705,0.5537964447529441,0.7354463968124827,,0.0
HDAC11-AS1,257.4982648947442,-0.720820714076898,0.1656207987489717,-4.491061606172438,7.086904688800976e-06,3.322319604110834e-05,1.6518448872775358e-05,1.0
PPP1R3E,66311.9145328612,-0.5040865714956965,0.15208795792410873,-3.4402440798554488,0.0005811897945393403,0.002165029645378812,0.0013546610725057148,1.0
MESTIT1,5979.963443865165,-0.32850760739955875,0.6315673141107729,-0.858939937280289,0.3903736540927486,0.6001134528669915,,0.0
ILRUNP1,318.0956184091157,-0.2000003565606729,0.15920725346560438,-1.3019983369647838,0.19291695410745302,0.3742784002675907,,0.0
GINS3,46712.64218493385,-1.192155531400852,0.7381555260144531,-2.3691789423061667,0.01782762574337927,0.05026583466444725,0.041553363181297105,1.0
XRCC6,951311.331574712,-0.5110332257132258,0.7281846395301519,-1.2935264575623548,0.19582903947856134,0.3786028096585519,,0.0
SLCO4C1,4998.402005732861,-0.07850149854962436,0.23669796157009731,-0.35932120250946303,0.7193548147140156,0.8472040222746343,,0.0
C18orf21,84413.21385478815,0.09375020007660136,0.2622643971837082,0.3513287145508022,0.725341755156217,0.8514955694796918,,0.0
BBX,1043969.7926574156,2.0804412202055396,0.22339410717312158,9.53285139153036,1.5302135050803958e-21,1.9980903045395324e-20,3.566684562308885e-21,1.0
TVP23B,162698.81661993454,-0.10335875240410153,0.10227712563207604,-1.119735233308022,0.26282660604092467,0.4621968236002389,,0.0
ZCCHC7,123455.44315399785,0.28443904372535,0.24067652376196907,1.237798082376924,0.21579093967390084,0.4045325118811142,,0.0
RFX4,1142.303535838844,0.32889784535023814,0.18573662849998604,1.8508242654438267,0.06419483896680538,0.15431511169466275,,0.0
GFM1,258771.13421404926,-0.47423724594407174,0.222863465418317,-2.353698417386713,0.01858768475690057,0.05217522316680925,,0.0
MUC13,2327.3205011637174,-0.2081408236738841,0.6273985823931476,-0.5656150552979724,0.5716554911021587,0.748207186989653,,0.0
VSTM1,264.38855221647805,-3.1842266267947585,0.4320683262180595,-7.67069196334818,1.7107093205559786e-14,1.580188535358004e-13,3.9873916312772065e-14,1.0
HAUS6P1,10746.1879280609,-0.4570500818537958,0.17178441337807177,-2.7628702390431825,0.005729553961465029,0.017917877843127,0.013354679981209143,1.0
GBP3,175117.5570056191,0.04741532800128386,0.3240999049778061,0.10996031513233244,0.9124408479387291,0.9523629426352335,,0.0
APH1A,1127859.0605521072,-0.2465171747642333,0.17999531134281355,-1.4082319832199552,0.15906238859652522,0.3237059136350338,0.37074915622405036,0.0
DDX19B,222678.1574090353,0.06934635893302152,0.19648224609962583,0.4691597171649268,0.6389554766752724,0.7928949529194864,,0.0
TXNP6,35882.60361090724,0.05841687932362643,0.17595307149155506,0.34750117839570255,0.7282148333709774,0.8538221219276084,,0.0
PAM,864718.8020180907,-0.21000533276415653,0.24682415265355526,-0.9971768410900336,0.318678680035521,0.5272203170869582,,0.0
CHN1,96664.95896501963,0.2345648300854328,0.18582751952149792,1.297900958578414,0.19432137064083055,0.37656371280359857,,0.0
FAM83C-AS1,89.09230077543654,-0.5997139703557333,0.7023676353552629,-1.4324931115651225,0.15200274810283665,0.31214067827787123,0.3542942558583875,0.0
EGOT,9885.369155373768,1.57946764487314,0.1320630101565592,12.04992989804229,1.941149496320841e-33,4.8171411381335097e-32,4.524511068994558e-33,1.0
TUBGCP3,156849.05530483308,0.34647259569665767,0.7588840836725234,0.8773996422137762,0.3802696074284886,0.5910828301194456,,0.0
CD28,19172.059579683868,0.1735182819794652,0.3314909377650074,0.5958012489357777,0.5513080092884343,0.734096196030622,,0.0
ZBTB48,121922.01678464972,0.09279922648062866,0.16620961563512857,0.535680638389359,0.5921792870754271,0.7654289411589091,,0.0
RPRD2,300754.10423275625,-1.9015861184827736,0.7688989996242614,-3.2574691239445768,0.0011241048673573894,0.003996461210533613,0.002620109849709653,1.0
RHOBTB2,124438.0541820799,-0.31944034147220446,0.6351449436471804,-0.8418064955879602,0.3998962754681693,0.6070245350076776,,0.0
HMGB3P22,2194.5520746746574,-0.6579715587220262,0.1768525106196825,-3.853653559890642,0.00011636822192457372,0.0004734459143228171,0.0002712358368970905,1.0
ALDH6A1,209926.3817801882,0.2873264168299803,0.4165013083404315,0.8413383662155003,0.400158403029625,0.6072376374541435,,0.0
PSMD10P3,566.17988066488,-0.4355986194275285,0.2631287223577254,-1.8085177442198415,0.07052595768323305,0.16668045804766327,,0.0
COPS8,300644.6448597677,-0.1145717174916983,0.13274499446878976,-0.9420036108419404,0.3461907912415504,0.557751830333609,,0.0
PPP1R9A-AS1,220.78018520390634,-1.8155607935098583,0.21040008628349133,-8.829308447223484,1.0532489692785183e-18,1.1994533924112443e-17,2.4549560087669394e-18,1.0
CNTN4,122386.90994226933,2.5986400751180327,0.1956441325329306,13.407596666171251,5.457900968905026e-41,1.9307808533970405e-39,1.2721500015373023e-40,1.0
BRD3,323151.60370867414,-0.16232919377047195,0.25244699289974926,-0.6094233798120355,0.5422438448717796,0.7272687007852747,,0.0
FER1L6,832.9036439060353,-0.40617151547490193,0.12361960534245192,-3.3459190467603923,0.0008201033516735478,0.0029815419228481463,0.0019115306159568487,1.0
TDO2,18883.125359421985,-0.2691347807346468,0.7104425062803819,-0.7419005958539959,0.45814756479593033,0.6559556194133593,,0.0
PPFIBP1,605011.3226353709,0.22166049920919975,0.6943714515751517,-0.14032574552872704,0.888402623584924,0.9420391765394559,,0.0
CCDC3,224306.0229982106,-0.3416261791804863,0.7304037705585776,-2.368986301865661,0.017836914064970257,0.05026583466444725,0.041575012783211046,1.0
ETV1,67324.75020285125,0.4321318978178498,0.37157133464130176,1.3676746295991762,0.1714139446741535,0.3418683550718423,,0.0
RAB7A,1474989.8192463634,-0.23111729187342384,0.20117658777160663,-1.3006420753995924,0.19338099788947283,0.37488706469984084,0.45074038199658434,0.0
UTRN,700637.9388258951,-0.4057653911298224,0.14249668882004568,-2.979076745331688,0.0028911835437090264,0.009569491384220719,0.0067388894934675815,1.0
FBF1,50522.02780209293,-3.4413279412673563,0.16570794615641754,-20.834980717021978,2.0859887822257687e-96,5.476269497759018e-94,4.8621084325897825e-96,1.0
EFEMP1,1881143.001295837,2.318221076184858,0.472026073783062,4.46232970639789,8.107335345951171e-06,3.78645961662963e-05,1.8896910610095534e-05,1.0
ZFYVE26,127178.21162026313,-0.5699433304018369,0.8883531097571661,-0.2440460961801568,0.8071951194033669,0.898794982157852,1.0,0.0
FAM170B,225.2905342183088,0.44462542767908464,0.3827281965779966,1.3917592327556711,0.16399531882600027,0.3306421383605858,,0.0
OR7E53P,811.06322358841,1.7586454138352408,0.2901507101383145,6.331818010849806,2.422891710226297e-10,1.676197482747402e-09,5.647375631125594e-10,1.0
LINC02306,1128.7337642441657,0.9691814907720055,0.29316324666369686,3.582149619932269,0.00034077851324177256,0.0013035300797929153,0.0007943005719859634,1.0
BPIFB9P,241.86372048253924,-3.2495850167071474,0.39585700422885156,-8.480264032641946,2.2468347522894663e-17,2.3947033641922774e-16,5.237014833841055e-17,1.0
XPOT,1430955.3347129703,1.5013088678301807,0.2362531891679477,6.656557788793156,2.8031494787277635e-11,2.086882029834938e-10,6.533696074716861e-11,1.0
HADHB,4309591.898075673,3.2767889820874943,0.9744765973957518,2.863794670391468,0.00418599261718359,0.01346210907447566,0.009756883726407359,1.0
SERTAD2,163066.57197435395,-0.46218455845517603,0.4880362881617304,-1.2765879057259801,0.20174777393536214,0.3852802431449735,,0.0
CTNNA3,5618.172201685831,-0.01236576551624502,0.22594597829498989,-0.06154173405831829,0.950927778402772,0.9755713201713342,,0.0
TACC1P1,1466.3892554730558,0.5416319285327209,0.20280091874298534,2.800644035378754,0.005100074187233465,0.01613136971840236,0.011887462638280619,1.0
CASP5,978.0648486607482,-0.0470877713444531,0.2995120475718469,-0.18085955462234227,0.856477815979949,0.9256708205693013,,0.0
ECT2L,3011.4463689491854,-1.9852157572267737,0.15782587969036144,-12.72106853882211,4.516414056580968e-37,1.3409448401324923e-35,1.0527043604778443e-36,1.0
TBX3,241307.44596577418,0.42199521963073394,0.8973649718126397,1.323823718821981,0.18556159685501972,0.363400567378421,,0.0
TUBB2A,815698.3723134696,2.499967483983089,0.12546093565295927,19.922152359785606,2.615050245829186e-88,5.0168733177676846e-86,6.09526664775513e-88,1.0
TPMT,81931.94866943907,-0.397473818830455,0.24206132443082826,-1.7361267573560413,0.08254142415923843,0.1902572198273019,0.19239094565714077,0.0
TLX1,7251.257012341009,-0.23333373799937168,0.49389794679964244,-0.6540069798107353,0.5131073087958122,0.7033193698236972,,0.0
NEFM,3352.058330124362,0.030304689209182396,0.11081305204772918,0.28592566485962784,0.7749350562583279,0.8786942624725028,,0.0
PLA2G15,187977.2349309159,-0.16239679987564504,0.6329777093566483,-0.44662534808951615,0.6551455904941399,0.8035077957670936,,0.0
C3orf18,54036.0444759852,0.0327054831136251,0.13766839979743847,0.17260804577241923,0.8629595272180401,0.9288826330952923,,0.0
MDGA1,27409.901912432066,0.07153918955951069,0.7090389426185921,0.17915479889992447,0.8578161546783719,0.9261373339199226,,0.0
ZNF790,46869.98093253981,1.2378895047751413,0.42732948348842825,3.303525032851072,0.0009547744469117744,0.0034212751014338584,0.0022254275426149208,1.0
ACTL7B,260.9653897046428,0.08863815071801548,0.26060190715481474,0.3724219028232671,0.7095787488005507,0.8407975148971165,,0.0
SNRNP48,79659.98664309243,-0.9977559684093673,0.252146597523829,-4.222697296421004,2.4139592822083947e-05,0.00010608659823484999,5.62655556058667e-05,1.0
RNU1-39P,1003.9504250797357,-2.0108897615165353,0.2411192282497013,-8.55823502378115,1.1460854014231949e-17,1.2481820922049992e-16,2.6713429823826614e-17,1.0
MIR4763,555.3843353732838,-0.14592912172192904,0.25615782711800167,-0.623684991906197,0.5328344812745781,0.7195290551428256,,0.0
RFX1,91286.2940967157,-0.9256886411172087,0.17153258141544608,-5.559511974517657,2.705300363219872e-08,1.589403794080179e-07,6.305625332589122e-08,1.0
NYAP2,619.057417720565,-0.02771267634637771,0.19979603369700832,-0.14859499849082553,0.8818732198205531,0.9387237316572015,,0.0
TAOK3,302078.1840503217,0.2847407427539616,0.24073352863820185,1.3501496626044727,0.1769679809514414,0.35000645875725206,,0.0
LINC01883,452.3678635540392,1.4694717727202924,0.4710891832781381,3.5765501609514643,0.0003481585345115886,0.001328702961089368,0.0008115022290391607,1.0
C21orf91-OT1,3712.693403125761,2.4209781121388465,0.8598859396924848,3.503422931435819,0.00045931954771857197,0.0017343572324150164,0.0010706008897290828,1.0
FOXP4,376702.30261622294,-1.430997023465804,0.5774169042776424,-3.0801710638466684,0.002068817342556174,0.0069961090879119975,0.004822084534892615,1.0
REXO5,51709.46222818802,0.5771811966194667,0.15548808007840303,3.8066739890126873,0.0001408482149430237,0.000564297908542813,0.00032829481127841226,1.0
LHFPL5,32670.62570187913,0.08297240206535642,0.2955938464732634,0.3095197397345501,0.756926198750143,0.8705436659824103,,0.0
KIAA0513,98796.30899113382,0.22736892960195335,0.2735685712889798,0.8553153072822512,0.39237661559260717,0.6012825064749384,,0.0
MXI1,297106.2295270311,0.43854842721207005,0.2883585154709942,1.6288410919711995,0.1033466632342361,0.23105923631213343,,0.0
RPL35P1,117014.14657091777,-0.7399183105294448,0.18906159371974124,-4.109260357932677,3.9692837269550267e-05,0.0001702389271715535,9.251769733669006e-05,1.0
PNISR,662068.7982982087,-1.6054252943677165,0.14509636433820328,-11.135544591988102,8.422859953678835e-29,1.5854047339226424e-27,1.9632348340630858e-28,1.0
STYXL2,1536.721446220265,-0.37708463897569383,0.16115147433858557,-2.421117743979111,0.015472864663881829,0.04425381246757027,0.036064789225907744,1.0
LINC00870,370.2868102497817,-0.11886832701596987,0.20718019873620028,-0.6075305356055343,0.5434988843368529,0.7277991081934609,,0.0
MAP3K19,1475.860694428909,0.0679286824694951,0.32518302023588325,0.2376573752380277,0.8121468461272479,0.9010662645714382,,0.0
SRP68,789656.8410092565,0.8982908329909918,0.19723510555879314,4.795124974954289,1.6257344481345795e-06,7.965779398128962e-06,3.7893287043435903e-06,1.0
ZNF572,13258.821017143777,-0.7577591216918581,0.1440632996637005,-5.387922768125637,7.127666670113837e-08,4.0585389669552305e-07,1.6613458575013e-07,1.0
TBC1D7,310005.2295475464,2.5829322625409965,0.23543632182682364,11.111780139060821,1.09945572820663e-28,2.0616861549979965e-27,2.562656622567603e-28,1.0
LYPLA1P3,25253.930195155015,-0.7055755844453396,0.20260920658706616,-3.66649137500047,0.00024590120893684144,0.0009574982280850625,0.0005731566496154042,1.0
NEDD8,487475.6310141709,-0.05408962356442815,0.1796001950134253,-0.34911675738131526,0.7270016565624597,0.8528420185638639,,0.0
CBLL1,168311.36251784425,-0.4814761603797538,0.4037487193458862,-1.480226922867529,0.13881269779169192,0.29104570684529607,,0.0
CPSF4,134774.02265904337,-0.4155915175536836,0.37630858139645157,-1.33491072752511,0.18190556632013244,0.35820961895176495,,0.0
ADPGK-AS1,8051.75230558841,-0.14654246012639258,0.12080086469440425,-1.2318599796257292,0.21800139324595613,0.40711005223168445,,0.0
CDH23,114739.00320069426,0.09102513596724625,0.11842406389474609,0.7020250034723267,0.4826635705960126,0.6775118560844248,,0.0
ATP5PF,2030580.730251958,3.4636085719205125,0.23435620618754274,14.571145339433173,4.286437353171765e-48,2.1596716684465417e-46,9.991004447486338e-48,1.0
TNKS,345466.89125244704,0.13016575922690285,0.19396487547362715,0.5831331471522747,0.5598036711046748,0.7396864881827213,,0.0
DYRK4,134403.07271473488,0.6184942652227016,0.7871316432475525,1.4238120322930736,0.15450089168394307,0.3164888902338842,,0.0
TMEM258,225512.13982266738,-1.3562179157837764,0.1320389362107419,-10.485700439091419,1.0049820546968532e-25,1.5913811075644138e-24,2.3424534994522914e-25,1.0
HNRNPA3P10,29394.456557248905,0.6226618418229478,1.10184735604702,0.7876628240231432,0.43089395637693273,0.633697313004399,1.0,0.0
KLRC1,6032.200469671434,1.4896969844843369,0.333673942818686,4.779149605647166,1.760381732355498e-06,8.600180294798457e-06,4.103170131303376e-06,1.0
EVPL,263163.77127739607,0.5667305497620323,0.18750399351291067,3.1032536318909436,0.0019140552579162483,0.006503615549377552,0.0044613587039655355,1.0
CBL,227417.07580733122,-0.02489903313750248,0.18097719498651174,-0.26293848799076264,0.7925979906077245,0.8893694793455796,,0.0
AP2A1,1381208.4098370024,1.418222397140689,0.18204019636128155,7.920832718008147,2.359251694467978e-15,2.3119739591367927e-14,5.499040865423493e-15,1.0
TMOD2,95618.64380730891,-0.4274152662932365,0.6606801947374858,-1.09781508739935,0.27228524197568227,0.4747147105818606,,0.0
APEH,485396.1963426966,0.3311463440590559,0.417177515368554,0.9291647109474778,0.3528037326362602,0.5647577080839749,,0.0
SCGB2B3P,432.99978357085183,-0.16846188989062238,0.5637921111158107,-0.4620883115782097,0.6440179918217077,0.7965191527911426,,0.0
CARS2,300561.53512050497,0.11359520295794075,0.18549054532627895,0.5612504554528878,0.5746268113509336,0.7505206952130027,,0.0
PPP1R17,170.07919436593443,0.4897814140828404,0.1902668614106602,2.6929068595449586,0.007083205360485689,0.02182274758375702,0.016509826326216174,1.0
RBM47,302250.8975981104,0.32396701300646596,0.6125265292005306,1.2174873941715125,0.22341882974988236,0.4145882153245585,,0.0
SNX27,328777.203972911,0.2903236379553804,0.5953587652218627,0.7340137564786302,0.4629403539966388,0.660889091509798,,0.0
TACC2,376976.41778962035,0.15919618140435876,0.2446452436146423,0.6391893248806032,0.5226997758536883,0.7121623823977594,,0.0
SLC9B2,46882.29491577386,-0.17077022831805977,0.6182399459770573,-1.5545863251971466,0.1200446226679917,0.26079380569161265,0.27980494292894514,0.0
RPL21P88,534.6001457374578,2.079384714300738,0.7378183387637899,3.464742111383996,0.0005307401628464788,0.001987486435644322,0.0012370709963916992,1.0
RARRES1,763014.3840411749,1.488376489020463,0.35769436820199385,4.531576337241902,5.854517341296288e-06,2.762756149326952e-05,1.364594976560088e-05,1.0
TCAM1P,5068.761360326572,-0.9300796892433947,0.19346659593845847,-5.012287302654148,5.378681498667661e-07,2.8152007676132524e-06,1.2536852016520698e-06,1.0
HDGFL3,432972.69111447706,0.6353454172680945,0.39542902637058436,1.867371771536557,0.06184968900259563,0.14947008175627277,,0.0
NCLN,697622.6163627922,-0.11098231146431468,0.7132916566172521,-0.015986940059937553,0.9872448106873452,0.9945823596244646,,0.0
LINC00303,231.6553578521056,0.5400877118792203,0.8718853903353666,1.3289125509860729,0.1838768225371079,0.36066755439052073,,0.0
PLK5,2650.3513300017316,0.23571199866414771,0.5411437793345887,0.6326457919881885,0.5269649765286619,0.7156279071399307,,0.0
HORMAD2-AS1,8318.218661785988,0.4065142587047597,0.31007701891285555,1.4671113355408283,0.1423457709994315,0.2964595848622815,,0.0
FOXA3,2312.328734301249,-1.7147018064713249,0.36482938192989234,-5.053183013340604,4.3450717921347483e-07,2.3076064641212035e-06,1.0127672008957067e-06,1.0
SCEL,10105.512313454743,0.10790934283558977,0.1755758820638767,0.6232839451273886,0.533097946207676,0.7196461585071416,,0.0
IL1R1-AS1,2504.0258894640783,0.5806327678408563,0.26506817146169176,2.368614023005519,0.0178548758198165,0.05028804098771581,0.041616878780020884,1.0
NLE1,91444.62235350642,-0.28756738271571874,0.5756765236601239,-0.7645146399875088,0.4445606157231424,0.6461154869542641,,0.0
ESPL1,30348.044328598033,0.16884225624039462,0.7780561979770301,-0.2840371204113092,0.7763819336524035,0.8796909756211138,,0.0
OFCC1,1953.077206036105,0.38305220971198584,0.7522331663336514,1.903917395404139,0.05692094320414902,0.1397940249642025,,0.0
FGG,32411.24931356287,0.2645797776635119,0.13560857242264926,1.9647566042095714,0.04944241505576526,0.12386678367561883,,0.0
MIR4492,176.4910648748104,0.15117938148542287,0.2569400647916129,0.641953797760814,0.5209031821706669,0.709908489799805,,0.0
SLC25A5P2,1931.9226628741133,-1.9039237891205785,0.3479388481657025,-5.80011559700075,6.6269220444117145e-09,4.085919302537161e-08,1.5446302410058707e-08,1.0
MOCS1,271488.8564564913,-1.5465740221589859,0.14836574884637707,-10.601319627310229,2.938048713681547e-26,4.804913765194608e-25,6.8481247588054e-26,1.0
BPNT2,496625.9795383483,-0.06720062428203809,0.36387007800341786,-0.06769607436895364,0.9460275743441846,0.9721437043322607,,0.0
NME1-NME2,3031348.028055505,0.8855116459232937,0.1302834768557309,7.116178333391967,1.1096070828245444e-12,9.058461749801683e-12,2.5863178173499192e-12,1.0
CPM,319347.6936516566,-0.43383457395198466,0.7669964995334467,-1.6023897293725657,0.1090694545742926,0.24227960120052536,,0.0
LINC00485,223.05811126868556,-0.02183602451924765,0.3172085428737375,-0.0810239970833441,0.9354228683308621,0.9658145575363353,,0.0
TKTL2,235.7042256112164,-0.9909786375810016,0.7106195464304701,-2.09542701695987,0.03613304995281626,0.0941157457778838,,0.0
HINFP,131568.1482217499,0.04747617756639776,0.324842261785888,0.1475968617657749,0.8826609319226808,0.9387314550102991,,0.0
LRRC66,4061.2303443706055,0.17842768368822715,0.1608479289892023,1.145198989516683,0.2521267368615603,0.4491457726662367,,0.0
SERPINE2,352229.71370202955,0.017201293859845798,0.2913585823591498,-0.0062333855724997144,0.995026510097763,0.9965670153738131,,0.0
PPP2CB,441364.4554375075,0.02812013793493746,0.2349668066105983,0.041137971115484534,0.9671859036396759,0.986770973073165,,0.0
CCNB1,208504.44262030892,0.17466738562642817,0.4508174306162932,0.4917344749623771,0.6229070634671103,0.7833817937535851,,0.0
DUT,277931.68072883674,-0.035369388576918716,0.280336825913967,-0.04701686979205323,0.962499782247389,0.9838010069364704,,0.0
POU4F1,4309.352746406516,0.2873555223258115,0.2925328669535717,1.087535253503558,0.27680032732013293,0.4805708432554205,,0.0
SLCO3A1,681415.7880058821,2.760854974278237,0.1189999206031972,23.284826684170636,6.316751358561859e-120,2.86435961604605e-117,1.4723343820797454e-119,1.0
KBTBD11-OT1,279.8546847043369,0.033257400551286766,0.6031808913321656,0.08416848758185011,0.9329224725244095,0.9646266289604583,,0.0
CSRNP3,19085.965702570807,-1.4338853418948274,0.5908750994947642,-3.026451866401727,0.002474422137324057,0.008255797739780867,0.005767484869613269,1.0
PNO1,453087.7284337282,2.213551090548428,0.14944112647139857,14.840599379263377,8.00376208505157e-50,4.20239634528813e-48,1.865549779450338e-49,1.0
UQCRQ,481005.6505932164,0.04711666264025288,0.1266325491208667,0.34350729027120286,0.7312168572807749,0.8552068207466514,,0.0
GUCY2C,9845.90612955094,1.181565434534569,0.4740281124690615,2.948267984190503,0.0031955991446946065,0.010479716327243063,0.007448433894269485,1.0
SPINK13,871.5047913305294,-0.13071883471917106,0.2339329898803202,-0.6055313216677198,0.5448260196649073,0.7283817169896964,,0.0
RADIL,92728.69605296632,1.630444772202498,0.12240166961317933,13.489960598505673,1.7919629141275683e-41,6.43043957961749e-40,4.176780848443136e-41,1.0
HAVCR2,92617.94749652888,0.07079248158021345,0.2263913203657922,0.31578873477898806,0.7521628692636353,0.8672650004362027,,0.0
PRR3,96575.6509399364,-0.7224186344091991,0.2813259554461239,-2.868936031246232,0.00411855085020892,0.013253762348930383,0.009599687682636493,1.0
ITLN1,1164.5498217833576,-0.06892830586964621,0.27508726370181913,-0.2854207831993328,0.7753217867737539,0.8789329710062463,1.0,0.0
KCNK17,16280.583671460688,2.7131083348776888,0.20628187003140216,13.30500881594647,2.164675938337476e-40,7.498196930852312e-39,5.045515691788472e-40,1.0
IQSEC1,264694.3038433863,-0.9914937569052477,0.7567955536189542,-2.077792649851863,0.037728461106819836,0.09765934821007646,,0.0
TMEM269,7715.361382861827,-1.7349761682554548,0.16760286101924055,-10.513104312303472,7.517741665378792e-26,1.2018748534265838e-24,1.7522661414443654e-25,1.0
SCG2,6020.4297715594785,-0.7867595492086401,0.6511615642732344,-1.8092278623434812,0.07041561071994769,0.1665400978051679,,0.0
SPATC1,1125.204244186022,-0.6320187648389817,0.48673471284089526,-1.6895798057849454,0.09110837205544833,0.20722688545945112,0.2123591400993347,0.0
MLH1,199695.5505287103,0.0013984470993855449,0.34240088652440237,0.00024138970885705533,0.9998073988800367,0.999968224857038,,0.0
HSP90AB1,6105976.851921663,-0.3841741431133744,0.17930998719473276,-1.6980170222039055,0.08950454913721309,0.2038578498157164,0.20862088368991535,0.0
NIFKP6,420.5346864123662,-1.8994342978740824,0.11499194465748028,-16.623093170380763,4.742154305575042e-62,3.815139625194889e-60,1.1053208259910425e-61,1.0
PLEK,100608.55353727374,-0.20727029752242862,0.48421885324257147,-0.5764724517359042,0.5642958850916728,0.742411544964119,,0.0
DDX11,121959.73463074665,-1.1111266103197084,0.23264811359733678,-5.084211665865024,3.6915608538620445e-07,1.979946832157406e-06,8.604441840684056e-07,1.0
PLPPR5,914.5503807577986,0.00318256292236539,0.3551201705937479,0.005805060411000419,0.9953682579375175,0.9965670153738131,,0.0
OMA1,46044.28432201757,0.3017165277506081,0.6410635644397482,-0.4258144952967157,0.6702430237340954,0.8128305865270283,,0.0
RPS2P45,209.95403222444642,-0.039279703179862825,0.20480519710557663,-0.20549544111713539,0.8371850595613837,0.9151608759790011,,0.0
GJA1P1,3133.8855893955483,-0.33929992685193155,0.1891161213158863,-1.8862230345586695,0.05926490572847831,0.14441297008971657,,0.0
CBS,55584.34103627951,-0.6179956593202589,0.28069994061128584,-2.4374529390912856,0.014791139375003435,0.042498964978408486,0.034475795889026696,1.0
RIT1,140483.59860406216,-0.4803377885006516,0.4814662716400475,-1.3346476161325052,0.1819917058497872,0.35823781719760794,0.4241937517657656,0.0
HNRNPH3,770673.518968079,-0.1421470244634276,0.3941751516287243,-0.4445561101692598,0.6566405712590144,0.8045403311685667,,0.0
UGDH,424169.4750653794,-0.20779454489586738,0.2108359618337392,-0.9768722450955746,0.32863240395132143,0.5393940213587336,,0.0
RPL41P5,383521.8998459612,1.943025037879365,0.48316021030829687,4.426036713696175,9.598019557323585e-06,4.441087342479595e-05,2.237145866912619e-05,1.0
SNORD12B,1462.4737914573489,0.5184468710080238,0.2710484575762564,2.09772861578155,0.03592912553443074,0.09368242455083144,0.08374508325501893,0.0
MKRN8P,188.98319965230235,-0.013242625129865515,0.2752074550471496,-0.0556963261670467,0.9555837262554521,0.9793407903353595,,0.0
JAZF1-AS1,3673.072546751175,1.0108860569481497,0.45831146947107,2.646978036008199,0.008121462771167537,0.024807015494539914,0.01892983939373069,1.0
SULT6B1,479.02167315203985,1.1794470239833141,0.15158008693064381,7.92948226239698,2.2006138760147084e-15,2.169300793193946e-14,5.1292813147483015e-15,1.0
DENND5B-AS1,1857.1616723672873,-0.32925040014930457,0.5071202375373329,-0.9044141541179109,0.36577583566893856,0.5772768480010693,,0.0
SFTA1P,4832.014817151466,-0.5461843678056038,0.275997432567027,-2.175943398841524,0.029559493137991343,0.07878831740693208,,0.0
ST8SIA6,33304.79811624301,0.32427145605790875,0.47581941759455193,0.9026492505025743,0.3667120788148208,0.5777510578421751,,0.0
PRDX6,1486149.6251386954,-0.16658971585728663,0.701878287386083,-0.07538579716919691,0.939907759269693,0.9684486476424765,,0.0
HNRNPA3P11,249.7100959244389,-0.3283602094980382,0.500533643512162,-0.9047836966928182,0.36557999038200006,0.5772768480010693,,0.0
TRAPPC3L,1189.1706746875589,-1.0137655903787528,0.21286332212318806,-4.96881917627781,6.736184932616953e-07,3.456799428384091e-06,1.5700976842940823e-06,1.0
ARHGAP33,202298.39595690402,0.7354556939877079,0.561926349556053,1.7296780468903896,0.08368781308023601,0.19245496156948694,,0.0
CFAP99,5435.68920159793,0.4036922693224915,0.3202621127561739,1.4356477009418769,0.15110261401662226,0.3109322766975709,,0.0
AKIP1,85500.1411448766,0.311128919517271,0.29196296623796447,1.1753505436266258,0.23985450102249628,0.43347617793485926,,0.0
SNORA70F,327.83398780246836,-0.4775687823714644,0.5815620789371209,-1.2215516079186963,0.2218772381638846,0.4118807830150564,,0.0
DUSP10,98465.15061163472,-0.2312506082561067,0.38366075475163675,-0.7285440483040384,0.46628061488997297,0.6639473899717914,1.0,0.0
KY,1861.1211548129227,-0.1923050423822313,0.7228238815711232,-1.2722567578748973,0.20328190723328943,0.3875348076295754,0.4738178286353494,0.0
H2AC13,17825.087402460533,2.072760278745903,0.1693027726620624,12.372432720582772,3.68489158889996e-35,9.776723002889894e-34,8.588896843660281e-35,1.0
CCL18,37934.24280183099,-0.17941184812402874,0.4662970728053964,-0.5206060199630463,0.6026412548268447,0.7705651317806463,,0.0
SMARCC1,763548.7965122161,0.1417863808850102,0.11542190472278599,1.2139901073120332,0.224751501845056,0.41582362433350867,,0.0
RPL35AP16,179.6147084850582,-0.07802802198873672,0.1260014301470389,-0.6338004896082342,0.5262110336337802,0.7151881841322332,,0.0
FAP,190369.347865086,0.8171500495730586,0.5927538733596955,1.856979707459085,0.06331404119382625,0.1524917612142952,,0.0
MFNG,97355.1145965656,-0.15994415718000718,0.18812428247865357,-0.9262929676317448,0.3542937495513535,0.5665399885198075,,0.0
RPL23AP37,708.1428301028737,2.6479702032238013,0.3204045430820746,8.513971330963363,1.6807558796868526e-17,1.8068125706633666e-16,3.9175749195691686e-17,1.0
NECTIN4,220598.26915454754,-0.3546458333152356,0.43043291564225694,-1.0267522249594283,0.304537150787623,0.5131210668336875,0.7098277140788147,0.0
LINC00858,1029.6674942381687,0.028054094735083412,0.468495684953027,0.07601969328029214,0.9394034305604925,0.9684486476424765,,0.0
NCK1,538139.4757350862,2.061483544353126,0.18165609866563495,11.43932566873442,2.659444939031741e-30,5.39240299019932e-29,6.198743624247815e-30,1.0
TXNDC2,759.3829988568099,0.24478917056772442,0.21107031764260006,1.2291057731281343,0.21903215091597683,0.40796578370757747,,0.0
LMBRD1,203248.60365975928,-1.7322476680664376,0.12926073087088708,-13.665629293304407,1.628894856666137e-42,6.448355194484676e-41,3.796695114509669e-42,1.0
ICE2,229893.84036915563,0.08167590483070188,0.14421778385155004,0.4906082645849727,0.6237035399292685,0.7834382415429845,,0.0
BCL2L14,26133.536991376925,2.3756184883457134,0.24344159712637733,9.959118789929384,2.3009307531454958e-23,3.307505071092142e-22,5.363104017144735e-23,1.0
ATP5MC3,709759.5688721708,0.08134299964732708,0.23402514952780043,0.5302266921090381,0.5959547665589091,0.7671890049931783,,0.0
JPT2,1197111.4320426022,0.6498233803450123,0.18028383324705638,3.943691605570023,8.02368282646293e-05,0.0003335177494866424,0.0001870192987775565,1.0
NQO1,928822.8422979355,0.18616354238874347,0.2353430658006268,0.7552103173819924,0.45012279906280483,0.6492806598395808,,0.0
PPP1R14C,49188.19295464126,0.018266929163610793,0.31530219382617425,0.04446841323152916,0.9645310296496805,0.985214883152115,,0.0
LSM14A,617307.3695806977,-0.7274864912230172,0.43889644601792765,-2.0710944842331154,0.03834996721917766,0.09911380128977107,,0.0
SMIM17,3635.832812325664,1.086842749052367,0.15736704680116628,7.052344300954946,1.7592822365243185e-12,1.4153709348037582e-11,4.1006073812071495e-12,1.0
POGZ,478515.64261351916,-0.07411809677340574,0.5658500720477923,-0.13462416344706823,0.8929090358550279,0.9434082336040838,,0.0
HNRNPA1P10,692955.5187460263,-0.49623643791634797,0.2479239948930902,-2.1249239680287935,0.033592957666932835,0.08814396256846975,0.07829984712273878,0.0
ZFYVE28,76728.28445708434,-0.19151478529168234,0.14277754371190732,-1.385174780619526,0.1659990301883706,0.3337376713339752,,0.0
ZNF382,37525.61688606856,0.9893034203346143,0.12772947219627837,7.84127083212204,4.460093031084213e-15,4.253717789492936e-14,1.0395768242545821e-14,1.0
CCDC122,18401.251191953714,-0.007418684541098587,0.17919779909960462,-0.049509937122721816,0.9605129182341597,0.9825755611468393,,0.0
ST3GAL4,182663.24797757453,-0.22321399528883606,0.36230424237572323,-0.757187023156311,0.44893782359513856,0.6486468170652651,,0.0
PDE5A,186080.07215077663,0.019976909736513327,0.2662729555630457,0.0073770900912227206,0.9941139871001775,0.9965670153738131,,0.0
CNTFR,342127.2704348339,0.9979281885438518,0.13662201694112283,7.294232003014183,3.0036746661310073e-13,2.539377836383299e-12,7.001088427411899e-13,1.0
EEF1AKMT2,132133.6631707927,0.10746565648619513,0.4307467668787986,0.3096074379595131,0.7568594993807437,0.8705436659824103,,0.0
TAT,323217.6674947428,-0.029556584051699638,0.2565622392758264,-0.13934793440327206,0.8891752131667038,0.9422574810442996,,0.0
IFT22,94053.64050551903,-1.7279514602119097,0.2501799619087075,-7.061940549569379,1.6419323845331507e-12,1.3273839115156168e-11,3.827083520584746e-12,1.0
NIF3L1,131765.48777942234,-0.47474900127533326,0.46018090878776496,-1.3478878827848115,0.1776944459551133,0.351303962118155,,0.0
ERMAP,121797.95475291135,-0.12740379689979847,0.5005443172443573,-0.3648627191379655,0.7152138844481237,0.8449755697838089,,0.0
ARRB2,251008.4392760837,0.16235568100319497,0.1327253284818787,1.1782047032835925,0.23871500799656098,0.43255796959204945,,0.0
MT1E,356366.20694494265,0.049996474322256436,0.3327546384577771,0.12187132755491834,0.9030009236252612,0.9488452932468512,,0.0
FLYWCH2,125420.58775302456,0.025838033303902132,0.16411421895071646,0.12236392999816209,0.9026108034921403,0.9488452932468512,1.0,0.0
NKAPD1,217455.96147579336,-0.12496231010316732,0.4716206993084247,-0.30670822140928394,0.7590654714330126,0.8709957606413313,,0.0
FSTL4,14612.903475884978,0.15903799094901663,0.10758302346899025,1.5231715083492943,0.1277158022660941,0.27329318820389426,,0.0
SH3BGRL3,1024566.567890482,0.06083330707876237,0.2794302431744462,0.2925001729471201,0.769904227666969,0.8766301973981125,,0.0
IFI27L2,86627.2558304748,-0.06515143913227028,0.17875074458540996,-0.4048029280649002,0.6856223763203796,0.8242671518645586,,0.0
SHOC1,1912.3324017553757,0.03600555251341623,0.28495163398474155,0.13980810784760023,0.8888116070815474,0.9422574810442996,,0.0
HMGB3P4,327.92553828056845,-0.4318140668050205,0.42664001545945845,-1.266622938381974,0.20529014644099497,0.3897933956786003,,0.0
HECTD1,630310.3517275474,-2.1529297796182227,0.15064408697051085,-13.914107182953,5.200527134649607e-44,2.198324520985783e-42,1.212160249889357e-43,1.0
ACER2P1,1784.3771952482543,-0.15525697685651177,0.27991714141891,-0.6149753972628238,0.538570968289102,0.7240948759638924,,0.0
MIR6126,1958.6990091864886,-0.39420112784003275,0.19857999720179687,-2.096807248137595,0.03601064171328237,0.09384591476794799,0.08393508451675348,0.0
RASAL1,30527.78104552786,0.16445801978683133,0.12502600522346213,1.3383547796392563,0.18078081248842603,0.35669884995738493,,0.0
GPS2,415574.96181428246,0.027489999438541007,0.16283800723596492,0.10408875975281767,0.9170989108210962,0.9546733085806135,,0.0
TRIM9,84683.48610553733,2.301155395010176,0.16380248933704358,14.111004883416639,3.2491482992334004e-45,1.4600677222140723e-43,7.573248465689814e-45,1.0
SERAC1,71139.15751335755,0.2662997923660979,0.2773097480645329,1.0411889625294959,0.29778785730031154,0.5052815893040417,,0.0
SLA,103483.2082709129,-0.07932172980943868,0.5966150050179928,-0.23245235153667826,0.8161866916007545,0.9037204652431771,,0.0
RN7SL738P,262.6116301394428,-0.15066466423660835,0.3508925314227011,-0.5098373751464341,0.6101653988502875,0.7740348447266618,,0.0
RPL7AP6,1393066.7407253664,-0.12949640417359384,0.5434719187011087,-0.369850385910306,0.7114939704394069,0.8417770219525051,,0.0
PLA2G4B,151289.02621371357,0.00824144333823906,0.26190861121662545,0.03003864619170299,0.9760362318626739,0.9901018146770034,,0.0
MPV17L2,45805.06924717144,-0.18240871057038144,0.6786132834392082,-0.507827845165966,0.6115740802146622,0.7752303715656252,,0.0
TMEM18,435207.2710050354,1.0595163174637103,0.8395522475756294,2.0529665563300843,0.040075821162912285,0.10304030719618891,,0.0
HEATR1,572047.7399997724,-2.9075097598657624,1.061390848199897,-3.578447751480994,0.00034564094665156896,0.0013211165072015525,0.0008056341317280495,1.0
NAAA,87751.54481792443,-1.1595488496510526,0.2082323203772676,-5.836096871271712,5.343783449379946e-09,3.3252344374979384e-08,1.245551020818092e-08,1.0
TBC1D31,92947.86449594953,0.15080762774462592,0.13297301854847773,1.1491418248696945,0.25049750447123775,0.4472017008956814,0.5838698842535205,0.0
TCERG1L,1112.3808632878063,-0.09909418688688869,0.19707985535298178,-0.5337501175824259,0.5935144296497645,0.7667355343167754,,0.0
THEM6,250490.2262745603,-0.03716543120373602,0.24318458391705192,-0.2417105069693089,0.8090044875548719,0.8997141494509292,1.0,0.0
MMP27,4519.911194379133,0.12369278795736803,0.1570662628431222,0.8060728520680002,0.4202008439511039,0.626217810405452,,0.0
SCARB1,853918.0244737186,-0.20737299378690666,0.35703817559410905,-0.6781173113348714,0.49769731536038664,0.6905463724666505,,0.0
FABP6,3196.936365755336,-1.4062070378363107,0.46703897987162113,-3.4814635214254204,0.0004986817015601365,0.0018730604874864164,0.0011623478165336265,1.0
LINC00993,332969.7066861271,1.9113966670037943,0.3990888398625038,5.158911018572241,2.483903171333588e-07,1.351113306282654e-06,5.78958365355698e-07,1.0
LINC01797,177.8513055866308,-1.3848085746285836,0.15072404490354363,-9.338116913170007,9.806260105894723e-21,1.2477965665357878e-19,2.2856834302898542e-20,1.0
ZMYND8,398675.8494183153,-0.4061845947021882,0.26844778985400986,-1.7230658632850384,0.08487661515400272,0.19473990634230245,0.19783390485428298,0.0
ANXA4,383460.8337088371,-0.339277380081442,0.1859936762495385,-2.04984692249394,0.04037937107646132,0.1036604750022589,0.09411789856513507,0.0
ATP8B2,329198.7256392437,0.5692881695907069,0.27306812293945737,2.2067113338752713,0.027334232914351806,0.07353999664335858,0.06371175410130224,0.0
MIR3936HG,14200.603177751847,0.3974659674517249,0.4266225570725961,1.1576495404975227,0.2470070836230105,0.4425543581578938,,0.0
CCNY,1045742.9854498233,1.613572813322925,0.2256327478619041,7.38890542549316,1.4804241535243619e-13,1.2797843462356183e-12,3.4506334942894943e-13,1.0
SCAANT1,347.74114584451473,-0.4839919186848379,0.4488648824462554,-1.3723157561316934,0.16996516276015283,0.3396579454517798,,0.0
LINC02289,9629.568154842254,-0.21432826668478136,0.1893155441411531,-1.2131717549885637,0.2250641605760758,0.41609341473442035,,0.0
CKMT2,25746.316299607155,-0.22924181123401682,0.7227200720128711,-0.6495221374872484,0.516000942310145,0.7057342199734038,,0.0
HMGN3-AS1,41378.29067782433,0.06353064192815601,0.18555956090490716,0.3289717840126929,0.7421770151970135,0.8599254243444142,,0.0
PYGL,1006075.5416766983,2.0306933497357496,0.3979778936202232,5.3995841198273204,6.679555856018668e-08,3.816451845340334e-07,1.556898346253323e-07,1.0
LARP1,1207391.0635475772,-0.20597906819695935,0.24488759380858116,-0.8339004009513613,0.40433711128547256,0.6111616700278597,,0.0
WIPF3,41786.850450132035,0.49700698773353524,0.18538014935817818,2.766035442264774,0.005674236743951623,0.017778324672632347,0.013225744335902194,1.0
CCDC69,519396.3209145477,0.19961988995505003,0.23998977133654453,0.8523446678368463,0.39402282111307974,0.602831956145307,,0.0
CD44-AS1,39389.817784228035,-0.17073281119563055,0.2883940331688525,-0.6737762437578702,0.5004535803572143,0.6926366422923932,,0.0
AOC4P,31866.390302952863,-0.3312795411346498,0.5232595339740662,-0.9026887612260369,0.3666911028951927,0.5777510578421751,,0.0
CUEDC1,405088.20856485085,0.5508802964717303,0.188629601681674,3.039258700475315,0.002371611039080738,0.007944658067786919,0.005527848534081645,1.0
CRYBA2,2148.157239290059,0.03715263536706513,0.2427064788078671,0.163638866940781,0.870015445714541,0.9324531678607931,,0.0
FOXK2,551036.3191514693,0.6083751216249662,0.26168341470061857,2.595362687006891,0.009449115065680915,0.0285303789029155,0.022024385956830095,1.0
SOD3,467874.55678021145,-0.39817561970889565,0.365149494210991,-1.2719516595343445,0.20339029532669395,0.3875348076295754,,0.0
VN1R1,7465.682075925981,-0.16186392325172858,0.10277239350841223,-1.6075540855782313,0.10793287493503434,0.2403433840071211,0.2515743832597903,0.0
ZKSCAN2,72469.64446921875,0.9189676571987595,0.22982194223729052,4.209560797368725,2.558675861548265e-05,0.00011185517263280233,5.96386691467418e-05,1.0
C1S,4540815.264948508,0.8634868803039428,0.5131011108036446,0.9751032646700886,0.32950903939573106,0.5401219482438077,,0.0
TFAP2E,8184.002233312439,0.09891136950672325,0.3523355601481472,0.3222615261716911,0.7472545772913792,0.8634018604422978,,0.0
DSC3,182685.22387951094,0.39073137428942073,0.533397841964606,1.0245715680240002,0.30556538571821645,0.5142240701627745,,0.0
RBBP4P5,5571.3908271231685,0.14598912915134038,0.21306872233836435,0.7287053365545004,0.46618192773307576,0.6639473899717914,,0.0
SLC20A2,373966.73129550414,0.14480716075651323,0.5566772504154119,0.4076453435628899,0.6835340695912617,0.8225495631173012,,0.0
MAF,311506.92099828075,-0.1948107842116767,0.12676577007972484,-1.6530058349761643,0.09832967604550859,0.22163055766606274,,0.0
LYPD1,33028.09268351576,0.31269725828323885,0.3158743327620314,1.1151285555681534,0.2647953362702037,0.4645793659218347,,0.0
HUS1,47725.51147480614,-1.371706369935394,0.7289533334672545,-2.626120031368072,0.008636435626426943,0.02628342947200585,0.020130159301223173,1.0
RNPEP,557339.9327282745,-0.13137254255213932,0.16408674833000336,-1.0075046488553958,0.3136923248253719,0.522436499575611,0.7311669702004463,0.0
TFAP2A-AS1,13344.937400108867,0.5788444267552648,0.3379986414998847,1.9509134765362814,0.0510673392394177,0.12729829491564992,,0.0
LRRC70,39472.4752003326,0.08384303751291691,0.3437474465034775,0.2770816583869535,0.7817174051470025,0.8829724675890508,,0.0
CBLN1,20720.889539685613,0.12621982880632168,0.2435800032143468,0.5548297792024471,0.5790110962138728,0.7540868666105724,,0.0
EBAG9,131714.56293370592,-0.9164508868911421,0.7959509277951909,-1.945997871778069,0.051654995257911396,0.12863224756976846,0.12039958707778599,0.0
PART1,19976.36155064752,-0.15307145083051785,0.34496166866527317,-0.5298200320520009,0.5962367148970193,0.7671890049931783,,0.0
AHCTF1,363888.0624280736,-0.3561795696739333,0.22079580591240208,-1.7132260370492756,0.08667096332700237,0.19785572772315232,0.2020162453621906,0.0
PCDHA1,67001.01294791518,-0.03037796290188905,0.14523526838194203,-0.21201020577177335,0.8320990722526832,0.9124005654861252,,0.0
COX7A2P1,173.78934218442905,0.22443094386058043,0.11860617068764143,1.9348837852800431,0.05300455838807795,0.13147028206848974,,0.0
MRPS9-AS1,24323.75227095204,-0.0007601857800995756,0.2857100783384043,-0.012076597858006459,0.9903645032362193,0.9957521849596237,,0.0
HS3ST2,30649.445732322627,0.9881938419334202,0.16094672636897345,6.263553263695901,3.763025374930845e-10,2.5747559081145478e-09,8.771014285119184e-10,1.0
DNM3OS,33903.67261608089,-0.069273460325242,0.6822056207359679,-0.20706211579764433,0.8359613481057112,0.9145451677362862,,0.0
CLASRP,707043.7261472342,1.5736119335182588,0.3033083159798393,5.492907368516694,3.953701955104425e-08,2.301174486821572e-07,9.215451099093865e-08,1.0
STC2,3992819.7566072233,1.656668540980579,0.14273927815118587,11.841071403218516,2.39375273761815e-32,5.553506351274108e-31,5.579457315532399e-32,1.0
PLAAT3,518355.1843470981,-1.4078475150016778,0.22143380654031497,-6.626696233946432,3.432830295918135e-11,2.525509958117944e-10,8.001382016840963e-11,1.0
ITGAV,770434.7239190167,0.10276197059362123,0.11387500947927044,1.1762351370377055,0.23950092717226235,0.43299406478261854,,0.0
ADCK1,58676.89891459078,0.006177677858272292,0.11633427405114008,0.04008016495722075,0.9680292151646346,0.9869620276462936,,0.0
NCOA1,931717.0801774372,1.255310797392278,0.28777548607796594,4.680569475901595,2.860791404794356e-06,1.3800413469162716e-05,6.668050246315069e-06,1.0
RBP5,45349.275416547476,0.5233554104179337,0.19724050669963675,2.773754975583602,0.005541339706960581,0.017416636709716056,0.012915982457158588,1.0
CCDC157,39049.41618767438,0.023527756097340053,0.15615448282431563,0.11631761493274935,0.9074008256736066,0.9498668034543442,,0.0
PRMT8,1023.3007451728561,0.9011973480227111,0.14409765524886303,6.383323136876042,1.7328570807025385e-10,1.2139734717056547e-09,4.0390145413758236e-10,1.0
FAM169A,27436.81471782733,0.09789465615677896,0.16710594926671557,0.5663679868103519,0.5711436523178819,0.7479297815073759,,0.0
GMPPB,201385.09638338216,-0.036704713245990735,0.6904845330171221,-0.11967780641327339,0.9047383818966074,0.949485552016755,,0.0
ARMC7,64879.66918212732,-0.8490263507759493,0.11703320236806009,-7.458111686894382,8.777125719368697e-14,7.748726210302842e-13,2.0458085555238812e-13,1.0
ZBTB4,726142.3980033431,0.11726249570401395,0.21427716249772505,0.6219504386305783,0.5339744576280374,0.7202446172657249,,0.0
STAMBP,631521.6689221401,1.9280815520740855,0.3286419528872228,6.172853183927646,6.706848691870796e-10,4.508593163753575e-09,1.5632598726659591e-09,1.0
PKDREJ,4000.7190043172136,0.5513317150071144,0.5347659072379126,1.4234118414199493,0.15461680177308124,0.31659630839249964,,0.0
HSP90B1,4674709.517008347,0.5936168481784612,0.3395741940717659,0.9043074054244571,0.3658324211169567,0.5772768480010693,,0.0
ZNF566,65161.1006351606,0.3263712800346667,0.3535001276010181,1.0710183442422936,0.28416118145209424,0.4897269362064383,,0.0
NCKIPSD,191352.35663075972,0.10626484474470688,0.12822747758040426,0.771971036640346,0.4401315819790036,0.6421106554288593,,0.0
MAP2K2,517490.7899145116,-0.12872049337259908,0.151698547292112,-0.9107043977870761,0.3624511463027029,0.5757663432349943,,0.0
CEACAM7,6252.041006620615,1.7290514234248315,0.24915834657930575,7.179139232669041,7.015167676373028e-13,5.822238996630393e-12,1.6351241294275078e-12,1.0
TAF8,350336.4651424335,1.4939684172676466,0.2779612632334552,5.628488216291035,1.817959193354992e-08,1.084686657470658e-07,4.2373740450722897e-08,1.0
ARHGEF7,657108.9912341868,-0.45038403811945715,0.21803000991874988,-2.289772977039773,0.022034480437133866,0.06065562274857821,,0.0
C11orf52,75906.50621908755,0.04360041205421625,0.30993901923328854,0.14632048579131884,0.8836683945779189,0.9387797648411381,,0.0
DNAI1,15095.054675938247,1.353438983941028,0.31352740510165034,4.61182452067145,3.9914989553242e-06,1.9015851756597047e-05,9.303549901475284e-06,1.0
C1orf53,6003.332869578748,-0.4851540498880588,0.3227741888928461,-1.7180104694020268,0.08579470567431056,0.19639467274137729,0.19997382799227154,0.0
RPS3P6,7165.327717119621,-0.4507549051593081,0.17610685371589663,-2.667150919518729,0.007649731181390724,0.023437874160182393,0.01783030800597053,1.0
NOP14,218281.12713558512,-0.6448858475921083,0.6913024456610968,-1.5582959113510337,0.11916311774534334,0.25933055467442084,,0.0
PTPN11,1054179.7456682003,0.5208560530447407,0.698175365512432,1.1516490723221218,0.2494653076089547,0.4455184226113376,,0.0
NT5C1B,2135.091867667334,-0.3822327467528063,0.34533324820130673,-1.2973038016743088,0.19452667685429692,0.3766688913622799,,0.0
EXOC3L2,80059.16375689433,2.023646026207806,0.2147705191614562,9.580228145701012,9.6830802402004e-22,1.2879787796831893e-20,2.2569721606597943e-21,1.0
TRIM24,686759.2401954043,2.2631994005639777,0.20478772342170426,11.235691412671006,2.7235327192875575e-29,5.2859849042048e-28,6.348122057853429e-29,1.0
INPP4B,279485.6326011681,0.036999584355224345,0.1354944000487,0.0863114556512468,0.9312188321684121,0.9631229166475181,,0.0
SIK2,651108.0779252897,0.38857109774361903,0.1626070168305734,2.533133636048399,0.011304784524697456,0.03340537038459177,0.026349656639808837,1.0
PCDHA3,83992.63580179751,0.6484032099406303,0.45394472205744124,1.7818731895616904,0.07476991351111968,0.17493073573802298,,0.0
SLIRP,190343.5607992269,0.1419974262062522,0.2743599229449947,0.49190178638732157,0.6227887753870706,0.7833817937535851,,0.0
MRPL9P1,242.36345024248038,-0.2968912411586333,0.7556412659451276,-0.8315344391122819,0.40567178127386316,0.6124366964267645,0.9455564696233782,0.0
KRT8P48,9512.155908684352,0.34218540170153683,0.23004465656008605,1.5969838248581796,0.11026931284016052,0.2442377142303378,,0.0
PALM2AKAP2,1315788.4702311417,0.1765401877075153,0.46837488220367907,0.6220624185709375,0.5339008254302697,0.7202446172657249,,0.0
RPS21P4,21953.594551391085,0.09246904420396244,0.39031101201015117,0.29214487936099964,0.7701758538689593,0.8766301973981125,,0.0
MIATNB,14033.991200253111,0.2583596519793835,0.13799460265794736,1.8848697233860043,0.05944742866736212,0.1445752190116052,,0.0
PNMA1,239382.34891761132,-0.12156611149341927,0.1809253415415077,-0.7483503359297251,0.454248870394969,0.6528570511765436,,0.0
PDZD8,216044.3009145121,-0.5569015376626592,0.20935429002934194,-2.7677587450189933,0.005644322114440521,0.017706841953980704,0.01315601808730342,1.0
LINC01624,1500.79989701782,0.2619560785726771,0.48863558109658806,0.7271121628326707,0.467157248472983,0.664626456184609,,0.0
SUCLA2P3,1452.5072074968734,1.7430109759095271,0.23893416784795674,7.528715858428882,5.124175280800534e-14,4.597011924574293e-13,1.194363845823975e-13,1.0
KCNAB1-AS1,65.92570523145541,-3.3863730966119467,0.1558583032528461,-21.812449235565676,1.7675613784419405e-105,5.8777307704456e-103,4.1199047456394384e-105,1.0
CLCF1,29892.14752999537,-0.6742276843765179,0.1435582403603117,-4.874889205983974,1.0886953999964625e-06,5.446752913924127e-06,2.537576007094558e-06,1.0
LARGE2,37444.05297295698,-0.14988321293970372,0.4581224994497196,-0.44019234372308524,0.6597978044737309,0.8069221171025953,,0.0
CCER2,3673.9666748785107,0.4275001524478525,0.186685107899757,2.3863541608177283,0.01701635503118699,0.048280761601570375,,0.0
ZNF527,26835.024995372612,-0.06983643499470149,0.4562789578333431,-0.2064512217101361,0.8364384633546387,0.9145451677362862,,0.0
ZNF395,507772.13989640865,-0.009005050142467134,0.1283138130000691,-0.19220171422558038,0.8475842031792055,0.9208832416273481,,0.0
MYL12BP2,2690.9750124387924,0.12973056384079387,0.18185849843735222,0.7427110708039543,0.45765662569286014,0.6555977165295768,,0.0
EXTL1,39256.5634008854,0.2480973736691346,0.2776892722736946,0.9751943782471489,0.3294638502073466,0.5401219482438077,,0.0
TBCA,412921.70265242655,0.006368654287575559,0.6613559265554368,-0.0333479850100534,0.9733970885148578,0.9888667226952144,,0.0
CRADD,22340.631717537468,-0.7972582404658105,0.7712163795264838,-1.7642666930804094,0.07768708879604477,0.18065417198819178,,0.0
DOP1A,263988.8936907761,0.14869618092461892,0.40624415264102176,0.4020032846283878,0.6876816089546809,0.8257476806610371,,0.0
RPS29P8,1290.872272188637,0.12352858430583494,0.08749211585848433,1.4258883148404975,0.15390058290121694,0.31538870481153247,,0.0
NINL,103520.05201568737,-1.4312813306118168,0.4941524141099116,-3.3979942649536077,0.0006788184311703427,0.002495170475075659,0.00158221791340078,1.0
ABHD12B,5096.241541891973,-1.563601177399765,0.24132350830130891,-6.717010692272251,1.8549036340997384e-11,1.4039847233519718e-10,4.3234856667707927e-11,1.0
CAMTA1,196851.65215728912,0.01182576359522256,0.22023725369520136,0.041474780280764706,0.9669173979701913,0.986770973073165,,0.0
ABCB9,223440.51704783086,-0.11653942619518222,0.2782371580443093,-0.49663311801234034,0.6194477943895014,0.7812403535815,,0.0
MIR4458HG,40135.43191874544,0.7403021668212297,0.2458459550042117,3.201621986263982,0.0013665619987902964,0.004763390111786163,0.0031852389018532704,1.0
FAM187B,426.7819615975741,-0.03679258506641157,0.3725811686686213,-0.12228706092082842,0.9026716789780851,0.9488452932468512,,0.0
MNX1,5210.94434349684,-0.3178505995656168,0.2080954191918609,-1.626887248561241,0.10376104667167373,0.23167417224633327,0.24185051439173297,0.0
PAQR5,35477.8376842587,-0.11358831791371622,0.13065373937000233,-0.9706770939544818,0.33170910188717184,0.5424210777091008,,0.0
ZMYM6,99546.3426734116,-0.2185757223996281,0.738356365850005,-2.432575866528008,0.014991850441941781,0.04302609321312175,0.03494362149738579,1.0
HAMP,6655.085937214477,0.46522689934220035,0.28169214640164664,1.8290272495925273,0.0673955261847244,0.16030943472074646,,0.0
MNS1,30407.127167111077,-0.341837700389035,0.6238234070244238,-0.8958200495813778,0.3703488798867025,0.5812776000235595,,0.0
LRRC8B,183463.041960932,0.2778863422636052,0.485618810922309,0.8867078463027295,0.37523621289786346,0.5858147824521261,,0.0
MRPL37,420688.1238111397,-0.2462868053323792,0.31848635985200513,-0.8979845845649304,0.3691937679245799,0.5804776245896754,,0.0
LINC00921,11720.361893572817,-0.3058560568983197,0.5556412752928859,-0.8229565789848929,0.41053268607400195,0.6163500721113129,,0.0
ABO,72338.7414474562,-0.05880743063537336,0.3580366414370529,-0.20667729544766006,0.8362618901641969,0.9145451677362862,,0.0
SPRED1,246741.51918254996,0.12501356366700853,0.22619361454504866,0.4907065789584278,0.6236339926686033,0.7834382415429845,,0.0
ZNF271P,162370.16568932394,0.21052244672238368,0.16568872108501614,1.3789909175614121,0.16789755422820452,0.3363345383495117,,0.0
MC4R,370.36625848361416,-0.24182007316879336,0.20980771847682117,-1.2224320356312879,0.22154429077589444,0.41156905861830967,,0.0
RFC4,124776.18601362975,0.3264740521965178,0.5439160710285316,0.8576765290750642,0.391071103789174,0.6002038971385845,,0.0
RPS12P31,108.74579543941036,-4.007218155442984,0.3495185636558717,-11.665659485995429,1.9091795594535985e-31,4.1047360528252366e-30,4.449994225492781e-31,1.0
LINC01124,4452.550431568021,0.405786657929294,0.8834137315457657,1.0769279240634424,0.28151246687572595,0.48688772010267717,,0.0
UBE2QL1,38264.71331632571,0.6727513071852077,0.1521382581388177,4.5036656276781795,6.679126797211381e-06,3.140007960837924e-05,1.5567983394621667e-05,1.0
PSORS1C3,1412.8536975206127,-0.6032236461592215,0.13272847401078436,-4.643939822914574,3.418271635977237e-06,1.6410335823151545e-05,7.96744809357685e-06,1.0
NPTN-IT1,12282.959490327468,-1.130931370193849,0.6068083436401892,-2.4777366391691262,0.013221869897390173,0.03843280131012948,0.03081807805989822,1.0
EXOSC5,374051.46962515096,2.4200849352308764,0.8163472970006932,3.5705383136682083,0.00035624833858925736,0.0013554284613907061,0.0008303582770482316,1.0
SUMO1,491453.5915640079,1.4530219128762087,0.6508273493007798,2.87037702612327,0.004099826327906563,0.013219090965480244,0.009556043796073803,1.0
SNHG1,252262.15340836736,-0.8825299408156506,0.24894849142261163,-3.893370755254014,9.88608833078213e-05,0.0004045267316976313,0.00023042901212122087,1.0
C1orf116,136180.14456010336,-0.4560533188419099,0.16616219076747746,-2.892670070119356,0.003819823173053119,0.012380297587517191,0.008903400928592972,1.0
PSMG3,111759.65400802778,-1.0034050144621824,0.17004613922594763,-6.089662039772571,1.1314928971057888e-09,7.435950686118148e-09,2.6373301732540534e-09,1.0
F11-AS1,468.12679538415523,-0.1983123481974014,0.3443697399197197,-0.6785174935631558,0.49744363592396956,0.6903864373925321,,0.0
DLEC1,118902.23500345662,-0.10224752064584947,0.4280844910750794,-0.3175475643440304,0.7508281543237496,0.8661264647934467,,0.0
IRGQ,144487.11919982586,-0.5631404733565458,0.5970665099978218,-1.417495705627185,0.15633804901417872,0.31972701454806207,,0.0
PPP1R14A,269973.4692586069,1.5001708375657354,0.5361117885028759,3.3304512107959106,0.0008670535689921961,0.003131881620205586,0.0020209641131462962,1.0
SEZ6L,37339.86023892843,-0.010784959413711121,0.6987976131502276,-0.040293923516142194,0.9678587981782223,0.9869620276462936,,0.0
ATP5PDP1,270.198464692293,-0.024470069783188098,0.11385325431209942,-0.2169625474746467,0.8282375324922983,0.9101773345430036,,0.0
CLDN23,47303.90645075062,-0.3802212700808009,0.2923684304401803,-1.4693409593158098,0.14174033248289786,0.29556888730129366,,0.0
SLC26A11,107993.35783051835,-1.0363155960256054,0.1132309119811829,-9.276534188477452,1.7508096281923504e-20,2.172397618264538e-19,4.0808590773006746e-20,1.0
ARRDC4,614480.0127229562,2.5898456246331496,0.284099247245142,9.336945613036692,9.915317014075314e-21,1.2584631365447242e-19,2.3111028629069004e-20,1.0
C3orf49,725.9079053454666,0.39578692671679166,0.24611435603527587,1.7367860776255584,0.08242493739573224,0.19016447166045905,,0.0
NPC1L1,23796.782466436027,1.716075393547617,0.33112650636779434,5.467726591949173,4.5584428421991084e-08,2.6225505071383104e-07,1.0625006026583716e-07,1.0
GPR87,14783.165381715813,0.8144168972232279,0.2808436410270865,3.13482189460318,0.0017195847933437116,0.005877040316328528,0.0040080789482235665,1.0
CNR1,355554.7760635697,0.8263545696164533,0.2684555734752485,3.2474084213044994,0.0011646113628567473,0.004119915941793941,0.0027145240551072224,1.0
LRRTM3,334.1398077232145,0.1834535700870883,0.21348516942349385,0.9152108109762442,0.36008097022181285,0.5737393792943326,,0.0
RAB14,684034.922691872,0.28207807731175627,0.35962988428709136,0.9083846464479293,0.3636750346841465,0.5762423993025804,,0.0
ADAMTSL3,81260.63090276797,0.19124085167779428,0.5174120131936578,0.49279043852626003,0.6221606673788094,0.7832754691785717,,0.0
CEP162,60507.32619504102,-0.08726919088517768,0.2980298509982467,-0.29914179944834707,0.7648318542847752,0.873793240763275,,0.0
GCNT4,19310.724055417733,-0.3022455433790395,0.2599015303958506,-1.2690027318508046,0.20444008971533367,0.38862315834606875,,0.0
MAST4,383500.42276793194,0.5760813579456082,0.5517681072345038,1.413692229065505,0.1574522879971667,0.3212940524852573,,0.0
C16orf96,1541.8740249983389,-0.2535671921366691,0.5721701824327535,-0.6839157930192328,0.4940283407375492,0.6872131579016926,,0.0
KCNIP3,44121.68163251758,0.8341941310861796,0.8292899830710492,2.9539097430545245,0.003137757600117518,0.010303577952196299,0.007313614443638402,1.0
CHST3,269099.7168500835,-0.6046655538618213,0.6731838237773825,-1.5093965107517158,0.13119748423074895,0.278592188736899,,0.0
ZNFX1,517225.63918365247,-0.5275303654245251,0.1419119422299905,-3.86697865950285,0.00011019206644980809,0.00044941784746659264,0.0002568401997437583,1.0
ZNF334,39483.69521478239,-0.2842343979566958,0.20596814452035347,-1.4890458001676492,0.1364753086428434,0.2872315778525329,0.318102261453506,0.0
PCCA-AS1,250.8631897881508,-0.304418260241448,0.22830371391697474,-1.4308180507106878,0.15248236837596565,0.31299672981864884,,0.0
POU5F1,6093.963209751464,-0.6183730691876013,0.15667989231825555,-4.06622654138903,4.778049126917805e-05,0.0002028332684686469,0.00011136873385544865,1.0
TTN-AS1,75670.07582401115,-0.11279990833568951,0.08062175093025437,-1.3925867661415527,0.16374478716698326,0.3302705209821724,,0.0
RAD1P1,451.0773721666761,-0.27189265031837734,0.328788854925619,-0.9559351050493732,0.3391050217957946,0.5502458844233649,,0.0
PITX3,1166.6121516456017,-0.23687356215266397,0.49234766239540223,-0.6659411368320002,0.5054487252920805,0.6970357317547408,,0.0
LINC01412,189.1552392418554,-0.9734863903715458,0.4706507877388727,-2.523573343270014,0.011616882490128985,0.034185846525524116,0.027077107411571672,1.0
H2AC17,12748.370325395555,2.1560167889177033,0.42839318980383695,5.402611582135943,6.567757607009335e-08,3.7568778605232293e-07,1.5308399506431106e-07,1.0
NAA25,213457.94715386472,-0.4432920668764623,0.3352148835602514,-1.5373336947253748,0.12421161425176712,0.2677474208676813,,0.0
AKR7A2,271769.6799517167,-0.06921983106330484,0.2063750746473843,-0.4498655609464443,0.6528073813150875,0.8018230036935869,,0.0
HS3ST1,24995.759838226666,-0.2554462335924086,0.34721884812907483,-0.8614390513863605,0.3889962757949337,0.5992765074902738,,0.0
PCYOX1,1714878.203565054,2.0500437525396733,0.08957989313138563,22.719616303384974,2.867011063647868e-114,1.100050091190428e-111,6.682547282932507e-114,1.0
FBXO11,1695770.4086220148,2.767794591296465,0.47837164143045696,5.446169508868671,5.1466092864361265e-08,2.954118195712704e-07,1.1995928561095046e-07,1.0
MUCL1,904775.2376127742,-1.2838620857954521,0.29379133411510594,-4.8098313253844305,1.5105771233650508e-06,7.438063861149924e-06,3.52091527632938e-06,1.0
NRXN2,20632.386733620944,-1.8096067216992817,0.11266190460253056,-16.149030072793057,1.1536138579147213e-58,8.2203227475409e-57,2.6888906183544996e-58,1.0
COL9A3,100128.14070736567,-0.23365437479692885,0.15588903441788715,-1.5114919865083956,0.13066314875910334,0.2782231162188117,0.3045550401917792,0.0
PRSS23,1061829.3676247187,0.16419026286185348,0.18294825245890242,1.0346144898004859,0.30084898436950214,0.5088067774099144,,0.0
FAXDC2,327840.7917583459,0.4703297778623604,0.23257286434933333,2.1462273324199703,0.03185484593886141,0.08404524813857014,,0.0
KRT8P33,31281.09005038413,-0.12798151688725398,0.15517279740202214,-0.8823299755271649,0.37759839096582914,0.5883380141188289,,0.0
NAT10,267978.9009308187,-0.9582491354987386,0.16763717480835383,-5.9332373157664815,2.9701904514323263e-09,1.896966705729122e-08,6.923042042871235e-09,1.0
RNFT2,26061.618986831047,-0.05881775453856223,0.13872037116624966,-0.5036086959547201,0.6145363805586517,0.7772108964262217,,0.0
SLTM,669345.7605933805,-0.19512535483362486,0.1641051593144951,-1.2835146686552985,0.19931182382554458,0.38281377637343716,,0.0
LINC01615,4616.351004180717,-0.08235055244779847,0.3864482004011535,-0.2652661850726563,0.7908044120521119,0.8881128301825447,,0.0
SLC43A1,79312.34013090307,-0.8253327307751005,0.2357723625539333,-3.7845118911106246,0.00015401054429679622,0.0006130922545510132,0.00035897410979085026,1.0
ELAVL1,739858.3347044917,0.3326186955388326,0.5690658396017076,1.047666998511144,0.2947920573891527,0.5017866275646597,,0.0
GATD1,383039.9917081995,0.03753865046723673,0.4782048997688874,0.1281964367368852,0.897993519876029,0.9461014907576704,,0.0
RPL37P23,24403.973361236287,-1.5579393685986567,0.22731217247355093,-7.110586585671924,1.1555078239793057e-12,9.416127022386815e-12,2.69330515234055e-12,1.0
TFPT,222553.1860680126,1.1168975142536814,0.6101909297033284,2.4078567837798106,0.01604647444194355,0.04568482563722285,,0.0
GAB1,212512.02494194466,-0.2367475430440664,0.16582862452231534,-1.5514771704343469,0.12078737421635206,0.2618372110348388,,0.0
DDX10,159444.05128619602,-0.08688214300946101,0.2564351918749041,-0.37408676206956915,0.708339767224261,0.8402375169832612,,0.0
KYAT3,136063.4780743121,-0.12122429017340183,0.3152828525875621,-0.4523589961276808,0.6510103812434401,0.8011941232771476,,0.0
DHDDS,291414.132174977,-0.15395647661778447,0.260036158686287,-0.6076050999416481,0.5434494175414111,0.7277991081934609,,0.0
FGF14-AS2,15526.454725701546,-0.3127242607879277,0.563656174653699,-0.8351442944089874,0.4036364696915299,0.6104726230507432,,0.0
ENTR1P2,2942.8110553330043,-0.09359988596980733,0.10920679067196759,-0.8548801527526287,0.39261749918310385,0.6014668568566715,0.9151290121146365,0.0
RPS17P5,353.92777452453066,1.315477674001259,0.4257148881277307,3.512753632084849,0.00044348849530625914,0.001679666374022491,0.0010337012217699162,1.0
DNER,19827.035651482933,0.22086588837634838,0.6343221988830706,0.5722126169247136,0.5671779408662363,0.7448877222329612,,0.0
SNURF,237654.59580407786,-0.005652229023425093,0.28027981504073624,-0.01785560365474492,0.9857540465126979,0.9939238293926294,,0.0
CDH22,1834.3828222979032,-0.1232901999376423,0.12224183176748257,-1.0312947471395078,0.30240262088858183,0.510496004053803,0.7048524640150683,0.0
PRKAR1A,1379301.2597804673,-0.4478224136650278,0.3586252286467092,-1.5047147464820019,0.1323974301566936,0.2805430678086609,0.308597374589527,0.0
TAS2R15P,4119.434607370838,0.6725939985832762,1.0266228746929396,1.591962644700546,0.11139309824987854,0.24588816863221533,,0.0
MAP3K9,69403.65292741013,0.046224619264345505,0.2090371588610294,0.20693192240238864,0.8360630255777384,0.9145451677362862,,0.0
TMEM70,155708.5131507577,-0.6643521424010436,0.2228396330358451,-3.1899055934332754,0.0014231927688680161,0.004944244725616372,0.0033172362294923664,1.0
OGDHL,6830.455029394198,0.25290624348705343,0.30136636719903637,0.945233340816386,0.344539761431944,0.5558099385583882,,0.0
BRMS1L,121978.21277912008,1.6386305013935103,0.10800295541524327,15.155050889978757,7.01610564774381e-52,4.1662303536840624e-50,1.635342755651688e-51,1.0
EGFL7,971196.6368972491,-0.01986324585626758,0.44135467852538945,0.17153593975850967,0.8638023733743336,0.9290756918611787,,0.0
PBX1-AS1,255.83613231894338,0.03753924973111851,0.34317466253724255,0.12619981385615586,0.8995737587095948,0.9468398203088118,,0.0
TMEM241,102375.3266131913,0.1978968478999154,0.4206227478022272,0.5824827260973837,0.5602415734896335,0.7398689352836357,,0.0
SLK,808226.0187614666,-0.1759449696385578,0.567223475142344,-0.4821816626986518,0.6296769021287882,0.7885648697672107,,0.0
EFHB,4343.132698065415,-0.1881245555474585,0.20137728362869356,-1.0111890880464467,0.3119259374417488,0.5201894269339495,,0.0
CCDC60,2358.6037149777267,-0.11221928910564097,0.19791520872750912,-0.6022099067493077,0.5470344220873467,0.7302677441155568,,0.0
GPATCH4,199057.14859638308,-0.4092798256488414,0.3906220582367233,-1.2695042000374102,0.20426129350951472,0.38843131224760175,0.4761006224418035,0.0
CEP97,249488.5796794324,2.1413708404175744,0.19946535215332953,10.873518941484406,1.5413869740093095e-27,2.6788983367102565e-26,3.592728143158148e-27,1.0
EHD2,4071769.2376085394,2.515054907032422,0.27757679367431887,7.389686835864064,1.4717503036100293e-13,1.2744948809734072e-12,3.430416128227489e-13,1.0
FAM193A,320166.4564784226,0.003319835832873854,0.5063554346449118,-0.02812270538172207,0.977564284957798,0.99043087538952,,0.0
HFM1,5543.869191386348,0.1297201822774312,0.3574127607046015,0.4260270271351062,0.6700881521624774,0.8128305865270283,,0.0
PTCH2,42548.195231812904,-0.24101463332408227,0.40374557645763015,-0.7455006955957014,0.45596909079548154,0.6544960647159315,,0.0
CNTN1,47716.87758940052,-1.963777787790869,0.14971649379302873,-13.313912103468706,1.921509583577832e-40,6.70244042159876e-39,4.478733552750573e-40,1.0
ACTC1,27768.495510129607,-0.37400239547016234,0.44518941646633897,-1.0806619767759666,0.2798475026587167,0.4846803275214163,,0.0
ANKRD37,82928.54733480325,-0.23147592376727558,0.41215272828044913,-0.7201140313844648,0.4714547890298818,0.669404067088258,,0.0
INCA1,19281.38167261866,0.006013455842385814,0.3676632270247297,0.01333305169332971,0.9893620790907804,0.9956259282659912,,0.0
BAALC,57775.6291541634,0.17640583713794378,0.11554834464419901,1.5409894055857463,0.12331936447332338,0.2662844112523537,0.2874378457910921,0.0
ARFGEF2,110700.37106658574,-0.9972191591829511,1.0857437208225291,-2.0799620696371597,0.037529012061644974,0.09719351618041804,0.08747416456237622,0.0
KDELR2,1037103.0590745605,-1.2976391004201415,0.1350487592979517,-9.865195182333817,5.89197452683209e-23,8.302025124248153e-22,1.3733256513943209e-22,1.0
E2F3P1,324.41406511686,0.6887069244329121,0.4931732853715317,1.806046879748248,0.07091101719683975,0.16739429899566335,,0.0
FHOD3,82518.93329011081,-0.19774190250320767,0.26185770590882457,-0.8458579875020465,0.39763197195574285,0.6057997178116205,,0.0
CARMN,444382.68455586146,-0.09110308250460075,0.12587075586260152,-0.7125938199571898,0.4760971370620416,0.6726233281809553,,0.0
RPL5,3802107.2042448083,0.1468968916011796,0.1098297507014201,1.722054877978103,0.08505957785303003,0.1949803190858979,,0.0
CLIC5,104506.9794197294,1.0272075090713546,0.8524386145655352,2.002911600827657,0.04518677768691458,0.11429596709043098,,0.0
ARHGAP11A,109594.02064559693,0.2429690607455723,0.4238735607164917,0.6894713013611729,0.49052672716319456,0.6851535232112617,,0.0
HSBP1P2,569.3653607693442,0.012564577982122169,0.11111391642388169,0.1099381825928901,0.9124584007325143,0.9523629426352335,,0.0
IPO11,214968.88656299553,0.03572111176743784,0.13585068613968215,0.2086456281008995,0.8347248883160454,0.9143244128459069,,0.0
UBQLN3,395.65187208854866,0.07479607059239231,0.3310757794323157,0.26087851814893154,0.7941861913923111,0.8897191599995716,,0.0
EPM2A,107376.39614930472,1.0415638406442704,0.21452238316549394,4.986895333332423,6.135728331933864e-07,3.158412066015079e-06,1.430140790639538e-06,1.0
MKI67,375720.9553852163,0.19136554871571718,0.3584770481709343,0.638539820343732,0.523122341363313,0.7123489595195756,,0.0
SUB1P1,24777.876496064033,0.004482224228742012,0.12522140751046099,0.015537291297628951,0.9876035339254156,0.9945823596244646,,0.0
CDYL,115532.94195757605,-2.1836464050007907,0.40219886915738273,-5.787721967412343,7.134737493242024e-09,4.393588964974224e-08,1.6629939540322996e-08,1.0
FBXW8,109074.27262894802,0.07496031684399729,0.23658219210775347,0.31904443988760717,0.7496928141078252,0.865617536289313,,0.0
RIIAD1,3229.509450349529,-0.6187463710575031,0.38685600103373347,-1.8993483422399673,0.0575186906996726,0.14105370167648326,0.13406692953736773,0.0
C8orf34,3971.656867546656,-0.7834497475555621,0.767510802877826,-1.740847979068482,0.08171022930970354,0.1886901036096302,,0.0
PIGB,88138.29764366808,-0.017393019369965835,0.6594843286811405,-1.4393394246386975,0.15005437790603804,0.30905713953669073,,0.0
TFB1M,52874.50261525451,0.22687349106396903,0.2976563474550153,0.8748114875212437,0.3816764856885889,0.5923467052316993,,0.0
CD96,90920.87696710815,2.4305748035424015,0.1666353154410472,14.677220197908088,9.02136623630004e-49,4.687351540277563e-47,2.1027371395637664e-48,1.0
IARS2,784149.3842687941,0.14142090963330256,0.27531603241339087,0.4913379521110632,0.6231874413821623,0.7833817937535851,,0.0
PDP1,180755.7335899578,-0.19907727184204463,0.16270741160445254,-1.1855750758955075,0.2357901499368369,0.42884163840413786,0.5495893775163282,0.0
GLYR1,814216.614350633,0.28063332067246616,0.3499779947984641,0.9982155573297676,0.3181748441258687,0.5268743297985975,0.7416150105139407,0.0
MIR1281,331.80560521587034,0.00048118091335032907,0.1083636338244909,0.004246348483712412,0.996611914287091,0.9974117633354755,,0.0
TMED2-DT,84413.23501990581,-0.40501139756865057,0.6781027494798909,-2.298888140127834,0.021511292035416154,0.059313612312136964,,0.0
ZNF724,16927.281994534125,1.6046415063201476,0.35784149995757936,4.827116074304761,1.3852439083488778e-06,6.8752205122827884e-06,3.2287834648804684e-06,1.0
RPL7AP3,466.16495097756507,1.7984951156940923,0.2405010336314455,7.699426257963331,1.3667851982158196e-14,1.2695576478027017e-13,3.185759144252574e-14,1.0
TMPRSS12,333.43622404396046,-1.2835158349239326,0.2315180576530562,-5.7757188360774,7.662523707751413e-09,4.695413790450129e-08,1.7860125352459835e-08,1.0
PPT1,882264.487385495,-0.012585287622329506,0.30365943420852853,0.007291754300340647,0.9941820733788529,0.9965670153738131,,0.0
EBLN3P,705804.615121754,0.4068563629216107,0.8289376558751234,0.8593347467785095,0.3901558592513893,0.6001134528669915,,0.0
GXYLT2,74175.25084738321,-0.02168622591448984,0.1358220984040683,-0.2165260784797971,0.828577699580462,0.9103404329311332,,0.0
MDC1-AS1,15301.745797642321,-1.667571199229457,0.22872292625585594,-7.52460412736067,5.2880296352980004e-14,4.735492247911387e-13,1.2325556925638518e-13,1.0
SEL1L3,139216.24725116938,0.48646544770775885,0.46798551842564434,1.3213269316177099,0.18639237780550055,0.364598109997583,,0.0
XPNPEP1,310021.00168736075,0.055679202289116415,0.10864615358392073,0.48186589826744597,0.6299012127170933,0.7885648697672107,,0.0
ERICH4,4753.534818036684,2.226262701665736,0.21745755461340327,10.414253336789413,2.1346602329355816e-25,3.337832364226546e-24,4.975553851347047e-25,1.0
MMP2,4158771.1106848917,0.3696569611369966,0.265905840354353,1.306205710303982,0.1914826114537831,0.3720745095175185,,0.0
ZNF606,184297.06943488162,1.4052509023029156,0.13022964712044963,10.796236655175612,3.586019769162657e-27,6.084036261422902e-26,8.358442340459501e-27,1.0
ST13P10,853.692589197135,-0.2307826982383328,0.5432711930866838,-0.6307738850303433,0.5281883810632884,0.7163142046611425,,0.0
CDYL2,131138.85278309364,0.328554201864745,0.3787929842405265,1.0293604192145391,0.3033103412981094,0.5118061060089297,,0.0
PSAPL1,1868.3657922532889,0.45250532473784305,0.6824451993608188,1.1256451770330786,0.26031573759584503,0.45914246786707036,,0.0
METTL23,147859.64156267443,-0.06006095859202406,0.30041873155813253,-0.2570181946985842,0.7971647274315721,0.8911379785810583,,0.0
LIMA1,2937380.124019235,2.756223491941777,0.46344073574626765,5.03547109571211,4.7667505612191045e-07,2.5187025211187386e-06,1.1110538224000416e-06,1.0
RN7SL336P,1421.8769066571724,2.714541895874853,0.5056710768649503,5.74610791548029,9.132103634185654e-09,5.5753895871870316e-08,2.128548267631684e-08,1.0
SLC41A3,254796.79673809977,-0.5669617529315595,0.4133546095546187,-1.688850323477363,0.09124811715366278,0.2074030906087222,0.21268486372078035,0.0
C1RL,1696154.9890042015,1.191251809882049,0.18761426208643872,6.575293648452716,4.8557241732762083e-11,3.515290591625795e-10,1.1317921577711088e-10,1.0
MINDY1,230500.48998263368,-0.3856681546841769,0.29531770554612174,-1.483982424363508,0.13781358335007643,0.2894375384211289,0.32122156717298184,0.0
TTC17,589542.5777009388,0.5107048646582715,0.8315822999480985,1.0364557280690863,0.29998958325087377,0.5086159215687827,,0.0
CASQ2,57358.62922080599,-0.04557065400123721,0.34454859492113066,-0.15834748909370427,0.8741829892576236,0.9351114626671728,,0.0
KRT18P17,34268.82834185844,1.8355025587958034,0.20973512376724154,8.948337888091027,3.608749482823528e-19,4.205710845870037e-18,8.411421691740074e-19,1.0
TFAP2B,152494.5295501869,-1.79871663603919,0.1672965212545077,-11.018210241106104,3.1220485000221932e-28,5.58164083086405e-27,7.276999027154533e-28,1.0
PRICKLE4,47735.871009812654,-1.2869942830711265,0.6146861405446782,-2.7217166039054352,0.006494380921375165,0.02015804109260692,0.015137370110195945,1.0
CXCL14,1780222.0906447996,0.020017614978506137,0.3170636871996838,0.0994998712004402,0.9207413901605853,0.9562061324424316,,0.0
GRIN1,15411.303657034161,0.06017293852346244,0.10264563275878788,0.597291257914587,0.5503129400744827,0.7333585212640983,,0.0
CCL15-CCL14,394513.04952289286,-0.6340244442926896,0.5236494812283049,-1.6499553406415624,0.09895207057568395,0.22273146571819114,,0.0
AMN1,35818.388990247186,-1.0404178849810086,0.26443579778514503,-4.243786953339097,2.1977901890577523e-05,9.701395984973512e-05,5.122699749074798e-05,1.0
LRRC43,5193.144487291773,-0.15759135090400125,0.3686248895836133,-0.5165383580955698,0.605478455649683,0.7720159858846162,,0.0
VWC2L,120.23193805017763,-0.31408338205762343,0.6109696878372085,0.22121009698467675,0.8249288477414634,0.9087334568318064,1.0,0.0
ST3GAL1,480797.12126402,-0.04703064267428724,0.5618005811953591,0.006216268062727079,0.9950401676299231,0.9965670153738131,,0.0
NFIA,435912.6373782711,-0.20105944188304606,0.7133317434192374,-1.7453428474802954,0.08092520771580233,0.18722399632950928,,0.0
G3BP1,869942.8559431499,-0.23667489834028807,0.5131475539640098,-0.6444111679852853,0.5193088444778424,0.7087038348168203,,0.0
THBS4,499705.74441641814,-0.10105829236388092,0.5454142997625419,-0.1407283991458031,0.8880845090810381,0.9419020904308352,,0.0
GPR157,121512.88273199901,0.16377786282732504,0.34643325825337984,0.5272533087299445,0.5980176936190584,0.7674903287184133,,0.0
ARIH2,402120.51607964834,-0.26654037948889975,0.2300378370227668,-1.260981276785099,0.20731559297581648,0.3919977929353194,,0.0
AQP4-AS1,6705.723897679965,0.17896493020189363,0.47572511136916995,0.5013076181587329,0.6161546446121066,0.7786621148531004,,0.0
CISD2,143336.20242906275,0.04183589237701133,0.11027233704984944,0.27544403395622313,0.782975117701245,0.8837926877333808,,0.0
LINC01914,7140.756872832538,1.566578381720919,0.16858181410159256,9.460135095473833,3.075456033116353e-21,3.963921109349966e-20,7.16839938933849e-21,1.0
UCA1,3909.634665346064,-2.014678297236407,0.12561291214887185,-16.14962709589303,1.1425027917441764e-58,8.2203227475409e-57,2.6629924884205383e-58,1.0
LINC01484,1755.0414292231576,-2.149903548735225,0.9295267504929591,-3.1556614764038797,0.0016013459883507067,0.00549347578397065,0.0037324830793894043,1.0
APOC3,3291.7238402024086,0.07891378645678142,0.18712252722873565,0.4564388879501621,0.6480744069011803,0.7997513957503928,,0.0
PKIB,663466.4503654523,2.0888657596667137,0.2780891909003199,7.713542092142826,1.223729699156547e-14,1.1409278017556742e-13,2.8523195043891855e-14,1.0
LINC02817,826.680011652216,-0.23568502891997553,0.2390161856369054,-1.0682673560387457,0.28539992918095813,0.4907186648585381,0.6652218910068314,0.0
P2RY13,16186.41165431897,0.2896633648312702,0.19768113946947163,1.5183129315294501,0.1289355292479035,0.2753306918621514,,0.0
MEF2B,59365.14652428436,1.3910021703553253,0.6948588284497246,2.6734877518239077,0.007506701737038056,0.02304210970113589,0.0174969290954887,1.0
APOBEC2,899.5484474390729,-1.2883994345102496,0.16598567430964467,-7.92803789936906,2.2263537324074312e-15,2.1860339404032023e-14,5.189276830489844e-15,1.0
DCTN1,718413.023230931,-1.4615544140436458,0.2546952581873388,-5.920336998061547,3.2128258859113782e-09,2.0493063323434724e-08,7.488586691086895e-09,1.0
SPAST,95253.380587376,-2.1692855918331904,0.2173522885310085,-10.176514165486756,2.5244284100297542e-24,3.770014643481561e-23,5.8840415463684175e-24,1.0
SMAD2,481931.7347121172,-0.36605665765419415,0.5720172021632736,-0.9649868220000392,0.33455141232154517,0.5453406681894991,,0.0
CLNS1AP1,513.7221278097844,2.5847221568750762,0.7563961227512526,4.007029721833008,6.148712804862237e-05,0.0002577292392491835,0.00014331672649837773,1.0
TMEM107,46405.08054747227,-0.04604758199371153,0.10445259754687405,-0.46859340308520964,0.6393602935720165,0.7931184144086592,,0.0
HPS3,435378.2544957552,0.706062193232833,0.16464039159719096,4.276958795722685,1.8946385416641566e-05,8.437908076625725e-05,4.416101423280754e-05,1.0
CUZD1,15221.746763153114,0.21572962408012542,0.14969846542436396,1.4635989144979464,0.1433035693352339,0.2981012252477012,,0.0
GAR1,112589.76016506078,0.49924751364901077,0.41651119456920244,1.4607080831537087,0.14409556983166064,0.2994786259668013,,0.0
COL1A2,51628616.00668675,3.2205133536621164,0.16465118508654092,13.127484136523831,2.2914353529979367e-39,7.421869831658252e-38,5.3409717480157515e-39,1.0
MIS18BP1,150805.18125633098,-0.19072835986793396,0.5954171005394411,-0.5211151425347776,0.6022865629133382,0.7704531383100727,,0.0
ITGB2-AS1,9299.444576741302,-1.7855246904078543,0.260377737596807,-7.104740627272065,1.2054871707119425e-12,9.79311076141884e-12,2.8097990689304527e-12,1.0
MDH1,2838272.588582606,2.133381677245243,0.42776752572700155,4.949288168226239,7.448539616358054e-07,3.8066921727862675e-06,1.736136243289438e-06,1.0
CCND2-AS1,755.722097303518,-0.1269260974388275,0.6426549986124815,-0.3536004742983218,0.723638318855552,0.8510983104106327,,0.0
ALLC,415.82533944516507,-1.1133670476739623,0.2831509330877911,-4.212588974754274,2.524602170149823e-05,0.00011065655206245446,5.8844465536015507e-05,1.0
HPS1,394849.9729957116,-0.01712833124936925,0.14821819047025445,-0.28194427419791884,0.7779862401527808,0.8798507526014109,,0.0
ZNF347,428620.5453254975,3.1453265680968054,0.3431496684813641,9.380046806702579,6.594344765159372e-21,8.433997868875628e-20,1.5370369947950912e-20,1.0
SNRNP40,201151.93818804016,-0.30817043005753253,0.41269540255992043,-0.9245483031190985,0.3552009146971905,0.567320577172458,,0.0
ITPRID2,705981.2647935651,0.10593483995320804,0.15464993611894196,0.5711694663378019,0.5678847736455935,0.7454234870905844,,0.0
PTS,93403.05447653495,0.20497933913201247,0.20422995929129226,1.0741231947151917,0.28276747008474434,0.488550100721408,,0.0
GJB4,1460.554172678244,0.12870431580713387,0.6146032573879698,0.33959840932566904,0.7341589761930758,0.8560039675668681,,0.0
DHX32,252054.34016343407,0.16156829663784825,0.13827688282950054,1.0266159532261623,0.30460133899249175,0.5131210668336875,,0.0
HRC,23831.569586842328,-1.444041041564976,0.12687565788243396,-11.514621889896194,1.113468648374948e-30,2.314159007539267e-29,2.59531851312815e-30,1.0
SPATA20P1,686.6755176036709,-1.7695291858250275,0.28023404696424814,-6.582261483281504,4.633457564026761e-11,3.364146481712589e-10,1.0799853424937143e-10,1.0
OPRPN,14862.587895373905,-0.7281891768089238,0.16247035608185653,-4.638660126501079,3.5067518480518476e-06,1.6770544792025518e-05,8.17368141031898e-06,1.0
ABCG4,2531.879626223034,0.27395902933917,0.23851013032847068,1.2309332734247067,0.21834782173621192,0.4072995268587229,,0.0
IFNGR2,1653014.0070604682,2.1109732728266737,0.2519856359490527,8.613392401567591,7.092979716841644e-18,7.764901589862317e-17,1.6532608797946786e-17,1.0
KCNS3,535029.8504794219,2.553993910479499,0.3971532126321648,6.751118294997762,1.4670991712989395e-11,1.1155321137864497e-10,3.4195750777752847e-11,1.0
CXCL8,64317.41329796135,1.728576916199421,0.1988999047149597,8.823530290263244,1.1090667592275342e-18,1.2572784079606683e-17,2.5850584088910937e-18,1.0
RNH1,633080.1311458305,0.002692357734687508,0.42689642898930447,-0.0319388288014685,0.9745208335181411,0.9891961574254148,,0.0
GLMP,245505.95383646814,-0.4456699362564893,0.10654617895037623,-4.390404777076603,1.1313985297171826e-05,5.177445748834227e-05,2.6371102178641618e-05,1.0
RIPPLY3,7025.129854327036,-2.2490371779566347,0.506244651839024,-4.895208442282615,9.820158457443843e-07,4.937797417916319e-06,2.2889229152210227e-06,1.0
UBE2Q1-AS1,17266.3619211502,-0.37332687509973467,0.24541354952160957,-1.6524285135368102,0.09844722687612394,0.22179528801179144,0.22946484470004963,0.0
HIF1AN,492825.2265944,-0.3763154560205051,0.6749953620161457,-1.0147447949835835,0.310227495120449,0.5183968997188608,,0.0
CFAP53,9193.411118430307,0.5501064223606491,0.35080383496699324,1.8093059797964552,0.07040348051336477,0.1665400978051679,,0.0
LTV1,128099.25913785219,-1.7316329217487945,0.602106788575593,-3.5122235426726975,0.0004443740566364425,0.0016817433949184938,0.0010357653245339135,1.0
ZBED5-AS1,51163.82807859233,0.22514065538432457,0.2315707110224767,1.0259797916257871,0.3049011096197718,0.5134526450990621,,0.0
HM13,1183906.3246115302,1.165942387586436,0.24359751338464464,5.0741722427604365,3.891864137518253e-07,2.0828989611524726e-06,9.071316971000488e-07,1.0
GJC3,48576.61942127401,1.1157869736108736,0.19195830586778836,5.999899336030284,1.9743989045321873e-09,1.2740364470642368e-08,4.6020101569189485e-09,1.0
SLC25A16,154810.06858775733,-0.24052770657887013,0.31283500676239356,-0.909481153746934,0.3630962014832704,0.5758740391092377,,0.0
AOC3,1316856.6290341406,-0.27975177051234795,0.31295409409008657,-0.7448852933932962,0.4563410664407853,0.6548415533390786,,0.0
HNRNPM,1292307.6807173323,-0.2501382092507305,0.1666516184262942,-1.6022794763433852,0.10909382203215316,0.24227960120052536,,0.0
DDN,2683.5274639094614,-1.8523425666253197,0.24979139106044143,-7.650240791527273,2.0060331826511225e-14,1.8393554255631986e-13,4.675744633207383e-14,1.0
ANKRD10-IT1,58821.38348142731,0.19178936607255762,0.6776042301510072,0.5031618556339716,0.6148504806130455,0.7772108964262217,,0.0
LINC01985,1590.8502010098607,0.02091015549379001,0.15925137225229063,0.12542797209716278,0.9001847444426291,0.9470832114068412,,0.0
SNCAIP,30324.617908996785,0.18066232873604565,0.33118527044840357,0.6242525531707243,0.5324617384053644,0.7194998397119322,,0.0
PRKAR2B-AS1,173.35619290761568,-1.1189433364784491,0.1986791324647464,-5.827586133936735,5.623482731779957e-09,3.4844635858532205e-08,1.31074447972516e-08,1.0
NUDT7,30426.691717298098,-0.16260216053592638,0.15298100511266546,-1.1061778600608925,0.2686495437078368,0.46985411080458966,,0.0
CRIM1,702605.5433142682,-1.5232354332601814,0.2466728801736293,-6.4598610871680435,1.0479913701899579e-10,7.446411616107564e-10,2.442701380610986e-10,1.0
CCDC61,144146.3185142491,1.8072739421176616,0.6335518607576262,3.405819343419823,0.0006596581449084205,0.0024326081791270966,0.0015375583302818698,1.0
P2RY2,29464.544898543692,-0.7829551441481872,0.3166283386640149,-2.77395352841423,0.005537958846785932,0.017416636709716056,0.01290810220923749,1.0
REEP2,30361.032604410953,0.217523956347402,0.34705183044512766,0.7262420218223926,0.4676904151624599,0.6650056416278078,,0.0
NCOA6,361016.36605131894,-0.39240711384501187,0.6273319176292818,-1.0132908039950799,0.3109212786961857,0.5192083488907179,,0.0
CARD6,113233.64599868367,0.7597031940855753,0.16087782366525352,4.815549349083228,1.4679547848404804e-06,7.256846845177717e-06,3.4215693770020165e-06,1.0
BOLA2P3,223.04064161007446,0.9243169012503399,0.10018254971184001,9.318932079728599,1.1751712516952543e-20,1.487754873973586e-19,2.739137478250434e-20,1.0
CASP7,208878.74002790096,0.16099360252303774,0.24654230564298163,0.6186318461736625,0.5361589173882308,0.7224096920401122,,0.0
PRKXP1,12592.47701476952,2.3960700426332724,0.22113442136729125,11.020187627408912,3.0542178459667642e-28,5.506660462334894e-27,7.118896549384215e-28,1.0
DGKH,175347.5344083632,0.8274711638762648,0.271643924690616,3.2296391352523113,0.001239465552273155,0.004347717422460266,0.0028889972779151856,1.0
OSTM1,141814.78504407677,-1.6210135678862785,1.0699424973040756,-3.836869910999621,0.00012461243865571046,0.0005049283866894263,0.00029045179626854383,1.0
ASF1A,62609.08734285631,-1.0334005047459698,0.17131873785315405,-6.262067469548358,3.79906487848522e-10,2.595854193682778e-09,8.855016642001999e-10,1.0
MYB-AS1,24872.87035729412,2.2090033636719597,0.19574719452972453,11.437349196017442,2.7207164361821924e-30,5.494305094605982e-29,6.341557749381671e-30,1.0
ZWILCH,101320.97622610147,0.10779255859142862,0.15432017421475874,0.8155995390307582,0.41472921320042533,0.6204766992932578,,0.0
GIMAP8,112746.98714737233,-2.0591801598826773,0.14968014010283293,-13.901037605948874,6.242972001015443e-44,2.6168020454676494e-42,1.455137586031076e-43,1.0
RNU6-1,141.40012961393703,-0.15860226253384838,0.18241642040038547,-0.9121005485976142,0.3617157895880859,0.5749729275206331,,0.0
MTPN,2277640.064428936,2.054667340361875,0.26442634130684145,8.025155315980355,1.0139757230782324e-15,1.0196997795794806e-14,2.3634163115487027e-15,1.0
BCLAF1,3003464.2771948585,2.853660186067918,0.38265864507320474,6.375580364593276,1.822713784035353e-10,1.274203403790156e-09,4.248456240545953e-10,1.0
BTC,12897.876389523599,1.6233504675156798,0.6348096823575934,0.41701603151360295,0.6766666816139959,0.8184319611761909,1.0,0.0
OTUD3,97907.90862472197,0.3939406813478136,0.39909412868090743,1.1949200902062829,0.23211825271978914,0.42410470496934366,,0.0
SLC37A1,95732.41108823568,-1.3995143662645382,0.19424731052260502,-7.463285696112879,8.439108681204584e-14,7.463523776923487e-13,1.9670221542919846e-13,1.0
LINC02433,1429.0785841150434,-0.057978955658634444,0.47122955793694565,-0.17225240659535956,0.8632390990384957,0.9289830908315031,,0.0
REST,245510.69272233933,0.023022953862822555,0.2383887072065485,0.02096880297340481,0.9832705418225104,0.992422796966953,,0.0
ING2,53089.77505191435,0.0005423407068681692,0.1440529446883228,-0.03580272207662407,0.9714396625569098,0.988468108718122,,0.0
SCYL3,156164.5798290901,-0.6027060162847226,0.2292799690659432,-2.8738480234758845,0.004055040382934288,0.013083144521394714,0.009451654873867397,1.0
NPM1P27,1034309.1388414638,-0.17465754487029678,0.3634061356539759,-0.4391964674616519,0.6605191844730163,0.8075170814096582,,0.0
SPATS2L,442388.825483855,-0.5678366497604245,0.3116563077618199,-2.0751675115173183,0.03797101252170913,0.09823620874392384,,0.0
FTH1P11,855670.8679150479,-0.737932323545675,0.30013182876391975,-2.7817708784413524,0.005406319304938302,0.0170567493314562,0.012601271351884229,1.0
CCDC78,30708.74769617893,0.3096731437350359,0.6509418315469724,-0.18638750256615796,0.8521408922165876,0.9230138480730379,,0.0
RNA5SP333,7974.655613643478,0.31229946776164175,0.3449777112985802,1.0449267140864131,0.29605684200167937,0.5031453246692936,,0.0
KIF18A,20995.433149476306,-2.177024741114517,0.12114025719453671,-18.078507442863902,4.7064991095700097e-73,5.216892790785602e-71,1.097010166286692e-72,1.0
CTRL,30839.974153375217,0.3295833031571134,0.1223319501600336,2.747979165098487,0.0059963819355363995,0.018717117080385207,0.01397661359553998,1.0
PHYHIPL,91031.72196505486,1.5703324596028252,0.2250292365306905,7.1349493633528995,9.682279694486415e-13,7.917247723950531e-12,2.2567855661728148e-12,1.0
POLR2L,657499.9731173862,-0.2658432769236412,0.287467274518997,-1.072296526918472,0.28358686624224505,0.48928788959402225,,0.0
STRN,217014.89975876076,-0.22824756467889495,0.3698671829568503,-0.718173811089174,0.47265012357801306,0.6695868110489351,,0.0
SAP30L-AS1,3079.873665252958,-0.33045703825443584,0.33120727971898745,-1.1543937717921884,0.24833876744140093,0.44414262172739616,,0.0
DPYSL4,22978.821185958794,0.03821159030982368,0.08826653165048,0.43609812808808673,0.6627655352605888,0.8082822713642585,,0.0
FHAD1,16963.780065308027,-0.3791270410715064,0.5340352062054861,-1.0202760806600333,0.3075975440895551,0.5160768751828795,,0.0
SLIT3,506705.5199265232,-0.6805614066966938,0.4664613171833712,-1.867543114415493,0.06182578187384367,0.14947008175627277,0.14410607476015524,0.0
AOC1,9007.720672769621,-0.6045427007063473,0.6497624883092676,-1.4734008606367712,0.14064297836144354,0.29390217699431653,,0.0
GPAT3,58437.21936253268,0.0752783785646829,0.26246811719316493,0.28337622928349004,0.7768884481821974,0.8796909756211138,,0.0
TPRG1L,394474.21331071283,-0.08938763558564126,0.5743332798357546,-0.260631000628519,0.794377080656592,0.8897191599995716,,0.0
POLL,74717.23848053963,0.2522675225456939,0.7743019183957428,-0.684198883805736,0.4938495870035211,0.6872131579016926,1.0,0.0
DCPS,90672.07086081489,0.2510580822442491,0.19983331555064587,1.2804608926942098,0.20038309012634137,0.38383673331420537,,0.0
STAT5A,325716.20000071655,-0.3940358919011838,0.6121712946146778,-1.0231001109884195,0.30626051448762237,0.514872748993684,,0.0
MTMR9LP,172185.07542641333,0.1928187629607116,0.49476095682537646,0.5326640531181949,0.5942661539030982,0.7667355343167754,,0.0
GYG1P1,492.6024683988101,-0.6659045002488574,0.16604242532899857,-4.142480254190268,3.435699567339373e-05,0.0001484162678062775,8.008069832658314e-05,1.0
WDR70,90223.00010907388,-3.4967702715960294,0.27696248131030765,-12.799650921273184,1.646898696305951e-37,4.9190004174695114e-36,3.838659204286955e-37,1.0
PPP2R2C,72538.54476974321,0.2657497008922185,0.32956514259918845,0.915603187677085,0.3598750588156747,0.5736838585402958,,0.0
KRTAP5-1,2570.5150348383063,0.12659342992415984,0.7038111056920763,0.34203173758357874,0.7323270079237832,0.8556680992091428,,0.0
RPL12P32,15292.50944390258,1.621793049177433,0.15395070220948742,10.65738239893623,1.6106694750052006e-26,2.6602713050748146e-25,3.754214645479411e-26,1.0
MARCKS,1568802.7756328261,0.9772667313099004,0.1545957156045792,6.586944196781429,4.489709266130528e-11,3.2692948641546093e-10,1.0464798981055642e-10,1.0
VN2R19P,4082.7121181316807,2.535788776187519,0.1539581665717751,16.59097029987775,8.100109431586024e-62,6.41322949916684e-60,1.8880068151752844e-61,1.0
LINC02475,1746.8356583376535,0.041725158493724296,0.41429402826766426,0.12195924793527092,0.9029312927127124,0.9488452932468512,,0.0
ACYP1,35301.11541334599,0.17044587337035097,0.2794356800596116,0.6704492315835685,0.5025714597141068,0.6944117565246439,,0.0
NOL4,3831.0730611456565,-0.03357614528542285,0.11526596554439549,-0.29958724329233866,0.7644920158649572,0.8736050802140679,,0.0
ISM2,728.4653518364003,0.11344094487548516,0.16735708053750123,0.7012588744388958,0.4831414739559541,0.6775118560844248,,0.0
ACO2,757507.8068240207,-0.4899650152979246,0.4723673068831641,-1.326195783364598,0.1847748556364538,0.36200195597589613,,0.0
FGF1,68436.3166478459,0.14954975639607,0.2861460173889206,0.5664821382859301,0.5710660718051708,0.7479297815073759,,0.0
PELI1,1213418.7092892546,2.812311696573906,0.1416086891610711,19.918809205455712,2.7956022095535754e-88,5.1646162300937905e-86,6.51610458937067e-88,1.0
SLCO1B3-SLCO1B7,3722.9418296010394,-0.29145473747845024,0.27287556398566565,-1.1826366285835415,0.23695318936377785,0.43041606283558775,,0.0
PACS1,1959901.8898761398,3.3457192956321693,0.5100584428730977,6.112218949307495,9.8255249607613e-10,6.508594754884113e-09,2.29017376188212e-09,1.0
ARPC3P3,102060.82964575395,-0.3113902702830499,0.524480011936579,-0.8386553761793328,0.4016627261527985,0.6089646437842429,,0.0
HAUS5,113634.03667918709,-1.462361467224204,0.34848106854726035,-4.589591458953404,4.441143764384307e-06,2.1117659768111463e-05,1.0351600512499498e-05,1.0
ATAD2,320574.5500141707,-0.4671876287924844,0.3353327161588594,-1.6430831041686982,0.10036574011603994,0.22550644671117442,0.23393659425177907,0.0
PTCHD4,2047.5201670256538,-0.5569381956042502,0.806629556452075,-2.5254838975309766,0.011553907620319274,0.03402059693633562,0.026930322995398385,1.0
KIDINS220,396459.5037717239,-1.1822205780767023,0.1170674035257293,-10.248404346250954,1.2031325097170988e-24,1.8296417556307588e-23,2.80431072825649e-24,1.0
MRFAP1L1,342666.09261774,0.18453888648013456,0.24459412298224067,0.7884928766092036,0.43040846363260354,0.633697313004399,,0.0
CERS3,1746.309897086992,-0.9510352798899041,0.32309174664285034,-3.2527449414631917,0.001142960401862105,0.004049067105460355,0.0026640591049010183,1.0
PRKAG2-AS1,115634.71344704826,3.049242225302566,0.30421405628022025,10.223038627016859,1.5636111407406896e-24,2.3491844487995663e-23,3.644529144866617e-24,1.0
ISCU,581635.7145752993,0.34685184358197685,0.21436116798718324,1.6282153580512437,0.10347922939101005,0.23125196962471242,,0.0
DHDDS-AS1,1132.5100550734878,0.016464882619027406,0.2381507544605314,0.07456193981303945,0.9405632574205406,0.968681636912518,,0.0
CACNA1G,24983.224457917113,0.4601156227721766,0.4786157574251401,1.2558787301634349,0.20915994128727378,0.39458766533317763,,0.0
DDX55P1,189.48218593056654,-1.0213910023625827,0.14787141722650624,-7.050350251374766,1.7846798742468001e-12,1.433491660667156e-11,4.159805239599551e-12,1.0
FOXRED2,186377.30942540505,-0.6355522063234205,0.5642839257360506,-1.6070305114466357,0.10804767511217594,0.2404916570546781,,0.0
PDE10A,70456.74298690181,-0.16480738394515013,0.19981105371316843,-0.8970041259138778,0.369716715412847,0.5808614643918552,,0.0
UGT3A1,290.6007286814381,0.5426240760150736,0.16989071446477266,3.307831368705992,0.0009402140572265815,0.0033739479981627256,0.0021914895875916767,1.0
AKTIP,220026.63371791443,0.3387754109356864,0.6186647673732121,0.8040404968709388,0.42137358733699815,0.6269173255506982,,0.0
TMEM256,150155.06439653636,-0.11217152049864143,0.5483135363260152,-0.32228059090193617,0.7472401355983304,0.8634018604422978,,0.0
CNIH3-AS1,827.606028897348,-0.26696897640840334,0.3559090440924988,-0.8894379778149655,0.3737677420582862,0.5846200995254724,0.871193223077912,0.0
MIR6837,1079.8982407012809,2.7174754877767873,0.1549323677144647,17.65587685219111,9.16984311062889e-70,9.528995299128522e-68,2.137344739991444e-69,1.0
PSME2,383042.1682652639,0.3058303304156621,0.22897070116598622,1.3878443380147047,0.1651844502964761,0.33250203312301163,,0.0
SNORA58B,1150.2452315969506,0.11656446371218447,0.7478056740015028,0.3232728663834207,0.7464886012051637,0.8631166302297999,,0.0
CHI3L1,803709.7679942558,0.0486911776884129,0.3654700786041904,0.18727264390672063,0.8514468705243646,0.9229497937998073,1.0,0.0
PPP2R2A,365548.0118908653,0.07066650197288483,0.1452077852675875,0.4367981007234588,0.6622577765302409,0.8082558819018452,,0.0
ACTN2,20409.324071526313,-0.10381459033543548,0.3914813036538841,-0.33106159275870556,0.7405979618332894,0.8599254243444142,,0.0
NF1,1397481.773137745,1.9714457693600675,0.15326678749260414,13.054210620091537,6.01300521736076e-39,1.898282912923764e-37,1.4015359824390408e-38,1.0
ARHGAP17,455992.57104522793,0.3836109690155651,0.8237856357388232,1.4014073293788174,0.16109230177678324,0.3266375614888597,,0.0
CIDEC,3321297.5577536398,1.8913947169706742,0.09458338530957267,20.60240697069608,2.6113589643154104e-94,6.512729257002634e-92,6.086662857011808e-94,1.0
TMEM89,271.8042003879139,-0.5132836184725739,0.3249614007713481,-1.7988835363127298,0.07203710541680272,0.1695072099650549,,0.0
CCN1,2065645.5536869045,-0.09774940819174337,0.16080410961496436,-0.8071264203555002,0.41959365186327,0.6255030291374748,,0.0
SKP1,1237114.9314768477,-0.1800438381915253,0.1287150305868467,-1.7822252123945823,0.07471251289592758,0.17487846753866107,,0.0
NSA2P4,2250.8351871240984,0.14713581948390198,0.20342648832564625,0.7616412101588369,0.4462741720296096,0.6474977919353866,,0.0
MKNK2P1,1568.856832183903,0.510596296881955,0.7435512642452929,1.2461827983031504,0.2126972927614178,0.3997490943081959,,0.0
ACOT7,137867.4248958609,0.093380687178263,0.44948915150181384,0.263079616514219,0.7924892143865803,0.8893694793455796,,0.0
SMU1P1,30149.027659291507,-0.5220486714384168,0.18010029899544414,-3.04823588659438,0.0023018915866234724,0.0077370857372492455,0.005365343567326112,1.0
CRYBB3,1286.3029928443998,0.03515843483860848,0.20281516195657523,0.18120123017610706,0.8562096290452883,0.9256708205693013,,0.0
RPL17-C18orf32,1394850.3485485502,0.11985112459345587,0.21861626119938474,0.5620122620844851,0.5741076646528984,0.7501541002902317,,0.0
PRSS33,6490.065905285181,-0.28994869408795376,0.6437725568231345,-0.7731877691573614,0.4394112635075954,0.6414349963054977,,0.0
PTBP1,1613798.1154478067,0.04806353705631441,0.15943529729520534,0.49199293653325243,0.622724336927962,0.7833817937535851,,0.0
HAAO,82693.9370746897,1.579687826682873,0.654725751347843,2.998514797699587,0.0027129898125809915,0.00900958267986284,0.0063235482173616755,1.0
ATPAF1,259318.33397954414,-0.03087004655221757,0.11827500808215366,-0.3291133871466465,0.7420699859163055,0.8599254243444142,,0.0
SETD4,223174.8097408292,0.09021221706781644,0.6408110473175489,0.37089884166779385,0.7107128779368406,0.8417770219525051,,0.0
TANC1,433345.3973474201,0.2794560482908944,0.23735683748239247,1.173617507957554,0.2405482652709685,0.43425796133608063,,0.0
APOF,1318.5651979987429,-1.7082299482720813,0.303968371367053,-5.9134101034247335,3.350964520172023e-09,2.134688509146622e-08,7.810565900288809e-09,1.0
MRPL23-AS1,3509.2278414463203,-0.086219645810847,0.11176404364447809,-0.7788983644242732,0.43603958749361005,0.6384889089504172,,0.0
ZFHX3,280870.50135686545,0.20626855625831492,0.3019371142916726,0.7281430409193644,0.4665260288279174,0.6641072579319783,,0.0
MAD2L2,165782.44331690265,0.38451919879995994,0.3759009633197762,1.211414871316347,0.2257364426780304,0.41657313651431077,,0.0
SIRPA,784470.2501770433,0.7909233950456149,0.19662446791405844,4.228983040988835,2.3475003895310948e-05,0.00010334803127079524,5.471650440645374e-05,1.0
SNORA47,385.42492876871273,0.07962945726486695,0.25088730852082225,0.3448457376039301,0.7302103460941636,0.8547968097436489,,0.0
LACC1,65322.33968958821,0.1826058981453892,0.7602344830042903,0.49512333596631786,0.6205130622372331,0.7820380363000166,,0.0
SAA4,16977.592398382378,0.3148895477942004,0.2611876609269137,1.3157343316637526,0.18826322688981978,0.36739318299155754,,0.0
MITD1,102519.10534645949,-0.38885100129793526,0.24677618547583413,-1.755588637276595,0.07915867379869605,0.18347744651853898,,0.0
ZIC1,13469.792078115663,-1.3523758439898979,0.18478053319333881,-7.503741583370258,6.202151691633916e-14,5.524345113905352e-13,1.4456230204612137e-13,1.0
TMC8,79873.37137255153,-0.13224789152427613,0.718637675281451,-0.39291488388699186,0.6943823481251352,0.8301106273113786,,0.0
TMEM64,146976.34328982444,-0.5735752048485453,0.19375911826539233,-3.1265265163452582,0.0017688455224507678,0.006039015377128289,0.004122897881301135,1.0
ZNF235,42432.52975346315,-0.6803119389251224,0.2597680117742356,-2.8355169526369153,0.004575158684273583,0.01461940519997222,0.010663967998671323,1.0
ZNF521,128061.74704101103,-0.04984944244999131,0.6844052696724908,0.636184007548062,0.5246564955480604,0.7137046852679597,1.0,0.0
CCDC141,2374.879195750675,-0.10455758993428134,0.7416129864938462,-0.31961181858537696,0.7492626140349061,0.8653211203533483,,0.0
BRIX1,319905.61933317163,1.1705406885743954,0.3132474683446124,4.010959478361765,6.047248969747147e-05,0.0002539030122988112,0.00014095176570606902,1.0
OLFML2B,267727.29639091785,-0.3708675811322351,0.13245099275285632,-2.9462348028030747,0.003216681187246603,0.010535000500319145,0.007497572785974792,1.0
TEX19,2614.9363765581866,0.7088242258657531,0.28836693936852476,2.6961619140727184,0.007014356206530772,0.02162398563546075,0.01634934988699789,1.0
FAM242C,1665.0919000785204,-0.2208922794177367,0.2036821747388508,-1.1470727228457702,0.251351566253069,0.4482451242296418,,0.0
PARP4P2,2492.016713904847,0.30434168418264795,0.5369512359612114,0.8135624284486662,0.41589566900220043,0.6220352614641607,,0.0
MGAT2,182884.7288190739,0.12762682852765958,0.12821814939677792,0.9086026980355552,0.3635598818836909,0.5762423993025804,,0.0
CSRP3,5906.280707662115,2.3223506054350684,0.16327665413995715,14.373136316193781,7.629634616030086e-47,3.6592901408421216e-45,1.7783466105027136e-46,1.0
VEZT,823831.3659151418,1.746139060319827,0.19239149944908182,9.294267384752573,1.4822343246118454e-20,1.8576343746642925e-19,3.4548527154971424e-20,1.0
CCT3,1205201.3548114814,0.192010501384675,0.49718110990928577,0.47170585518212366,0.6371367572481723,0.7917384517074947,,0.0
DDI1,157.85168329909826,0.10262646722855727,0.17584376458961906,0.6066271004855728,0.5440984110772686,0.7277991081934609,,0.0
OTOS,198.83404951762338,-0.3628739207819115,0.39257235443887,-1.1277276020831988,0.2594349768932036,0.45812827899854175,,0.0
TULP1,5136.302273815552,2.4067700936524057,0.25524830772971113,9.642753250861778,5.275371441683439e-22,7.131044105993765e-21,1.2296052687437849e-21,1.0
MTR,428352.21407154435,0.7960323265340241,0.533963481962679,1.9081162010308583,0.056376199207640185,0.13879786853292658,0.13140396338678004,0.0
RRM1,466242.74732786306,-0.1325310766308692,0.564897313704759,-0.3426721693322725,0.7318451020759652,0.8556680992091428,,0.0
PARD3,178762.62408706956,-2.067258713914303,0.17718988130346816,-11.918682065780066,9.459303871114167e-33,2.257560177469735e-31,2.2048134443512835e-32,1.0
LRP1B,37917.75025114154,0.11118323571607919,0.14525545252590338,0.742851532540305,0.45757157208584465,0.6555977165295768,,0.0
SSH1,315257.9917011755,-0.0622121486633424,0.2929563892979528,-0.28250480113896775,0.7775564656762443,0.8798507526014109,,0.0
ZKSCAN8,800380.448387312,2.0545644054331698,0.22833948856400724,9.16064803894826,5.158658731786617e-20,6.2003348805184695e-19,1.2024013903809179e-19,1.0
ZNF441,104309.74104698264,1.0923299207612713,0.5042805074265824,2.614442155012936,0.00893732928099093,0.02711642241702114,0.02083149460447792,1.0
HAVCR1,758.7094399888969,-0.48660855919413565,0.3567300509695599,-1.5910881639658037,0.11158973584267622,0.2461785061403224,,0.0
SQSTM1,2652041.5010314807,-0.4664119998985985,0.2805406505262399,-1.7253238090568264,0.08446913351325264,0.19398344289323394,0.19688412988976828,0.0
RAB31,740888.1466017117,0.004201029169494786,0.3324076770967229,-0.02631545442798357,0.9790057283292106,0.9909254409306215,,0.0
PSMC5,1001854.8261541526,0.5049608578549296,0.2562232997354562,2.1489835365460785,0.031635705031598405,0.08359752828996524,0.07373780219514618,0.0
CLDN18,3011.491426663344,-1.6067220245727858,0.14614615750075793,-11.138386094793931,8.158436377184151e-29,1.5414500245982782e-27,1.901601899504418e-28,1.0
GALNT6,496806.5362083046,-1.5600055351912048,0.3525531899996272,-4.754073269131398,1.993587353297065e-06,9.710950896724376e-06,4.646735382357832e-06,1.0
QPCTL,38884.71060749629,-1.3208793593372663,0.287622084788689,-4.892605119616394,9.950993533227614e-07,4.998545392118765e-06,2.3194184926981e-06,1.0
ZNF248,184733.3393410599,1.5318700712756887,0.5197126668090265,3.408998383894477,0.0006520186596526783,0.002407788023624621,0.0015197519039007287,1.0
CLEC7A,50556.79698313396,-1.1520423542304903,0.13901192643485286,-8.432409602037737,3.386193498091377e-17,3.5708949616236336e-16,7.89267905069149e-17,1.0
CROT,78756.06737635471,-1.529969565494319,0.2511159817821066,-6.384203055041392,1.7229235213587056e-10,1.208712028767542e-09,4.0158609927744037e-10,1.0
CPEB2-DT,538.8127554042937,-0.3946315511356125,0.5247078120906061,-1.0596545217220639,0.2893017997406877,0.4947098156166627,,0.0
SOX4,1954151.0103014172,1.7654137081836023,0.290947007982259,6.364414837748213,1.9603565261560743e-10,1.3656785408472762e-09,4.5692796039563077e-10,1.0
EVC2,48784.440194215975,0.11670929983994391,0.5785824411253946,0.2979560630652246,0.7657366979134187,0.8744264306758545,,0.0
LPGAT1,506086.81792426825,-0.06996154310513583,0.28358758719222354,-0.23511288638385433,0.8141211171233282,0.9026086090711628,,0.0
TUSC3,240845.01395886875,0.2978471983189792,0.2995518555153156,1.214294079103997,0.2246354458204286,0.4157631182754352,,0.0
GTF2F2,146236.4031008541,0.27130716105390185,0.39600562114670645,0.7792678352743646,0.4358219577371619,0.6384375698070378,,0.0
FADS1,589316.0146500332,0.6450857445829506,0.40097214042320295,1.9091011025214886,0.056249050555913296,0.1386216720221816,,0.0
ZP3,155112.54174381917,2.366383635465007,0.09131870297817515,25.869111561554984,1.4832155748712133e-147,1.233046547909602e-144,3.457139853952155e-147,1.0
SPINT2,3181372.865468386,1.0886203983781733,0.3287635015043126,3.327655471766623,0.0008758010486368586,0.0031587097835145705,0.002041353098411519,1.0
ZBED5,253734.3087861808,-0.11941647183399605,0.2959725647048325,-0.41133047071711226,0.6808302294575379,0.8206817748995164,,0.0
DNAJC18,71761.59150930244,-0.5227606569625173,0.17112246384665028,-3.1992395465845176,0.0013779062669110086,0.004799578533067116,0.0032116805884822948,1.0
RAB3B,32138.326774007186,0.17420750624890236,0.2873455535793493,0.6729428519485289,0.5009836487186825,0.6931542482372397,,0.0
UTP23,311074.6284169876,0.7919023979291494,0.25399801460033467,3.2944609484096685,0.0009861064557848793,0.0035209012179348445,0.00229845747731541,1.0
FIBCD1,12820.894998409396,-0.07330771038699367,0.3111981432617365,-0.26276384936545005,0.7927326006628796,0.8893694793455796,,0.0
SLC13A4,26757.283271191303,1.3327307435603681,0.10124480398125958,13.29219369609763,2.5693344064118296e-40,8.777972615878224e-39,5.98871028933748e-40,1.0
ISM1,208142.4542571677,1.1857539404458746,0.24607810370721062,5.029856337608009,4.908474733304123e-07,2.5853719081014746e-06,1.1440874752206059e-06,1.0
PRKCQ-AS1,12411.162830692645,0.6604799046555274,0.7908813344947433,1.5161566085401321,0.1294797570734945,0.2761201489023474,,0.0
CAPN14,4851.080764625695,0.829424332129227,0.7326836141783387,1.8109767267991341,0.07014445432626636,0.16605625922136524,,0.0
RSL24D1,405331.33180361864,-0.07277341773334456,0.11902493139823303,-0.7014637623729773,0.48301364182022233,0.6775118560844248,,0.0
RPL23AP1,12070.28420640842,-0.3617945349710182,0.360557877073504,-1.188011891008023,0.2348287249490646,0.4273351623662657,,0.0
FAM86JP,13344.030371796829,-1.201909470007469,0.3455529970544316,-3.8238471493927433,0.0001313853837697849,0.0005293621116669524,0.0003062384552540594,1.0
SSBP4,663822.2288061602,2.2154190965338203,0.6924582060028626,3.7485104730756995,0.00017788791063343227,0.0007050564065148339,0.00041462845712128977,1.0
MIR8085,1346.2262633586129,-0.8945745864610724,0.8014262054407109,-1.896868437791373,0.057845303996901264,0.14171531254250663,,0.0
ZFP2,70531.05332505167,2.469683151050846,0.19875631159264895,12.589021103122798,2.4266397845245114e-36,6.800044519779923e-35,5.656111796826291e-36,1.0
SULF2,754751.7011517158,-0.3790608936771906,0.6550797345901551,-0.9979284414093431,0.31831405931057855,0.5268743297985975,,0.0
RSRC2,574089.7631542229,-0.12342834040802993,0.2020157404064498,-0.7435610160524291,0.4571420951188525,0.6555159430175438,,0.0
RPL7P46,2393.0600864269886,-0.07671325529617914,0.28966770068214626,-0.30708160904528264,0.758781255716163,0.870970397815351,1.0,0.0
RNU6-403P,172.67143457594358,0.09553928243371156,0.6918102451394056,0.2573497961461138,0.7969087547751648,0.8910515285403546,1.0,0.0
YBX2P1,236.73147869657964,0.24968094844806474,0.13007222782797817,1.9600315941881525,0.04999209762239418,0.1250554578437824,,0.0
NEK1,100453.86341541393,-0.4065727219332599,0.41179773849770657,-1.2159727854639542,0.2239952892254199,0.4150403055930143,,0.0
PRICKLE2-AS3,2141.960268452763,0.08820393054325341,0.1379602493782779,0.6579807198113397,0.510550520180357,0.7015498607877743,,0.0
PLAGL1,192684.0970824344,-0.9078128498897724,0.33717819396806825,-3.0792196064832593,0.002075436328414002,0.007013737402526451,0.0048375123393126366,1.0
CALR4P,253.53695181016082,0.02715471057217406,0.5691450651015378,0.06840575645476159,0.9454626395781057,0.9719636533832628,,0.0
GYS2,6171.6052983855925,-1.4488474500055286,0.28834960388769987,-5.312940385589351,1.0787033486706573e-07,6.018537251867158e-07,2.5142861229762797e-07,1.0
TP53TG5,6142.031141592318,-0.07867338649118004,0.36545941711689833,-0.25795281088305955,0.7964433264216453,0.8907307874868088,,0.0
MAFA,387.0237860671565,-0.3198107835457664,0.5654772207726095,-0.2674735194514516,0.7891046000911641,0.8868980949199474,,0.0
RBM12B,58519.95482640549,-0.5261080035300921,0.7047728076094848,-0.25975974828109394,0.7950491015677368,0.8899696855071524,1.0,0.0
KDM4B,555387.043213898,-0.10949684587778453,0.10326812442960079,-1.23272539806624,0.2176782327264265,0.4068858039401441,,0.0
HNRNPA3P8,162.05531291290032,0.1856315079186415,0.17822649475327634,1.0859681478009964,0.2774930846274022,0.481271038289806,,0.0
TMEM94,729328.5912135296,0.6229215225753365,0.24206048869124655,2.6866369246385355,0.0072175359296511934,0.022209172866810706,0.016822929540701005,1.0
NES,288766.547436041,0.4491596653383058,0.8165869829299847,-0.026808627285844745,0.9786123721132486,0.9907283361276402,,0.0
NSFL1C,500879.0025505366,0.7988164509050907,0.3929798782584896,2.324663059478,0.0200899840215062,0.055857770512415236,,0.0
HR,148706.0462790061,0.2852731979752522,0.336837256877213,0.9125293456841794,0.3614901287444964,0.5749721818168202,,0.0
LINC00466,701.0469639519619,0.005850161440209624,0.1538584252076678,0.03755173339799851,0.970045091921555,0.9879653222376084,,0.0
CUTA,431265.4506343173,-1.4563918049715672,0.38551421524053675,-4.196446406526004,2.7113558358636775e-05,0.00011801259083148361,6.319739677237393e-05,1.0
SLC52A3,108148.57665073944,0.6491788502085382,0.20726016514565318,3.239916197879598,0.001195648337127468,0.004214766011018947,0.00278686631102421,1.0
NANOG,353.90713263108574,-1.3003209706316123,0.19470332470747834,-6.872953880083169,6.2885902314402535e-12,4.878302966473403e-11,1.4657704707674757e-11,1.0
RPSAP20,369.8047159955819,-0.006704755650793651,0.5675133946274294,-0.02448904159171096,0.9804625246381387,0.9913563380817733,,0.0
TINF2,327279.8766819219,-0.6632255921689273,0.2596556524993043,-2.7250262809207224,0.006429636894031687,0.019981949425190066,0.014986462068892549,1.0
RHOBTB1,123989.44869860704,-1.4759151275280602,0.5954912325825616,-3.0987282172375257,0.0019435321940177509,0.006594788152218056,0.004530064758766608,1.0
BTN3A3,117309.83426256855,-1.1043854413368066,0.15506203847488317,-7.303716439443238,2.7992599968056466e-13,2.374610351031729e-12,6.524630310311479e-13,1.0
LINC01740,337.97638390743566,-0.3971092037676208,0.2220916094314712,-1.9065764958979208,0.05657545115008137,0.1392197090955135,0.13186838800775974,0.0
NPEPL1,311799.8000356079,-0.25271231387569393,0.3500676559727662,-0.8886311800436267,0.37420132818071017,0.5851148040643832,0.8722038434417675,0.0
PCDHA7,66736.778590555,-0.011322704041588087,0.23546157043415467,-0.1010323318326358,0.9195247943920242,0.9559378229319333,,0.0
SHLD3,5397.172743848641,0.0982571121729682,0.7224365360955779,-0.8911963100966549,0.3728238636209741,0.583509705598186,,0.0
ABCC4,72943.93399539523,0.5011616344701598,0.41736901839746604,1.4532955717263194,0.1461417062918133,0.3032774365099622,,0.0
ALDH3B1,133994.1358042305,0.9293472567010065,0.13288546794439088,7.0969818225985275,1.2751082192277616e-12,1.0341853329281423e-11,2.9720746717327454e-12,1.0
DPY19L1P2,3332.109839714779,0.770440470988354,0.23482777540450425,3.4716756707879983,0.0005172208010513575,0.0019383150681023073,0.0012055595119832576,1.0
DEPDC1P2,778.1358498485672,0.17831281958329517,0.22565685117499695,0.8439582221973928,0.39869275155222905,0.6059352360580496,,0.0
PTPN6,261485.80348248285,0.2054340955907762,0.20949637380780084,0.9339565910700965,0.35032628527080023,0.562054522653828,,0.0
S100A8,260343.36283699964,-0.2994945532918802,0.09269332928588742,-3.232623611493149,0.0012265905616066727,0.0043146923281340505,0.00285898772023088,1.0
SDHCP4,3842.2377560514374,-0.32910937147060176,0.20834856987514924,-1.688741377815744,0.09126900238294812,0.2074030906087222,0.21273354387203047,0.0
CHASERR,657990.7878364198,1.2267708886879112,0.28836596932573555,4.499162971724846,6.822154389270961e-06,3.2012141198197134e-05,1.5901357987702594e-05,1.0
CCDC8,226203.26836899976,2.279145832959132,0.4361360238477332,5.5908110496418715,2.260114200060254e-08,1.3341360508758043e-07,5.2679671167759564e-08,1.0
TALDO1,876483.7960854934,-0.017846333371398754,0.18182829137835396,-0.20279847692355457,0.8392925484406989,0.9156586245892839,,0.0
BCL9P1,243.7342595038218,0.603973879554261,0.22005423431275523,2.906286977226411,0.0036574584005865892,0.011884952770114598,0.00852495444024575,1.0
CABCOCO1,14450.155035971256,1.6100613207004693,0.41245457712819467,4.302974100725554,1.6852055609420227e-05,7.518609425741332e-05,3.927946419616266e-05,1.0
GRWD1,430686.8795274226,0.8864861084255948,0.5679591087828701,2.0406690212125933,0.041283736557839464,0.1054394664365096,,0.0
SESN2,116474.9580335534,-0.3727280885003958,0.21097298529088887,-1.8923830385255593,0.058439964266693935,0.1428914420403281,,0.0
AGAP2,315022.96697700286,2.654666234693892,0.21877998265667253,12.263616074576007,1.4201795732274353e-34,3.689508182947108e-33,3.31021294918619e-34,1.0
MXD4,628047.3390181623,-0.007863706669978782,0.12677794321467958,-0.15491067710405257,0.8768917361508699,0.9360017076654268,,0.0
THRAP3,974517.9194371324,-0.04649174492556122,0.287501524949506,-0.16000056596396467,0.8728806283865556,0.9343714195414011,,0.0
ZNF471,215872.78851076547,2.4729854402697784,0.2203470481608644,11.376436742353755,5.479303359146064e-30,1.088875105793648e-28,1.2771385586645123e-29,1.0
SLC10A5,3583.79968324357,-0.2698822496452386,0.39329659448656573,-0.8446243806474925,0.39832059213756477,0.6058530136940478,0.9284220156926043,0.0
SOWAHA,30767.729245387425,0.12282856418135535,0.5198514047843045,0.33013173388264766,0.7413004259825503,0.8599254243444142,,0.0
BTF3P12,2036.5887197842071,-0.5301180237305723,0.4879837792716024,-1.4401104782805303,0.14983614504742096,0.30883582293245276,0.34924424836286716,0.0
BDH2,217789.43836015338,0.011024554811029775,0.2944304688571146,0.035571887885377476,0.9716237243474242,0.988468108718122,,0.0
NETO2,62432.536167473554,-0.359681589082386,0.29912472432749027,-1.3303164910066883,0.18341401596937845,0.36034233697892576,,0.0
BMS1P3,38405.6351227165,0.6546653172173486,0.7366462487376711,1.5097014982440486,0.1311196088146045,0.278592188736899,,0.0
FAM229B,85477.26109031131,1.3433454830670115,0.14351215982814486,9.466436125241502,2.895544024031209e-21,3.741703003074526e-20,6.749053080311996e-21,1.0
PWP2,97573.89457169695,-1.165702476869989,0.15301355667524785,-7.856871954297008,3.938450999160311e-15,3.785162540233455e-14,9.179903543837212e-15,1.0
GRAMD1A,726662.5042121753,0.6059842550019581,0.13631152701440952,4.392424778569248,1.1209341864798823e-05,5.1342697173201586e-05,2.612719496337221e-05,1.0
CCL27,905.0705123524355,-0.6484462887069181,0.8302542229740264,-1.529394894282211,0.12616657741703488,0.27079125996392855,,0.0
SEC16A,1081839.8979059695,0.14025117362583053,0.1640151070628933,0.703109428528466,0.4819875567896864,0.6774172818447325,,0.0
ATP1B2,31382.002300664095,-0.3011693425572758,0.41702957287990094,-0.9187437363421661,0.3582296275438993,0.5716088874564843,,0.0
AMBP,7766.670985927725,-0.4446302724535568,0.30608351592907357,-1.63085200432146,0.10292155115718739,0.23052209123127554,,0.0
PARD6B,133585.0128255969,-0.4360649574847768,0.1434218466319098,-3.1844292319736516,0.0014503976993648603,0.005020529996135964,0.0033806466002018333,1.0
PDK1,132177.8407820547,-0.6496448302657887,0.40130450267325574,-1.9582163487908577,0.050204631545097286,0.12546127362071408,,0.0
SLC23A1,7492.920874366062,0.0016928030800964055,0.2018406305903899,-0.006019919290534087,0.9951968283515201,0.9965670153738131,,0.0
LINC02412,221.2572534304924,-1.9542477185464575,0.15158387713431215,-13.029232759219141,8.344246934853007e-39,2.601318981940425e-37,1.944911388366673e-38,1.0
PITPNA-AS1,38624.35656249224,-0.13759123303685208,0.30408315348436604,-0.5249674581103823,0.599605813163071,0.7684567821319113,,0.0
ARCN1,989398.7212839648,-0.08870721859042939,0.2963975708156171,-0.3119756407076919,0.7550590359754598,0.8699172505367427,,0.0
COASY,438258.9628175983,0.02636505221920529,0.12420216591966586,0.11387573917912956,0.909336297771792,0.9505061367851801,,0.0
CHRNA4,1112.2768970576276,0.3897606281376665,0.1359530541410108,2.94495211571767,0.0032300464793066355,0.010571831915210958,0.007528725158309111,1.0
PARN,574549.3835513353,1.2562666930657855,0.22438993216999445,5.858428213512994,4.672685178664619e-09,2.9607278793497478e-08,1.0891286762233233e-08,1.0
NR4A3,106661.37614272058,0.06596792218336296,0.10508921507461498,0.6131269998787142,0.5397923687342159,0.7253459954866026,,0.0
RTRAFP2,1299.0189911904422,0.10579657798171499,0.12111932560429646,0.8833993419770865,0.3770205461873708,0.5878714688337329,,0.0
MIR6800,500.1513109041538,-1.4336004436003347,0.2289137648681918,-6.491014592512794,8.526021952333441e-11,6.084091201464836e-10,1.9872802569270657e-10,1.0
MTND5P1,1300.8649361301673,-0.9338143439094294,0.13011446608077554,-7.2985975135215,2.9078272692280704e-13,2.4625199352987462e-12,6.77768337332225e-13,1.0
AKR1A1,544673.3117054146,0.0932800514335026,0.12163384856150032,1.0492990492785241,0.2940405034550755,0.5009132620334414,,0.0
RECQL,458583.29939572525,0.6220929737597471,0.7425904074151353,1.0439956582490657,0.29648739839795113,0.5037054302482903,0.6910650201911123,0.0
NKILA,14651.061714214145,-0.8149228549401845,0.3477563502782496,-2.660780798532498,0.007795969213046434,0.02387126730182665,0.018171165623680194,1.0
ZNF540,30869.676073287428,0.5692393084029941,0.2775431510648245,2.2412469465606555,0.025010083410995886,0.06805799020951853,,0.0
NCOR2,1407224.0246589775,0.35173435541337317,0.31005766549853214,1.226208558374676,0.22012020146957312,0.4094552923474035,,0.0
EIF2B3,167983.47308212818,-0.06411234808723887,0.1439064211888656,-0.5061781788184814,0.6127315722081087,0.7763030434782947,,0.0
NEK11,177076.92698587803,1.6634706952190472,0.3499316696386416,5.07423205213354,3.8906403535206627e-07,2.0828989611524726e-06,9.068464524935078e-07,1.0
EIF4B,1555628.033319179,-2.491001984923758,0.3316666866740448,-7.8667318473087295,3.64025764980911e-15,3.512109314748132e-14,8.48486222301301e-15,1.0
CYB5B,339409.6857533624,-0.059661600572321435,0.19695652504139247,-0.44946968101557544,0.6530928747740069,0.8018511720181882,,0.0
MAP3K20,486745.52259324875,0.13425599985778794,0.30275140858466204,0.5831284469273453,0.5598068349819112,0.7396864881827213,,0.0
HIKESHI,120648.28302437051,-0.06068007262586862,0.1418273968803996,-0.46906777380503634,0.6390211930104923,0.7928949529194864,,0.0
SKP1P1,68843.25439170198,-3.4473625835689043,0.38073119220137136,-9.301649204446637,1.3828384638507483e-20,1.746227407009502e-19,3.2231767559287535e-20,1.0
SLC4A1,1622.6374348406346,-0.2982391230276089,0.47034444347170834,-0.8430939611268287,0.3991758958648338,0.6063000513318487,,0.0
LINC01801,5478.87455700664,1.011625281443886,0.19004095170310517,5.512329411630076,3.541153520852945e-08,2.068299035364694e-07,8.253866243932004e-08,1.0
GGT7,108977.51063663696,-0.7871856281838239,0.28738880779666875,-3.0218164290010994,0.002512628731032921,0.008372072218030869,0.005856538369342155,1.0
GAL3ST4,116992.51249501463,0.500992529212006,0.4453630256510825,1.4090033201433196,0.15883418639132574,0.32337343743670727,,0.0
PRH1,42389.675368707685,1.5562509485338107,0.12575430399892334,12.49983480199469,7.480657363577352e-36,2.0501933477760347e-34,1.7436223798842912e-35,1.0
GYPC,319251.9887899559,-0.1223737211159983,0.1260062626628894,-1.0778112840218637,0.28111798279272837,0.48645947287759767,,0.0
HAND2-AS1,35339.1702792523,0.24132270597039496,0.40479476376423307,0.7321336710539069,0.4640869840578068,0.6616402551735677,,0.0
SUZ12,281464.22499006987,0.3879325423784867,0.3700717819617031,1.1775038441486527,0.2389944641005487,0.4328628855967817,,0.0
CD79B,32557.593772204615,-0.3857418866292941,0.12332287735182287,-3.166856037954895,0.001540965832471132,0.005304662735168668,0.0035917465291429936,1.0
HMGXB3,506843.2851804422,0.5172120395443452,0.4447610600173063,1.4011632620728747,0.16116525747921984,0.326652703903433,,0.0
FXYD2,4628.039932126475,-0.42095887106739655,0.2471002382352194,-1.8362793875312273,0.06631634667793039,0.15804392605328085,,0.0
AK3P2,329.9917647466329,-0.19040143221023995,0.586266937354475,-0.5177079260897699,0.6046620673024828,0.7718767663247172,,0.0
SEC61A2,84326.4865004232,0.4564577926597852,0.30381430438475965,1.6294161684317523,0.10322494830923602,0.23092016883621752,,0.0
GLI2,29651.712546108105,0.2548066555783848,0.3272830640448364,0.8915565871137416,0.3726306481710502,0.5833903556425606,,0.0
KLF7-IT1,3610.268612299443,-0.11900737708785672,0.37538987443275124,-0.38844188882886166,0.697689050263127,0.8317574050460033,,0.0
ZNF407,115769.7982681221,0.311907813067957,0.21065384457088485,1.5481329224803433,0.12159029702450774,0.26334885000357994,,0.0
POLK,148988.20550648466,0.09636610852807441,0.14206634623510395,0.6727513439043312,0.5011054970215489,0.6931542482372397,,0.0
TUBA5P,14330.132849967535,-0.26019383603773666,0.281539829436831,-1.0353513745565501,0.30050484547980727,0.5086250998484149,0.700429051052934,0.0
EBF3,143693.78152181773,-0.11316848781678872,0.28247689376415624,-0.45154050236591725,0.6516000406613579,0.8017220036553658,,0.0
DDX56,1126133.4211003948,2.0579129101938314,0.27002781775228807,7.883381916632155,3.1863727370240337e-15,3.092145372038109e-14,7.426928603867233e-15,1.0
SCN2B,6340.5118945281665,0.10043209473998396,0.22050703437991834,0.4744399890431881,0.6351861824264863,0.7903764681863416,,0.0
HSPB9,2554.1639073529523,0.11187775158338162,0.5347459807983758,0.3003122912790974,0.7639389586067237,0.8733732582008567,,0.0
ASIC2,3652.0927264953584,0.4413074157781091,0.538222705391436,1.1570375438347718,0.2472570217624077,0.4428430967866749,,0.0
SEMA6A-AS1,25308.752354323573,-0.07357388293339376,0.44571785649692225,-0.21902616330100252,0.8266296671763466,0.9094025961971235,,0.0
GAPDHP73,3415.027473422586,2.2185453985715005,0.858057871853798,3.301918239580058,0.0009602605617469059,0.0034335338222176103,0.002238214804669891,1.0
ELF3,1113568.5939951339,-0.771189654955689,0.23208608352157753,-3.6473005445929387,0.0002650098822700104,0.0010270934675701722,0.0006176959311975756,1.0
LRRC69,4760.041070183461,0.04441981301560688,0.22721104396810707,0.21877379228722676,0.8268262630711138,0.9094025961971235,1.0,0.0
PNPLA8,582231.1456846619,1.9658259866635222,0.16186600661075115,12.337871964251011,5.663297318794719e-35,1.486764580323582e-33,1.320024627390096e-34,1.0
ARHGAP9,42892.56356868063,-1.9669456242170085,0.5079189882523695,-4.389944140468398,1.1337978190190729e-05,5.1836695886958154e-05,2.6427025800313718e-05,1.0
TNFSF8,5668.637563646443,-0.07875553091041437,0.64645340971415,-1.0634529088606839,0.28757660986404254,0.492593451236897,0.670295387851329,0.0
DUSP6,1040152.5469504133,1.803852535053714,0.4691934156878861,4.284868644453824,1.8284718758876943e-05,8.150507343099033e-05,4.261877437816738e-05,1.0
TESK1,848958.2450814701,1.6268677891427148,0.14067872960424396,11.757173664130015,6.486959255694338e-32,1.4509844290315407e-30,1.5120071386637082e-31,1.0
MYLK2,4996.30520383506,0.9418105457167844,0.1521768270826208,6.347548272554099,2.1877334365931005e-10,1.519834872106739e-09,5.099259056881489e-10,1.0
RPL12P10,530.5757780054594,0.8239859881368845,0.21126420903779494,4.087096946860645,4.3680462313054466e-05,0.000186379936713016,0.00010181221776519424,1.0
APLP1,75133.45310652237,0.6898488046254991,0.18602447969965336,3.8255369513805975,0.00013048735909830395,0.0005271179382711206,0.00030414530242165426,1.0
ATCAY,1158.1505248797607,-0.658479744546395,0.40763937714337,-1.9459540928707801,0.051660254303263736,0.12863224756976846,,0.0
PIGT,834876.2398423702,-0.6215274297372643,0.1660813156961296,-3.6409800072201857,0.0002716022292194528,0.0010510100227669747,0.0006330616445545002,1.0
JRK,130416.22144020435,-0.38151022968467224,0.32963304606914745,-1.3339317506317463,0.18222622482107786,0.35855795242900845,0.42474037822782074,0.0
ATP6V1B2,545703.8754462866,-0.6474232335683169,0.3285777356196888,-2.203211051498682,0.027579876737027654,0.07404113302706886,,0.0
ADAMTS3,46722.510035832005,-2.1678872189807774,0.4718271586496465,-5.059034831781939,4.2138389605338253e-07,2.243183429577665e-06,9.821789128571364e-07,1.0
MYBPC1,476484.3099907553,0.48678943935658336,0.34833567023294476,1.5769874323286166,0.11479841688451731,0.25169868282196584,,0.0
TLR10,5762.277670597355,-0.0858094520272757,0.3872070661819955,-0.27941639332074686,0.7799252918370032,0.8813473846132697,,0.0
CIPC,303999.70687498356,-0.4317835020505002,0.4837090295745893,-1.2059562071763248,0.22783437646632665,0.41888605595799383,,0.0
CACTIN,187468.36919077142,0.20655300403129515,0.3226125253511728,0.7095789458170354,0.4779652795643211,0.6738841064789257,,0.0
PML,965454.5996678512,0.14062572523836334,0.31242005946258866,0.5944968505951677,0.5521798481173668,0.7345448795350789,,0.0
SF3A3P1,9451.520854466416,-0.5990710824353797,0.2706692447579078,-2.415565812101331,0.01571078303320711,0.04479754593272704,,0.0
RAB44,2320.9334116752834,-1.4778509432400269,0.2603050680961143,-5.9369791229631215,2.903216191512208e-09,1.856569533751653e-08,6.766935683767708e-09,1.0
PIP5K1A,295279.4826935042,-0.3507253853485639,0.29255173662156486,-1.2600549097840341,0.20764955464458867,0.39236947540813183,0.4839981208257983,0.0
MIR3936,1014.7406618115325,-0.8541322175470206,0.9559390487924281,-1.7941909309875115,0.07278269917280583,0.17092283591052518,0.16964490816539976,0.0
TLDC2,102252.44726576799,0.44666925564128135,0.3871389228993825,1.3665111459051056,0.1717785848991702,0.342247331166452,,0.0
HLX-AS1,4915.9740411495995,0.3948335775353641,0.4753099974423647,1.0962059036424185,0.2729886766413334,0.4756086339807793,,0.0
RBX1P2,588.1129572494376,-0.040712892915762536,0.19990870652974757,-0.21559373877284216,0.829304436769459,0.9107064407955929,,0.0
MASP2,18978.99983641304,-0.8394310445005081,0.4360171834993256,-2.334832250704185,0.019552185702678998,0.054605992320807865,0.045573038450917217,1.0
UNC13A,8753.083819661488,-0.7932940422537202,0.3272339071860265,-2.732479128892665,0.006285965397403441,0.019559822459294048,0.014651586636564656,1.0
NDRG2,1311530.7597428777,0.05546765737010635,0.49145959597667627,0.11367588062602979,0.9094947330325007,0.9505061367851801,,0.0
GAPDHP61,9263.126947626271,0.1034975754218917,0.19099413062148268,0.540630895285803,0.5887620184623588,0.7621969758863861,,0.0
IKZF2,74447.42307046507,0.13548466168928688,0.13407691274089317,0.9597961113208658,0.3371578398408204,0.5481562272249061,,0.0
FLVCR1,98109.28817031728,-0.5112975151738037,0.2133688548458024,-2.534301125202916,0.01126718626469773,0.033373352190209184,0.0262620210693048,1.0
BEND6,54116.95856586895,2.3181114887933885,0.7199881578183897,3.804889265989187,0.00014186764331653522,0.000567926007113064,0.00033067093685181203,1.0
NPSR1-AS1,158.19195893661532,-1.053797829588247,0.4838533807607799,-2.655275988446373,0.007924354575491777,0.024249497314449683,0.018470411505865883,1.0
KCNH4,3649.345296382555,-0.18502724344791255,0.6799174948130463,-0.5173811163346376,0.6048901391480344,0.7718767663247172,,0.0
DIAPH3,56174.72692616,0.3541152359334865,0.3452095553605911,1.176588389520397,0.23935983415346596,0.4328958856988717,,0.0
ARPC1A,554020.9587233413,-0.23352826756954034,0.5374859778291035,-0.5149612301579558,0.6065801122840462,0.7726431861073813,,0.0
KLF4,586614.2055898126,0.06723960709418805,0.49897766538697247,0.13838414214036068,0.8899368291712187,0.942406160120435,,0.0
UBE3AP2,2927.5903860793405,1.6318908619433183,0.1505096387327573,10.967912451705265,5.451652064590776e-28,9.642851240488932e-27,1.270693481223308e-27,1.0
MIR6746,884.8396122507723,-1.7176876362468863,0.36827982674790516,-5.0202952778545855,5.159211037154773e-07,2.7117117653664917e-06,1.2025301239872902e-06,1.0
ANKS3,147923.77283113083,0.18883925465000534,0.3160924428670428,0.6677904793095705,0.5042673447286303,0.6957912905965168,1.0,0.0
ANO10,302997.515683608,-0.028947102352685886,0.3353580741004427,-0.1550250798095414,0.8768015454927499,0.9360017076654268,,0.0
ZNF518B,134687.9652347904,0.036826019948292876,0.2200276851998239,0.1567695268997813,0.875426489859618,0.9354385885646476,,0.0
PRDM12,667.656855763529,0.7422690854268289,0.6993882027296735,1.6856001909987859,0.09187283241431787,0.20849030395023546,,0.0
RN7SKP287,686.6555514343047,-0.7583415404525594,0.2287761491841116,-3.5110078051345996,0.00044641129108050873,0.0016881724942453204,0.0010405137943502699,1.0
RPS3AP2,281.00670682402216,0.6531354693767286,0.36400330777964435,2.0823509123587143,0.037310428673650205,0.09672786809987902,,0.0
ZNF366,30952.75518681204,-0.45266286543168677,0.3785403454422929,-1.4329579033818163,0.15186986802298297,0.3119962527589123,,0.0
OR11H7,275.1169682323677,-0.246699929412181,0.5678794352662062,-0.6654837360102858,0.5057411426812454,0.6970535561464637,,0.0
MPZ,66170.09235858351,-0.12330144119738827,0.27269915818687285,-0.4735744449603514,0.6358034024169765,0.7908696686423637,1.0,0.0
TRAF3IP1,150247.1806469757,0.20006062181701217,0.2633311601609795,0.8164036992739123,0.4142692815585379,0.6199745503792341,,0.0
PABPC1,5287788.023036835,-0.791476388859957,0.2984504778319403,-2.842842785503814,0.004471312022867483,0.014305904021849265,0.010421917929935983,1.0
SNORD18C,3220.3886657484327,-0.11593639915875666,0.1537580016215719,-0.7759474208382081,0.4377800315851923,0.6401778943262795,,0.0
GRIK5,23419.948857388546,1.684713620865418,0.6569814943004367,1.2822383324495223,0.1997590531739457,0.38283757998502943,0.46560661552880434,0.0
CLDN22,14334.24078048937,0.1511722923701288,0.24810277367109757,0.6564375466106879,0.5115426388868729,0.7019462676114778,,0.0
SPIB,15630.846753124692,-1.4299106576291583,0.10413382611891035,-13.83578384154045,1.5503718083706202e-43,6.338733262420207e-42,3.613670364557315e-43,1.0
CALHM2,288337.93189460953,-0.16026228969788286,0.2534808788893613,-0.6768756048938646,0.4984848833963793,0.6908704079969825,,0.0
SERPINH1,4369491.168062927,2.8372518570239253,0.6884230654710398,3.7859388314278464,0.00015312934190257,0.0006100712119888332,0.00035692016701402765,1.0
HOXD-AS2,14290.295997650595,0.058340433297783094,0.14782289627407408,0.41410732816775037,0.6787955062154355,0.8196155858152002,,0.0
MMP7,421289.51002362586,-0.1355156863236201,0.17962080674111375,-0.9452594438527806,0.34452643812476824,0.5558099385583882,,0.0
ADAMTS17,13946.078508860941,-1.620873093248384,0.2203917564834914,-7.578126148407202,3.505814437245663e-14,3.1910588344856507e-13,8.17149645466419e-14,1.0
SREBF2,841875.4403058197,0.06589101698139534,0.1929474316180089,0.3251702216703692,0.7450522447457867,0.862255358884451,,0.0
MCCC2,659818.4810721014,0.07762984535537186,0.19675020283486888,0.2920129626663809,0.7702767129414527,0.8766301973981125,,0.0
MED11,59775.64146055456,0.17621561398884786,0.17156373423527466,1.0458720057772422,0.29562013072294513,0.5027457252117458,,0.0
SDK1-AS1,413.8035797121981,-0.7720131227235041,0.22207067840217404,-3.672577481718415,0.0002401163134697492,0.0009357032590524289,0.0005596729773771537,1.0
CXXC5,434841.34453691717,0.23526931010829713,0.12319054159831117,1.8397463989776186,0.06580547809144811,0.15727729981798907,,0.0
INTS10,293744.71287252684,0.21098906597002226,0.21052979836030106,0.9590805566206725,0.33751816460002393,0.5482059931699509,,0.0
SMIM13,246170.08156601147,2.3137526333354574,0.30784988307136757,7.739289180644038,9.997415972546313e-15,9.355930745039589e-14,2.3302388257505144e-14,1.0
BAAT,601.8744002693887,0.06425843454584558,0.140454134793989,0.46626819240556416,0.6410235432828701,0.7943914121478153,,0.0
RICTOR,266568.0130374317,0.7016240081907452,0.359355958014687,2.188114071579576,0.028661294159595743,0.07669663909230877,,0.0
SEMA3F-AS1,92640.56605484187,-0.45031317500297274,0.7197603805851742,-1.1551250298533275,0.2480392296952536,0.4437660250071467,,0.0
HAUS8,189324.64648078053,2.9419276543793234,0.3269397690617741,9.203889853475607,3.4522112408785683e-20,4.220497468015269e-19,8.046555920328177e-20,1.0
TPM3P8,15097.507672550622,0.06226771607733395,0.43201900263956455,0.17756351048335822,0.8590657834995407,0.926891656520811,,0.0
CUTC,114114.65600094522,-0.12167803036175188,0.16697210745111624,-0.7986550832213762,0.4244904383374748,0.6294168568452213,,0.0
ZYX,3817879.315469017,2.158909549661464,0.1460562519874494,14.963531760596497,1.2709803903116126e-50,7.044055763193693e-49,2.9624533583524877e-50,1.0
ARMC9,80324.63829631386,0.09604180372622002,0.14026410068211137,0.6699265727224244,0.5029045993426677,0.6946796293329346,,0.0
RBM39,1543365.7691611084,-0.38811996969870605,0.40608555051642076,-1.0545315349160072,0.29163963072575516,0.497502899473347,0.6797656439533022,0.0
MIR3658,5401.055917999058,-0.022204899973957307,0.3268117045524459,-0.08137161701319993,0.9351464205825419,0.9658145575363353,,0.0
LINC02724,1011.6647124821941,-1.5700860548446949,0.18818704389999127,-8.528169316888976,1.4868181751701672e-17,1.6052487137984402e-16,3.465536942873268e-17,1.0
DCP2,259112.2835791619,-0.16238058434068067,0.20567692671413973,-0.8960125211335707,0.37024607591229175,0.5812776000235595,,0.0
RDH10-AS1,4512.886316808374,-0.5337797855619648,0.2331996341544483,-2.4580221364370396,0.013970456251405866,0.04043721132565018,0.03256291391682825,1.0
MRPS9-AS2,145.30035961677316,0.407538547996554,0.1666776651911464,2.533527539384848,0.011292086679757648,0.03340537038459177,0.02632005998066876,1.0
TNIK,124355.83726787756,0.37391133778709146,0.3310386836237578,1.2580826028488221,0.20836188432986436,0.39323082823963806,,0.0
CAVIN2,517647.88793334144,-0.10445956009186333,0.432739155004554,-0.33275638330741775,0.7393181847413971,0.8594078549266112,,0.0
ID2,259521.71299630747,-1.844031296301016,0.1494061809028909,-12.542215952353247,4.38558170230603e-36,1.2152934183945822e-34,1.0222094173412373e-35,1.0
BNIP2,484369.2103223394,-0.07050120148400468,0.7113749452657699,-1.1072376652178122,0.26819118688134624,0.4692169905872168,0.6251110468056799,0.0
ERP44,371047.96123132703,0.07246633611290756,0.1500793744716473,0.3134807577857966,0.7539154375703649,0.8688840579022599,,0.0
SERTAD4,139006.5365523647,-0.3915322916934572,0.5718239366479813,-1.0325524359929728,0.30181339679569763,0.5099746691114294,,0.0
NFKBID,79112.6640291113,1.0366965267495598,0.29934107469914156,3.7081835478801803,0.00020875132567791215,0.0008198831594341935,0.000486566174056741,1.0
DNAAF2,64073.062438055684,0.08533200121284472,0.2744952841531232,0.391798445991641,0.6952071433741185,0.830585205065893,,0.0
ADAR,2331461.614197985,-0.35737455741153085,0.1329223482510814,-3.1017986303121026,0.0019234875343969466,0.006531215671594262,0.0044833438418560604,1.0
ESYT1,776483.4499376707,-1.6401436342791453,0.14019458863218454,-11.463482545905372,2.0125624626198598e-30,4.1142055588310904e-29,4.690963347452271e-30,1.0
DNAAF5,463528.1077774797,1.6534773331968136,0.47337940250187643,3.9044588644414278,9.44364525921415e-05,0.0003876946712177793,0.0002201163670699074,1.0
ANKLE1,14105.689818929439,1.1775445395491593,0.2480819392997127,4.992382670309563,5.963894371410365e-07,3.076308699544457e-06,1.3900890245137806e-06,1.0
SLC16A7,399834.932381075,2.7188403248244253,0.16042971364662906,17.03153517861948,4.793014752137217e-65,4.1943083480106034e-63,1.1171755880215158e-64,1.0
HMGN4,922590.7830164407,2.629692125377307,0.23032379519777343,11.616571190546367,3.394895104485715e-31,7.175312195413028e-30,7.91296111269848e-31,1.0
TRBV26OR9-2,131.45141842154013,-0.5048059214837891,0.3238489625963112,-1.7739798032659881,0.07606649110798715,0.17754780423333638,0.1772989054423551,0.0
ATP6V1E1P1,17409.77453270375,0.30078786422203574,0.3722333591096259,0.9584195392977541,0.33785124632003083,0.5485683647930709,,0.0
LINC01215,5581.734520780056,2.438995926237302,0.18109493909816343,13.608167975613854,3.581083734056421e-42,1.3635454706468266e-40,8.346937226856743e-42,1.0
TP73,27196.443095170274,-0.13077488977231425,0.23664618071198937,-0.6168760425655704,0.537316490013815,0.7231879795436884,,0.0
OXCT1,358028.82607645215,0.8069812044749298,0.16587733100933313,4.943926355526891,7.656463655682744e-07,3.900964322221197e-06,1.7846000333899778e-06,1.0
COX15,197905.8096813281,-0.08694658046154385,0.22180385798361982,-0.42982298560499377,0.6673244111767724,0.8110658291787867,,0.0
BMPR2,728950.8133101088,-0.12451997742908259,0.2635502417372533,-0.5725612581220691,0.5669417976318285,0.7447736862226917,,0.0
BASP1-AS1,591.969867401415,-0.04075886557188622,0.4993309603468646,-0.12014559103850882,0.9043678175079718,0.9494815141506553,,0.0
PRADC1,75237.0913321486,0.40620270501789935,0.4461828886949416,1.1524605857975112,0.24913185709043106,0.4452417424461018,,0.0
PRKD3,1147048.2276335745,2.6453395224847935,0.1978916838983518,13.536782637005661,9.485318521970454e-42,3.4788800579109285e-40,2.2108770461490009e-41,1.0
IQCE,340944.77344294183,0.5165136966583083,0.34781375096064054,1.7447021644817966,0.08103672635020383,0.18739508161094887,,0.0
SNORD12,1251.4552041310117,0.08343099771161043,0.7622235358937646,0.23262771700556298,0.8160505026313438,0.9037204652431771,,0.0
NABP1,172486.41922781416,-0.171661990567439,0.24746775518688,-0.7673960996060727,0.44284604684180373,0.6445626150122314,,0.0
CIITA,264089.3097866563,-0.44374883579405133,0.24402953773460428,-2.04291563310384,0.04106079048991101,0.10508528628202982,0.09570617895498883,0.0
DOK1,63082.22630702412,-1.674949450344114,0.19616807144993378,-8.768623910815522,1.8086306172234936e-18,2.0182213688391018e-17,4.2156306162199935e-18,1.0
WIPI1,359849.8020285683,0.2827786744589372,0.18035823976925855,1.4984630690290173,0.13401298085300717,0.283364454639593,0.31236296658635504,0.0
SH3BP2,454997.0029588176,-0.4136129109179305,0.5065666593292609,-1.118092029469154,0.26352769024084843,0.4630067343858231,,0.0
MIR1228,115.38683308405231,-1.681224797221263,0.15704451718875514,-10.852570541908863,1.9389431888249043e-27,3.358141883978688e-26,4.519368516756366e-27,1.0
BRWD1-AS1,1108.739292786596,2.8159104883255357,0.1350590582848714,20.949080492675524,1.912890396644668e-97,5.3008318324797795e-95,4.458643597412899e-97,1.0
CEACAM3,2795.1734521893204,2.0496870914704233,0.2836627109131344,7.4718359344526135,7.908357325389447e-14,7.019018921537823e-13,1.8433124457496526e-13,1.0
ECI2,221894.89435936985,-1.7389582967913704,0.11027180049409709,-15.92439036354379,4.291762606527725e-57,2.892879983967607e-55,1.0003416766990792e-56,1.0
TGFB2,103517.68728375668,-0.5341337557018402,0.22675416881509364,-2.517008837801118,0.011835586031792302,0.034747441510641554,0.0275868706198972,1.0
TUBB8P6,198.02736515632927,-0.02335006104784434,0.11300115372866494,-0.21120110083483218,0.8327303517864173,0.9126914952121841,1.0,0.0
RPL18P13,4662.990347771892,0.09754507840713149,0.49904197438131687,0.2651452205981966,0.7908975925563078,0.8881128301825447,,0.0
LRIG3,972143.4493181219,2.909228406446078,0.3187250287845723,9.349377742152035,8.81648798088072e-21,1.124722303034093e-19,2.054983273300609e-20,1.0
ARPC5,708788.1022869239,0.2883230070270074,0.5590104772494455,0.8390083191589289,0.4014646412532321,0.6088493860052058,,0.0
YTHDF3,400537.7834583933,-0.3785824501664341,0.13219401670317268,-2.8192303456789958,0.004813895906601123,0.015342947464617509,0.011220426533703925,1.0
ST13P11,359.08501323523825,0.31620420463812837,0.8049784591080189,0.8497199669882831,0.3954807946638511,0.6042588075455644,,0.0
CDKN1B,918107.4045466438,1.4434409386968712,0.187945270822719,7.919884732037531,2.3773086437332154e-15,2.3251010813610353e-14,5.5411287452996634e-15,1.0
CDC23,200440.33073735464,-0.0909867396063141,0.1754820507063797,-0.5796546296998114,0.5621475449979303,0.7414045358142983,,0.0
RCC2P6,23007.919513757115,2.773821799004049,0.14451092157736914,19.283974457873533,7.32278156489341e-83,1.1068495286572222e-80,1.7068240395181465e-82,1.0
EPC2,217068.01441329787,-1.7299737799323642,1.0681772639606733,-2.674991088723399,0.007473123655996166,0.02295316551484537,0.017418663923415362,1.0
HPCAL1,145396.3809057154,-1.136225117260039,0.2784935313486163,-4.380190164347316,1.1857578307010595e-05,5.4014247119058304e-05,2.7638131119331235e-05,1.0
VAC14,158173.2802791157,-0.6567455039711904,0.7677084081837217,-1.5466875548248025,0.12193860551237114,0.26387408429314846,,0.0
PRSS3,3270.1507793267137,-1.0848230702138981,0.31167231856805755,-3.7893595701735086,0.00015103616338074148,0.0006031772481530333,0.0003520413004407189,1.0
PAICS,456398.2294709071,0.16933253513463975,0.536272938420061,0.43148147012555604,0.6661183230981933,0.8103174054103032,,0.0
PLCXD3,60339.669122994645,0.7855596899550538,0.27164655194047965,3.121272323426998,0.0018007142951284153,0.006135220562910202,0.004197178927149783,1.0
DDX59,128976.58810332108,-0.5195749331281359,0.34638844809495345,-1.7427986805794602,0.08136878689173609,0.18799247571323935,0.1896577144934484,0.0
KAZN-AS1,759.471533394305,-0.39123037784926235,0.4399064230143155,-1.1308837038210076,0.2581040431326308,0.4563597258501361,,0.0
PGLS,179118.0982542621,-1.8953996467846228,0.20363063432621475,-9.568182666389651,1.0880127998283844e-21,1.439524627465247e-20,2.535984974553262e-21,1.0
PPP1R42,62002.344321327764,0.010588630524730164,0.1812646571842413,0.09004466032712,0.928251725140486,0.9608050643288534,1.0,0.0
DONSON,138713.30328769403,-1.5169676600100226,0.12207177112350859,-12.56197477720477,3.416965412155073e-36,9.521689092642181e-35,7.964403493378274e-36,1.0
GRP,13725.667209135223,-0.15179111872872572,0.25166810598849304,-0.6715261821989809,0.5018853859212857,0.6936559448532483,,0.0
KANSL1L-AS1,11200.429672783735,-0.2123147389312512,0.6892231825118365,-0.58778364359594,0.5566775240769314,0.7371137483662686,,0.0
ABCG8,949.734810041054,1.8864824530487219,0.799856857859115,3.0818520105432294,0.0020571708388420562,0.006966169819514037,0.0047949383851141015,1.0
APOBEC3G,60936.74314023943,-0.7207510687139471,0.27406422852515033,-2.883209350029341,0.0039364573000637134,0.012733494820180158,0.009175256547998974,1.0
KRT18P16,5835.329800208878,-0.10752335598443871,0.33134060971573304,-0.3817222090233888,0.7026674248925548,0.8354958558674764,,0.0
PEF1-AS1,16629.15377722348,0.2522863396405279,0.12026067457949119,2.1461328314279338,0.03186238256416122,0.08404524813857014,,0.0
TBX2,178231.9808954344,0.1751272890461018,0.6136865953797149,0.41616940541919717,0.6772860455404455,0.81874845377069,,0.0
CYB561,801545.0141298103,0.17731515476832277,0.6177343104005071,0.5576116812069125,0.5771095781610422,0.7527908703416626,1.0,0.0
SSR4P1,8053.747735120845,-1.260474892484355,0.15181977531138705,-8.450290181773997,2.905796832078923e-17,3.083854169874398e-16,6.772950746920406e-17,1.0
ZNF32-AS1,51808.32185985849,0.9775050111675657,0.2761164599032532,3.8235750699445488,0.00013153052028095087,0.000529519156708138,0.0003065767454025154,1.0
TMEM248,999487.8704403987,1.0099609973214885,0.3142925906353625,3.600378352723895,0.000317754465998217,0.0012210780249607908,0.000740635175887433,1.0
ZNF571-AS1,13088.428553036158,0.6200895221219316,0.3937415082674727,1.8649582911752967,0.06218725073546325,0.15015682739388467,,0.0
GABRG3,2558.336578529001,0.03161115816529695,0.25082496288029543,0.12819550726855308,0.8979942554155562,0.9461014907576704,,0.0
DSG1-AS1,2481.5586302773586,0.22107336710279973,0.7312371676723247,-0.4243802309487135,0.6712885357798553,0.8139006359917157,1.0,0.0
PTPN2P2,1373.2451745549931,-0.15824688948109694,0.4234508414598788,-0.48044560028741756,0.6309105761320493,0.7890482788587254,,0.0
HOMER2,129170.0071060562,-0.41554677579669097,0.464374630361775,-1.1809910398347703,0.23760628281125662,0.4311313709212616,,0.0
USP24,472936.8777026348,0.06241531932624786,0.611973333254598,0.6126018200117547,0.5401396545284047,0.7256171820058398,,0.0
GPR79,304.25635728710074,0.6674284919462192,0.17280153655030148,3.996776419539755,6.42108939172042e-05,0.00026846935361191494,0.0001496653919901937,1.0
RNU6-1098P,287.51152229115996,0.7396785582303644,0.1929541207618331,3.994046966982314,6.495498809618627e-05,0.0002713529988473845,0.00015139975730083042,1.0
SNAPIN,152049.1813693031,-0.0679280385559338,0.2649928474527786,-0.2874453071445073,0.7737713741102394,0.8777738490020184,1.0,0.0
ACAP1,64588.68381758378,-0.14432307837387273,0.13126621812213407,-1.2028915823220594,0.22901827819055087,0.420597633142293,,0.0
BRCA1,79125.25794719142,-0.5479822448593021,0.3572052911822004,-1.8245744833926665,0.06806526692002518,0.1615942653008499,,0.0
RAB38,31770.67056329328,0.06092334695009515,0.0992479759794777,0.6067653661473201,0.5440066355745797,0.7277991081934609,,0.0
SF3B4P1,8831.239654055998,-0.3218306987065216,0.3769520962486726,-1.0354660670256368,0.3004513055673851,0.5086250998484149,,0.0
THEMIS3P,59.7181516474638,0.5693712868558417,0.8411692599349491,0.3387470738666454,0.7348002751830107,0.8562500501230563,,0.0
CETP,33263.17267247972,-0.08667835750933142,0.1397237709041477,-0.6584652438967935,0.5102392233059434,0.7013197593706589,,0.0
CABP1,27327.439852664807,0.29138908728179636,0.3652204137203123,0.9431621032847053,0.34559799410685466,0.5571566886247548,,0.0
KRT19P2,1229.7952352633679,-0.4546748932347278,0.5407164701726523,-1.197513945431693,0.23110629533072702,0.42303053251730877,,0.0
RCN1,454714.27962728,-1.999645543078334,0.29795683432746856,-7.060009364900327,1.6649138332943042e-12,1.3437848220828462e-11,3.88064962638878e-12,1.0
ZNF788P,26157.983708972868,-1.1789573744291062,0.4418290927455208,-3.115501613527597,0.0018363234404133913,0.006252273939100338,0.004280178187281307,1.0
LZTS3,161774.19321676437,0.41709516734726315,0.568835582403842,1.1466990050991428,0.2515060418107379,0.4483603061300788,,0.0
COX10,92467.63719193693,0.18511907371179126,0.3021791429719267,0.6329210399214543,0.5267852073860453,0.7155785987041378,,0.0
HMGN2P4,39515.07721194456,-0.3758891864069645,0.2152472833590056,-1.874146802745301,0.060910193975986876,0.14762878889806733,,0.0
PRKD2,295546.2863923142,-0.9839224356924564,0.16932689558960334,-6.043457320248751,1.5084629273877374e-09,9.84844644215973e-09,3.515987421406558e-09,1.0
CFAP58-DT,1521.1849708076993,0.12042254996375355,0.7535516211853412,0.4622213447212708,0.6439225980397862,0.7965191527911426,,0.0
LINC02562,7680.530521692187,2.6125227001294022,0.1397720955043431,18.789644816890277,9.179164975947657e-79,1.2374506729737004e-76,2.1395175186928465e-78,1.0
HMGB1,1434184.491442637,0.2811394961780862,0.3268675772535226,0.9500224882083632,0.3421008260730254,0.5538458034574004,,0.0
CEACAM4,8379.611051601589,2.6733495972423826,0.23921258219385658,11.352785558414304,7.183699907193035e-30,1.4107202809873569e-28,1.674406314816769e-29,1.0
LPIN1,428116.4677573318,-1.4580298868696764,0.13422654881361717,-11.221594417570683,3.194581959674293e-29,6.152345488361148e-28,7.446062997595968e-29,1.0
ROR1,34396.95149472797,-0.2266210436496697,0.287861206814933,-0.8767821330265916,0.38060498546994925,0.5914198341196594,,0.0
NELL2,313765.17681716784,1.7115556943331076,0.2971139821928876,6.026316187476562,1.6773888008183866e-09,1.0908494574292194e-08,3.90972679368323e-09,1.0
CIBAR2,495.16312279598014,0.18979300592557138,0.7950716366865758,1.8420077130322885,0.06547402166676,0.15671037431564247,0.1526095420905602,0.0
ZNF702P,24783.26247890612,-0.5415687248428755,0.34982835739998475,-1.8127995202720433,0.06986274799329796,0.16546789505725082,0.16283896588344401,0.0
AGTPBP1,111231.29159595662,-0.13598760458923562,0.16041751402362386,-0.8986814774840903,0.368822345771719,0.5801936232746807,,0.0
ZDHHC18,263783.1144900302,-0.1722888272174604,0.18264310042520882,-0.9298666589687921,0.35244012756926235,0.5643567757032041,,0.0
NMUR2,221.0512632933282,-0.5652718924982338,0.7597610316204438,-1.3712762790223552,0.17028884737033834,0.3400705543888291,,0.0
USP30,140933.34360708093,-0.2535073225409829,0.2348604796834023,-1.1781435251161165,0.2387393925996215,0.43255796959204945,,0.0
QSOX1,580350.2184209726,0.008266365993131733,0.7270545569986493,0.281932719554433,0.7779951001936636,0.8798507526014109,,0.0
PIGP,367113.2243197978,2.638405495724213,0.2040929506990094,13.042721459800866,6.991611162075485e-39,2.1933431746183975e-37,1.629633480207127e-38,1.0
DDX46,420449.24980781844,0.026638258066001043,0.13731572148430532,0.13827111308642334,0.8900261546068398,0.942406160120435,,0.0
HOXD1,9591.971059633,0.0204961516112484,0.3383653002444783,0.06253417848280235,0.9501374446975244,0.9749610315061206,,0.0
LEO1,150009.17483672345,-0.026601646254991958,0.10213499501838247,-0.29157661500524956,0.7706103573745062,0.8766301973981125,,0.0
RNF17,731.9262037134142,-0.070955421109818,0.19997321832295079,-0.37712284707203986,0.7060823130874638,0.8383571953535515,,0.0
HAGLROS,6837.607067588399,0.20070683793277802,0.4628644397314336,0.5678971872913693,0.57010478195529,0.7470204752094757,,0.0
SHISA5,905342.2003555779,0.14363838114196045,0.13597510960870463,0.8104718870968526,0.4176690162299661,0.6237932013872617,,0.0
RHOF,106393.89897398403,-0.3142733035571597,0.3700999569146559,-1.0007920715607068,0.31692734341102147,0.5255430814275848,,0.0
MIR2052HG,1005.3491244516787,-0.47562986593542833,0.6760040082756809,-1.191324303648023,0.2335262964936704,0.42527534388843663,,0.0
C21orf91,82772.81544015754,-0.7173599738895977,0.1431910594840633,-5.13137291253336,2.876364029995577e-07,1.5611864833098954e-06,6.70434756150371e-07,1.0
NPAP1,267.48735749747294,0.2517394021157778,0.3848728931693198,0.7931999782905114,0.42766132017262215,0.6313035409946846,,0.0
RPGRIP1,4570.996011765188,-0.1435690562711414,0.39558297841303786,-0.4526218171304889,0.650821085974824,0.801158829428041,,0.0
RGL2,518390.6112224179,-1.213331252884107,0.14141162950960848,-8.825687750544047,1.0878916842196596e-18,1.2360828521384195e-17,2.5357026733119915e-18,1.0
SLAMF1,12648.52960673605,-0.42738946026201036,0.09720570274420405,-4.451740107757631,8.517721899048904e-06,3.9595896395578685e-05,1.9853456463764456e-05,1.0
VTI1A,132814.7548977048,0.3364429143089898,0.1686059320468131,2.0533983295923255,0.04003396118477118,0.10298576502817876,,0.0
ARHGEF10,274647.0108188054,0.23496216305321355,0.22607888376125082,1.0486095998954539,0.2943578357092098,0.5012826509107335,,0.0
KCNB1,89703.28582393403,-0.6501457782260329,0.4367262650716271,-1.860377709030671,0.06283210615883106,0.15155055392661962,0.14645165678516323,0.0
NIT1,230754.78665538138,-0.18491378980139295,0.22405179904609773,-0.9512819204251892,0.3414612822721661,0.553349212467045,0.7958919981184881,0.0
CYP51A1,526083.1942245219,1.513363934327369,0.7871736712148167,2.6831240113075197,0.0072937938479868195,0.022429989959160453,0.01700067463259732,1.0
IGKV1OR2-118,391.54526134447366,-0.9711167266810529,0.57565135848617,-2.247634640455952,0.024599496813311316,0.06701381218175688,0.05733751874055927,0.0
SUPT16H,783019.5733116592,0.262170610357097,0.28653222483476176,0.9614906227170773,0.33630553818928877,0.5471272095525677,,0.0
JAKMIP2,4763.587804504434,-0.0870375126682376,0.345537294391363,-0.30320015464742023,0.7617373311669654,0.8724559834353212,,0.0
NEB,38776.99167162213,0.12155126042477069,0.15938923917758743,0.7748245932426364,0.43844331496414,0.6407721227779463,,0.0
ERAP1,455125.0887147325,0.20152452281852926,0.1717847469550239,1.0695957717361604,0.28480129923554265,0.49005911560536114,,0.0
ZCCHC4,55613.717351635474,-0.8892144095824861,0.9235413125980374,-1.8841895489971077,0.05953934069895197,0.14472818294657525,,0.0
ZNF25,98107.68984103028,-0.6693359255056559,0.33442827887002585,-2.3191293567748925,0.020388023419705446,0.056591797895097815,0.047521243372659235,1.0
ZKSCAN2-DT,7427.4410526827005,-3.1025178840117906,1.1062106493554484,-2.9576021519731874,0.0031004200032029253,0.010201118058031788,0.007226586437372052,1.0
RNF182,7029.595786547885,-1.4998072477525493,0.2549165329267404,-6.136711537476901,8.42471593089577e-10,5.6179790191588366e-09,1.963667432864865e-09,1.0
ZC3HAV1L,16687.4622853005,-1.490842246306151,0.14137191936029767,-10.692931375561137,1.0984333935495024e-26,1.8263285890083058e-25,2.5602737229088406e-26,1.0
RPS8P3,180.12344329806623,1.9856730296690184,1.0963306997858253,2.782236209540817,0.005398573231647288,0.017043090683200427,0.012583216485727418,1.0
RAD51AP2,2003.9015360427627,1.8269506499998833,0.39407849555887264,4.998251895166467,5.785238066733084e-07,2.9903385986388213e-06,1.34844707835816e-06,1.0
CAMK2N1,301209.37941036554,0.19401521769762176,0.17049601572164766,1.271920440074836,0.20340138860750367,0.3875348076295754,,0.0
HMCN1,173434.67796249557,-0.15304048693514644,0.1470250564370903,-1.1331819026490668,0.25713787240778685,0.4554700666086792,0.5993475269018882,0.0
DDA1,391369.7012148552,1.3091611432957373,0.46223105865694586,3.241861354251581,0.0011875177936811942,0.004192030258231986,0.0027679153060195315,1.0
CNN3,1044554.5218350015,-0.17412918881280562,0.4812697738911899,-0.30564570769899024,0.7598744150682061,0.871322662611543,,0.0
LINC01901,167.86215003703214,-0.1968284719084262,0.22626373672567754,-0.9328994956569239,0.35087186280807203,0.5627488269088949,,0.0
RN7SL574P,531.7349371682417,0.2295957202499528,0.3151905371836571,0.8297986260504996,0.4066526477794552,0.6128461648426514,,0.0
PPP3R2,268.84011733473216,-0.04310694088637991,0.6681590263810306,-0.12677335563565628,0.8991197846814079,0.9468072738472313,,0.0
CHST11,146234.93600121158,0.15414817567186742,0.14429482102302382,1.019267298904751,0.3080760842792314,0.5163125368911856,,0.0
MYH10,467388.15553361614,0.5773220594015984,0.489761427392745,1.4748167729807546,0.14026181055622294,0.2934007408414992,,0.0
ZIC4-AS1,179.76782589635408,-0.2728988372612032,0.7209692411895271,0.1952456832239771,0.8452006171336903,0.9193638584442256,,0.0
ZNF469,105076.32210753598,0.06979454829837427,0.13654024589308833,0.4613302531069163,0.644561683011251,0.7967964497794598,,0.0
ZNF57,33121.38511639,0.18360898742423476,0.19623096591139308,0.9642235605942416,0.33493385456079106,0.5457857126916777,,0.0
IPO8,1427115.158747622,2.343498765898054,0.57147068380966,4.56341831851213,5.032739550025342e-06,2.3839795703253947e-05,1.1730516296974957e-05,1.0
TREML2,1294.7523525993033,-0.6391950365154957,0.29992590804626373,-2.3668103652772037,0.017942123476904867,0.05050525502415434,0.041820239206916576,1.0
KCNJ9,881.5645765688674,0.3606727287058548,0.26522745340803994,1.4902376038305338,0.13616177218663827,0.2868137329674627,0.3173714577882952,0.0
RNF7P1,1949.404984790269,-0.15365303568344887,0.5228674908612855,-0.4288274002818359,0.6680488370062148,0.8115508034551873,,0.0
MDH1B,12724.426837567973,0.29811772910453366,0.17504852175374302,1.7462484149169373,0.08076779529056237,0.1869465257119838,,0.0
NGF-AS1,2890.911855754782,-0.07308246411949983,0.45282989898246423,-0.2158380599352952,0.8291139799365973,0.9107064407955929,,0.0
EMC7,263747.05412072985,0.1494241974884789,0.35806128701626644,0.444924837480716,0.6563740726628841,0.8044210993716132,,0.0
KLF1,1447.7370927239422,2.1253514418220925,0.21953958013888283,9.881839346868823,4.9908284798333954e-23,7.052196163571948e-22,1.163282825112569e-22,1.0
APOA2,2157.5599160329666,-0.6844579515583274,0.14956338147071802,-4.6932304683043204,2.689242330799452e-06,1.2998004598864017e-05,6.268196610293303e-06,1.0
MEF2D,508741.00518811616,-0.051773644464545854,0.4322613316057557,-0.18042260964253776,0.8568208056472462,0.9256708205693013,,0.0
SSR3,715942.4213290398,-0.7578812532062343,0.19962423762766107,-4.113409201997499,3.898584231361459e-05,0.0001674947299399738,9.086980442070541e-05,1.0
C1QTNF7,39939.82511106237,0.2524267102570963,0.31668813137063284,0.8967689056471201,0.36984224334695137,0.5808614643918552,,0.0
GSR,286777.4898869898,-0.10712178913569176,0.2542282951098761,-0.43528903790455703,0.6633526407788939,0.8086028768829724,,0.0
CENPS-CORT,46518.51370792405,0.22682995949716303,0.11614206749917227,1.969504500854566,0.048895186240327536,0.12261899897775452,,0.0
OR2S1P,5769.911202621527,0.052369468516329766,0.707151306519459,0.13701880829700974,0.8910159284538836,0.942406160120435,,0.0
APH1B,132587.62480928455,-0.15376515587585446,0.2512634445857925,-0.6852688621038137,0.4931742768792585,0.6872131579016926,,0.0
RYR2,24806.718485660058,-0.20619861252357374,0.2784774427410357,-0.8357406136725072,0.4033008418953261,0.6101500149753979,0.9400301866233115,0.0
KLRF1,10863.102312217166,2.147090149468209,0.10625205677123045,20.319152870250043,8.706579465682075e-92,1.974019017037372e-89,2.0293653446178594e-91,1.0
CISH,279587.0493796407,-0.1363826498547449,0.23600889023293484,-0.6824173926987473,0.4949750610090248,0.6879174155232699,,0.0
SUGT1,276855.1341733442,0.18513403398286507,0.18446788187069837,1.0194617448403773,0.3079838058149079,0.5163125368911856,,0.0
SGPP2,29481.620633189817,-0.06084595100725165,0.19851519579512486,-0.33863459607862995,0.7348850169560553,0.8562500501230563,,0.0
TM9SF1,541557.6299538035,0.07568981620406147,0.5261822114342107,0.1633043123592573,0.8702788387115965,0.9325350907612124,,0.0
GRIP2,24721.42181590174,-1.8520617197930216,0.15605318451532094,-12.022026341947887,2.7221290233180598e-33,6.655872337407099e-32,6.344850265565646e-33,1.0
LEAP2,8239.639284417659,-0.19297725218397246,0.4409867258964974,-0.5731501825271725,0.5665430117521522,0.7444458752949775,,0.0
CHCHD3,346234.1940675898,-1.6207384155042466,0.25202087562074976,-6.69226605699412,2.1974087348692297e-11,1.650704031555379e-10,5.1218106399662237e-11,1.0
CHGB,71667.78352891405,-1.0940712832550434,0.1668542250043651,-6.795707613140527,1.0778217653051493e-11,8.258333280095369e-11,2.5122312922159274e-11,1.0
GAPDHS,7581.115209491162,-3.403315188246761,0.3338133552305926,-10.406629222181975,2.3126575368582335e-25,3.593624857896844e-24,5.390437286845266e-25,1.0
UNC79,3616.9730929608936,-0.04372712268287614,0.17605471209944157,-0.2589866524392565,0.7956455390469641,0.8902377632943601,,0.0
CCAR1,514221.93302474765,-0.03575623800257803,0.2483265431063947,-0.1945405856561857,0.8457526199497205,0.9196891363220417,,0.0
TXNDC17,173597.31319069225,-0.09123961359227363,0.26805369318477645,-0.4240560480700492,0.6715249382952038,0.8139894027257537,,0.0
TOMM7,740942.5098384101,0.1821430863179275,0.411644531972182,0.5828270310764322,0.5600097460913354,0.7397586370507364,,0.0
H1-0,1815006.064170347,0.15472626227512787,0.17792713991379036,0.7943679460854893,0.42698125901811046,0.6307959095197437,,0.0
LINC02587,33921.469895855815,2.79318222269106,0.24943717427580395,11.36139188814308,6.509907406548703e-30,1.2885483390422594e-28,1.5173559880310714e-29,1.0
PSEN1,287529.25445553695,0.1977837101673616,0.6284479450653959,-0.564127474769962,0.5726673810370798,0.7491385274173424,,0.0
PHACTR2P1,723.4104246803101,-0.17431511019412615,0.669326465950544,-0.48409635598726575,0.628317487310764,0.7880431548167188,,0.0
ARHGAP15,50928.1552767545,0.36693965532392947,0.5100995463189221,0.9843418043650796,0.32494748147818986,0.5351066482711162,,0.0
WRAP53,59425.72626372373,-0.689177412537216,0.6493400841899714,-1.6335950373229524,0.10234391055476932,0.2293312784578569,,0.0
SEC31B,164486.5332682874,0.05448654630017388,0.18962547155962192,0.2682615644053055,0.7884979893819463,0.8868157770095034,,0.0
CCT8,1667065.0479984959,1.4396234778111612,0.2006179212107015,7.4278841721841085,1.1034851946060387e-13,9.690465054040354e-13,2.5720486685490285e-13,1.0
CD164,2848395.307286974,1.1576629751484357,0.3817041941009192,3.076902682511887,0.0020916357582891434,0.007058916889273509,0.0048752706366103965,1.0
RPL13AP25,747565.6072055565,-0.08182729062230644,0.2253742348346905,-0.29522579813909944,0.7678213957475017,0.8760048311959147,,0.0
NPR3,90709.35966616399,-0.9292336693703597,0.07366409121496337,-12.683143934576522,7.333042199438434e-37,2.1516008523999356e-35,1.7092156304111638e-36,1.0
RPS29,1074169.263603891,-0.30577151407821423,0.7317346300793721,-0.7854141859977507,0.4322107660120259,0.6350124597549294,,0.0
RPS2P46,2604919.7333478555,0.2475948530018736,0.5308387045018561,0.7595406471955519,0.44752920855496325,0.6481192654872583,,0.0
SIX3,48695.62158509701,2.595542914396112,0.1975654123757867,13.246319604416561,4.738785840073435e-40,1.6079635217881831e-38,1.1045356902002939e-39,1.0
RNU4-22P,173.7298188759649,0.049363851144371605,0.10396815817546419,0.4809613761416037,0.6305439498599545,0.7888520747181974,,0.0
GAD1,8756.543715023969,-0.8021253579075233,0.3549649014032673,-2.58758450052462,0.009665148644299454,0.029112174781259468,0.02252792590549798,1.0
HOXC11,49938.363275939846,-1.0360273681318906,0.8043250580754661,-2.1001398452258075,0.03571654114003716,0.09317683431302581,,0.0
GNL2,451571.46228171623,-0.12315118993651228,0.49028989865433836,-0.28183281715634206,0.7780717060394593,0.8798507526014109,,0.0
TBC1D8-AS1,4207.604676608251,0.17292674071944436,0.32561873946903663,0.601868620667124,0.5472615933247698,0.7302677441155568,,0.0
PRR16,45620.356602722226,0.09595015241406907,0.33116400633316323,0.3058871660289304,0.7596905579361911,0.8713121414085355,,0.0
ZNF454,6575.863943658065,-0.6551607343802252,0.19982919940987012,-3.4431392959075864,0.000575003064917448,0.0021449340579521104,0.0013402407886954348,1.0
GPN2,133898.66102466919,0.2401274874113091,0.22914668150876152,1.0609011535043344,0.2887348250144809,0.4940683729578836,,0.0
KRT18P2,124.67669367177021,-1.3422361867805819,0.33353443882507605,-4.358233480857881,1.3111646568557399e-05,5.9239939387648825e-05,3.0561164992506685e-05,1.0
UOX,427.8039337078515,0.10029814449360522,0.654648598795212,0.2660220816491585,0.790222202879843,0.8877541324244723,,0.0
BLOC1S5-TXNDC5,1178242.309151147,-0.6559356776487835,0.16182715384393961,-4.395135821256096,1.1070351381493401e-05,5.084614428258663e-05,2.580323022938742e-05,1.0
SOS2,331552.7051349672,0.457957132351878,0.2148438314756611,2.287254098800084,0.02218099599199433,0.061025266413716334,,0.0
YWHAZP5,27740.011999053437,-0.46362817858929667,0.7218033062848819,-1.188297467839057,0.23471623498819139,0.42728634310989,,0.0
SDCBPP1,339.31267018343624,0.4293729563242895,0.21095187023240267,2.1532114061854983,0.03130206765744905,0.0828740517385116,,0.0
HES2,8334.861220316383,-0.07480286044321696,0.7112366887715207,0.1604531643115873,0.8725241130006227,0.9343388311822898,,0.0
RANP6,6480.482545709534,-0.25913154868922456,0.29335626667512765,-0.99318505773429,0.32061977876335035,0.5295534624078118,,0.0
NTRK1,5481.820257319452,-0.43452663215625964,0.17437908335448202,-2.5999498940322794,0.009323737311740648,0.02820303317826704,0.0217321503322254,1.0
RAN,1066783.8081633828,-0.07840104697849873,0.37125775789444404,-0.010057847999183614,0.9919751336664336,0.9963069928401126,,0.0
SAMD14,65753.68590647522,-3.547650580823782,0.5456860399680781,-6.846891713804087,7.547180086414773e-12,5.836485933494091e-11,1.759127769674621e-11,1.0
H3P14,5762.128378071791,-0.6140449179257922,0.3829191206973986,-1.9053676714721326,0.05673229451523402,0.1395368269437807,,0.0
CCNYL4,179.0969879456552,-1.1740250339121474,0.2962817065201546,-4.257895500847297,2.0636036479002663e-05,9.133322977574559e-05,4.809932240993705e-05,1.0
ZMYM2,592449.6611560665,-0.22442426375926622,0.173843374974271,-1.3205304724084486,0.18665796900023646,0.36497449995028597,,0.0
ZNF738,86965.40979501886,1.2910195790377887,0.45847589688941537,3.2334309374697257,0.001223129055628169,0.0043055523849494055,0.002850919499753882,1.0
CPB2,1502.5282137634815,0.1291318756411289,0.19263890734842423,0.703581102116596,0.48169368353810016,0.677195065808355,,0.0
FANCE,45978.785572712404,-0.5264925330898053,0.12722210296126488,-4.233305394839876,2.302814548300479e-05,0.00010156002623273908,5.367494844356444e-05,1.0
LINC01875,136.8518909059184,-1.2344651871961998,0.17280486705009707,-7.316360197829036,2.547871965655823e-13,2.1687347038722264e-12,5.938684749855722e-13,1.0
CMTM4,163769.52851596,-0.0372885101513419,0.6793761322953108,-0.017897017357912492,0.9857210084376236,0.9939238293926294,,0.0
MIR497HG,226607.57187661194,0.21006267534657902,0.26375068290590503,0.8472218556179373,0.39687147367538733,0.6055658949809826,,0.0
ADGRL4,578084.6189579205,0.008010839360335545,0.3670745566982946,-0.024037520744948457,0.9808226801189958,0.9913563380817733,,0.0
FOCAD-AS1,443.5620321110482,1.3568891805723655,0.5925774718021284,2.8690159620331865,0.004117510187103046,0.013253762348930383,0.009597262062275697,1.0
PALMD,654067.1808466992,-0.05442184341683979,0.27809489589417874,-0.2591923238397265,0.795486853473949,0.8902377632943601,,0.0
SNED1-AS1,1799.7105937320491,0.024418533763687814,0.15387717562052725,0.16059820442765788,0.872409869200143,0.9343388311822898,,0.0
PUS3,51594.643384447205,0.08349157633884458,0.1951796585594206,0.4789661116448281,0.6319627372318926,0.7890482788587254,,0.0
PRDM16,27335.59282145535,0.31175547342065724,0.3011197372604153,1.1689232101662403,0.24243457123109047,0.43671046193660684,,0.0
STK38,287903.2729414124,-1.9057301247355976,0.5839200191495478,-3.936418358398148,8.270673935560252e-05,0.0003432123260447133,0.00019277626911483426,1.0
OGFOD1,244394.76663259306,-0.041188029231025665,0.1673887880156565,-0.30119846329186467,0.7632631615654185,0.8728240870832685,,0.0
EIF3FP3,1369920.5923830592,3.1633069473904505,0.5306535256206306,5.857330608698724,4.703661742809303e-09,2.969235559785586e-08,1.09634882117443e-08,1.0
GH1,2642.900723807843,-0.5331371404692252,0.3553871592502207,-1.755739726632016,0.07913286019290958,0.18347744651853898,0.18444612459917428,0.0
AP2B1,1668334.1440792575,0.10809531258674947,0.1524128272451432,0.8045134124008677,0.42110052647090157,0.6268127203929743,,0.0
CYGB,262632.1946678509,-0.6230603365821645,0.47965999481138877,-1.6964079776895222,0.08980864394719087,0.2043638302958887,,0.0
ACTG2,417710.23127666046,-1.1954821947362715,1.037299906637119,-2.2803722346892017,0.022585620912908475,0.061865500886099656,,0.0
DSCR9,3401.1651955320804,0.7960397529845498,0.6322473467465414,1.8319965071920141,0.06695194099139119,0.15940633969692566,,0.0
PTGES3P4,1719.5792885318474,0.21144853954835702,0.1571520426555468,1.3882073853589667,0.16507390404411193,0.33241365901171993,,0.0
LMNA,2418210.6466586865,-0.42983459082460784,0.1546600882990442,-3.044138651855406,0.0023334756784334225,0.007822161750017414,0.005438961067301828,1.0
TMEM141,239393.56600236899,0.3399286578056156,0.2533630724001544,1.4392933003079766,0.1500674402481686,0.30905713953669073,,0.0
LUZP2,21460.47341097818,2.7508977968470734,0.1495143077219767,18.497271950828324,2.1719296141060372e-76,2.5794249798002173e-74,5.062422857551829e-76,1.0
ITGA9-AS1,27434.922674942238,-0.18495603160606275,0.12733178512090232,-1.4643601959472607,0.14309555775823396,0.297896762144437,,0.0
OPCML,5875.204326785529,0.14234864141199816,0.24780676302550428,0.6070682458532807,0.5438056224189349,0.7277991081934609,,0.0
SNORD63B,1215.9081899652597,-0.059174269801147775,0.2939114921278968,-0.23055111214783233,0.8176635512315307,0.9044977835127016,,0.0
PAOX,36501.851159629776,-0.02135992051368513,0.2157228670044596,-0.12234183408658632,0.9026283020090321,0.9488452932468512,,0.0
ODAPH,348.80538933450447,-0.5215337259852516,0.7203014663240782,-1.2844437637076171,0.19898672851346144,0.38233659546423177,,0.0
KRT33A,525.9392593531733,-0.9016908427544518,0.6240235189724391,-2.0426054603999533,0.04109151014209419,0.10510997568654656,,0.0
CNGA3,1477.8085914680644,0.09606505048964424,0.2725386275212589,0.389096611591005,0.6972046799376803,0.831577461389084,,0.0
WBP2NL,10746.45994285096,0.1534663056565759,0.22810097435133486,0.7197089686694214,0.47170420305502525,0.6695590587158399,,0.0
CHD2,2993441.126213512,2.845946648503278,0.14751205198552086,19.418233683527063,5.41195055538404e-84,8.998269790085198e-82,1.2614396901988596e-83,1.0
STON2,68801.99867568248,0.14826102785646117,0.11785496824639836,1.1946285846799682,0.2322321759444893,0.42415748576020235,,0.0
THUMPD3-AS1,157206.6454436626,0.8465893751524576,0.8142429557970904,0.8311532953992297,0.4058870352975652,0.6125762578106673,0.9460581925533903,0.0
MARCHF6,1456422.448347655,0.7406993468705617,0.14547437281662767,5.0581732490190205,4.232917869472067e-07,2.2509375621457003e-06,9.866259034077884e-07,1.0
MGAT5,327171.25611870544,-0.12012558285440791,0.2686612029473968,-0.5184503001344377,0.6041441275817172,0.7714979284120853,,0.0
UBA52P8,893.8036529564451,0.11644721499972997,0.24546954221470232,0.5127167094848868,0.6081494995067416,0.7731798415634382,,0.0
HNRNPA1P36,826.3483837763426,0.046324773875656415,0.33976443450493726,0.1574295260481286,0.874906345158794,0.9354385885646476,,0.0
VN1R5,236.7579306344573,0.33188125041806393,0.3270738566309232,1.1647530559335026,0.24411896600781136,0.438640274656687,0.5690025245079267,0.0
LINC00158,222.38654395717157,-1.5579265771980906,0.20102132797254735,-7.9476052206965475,1.90151481710468e-15,1.87816948667686e-14,4.4321289288402545e-15,1.0
RELL1,45962.21383129185,0.12753269932309483,0.7473483279655417,0.34159325946454705,0.732657010565354,0.8558187531433873,,0.0
TGFB3-AS1,16288.665020005152,0.5595756070661305,0.40032284463780377,1.6779859061117,0.09334985044144029,0.21136134997816802,,0.0
RABGGTA,152865.5322636293,-0.22422967063991217,0.6200302675330113,-0.6078688764988188,0.5432744432787644,0.7277991081934609,,0.0
HPF1,90146.90812204941,0.11068843272623427,0.10678533123658125,0.9275630345883374,0.353634280015657,0.5657908595520857,,0.0
DUTP1,211.18360117942183,-1.2688058291740045,0.21944873108955865,-6.003810826929004,1.927392530682983e-09,1.2453152775967253e-08,4.492445767778841e-09,1.0
CTNNBIP1,265411.44950389117,-0.019338933663451928,0.22753121663564885,-0.18176771205040396,0.8557650244168546,0.9255325112296771,,0.0
MAST4-AS1,1621.7194650749523,0.05712784991122772,0.3668733721901433,0.18400103161450496,0.8540126456292151,0.9244390356767631,,0.0
SELENOP,805735.254048883,-0.1591045745135299,0.7622475413319446,-0.030234700886264846,0.9758798738688421,0.9901018146770034,1.0,0.0
PEG13,7019.583403306218,-0.3482123179372012,0.4426587383640387,-1.0124065261141082,0.31134371927594295,0.5195785901114609,0.7256927438076651,0.0
ADGRG6,58317.6092219566,-1.5077753300610788,0.2873251724220331,-5.591021711630326,2.2573734926139136e-08,1.3340970356822513e-07,5.261578963158038e-08,1.0
ZNF416,72828.96991550786,1.9343929051350917,0.6872581832027512,3.397188123246853,0.0006808214501126837,0.002500690274787972,0.0015868866323187226,1.0
RIPPLY2,856.8853496392258,0.5915785046261459,0.5045647356081826,1.5573135025211204,0.11939607116028672,0.25969991811523885,,0.0
RNU6-485P,287.7606783884274,0.21013869168865437,0.43788321339185443,0.6159730749713462,0.537912290391352,0.7235993809255835,,0.0
DIAPH1-AS1,239.10360457933834,-0.05503344209118172,0.7416268364627472,-0.16991830676651343,0.8650743837615249,0.9291539677438602,,0.0
RNF103-CHMP3,236043.5831707824,-1.0349031708488723,0.24588346681511297,-4.537321035163872,5.6973343009931105e-06,2.693678056242051e-05,1.3279581071660577e-05,1.0
NAA20,443391.23212275875,0.4236610809809684,0.18602074304476407,2.4232504001041844,0.015382319821929336,0.04402008678817185,,0.0
UQCC2,850512.3072128672,1.9127878947204489,0.3359031828742258,6.016445828620075,1.7828812299501943e-09,1.1549365681807233e-08,4.155612885510079e-09,1.0
LACRT,22339.747414509773,2.418423459535303,0.45514941309081064,5.669098964676734,1.4355043594505568e-08,8.626862343300455e-08,3.3459325910931667e-08,1.0
AKR1B1P2,470.3333809997322,0.07768641896014561,0.20306636347831544,0.402070381605024,0.6876322296785335,0.8257476806610371,,0.0
PWRN1,641.9193001683414,0.040602582312615466,0.19569171720546163,0.21695068584655722,0.8282467765618873,0.9101773345430036,,0.0
PRELP,1203783.5609300663,0.011896525992494075,0.22171777451875016,-0.015225809790844003,0.9878520308117119,0.9946317984838149,1.0,0.0
PCDH17,51962.73868874937,-0.8349223212547066,0.6288015678770079,-1.9213916473168111,0.054682350780002525,0.135295419489411,,0.0
NAMA,2268.040607467907,-0.1294201725193311,0.18025048231003604,-0.7570829844494776,0.4490001474933514,0.6486468170652651,,0.0
ACTA1,50024.333165564385,-0.059575733533000406,0.34157959166202245,-0.20246894872007665,0.8395501310231623,0.915739351310635,,0.0
CXXC4-AS1,785.2387562232884,0.007339688322703245,0.5027107324967222,0.015616015368692057,0.9875407288242969,0.9945823596244646,,0.0
CCKAR,718.3814017925808,0.11008737454595705,0.11055669958329625,1.015035865201839,0.3100887314887453,0.5183386704644307,,0.0
C11orf24,340576.1888407533,0.9188717337884149,0.322438933132701,3.147442012926439,0.0016470577123307254,0.005638657425604432,0.0038390298453764757,1.0
FOXK1,202092.6814844595,-1.2947150102001976,0.15195180343755973,-8.770344553975091,1.781203807709488e-18,1.9920727786670238e-17,4.15170308077333e-18,1.0
KSR1,615470.0167528917,2.4617985650819403,0.262496909326882,9.563173478185709,1.142001004664524e-21,1.5069579394885306e-20,2.661822902461049e-21,1.0
SNCG,267951.41631527286,0.43797696098048583,0.31064205662216315,1.5358951998055532,0.12456408563489758,0.26804385640503414,,0.0
RPF2,486197.360194499,2.0759063238406372,0.15115294116852937,13.763599349822307,4.2198342184879566e-43,1.6974623453078973e-41,9.835763122344827e-43,1.0
KLF7,296936.02892928076,-0.9187292711544945,0.678101382087387,-2.0387140329455162,0.041478576392183775,0.1058287156236382,,0.0
SYNGAP1-AS1,6211.092787922016,-1.0962437577141604,0.23100337344751037,-4.9801691936826495,6.352870804546137e-07,3.263452067258098e-06,1.4807532510783239e-06,1.0
APOL5,539.8716893075782,-0.1516874057956242,0.18798675925920358,-0.849630995106187,0.3955302739848171,0.6042588075455644,,0.0
RHOG,281163.32376860344,0.20891127205693474,0.13579955607978503,1.4543809883118963,0.1458407078849496,0.3028532268651659,,0.0
ERVH48-1,1867.85495438664,1.4684537564881037,0.5215560141357571,3.3198153661714453,0.000900770007147545,0.0032440727766440106,0.0020995517736691377,1.0
CBLC,226683.02685821225,2.4037813991819035,0.357949341180776,6.988452866292408,2.779340145406275e-12,2.1901024716092418e-11,6.478200301535747e-12,1.0
PI4K2A,184302.31359719904,-0.25649262827199715,0.26270664134342303,-1.1168269479372777,0.26406832431421723,0.4634668549188302,,0.0
KRBOX1,15341.426448358328,-0.2933019165234915,0.6538183180906882,-0.7778587965617064,0.436652261142938,0.6390908094427743,,0.0
ZNF292,329611.7187278981,0.049684085822419594,0.14595678705400425,0.29672090039569415,0.7666795990705315,0.8751024805866845,,0.0
OLMALINC,57639.13146946734,0.20891576770397524,0.10474767471156918,1.9996701171078886,0.045535897041547174,0.11494587775467476,,0.0
TGFBR3,1086579.8065165353,0.021641977083644022,0.6620553185529392,0.7063075941241034,0.47999687182290074,0.6758208868439722,,0.0
NGDN,174110.24349398343,-0.1767379644074392,0.15643353729812745,-1.2860335128198206,0.19843136602714417,0.3817106262026206,0.46251198773055846,0.0
GNAT1,301.2256098013557,-0.049554398823601624,0.23109493664780323,-0.23035005468023936,0.8178197681720698,0.9044977835127016,,0.0
SLC2A13,80741.76251661862,-0.3783201196079594,0.7521771001322503,-1.032189718725921,0.3019832504618749,0.5100888768384124,,0.0
PTPRE,178716.9892938919,-0.538003044796941,0.4832505459251633,-1.4733879753261758,0.1406464507789562,0.29390217699431653,,0.0
MON1B,332677.77889990853,0.1650378043204204,0.31438768850944643,0.5263636979219491,0.5986355333548579,0.7676077224611906,,0.0
GRM1,666.7403528463919,-2.1100634776311757,0.18818585252216688,-11.381047292881698,5.1971819390531605e-30,1.0369417404798867e-28,1.2113805379437927e-29,1.0
STK32B,58445.1038388705,-0.4543115621008332,0.3709621635835843,-1.4547750992353836,0.14573153394242883,0.30275255781125987,,0.0
ZNF43,94055.745328669,-0.5269397731591015,0.2332885769011004,-2.4156634481829484,0.0157065713653181,0.04479754593272704,0.03660952241598443,1.0
KRT17,2633992.3989657806,-0.08505230694426037,0.13429997379139624,-0.7564997166939017,0.4493496422013995,0.6486468170652651,,0.0
TRAP1,574934.0412260937,0.31514607339408374,0.5634863898059776,0.7559719008594494,0.44966604300244006,0.6488094366491672,,0.0
PSMC1,83981.89653572856,-0.6719535647161426,0.5361985523974588,-1.72488807706339,0.08454764467213004,0.19407439099152538,,0.0
LINC01050,833.974889597726,-0.13671936364605075,0.20937662436930612,-0.6992584066648747,0.48439055550535404,0.6783099637452852,,0.0
MIR4707,3663.253903918338,-1.7419539466337453,0.17303951363457884,-10.232622936555355,1.4163049293263279e-24,2.1407663598423405e-23,3.301181769850338e-24,1.0
EPHA1-AS1,4160.002572603608,1.3077426200079798,0.4377837764802666,3.4144457790316793,0.0006391191301378059,0.0023649304311033946,0.0014896851500595214,1.0
AVP,463.84625351179676,-0.1575777077907935,0.48112142299230753,-0.44993769380938137,0.6527553673289239,0.8018230036935869,,0.0
ITIH3,22764.437279193284,0.20708715062061736,0.2861472569364575,0.7959425949725798,0.42606540200358045,0.629879734793675,,0.0
CYP27A1,284365.86599003815,-0.2659408273664688,0.1639642994912775,-1.7264370423735564,0.08426881651849547,0.19370177732454166,,0.0
KDM4A,216583.56821687816,-1.2138628830974034,0.17564209801627212,-7.176732408768296,7.139723465677976e-13,5.915770871561752e-12,1.6641561049907357e-12,1.0
JARID2-AS1,350.1197489804857,-1.89621710692974,0.3033187139185359,-6.534647065845693,6.375971566414784e-11,4.5826147223741996e-10,1.4861376716484552e-10,1.0
DYRK2,1205061.0301910094,2.5186209773072346,0.46415344340867926,5.782898727386853,7.34242694766814e-09,4.5159094469751765e-08,1.711403066120032e-08,1.0
TRIM38,159437.30596322817,-0.9222082917706231,0.24053665892746406,-4.143599404816352,3.418967694235225e-05,0.0001479081600940616,7.969070494787525e-05,1.0
OR7E29P,238.9251945440782,-1.936773708740865,0.1619601383552483,-12.105202554585787,9.912439306933736e-34,2.4971337001507815e-32,2.310432115092779e-33,1.0
IGBP1P4,332.79731441126165,0.21716502833749976,0.19136258173969584,1.1914184087618511,0.2334893696712056,0.42527534388843663,,0.0
OBSL1,708246.5159126173,0.4212500701169425,0.2186219880098437,2.1228682689508402,0.03376489209251222,0.08854851827415929,,0.0
CAMSAP2,426605.73943638115,0.24222560424878756,0.17033434846222115,1.3149860684881918,0.18851458463186044,0.3676448803708546,0.43939754586155133,0.0
PNMA8A,321856.57210397156,2.722250093357377,0.19325900852749928,14.26309552872639,3.715985291608772e-46,1.716234688383755e-44,8.66137132455353e-46,1.0
LAMP5,51869.80520595185,0.7652066520491282,0.0984051344986788,7.83691150842004,4.6176322839260405e-15,4.3871904442329694e-14,1.0762967211319201e-14,1.0
HOXA-AS3,43042.014157826954,-0.7833036317936047,0.16473826909483413,-4.916701171404304,8.801474669549478e-07,4.452510715183853e-06,2.0514839089585417e-06,1.0
SLC30A7,241430.1944317922,0.1208340899631185,0.11686840675893696,0.931315137136982,0.3516905740879719,0.5635183371509167,,0.0
LOXL3,93278.50746464737,-0.5881253510358452,0.3765331285253805,-1.8675123441735333,0.061830074620569116,0.14947008175627277,0.14411608047074706,0.0
DPCD,94217.55973503439,0.5166421207911509,0.33833118437121384,1.8008679762580755,0.07172369152479431,0.1689928074282825,,0.0
GSTO3P,649.9452714840738,-0.5819417297697422,0.10079913954175235,-5.846494541399947,5.020400356412121e-09,3.1459493690682986e-08,1.170175559709517e-08,1.0
GULP1,150161.73337582411,0.6386628164806823,0.9346558182582705,2.3328562180852654,0.019655692915705004,0.054812468778168505,0.04581429731940961,1.0
TRAM2-AS1,218269.09553384417,3.33562199299309,0.567997908614452,6.242006155629621,4.3199394708425554e-10,2.935675487815077e-09,1.0069092561010592e-09,1.0
LUC7L3,1232252.1741972875,-0.042094781937956544,0.4752741540762123,-0.153829312018445,0.8777443212628901,0.9364670513994009,,0.0
HIVEP3,156641.49002128802,-0.13880621548307295,0.21497094339018022,-0.7737551857151045,0.4390755784866964,0.6411326069940403,,0.0
ARL15,253198.87071895003,1.5946888615137857,0.14890694791679226,10.724521596304973,7.809011770389985e-27,1.3070923057283637e-25,1.8201565752666e-26,1.0
MKNK1,318738.87361176166,2.1936695780673716,0.8183653256051038,4.267850154054691,1.9736582547651843e-05,8.766346727309652e-05,4.6002838199853924e-05,1.0
PCBP1-AS1,2834413.9968234785,3.4896678624955717,0.9826377970965184,2.1702929523863723,0.029984660181986936,0.07976719199346712,0.0698894789662387,0.0
COMMD2,128388.29881255275,-0.3973103179251345,0.49887759298189355,-1.0937371881093043,0.27407025924581263,0.4768268061102593,,0.0
NDUFA10,621703.2447146408,-0.2719906509457833,0.0905321737743344,-3.1574259727015015,0.0015916864465685054,0.005467859501021835,0.0037099682221886474,1.0
FBLN1,2373635.1381914727,0.14444780385356742,0.11294356077148646,0.7435620068756467,0.45714149549477756,0.6555159430175438,,0.0
ARMC12,11188.158404853355,1.591777292689903,0.43025773307377363,4.1018068645585775,4.099363841822819e-05,0.00017551611024044822,9.554965814491692e-05,1.0
ARPC4-TTLL3,1251434.707603271,1.703442175326627,0.16733330553687134,10.400172527670732,2.474846946535254e-25,3.833707009104921e-24,5.768475032391517e-25,1.0
SRGAP3-AS4,112.04953104553792,-1.1216985898927534,0.28090883053428406,-4.271477572144042,1.9418205926609467e-05,8.632621315679858e-05,4.526075287940562e-05,1.0
GPR45,172.64461271642455,-0.0808403911586409,0.6262199574976562,-0.2263835883964941,0.8209030911886839,0.906575641887911,,0.0
SULT4A1,8462.614973076878,-0.006934204919469879,0.3784736555550874,-0.03045422085183733,0.9757048028979085,0.9901018146770034,,0.0
GTSE1-DT,2969.0990651628117,0.12219766069521473,0.10961256493767436,1.1344129941642622,0.25662135096463967,0.45503992129812393,,0.0
