,baseMean,log2FoldChange,lfcSE,stat,pvalue,padj,padj_stageR,DE_confirmed
TCP11,2891.35210719551,0.2177890365653003,0.7450494611884289,0.5574314297959955,0.5772326965134809,0.8007500239967564,,0.0
RNA5SP216,15657.400551333752,1.3736781998494378,0.524394131334872,3.103763553203251,0.0019107596772691754,0.011069992840234643,0.006385825347125162,1.0
EML5,85604.193494043,0.25674666810797575,0.21756984010484506,1.250541707702851,0.21110172949265282,0.45816690008096833,,0.0
TEX19,1241.7923413532687,5.514807082841087,1.8226016305313326,2.812566045811096,0.004914792919949426,0.025019853050180868,0.016425409002213846,1.0
PA2G4P5,34887.783366233736,0.8626223320151786,0.24006125841054182,3.7455729828501885,0.00017998251211402648,0.0013355611671581698,0.000601507819936636,1.0
FLOT2,481420.78103785927,-1.6446470349877327,0.278269965685596,-6.216217144469931,5.092831503971027e-10,1.2346408024675393e-08,1.7020420146805447e-09,1.0
LINC01436,4677.307944508715,-4.379891304465739,0.994966840701809,-4.9745542548208945,6.539794663323177e-07,8.732549344555065e-06,2.185622138820122e-06,1.0
CPNE6,105.18542057633071,0.17114914333864023,0.8753901654437916,0.4826584556840526,0.6293382658907409,0.8308716913657329,,0.0
RNF168,130905.7610780445,-1.2268948520735028,0.3382690388845474,-3.982637161089668,6.815476703544572e-05,0.0005607329597611465,0.0002277756036197995,1.0
HBG2,1394.0680171429572,0.19874914403615687,0.6478897393995288,0.5014455987238473,0.6160575552087841,0.8246023668487451,,0.0
RBBP4,759955.2086306564,-0.27949532853566034,0.2759160016321475,-1.1575248040939943,0.24705801134215577,0.5031842204905081,,0.0
ZFP14,96915.71824319915,1.0646523124290805,0.28746505270974115,3.9869864363720224,6.691784959781938e-05,0.0005523764312256363,0.00022364178249123973,1.0
RAB33B,76693.80816653042,0.4483308265353714,0.2590233826518604,1.8854748156277605,0.05936576147527471,0.19016844952374723,,0.0
SERPINB8,107754.5066556574,-0.16505121128467803,0.3138579508404969,-0.6153208710733824,0.5383428368683857,0.7750872460493959,,0.0
SETP17,368.29334793826825,-0.07535485576329956,0.6468986069758177,-0.20332392810745087,0.8388818541983448,0.9337414052222042,,0.0
ATP6V1E1P1,15288.195687837384,0.21244020986312806,0.25258532545920515,0.9028750031955568,0.36659223863270796,0.6310795035269712,,0.0
AMPD3,63066.90490092388,0.021722369627077076,0.4207253396624023,0.053956780685161215,0.9569695980663573,0.9843679037576495,,0.0
NHSL1,222818.81837637196,2.1226356846822476,0.3672309947286967,6.057139123493354,1.3856374316127238e-09,3.0350321638043605e-08,4.630848524794063e-09,1.0
RPL7P23,548433.4976267292,0.22758790739692555,0.5768396954622655,0.6449509447669103,0.5189589759340482,0.761587165975503,,0.0
MROH7,15082.236661645362,-0.0026453844349354845,0.6272166456330492,-0.019867751648946202,0.984148870521232,0.9933686858061559,,0.0
ADAMTSL4,333872.49791347544,-0.21250111905530594,0.6481738928078296,-0.5488553873595077,0.5831046963170141,0.8035388668342076,,0.0
ARHGAP35,513318.85526493157,-0.8761442463931102,0.4702935061954257,-2.3029637817954858,0.021280880969156514,0.08381444760249813,,0.0
HSD17B6,30712.915204428944,0.21214273947895732,0.6269845686603299,0.5227488998919542,0.601149004141289,0.8163336380291677,,0.0
LINC01894,674.1152500324836,-0.45059488243840495,0.8778996659384505,-1.198584451283282,0.2306895670928839,0.4850794518155209,,0.0
CBX5,513575.83996748086,-0.21191837289886406,0.39569947275681755,-0.5562813184318868,0.5780185561159484,0.8009502411884146,,0.0
RPUSD4,156250.77313043573,-0.32044059728358326,0.24843220635145186,-1.4203685794397938,0.15550040524012232,0.37918409363729044,,0.0
ZNF853,60371.42141599222,-1.0223036223356643,0.3690040072435665,-3.140209314326892,0.0016882716134284021,0.009955578437298699,0.005642262493874171,1.0
GCFC2,101460.51537963032,-1.2787696220584437,0.22559110797706616,-5.949861683949663,2.683691808013848e-09,5.6550029068443696e-08,8.968991430664753e-09,1.0
PIP4K2C,564512.429842104,1.219815766013535,0.4561691979676071,3.1215945664804026,0.0017987446736239213,0.010518654449739887,0.006011467306160803,1.0
MFSD2B,27337.667402070714,1.4674122734141226,0.38146218315740443,4.1895645000709445,2.7949033232807632e-05,0.0002510386186414412,9.340664185502577e-05,1.0
ACTG1P19,1223.189682673774,-0.39211600505370875,0.55174556118928,-1.0047797065084847,0.31500293771319876,0.5830706712156096,,0.0
SCARNA8,503.3893094626531,0.3148719895008273,0.9924073115474021,0.8877196427737447,0.3746915771394457,0.6394177802413599,,0.0
SLC2A5,49377.23089309876,-1.2952790724157752,0.8027805279584287,-2.4004946348507064,0.016372930764500082,0.06780321241175419,,0.0
OSTCP5,275.95009358293703,0.22113963994379401,0.8377764463235563,-2.798430125537001,0.0051351678828351205,0.025956506484694927,0.017161909798524604,1.0
KMT2D,465987.2381665561,-0.45289950300590953,0.2961233054228749,-1.7067348434705945,0.08787134779619257,0.2568021775828175,0.2936691027753611,0.0
TBC1D9B,794170.9078535901,-0.8943115851038348,0.25787684295041113,-3.8429964093990496,0.000121541247613119,0.0009484015477811192,0.00040619507987436627,1.0
RNA5SP37,452.1724854449578,0.1858328228628045,0.8238367757963186,0.4961223700041463,0.6198080772839298,0.826628272797782,,0.0
SERP2,18265.913093628795,0.2273992721279398,0.4470903845013315,0.6418629070528704,0.5209622002162111,0.7625103247009842,,0.0
CNTN2,2744.3189044994992,-0.6719970339817536,0.6837862867295259,-1.5344512930950531,0.12491866706700876,0.3273052588313965,0.4174825332433566,0.0
MAEA,343038.3798957718,-0.06437256805833107,0.2535097481597249,-0.3356552139676635,0.7371308823200957,0.8867650671356768,,0.0
IGDCC4,29286.524083862714,-0.35728638697047266,0.6352571293007422,-0.900069955754732,0.3680830234765182,0.6327196827783363,,0.0
SLX4,120437.45999222428,1.3084784468583703,0.41502617064160335,3.506077607291949,0.000454762602123827,0.0031239125653457936,0.001519832444715039,1.0
NPLOC4,1021429.1664124448,1.1549022528907391,0.2229653586059067,5.248938390985464,1.5297822185525188e-07,2.350686892138855e-06,5.112585419834489e-07,1.0
TMEM144,78390.68027312247,0.66809386386606,0.47810553219420204,1.7311466863695042,0.08342560534449735,0.24784501671054118,,0.0
PRDX6-AS1,5468.493099890834,-0.8624658362647433,0.39064230219423757,-2.5642822235306246,0.010338943811253724,0.04656818183223875,0.03455311007335331,1.0
DEPTOR,181267.6491382828,-0.07404747666767089,0.4746862877481921,-0.16127344021820608,0.8718780410513343,0.9457339133384803,,0.0
LINC00921,15482.83401619043,-0.34229359865143844,0.4393254574934215,-0.984330661733407,0.3249529583175772,0.5929174548184072,1.0,0.0
ENPP7P5,117.94596136106796,-0.8111012595100381,1.5914108407953362,-2.5959734760014412,0.009432334626107567,0.04293990804264466,0.031523190621255075,1.0
CERS1,13991.187792037867,0.38063507323568474,0.8157014186029735,0.9399005505374481,0.34726857492637875,0.6153206527880005,,0.0
PTGIR,23028.56216241805,-0.36314271571274187,0.6564034446343376,-0.9117248771439983,0.36191356482449555,0.6264805347429916,,0.0
PWWP2A,96173.64743338611,0.18415905237498104,0.19728400962232986,0.9879805101876038,0.32316219339509866,0.5911619024963819,,0.0
OSBPL3,137188.88117308458,0.48938183248174816,0.5678985511953892,1.194120779546256,0.23243072595097336,0.48704401505098915,,0.0
USP49,127868.97988240747,1.1912464913652316,0.43315668897136106,3.1400420344964504,0.0016892359470860527,0.009955578437298699,0.005645485330522531,1.0
PBX1,1424077.1690201594,-0.14429510180500654,0.6348042573596855,-0.328293637970743,0.7426896540293784,0.8903480199089605,,0.0
LINC02860,22.843726416533073,0.07783748237845868,1.0255773229193346,0.6946649659381419,0.48726528837805316,0.7364486309246097,,0.0
IL4,234.1676450861345,-0.3525911775142114,0.8704756363441454,-1.031615291619842,0.3022523739842051,0.5678887718875547,,0.0
ALDH1A2,70827.16259146959,-0.5447639951592539,0.667308248829267,-1.3107302650130073,0.18994890981858215,0.4307923958374202,,0.0
CCNB1,186056.02344021096,0.10695943100277609,0.6571435980091874,0.2625008789362714,0.7929353078185466,0.914813475684647,,0.0
PEF1,361428.4350787122,-0.10509277457573031,0.17973520067419768,-0.5948520690268082,0.5519423587892943,0.7842575046576562,,0.0
GZF1,238449.3473122224,1.2818001423744865,0.30791069728430676,4.426124346929306,9.59412324790756e-06,9.69899827936242e-05,3.206389382650766e-05,1.0
DCLK1,435086.3380131299,-0.0711235649779898,0.8109595050271351,0.14398692906228244,0.8855107911752788,0.9532746046840572,,0.0
PRMT5,224435.15904871523,-1.0048080590069108,0.37187375668857825,-3.1129232393160975,0.001852441911181202,0.010794743179041917,0.0061909253430573906,1.0
GALNTL6,4244.342393236523,0.4753815267851123,0.9549297855752891,1.1823658116082747,0.23706058261104646,0.4922667862887246,,0.0
TCP10L,19164.28268453353,1.822973881204335,0.5028035954737347,4.064996179837699,4.803324873287045e-05,0.0004079558574352976,0.0001605287891052357,1.0
RPL12P12,36372.70281269384,1.7524896126874636,0.5233710147377417,3.810003122713866,0.00013896503651125136,0.0010611489179467727,0.00046442598882240837,1.0
MRFAP1L1,362690.1621790611,0.04289394745695949,0.31340979027381694,0.2202860449598398,0.8256483877509181,0.9292963823367332,,0.0
ABCA4,14005.384282980536,-0.05564437803879578,0.6937948127242282,-0.15942138345499643,0.8733368927920224,0.9467484300045217,,0.0
AACS,401721.420013786,-0.13257742112842894,0.5050782960119238,-0.3716222486473229,0.7101741216018344,0.8739092420931271,,0.0
MGRN1,548134.2062441872,0.565123338116508,0.28111809388513026,2.1427984982800647,0.032129281962795735,0.11786322162235399,,0.0
ISCA1P6,3688.101429171751,-0.05204766701768694,0.3001571302677073,-0.2016924884483245,0.8401571352732939,0.9337414052222042,,0.0
HYI,223647.08620219468,-0.4188227026618455,0.39853767487000324,-1.2638864676600683,0.20627077957140216,0.452997481609315,,0.0
TRABD2A,22874.843486189227,-0.18552394611374276,0.5536088766591597,-0.4934251780548532,0.6217121956238212,0.826628272797782,,0.0
RPS24P7,1601.8114070789272,0.4393590407286037,0.9142894146529655,1.0963080851142248,0.272943972358206,0.5318766971452967,,0.0
NGF,7213.934936024396,0.2538683686103446,0.6818858532806686,0.6332707823441078,0.5265568297913408,0.7658370734558375,,0.0
ETV5-AS1,395.65339416401775,1.365311235844742,1.5769263659848465,1.5026568024107534,0.13292756752344456,0.3414816215082727,0.44424855732567514,0.0
SRSF5,2261227.8069760194,0.14638624219139085,0.5586318180093831,0.4301969302943638,0.6670523948042093,0.8522025222952728,,0.0
ERAP1,407682.0779006373,0.35903849177127667,0.24709919479047343,1.6751805086417904,0.09389882062193775,0.2696553825106136,,0.0
LLPH-DT,3327.907515980707,2.1457560344080955,0.7094460165357303,3.6202401800646387,0.0002943296753524186,0.0021149387031798254,0.000983660019434154,1.0
PYM1,113570.51545401357,-0.658240650172817,0.2534624375505008,-2.7955885380059833,0.005180530960494593,0.026132900622939388,0.01731351478296486,1.0
PYCR3,87562.31413297533,-0.038579528311067826,0.6576281704752248,-0.11100089962221399,0.9116156333465415,0.9640824815408199,,0.0
ZPBP,547.5744048465478,0.2440830019717073,1.0876900697034573,0.7819813711938508,0.4342255216589267,0.6939271216526975,,0.0
ZNF662,79406.82073649406,0.20889634449549452,0.43633220523009436,0.6072661088827427,0.543674325977734,0.7787105012404408,,0.0
SPEF1,15723.213600349558,0.7964338496920629,0.913607012524471,1.6689237824038168,0.09513248569242941,0.27272768860389923,,0.0
LSM8,645145.4986868326,2.4786250758063844,0.27911422027935223,9.101491380753586,8.909979859731212e-20,8.09026171263594e-18,2.9777462811002637e-19,1.0
EXOC3L2,48071.88464089607,0.7689306282602124,0.3692440805152639,2.400475576567629,0.016373783373763627,0.06780321241175419,,0.0
TMEM273,146555.33631500957,0.30881761348742137,0.5866507764390242,0.7747180162837729,0.43850630274181723,0.6974205337237692,,0.0
LINC00466,738.6558773085095,-0.05232519254517118,0.87472019534968,-0.19141501486286996,0.8482004573968722,0.9377713270400664,,0.0
USP3,252645.96276245173,-0.2887777749770216,0.18353973976222013,-1.706046582885831,0.08799940685766153,0.256934151918163,,0.0
CLIP3,311662.73480628483,1.0587176405271372,0.40795845607131537,2.9708518348589226,0.0029697501853215564,0.016244175712481764,0.009925008484143594,1.0
TPSD1,6515.775175320998,2.6455401236498517,0.7807310259253789,0.1723244359428219,0.8631824746017472,0.9425286861685361,1.0,0.0
SFR1,23319.201567902346,-0.24103861019579886,0.3120686776642733,-0.8694595547770659,0.3845958209328899,0.6476571882505082,,0.0
CA2,142631.4833620288,-2.0176100775335137,0.9708663936227095,-2.9750227866400527,0.002929667849425409,0.016094481729632206,0.009791051922477286,1.0
RAB3C,28013.07944266153,0.27721930007247425,0.7846720673395248,0.7070941752740778,0.4795079554491545,0.7305255428654903,,0.0
GPAM,1648911.397531218,0.8638322239022582,0.8631102375883813,1.9037106617255009,0.05694787711482548,0.18443430500093286,,0.0
FAM98B,171516.5315932116,0.301060162315929,0.5336865976199626,0.7756231884297056,0.43797150477446267,0.6967918747510884,,0.0
ANKRD49,69095.26000896466,-0.40260751076381485,0.24792520399291712,-1.7587096812850458,0.07862683217054094,0.23682895045819147,,0.0
GALNT3,113770.2258896019,-0.14698805401517498,0.6730394739303228,-0.393210406810963,0.6941640839954559,0.8663746594937446,,0.0
MMACHC,647610.3757198955,0.18764854881218887,0.5094268283114752,0.70218703168908,0.4825625319866821,0.7333893136766556,,0.0
CDK18,75517.04960962673,-0.6876499997999703,0.6436372507366401,-1.5923764502563447,0.11130014442010236,0.3022447450782264,0.37196895655259105,0.0
NDUFA10,614607.4124624368,0.055081231594553984,0.22944307976618236,0.3722710908502387,0.709691020468264,0.8739092420931271,,0.0
SMARCD1,256491.11986241216,-1.7945708631758177,0.2554807201978095,-7.31074852977475,2.656582969553958e-13,1.1243199449112259e-11,8.878392748984546e-13,1.0
LMCD1-AS1,8538.942817136762,2.4949664285052218,0.4744229529214171,5.621261083459729,1.8956852887669523e-08,3.545712483933393e-07,6.335446216073221e-08,1.0
CCNI,2322653.235341306,0.2442620529178779,0.22860521247215218,1.292207483611392,0.19628530074477157,0.4402682262731089,,0.0
SEC16A,1206190.8024348845,-0.03857302960515577,0.5218288258704612,-0.1014590353079433,0.9191860747906921,0.9678294871399359,,0.0
ARHGAP42,62705.09868442265,0.2031985349561683,0.4399595132577951,0.5739734828117162,0.5659857455537136,0.7946395314296445,,0.0
SEM1,400485.09315307817,-0.379623342324588,0.4414155382746554,-1.0753364869208006,0.28222410615475835,0.5420873792834089,,0.0
ZNF155,33902.279971882985,-0.7820233726707592,0.2553702040261119,-3.2628254460903987,0.0011030743866159755,0.006877345176979003,0.003686512993556603,1.0
KNOP1P2,728.2917172816766,1.6116385609991473,1.2909281423199153,2.423227147038811,0.015383304542402125,0.06435555994338552,,0.0
RBMS3-AS1,264.83348112166334,-0.12169737267555576,0.8788381608491539,-0.4651654884676095,0.6418129511174426,0.837631764539088,,0.0
TOM1L1,654655.8357497964,1.7472187160288113,0.8882929593294361,2.7585063227995716,0.005806618186329809,0.028825299425975212,0.019405920083229406,1.0
SEPTIN8,427132.56293413125,0.1552612431566173,0.22179161303221553,0.7153359509558372,0.4744014789710108,0.7260382925308375,,0.0
TMPPE,8051.705813032039,0.108202023515482,0.3839903415660291,0.330186317140479,0.7412591849639247,0.8890125767795004,,0.0
YBX2,93336.43139271667,-0.17973120358225853,0.62164603980203,-0.47258519233712215,0.6365091489045823,0.8338737380979759,,0.0
GPR65,16238.636595147187,0.06255584161150467,0.580391725882245,0.15080638400014684,0.8801284501620739,0.9503484281317615,,0.0
MLX,344837.98355340573,-0.09011879718283702,0.26771561728057797,-0.2938994424756832,0.7688347441427377,0.9041333238811129,,0.0
GRM7,1996.5703229969854,-0.0885218743294236,0.8358334785836304,0.8582368749210768,0.3907616780986931,0.652663485091931,1.0,0.0
CPEB1-AS1,1568.366178216827,0.42676338363580757,0.4806062559110074,1.1505283702609064,0.24992631618709293,0.5069585796256467,,0.0
C4orf36,26073.23270887606,-0.4286884087423479,0.21911786007243247,-2.069123346845326,0.03853451339866033,0.13609714279555143,,0.0
LCN8,41.27443456933251,0.054375643674126325,0.9306689025927273,-0.6120046182115424,0.5405347020644509,0.7760954393164315,,0.0
EIF3B,748910.9271427057,-1.1587976369834443,0.4646860986482862,-2.970380091866775,0.0029743149339526175,0.01625134439842382,0.009940264032948742,1.0
RPSAP47,5502.503966921113,0.8253787839027702,0.796550346943323,1.7290499481515607,0.08380015601870205,0.24864832065818407,,0.0
GIT2,310889.1089716557,-0.15122789726199398,0.18007588937882318,-0.8850985429097367,0.3761034852665819,0.6397346067511274,,0.0
LHFPL4,672.8891308326081,-6.53994692027816,1.404619602117644,-5.26364369598015,1.4122802884056344e-07,2.1835689660364517e-06,4.719889879524319e-07,1.0
TAT,139397.5772432831,-0.1758903034713616,0.8205934311215481,-0.5477868306675545,0.5838382822354857,0.8036894473873155,,0.0
SEC24B,384136.82421396766,0.41629831742976353,0.2781572351283778,1.6073241695030136,0.1079832750133242,0.2969540062866416,,0.0
KASH5,870.2574108396499,0.5837495781726797,1.3850888461259918,0.3450501628463444,0.7300566593429971,0.8823748623380077,,0.0
SPPL2A,336001.74622408196,0.28082445924806354,0.3056480649281928,0.9738696910233308,0.33012124448289115,0.5973280778795501,,0.0
NDUFAF2P1,98307.75565673453,2.487408980731322,0.5230030463025849,5.1575396405869816,2.50215888470663e-07,3.6613311124802713e-06,8.36230208255703e-07,1.0
CLDN14,7243.995071332613,1.8108368440474985,0.9679967004474214,2.7238035523222393,0.0064534880080349185,0.03162779108157643,0.02156778154224789,1.0
YOD1,89403.29048470281,-0.29572218036359593,0.43423898933476135,-0.8583046969720737,0.390724236526079,0.652663485091931,1.0,0.0
IRAK2,69894.79497477105,1.1380639554339167,0.5828949209139895,2.479047667467082,0.013173369972398928,0.05705794418227255,,0.0
FAUP1,190587.3799916398,-0.4467009173067775,0.3367755384345976,-1.5153339849887604,0.12968784598913521,0.336288588559496,,0.0
TMEM256,163016.04286297012,-0.27963192106414536,0.39463585195240775,-0.8882727867979081,0.37439403423980544,0.6394177802413599,,0.0
C1QA,593430.9577981749,-1.4274640887257264,0.7704039003490967,-2.610441917895118,0.009042532589753901,0.041620652307125326,0.030220458648354237,1.0
HOXA10,93873.15324434228,1.1990298303105054,0.931013649241134,2.142608911529402,0.03214451498791473,0.11786322162235399,,0.0
PAX5,7540.849981881453,0.0366744854403697,0.7769675277583598,0.08575944633188413,0.9316576447998801,0.9743870739540527,,0.0
TCF4,615042.3605313532,0.08009843303731543,0.5503528083800658,0.28882744734333543,0.7727134268803597,0.9050025454597834,,0.0
SLC30A3,1393.7934288587005,-1.229025250195927,0.8327380646133936,-2.2849544226121616,0.02231550038192108,0.08720157191495609,,0.0
OGDHL,3363.1533796571575,-0.5476594246397847,0.9667856595751605,-1.4549299673215301,0.14568865055981983,0.362515755304305,,0.0
CALD1,3600472.7994763786,0.876894617215764,0.41115655589692335,2.5993186201079785,0.00934090277624116,0.04267001525404686,,0.0
LINC01165,99.8968301416124,0.29828928095132445,1.07771361963018,0.07802360343759132,0.9378092773951848,0.9779535458992593,1.0,0.0
EED,90037.33543469958,0.09989204195453702,0.2882317088812723,0.3704935524188974,0.7110147797411467,0.8739092420931271,,0.0
FMO2,350694.44352277915,0.441396279417172,0.8794488054289449,0.15141118836647446,0.8796513641735291,0.9501524701250617,,0.0
KRT2,4000.502137797942,-0.23451191255753298,0.8068040473288473,-0.6750829207601817,0.4996230840090612,0.7465422385492586,,0.0
NMI,98836.55023839432,0.4084252208413588,0.44295533859337843,1.1430498431019902,0.2530178972250062,0.5100533644867544,,0.0
RPL7,582727.5594013912,-0.2741950239008164,0.25450235323779224,-1.196679938288028,0.2314313294254502,0.48593312789898035,0.7734515581133017,0.0
SYNJ1,79595.91690576804,-1.6074159678109965,0.35311009253192027,-4.942016054428014,7.731884717295977e-07,1.0170681199261227e-05,2.584022784033388e-06,1.0
SMG9,585753.2726655137,2.3038781454977126,0.3218077294188989,7.389081861843414,1.4784612862422716e-13,6.47669795043325e-12,4.941069077782906e-13,1.0
OSBPL9P2,903.4933856875189,-0.10110298573834975,0.42437141928356514,-0.3013180853146178,0.7631719513105774,0.9012056435581932,,0.0
ARL6IP5,828495.7685835245,0.4669279585417112,0.21818000778312815,2.2208128992352334,0.026363636540449587,0.1000455933761438,,0.0
SIM2,35855.488124075455,0.5001667256630161,0.7346153910822165,-2.163780557108134,0.03048119501411005,0.11284142913303602,,0.0
GOLT1B,196060.46521081403,-1.7886280000004418,0.2849956477533183,-6.564403428845519,5.224158766866201e-11,1.5168284233563842e-09,1.7459320430363415e-10,1.0
LRRC37B,59484.99010875069,0.017111465696844446,0.32032690659455404,0.04416231513655194,0.9647750208938526,0.9877304119322081,,0.0
STIMATE,195197.94640497974,0.20724428817936474,0.20323111535652588,0.9920669588744228,0.3211648630983748,0.5885861747938655,,0.0
CYP19A1,35116.348901951606,0.28643279646405645,1.0163264901805953,0.8271944543785396,0.40812685438214813,0.6680861917317386,,0.0
SLCO1A2,78.03867995011225,-0.3972872076430096,0.7563679929060466,-0.7173962954375467,0.4731296047935071,0.725795413424514,1.0,0.0
RPL34P31,17826.232233306815,-0.8250864721541364,0.4818824491342315,-2.1313758762542716,0.03305818863499082,0.12054090868470543,0.11048161703782407,0.0
PLPPR5,955.2155296350791,-0.39453592000894955,0.8743231727209037,-1.108577714791344,0.2676123962391558,0.5255431800308077,,0.0
TCEA1P2,197080.40533932555,0.8029387804081264,0.5411900896329922,1.9249023100644904,0.054241580867943055,0.17809497360585644,,0.0
EIF3LP3,4588.322222742672,-0.7295976530860517,0.2974147696548962,-2.691663301548773,0.00710966820020473,0.034468495856269266,0.02376075858341514,1.0
IL10RB-DT,56544.326404948755,-1.5446188570924417,0.4181983757360771,-4.091979453163642,4.277065561790929e-05,0.00036798445357520844,0.00014294101974579725,1.0
CTBS,148851.55156892838,-0.24516803238659002,0.272573377988958,-1.002011424704532,0.31633807504836886,0.5837826456877827,,0.0
SLC5A10,49043.087726653976,0.011259111187078933,0.43802986194273374,0.03039245993100797,0.9757540581829715,0.9896254603098618,,0.0
UBR2,253586.33561141376,-1.0006129409881992,0.3781561310240203,-3.0411410080587316,0.002356834273878165,0.013344705627831696,0.007876622175015849,1.0
C16orf74,25080.307986292086,-0.15254382974345762,0.5185859745539311,-0.4169434737364068,0.6767197539472491,0.8565830722439108,,0.0
TSHR,3564.2667303187854,-0.1228001956262652,0.6412571053380558,-0.32809878921001623,0.7428369694402379,0.8903480199089605,,0.0
MICD,313.8803597693724,-0.3257391305561723,0.8082300089681967,-0.8826506911959874,0.37742503119836734,0.6415454750866734,,0.0
TXNDC17,141737.1342529923,-0.30599021331071596,0.5712293792252954,-0.7874986814834808,0.4309899999640113,0.6905242411999591,,0.0
ITIH2,1474.6864849962133,-2.4961983145931512,0.7567700537394425,-3.9209951493404693,8.818403819890294e-05,0.0007091643909264433,0.000294714124984687,1.0
TM2D1,125578.48526862387,-0.15956719308329084,0.21923389436865226,-0.8128552396557964,0.4163010599887995,0.6745644041479768,,0.0
LINC02253,111.97530525755592,-0.41279704265895034,0.9561802546074673,-1.2626349033279485,0.20672041829328147,0.4535860144800737,,0.0
MIER2,173355.02251371313,-0.46211114949163745,0.3282912285134048,-1.611460385930314,0.10707941475079473,0.29495565210450575,,0.0
GPA33,1073.7539801892433,-0.07430906423539128,0.626735326315228,-2.6396363538445167,0.008299502888453969,0.03905018515477682,,0.0
ZNF195,111970.21069563832,0.1485982749159187,0.26348549018492956,0.5806594829531572,0.5614699740227358,0.7905218636226508,,0.0
SLC13A2,16619.850661421617,-0.4206357028916956,0.9523114995467876,-1.4733446865088557,0.14065811701446854,0.3547847247596569,,0.0
CPB2-AS1,992.661968395071,0.11065480109337793,0.5634881353839545,0.2838235737594148,0.7765455878652188,0.9061002269523913,,0.0
ZNNT1,33753.001484949484,-0.6488184321766508,0.5094618069918411,-1.68218949221814,0.09253210104715558,0.2666504977665868,0.30924550236174553,0.0
RNU6-26P,146.39970021747277,-0.7862210122139562,0.922602625925248,-1.6918962738423873,0.09066575258448421,0.26202822245770496,,0.0
FCHSD1,163600.41022025916,0.5777649685711593,0.4896815864814079,1.488544857397084,0.136607261505632,0.3482474037565728,,0.0
FAM133EP,147.06746724718568,-0.037313535094150536,0.8676785083060775,-0.13245512744001825,0.894624313344269,0.9566924669895673,,0.0
TK2,237607.322919484,0.14686864554049575,0.2579667109043485,0.5822935956243759,0.5603689385904504,0.789894927276855,,0.0
TSSK1B,513.3114384501939,0.03506563183893865,0.8855798090577456,0.09685309843314954,0.9228430556516366,0.969635644839948,,0.0
LAMA2,1546611.693318923,1.5052514760546492,0.7840424572288118,2.6534528691497385,0.007967289622391013,0.03778598706003867,0.026626959226638772,1.0
ARL4AP5,5245.484001360417,0.6057989104974933,0.4320714597664254,1.703336659483346,0.08850508385364497,0.2578730389528022,,0.0
RNU4-47P,326.38736811185817,-0.5770537237560539,0.7188563221694098,-1.3441067135973943,0.17891388144466913,0.41571122606117383,,0.0
CARMIL1,112042.19178556376,-2.559485107009003,0.5938339177488687,-4.78728680413085,1.6905116659086137e-06,2.0591256730603942e-05,5.649748827230059e-06,1.0
FTH1P1,706.3218564561897,-0.2764291501153452,0.7236528882208789,-0.7186461905269661,0.47235894558661107,0.7251646401043762,,0.0
ZNF723,317.6816050020856,-0.8833041827708367,1.5112179976842917,-2.193805139820893,0.028249421168158907,0.10591412110644563,,0.0
PA2G4,380641.4326608304,-1.2919337270345013,0.31877920296247875,-4.472360733788064,7.736078157227613e-06,8.032011292556071e-05,2.5854242462541815e-05,1.0
TAF1B,89562.67061355415,1.1128692487641356,0.30437888371730054,3.923482944885391,8.727794665902854e-05,0.000703217629819809,0.0002916859355211041,1.0
PARM1-AS1,160.61376428861018,0.36311136081827444,1.4381737018499319,2.1377886458938438,0.03253390094296429,0.11885464616617678,,0.0
LINC01882,578.3603586816105,0.060880665060963575,0.8558130494592117,0.16924633581631504,0.865602884740647,0.9429256196286498,,0.0
IQGAP3,136040.0649632706,-0.6292649608733035,0.6358960481904602,-1.4980824629088767,0.13411182684962436,0.34364005299488154,,0.0
PCDHB19P,2043.6227710449898,0.27822786928655846,0.5176941921762136,0.7346326068997757,0.46256327414618614,0.7157656831951699,,0.0
THSD7A,164274.57750426966,0.861176668782427,0.7580344747135949,1.8235499360787375,0.06822014115893568,0.21311291984166347,,0.0
CAPZA3,236.57570445707975,-0.11851056330158546,0.8812793823196308,-1.1122075491041472,0.26604892284629855,0.5230898900371713,,0.0
AMMECR1L,203620.83203224692,-0.2480304934702086,0.228777645307182,-1.1670579094214228,0.2431869841763915,0.49916802259634163,,0.0
NUDT5,272250.51733664644,-1.5418859573391526,0.37823809663921754,-4.52604557064988,6.009762598946263e-06,6.440505240158291e-05,2.0084835780815727e-05,1.0
TM6SF1,48075.9934757014,-0.15601758832267645,0.5116433877025077,-0.42705552969353516,0.6693388824040223,0.8529416633645541,,0.0
SPDEF,706786.2148172567,0.5710420381063442,0.9413381202081654,1.3446556946942685,0.17873644858970483,0.41555392190734913,,0.0
MROH8,62122.33299382981,1.118774032497597,0.3777360500666058,3.2941905585800724,0.000987055578027457,0.006223933783673132,0.0032987740971158587,1.0
ASL,139505.22563160176,-0.9956407799279339,0.2993252254247295,-3.5897011761723094,0.00033105725275213844,0.002355128091515925,0.001106404861440045,1.0
HSP90AA2P,203635.5953789256,-0.12660836620082275,0.6490352443978751,-0.3406104425493357,0.7333968670495802,0.8843729231484495,,0.0
MAN1A1,364510.7184924303,-0.5236938977489666,0.46811220462836706,-1.4240545582747446,0.15443067931574198,0.3774972161051471,,0.0
DRG1,233686.9678322142,0.2305957441294879,0.2897708723214152,0.930182583080611,0.35227655810120073,0.6186933985247952,,0.0
CDK2AP1,554584.9051716196,-0.22790863720636567,0.595238784136732,-0.5919485004565066,0.5538850747869535,0.7858244498539902,,0.0
PARP11-AS1,474.9040869106025,0.20457415819557578,0.7967748906225613,0.5366363630928952,0.591518821135289,0.8095725844848525,,0.0
TULP2,599.6416353045935,-1.9904943573121217,0.8480665816761809,-3.11810248465246,0.0018201949820331085,0.01063164180148929,0.0060831549834613865,1.0
SLC35E1,1882961.2821177766,2.5643065401659744,0.443276702507539,6.1245852082032375,9.092014814342447e-10,2.1021074992049157e-08,3.0385829965202036e-09,1.0
DECR1,448652.39676229394,0.021021581600843203,0.3196029594045409,0.031086371470611995,0.9752006584087838,0.9892651001611754,,0.0
MKRN9P,17618.568874545803,2.7643440256142777,0.4335279289411519,6.686170306746434,2.2908641336491954e-11,7.105947505244772e-10,7.656147670221173e-11,1.0
NRBF2P5,891.9404769157279,-0.08012723555691152,0.600834252849191,-0.2160758242104558,0.8289286440676139,0.9313092572494183,,0.0
RPL17-C18orf32,1152349.84347254,0.30416976019281305,0.22711298846506062,1.5626036833350638,0.1181458414049555,0.3143422120278891,,0.0
LRP3,468500.20972807164,1.3163386320360393,0.32102982827099763,4.376263496715877,1.2073105464680017e-05,0.00011915630176010278,4.0348738678144125e-05,1.0
MON2,256400.32768609273,-2.4387836098435525,0.25453155157657315,-9.792652263791569,1.210774263535288e-22,1.7276019063129222e-20,4.0464497308110397e-22,1.0
LRRIQ3,6260.987327625773,-0.5917489989055186,0.41407509199318876,-1.7206063425654492,0.08532228175469876,0.2515345189391769,,0.0
WASHC3,111376.73399623141,0.15278864128431668,0.23378508529889752,0.6728964407721282,0.50101317670561,0.7475529741463448,,0.0
HMGB1P41,297.3259850649998,-0.3033209794067026,0.8241043979478831,-0.852460814436943,0.39395837904713427,0.6560280576730205,,0.0
CD84,54535.989898725085,-0.03371152465094098,0.500285251611838,-0.10115922825400163,0.9194240617758043,0.9678760043230115,,0.0
NTSR1,4392.7254626928825,-0.08265939189216223,0.8290023040318119,-0.26830654018131833,0.7884633723949608,0.9135429829339834,,0.0
PYY,4807.45988159775,-0.16073410233375662,0.8578068419379152,-0.5533663247062774,0.5800125933275524,0.8018828970460933,,0.0
LINC00997,10339.323598943021,-3.0719666892354978,0.35171973850892246,-8.982413788865642,2.6489051135870003e-19,2.2421410402124544e-17,8.852733087108361e-19,1.0
RNU6-88P,127.97389947552922,0.7404277869701991,0.7481336927503994,-0.05515199719585094,0.9560173713767495,0.9837936848661626,,0.0
DERA,93834.32333744837,-1.5033938386151688,0.4019600734449925,-4.16086523524466,3.170441402135948e-05,0.00028122885190527393,0.00010595725515973754,1.0
MAP9,77664.59835274621,0.37697968135461635,0.6027963129948333,0.926684378719149,0.35409043050589284,0.6201897154411041,,0.0
MAILR,11981.52579185488,-0.1760275031317469,0.33501101029132996,-0.6121258680754804,0.5404544838883638,0.7760954393164315,1.0,0.0
AKIP1,77835.1171333513,-0.006270692904968579,0.2437271306863587,-0.06436658163637853,0.9486783388182162,0.9818398440718766,,0.0
ATP6V1E2,111356.01399273434,2.472670787468551,0.4925712970377705,5.397861116637766,6.744003857966518e-08,1.1339917598210366e-06,2.2538695624382077e-07,1.0
IFT122,868778.8540821647,1.3995195334416473,0.4124933367710723,3.730893469617452,0.00019080189732726492,0.0014095631290715399,0.0006376665818976129,1.0
KLC4,131672.49494183206,-1.76217500719924,0.39403828422970694,-4.883963896920658,1.03974120553558e-06,1.3279968236431425e-05,3.4748512980181736e-06,1.0
EPC2,159164.25252687084,0.14341376904499048,0.26511048791046554,0.592168976333734,0.5537374416842975,0.7858244498539902,,0.0
SLC6A2,5787.2084080981485,0.5137843192076009,1.2327336675463498,1.4048710356703424,0.16005963088254183,0.38614804826865445,,0.0
TMED2,1070243.3355849374,0.420242418796697,0.4421031169537352,1.1394992761842953,0.2544949700108826,0.5114478391285101,,0.0
MAP3K21,43171.34178983398,0.5058781190301709,0.8705675661086302,1.1997712067916095,0.23022820954275947,0.48472161823631565,,0.0
FUT9,16551.696936803164,0.40747968488440506,1.3600393620925864,0.10822444795463053,0.913817652187951,0.96540294808523,,0.0
RPL41,1280895.92812474,1.2925584751444172,0.4353457700816768,3.402700969433892,0.0006672326371478262,0.004372913110126305,0.00222991469697396,1.0
FAM118B,80897.59922812301,-0.08049645126841556,0.26527716257043044,-0.30790547451325395,0.7581542599850455,0.897209093451497,,0.0
USHBP1,63445.47801889924,-0.17823821029921771,0.6938799652184651,-0.473640004917838,0.6357566427108965,0.8333252020873184,,0.0
LSM14B,392761.16982453904,0.011151407566899748,0.445565348983171,0.1127032477128329,0.910265826355349,0.963311620432001,,0.0
CEP63,297621.89093926724,1.288760621415462,0.2078666378897104,6.309329082190188,2.8024766368889637e-10,7.140596083991574e-09,9.365974463177107e-10,1.0
RPS2P7,145096.61667999928,0.12685620564906183,0.5463628608466627,0.3259448939187316,0.7444660483980534,0.8905082166895426,,0.0
MITF,196818.07686723908,0.4997117742187768,0.45554052526951555,1.3283379727580242,0.18406648052186547,0.42287285634406657,,0.0
FRS2,500033.4645534746,0.7173868885326542,0.5953880101123038,1.7741542614346995,0.07603763745155054,0.23002715715638175,,0.0
MRS2,144201.62975890297,-0.7417780010321561,0.359787419669066,-2.3825113956674677,0.01719499977654034,0.07050232256489529,0.05746628774047251,0.0
BICRAL,155133.70626737602,-0.33494257240927905,0.38978367507379197,-1.0549792335226889,0.2914348224213702,0.5531661721538874,,0.0
CFAP251,37495.241362918874,-0.41958116787371563,0.5373302022147592,-1.0824461784270099,0.2790543185212202,0.5393178276683335,,0.0
VPS39,531213.3886389884,0.397154619173096,0.2961861158375741,1.3927644266673742,0.1636910389463896,0.3924498552560104,,0.0
TAGLN2,4290517.871906152,0.5158105660910032,0.57759159734372,1.423601925120517,0.15456173826397984,0.37763274016160236,,0.0
SNHG16,319918.11518640944,-0.5178815918556275,0.550839664755201,-1.3122677583016682,0.1894298067137189,0.4302994055707606,,0.0
LINC01016,17174.76209448477,1.8524698712119736,1.9045472899741278,0.32674198307663804,0.7438630436063149,0.8903480199089605,1.0,0.0
KLRC4,814.5775279380607,-0.1891974330846742,0.48796666297067504,-0.5217922516094916,0.6018149851438428,0.816480313993032,,0.0
ZNF282,666646.7236567596,2.574947818849521,0.2779855882231794,9.472594590821057,2.7297737702438585e-21,3.245831002047102e-19,9.122998952361169e-21,1.0
BCAS2P2,3810.39861456571,0.2650105173021389,0.3505880246971626,0.8753724921102193,0.3813712620545012,0.6452051098707612,,0.0
PPP2CB,457556.2223896361,-0.005930371140657041,0.29048943962471535,0.06820864895767556,0.945619542135508,0.9817614451328994,,0.0
DNAH1,153895.09617864713,0.1348316888580902,0.5250217063754612,0.35027163862211924,0.7261348478001834,0.8801047306640328,,0.0
MS4A14,103969.96737700547,2.1439395214316264,0.6432424320574052,3.841290427275573,0.00012238920367535093,0.0009535283668560102,0.00040902897854821097,1.0
EVI5,118439.82802555435,-0.060761052149839144,0.30995229519355,-0.23407749755568175,0.8149248150356581,0.9245194289613985,,0.0
ASAP1,426235.0230624686,-0.17958461212000545,0.3134527888303377,-0.5506520086999225,0.5818722490295529,0.8028525266066279,1.0,0.0
AMN1,84495.94626184614,0.9299757138594426,0.4505972058826647,2.4432494595111947,0.014555672160872163,0.061707153456193195,,0.0
ATP13A5-AS1,388.23026956050114,-0.37151648591222464,0.8840447043379334,0.13148520484073994,0.8953914897890208,0.956910272592968,,0.0
ST7,351540.4980432753,2.014526587144432,0.30600937572992615,6.818879900498109,9.17530635045932e-12,2.9948679682479637e-10,3.066419317794069e-11,1.0
HSPA8,4543922.0940372255,-0.054868264609206796,0.4948444067009679,0.05341523773985197,0.9574010645842063,0.9844062006451567,,0.0
ELMO3,157965.56950428904,0.5039634453540329,0.5675064155318083,1.2370993209223928,0.21605021186241702,0.4645010415182604,,0.0
TBCA,390964.85106099414,0.2130943200528255,0.3426773439557666,0.6367481761299558,0.5242888875280967,0.7647759187976587,,0.0
SDK1-AS1,263.4690476397101,-0.16645958755919193,0.8575401337016457,-0.5629263275206972,0.5734850517812125,0.7988798740851814,,0.0
ABCF1,327684.08202887705,-1.9571304743536908,0.24827717189166912,-8.140578632926285,3.9339324384199516e-16,2.2581676548815216e-14,1.3147339133220093e-15,1.0
GLULP6,71.419139689708,-0.17336737764439158,0.8656832916498328,-0.8084656054596896,0.41882259818025735,0.6773316241296001,,0.0
TTPAL,125835.35429658233,-0.35097322368914774,0.3014940189994863,-1.2957389843503804,0.1950654255528843,0.43802011475319436,0.6519154416235284,0.0
UBE4B,329358.4839064186,-0.19990480683610473,0.18851407856050467,-1.0717254753394896,0.28384335488673995,0.5441511379287445,,0.0
C6orf132,336111.6812514349,1.3253985931658319,0.5960186014766581,2.7711189894215775,0.005586400828211774,0.027870615120968632,0.018669946007537744,1.0
SYNGR4,536.466780304791,0.20219122296060463,1.0897958092918774,0.6774429477146355,0.4981249568256174,0.7459178513904448,,0.0
MAN2B2,331185.91147838987,-0.04210530325995805,0.3006722121165724,-0.23374949207287707,0.8151794627826194,0.9245982823384968,,0.0
CSPG4P5,6162.700251501102,-0.07725095386518263,0.661901194643033,-0.2115955315518024,0.8324225957068996,0.9331354529652651,,0.0
BICC1,493509.89773834375,2.6209878927673844,0.3774784741868436,7.2010440308509684,5.975324627502932e-13,2.4065138056249712e-11,1.996974288160786e-12,1.0
PHF5A,108354.4017819061,0.009184448244816283,0.24648136191898212,0.04713373278737573,0.962406642327885,0.9867088424934218,,0.0
SRBD1,370500.6429560803,2.4384644080326865,0.4883813171825757,5.345192605647261,9.032095865641551e-08,1.46467456196936e-06,3.018557875311129e-07,1.0
MCM8,167052.78891335375,0.3922804556755741,0.4378555274462641,1.1733609980700594,0.24065107061603952,0.49562062338690915,,0.0
PNLIPRP3,4862.294080235554,-0.32785015440990706,0.8750384405361671,-1.1467411385886996,0.2514886226971279,0.5088483408535915,,0.0
BEND4,1274.3498891479062,-0.22522201735988678,0.6804444697685001,-0.5839854670403173,0.5592300897363501,0.7896246504542893,,0.0
GNG13,2851.046425318827,1.5297252879323822,1.29479160532823,-0.4069485186460754,0.6840457997330411,0.8604848170949138,1.0,0.0
RDX,428262.23004985705,0.14972227223137272,0.42344085288568406,0.41929735848310246,0.6749988268378777,0.8564992763010719,,0.0
GALNT11,197564.41953584919,-1.052161080428112,0.2930738483925605,-3.8978360072288734,9.705610367515196e-05,0.0007730433520792805,0.0003243648766064483,1.0
PHYHIPL,30293.171456689382,-0.522089756723898,0.7806763430533026,-1.2615121030447152,0.207124402187559,0.45367511601959193,,0.0
RBM5-AS1,53461.625380865335,-0.43763588738344195,0.5479897645369001,-1.1286943625006218,0.2590267882804089,0.5155352217082237,,0.0
GATA2-AS1,99211.53275665952,2.4205786716902837,0.7401621046801172,3.825565177537449,0.0001304724078835742,0.0010024295461085687,0.00043604332835521156,1.0
NRXN3,19704.004079475886,0.32422283206617186,0.593702564207864,0.8088462786001418,0.41860357281705485,0.6771967096366608,,0.0
ZNF808,42240.94384784855,-0.692241880239902,0.24341367952954027,-4.821509579199193,1.4247587768205772e-06,1.769961525234319e-05,4.761593422131955e-06,1.0
ABLIM2,52749.02720850266,0.269863668506288,0.5545559975482619,0.6911117756583691,0.4894953006686815,0.7378628226801677,,0.0
PAK5,3211.8240963319813,0.06759083737964215,0.9385327545397765,0.2067330532308819,0.8362183422354145,0.9335593134256123,,0.0
LINC02580,1631.298788131527,-0.7568905704249351,0.8586378950049349,-1.6447196187319395,0.10002764509369935,0.281271429953792,,0.0
NLRP7,176.59247265394268,2.048975443980045,1.2580128748419614,-0.9628572143834705,0.33561918359115217,0.604429211270903,1.0,0.0
DYNC1LI1,197479.4286802725,0.06097146892571806,0.2796434236926119,0.21353112385995507,0.8309127155276206,0.9316690399282282,,0.0
HPX,96951.17620155792,-0.2949076397698924,0.5892333274902319,-0.7621072209176236,0.44599601349909945,0.7020540559649046,,0.0
FLVCR1-DT,8164.100205467762,-0.9063228638011467,0.5512731834222286,-2.1417035114948137,0.032217347978933095,0.11804360660806448,0.10767149829907158,0.0
AKR1B15,55781.643135575345,0.09280112837784399,0.8307704554050477,-1.3750430131028786,0.16911810997996413,0.4019875493764592,0.5651986098594116,0.0
PCYT1A,337051.8383079625,-0.737484780657443,0.25335102316470814,-3.137291810769234,0.001705163236509099,0.010030135692728434,0.005698714886137839,1.0
HNRNPCP7,9258.744838720193,0.9529330069787277,0.580417999682385,2.1508036228257783,0.031491703039903764,0.11606609961718035,,0.0
SERPINA12,2948.389537275239,0.4099357669217836,1.1377762053404004,1.1671185220058955,0.24316250889386404,0.49916802259634163,,0.0
FZD4,996978.0956209671,0.013117354118992728,0.7328611900449924,-0.010803031940781787,0.9913805952602381,0.9967958000009908,,0.0
BNIP3P39,806.3800149956494,0.5391539259207516,2.285517854800229,2.0769559592887,0.0378056241824773,0.13399665519325168,,0.0
IFITM4P,929.5887144360356,0.4808266800424508,0.9404754033177172,1.1904365290812027,0.2338748627820313,0.4884864344347404,,0.0
PNMA1,261131.26110491907,0.056779447842369636,0.2377830046368924,0.3347708723510343,0.7377979344231689,0.8869973992281794,,0.0
TRIP4,119250.55481568903,-0.07726001397491328,0.22249712790537535,-0.3993060586932909,0.6896677034065162,0.8637670724384124,,0.0
BMP1,482562.35074734065,0.21595478942480478,0.5031690951559212,0.5260112920201832,0.5988803612867395,0.8156009065355814,,0.0
MOB3C,128376.5276174203,-0.34235276706913,0.3587537852462674,-1.1213576614280492,0.2621356503831278,0.5184575992132041,,0.0
ENHO,57378.54695900029,0.7115710101686278,0.8395655790099652,1.5226727153904869,0.12784060743580752,0.3332129402580495,,0.0
GGT5,459428.5887298548,0.17846748506298393,0.5325946793352646,0.4175032756645351,0.6763103288451269,0.8565830722439108,,0.0
UBE2D3P2,12174.380943188664,0.01558733705850246,0.30504479881136987,0.055324337021117775,0.9558800737160854,0.9837936848661626,,0.0
ASB5,58.08226965457847,0.2890126671790824,1.251674966781677,-1.5351587992732976,0.12474482594803792,0.32719309915152384,,0.0
LSM6,94603.31295914066,0.6200537007716904,0.3004190876877836,2.3159105942724687,0.020563150759342626,0.08130829365966515,,0.0
SCFD1,484947.1296831379,1.8565352316615598,0.2527910159333737,7.5304767459234645,5.05553944073594e-14,2.359566725891148e-12,1.6895788773490328e-13,1.0
FGF10,152199.55700197336,1.3146500180264253,0.9978115292999284,2.2392156199032907,0.02514189000108104,0.0961398152108719,,0.0
SEPTIN12,1723.1736955530862,1.2967084840242857,1.8870566457558058,2.3955176706555332,0.01659691421796688,0.06844342659333329,,0.0
ELOVL3,5863.733162394709,-1.2772000060362396,0.8521589815219591,-2.3320003807048937,0.019700671131488094,0.07851967408671312,,0.0
PKD1L1,37490.363609551394,1.904766012116869,0.6904194211433995,3.360892010728397,0.0007769119482773881,0.00503229347561255,0.002596466772255019,1.0
GRM4,78328.07647416495,5.184163943561473,1.184052835794427,4.922239577376079,8.555938001329659e-07,1.10982738645819e-05,2.859424259748259e-06,1.0
B2M,13253459.337505782,1.2528497709810007,0.47090726535342714,1.2462704787942938,0.21266511203692906,0.46035958799844984,,0.0
PLA2G4C-AS1,4321.824955774723,-0.26360825892374223,0.5315492472461776,-0.7011191430920581,0.48322866462003056,0.7341782631921,,0.0
METTL24,11925.420728814835,3.1638357603607514,0.8323222564949547,4.3598879520089495,1.3012905840603024e-05,0.00012667924321242008,4.348958424506754e-05,1.0
TLR3,74993.16435578652,0.5623637496336041,0.40236382135626714,1.6543619529478781,0.09805399211388971,0.27784464038697937,,0.0
TMEM54,168717.65512350423,-0.4412024955692209,0.6192647401006053,-1.0974055226486539,0.2724641603102178,0.5317256805741414,,0.0
DPY30,187501.2761738986,-1.9999636424253149,0.3076056657734033,-6.836989663074296,8.087457429650335e-12,2.6925841602449186e-10,2.7028564221046936e-11,1.0
GRSF1,542630.1598141476,-0.28316013618618224,0.5315922903593483,-0.7547346345485613,0.45040822090654387,0.7060071108622975,,0.0
LINC01511,2579.1780483934813,-0.44491906378921,0.42729417801783587,-1.2862056800974377,0.19837128924848746,0.4434495158938882,,0.0
LARP4,324720.901514487,-0.5823269888110879,0.406256383640638,-1.7465004952900358,0.08072402108360852,0.24096578678514102,,0.0
KIF21B,39334.07634092185,-0.7842137785078075,1.0268754557743465,-1.7426826230870929,0.08138906864952408,0.24280585951954797,0.27200510024569863,0.0
BIRC5,319593.4977130101,0.8298878129691514,0.32532546916154303,2.809136033417413,0.00496746520412535,0.025236542451070192,0.016601441609235525,1.0
KDM1A,535553.4170516825,0.23882556321895526,0.24438241675674824,0.9517896104994795,0.34120369214654467,0.6092138857990147,,0.0
BTBD10,143018.03259425279,-0.6058817221211853,0.4031131675946538,-1.79412934127599,0.07279252680654118,0.22398390565118093,,0.0
ARMC6,76091.99181844463,-0.42350011924237974,0.9196489135691679,-1.272995805212467,0.20301953038820275,0.4488178551388599,,0.0
JPT1P1,1090.7384559678806,0.2565843444039992,0.5501257932370537,0.664001918983845,0.5066890828785298,0.7521581757424265,,0.0
SH3BGR,24013.64402094685,1.1146905699540464,1.2456573891083589,-0.41290568683778506,0.6796757144043464,0.8569301988728367,,0.0
LINC02185,1688.1321215061103,0.14421929871984102,0.7237083644519974,0.36775313146752736,0.7130573192619198,0.8740585879992542,,0.0
LINC00944,1484.8949866010346,0.09612476674968783,0.3462669374373327,0.3199272437552219,0.7490234848708384,0.8932175466172976,,0.0
ASAP2,180968.36394824344,-1.9778000695939235,0.24076245660121762,-8.490648428893508,2.0548732524367198e-17,1.4453573271364757e-15,6.867457931336374e-17,1.0
VPS11,322654.24431176356,1.1350998751043768,0.3567951894882715,3.4477220037002514,0.0005653355885283366,0.0037744464292921295,0.0018893712138701368,1.0
CCNC,309186.82831014314,-0.5727364404249794,0.6235251686891345,-1.3916519369110232,0.16402782325486376,0.39306859373070513,,0.0
CA14,5924.26054003048,-0.857094935944543,0.6966157921213989,-1.8560268219929197,0.063449735046909,0.20156995981187248,0.21205122295128287,0.0
TM4SF1,1349414.932734222,-0.8633909981888847,0.37250368292061486,-2.626878470800146,0.008617210413821812,0.04014634962548395,,0.0
TMEM259,604157.2991137273,-0.09689704104998334,0.8396870124145406,1.8126469666447333,0.06988628895746372,0.21745303866266283,,0.0
LINC00940,4970.103878292884,0.5278519762392442,0.43656476714091697,1.4851019968759502,0.13751680720664672,0.34967359225559763,,0.0
GAS2,7468.873626403132,-0.437013828798829,0.6832839165850475,-1.075357305423486,0.28221478892528895,0.5420873792834089,,0.0
RBX1P2,601.6648102586047,-0.10549058232145761,0.23463088576848048,-0.48209749350963144,0.629736690327104,0.8308716913657329,,0.0
GOPC,171073.0245438828,-2.021209683916086,0.7162798698551004,-3.493659868051246,0.0004764476209171183,0.0032549650052805593,0.0015923045322886022,1.0
HAAO,37090.26474939853,-0.5240498420953907,0.19343070180415106,-2.8138276237460005,0.004895547185753061,0.02494730882209264,0.01636108908866468,1.0
ICE2,208677.8327726248,-0.4196714971479475,0.35401494096862574,-1.415556763088169,0.15690531796944857,0.3813066461992341,,0.0
AGBL3,45825.50035442687,2.0851217810981284,0.9901777743065519,2.9073400570952614,0.0036451669869789864,0.019324802476616835,0.012182274943765782,1.0
ITM2C,359234.9288189792,0.0017304092041446706,0.7530986758230787,0.027612204165136926,0.9779714478613191,0.9909140945837344,,0.0
ARC,11625.853849713192,-0.030686248007363567,0.22329250742680487,-0.15614454058158211,0.8759190905998506,0.9478526410521461,1.0,0.0
ZCCHC14,306102.32339848246,0.09152871866070163,0.2799437921842546,0.3186746416161926,0.7499732459149172,0.8936689072057018,,0.0
PHC2,802307.263765488,-0.18294150484522514,0.5021358417714824,-0.39369859924546813,0.6938035756604601,0.8662137642120844,,0.0
C1orf122,208708.44966567383,-0.01885343727644326,0.6109759941756587,-0.06172297645006808,0.9507834422910889,0.9824565509624867,,0.0
LUCAT1,2316.8485772792824,-0.07792273431663546,0.2575702517754157,-0.33212776832239443,0.7397927830255446,0.8877914628956852,,0.0
PDCD11,292262.999637049,-0.08431042534741894,0.33109036500633826,-0.31606555720126406,0.7519527490338891,0.8945541665731039,,0.0
PRPF3,409756.94837278506,-0.3480018348875374,0.2676240458429199,-1.4491286230491776,0.14730166592738736,0.3648931149014744,0.4922872944949432,0.0
BORCS8,45076.56898668405,-0.7001354999608363,0.5672341187358103,-1.6955899350302372,0.08996356520220289,0.26014941784586054,,0.0
NDRG1,2163547.889374533,-0.21857212496290318,0.8187862996277065,-0.6630059151772228,0.5073267656776926,0.7524546638607603,,0.0
ACOT12,307.9014646085876,-0.05118587172147554,0.6358133874295226,-0.14012024490944563,0.8885649852664841,0.955121294967891,,0.0
TLR10,6815.741569107148,-0.3306096217830418,0.50780386710269,-0.8867247312043105,0.37522711998245273,0.6394177802413599,,0.0
PDGFRB,1494064.461411687,0.5826678201758344,0.9948642581596847,1.1301707913826753,0.2584042648711232,0.5155352217082237,,0.0
DBIL5P2,518.5003554606076,2.29549001863441,1.1352141839291712,2.9460985707585765,0.0032180982967293824,0.017299443373376248,0.010754996516445655,1.0
AMBP,9222.640074942452,0.19150547607867363,0.7108576006646277,0.4827939344710448,0.6292420579949087,0.8308716913657329,,0.0
UBE2T,75990.59783560858,-0.0804714080761692,0.42310064626076516,-0.24470147593508088,0.8066875851499732,0.9218527135846355,1.0,0.0
STOML2,1531540.7467208677,2.4219890988496013,0.3420636978622334,7.359792218473281,1.841967125056597e-13,7.929986053907451e-12,6.155918243244705e-13,1.0
TEAD3,432242.39610704983,1.191018428864533,0.49681369530703734,2.8430570463868303,0.0044683071931479286,0.023080819552746865,0.014933238162910046,1.0
ZNF780B,141010.7674183533,1.046166554253764,0.28122058188381993,3.9492482533282223,7.839701288410127e-05,0.0006386862680965771,0.0002620055457364911,1.0
IPO8,1270664.163498672,2.0044739912043235,0.7456043816100991,3.3278092234341257,0.0008753178627687162,0.005582806394210688,0.0029253427635904956,1.0
TTBK1,4501.59696950259,1.8872897634649168,0.4207327493085447,4.851692395050885,1.2241238022753819e-06,1.5359985599405167e-05,4.091064353923013e-06,1.0
ABHD10,319328.54810282856,1.7832281031128103,0.9374460879422607,2.7138089954733844,0.006651450461195135,0.032502293153824365,0.022229378950968746,1.0
DACH1,94243.93317613238,0.1002801222810934,0.3000610820103104,0.3566595094570863,0.7213467212705345,0.8773285762741749,,0.0
POT1,305013.6981015064,2.6622725189216374,0.6561080309468651,4.551107233038728,5.336434017041526e-06,5.831542993677326e-05,1.7834548224289383e-05,1.0
TLL1,3544.391807314144,0.7582880739879585,1.202313990905879,-0.28043724378504703,0.7791420664987843,0.9067899044732995,1.0,0.0
CNTNAP2,160611.22463880724,2.192500686888199,0.7488699058105517,3.530994359127495,0.000414000576850297,0.0028755478175109643,0.0013836043374923245,1.0
DHCR24,2747159.55749264,0.04784314965347851,0.24334273702115952,0.020947593210131645,0.9832874610489041,0.9930308555062137,,0.0
NUP88,228250.6665078365,-0.5066172196967081,0.7791644125562509,-1.2320008072074866,0.21794878258818862,0.4667393740331963,,0.0
RN7SL23P,256.01110867885217,-1.0933772735971932,0.9723664258447992,-2.0608549477209994,0.039316880484369994,0.1381762851083348,,0.0
ARL9,9946.894689296018,-0.5531456324376667,0.5748333620782601,-1.3657421102427785,0.17201992207610206,0.40502946291751707,,0.0
CPNE3,696226.9227222122,-0.5228065659622013,0.717054184209696,-1.2757123881049472,0.20205720778832803,0.44768132018407725,0.6752822212095863,0.0
DUOXA2,1263.2124577818186,-0.9623396665264969,1.6280743834428912,-2.2412769786852738,0.025008139214684217,0.09570164539320535,,0.0
PLK5,2633.724263604433,-0.010572193454595962,0.26556514222100114,-0.047909480663699607,0.9617883835918704,0.9864800138956255,,0.0
GALC,78332.06960811563,-0.005353887431825257,0.7900706858555083,-0.03573764014614521,0.971491557214036,0.9886244156867778,,0.0
RGS8,551.7917752247024,-0.9150730650244062,1.2483627067686984,-1.9637078920747004,0.04956397685487665,0.1655668899085311,0.16564453576733543,0.0
NR4A1AS,431607.20593426656,-3.2972679422426383,0.7228227465606273,-5.056371052956942,4.273095595989594e-07,5.878743638119018e-06,1.4280834210693468e-06,1.0
ZNF516-DT,1478.4981943261523,-0.21412574596852524,0.3509803474398137,-0.713086269657105,0.47579237525807516,0.7273055163877646,,0.0
ZNF706,292098.81410149706,0.11126081828090326,0.2970445055182886,0.39499540194514177,0.692846281365946,0.8658844667521357,1.0,0.0
MBNL1,1899457.4938046609,1.7916250280505923,0.41367380375334495,4.719120974459258,2.368659346735482e-06,2.789878485282311e-05,7.916141980087189e-06,1.0
CSNK1A1L,2554.3457447461387,-0.04758724765350239,0.28628536742366106,-0.18494399447226675,0.8532729635641474,0.9395321409924882,,0.0
COMMD8,82879.70700233884,-0.16832659269730257,0.5310825474160429,-0.4536608569225201,0.6500729443001327,0.8421614959788846,,0.0
ARHGAP44,43854.3381373123,-0.08782350465250173,0.814016732839067,-0.28103938821082936,0.7786801893431283,0.9066749511726704,,0.0
PPM1K-DT,1158.9975751620757,0.17641465488230523,1.0018164201354616,0.5542492357916337,0.5794082867816277,0.8016387993514373,,0.0
HMGB3P7,523.004890606324,-0.1781494705564079,0.41106127245270896,-0.5366116209357576,0.5915359152553518,0.8095725844848525,,0.0
FBXO41,87301.46266379333,-0.36386482837305933,0.7612429716839852,-0.9456804438143095,0.344311600033293,0.6114836879680886,,0.0
CACNA1H,480159.2855326509,1.3153960910542684,0.27450708111682454,5.100446399981529,3.3885333364774665e-07,4.793862742880585e-06,1.1324596351427034e-06,1.0
TELO2,377615.0796750149,1.400405111917212,0.8109827826241615,2.4540948305286676,0.014123972926625757,0.05997884421391924,,0.0
RAD17P1,2605.623739426622,-1.0511999457242318,0.29034691719967864,-3.890346650937669,0.00010010111993318506,0.0007947615150180066,0.0003345414269252965,1.0
WIPF1,250049.5237426196,-0.040275406821934416,0.8670948928365906,0.09996843237051031,0.9203693871873824,0.9682588412921399,,0.0
EIF3IP1,423.4491956232124,-1.7030333418662198,0.40508807073512426,-4.583786036997453,4.566315015586525e-06,5.101605634863335e-05,1.5260783716749344e-05,1.0
MIR497HG,197369.92540727273,-0.14691049162933384,0.33161204495563895,-0.532871570777021,0.5941224860134298,0.8113337968693104,,0.0
KPNA3,247463.5292638825,0.46456639787170745,0.26717823446175515,1.7886962551516414,0.07366374639530579,0.2254579615406724,,0.0
CUL1,1238343.7055445504,1.962107380128348,0.4598938282390827,4.67368564855067,2.9584203583201758e-06,3.443904724813743e-05,9.887143807960266e-06,1.0
MFSD9,73591.36953356156,0.16453372064335783,0.48904816737298157,0.4552448475529333,0.6489330993492242,0.8415403526746366,,0.0
RPL7AP34,6907.505233750776,-1.7356999472326888,0.28991758592616595,-6.256588570518873,3.9348967486926535e-10,9.680233676340449e-09,1.3150561891715139e-09,1.0
VAMP3,258675.46788742076,0.4023358239674373,1.070116903607751,1.1355925960643165,0.2561271089628949,0.5126648425493777,,0.0
PART1,16528.419540866507,-0.4325755678686715,0.8716661804955643,-1.1721566486367305,0.24113416973698276,0.4959928791290631,,0.0
SLC25A1P1,369.1298202101992,-0.4865952665585945,0.3019204251931876,-1.7912026444480462,0.07326078201289206,0.22459444160367276,,0.0
ZNF200,91914.23568181216,0.5884792170052302,0.8654766417035856,1.3438624175231255,0.17899288100618027,0.41571122606117383,,0.0
CYP8B1,2593.950740542897,-0.07971347022424408,0.7389903298646504,-0.22769028442762684,0.8198870259764985,0.9266207878426265,,0.0
ARF1P2,80.76000738857071,0.12589849173478845,0.9222969944907312,0.3810321635276369,0.7031793825301709,0.8705200387594629,,0.0
MUC15,65250.53160088826,0.3289734518198765,0.5257625747117705,0.8901874130677255,0.37336526212011467,0.6384709806569127,,0.0
SNORD88B,219.16813752417957,-0.9735600764848961,0.7050085395320038,-2.0354010889627236,0.04181053186047059,0.14500124729943759,,0.0
SLAMF1,16619.738900108114,0.35023756484872015,0.6183687405075967,0.8667261744641696,0.3860920605116217,0.6492636457920332,,0.0
LGALSL-DT,2935.7803447886263,3.0821876857859434,0.14924617769326112,20.752729373789034,1.158258832538039e-95,5.784344609694967e-92,3.870941332571907e-95,1.0
ATG13,1445545.2880183808,2.8338305216205373,0.4469478885881637,6.65144135504152,2.9023649918663858e-11,8.838055347183373e-10,9.699804822214769e-11,1.0
RPLP2,3792050.1472628056,-0.14548089221281368,0.2524461798136222,-0.27978493871657706,0.7796425075781197,0.9069496116573794,,0.0
ATPAF1,282487.5905265295,-0.13234319349156345,0.25735412860185036,-0.5904339609042755,0.5548997479120772,0.7861696792976124,,0.0
DCP1B,164153.1841907231,0.5674582150114775,0.5365514592690837,1.4124651344933292,0.15781304966742637,0.3825817330287026,,0.0
RFTN1,335709.9094254181,1.3534027049151918,0.9018334835798211,2.3176547504228275,0.020468092081567274,0.0809965545604968,,0.0
MME-AS1,44896.964647191184,1.1229207958358745,0.2711429953905816,4.356190525641395,1.3234558919513804e-05,0.00012833667426029503,4.42303565496201e-05,1.0
SETD1B,267699.8706570651,0.1381865667847081,0.3739081466874326,0.4218066645393245,0.6731661407880491,0.8554177371744319,,0.0
CTNNB1,2895614.33966441,-0.23099211199299535,0.3575883848504214,-0.48443314479755006,0.6280785004611944,0.8308716913657329,,0.0
SLC25A1P5,4886.46554904146,-1.963735393615657,0.48828601865225907,-4.4634727142448565,8.06418718146708e-06,8.338002232763271e-05,2.6950794241676792e-05,1.0
PTGR2,95583.9159625429,0.017984170365680077,0.1982212728570895,0.10615431372029958,0.9154599184283257,0.9661370906523088,,0.0
TMEM138,441473.8433549036,1.7143089815940005,0.4664065359723097,4.056629441089446,4.978597586989904e-05,0.0004206957081121418,0.0001663864642024136,1.0
ZNF627,45428.75425670427,-1.2703199384099497,0.6189041149378598,-2.6644429177498083,0.007711595290732405,0.036888608124442175,0.025772419870566866,1.0
NKAIN2,2907.327832143913,-2.9844978562134776,0.780164495978063,-4.40602888345333,1.0528293074337207e-05,0.0001055789068538956,3.5185921901047976e-05,1.0
TUBB2A,158759.70186070527,-1.0152957112428356,0.3980482063584051,-2.9313708397388645,0.003374696652661295,0.0180634888353596,0.011278353672515293,1.0
EFCAB14-AS1,6282.218491344132,0.03156728915307026,0.5700046086903194,0.07542706307490045,0.9398749273168346,0.9784730846404569,,0.0
SMOC2,538982.8381988358,0.4773381383035023,0.8424262773201774,1.1933490988387172,0.23273268094461053,0.48704401505098915,,0.0
CACNB4,22928.37325750116,-0.0588209085693927,0.7673277193989716,-0.18110994053537455,0.8562812822077605,0.9396657033762604,,0.0
CENPA,34405.10680649086,-0.8153578687567525,0.5101959334878599,-2.0378165604811658,0.04156828156925817,0.14441884531220636,0.13892264382550604,0.0
MEX3D,136743.679451819,-0.15081340803037066,0.6862920909520909,-0.4041762605675769,0.6860831093714661,0.861107881905565,,0.0
PRDM16,30359.104772340554,0.410064406464783,0.4256398582278763,1.171845936459478,0.24125891604542926,0.4959928791290631,,0.0
OS9,4906570.327737252,2.344336275464473,0.2639805561913936,9.10509344817667,8.619220395909652e-20,7.97118271429126e-18,2.8805734562769003e-19,1.0
IFT57,318918.243234552,0.6644630070049298,0.6280325756807719,1.4743039145450887,0.140399781679238,0.3546568081467449,,0.0
ELOVL4,23584.237245729357,0.4027992163832932,0.7806227949367106,0.9808537384891188,0.3266648734282859,0.5940875374730006,,0.0
SOAT2,2018.4810009372675,-0.9920790384898656,0.3415315305699539,-3.217162842478451,0.0012946509357539572,0.007913692500802035,0.004326768488768078,1.0
ITM2B,2676280.74989823,-0.27310705954778564,0.5421800493154199,-0.7162203463821502,0.47385530162646783,0.725899808687908,,0.0
TRIM45,54366.202809238355,0.09641569915788815,0.28602290365286787,0.3727608580710215,0.7093264372688308,0.8739092420931271,,0.0
ATP5MC3,1025443.5151753394,0.1733851708022452,0.6048076352458556,0.41207266220897404,0.6802861654920633,0.8574603844117152,,0.0
LINC02724,2841.29952978909,1.3298194520786848,0.2859780865759237,4.916705712488844,8.801270595319628e-07,1.132823333840882e-05,2.94141526656164e-06,1.0
CWC27,107219.73974039168,-0.37729483728480967,0.9300080174177091,-1.5562329467969749,0.11965270954412627,0.31700033499382846,,0.0
OR1H1P,299.42521071187355,0.039522792336827185,0.3293791072385152,0.1353313005795803,0.8923499384292108,0.9566924669895673,,0.0
RPL21P39,51490.19222003112,-0.3803711819249643,0.5237410219720524,-1.0059699663872028,0.31443001758489963,0.5822259947419314,,0.0
TGFBR1,358491.7143437488,0.21591926347707358,0.22498992412602775,1.0061145060768104,0.3143604914797835,0.5822259947419314,,0.0
FAM185A,20770.1461460448,-1.4069606750794235,0.4348127040513024,-3.685585516444169,0.00022817744674985438,0.0016684014188415414,0.0007625769689571774,1.0
STK38,260192.32055955753,0.9216578322206221,2.3962024280584022,1.6132308043548915,0.10669437333851031,0.2940572298303093,0.35657630928994777,0.0
HSPB3,622.0036574414887,-3.2903402398525015,0.9019227030093885,-4.282005813765259,1.852161417656993e-05,0.00017386643082291397,6.189987923936657e-05,1.0
PRR7,29768.36283703323,-0.6266160016966559,1.157184122448065,-1.978287103346822,0.04789632717693286,0.1611821145024277,,0.0
SNORD13E,174.35972695110178,0.41276474527569007,0.8978364148049455,1.044251314413565,0.29636913135368725,0.5597834500681975,,0.0
LINC01929,8383.949705423272,0.43521151435852645,0.34576707318171107,1.4415995305896807,0.14941538095027068,0.36884844906853775,,0.0
IPO5P1,17930.8204968872,-0.7744345102361735,0.7245819826405443,-1.7002735781835454,0.08907947793084611,0.2587829252315146,,0.0
LEF1-AS1,4370.974532340909,0.3479629962055972,1.0529572359371286,-0.17452408432378655,0.8614536046541892,0.942203088401888,1.0,0.0
CXCL10,465739.7805912805,1.226789123078002,1.4526773159333652,2.142805178134948,0.032128745358828814,0.11786322162235399,,0.0
RNA5SP334,5408.915695893723,0.1418751014488532,0.5886749574139053,0.3608046711307313,0.7182454706392641,0.876876613618352,,0.0
DLX5,14192.803852610243,2.1226969869738643,0.7385081350656567,3.495560755686031,0.00047306674118365223,0.003236294939001588,0.0015810055145448296,1.0
HEY1,153131.63323327695,0.22187185571675933,0.6362138369012398,0.551943622290293,0.5809869800599977,0.8026023678083427,,0.0
MASP2,17114.208762019407,0.3046226038358799,0.4959403924670006,0.8200189120394706,0.4122053260174988,0.6709663843733934,,0.0
LINC01852,3528.3679422723167,0.16017278303910623,0.38322933137973225,0.4977939195972783,0.6186293020558704,0.8260520680393093,,0.0
SDHB,317181.64250180696,-0.3190587268784957,0.3735120696714769,-1.0273935482766026,0.30423518823377493,0.5700735441935454,,0.0
DNPH1,58109.81897149902,-1.7553579510958157,0.3464906546568256,-5.410579383088716,6.282116757309932e-08,1.0665296789635427e-06,2.0995052857596041e-07,1.0
TARS2,237261.90293619013,-0.03294143373414641,0.32272627866077824,-0.13304056968487463,0.8941612956946821,0.9566924669895673,1.0,0.0
EIF4E3,161291.0606455495,-0.06772261160812461,0.4042093152004933,-0.2148353380030112,0.8298957003695122,0.9313363617896464,,0.0
DYRK2,498236.439018743,1.804719875988485,0.36046378333174767,5.28562891192469,1.2527361583448592e-07,1.961180054788159e-06,4.186687843785731e-07,1.0
SHISA5,803562.8889759469,0.6262869960267973,0.8384267298378584,1.5983626972699623,0.10996228138657099,0.2999189695491729,,0.0
REN,935.885407052387,-0.5285925864857343,0.23370428971897933,-2.4033633611953706,0.016245036705792644,0.06738182168499042,0.054291478093723346,0.0
RBM23,1286067.5518388127,2.9379432423618903,0.677705044252549,4.804889299151767,1.5483715079581892e-06,1.9092758791958512e-05,5.174711472045006e-06,1.0
BHLHE40-AS1,15990.237011726687,-0.16037635333879544,0.7484505887395321,-0.4472851359871505,0.6546691977747547,0.8435156032181522,,0.0
ADORA1,44035.88469186207,-1.216925671638069,0.8159992909725738,-2.287381011608522,0.022173593637281955,0.08671784341664558,0.07410492170746238,0.0
ST6GAL1,624218.5036947202,0.5926175690708747,0.6471693241445897,1.302087885469395,0.1928863439791254,0.4348905949664185,,0.0
P2RY14,14332.922539056988,-3.421585886768907,0.626003682430328,-5.890424645033038,3.85204491870397e-09,7.884062427871979e-08,1.2873668192161261e-08,1.0
RPL22P2,52202.487566887314,-0.5934940689842936,0.5566224437331089,-1.4831017641985624,0.1380473753724967,0.3506656117040939,,0.0
C1S,6085039.224251242,-0.1915927255301069,0.9397773949131614,0.16934118032157308,0.8655282864776606,0.9429256196286498,,0.0
SERPINA3,2032174.8337640767,-0.37775946378766034,0.6353268610361029,-0.92182607973166,0.35661930164656797,0.6221382978861459,,0.0
PDLIM4,187936.9345187869,-0.4233553752248136,0.22020188971959828,-2.059968143023272,0.03940158641857576,0.1382255284288124,,0.0
SEPTIN7P7,5793.653440091116,0.23911702251394648,0.16083612813499384,1.5340966903977944,0.12500586741430555,0.3273619831499958,,0.0
ZNF18,63468.09325261055,0.4537126235408206,0.5303683603886857,1.1662479147718938,0.24351422513980503,0.4996343633312187,,0.0
DDX60L,143669.48591951164,-0.8292215154411232,0.5267489618478934,-2.059878813008705,0.03941012763829247,0.1382255284288124,,0.0
SMARCD2,845963.9388333261,-0.1472898868509162,0.3044066381510229,-0.448967759211477,0.6534549146094952,0.8431159118632899,1.0,0.0
PHF20,275451.74919400044,0.2551930447635824,0.5033778398999424,0.6836406597378835,0.49420210298205713,0.7420460920903167,,0.0
CGAS,44003.19227658437,-0.4674456860549265,0.5231372730300236,-1.2138534701486232,0.22480368368619053,0.4764164690916466,,0.0
ELF3-AS1,10631.279310241269,0.4393740681118709,0.43922284138121065,1.2406509721141594,0.21473471329313942,0.463048498925277,,0.0
HELZ2,293831.7596077564,-0.22321247891898757,0.4594569107299718,-0.6473532278037346,0.5174033596387129,0.7606316141362448,1.0,0.0
SYS1-DBNDD2,341616.3932276623,0.14683278259844484,0.3058516631982971,0.5436393716790953,0.5866896608578118,0.8064762362576141,1.0,0.0
PSMC2,919039.9287933977,1.8269400017204513,0.2548437312705562,7.321122025872491,2.4590609738569247e-13,1.0496197011488446e-11,8.218267364436161e-13,1.0
MLLT1,486748.80637678615,-0.20074608915460573,0.42259952236896564,-0.6070575588504846,0.5438127144677749,0.7787105012404408,,0.0
SDE2,188564.74146643054,0.09394888694848559,0.34788129691459946,0.29753675680224995,0.7660567500051382,0.9022847663975613,1.0,0.0
EXOC6B,145243.71014393686,-1.248710937517125,0.40007061761703727,-3.510393247619574,0.00044744443061060085,0.003082120670992194,0.0014953748608023628,1.0
PPP3CC,46410.187654801484,-0.11117342050519104,0.8603820852491163,-0.3939533846970432,0.6936154554804939,0.8661954450286538,,0.0
DCDC2C,422.9654236568749,0.1264701546287532,0.8917964730020431,0.5794162010272387,0.5623083750444524,0.7914791502175861,1.0,0.0
SUGCT-AS1,387.5260648299617,-0.8862045878449222,0.9467342182164356,-0.45269635669545116,0.650767403393411,0.8423960509638445,,0.0
GLULP3,998.4793495492519,0.0854273968364744,0.19947750731993974,0.4486371996017954,0.6536933942199957,0.8431159118632899,,0.0
SMG6,281741.513208838,0.3095812599198372,0.45409585186670925,0.8517419494077111,0.3943573321522311,0.6562547540047459,,0.0
SP110,160652.61022995415,0.11293071736175943,0.8232305161071506,0.41154161653120985,0.680675431960241,0.8574841478249565,,0.0
GPR19,25121.55756461866,1.528509146779456,1.4956173593406612,2.3620812884920213,0.018172656972851347,0.07366416308637957,,0.0
IGFL2-AS1,396.2517237352182,0.3241350068553855,0.9154752611225064,0.2741604994296993,0.7839612823638228,0.91010463288106,,0.0
GUCA1A,286.95087088200137,-0.902146798567688,0.30991866671697543,-3.1835160982429356,0.0014549802252186038,0.008733378899929936,0.004862594554562576,1.0
IFTAP,180606.34349329007,2.930518766358471,0.5328922701321573,5.879610711445294,4.112324735697112e-09,8.348353548809502e-08,1.3743532399823078e-08,1.0
NT5DC1,184662.5812330881,0.15990513626663952,0.6013016952405491,0.39957936957131407,0.6894663540888606,0.8637670724384124,,0.0
PDE4B,237697.94041674415,-0.26298653501788755,0.33512032036599027,-0.9149851297721387,0.36019943668405374,0.6252930283821452,,0.0
EIF5A2,53001.96473100061,0.47559170705196896,0.36247184116279313,1.5114570971287056,0.1306720315293952,0.3381223447967873,,0.0
BRAF,202014.56235094983,-0.6673906899153741,0.9534288576488004,-1.6516418934280124,0.09860757447616664,0.27869056419579863,,0.0
APOC2,27482.325663633506,2.3357167500651546,1.7619733718475237,2.684674928999259,0.00726003801674176,0.03496299889644007,0.02426329974403722,1.0
GABRG1,1708.3332915752646,-0.29879848383750035,0.8534805418560001,-0.8985872013554316,0.3688725784021616,0.6332587337711911,,0.0
WIF1,193389.80135168016,1.8873295382970818,0.640745797659129,3.491816879358921,0.00047974702998114705,0.0032730282345981537,0.001603331272219456,1.0
RPL12P14,2120.2707134449133,0.32439458204185123,0.3834696653632408,1.0039317536398777,0.31541150984915745,0.5836106262270072,,0.0
GAREM1,91871.62485643188,1.5954172068067702,0.7637659387967443,2.759721617477535,0.005785063441633006,0.028746872465189286,0.019333883376220617,1.0
TSPOAP1,283110.7971342228,1.678312366336189,0.3191645164060852,5.579626411207878,2.41035718834011e-08,4.3772086540256394e-07,8.055497618060355e-08,1.0
SPSB2,30216.09132062407,-1.510395249934696,0.2277507627972554,-6.861044471673225,6.8358876517485065e-12,2.2911693243511437e-10,2.2845774461298724e-11,1.0
SNX2,518256.7816129782,0.4531227781281455,0.41147011379674103,1.2605557820818505,0.20746893831688018,0.4542305471085049,,0.0
ATP6V1C2,744315.1959473764,-0.4892837758620917,0.394361697889245,-1.5150891457146372,0.12974983006914168,0.336288588559496,,0.0
DNMBP-AS1,9830.36475811274,-0.32761914765394173,0.18414411927133764,-1.8469515195717474,0.06475416693216796,0.20519182084977589,,0.0
FBXW8,39089.66515813108,0.22539498152704682,0.7339885375674804,-2.3530808325686356,0.018618586227416512,0.07504537499573694,,0.0
PRSS50,4866.87044964842,-0.1799884573377347,0.8521181462715153,-1.8430392974008207,0.06532327308296693,0.2068021095153166,,0.0
OR13J1,866.9127512185598,0.36097880957853523,1.0200642385272696,1.000591924208103,0.3170241359842344,0.5837826456877827,,0.0
RNU6-890P,294.37492503985834,1.646056553600256,0.3579770096944352,4.9289538311359715,8.26711061259999e-07,1.0775795904245971e-05,2.762897141145365e-06,1.0
LDHA,357848.63710223243,-0.0788354619243441,0.8857589502079463,0.8900428493406117,0.373442878353793,0.6384709806569127,1.0,0.0
MARCHF11,3227.537985566626,1.2036665976398433,0.38743324710990856,3.4579359468004434,0.0005443307841089916,0.0036586647857877576,0.0018191724264097692,1.0
MALINC1,13609.269050801997,-0.038877435208683676,0.5168399109208769,-0.11184489991365325,0.9109463858600729,0.9638275955477128,,0.0
AGL,330055.3897192975,0.2511003900078367,0.3151883043302198,0.9524211340577381,0.34088344546707217,0.6090959940483883,,0.0
RAB4B,103943.3371238337,-0.6581904502571421,0.24651578781579936,-2.886831643458725,0.003891423934769556,0.020399301701840355,0.013005274234474158,1.0
PGGT1B,148293.33077779665,-0.2010278953130168,0.2219834534289031,-1.0114259243858905,0.31181261847430386,0.5811211955884951,,0.0
PPP1CC,662449.5016171272,-0.2027852278687469,0.41091993003913896,-0.6318708310700417,0.5274712849166006,0.7666495131092655,,0.0
LRRC56,25197.9233739654,-0.5025952031749661,0.8403529182099494,-1.251250559438977,0.21084307724704032,0.45799637603395926,,0.0
UNC5B,376995.74902365205,-0.43679981756786673,0.782735483865941,-1.1235913427682258,0.261186430448356,0.517399854684288,,0.0
ADCY10,3075.4890312884418,-0.038844591741348286,0.19777303229324167,-0.19897357786171294,0.8422834131386914,0.9352218635198148,1.0,0.0
INTS12,68995.42233730717,0.05661521289225615,0.8685879847957532,0.1485600709492366,0.8819007820594672,0.9518505523243957,,0.0
MRPL48P1,343.1534616715132,1.6087352802188664,0.5721353704598134,3.33844812319519,0.00084247759953147,0.005394016835974566,0.0028155894608170215,1.0
HNRNPCP4,9245.761113005625,-0.19965016594245477,0.7348377705477522,-0.5414095382440117,0.5882253342839656,0.8079200548443687,,0.0
PDE9A-AS1,1313.0402863980921,-1.4384875996836848,0.48787625436725646,-3.41945135380099,0.0006274755081191203,0.004123174588877483,0.002097044987977756,1.0
BIN3,152840.28522252376,0.055232408648965274,0.30380480331802645,0.18601746330827604,0.8524310665992875,0.9395321409924882,,0.0
SPRYD4,54103.79575503738,-1.17647020416589,0.4265718791694439,-3.1662178845119073,0.0015443506818129172,0.009206078890177962,0.005161273731119073,1.0
FASTK,274688.7997438958,1.0507648450690252,2.109572211296508,1.3192840680180942,0.18707416208221472,0.42796342551165567,0.6252083609615114,0.0
PARAL1,8834.223469039676,-2.7562680693126436,0.4712019982418884,-6.208656949690643,5.343933453386715e-10,1.2892562157590944e-08,1.7859611601579564e-09,1.0
ABCD3,436941.7252480666,-0.5603318474371026,0.5631169335653895,-1.404351616705246,0.16021417088547674,0.38614804826865445,,0.0
PLCB1,87885.99755397635,0.18410565334453008,0.7977848906726989,0.49324528941996426,0.6218392807039289,0.826628272797782,,0.0
PRPS1L1,183.2675695277293,-1.280154299081304,0.31920964775234306,-4.3172018572425745,1.5801963670841544e-05,0.000150889113904747,5.281071258936535e-05,1.0
NPM1P27,580069.9913210189,0.17981908507235472,0.44416247796873803,0.46697232549706696,0.6405196780753609,0.837631764539088,,0.0
DNAJB4,151848.57402366883,0.4852861391587267,0.9382296276771924,1.1658984756320354,0.2436554953883847,0.4997189092277591,,0.0
SPOCD1,41392.041521058665,0.08567953043166458,0.2570514626529191,0.3653842228361817,0.7148246166908341,0.8749183835063168,,0.0
TSEN2,133254.8841682259,1.6885752055315508,0.2700059172336917,6.4709827205643276,9.736757011193338e-11,2.628398081832407e-09,3.2540580827903845e-10,1.0
TAF10,120286.17994600636,0.4700934847032532,2.0903277162717084,0.3831404884489152,0.7016156005008625,0.8693143956399778,,0.0
SLC36A2,1208.0069115354777,-0.03273132374355342,0.43551183096348367,-0.1004072975230075,0.9200209764612112,0.9681070448440332,,0.0
RPSAP41,7828.820655916587,1.3526162232752008,0.6675483374024658,2.646025663780216,0.008144363730631326,0.038479614447277995,,0.0
XCL1,2978.698107174279,-0.29034984837224315,0.8860290650670463,-1.0586269490365818,0.2897697087198534,0.5514900630133186,,0.0
IMPA1P1,143.9549951098466,0.23707730039419941,0.6229147604808506,0.6001317681507701,0.5484184221923178,0.781621461309485,,0.0
MNDA,38104.85989451875,-0.5694612320430705,0.3452523593779881,-1.8896399636789196,0.05880612850939325,0.1886177301065574,0.19653212827804584,0.0
RSC1A1,81790.48568619086,-0.39348487592429365,0.37776835449317725,-1.258757613996736,0.20811789432032146,0.45505287400861877,,0.0
SNORD118,2378.789548716299,0.147081739501157,0.6493514595074387,0.37087903639624925,0.7107276299194314,0.8739092420931271,,0.0
RND1,216437.8412947799,2.295278001677648,0.19024465014798567,12.12691675326005,7.605954128553523e-34,3.1653445764996913e-31,2.541936342963035e-33,1.0
EWSR1,1968275.7136418833,0.04698316749508018,0.5695656248326502,0.08830769512120254,0.9296321230298408,0.9734918897905273,,0.0
CNNM1,198.24660648887573,0.10569633394499078,0.9710476483439128,-1.065441477149819,0.28667619558989865,0.5483190045101317,,0.0
PPP1R17,175.27516899859035,1.1677247887614104,0.3268630136947749,3.8773027310858343,0.00010562090415026885,0.0008332871964082822,0.0003529887378997941,1.0
MOCS2,353829.77745502035,1.1858289220070466,0.2570378458633265,4.82352291308984,1.4104455581576385e-06,1.756549904598316e-05,4.713758147176097e-06,1.0
SLC25A46,298861.5871554401,-0.2827527264091308,0.41005832608398274,-0.8696261390013742,0.38450474830480597,0.6476571882505082,,0.0
TREX1,90350.65940432882,0.37615547838840757,0.44823921677939876,1.041205696281016,0.29778009257999916,0.5618110246862545,,0.0
FAM168A,1395863.4148325664,2.096933342001836,0.40509843259499534,5.5307199945874945,3.189190503813826e-08,5.708536693923386e-07,1.0658385666360397e-07,1.0
NACA4P,44806.14796874554,0.21225487428148052,0.45803468421325144,0.5901755751699825,0.5550729453751264,0.7861696792976124,,0.0
TMEM263,347237.99150498013,0.017313530922016474,0.7741883536922514,-0.004878071353674502,0.9961078776162995,0.9984121018276063,,0.0
S100A9,677917.8110887565,0.049101638244255376,0.20470568608921785,0.23216891474809367,0.8164068205834215,0.9257801230684848,1.0,0.0
RPP14,145251.80271121557,0.0434953445681917,0.30611057563306565,0.14468732308842241,0.884957748540653,0.9529147147086936,,0.0
PDCD2,209690.0847138669,-0.33694788218938676,0.31742258263711337,-1.1991145504822145,0.23048340705575932,0.48485009892016095,,0.0
HNRNPUL1,3903994.255722484,2.7933283417025807,0.4733597053788894,5.345169759626982,9.033235183952e-08,1.46467456196936e-06,3.01893863945598e-07,1.0
PDE7A,197556.54619904488,0.20261030883645978,0.33003152924262436,0.6837731661944945,0.4941184135718284,0.7420460920903167,,0.0
PTMA,9466593.941187585,1.5458727442509579,1.6054445756022118,0.9298768079692793,0.3524348721848496,0.6186933985247952,,0.0
HNRNPKP5,330.9829045823267,-0.5301497348793993,0.9165656858627761,-1.3572992595515678,0.17468614252275605,0.4088015912645941,,0.0
LAD1,241983.74745762435,-0.09674096063526082,0.28660625664657946,-0.35953970589627016,0.7191913797668346,0.8769287423557113,1.0,0.0
TSHZ3,368508.1832874105,0.3503271409766266,1.1732195798707898,0.7008519751385714,0.483395397959856,0.7342082169743068,,0.0
HHLA2,534.5496086184827,1.554990582991199,0.44817966217153676,3.883250151060502,0.00010306943451338806,0.0008144442341137025,0.0003444616375671664,1.0
RPL27A,2228654.941455777,0.2371379158550699,0.6147874104939519,0.7581956360337627,0.44833387334269326,0.704081560840695,,0.0
HSH2D,43912.08961956315,-1.5217744725924436,0.9672764852875424,-2.511702636001981,0.012015028397012774,0.05295944555576504,0.04015464309657616,1.0
HPDL,12497.508841291692,-0.33471008118883916,0.45994886626455966,-0.9353313311846622,0.349617573471418,0.6165219498291883,,0.0
TLK2,151531.95969568694,0.005282120075331971,0.36651066597883714,-0.013520055323545475,0.9892128852300037,0.9959463980948011,1.0,0.0
MEGF8,1119147.9492083914,1.2827811118030976,0.8252334517558472,2.3116533960942864,0.020796791559193055,0.0821670704482675,,0.0
S100A4,723154.3465887759,-0.375546286151476,0.4582679106279358,-1.0443102202486396,0.2963418858735699,0.5597834500681975,0.9903848970326202,0.0
RPL5P17,11648.949001121156,0.3515300606840074,0.49572745199352225,0.9317350736733875,0.3514734557086885,0.6182664451599825,,0.0
HSPE1P2,29529.722919556145,0.0821097302034091,0.8238757943395895,0.21505221053347126,0.8297266125881958,0.9313363617896464,,0.0
ABCA10,206243.79807961656,0.5118563680421963,0.6615496725363944,1.253556859309295,0.21000312001251076,0.45727837194357307,,0.0
CERS2,1319979.428890009,0.20710693413339937,0.48425630580878976,0.660447000702383,0.5089670189704589,0.7540140292905583,,0.0
CDC14C,2499.8190278448624,-2.6547953488171743,0.5970827033625079,-4.9195121100831765,8.67602006901559e-07,1.1195877060636655e-05,2.8995561047252234e-06,1.0
SERPINF1,2262352.94408165,0.23796990982624883,0.5611811253172313,0.7350809288186654,0.46229020830238565,0.7157656831951699,,0.0
MBNL1-AS1,112670.60629845396,1.3790260341364364,0.7073370487885338,2.595984697836208,0.009432026573174232,0.04293990804264466,,0.0
NCF2,93706.78013672231,0.6237111824233325,0.6022178650555093,1.4582654959365682,0.14476737688432578,0.36130348833599346,,0.0
LTBP1,1354305.3887633344,2.6580795667539743,0.3702229360312966,7.466212558368292,8.253598333727764e-14,3.680220542735398e-12,2.7583812905155774e-13,1.0
NDUFA12,132710.16555095746,-1.0873112273666548,0.3909960216196131,-3.1614011815767187,0.0015701208335012116,0.009334742193458393,0.005247398475014424,1.0
ELAC1,30959.39415014645,-0.08921693780611879,0.2717151594982634,-0.3659830802427664,0.7143777010359658,0.8748411571784239,,0.0
CHURC1,299865.3443627892,0.04846469256669087,0.29756829662009476,0.15864077612820496,0.8739519008814389,0.9471605453563164,,0.0
USP46-DT,11600.280223860376,0.09029184227295892,0.24736064679256858,0.3957014112718803,0.6923253142635256,0.865655286683676,,0.0
RNPS1,747531.281423595,0.1652705033038189,0.4373015184772683,0.5970902865347661,0.5504471027078697,0.7834423529098238,,0.0
RPL17P36,117944.9492686968,-0.042277885718129356,0.40463151345208004,-0.13394946443225517,0.8934425357329825,0.9566924669895673,,0.0
SENP7,146695.91161933698,-0.7462817572471836,0.22870673706938188,-3.4709148607771816,0.00051868842858182,0.003500445962618391,0.00173347478173295,1.0
ABRAXAS2,129380.83146256962,0.16886281229667663,0.3981382786741275,0.5030466914222093,0.6149314451084413,0.8242646112343062,,0.0
PCDHGA10,549563.6914314711,0.4040530862579044,0.4485283180047507,1.0777116220763956,0.28116247026761354,0.5412710755439708,,0.0
PEX2,428593.15620200196,-0.19914093682332393,0.8650487428536902,-0.7406581072494037,0.4589007662041519,0.71362997561981,,0.0
MIR143,605.8105154477933,-0.24594953342097825,0.29440573662225733,-0.931924921325175,0.35137532729223453,0.6182664451599825,,0.0
TOR1AIP1,385387.99384610605,-0.7159778236833075,0.2939097697052027,-2.747444821966829,0.0060061614156725895,0.029609842161765956,0.020072800500972716,1.0
VPS50,111769.98964943054,0.314550722735933,0.973618124294661,0.8712157060016118,0.38363638579811965,0.6472567941472329,,0.0
KRTAP5-7,498.07255809879024,1.2229613940004447,0.5375312554332426,2.7796535857802454,0.00544169139705291,0.027284946623375737,0.018186322051864243,1.0
TLR5,79130.72923066902,0.07441256680249991,0.5398741718092173,0.18937729157971225,0.8497971211212572,0.9389130139114068,,0.0
GLT1D1,2698.309974468316,-0.11884720578253778,0.4598093662257953,-0.3414725913243316,0.7327478351869743,0.8843315250327984,,0.0
ZBTB32,16001.08329511823,2.634395860074997,0.41709416180969927,6.6189401309718034,3.6178332471745115e-11,1.0690804281887285e-09,1.2090924633964082e-10,1.0
SNHG7,208571.54689244524,-0.3231189200620454,0.32500738688032876,-1.1437942002830253,0.2527089956507401,0.5099105956686045,,0.0
ERCC8-AS1,1503.3904006199625,-0.07113542512243906,0.29808624831498953,-0.2702695120351193,0.7869529187168589,0.9126899387069191,,0.0
SUGT1P3,3336.9071601838746,-0.2587858199627599,0.2141045964235109,-1.28119622984004,0.20012475004647434,0.44519640755367595,,0.0
CHST14,136607.5087513505,0.05945469073490892,0.21154588082825135,0.2569126266954195,0.7972462229769488,0.9161177260807368,,0.0
ZCCHC8,163362.43192802617,-0.18882972251962807,0.2952859455856152,-0.7326757680884632,0.4637562067638452,0.7165836932483425,,0.0
CEP57L1,66743.37291284105,1.8628035363916626,0.5458508038188377,3.8628424414171754,0.00011207529749843897,0.0008812815021123338,0.000374559545120285,1.0
HCG4B,17171.618660363274,-1.8619718332493083,0.5037803764769515,-4.161216429217747,3.1655689992841686e-05,0.00028122885190527393,0.00010579441776054789,1.0
ADGRL1,660411.0384162692,1.0863083178798048,0.32294770483678736,3.632873820088951,0.0002802820972883554,0.0020227294708931314,0.0009367125246055947,1.0
JAZF1,303591.0377826966,0.7858447624061796,1.0755367781518883,1.7851559288701542,0.0742360281998415,0.22661046750000516,,0.0
RPS15AP14,339.35145169893184,-0.02539411671999556,0.2885451747729235,-0.10039436347009932,0.9200312444593075,0.9681070448440332,,0.0
ZRANB2,786536.4806780436,-0.14723904041004546,0.7090876916817312,-0.3753474478365312,0.7074020829971636,0.8733009276169287,,0.0
EXOSC3P1,433.12913091814636,-1.7051257284380263,0.41575037706687207,-4.491098676640772,7.085671153641983e-06,7.44965089290275e-05,2.368055961856387e-05,1.0
GOSR1,1326531.4105312214,1.9951923912419058,0.6552749674059113,3.609306346630045,0.00030701686918658486,0.002196622127102872,0.0010260610628170135,1.0
ENPEP,72079.52119315034,0.2031369093894254,0.781106431001513,0.5203698442795698,0.6028058239611929,0.8171586006683488,,0.0
MRPL23-AS1,3834.2610626173396,0.04967279251599494,0.9863423190622508,0.17095709516586988,0.8642575019595895,0.9427920412376998,,0.0
NPSR1-AS1,534.3622783691558,0.1347051651300831,0.9438415156380007,0.41136912269774367,0.6808018914949845,0.8574841478249565,,0.0
TRIM55,4011.3929831043797,-0.06808833647832721,0.5415579813717047,-0.1887337995503985,0.8503014594205051,0.9392624393598766,,0.0
ZIK1,83711.6641465477,1.7641278573443868,0.4198048306513522,4.565310695639864,4.98755097606929e-06,5.522800349110872e-05,1.6668568958175346e-05,1.0
STAU1,777626.3363304588,-0.1508122591393047,0.4099905819637615,-0.4617085374090661,0.6442903479076694,0.8394432552702585,1.0,0.0
LATS2,246610.83313888713,-0.12117270700390421,0.49597528863025225,-0.35397706530938117,0.7233560711305891,0.8788751029208056,,0.0
LYPLA1,312905.93898235855,0.7026310530179379,1.0170212064563324,1.467560243872624,0.14222371374866394,0.3570966447766856,,0.0
CLEC4D,766.7293426677364,-1.6068028772737641,0.3457401827920714,-4.975342745115362,6.513229161678912e-07,8.72039314569021e-06,2.1767438557070152e-06,1.0
RPL7AP6,1852474.9639555872,-0.07625920333856974,0.24484981090739408,-0.10470305111709302,0.9166114408311251,0.9661370906523088,,0.0
SENP6,287539.0984024791,-2.4445624875065195,0.535418752503139,-5.074603878754789,3.8830405834603615e-07,5.43190607109273e-06,1.2977256782608826e-06,1.0
C1GALT1C1L,732.1569242272008,-0.7677113881369739,1.5849431257585538,-3.408672089252039,0.0006527989654749949,0.00428393959734839,0.002181676863866566,1.0
ALOXE3P1,193.87399095629178,0.35836284809682545,1.3914611507474832,-1.0587136624088795,0.2897302037948565,0.5514900630133186,0.9682884254000792,0.0
ISL2,1512.1496575734564,0.33746039335800637,0.877340286134435,0.8744488029907584,0.38187388982770765,0.6452051098707612,,0.0
MIR3659HG,270.65334683282316,-0.5303770883933475,0.3319255138261394,-1.8092413619838192,0.0704135143510539,0.21854884441837366,,0.0
EPN1,601162.5794490972,-0.6719710690930182,0.29993576224329127,-2.4876393356124424,0.01285940693667206,0.05603828816905782,0.04297658556546425,1.0
BET1,110103.19845747226,-2.212062634798557,1.1865113452113905,-2.9279277180316736,0.003412293633722011,0.018206190605563805,0.0114040040918166,1.0
HOTAIRM1,28135.912047645652,0.08736994948351161,0.624691335126662,0.2135116615248201,0.8309278942411552,0.9316690399282282,,0.0
KCNQ3,52627.66444992144,0.2637298823688028,0.383451881661025,0.8218724823274534,0.4111494757886669,0.6699696333806501,,0.0
MSRA,76343.88115076184,0.13235389712468096,0.3414102517636292,0.4393796018663983,0.6603865042369943,0.8468276355241176,,0.0
RPSAP3,11364.634048905265,-1.2104386043484936,0.9750600055916566,-2.1909997715509406,0.028451808982879547,0.10659289877006786,,0.0
MIR3142HG,525.0826073829694,0.14814875452219434,1.0872890675145745,-2.2032796643738237,0.027575043367757752,0.10385351929003184,,0.0
CELA2A,14680.6135140816,0.5156525885294262,0.8139729490030483,1.207650503257486,0.22718172439270223,0.4807396320411674,,0.0
ADCYAP1R1,152385.18874879525,1.8962469023037354,0.29300272053195275,6.723671889176153,1.772012180019551e-11,5.600904320897239e-10,5.922126382086759e-11,1.0
BNIP2,401097.9348762385,-0.02331710894389462,0.41739757012415624,-0.038881627988229944,0.9689847642334661,0.9880117093685531,,0.0
CCDC89,4512.19440438556,0.2819687290162268,0.46437815678319183,0.780823719851667,0.43490618116030755,0.6943482956248644,,0.0
NR3C2,154321.48024276237,-0.1354165150103617,0.6844300653202444,-0.36763941685393886,0.7131421196646509,0.8740585879992542,,0.0
PPEF2,2475.8438555157463,1.9661623268320745,0.782733566591433,3.1859644193487107,0.0014427233934306914,0.008691146715069811,0.004821631796117431,1.0
SNORD45C,619.1283833509102,-0.062402456351639844,0.2796454168274921,-0.24864113609517616,0.8036383855217637,0.920286653816943,,0.0
HERC1,617043.3309785079,0.042484566569842855,0.4720650356280054,0.10639543139360225,0.9152686177244291,0.9661370906523088,,0.0
MPZL3,39836.966545571326,0.3192137054419976,1.0459291132087176,0.9266416409441433,0.3541126271180157,0.6201897154411041,,0.0
RACGAP1P1,851.9823317968306,1.0590311621344703,0.37536733451532545,3.1631230517230415,0.0015608634154143939,0.009290765073396285,0.005216459861555602,1.0
RFFL,245141.28068250403,-0.6113361529856517,0.4572198759924325,-1.6845400321156698,0.09207734963050486,0.2654932355974257,,0.0
YWHAZP6,12396.086479190819,-2.03767188050827,0.2775633544057886,-7.588181153998958,3.244271386854517e-14,1.5578741640337939e-12,1.0842467894621554e-13,1.0
ZNF326,242231.15297241035,0.4942621652536342,0.38301288041639414,1.4994143007917853,0.1337661859002864,0.34310648812841826,,0.0
RPP38,209072.96458987027,1.0761510351772992,0.8475964836769185,2.037651860971882,0.04158476162574144,0.14441884531220636,,0.0
MAPK6P3,627.4295872724337,-0.19246720222794578,0.2789728392856488,-0.7625297508848996,0.44574389372213297,0.7020540559649046,,0.0
NDUFAF5,57122.556794962555,-0.1850647495970306,0.451474758016535,-0.5402877096778592,0.5889986328943002,0.8079409505288101,,0.0
RPL5P24,7947.2156390554155,0.1991558360160935,0.5158809455136403,0.5209264870031979,0.602417983145688,0.8168545772005338,1.0,0.0
SHC2,222237.7048269185,1.5353179483614585,0.8898400107812692,2.500829294517294,0.01239028852388847,0.054421372812927894,0.041408775501857516,1.0
PCDHGB9P,691.5089113150989,-0.08209001526546511,0.5705054960160736,-0.22191496951341433,0.8243800770743956,0.9287039416556327,,0.0
MOCOS,125400.30702470704,-0.10685305083106181,0.784247054198731,-0.32134114013765475,0.7479518828814642,0.8925380413644043,,0.0
NLRP14,345.9415571438671,-0.3732424126520709,0.3666697812657615,-1.1955405676706174,0.2318758961258992,0.48654967447594144,,0.0
RNF121,86728.34828290106,-1.6765315659495261,0.3652042569201376,-4.941836648937197,7.739004516858763e-07,1.0170681199261227e-05,2.5864022458283672e-06,1.0
RNF130,313235.898367432,-1.0300820131412765,0.48557556851281475,-2.6157745490264093,0.008902531770516977,0.041089873994419386,0.029752571037611288,1.0
CISD1,72528.58288799907,-0.45190218986703523,0.817329730900431,-1.1548050577234443,0.2481702654758825,0.5048318964507361,,0.0
ASTL,1508.83476513495,-0.5523677607669616,0.8497072736092934,-1.3317283842445697,0.18294945855684042,0.4216195643898759,,0.0
RFPL1,1323.6343379965097,0.25369003938274626,0.7235501034564966,0.6406407169589331,0.521756138996075,0.7630697443562504,,0.0
RSPH1,60200.21839547784,1.7603147397404664,0.3015994625250585,6.067024066081965,1.303020384343389e-09,2.8921261330715043e-08,4.354739477260068e-09,1.0
ADGRF3,22291.50695986635,1.7252316008875286,0.615918186997432,3.353313835786081,0.0007985010984226605,0.005145438045835828,0.0026686184634701097,1.0
LINC02028,7176.4218519342085,1.4116476401000941,1.134112860628859,2.296986227678824,0.021619555403609526,0.08501422022490235,,0.0
RDH5,241341.39941984921,0.9966727414450809,0.7085574417200348,1.995761035789767,0.045959939868811625,0.15624502362480955,,0.0
SLC12A2,589158.000369064,-0.25691641905651796,0.34414556340461794,-0.8709395967128707,0.3837871349591494,0.6472924525450835,,0.0
PARP6,432205.3618395361,-0.21650753482736265,0.45378580826146886,-0.5474380156311693,0.5840778438772976,0.8037709430485599,,0.0
RPL10P1,2482.3387272965324,0.36927890447357353,1.8807374086926214,1.5487444401306372,0.12144316632369898,0.32018102496498707,,0.0
NCOA4P2,318.7372627103926,-0.05361325736009294,0.28446134298732717,-0.2095892820420528,0.8339882455448392,0.9335593134256123,,0.0
TFIP11,137908.94882861985,-0.48236540741499434,0.8694869089961985,-1.2518149414503752,0.2106373043972367,0.4577557433245431,,0.0
APOA1-AS,2003.5666902788112,0.20523820272826124,0.6438850282325063,0.5166907983646023,0.6053720204680955,0.8184425357097533,,0.0
CBX2,63672.92475581495,-0.008498466550376423,0.5599774619026904,-0.03460903645906611,0.9723914957656092,0.9886244156867778,,0.0
NCDN,244726.70365096797,1.3192513651545728,0.8026907978596026,2.3536131109699205,0.018591950475261708,0.07499854658599109,,0.0
FGF10-AS1,15426.116951473294,1.5458435418951229,0.9137400498343919,2.530493932426747,0.01139020549498538,0.05050430905757264,,0.0
CADM3,114244.33832502773,0.260467259612607,0.3599937662704774,0.8866320452496134,0.37527703521974887,0.6394177802413599,1.0,0.0
ITGA9,149430.81563740404,-0.18232080375796442,0.3084984334699316,-0.6801868913418384,0.4963861314803254,0.7442066468366092,,0.0
NMNAT1,61922.43268349748,-0.02231870088769662,0.19433641396486823,-0.13288491231372565,0.8942843993041375,0.9566924669895673,,0.0
GLT8D1,254258.903918866,0.0655322490612242,0.3858306521986973,0.18799590052458215,0.8508798647939332,0.9395046682540119,,0.0
HOXC9,41090.55663313774,0.2778646617971914,0.557242436385862,0.7079292016321848,0.47898922440517844,0.7299579452790543,,0.0
LINC01816,5403.744519566419,1.851371033485485,0.2044880235572847,9.248627890857898,2.2739286368236306e-20,2.365833252561919e-18,7.599548650375094e-20,1.0
FBXW2,524922.9664660303,0.1847244677408902,0.251350151527387,0.7562676985673301,0.4494887106141622,0.7052055510976075,,0.0
FBXL5,622800.4952906771,-0.07297971502866214,0.46611861044915887,-0.20926243987935503,0.8342433712586383,0.9335593134256123,,0.0
ADAMTSL2,36648.82823691014,0.01689317134135996,0.5782834805316214,0.03145096543178818,0.9749098966957296,0.9892651001611754,,0.0
VIM,21781820.51782941,2.077791672307569,0.416491256391632,3.039882218392652,0.0023667068390196113,0.013385429166550326,0.007909616631341982,1.0
METTL1,124626.14320896352,1.3625071453536548,0.47998311354547807,3.3055898730842985,0.0009477670340907624,0.005991327301581351,0.0031674704158066776,1.0
H1-0,1525649.9856296235,0.3546051702641279,0.5705311999725774,0.8224675546149537,0.41081084521407607,0.6699696333806501,,0.0
KLRG1,9554.638525263568,-2.187196696091386,0.8755296991566396,-3.2699564398036554,0.0010756404691159452,0.006714685628456288,0.0035948278864095812,1.0
ESRRB,2538.67826214869,0.1709535188466042,0.3213166514972131,0.6018501306019968,0.5472739022528716,0.7813973290896786,,0.0
NELFA,235903.92950373696,0.4836242409582149,0.39930106997080655,1.4114900970587254,0.15810015356356932,0.3827203911277097,,0.0
KIF3A,98880.03820876288,-0.013635160351815102,0.2892857725593448,-0.06583869113478702,0.9475062519760097,0.9818398440718766,,0.0
RAC1P2,360064.42528954707,0.5126871689445004,0.4900755558046581,1.3032687650427401,0.19248302082204238,0.4348905949664185,,0.0
ZFHX2,21220.39784754403,0.11152297725901683,0.363252751628708,0.3494086758906821,0.7267825208767463,0.8801047306640328,,0.0
NCK1,139777.40418925224,-3.97093230602989,1.726894362204945,-3.4203290142518705,0.0006254544032154929,0.004117843536166709,0.002090290385043478,1.0
RPSAP39,48.04175316704051,-1.3216408052693214,3.2839862223511105,-2.457416382014091,0.013994038432939776,0.05964053915395123,,0.0
SOX11,139031.4054076801,1.5462719704927246,0.3057228953733827,5.3527584472916185,8.662345070996966e-08,1.4277145638468266e-06,2.8949858727903515e-07,1.0
FBXO3,738537.0844753705,2.3227579852186495,0.2692134687612245,8.829668892157793,1.049860461735234e-18,8.456456686944772e-17,3.5086702044471376e-18,1.0
ZCCHC7,132743.53376400418,0.39574030064066323,0.25923408457934183,1.6362636714595145,0.10178441576913133,0.284826364166059,,0.0
METTL8,121493.15536730006,-0.8110396963260109,0.5886486619434468,-1.9126274236463674,0.05579576633980582,0.181882543799602,,0.0
POU2F3,31192.435658685572,0.0028520475663665235,0.2603215050858964,-0.019580234864172277,0.9843782311048938,0.9933686858061559,,0.0
SAR1A,1006564.4149949346,0.07681228512071105,0.4964144759301234,0.1671430225487071,0.8672575150255444,0.9442084216345255,,0.0
LEF1,70506.0714886358,-0.17068916351616684,0.3307516649525826,-0.5952935353287332,0.5516472764265945,0.7842090801236586,,0.0
EEF1B2,591153.2827645901,0.1901433080808444,1.0650692806580546,0.3564501250725621,0.7215034967477045,0.8773285762741749,,0.0
RPS12P31,288.5776357954522,0.962347898980494,0.4561039200350501,2.517280151632791,0.011826475084757496,0.05217439626614747,,0.0
SLC3A1,369348.707282152,1.9442517243099435,0.4619283186410292,4.575349547458242,4.75425527505434e-06,5.2997211704511995e-05,1.588888660531882e-05,1.0
CAND1,2522044.6595890736,1.8120612424446279,0.37032359432558226,5.202275478108456,1.9686312230251723e-07,2.934729650085884e-06,6.579234067312374e-07,1.0
KIAA0825,14803.342528953915,0.1458114157097328,0.23141162362145845,0.6734087183627585,0.5006873035895689,0.74751342126347,,0.0
HCG25,73992.59541912409,-2.1588210939735375,0.7769491364417244,-3.4756507750878463,0.0005096154346325667,0.0034532150346744074,0.001703152520160914,1.0
PLAAT4,735066.3195336154,1.095712732312737,0.5076613041646525,2.582183159849006,0.00981774646248681,0.04449167498517163,,0.0
SDCBPP2,6969.187829413289,0.40782685886857933,0.9590716174327935,1.0534616156484469,0.292129477548712,0.5536601938816955,,0.0
ZIM2-AS1,4961.030883148638,0.15915146746445638,0.8238489523795961,0.42564878054473304,0.6703637895037291,0.8538119777560885,,0.0
DUX4L51,545.5507271394897,0.683727305083072,0.6484752372950711,1.568900397570971,0.11667114923925659,0.3114140669699879,,0.0
RAB31,522463.7782180139,-0.30555391311839186,0.4607524067029633,-0.8744775086563569,0.3818582634517538,0.6452051098707612,,0.0
VCPIP1,212456.96181073348,0.21643090326247078,0.3811646145316778,0.7116366202073232,0.47668982420718464,0.727641120799326,,0.0
EPM2A,66155.25534503709,1.099939136348446,0.6083314424521897,2.3567109557343278,0.018437591904862168,0.07455654572702969,,0.0
CCDC168,1303.8567708629676,0.1423987476362308,0.31790352303677166,0.5072822457521128,0.6119567940747161,0.8224066599795865,,0.0
DLG4,83811.7008556269,0.022798995026059737,0.9457735712556066,1.5168211023623777,0.12931185766717213,0.33564626673069525,0.4321647291380123,0.0
C18orf15,431.4460255620341,1.9632403801481024,0.28624523760833526,7.1127972349769735,1.1371428507783333e-12,4.237978654318654e-11,3.800370986570427e-12,1.0
NR1H2,743195.1617926818,1.0320430322884462,0.39853190947760236,2.9721149591234943,0.002957559210801811,0.01619523102932483,0.009884265822980886,1.0
C15orf39,251662.18969345343,-0.13716302170288425,0.2838365493308242,-0.4931951084064729,0.6218747338608864,0.826628272797782,,0.0
MAP2K5,92398.20958812597,0.10404606075060711,0.5655681601216433,0.26147405535718066,0.7937269545944938,0.9148145574864258,,0.0
NRGN,38315.68840892797,-1.0428451554702378,0.9634043578034189,-2.0200806850016404,0.04337501899174983,0.1486718221309531,,0.0
POU2AF1,47922.84724723172,0.5357777243025487,1.2030295711890011,1.4751520570984675,0.14017166754475283,0.35443914314860536,,0.0
RPS3AP13,226.0222077301461,0.42467243693210577,0.2914655233289703,1.6075217844741454,0.10793995456012513,0.2969540062866416,,0.0
FKBP9,588072.1995972107,-1.611324496635103,0.5055022296761041,-3.7589961733210897,0.00017059644670791625,0.0012753872078732542,0.0005701392626590535,1.0
LINC02482,6459.0546945853575,-0.6579044386632931,0.7504635705821315,-1.490039011122939,0.13621397876940267,0.3477774079623706,,0.0
IL24,10334.657432256912,0.1533061159799406,0.2701679378105313,0.6084509295870855,0.5428884418522273,0.7781816528731409,1.0,0.0
LAMTOR3,179650.87241166792,0.09675498605440734,0.6780074997847524,0.23677521629800544,0.8128311794241704,0.9231928383089167,,0.0
ATP5PBP7,960.4117993847291,0.3004779643732826,0.25431003828708776,1.276931475860283,0.20162644051905576,0.44732227630038407,,0.0
PBRM1,299906.28722773487,-0.5213446179289523,1.051972423968737,-1.957118719313277,0.050333512070508804,0.16757703952008066,,0.0
ASB15,13.630207279883773,-1.0520575497706193,1.7587182044457028,-1.9210537141669835,0.05472493605175597,0.17909327040790912,,0.0
LINC00974,309.06494387653004,0.0017977794671423602,0.4176346179569985,0.0013362235781894053,0.9989338481544497,0.9995342892573276,,0.0
SCAT2,1924.793804819255,-0.21625887718406814,0.28525195773790496,-0.8410551670489264,0.40031702963795956,0.6622004789705102,,0.0
IRGQ,132040.2971424568,-1.0750025397384424,0.37522636927063524,-3.2532265873080797,0.0011410247200334153,0.007078605530244566,0.0038133443287328263,1.0
HCFC2,104040.13095470348,0.09121052401872368,0.25557410252318635,0.36437214976547283,0.715580129409576,0.8752317428309677,,0.0
EIF3A,1626056.100957268,-0.19390768124169414,0.2954911701747878,-0.7797358667589108,0.43554636266895463,0.6946746810747039,,0.0
TAF1A,34642.50025692162,0.012783982140991886,0.8776454847146989,0.01617408457235805,0.9870955102749767,0.9950655991750571,,0.0
MDK,460321.61218953587,0.1343420830821475,0.46457209592575627,0.31988186404738356,0.749057886510461,0.8932175466172976,,0.0
REXO5,71584.56697557622,0.8411580535667729,0.4537041971717536,2.236485865817168,0.025319962136591594,0.09667269947258289,,0.0
RFXANK,974671.4402363492,2.095091283700632,0.5424976553979886,4.318615765257385,1.5701085865518882e-05,0.00015021307052184155,5.24735754528352e-05,1.0
BLVRA,1382036.8412015333,3.169310223850753,0.4013370767106832,8.142881264680318,3.859807354553851e-16,2.241381154493248e-14,1.2899610522950054e-15,1.0
SPCS1,450292.34464633267,0.23694268726689632,0.35702989422579745,0.7481549588185801,0.4543666952483927,0.709903143922222,,0.0
STAT6,813449.6424445024,-0.625346055301772,0.49783171479325067,-1.6366751708532155,0.10169835960772423,0.284826364166059,,0.0
ZNF540,25909.825261264763,0.3939685426766516,1.6884947680248439,1.4818595898700047,0.13837765936221144,0.3513258926562704,,0.0
SHCBP1L,636.3440331314655,0.03550173633886658,0.7654711386365153,0.08659978035167461,0.9309896404998553,0.9743005583940229,,0.0
ITIH5,1346011.5801839815,7.202730970823469,1.9523253425747045,4.367321355191633,1.2577959903416678e-05,0.0001234073315474713,4.203597978431022e-05,1.0
LINC00272,116.57939725552214,-0.14297832365570526,0.4529589190637729,-0.40989474354239114,0.6818831614875883,0.858629477677513,1.0,0.0
SELENOKP1,1786.2299148562713,0.8304095140534088,0.34691722878076225,2.6839580451436644,0.007275623581030223,0.035004300735708024,0.024315387242358703,1.0
APH1B,114367.17442567143,-0.07117524222024219,0.26635223907793326,-0.32065171752594096,0.7484743404273244,0.8929481261572044,,0.0
SETD4,67066.00370547576,-1.1612576751306893,0.5610220760816677,-2.6117328481807234,0.009008461855612195,0.04150208349347537,0.03010659306899042,1.0
ZNF404,92002.27512854185,2.6931571001052195,0.8833891960787966,3.6792900497032988,0.0002338841441315786,0.0017051349135665745,0.0007816489502335823,1.0
SNORD63,365.2646590108221,0.7612680027134628,0.6344768968375737,1.7282414365427055,0.08394494766313543,0.24864832065818407,,0.0
VWF,12855126.817431286,3.741503513176799,0.33807558871695575,9.298402412922123,1.425717169109918e-20,1.5478329440293327e-18,4.7647964025206295e-20,1.0
CNIH4,232792.37452749148,0.12015629644810569,0.23754302918169845,0.5511650618904045,0.5815205280964313,0.8028525266066279,1.0,0.0
SIPA1L1,293501.13133365917,-0.11679456141538679,0.2736856849258615,-0.45437912737018116,0.649555972814313,0.8419108560173058,,0.0
TOM1,12581.95506781651,4.127573012622659,1.502038896503047,1.2936842323618272,0.19577451389851008,0.4394147965883862,0.6542852395550608,0.0
CDHR4,2827.679110782567,-0.11064673163089776,0.40227810711861633,-0.3414385884977761,0.7327734291458576,0.8843315250327984,,0.0
RPS6P16,2349.1667938422765,-0.07982951853241844,0.7287210194121203,-0.22606960079764893,0.8211472876079406,0.9267366224438544,,0.0
PRSS51,3243.260119855601,0.03938198931401256,0.1721688635514966,0.23619229261666158,0.8132834599510118,0.9234964981799347,,0.0
RSRC2,425676.2359228771,-0.6878763688977256,0.5072511060945925,-1.77831588766267,0.07535198842102352,0.22867790913886585,,0.0
EPRS1,1379065.1143752586,0.9072210034851161,1.1947046391647722,1.7579912248639775,0.07874900242319376,0.23692291700742962,,0.0
CLDN24,398.2927865616672,-0.14110047490819377,0.416189979504743,-0.42252323169301553,0.6726431473194954,0.8554177371744319,,0.0
PRKAG2,83327.86664874331,-0.9520210830901149,1.3084526603111029,-2.038409100750275,0.041509036913736794,0.1443566367320345,,0.0
DDX39BP2,584.0285631412365,0.517977696047805,1.1735917548811043,1.3810825205833834,0.16725358935084034,0.3990752151065918,,0.0
LINC02739,779.0227265157752,-1.5817077151702585,1.1154343961405115,-2.48089924793078,0.013105140947067715,0.056811696084770984,0.04379783718119753,1.0
F2RL2,80193.88583336861,0.054631230385597446,0.7607814023908701,0.13251530840838396,0.8945767154442531,0.9566924669895673,,0.0
RPS12P23,14432.137898472449,-0.18204810151550915,0.18866109707933493,-1.010119305464504,0.3124381339763509,0.5816552589504161,,0.0
GPN2,151480.89094572808,-0.1618416684945905,0.2766337314776032,-0.585733074294075,0.558054904304871,0.7886039026877549,,0.0
PHAX,125348.83295574074,0.22122329211990072,0.5709790282824023,0.5815549095810214,0.5608665222514473,0.789894927276855,,0.0
ADGRG6,124207.58740521842,0.4471977832142485,0.8447215418454647,1.1140526955375631,0.26525658072673486,0.5219430118791623,,0.0
CRB1,1389.7471853325571,-0.08122569056331609,0.30774315078472514,-0.3008663180094642,0.7635164353013046,0.9012056435581932,1.0,0.0
IGIP,77582.10025863504,0.04602867597131047,0.21532946669501854,0.20280264565414016,0.8392892899758244,0.9337414052222042,,0.0
PON2,211449.47375135747,-2.1978136604585696,0.538166458780704,-4.573031488958512,4.80717860171161e-06,5.346781723150954e-05,1.6065758205050918e-05,1.0
ZNF790-AS1,17679.350388346174,1.1757355079831573,0.26047565843454573,4.741618392455828,2.120176992540779e-06,2.5150033018405347e-05,7.085705303718948e-06,1.0
MRPS9-AS1,24575.346174191367,-0.20969869708803504,0.2707005421288237,-0.8643233040016678,0.3874103118288039,0.6504593678940552,,0.0
LINC01011,25088.270643740783,2.28665853820537,0.8066675420864028,3.475137281065074,0.0005105919794175138,0.0034551440992019837,0.0017064161668217178,1.0
MIR6864,227.97235923303143,-0.13462557301307315,0.35120811790252443,-0.4497991185665235,0.6528552934679275,0.8431159118632899,,0.0
TSPYL1,325590.87833649514,-1.3886142019236836,0.20980645299377615,-6.901420625977708,5.148503649580546e-12,1.8106779736623413e-10,1.720647839515105e-11,1.0
SP3,642234.7968219639,-0.30463425921195086,0.4261771710198288,-0.9131068317111283,0.3611863576437089,0.6256554526786965,,0.0
ERV3-1,245215.12425846263,0.6987008236757307,0.4261864906062442,1.900526944493664,0.057364002456260374,0.18542124806897367,,0.0
DAB1,21574.375653689425,-0.7621980622403026,0.2748225207247012,-2.9758697984292706,0.0029215887276490427,0.016080669468798447,0.009764051216299646,1.0
CORO7-PAM16,147096.4634306202,-0.5751868477364409,0.7014443900698139,-1.3720863464395197,0.1700365593595431,0.4029814096793805,,0.0
RPS20P12,485.7385569433237,-0.1780674070313608,0.8701167758427866,-0.6646448249645254,0.5062776917716657,0.7521264509763478,,0.0
GABRA1,113.9918815914252,0.23339139083340643,0.9274617772205804,0.6644310110183285,0.5064144903414908,0.7521264509763478,,0.0
SLC4A4,32114.7944591793,0.019193526649282814,0.32879807531528416,0.06293695770979242,0.9498167051700447,0.9818639258164362,,0.0
PTPN11,675390.8697547215,0.31741804673445045,0.4831840167310829,1.0491608134791102,0.2941041107294903,0.5563469427966191,,0.0
ISOC1,134429.3703033704,-0.65578970906494,0.34806656928348617,-2.1616694048358367,0.030643667527100713,0.11335887083728961,,0.0
CCT6P3,102283.47425639922,0.7047728399685524,0.34727266416054625,2.251529979698998,0.024351990279403556,0.09362112352220274,,0.0
TPCN1,758162.6676936472,0.18905563559127336,0.4888758399281448,0.4803036145472573,0.6310115190709829,0.8313764986182309,,0.0
ZNF781,21203.41128136249,1.9390528987814553,0.4072248576308898,5.109076732640337,3.237368663604261e-07,4.619262601725623e-06,1.0819398753263771e-06,1.0
PIK3R6,5576.329883178573,0.19504356664086195,0.797972422040565,0.5125940088143215,0.608235344966916,0.8191821231835972,,0.0
SNX2P1,670.7156697232749,-0.1978796847858274,0.2956872831538661,-0.7486643750116485,0.45405952090555235,0.7098822471413885,1.0,0.0
MIR922,1787.7276924305431,-0.77955194486189,0.4556337067400335,-2.0929737852333474,0.0363514947510081,0.1295784188340717,,0.0
YRDC,46138.33288350185,-0.870241819200712,1.7746660520534587,-2.685347481468098,0.007245443493947097,0.03492639460306158,0.024214524340882098,1.0
KRT8P23,121.88833335113654,0.6868503746818704,0.6572805702971376,1.5703492846307545,0.1163338742126505,0.31096723220393035,,0.0
STK32B,31837.280597497716,-0.11483530773399868,0.5796513017838851,-0.31092624004187996,0.7558566958207275,0.8966148073464877,,0.0
H2BC12,154083.1546649518,-0.1518821964078795,0.8719183872560935,-0.6549339533944466,0.5125102784756262,0.7566966763898304,,0.0
CBLIF,538.952223781181,-0.34992128967150554,0.6798183462017918,-0.8762774836514952,0.3808792026098242,0.6450019456878474,,0.0
MYB,460308.9503376954,-1.0108314901736288,1.4490232332130109,-2.1734469208024643,0.02974669665099748,0.11061429864116264,,0.0
RNU6ATAC18P,563.3815366623926,-0.17220730373163987,0.5210315034918783,-0.4657129515387689,0.6414209805267266,0.837631764539088,,0.0
DHDH,3603.6423683558305,-0.037435661794590576,0.8430496869176749,-0.13849650081883824,0.8898480349096268,0.9554688398422138,,0.0
CACNA1B,5199.0144327313365,-0.12123738925924182,0.3082374325364908,-0.447584582194769,0.65445303224364,0.8435156032181522,,0.0
UBE2Q1-AS1,18750.70671129661,-0.07260993535662856,0.49558161723942756,-0.20681149666211265,0.8361570772178548,0.9335593134256123,,0.0
FAM86FP,27521.012757878656,1.7336695766266197,0.7858904278688605,2.892657035222467,0.0038199816870422543,0.020123405638279555,0.012766511755958485,1.0
KCNJ8,44761.94907928914,-0.3057710406946646,0.8717992288812129,0.8067838361208161,0.4197910332685336,0.6784583883958113,1.0,0.0
H2AC9P,223.75345581929082,-1.2200698610222507,0.3558039448794026,-3.7687938089928315,0.0001640383204153619,0.001235606896160358,0.000548221776327913,1.0
UBE2F,155483.99685505126,-0.07598692655108602,0.39401412595733787,-0.24448933032971046,0.806851864453032,0.9218527135846355,,0.0
CLUAP1,160109.02267234738,0.4341360198413538,0.38704159132752636,1.2790256337549664,0.20088802923727167,0.44627883363475745,,0.0
COPS5,309660.74908917095,-0.9768588241594222,0.37236344342770317,-2.9609199476501664,0.0030672165091325115,0.016631573557663152,0.010250744330721975,1.0
MAGOH,134196.7849541263,0.3940282932553516,0.24283287220927943,1.701361300274659,0.08887516358401347,0.25864951453296225,,0.0
ZNF277,140506.67626624956,0.3356275619857881,0.4925390860201506,0.9393342602328052,0.34755915380425895,0.6153206527880005,,0.0
PGM2L1,105702.76422111935,-0.22663242870047315,0.3374970055751807,-0.7849399069261775,0.43248880269375534,0.6923176431857961,,0.0
ZNF597,36047.85894274319,-0.03565599654674282,0.33910475939963325,-0.12288306903965864,0.9021996929550802,0.9596408621910768,,0.0
FAAP100,417304.55065404286,0.5841408901634627,0.5887037515967645,1.4121441044249625,0.15790753468447893,0.38262505007971265,,0.0
TDRKH-AS1,5726.0809500094565,-0.5278672041714285,0.42518934795474134,-1.5213775710007222,0.12816511405592615,0.3337609118483688,0.42833227207579605,0.0
ZNF829,67149.05883820597,0.16717296474582372,0.6461938899205942,0.4134718640998947,0.679260932285596,0.8569301988728367,,0.0
SIRPG,13867.096041126822,1.3693831205212577,0.19803832158534593,7.117941869614387,1.0955055293911986e-12,4.113499709608756e-11,3.661217609270586e-12,1.0
NIFK-AS1,56548.65514822617,0.147942443838579,0.2027855940204084,0.7572442052064895,0.44890357104751233,0.7046720133349368,,0.0
THUMPD2,247836.1524602218,3.35877031322847,0.7462654711874598,4.981147766704153,6.320825010905672e-07,8.485537662490033e-06,2.1124417188388233e-06,1.0
ATP6V1B1-AS1,6845.108899507691,3.9317267193097187,0.9606788361052263,4.643897883221602,3.418965975283323e-06,3.9341742121117314e-05,1.1426303289551292e-05,1.0
CCDC69,551615.8052880756,0.25316395521409557,0.2827514773588341,0.9657746677731227,0.33415694708916166,0.602447578975911,,0.0
BECN1,212000.52472354932,0.5603141617124278,0.8150350615659256,-1.0770925555367463,0.2814389185561055,0.5414121568833554,0.9405786615466096,0.0
MIR6811,187.28034142193883,-0.16624657119578384,0.28599827352425294,-0.6459707093033992,0.5182983248660086,0.7610649321907812,,0.0
GTPBP4,297368.687204308,-2.0163672173620775,1.1250837177764466,-2.838992116438541,0.004525627500716547,0.023282290718063398,0.0151248046258887,1.0
RPS3AP38,1337.6990925273037,-0.12242910463621733,0.2603142856417538,-0.5141756398584088,0.6071291975278124,0.8185753813320451,,0.0
NAP1L1,1092596.6703581922,6.908658950574752,1.3302615462461969,3.32627097155359,0.0008801631844763942,0.005599407571051099,0.002941535997383291,1.0
LINC01483,175.69494307487463,0.3665005382783098,0.704042677409221,0.9000441810773889,0.3680967392949357,0.6327196827783363,,0.0
LINC01704,693.293115137323,-0.4579809897029698,0.2494615683391722,-1.975405290573118,0.048222172897909886,0.16206024996780752,0.16116018024047127,0.0
PAIP2,509761.76240238035,-0.25600057273118487,0.32882774127900355,-0.9469828030911333,0.34364754196615344,0.6107387276081745,,0.0
MRPS6,706567.026352021,1.701245090477155,0.36814079232675195,4.9571648812506774,7.152927161667282e-07,9.475256829009655e-06,2.390533153828965e-06,1.0
KLF7,225793.67392198968,-0.2464814314424731,0.42364212106949056,-0.6920971825073452,0.4888763009309157,0.7371522484447443,,0.0
ZNF805,11410.045098635497,-1.4044578593954717,0.5771585259268769,-2.9937826278610857,0.002755421764085164,0.01540111680366058,0.00920871544048007,1.0
HS3ST3A1,7004.344648891538,1.0180468052681242,0.5432149076347639,2.365505816793916,0.018005460445938235,0.07316458052645691,,0.0
IKBKE,72246.49595809601,0.0827537521089275,0.3138185736595805,0.28443408858696023,0.7760777383864949,0.9061002269523913,1.0,0.0
CCDC57,380159.24165100895,0.6929509493475435,0.6063534728998992,1.601015342374266,0.10937352105229182,0.2989662638944419,,0.0
DLC1,439544.59797814954,0.012079282135219176,0.8503086031757255,0.18527981501437144,0.8530095692110482,0.9395321409924882,,0.0
HNRNPA1P51,126.57074064750873,0.16080866203584052,0.47920174018982287,0.4415337441917316,0.6588266379524363,0.8462672075125063,,0.0
DPRXP4,1189.946465072704,-1.7921053372767575,1.9753603130317514,-2.5527452157608717,0.010687764635315533,0.04791265402941272,0.035718881408387186,1.0
KLK14,23911.948218259673,0.802179267964587,0.4095021971970047,2.290357370889059,0.02200060857608183,0.08630875037623932,,0.0
BMF-AS1,12706.531087144682,0.5475124923234421,0.5169586563869552,1.4018863216502395,0.1609491956919361,0.3875507633970728,,0.0
MFSD4A,64160.814911420246,0.30144815537571595,0.6702559719274468,0.7437942785884452,0.4570009420342197,0.712539089765499,,0.0
NCOA4P4,684.8558950679156,-0.06869614844195494,0.3544760648512164,-0.2288842830588344,0.8189588566345843,0.9265577791259627,,0.0
KLHL8,82197.31166907333,-0.2125806780343794,0.258513435057803,-0.9106963980010527,0.3624553625093889,0.6272009980498573,,0.0
SH3GLB1,658327.2640526969,0.2764745736609249,0.2585829520287111,1.2851681117294012,0.19873354426391687,0.4439372622716614,,0.0
RIT1,168437.17690434394,0.1867988770275782,0.42839899168115086,0.5721431864096383,0.5672249734832957,0.7954848406558772,,0.0
NSA2P1,844.1855767397076,-0.41691309640142515,0.39615171597839166,-1.2648618926345918,0.20592083986062748,0.45264943872558266,0.6881946140723647,0.0
NPHP4,139501.15846645302,0.08705644859382317,0.36042784118059373,0.27707418527619626,0.7817231432800582,0.9083120934249909,,0.0
ZNF569,41170.082076891325,-0.7221877255861272,0.8016340308167923,-1.5975378656260206,0.11014586412159777,0.30025570165025073,,0.0
LRRN3,68690.07679536565,1.8603978620292771,0.7284471493309146,3.195590048297382,0.0013954523028859038,0.008447137940136004,0.004663650166204363,1.0
FABP5P1,39460.415198205934,0.5133139951395363,1.4762190814944354,1.573350140434871,0.11563776522829086,0.30981491392171917,,0.0
MKRN7P,1328.3110589642326,0.24307900242955033,0.2883127692201733,0.9309128886230819,0.35189862692786056,0.6185962724561243,1.0,0.0
TOR1AIP2,315537.7375063178,-0.04061684656236043,0.40190651526590004,-0.16940921298162034,0.865474777333765,0.9429256196286498,,0.0
PFN1P1,82778.90575872899,-0.09290172492335505,0.4951874353889143,-0.26257358674398934,0.7928792606000437,0.914813475684647,1.0,0.0
ODCP,363.7822360461673,1.9754324715642295,1.5707352382619824,1.4617828966608357,0.14380071240062894,0.35955483752891404,0.4805869859547124,0.0
TRHDE,16013.484210034498,-1.9563221791334222,0.8820188749368043,-3.0297037723567923,0.00244793706785566,0.01379796582039635,0.008181090883402483,1.0
MYZAP,136790.90221259792,0.2842397934613035,0.5721368202347169,0.7225770525026212,0.46993977072104,0.722561334661599,,0.0
SNORA55,952.2433432714024,-0.2992052430179127,0.5745708825407336,-0.7727152100997393,0.43969094302578626,0.6984011557063114,,0.0
IDH1,698307.4289287522,0.12197394776984088,0.8502995805539831,0.2039560465722852,0.8383878466337013,0.9337414052222042,,0.0
TNFSF11,4565.459388681474,-0.5524757493294126,0.38653248152482456,-1.691108208125903,0.09081613782364534,0.2621594175094132,,0.0
SUMO2,1199055.5732487948,0.6630356306280576,0.5341195092856363,1.7770049992203045,0.07556741730762837,0.22885608370788116,,0.0
ARHGAP30,92572.77250162381,0.1818712777318794,0.7022710635027367,0.45245337473953573,0.6509424030175162,0.8423960509638445,,0.0
PIP5K1P1,653.3517563177281,-0.6173359033620963,0.6702538535209139,-1.4351519961423522,0.15124378938753932,0.37244156025708647,,0.0
SULT1C4,12422.617716414055,0.078127773030829,0.7934885771930469,0.20170850945528557,0.8401446097566158,0.9337414052222042,,0.0
GRHL2,747106.5914686823,0.024967523553741308,0.7966352840686943,0.010383837253859935,0.9917150454597846,0.9967958000009908,,0.0
GJB4,1029.8743242569703,0.13886673935309646,0.326566208848129,0.4822561129014133,0.629624019674764,0.8308716913657329,,0.0
CEP170,189726.4584675019,-0.09986808476395578,0.3150754995289611,-0.357522579699222,0.7207006255325855,0.8772330774661506,1.0,0.0
APAF1,99075.76588557515,-0.2698892255665005,0.3519984418714108,-0.9043000652382448,0.3658363122105065,0.630212674432311,,0.0
ADARB1,152645.15112316376,-1.5424118004619158,1.3084534563692758,-2.415313277091418,0.015721681089544096,0.06553762551016962,0.052542405408362566,0.0
INPP5J,130673.94904095113,0.06288598192417019,0.2543248434594269,0.23193020916671034,0.8165922206590397,0.9257801475530634,,0.0
AGGF1,236634.04113542748,0.5342747820308433,0.6177653363077144,1.2699985799451956,0.20408513598451916,0.4501771948351099,,0.0
PMVK,21828.804662647693,-0.2251454196236524,0.8711385630091459,-1.378582037705964,0.16802365784683937,0.399957172205489,0.5615409127371278,0.0
PPP1R9A-AS1,764.6448887230715,1.4499525772874002,0.614718509638193,2.9307683774264066,0.003381247859929717,0.018079177529431483,0.011300248035226959,1.0
EFCAB13,27431.21300941724,0.24966628205645233,0.27938698722983657,0.9813080435859656,0.3264408573602742,0.5940658934853995,,0.0
HMGN3-AS1,21646.454158200384,0.3173345359248487,0.5192257594553603,0.8267506936449123,0.4083783818889726,0.6680861917317386,,0.0
CUZD1,14480.407432436594,0.20887376411811828,0.5210855221305246,0.549052538765121,0.5829693948457231,0.8035388668342076,,0.0
DAP3P2,3985.6828812225963,0.3583937253108937,1.014240289282889,0.9876274864960028,0.32333511968734974,0.5912616578977021,,0.0
LINC00412,295.4911874056646,0.22564020635535773,0.7684125055434999,0.5822380864444907,0.5604063224968959,0.789894927276855,,0.0
MGAT3,17585.915567331223,-0.5341109485565343,1.0622170088687517,-0.9557800758173273,0.3391833564802471,0.6077795774174216,,0.0
LINC00589,706.0341938786034,0.16149401091832294,1.0702284993525704,0.5602907616873286,0.5752811277484315,0.7998201425322012,,0.0
AVP,240.34903196364826,0.18474201563952966,0.9704061100968697,0.5636772896414414,0.5729737758743683,0.7986131835658932,,0.0
PWAR1,490.7784561544728,0.3211519527982848,0.23102995604852536,1.4815424479259174,0.13846208230042573,0.3513445829651364,,0.0
TBP,86487.6611683126,0.1330950507184321,0.500632622303136,0.3526355209751912,0.7243617042893932,0.8790917013903352,,0.0
WSB1,2032450.721338374,1.2782514993741518,0.1576417336255129,8.409440464843312,4.1197127203155e-17,2.6719279643189105e-15,1.3768223301563116e-16,1.0
HERPUD2,579489.7549505591,2.3416497201499493,0.18138958161874846,12.946629150136987,2.4549931573216564e-38,1.3622484252960392e-35,8.204672579991319e-38,1.0
STX18,112246.75603477789,-0.47275749651422816,0.9448041770385701,-1.3713604265962323,0.17026262733766329,0.4029814096793805,,0.0
ALLC,1284.5377157076186,0.8669783146340738,1.1265657609784638,1.8094681882919805,0.07037829798696797,0.21854884441837366,,0.0
LINC02542,1140.6634043518284,0.016231475741617957,0.63507312375559,0.0338760418198407,0.9729759980783211,0.9888160631671014,,0.0
PRKCQ-AS1,9487.493457701914,0.26241881818540813,0.933058259304553,0.724384844439731,0.4688295016221502,0.7217460292879616,,0.0
FGF14-IT1,226.57914482373695,0.10150747345231913,0.49530348096310267,0.27364259198171287,0.7843592991429881,0.91010463288106,,0.0
PRKD1,62884.62964892356,-0.21561260420678968,0.35861789821199924,-0.7149050727706254,0.4746677022596334,0.7260382925308375,,0.0
TMEM223,211334.0513797049,0.7008178071693985,0.6903995157181323,1.5544884159402446,0.12006795771816219,0.31742688239518363,,0.0
P4HA1,409289.8224291344,0.16396121801412242,0.7842394979832602,0.41698030492994265,0.676692813596911,0.8565830722439108,,0.0
RNU6-856P,152.95187937568534,-0.021184430201259246,0.4895848880649758,-0.0625607286244001,0.9501163021467062,0.9819703669123863,,0.0
ALDH1B1,347176.2642602482,0.5863369083809524,0.6239178102280916,1.3287485338670193,0.18393094688563638,0.42287285634406657,,0.0
ADAM20P1,763.0706897340365,-0.09244414479164448,0.8927013775634669,-0.44388361683691663,0.6571267299938008,0.8444907075628002,,0.0
LINC02094,162.73806397990182,-0.823012084186376,1.52418690273824,-2.343159774266267,0.019121192727034487,0.07663823152392474,,0.0
RBFOX1,3145.9617501083653,2.3209553729387817,1.4606453234379488,2.754373648042714,0.005880459085191372,0.029101317276101577,0.019652698937322976,1.0
TEDDM1,771.0598552452605,-0.39942578924107475,0.6040302672186809,-1.0023065381967173,0.3161955657375083,0.5837826456877827,1.0,0.0
RTP4,72826.22584901376,0.5896562986854117,0.5151520366086154,1.486997050058264,0.13701559006846478,0.3491101310213843,,0.0
ZHX1-C8orf76,84632.10352847,0.3337820954831735,0.5311373431665132,0.8592967510471172,0.39017681620887534,0.6521387264431399,,0.0
NUAK2,41098.26560962357,0.4362326290662993,0.26801414056349404,1.7546191042365904,0.07932448146564636,0.23785858552932143,0.26510517801738437,0.0
SLC25A44,239245.96066437833,-1.1744374444520247,0.8139729170597607,-2.26751996506589,0.02335848068082836,0.09056851903731121,0.07806485544804284,0.0
KCNH3,26761.064514442383,2.191531279822263,0.44489554642012896,5.295693642469214,1.185654736640789e-07,1.8678737396795267e-06,3.9624993976221277e-07,1.0
PTPN2P1,9237.580069791587,0.6838813650834655,0.42031452124047974,1.9473967002505999,0.051487193365280466,0.17062179407180536,,0.0
INTS8,442209.95731522684,0.004955739894436859,0.8444756859684605,0.1156651166612341,0.9079179535161355,0.9627447277868444,,0.0
AGR3,837708.5984806509,2.127523409715855,0.2205781051450356,9.683246007693196,3.552538415653756e-22,4.794966715614826e-20,1.1872707034376978e-21,1.0
SLC36A1,149305.40127403507,0.10269606908418273,0.9463070788361535,0.43956617830376427,0.6602513412390144,0.8468276355241176,,0.0
PTPRQ,6094.2780646860765,-1.3178712445354284,0.48950386416275843,-3.1661346688119285,0.0015447925730815242,0.009206078890177962,0.005162750547119177,1.0
TCF7L2,281315.37731210125,0.4593998029837008,0.41447313531750174,1.2845055889769534,0.19896510928294697,0.4439372622716614,,0.0
PPIHP1,2076.616144550831,-0.6180863336398073,0.705695157667006,-1.4263378632793589,0.15377084023546891,0.37625260957174506,,0.0
ZNF587,106989.98724413749,-0.2870386581811336,0.8560840368799302,-2.5784261174970826,0.009925152165265934,0.04489692926932797,0.03317020399007551,1.0
LINC01249,1081.6349714078317,2.1228593276552865,0.7608296239893079,3.4287493248935443,0.0006063693003433224,0.0040108719018735785,0.0020265073069706888,1.0
ENC1,209507.59397013133,-0.46039171492460623,0.7487657099082438,-1.17522977419825,0.23990280135022357,0.4946750128578,,0.0
BTLA,13462.089350492955,1.8961015921353856,0.3435883839391473,5.81763672324864,5.968543861611493e-09,1.1735003167278659e-07,1.9947081325988074e-08,1.0
NOM1,85403.65741736043,-0.924519852854732,0.8133201630539774,-1.9040034021037457,0.056909741104338905,0.18443040043807168,,0.0
CKAP2,198100.80773765143,-2.5355889816735893,1.3803120193375955,-2.9897267733236315,0.002792270918939692,0.015545820478466914,0.00933186659857154,1.0
SFTPB,9531.2979304151,1.7031786741076342,1.2165567646585347,2.4886205596633153,0.012823974972296013,0.05598158305213836,,0.0
PROX1,29441.264123546356,-0.2470446610731185,0.4124009488505072,-0.7361123851004444,0.46166230614461046,0.7157656831951699,1.0,0.0
SLC45A1,21151.031241352546,-0.25025679592355665,0.25519174785747617,-1.0630919238359404,0.28774026657484486,0.5490924307507739,,0.0
USP16,236727.1239755191,-0.3350734028723837,0.34422409969925327,-1.1358564001617775,0.25601666808313295,0.5126648425493777,,0.0
ATP5PF,1093473.410595249,1.9079075771213825,0.37444553887881765,5.3805556944594635,7.425626060822587e-08,1.2361192182582666e-06,2.4816700750794626e-07,1.0
PPME1,214515.47683068295,-0.4822543579904318,0.3864025996200787,-1.5043001481351628,0.13250410096556406,0.3405689553381508,,0.0
NDUFB2,2513590.3093804778,3.1909388942044647,0.3811488406842417,8.518580342036472,1.615209708876472e-17,1.1523367551613003e-15,5.398087065876991e-17,1.0
PPTC7,213907.22790746397,-0.43725305758907407,0.5324262141834928,-1.140949164758699,0.25389107822200896,0.5110507333392597,,0.0
MIR6516,2247.8912706699834,1.4887968697294642,0.3149876927129027,5.013611146123032,5.34178873881644e-07,7.28876856875664e-06,1.7852443890837005e-06,1.0
RBM43,46384.905437881025,0.29837351343493357,0.8422434115306519,0.7720213043233926,0.4401018095730401,0.6984011557063114,,0.0
RBMS3-AS3,1008.8502448989144,0.14351858080705646,1.0221425059586566,0.47500265376146283,0.6347850817760765,0.8327370317229528,,0.0
ANKRD34B,991.0648888531557,0.4559590986183877,0.5921606497828942,1.125581897479807,0.2603425340077299,0.51654772142813,,0.0
MIR6825,173.54485615689757,-1.1524626044031299,0.36900006504356964,-3.472676724429522,0.00051529563215706,0.0034822549215052204,0.0017221359379921022,1.0
SYNE2,1055137.5616498073,-0.0030499201455866623,0.20319220991910697,-0.07149550832885408,0.9430033992462091,0.9805536214462304,,0.0
AASDH,52811.817751383795,0.048906468501788834,0.7603280337341407,0.11651637188482387,0.9072433115828369,0.9627447277868444,,0.0
FAT2,36615.813875270476,0.7252115892520626,0.439659044204898,-2.4574848756982246,0.013991370194777485,0.05964053915395123,0.046759646173041486,1.0
RNF144B,116154.28270863758,-1.659439037150714,0.5675318741736842,-3.4880676975503913,0.0004865248771003185,0.003314741113559332,0.0016259830732007299,1.0
LINC01232,12392.81001012713,0.9738723653935593,0.41216388441390156,2.718363896499014,0.00656056405439696,0.032089575795943605,0.021925633416066945,1.0
PBLD,64395.001436406455,0.7229176806892521,0.9894555546388133,1.5835920858901025,0.11328657606656221,0.30581251939265497,,0.0
SNORA7B,3140.272058739515,2.920280584678073,1.2043464926832212,3.2782938281728273,0.0010443662401152954,0.006552217340622845,0.003490308324562028,1.0
ZNF556,3144.7973703380276,-0.006010714708967127,0.6247240795022486,-0.024499319465503197,0.9804543265409761,0.9919750621445774,,0.0
MMP2-AS1,174.24697643270082,-0.42602509173902875,0.9671004872205302,-1.5970097506238132,0.11026353374823693,0.3004124863822669,,0.0
RPS6P12,291.9955146295579,-0.008222302916369537,0.2497337804546819,-0.03784601946496994,0.9698104524078189,0.9880117093685531,,0.0
CTDSP2,1025031.7704425568,-0.8458791806004894,0.2893386633059721,-3.2737082722711572,0.0010614613483499228,0.006634465549010656,0.0035474407712926133,1.0
FOXJ3,487088.7480051118,-0.27653376266299684,0.689051168397418,-0.7179797769595595,0.4727697562013833,0.7255722687368494,,0.0
CT69,838.8653931203241,1.9696125637193278,0.5274727450699188,4.192408042322589,2.7600897524576304e-05,0.0002483583463742956,9.224316020094343e-05,1.0
PRR4,26968.34564774917,-1.0780503644847796,0.940600162932664,-2.0563045754892273,0.03975316755302642,0.13920241469655995,,0.0
RPL21P10,423.3413512555562,0.30775683111129243,0.20513204523107384,1.5780638456119362,0.11455094303752733,0.30772856887004385,,0.0
DCAF17,88610.12611909889,-0.44415006239585575,0.9031034342827704,-1.254239948088552,0.209754803823329,0.45703119122762,,0.0
AMHR2,741.1207926408684,0.32669273988955716,0.36739023015943806,1.042537598543326,0.29716250316440673,0.561069769679791,,0.0
CYSTM1,250763.2782349532,0.8603194100611443,0.7644728543979976,1.779838902199454,0.07510232902682379,0.2283286280398194,,0.0
BNC2-AS1,3163.2921144932066,1.0584317547856785,0.48601967292880116,2.6289584975855234,0.008564681278065587,0.03998963504581668,,0.0
RPL9,259443.61889064446,-0.1021667921479156,0.5952524128758244,-0.28313366698822795,0.7770743745135656,0.9061313572368245,,0.0
EEF1A1P4,59933.43867937043,1.3534856831088806,1.1230798943358686,0.8920479194853026,0.37236724815706435,0.6379423798615367,,0.0
KIAA1549L,48225.916110440776,-0.5478349490781956,0.75720132903065,-1.2993628412357336,0.19381943762404552,0.4362029164012994,,0.0
HLX-AS1,9036.479606835153,0.2749182083961112,0.3579522861702185,0.8870079188903199,0.37507463706292776,0.6394177802413599,1.0,0.0
KCTD17,62227.876904680255,-0.0026406054190078526,0.2771956367934196,0.019530850788972796,0.9844176263625681,0.9933686858061559,,0.0
CNNM2,303933.6619637687,0.4305108899983632,0.2613822005924591,1.8334217765973975,0.0667398715915465,0.2097478543632699,,0.0
DMWD,134664.96069251205,-1.3513853928554547,0.6131988293811487,-2.806243148214775,0.005012285463322006,0.02541254172977675,0.016751232475479768,1.0
MIPOL1,37120.42175920856,-1.6248644588648846,0.335926769169128,-5.204626930088072,1.9438672204361879e-07,2.9064888918737493e-06,6.496471908726831e-07,1.0
SNAPC4,227445.70650766845,-0.624039803067084,0.9907880600669484,-1.5647743597277355,0.1176358257849557,0.31315208633798974,,0.0
TNNT1,182445.7499674814,1.1328105477485066,0.2776499741752424,4.285656517532088,1.822003153660338e-05,0.00017135750940451466,6.0891979559746106e-05,1.0
RAB11B,612524.4926383605,-0.15581806876606463,0.1991604175633419,-0.8970844242713806,0.36967386935688984,0.6341983179554476,,0.0
OVCA2,170034.9526748837,0.31151759670313467,0.46823757042004954,0.8520329859872263,0.39419578428671587,0.6562045822426197,,0.0
MAK,2625.7347007267967,-0.025414187506012712,0.769002176602746,-0.08343577939020713,0.9335050398432202,0.9752255081395338,,0.0
INSYN2B,8809.141054699452,1.0935930730919559,0.9356933250913017,2.0445856846068273,0.040895722015571505,0.14232281236638614,,0.0
MIR4668,439.0252579024527,-0.4111321619988516,0.28737140477689,-1.5791380915463584,0.11430438622390057,0.307396933119095,,0.0
PSTK,25890.321179310096,-0.1980928489103762,0.6359647682669591,-0.5171672869096599,0.6050393858961356,0.8184425357097533,,0.0
ABCC3,337337.56626159477,1.0599893831616463,0.36438202589078744,3.185574646151195,0.0014446682922844313,0.00869237765261259,0.004828131715780566,1.0
RCBTB1,186765.32454426918,0.28386688227960827,0.36217990119834814,0.9052927448622674,0.36531031897616695,0.630212674432311,,0.0
PUS3,50956.72103319523,-0.3154774910161249,0.3272387697536467,-1.1059529785509998,0.2687468722154177,0.5269422378656443,,0.0
LIMA1,2531140.8536443324,1.8282824718279669,0.7466230038868811,2.980617699013318,0.002876676686179171,0.015926966042991996,0.009613953610503748,1.0
APOBEC3H,1237.2204054237359,-0.16578163681574754,0.8692983917552034,-0.740899509154019,0.4587543731401419,0.71362997561981,,0.0
LINC02159,2002.0312905523292,-0.21072131709281341,0.8187152418288771,-0.6260116436026887,0.5313073041820269,0.7699793026944406,,0.0
KIF18B,23673.669743524664,-0.11650487888518361,0.7612262901739726,-0.3373658338209245,0.7358411371387644,0.8858950418091893,,0.0
NARF-AS1,688.5348935722328,0.4099545289963409,0.6208039013999167,1.0095224446696947,0.3127241430280071,0.5816552589504161,,0.0
IDH1-AS1,1441.4203882032803,0.06427153400721239,0.48002559468526695,0.17295664946447858,0.8626855027239851,0.9425286861685361,,0.0
NIM1K,9306.761774438166,1.6989646661674616,0.7404235821812171,2.960325880267131,0.0030731378178677025,0.0166456076599038,0.010270533550611404,1.0
CCNF,86859.7092341695,-0.22070408037812653,0.2118712015615451,-1.134448374710512,0.25660651722507366,0.5132813112327652,0.8575879119844663,0.0
SETX,345718.9560023999,-1.2576418266897693,0.7428493298226655,-2.427835880671447,0.015189214962436158,0.06376182897134695,,0.0
HSPA12A,111895.14029109762,0.18357823628800332,0.7384643404239589,0.4570424226683115,0.6476405537180615,0.8407374383332465,,0.0
CLTC,5827482.578683227,1.4972249794074202,0.44843465747000083,3.29261989654863,0.0009925856628196946,0.006250911475563121,0.0033172558329710405,1.0
COX7A2,1906021.332564616,2.612202041433177,0.3870464423121546,7.041582163602532,1.9006908061104895e-12,6.928503566215902e-11,6.352174829256811e-12,1.0
TMEM129,596882.7660854196,0.10124527667841265,1.0611537837559264,0.3412317123654577,0.7329291514038352,0.8843315250327984,,0.0
ELFN1-AS1,6480.573620779278,0.8678500127883145,1.1219015689832599,1.8045682853890834,0.07114226463022105,0.22017379878017423,,0.0
C2CD4B,47932.647399175745,0.14374646164962085,0.6635926690196697,0.35719214687921746,0.720947964534173,0.8772330774661506,,0.0
SNORD88C,221.9940371926012,-0.3335163758092824,0.37394687331066284,-1.0563393468344098,0.2908132057116971,0.5528439852775848,,0.0
SMAD1,122445.837160022,0.32235043042111355,0.3370897861444513,1.0485882626894465,0.29436766022720773,0.5566346441403541,,0.0
ZNF444,104443.73129770077,-1.872323591898264,0.6755087204753244,-3.4201615155535996,0.0006258396563777596,0.004117843536166709,0.0020915779145208526,1.0
BTF3P7,3007.399959960342,-1.339119655807041,0.3932623659283114,-3.7848865395718465,0.00015377872038594624,0.0011671290723516954,0.0005139338359350934,1.0
PRPF38AP2,3249.165367162451,0.7586127567159642,0.29032435397039213,2.8389057135270943,0.004526853081145287,0.023282290718063398,0.015128900558338966,1.0
RPAP1,202065.19145310076,0.03211025357487049,0.32239140367610336,0.08802787095026138,0.929854524308145,0.9735206487200998,,0.0
ACTG1,22238028.44512004,1.787476024898209,0.8756440819560172,1.360613947162268,0.1736357216718929,0.407354252659698,,0.0
BCL6B,52821.14951338652,-0.681267349912025,0.7911636874545939,-1.5388763736093356,0.12383448010394266,0.32514689465777585,,0.0
ATOH8,364316.0900039739,1.6123481616666426,0.8255328690688787,2.6758996473949104,0.007452895725103028,0.03575385326720895,0.024907836917964804,1.0
ABI3BP,289244.60753345006,-0.995006885840042,0.4596406387291081,-2.6261122008760407,0.008636634316531208,0.040196972764917856,0.028863932491593254,1.0
P4HA2-AS1,21859.218760114258,0.11047205511188399,0.9072073265938377,0.32195461976790213,0.7474870736739228,0.8924098603699666,,0.0
LINC02177,309.0355590554245,-0.012220822221748081,0.23039042294328232,-0.05826814503720551,0.9535350409659283,0.9831592054876649,1.0,0.0
DAZAP1,570787.0172243535,-0.8303241961737654,0.3908499389016526,-2.4573522228374283,0.013996538223554433,0.05964053915395123,0.04677691790509189,1.0
CTAGE1,7680.881828500596,0.9124138391420286,0.8554012590637384,1.831562684710422,0.06701660054338254,0.2102266979357113,,0.0
FTH1P15,436.7915320681415,-1.0941894320690055,0.2763001875322202,-4.21897765078402,2.454125959221119e-05,0.000224056764905855,8.20177437375572e-05,1.0
MRPL22,108702.00030000282,0.06883232831458458,0.5294960069185225,0.17387091587899858,0.8619669102118764,0.9425286861685361,,0.0
LMCD1,361914.1210439449,3.6279669312048703,1.4712044977520253,1.6426839197718879,0.10044834749409269,0.28213669706720973,0.3357018735194142,0.0
LINC02412,192.39492383038606,-1.6887395715202456,0.42374282156447673,-4.383117847612907,1.1699278427347473e-05,0.00011592499298843904,3.909939570799594e-05,1.0
ZNF609,228712.63754974754,-0.42551912882366355,0.572053647918933,-1.0867214731173325,0.27715992115104215,0.5373069354658012,,0.0
C6orf141,33948.38392944726,3.9089191913650914,1.666672559417964,1.0321395398590132,0.3020067532885159,0.5678887718875547,1.0,0.0
MSLNL,2011.828786534168,0.5211987951782151,4.013069938075777,2.750002362966104,0.005959483494688826,0.02940875550639921,0.019916801264378385,1.0
ETS1-AS1,136.85322388726388,0.09194627863960038,0.5867945549182622,0.23491773735956983,0.8142725823453886,0.9244094740242942,,0.0
KMO,154334.7673805978,-0.051102539268860235,0.5100053963220471,-0.13041270967652552,0.896239911597217,0.957395105565027,,0.0
SPEG,277535.85312723095,-0.03681929690926079,0.8185573770724126,-0.13283101277131037,0.8943270270356731,0.9566924669895673,,0.0
LINC02126,489.7727682208723,-0.21612594863377796,0.29604963473401386,-0.8162443983900232,0.41436036817983357,0.6722472996592441,,0.0
TERF1P2,3165.297952704002,-0.21169987475713803,0.21802073227670413,-1.0332593663617784,0.3014825373925619,0.5672960782737205,,0.0
MTMR3,416022.00857896893,0.15637967274460784,0.5814896915372636,0.3389991120421855,0.7346103990886044,0.8848635632051352,,0.0
CAVIN4,3005.8997372718713,-0.24890303688969714,0.36669597403579146,-0.8028449121884503,0.4220643796062973,0.6813482361996548,,0.0
SULT6B1,203.432025871198,-0.30990968841892824,0.5691555531110556,-0.7989168780786544,0.42433861154704133,0.6840371291368381,,0.0
RAB44,2289.9081263558064,-1.71313799280417,0.9936815936274704,-2.6650674353347696,0.007697288587875759,0.036855473833031206,0.02572460637166243,1.0
MIR6769A,158.21889355036703,0.42637718989940837,1.227228535047403,1.2648334933383854,0.205931022183525,0.45264943872558266,,0.0
PRRT1B,2423.2204389385943,0.07842141233297927,0.4180118714825975,0.22763324841523838,0.8199313699392403,0.9266207878426265,,0.0
SMTN,814555.2980764204,0.28847956249825457,0.8687417392171488,0.7211070066230882,0.47084368048452874,0.7232830945369845,,0.0
SCRG1,35104.1564034171,0.11088219891320783,0.5766080538611005,0.2798709822941251,0.7795764906835947,0.9069496116573794,,0.0
FCF1P7,640.7839916527753,-0.5258455539763843,0.7079212238015501,-1.2473438794208733,0.21227143469427656,0.4599060932161463,,0.0
NAPSB,21260.83799100877,0.04455517604750617,0.8542149593059447,-0.027555424156072223,0.9780167345220719,0.9909140945837344,,0.0
DIAPH3,33190.61980612538,-0.8487486549342497,0.753907849587547,-1.8084464896078771,0.07053703793507653,0.2187962530731504,,0.0
CSMD1,7755.530350095585,0.12227020565095281,0.5441044089972981,0.31572793854956344,0.7522090187003174,0.8946253487471744,,0.0
LINC01909,1741.1027534225736,-0.7945128245234558,0.45009329919299546,-2.1456735413034327,0.03189903355731585,0.11730763886983459,,0.0
TEAD4,36854.55735952257,-3.5717203773721176,0.4387101800036284,-8.4192696700427,3.788384768442546e-17,2.4893675702107995e-15,1.2660913754239379e-16,1.0
HSD17B11,225664.69759289263,-0.20138550293210403,0.8680637058217211,-0.7948152918050405,0.4267209544291569,0.6857543406944736,,0.0
C11orf87,2045.5452626515835,-0.17174282086873122,0.716672558297148,-0.4632685934616778,0.6431718546400254,0.8385315506770799,,0.0
CHCHD4P4,238.09694797988686,-0.49584060027852456,0.2779335108102698,-1.9504703318849113,0.05112008616359778,0.1697431584448187,0.17084510723885124,0.0
MAP2K2,207651.7668795933,0.12662083553712838,1.1781823833909573,3.4562313545188283,0.0005477849379527953,0.0036750677455630078,0.001830716328780661,1.0
LINC01976,134.36837987232553,0.4912272741282087,0.6171604704857311,1.193419075398214,0.23270528798095858,0.48704401505098915,,0.0
AMD1,200535.712052072,-0.05569730004992408,0.851040336374487,-0.20796462908704788,0.8352565854199476,0.9335593134256123,,0.0
KCNA7,1044.5788935839983,2.202008314141626,0.39166706013951813,5.947570438525066,2.7215166522204233e-09,5.710610992096132e-08,9.095403376530505e-09,1.0
RWDD2A,52744.46920394156,0.29880578328763713,0.49647967637516033,0.7953706326776534,0.42639793762619427,0.6857543406944736,,0.0
VEPH1,55974.35758282275,2.0856696091427813,0.6670858600959946,3.6800170405256876,0.00023321836834973918,0.0017027668589745576,0.0007794239043977561,1.0
RNU6-510P,329.69676026029,0.49277900064977287,0.39469534801853234,1.485230732129339,0.1374827136954308,0.34967359225559763,,0.0
RBBP5,151717.02209071518,0.2313205683994891,0.30395403857956743,0.8390070019703898,0.401465380400048,0.6634408040098742,,0.0
CLOCK,263975.23711577774,0.17253204658973237,0.23841384275969288,0.7345786668380236,0.4625961342538478,0.7157656831951699,,0.0
RPL7P22,4112.6897178439995,0.6547017004527707,0.8955840493598956,-0.6406426067011137,0.5217549109330087,0.7630697443562504,,0.0
DSCAM,1220.0803377975587,-0.5507183181329945,0.8745452865890952,-1.3457475456436732,0.17838394717278128,0.41528221092943757,,0.0
PREX1,753675.8497178593,-0.36378823029641255,0.4083457943888105,-1.1069458598019282,0.2683173366396352,0.5267204320669568,0.8967258780734261,0.0
UBAC2-AS1,14167.645117235787,-0.6384887865560575,0.7756439828854521,-1.456085550079051,0.14536897156873171,0.36208111920910035,,0.0
MYCL,26930.974696413883,0.35373463883403095,1.0204868252012003,-0.8202488601325992,0.41207425327537395,0.6709663843733934,,0.0
HNRNPA1P68,369.5524681896832,0.32291253320668817,0.3212793634451066,1.1355961500496168,0.2561256208765671,0.5126648425493777,,0.0
ZNF2,12080.89938264206,-0.73529941427943,1.33453115045898,-2.2313630846280232,0.02565708805366777,0.09776740284852002,0.08574688129314804,0.0
CRIP1P2,1046.0484053597763,0.3017443516174292,0.2792395949987784,1.1843286325732487,0.2362829988473436,0.4916655401015142,,0.0
TMEM266,5695.588004569145,0.045149008722374456,0.26665527943629463,0.17945950695146495,0.8575769098949555,0.9398247901492374,,0.0
GTF2H5,146912.59266077745,0.09897491317615946,0.1944300973376893,0.5183270508745822,0.6042301023658173,0.8179791627039555,,0.0
SIRT1,222634.09790499942,0.16635408358929316,0.9091511576805523,0.47685274977038394,0.6334669802245297,0.83209989978407,,0.0
RN7SKP26,239.49154048617757,-0.3039677580655529,0.26623571131993123,-1.2464381499443733,0.21260358272176105,0.46035958799844984,,0.0
BRMS1L,266178.3276845095,3.127063011905008,0.8219735248239952,4.3548687710726215,1.3314665766214714e-05,0.00012886325743503155,4.449807641948465e-05,1.0
DRAXIN,7653.244734273627,0.07595969581579358,0.6908736057744372,-1.4616159448889305,0.14384648250019638,0.35955483752891404,,0.0
TNNI1,7793.682089775956,-0.2278549839835303,0.3126940460962344,-0.8347592913537797,0.4038532507001531,0.6656889975889774,1.0,0.0
RPAIN,172247.58879333868,0.5814003447846109,0.5219194340060961,1.462936359244093,0.1434847938247074,0.3593596090073164,,0.0
RASL12,103840.76811041079,0.5645523927894841,0.31441774327713046,1.9803551259497396,0.04766363852661262,0.16094131900061084,,0.0
METAP1D,53689.16733248274,0.19720885048806203,0.5973971138792015,0.49570869665636447,0.6200999504021669,0.826628272797782,,0.0
SH3BGRL2,256802.98545503028,0.32615196846560285,0.3257878852559306,1.1114420711258797,0.2663781117942632,0.5235310075956515,,0.0
PHF1,2143873.8368157074,3.895999875811081,0.6745553676278186,5.638214437438087,1.7182246194515568e-08,3.2503082384625284e-07,5.742366482544593e-08,1.0
FOXO6,17781.538552598697,0.04746615032261868,0.4476217400909108,0.1299225499186414,0.896627703245354,0.9574290441326999,,0.0
GJC1,75589.7405574277,-0.12689120959786362,0.43821142194912777,-0.3735018326575879,0.7087749815982188,0.8739092420931271,,0.0
EPHX2,133379.71658330932,0.12923216117518582,0.48516848794182316,0.3472070456203102,0.7284357780804848,0.8816791749233982,,0.0
TSPAN18,357858.16007725504,0.6976638698785858,0.5269854192614402,1.6715246022510675,0.0946181034118223,0.27154746659247225,,0.0
FCGRT,3394892.5902960016,1.8763037026229148,0.38063822473677816,5.275226545605066,1.3259218778960265e-07,2.0564142416809804e-06,4.4312770658198524e-07,1.0
ETFRF1,189049.72129076236,1.099941876020879,0.6960691925621263,2.21436633173527,0.026803589001247057,0.10140691172138469,,0.0
AHCY,1012876.654996515,0.7936707848644481,0.4796509761992702,2.0137417226294514,0.04403665710661435,0.15052639670803017,,0.0
CCDC30,18661.805850236888,-2.1747194203053963,0.7327332668710802,-3.62296237586483,0.00029124819969080835,0.0020958119729912058,0.000973361620519549,1.0
TYRO3P,1203.4665986236837,-0.06146442891472384,0.25641683102488194,-0.2634198443646163,0.7922269969752308,0.9147714521043628,,0.0
ZRSR2P1,23887.523870429937,0.01930831792476443,0.2052848312070345,0.09686978147698888,0.92282980680579,0.969635644839948,,0.0
MKKS,345603.4043880423,1.260953961931941,0.32829477674124086,4.098117470143074,4.1652389415983496e-05,0.00035988240959069476,0.00013920373517671057,1.0
CCNDBP1,247476.25709994213,0.11921335389926901,0.33117046539844586,0.3429196597141384,0.7316589012416275,0.8836528543653417,,0.0
FAM151B,6684.674113350814,-0.1564376902408122,0.634406815911345,-0.41311248129669964,0.6795242052963433,0.8569301988728367,,0.0
ERI3-IT1,383.15548345756997,0.11042758352097146,1.0969455078036416,0.4219057700005502,0.6730937982825448,0.8554177371744319,,0.0
CRISP2,7991.29561692172,-0.4607692232293523,0.9750533953159937,-1.5142772955347383,0.12995552453021786,0.33644265915184446,,0.0
PLA2G2A,590898.2449267609,0.6401040728516004,0.37715817223762793,1.8992140876850032,0.057536333216970145,0.18561786052038043,,0.0
ATP8B2,164095.97114792108,0.16489715910811395,0.8717274062799902,0.4498645737369494,0.6528080931895857,0.8431159118632899,,0.0
MARCKSL1P1,363.8997715758304,-0.040172860888230646,0.3945744197427455,-0.1276034053641142,0.8984628360756134,0.9577778466868049,,0.0
WDR53,54025.69118944922,0.5305141965547795,0.9151176813179474,1.2640438105924257,0.20621430263117246,0.452997481609315,,0.0
SCARNA4,439.07127155965026,0.04083444976148027,0.34782872040380025,0.13315480279703668,0.894070954608461,0.9566924669895673,,0.0
PPRC1,398984.2191576442,0.3362743338599435,0.8707379503343277,0.8290770329596373,0.4070608188912075,0.6680861917317386,,0.0
FGFBP2,47564.41125777719,-0.2862232136736362,0.26644300954745526,-1.1800972086766106,0.2379615546864644,0.4930141371298573,,0.0
TAF6L,103642.97958183914,0.5001450671085887,1.6395808422553473,1.6462986885364796,0.09970227936823164,0.28051446938870356,,0.0
DPPA3P3,108.1041133495996,-0.6470044036915433,0.7543596322593663,-1.4652627530450395,0.14284924445579053,0.35848699839809944,,0.0
CAV1,3613449.3702701554,0.6152302409205878,0.7231909656916793,1.5701543517965157,0.11637920644556383,0.31096723220393035,,0.0
USP44,10074.48059146378,-0.19010846574406892,0.5866183015654799,-0.49936691117583715,0.6175209252312817,0.8252340114008618,,0.0
GZMM,5383.094286580158,0.22905263872003723,0.6456720370453238,0.5758349371330153,0.5647267563235423,0.7935411989532274,,0.0
SOWAHC,151377.23158040538,0.4335912427611657,0.4324877858829552,1.2372838517714473,0.21598172076374056,0.4645010415182604,,0.0
PARVG,96405.48903658318,-0.0672574134839815,0.4479219985962036,-0.1963285163733858,0.8443530428566443,0.9366279644660332,,0.0
PCDHAC1,58761.98410591242,-9.129017334409352e-05,0.5000303612164021,-0.00897978403593803,0.9928352652483915,0.9970278131209467,,0.0
TPMTP1,7113.315432198689,0.23306072628930855,0.5176823489656321,0.6142815676990037,0.5390292806187721,0.7753203419960103,,0.0
SLC16A8,10421.983719770105,-0.036351223701678044,0.5440299350954853,-0.10509747119970417,0.9162984658830053,0.9661370906523088,,0.0
PCDH17,64510.63951295787,0.04493112292224888,0.38644438923779206,0.1313768567008264,0.89547719564457,0.956910272592968,,0.0
FANCE,86536.1095307213,1.136467911779834,2.413472947171018,2.5564317517006616,0.010575181363434319,0.04745054423089936,,0.0
RPS4XP5,833.3691020878717,2.639506348061403,0.4529084693016293,6.169031325103702,6.870961639824991e-10,1.6109663112340847e-08,2.2962992950231713e-09,1.0
SNORA58B,1171.0456787823055,-0.36396727657087163,0.5561163913044959,-0.9375864595543718,0.3484569725717388,0.6157799437449623,1.0,0.0
NDUFAF6,67460.0327357976,-0.2575057622255422,0.4522671880741126,-0.7375215392792845,0.4608052495779449,0.7157656831951699,1.0,0.0
FOXD2-AS1,18002.463240160672,-0.09601372352409171,0.28595454178893515,-0.38546394357220476,0.6998937153404776,0.8690634426759398,,0.0
ING3,53289.45791892208,-1.798531054654919,0.28982410671915976,-6.500006506037168,8.031653810371831e-11,2.2533752319661194e-09,2.684206658312353e-10,1.0
SYNGAP1,818072.3795224942,2.622225560752145,0.5723164521283045,5.0032629265143385,5.636797622740207e-07,7.608153331882323e-06,1.8838373848957064e-06,1.0
DAPK1,176692.4294240325,0.06853966239972913,0.4620129945974962,0.2402349796493208,0.8101480977099829,0.9221857987955306,,0.0
PCDHGB4,630938.0205602513,0.2483301244428369,0.32639481713598417,0.9148629318887528,0.3602635920273801,0.6252930283821452,,0.0
MAP3K14,131841.94909132607,0.15565857240539904,0.43770727190934333,0.43936133980957764,0.6603997345541677,0.8468276355241176,,0.0
ZNF879,24119.623356087388,-1.5000242569414293,0.37977906985412146,-4.342784509627285,1.4068811413521409e-05,0.00013589873152635573,4.701845742149424e-05,1.0
CAPS,134500.23776432255,-0.05871701565724471,0.6664400792473703,-0.16991617239936327,0.8650760623326306,0.9429256196286498,,0.0
COL14A1,715500.8569705749,-0.43717516495893255,0.3401816510896952,-1.4381731498661334,0.15038493152237842,0.3710584723432598,0.5025916754292071,0.0
DNAJC10,559104.9126553887,0.1419769703768558,0.9345179039734184,0.3833751863205105,0.7014415989182519,0.8693143956399778,,0.0
MRPL9P1,221.83926541992656,0.46986439884757597,0.38368206925395015,1.4459368136153243,0.14819492520446584,0.3663789388470804,0.4952725980896238,0.0
AP3S1,286929.97285014717,-0.08671679923207776,0.6804758876054121,-0.24904122037953633,0.8033288964101558,0.920286653816943,,0.0
IFITM3P3,364.9527224652201,-0.13939790036329808,0.5211385859206067,-0.3785408014375576,0.7050288895446921,0.8714830579777573,,0.0
C9,10875.754097254468,0.7480424367442707,0.995963605466464,1.6203370099868006,0.10515990282829753,0.29139153795869177,,0.0
SCT,1071.2855872492692,-0.34748807178539853,0.6583499022092671,-0.8705920500468964,0.38397693878307726,0.6473821830465454,,0.0
DTHD1,843.0177442071138,0.6917230512050611,0.8589893365946576,-0.3907267787636903,0.6959992026740465,0.8670130060910434,1.0,0.0
OR13A1,399.52209174583925,-0.14561787110632338,0.5852129368585546,-0.384671621683697,0.7004807229367582,0.8691181938748249,,0.0
DSC1,4081.644880588496,0.07520081382851491,0.8441150788631324,0.2069364497673493,0.8360594897838538,0.9335593134256123,,0.0
BRDT,1833.7710964450991,-0.23967184715957637,0.4005836002935862,-0.7303786905590435,0.46515874016999903,0.7182182450455336,,0.0
FLI1,146915.3301885411,-0.6779413620519971,0.8179220052791762,-1.5555639383753683,0.1198118194730854,0.3170854406192838,,0.0
KIAA0895LP1,853.9419877045332,0.42893482593154797,0.4029226887982201,1.2798590494451287,0.20059471196650658,0.4458255414155469,,0.0
SNX7,107108.83390747267,-0.049867557940277335,0.256031117640311,-0.21900229685565564,0.8266482585658372,0.9293862591002349,,0.0
USF1,253917.73931903896,-0.05437165718143141,0.3033423027300628,-0.24035489091030315,0.8100551450997177,0.9221857987955306,1.0,0.0
NAAA,73941.67695781894,-1.071539634008863,0.5489268244545419,-2.4759765846416237,0.013287229217041641,0.05730261028489288,0.04440638251719472,1.0
SCARNA15,623.4697734329864,-0.6472932544084627,0.26501097980784516,-2.6361171665929968,0.008386076942903331,0.0393240077491636,0.028026561028056448,1.0
RPS4XP8,3269.4235098019076,-0.18270907204054587,0.6122430058126945,-0.47864618114418156,0.6321903588698583,0.8314876618899322,,0.0
PDE2A,1048162.7293593755,1.3804169840213047,0.5086959505829145,3.2087841367374224,0.001332975280657491,0.008128056839564725,0.004454849783348629,1.0
PSME4,405846.62400485727,-0.904895260405859,0.32814921571181943,-3.061080071892007,0.002205401072058165,0.012558464029485149,0.0073705271437660095,1.0
RAD51D,78565.83495321791,-0.17720535204285603,0.5366528894000417,-0.46617391991584795,0.6410910155749572,0.837631764539088,,0.0
HLA-DOA,83726.22409778296,-1.315425761119767,0.33251072585321584,-4.32378816818771,1.5337257202387164e-05,0.00014701393947931187,5.1257647397268485e-05,1.0
MESD,223189.15650751133,0.3673652436888786,0.9770473729429398,0.9663529762029105,0.33386758571568076,0.602447578975911,,0.0
C9orf153,381.11633102596227,-1.1299719698751174,0.6454782017712187,-2.367400943243637,0.01791351463617293,0.07290961050778126,,0.0
RPA2P3,258.57918477889547,0.005505602867726626,0.7137632480936409,0.006809906747322379,0.9945665225419354,0.9979636756227498,,0.0
SQLE,428361.25434624153,-0.32103369466757653,0.43454700294290677,-0.9104214474260173,0.3626002911119931,0.6272344488442305,1.0,0.0
MMP25-AS1,68150.69889908558,0.08898243774447327,0.6516706237725913,0.2146095913918898,0.8300717153235315,0.9313363617896464,,0.0
LINC01762,755.4791628474056,-0.537370551000985,0.2935597264997986,-2.0170018975532797,0.04369531529089473,0.14966694414453244,,0.0
SEC23IP,372284.33552507183,0.20981315552831353,0.22257453540328098,0.9794514510287665,0.32735696562024674,0.5941474092766276,,0.0
PCBP2,2312863.1497522006,0.21265706501821138,0.8539341439553377,0.6015332755711852,0.5474848555029105,0.7814059355191583,,0.0
MKRN8P,205.8607628150598,-0.2860575163522429,0.4984193340183546,-0.7734432807480299,0.43926008399301886,0.6981746847425641,,0.0
XPO5,754501.6315302581,1.853763496192559,0.30820691566123787,6.237284307490782,4.452323735126472e-10,1.0846294991815415e-08,1.4879820889883853e-09,1.0
OGA,1276635.3393952125,-0.20186588947065565,0.2564622423144558,-0.9421906590536452,0.3460950354089032,0.6139890028720582,,0.0
NOB1,236813.1628521791,0.11279225349983976,0.22158423671919678,0.4935440234967727,0.6216282416294425,0.826628272797782,,0.0
PIAS1,286192.8589137773,-0.26156665576761073,0.2942872128511232,-1.0008252302308065,0.31691130953246605,0.5837826456877827,,0.0
FKBP8,906589.6978797041,-2.743558916688111,0.284127368665417,-9.905015917083652,3.959070085378887e-23,5.991392729206716e-21,1.3231350024295035e-22,1.0
FAN1,216302.16770529872,-0.554983706849169,0.2753883972447335,-2.216008019157016,0.0266909529446917,0.10113400531547068,,0.0
NFXL1,33859.573652512096,0.5235290123350103,1.4834807813631259,1.5749825138988673,0.11526048080318989,0.3091891700670462,,0.0
SUMO2P15,278.5026196858539,0.14091514100346084,0.4867350757565549,0.3833195477821053,0.7014828471045491,0.8693143956399778,,0.0
TOX,23240.167957329773,0.13383456310284786,0.5715927109259291,0.3394404147221051,0.7342779773016299,0.8848405453100817,,0.0
TPTE2P5,4666.0160884435745,-0.2149768763096894,0.592976108132427,-0.5613353307752235,0.5745689605571556,0.7993629588720231,,0.0
FDPS,761339.9012411654,-0.35783423357396804,0.6156156966432884,-0.9046721536441957,0.36563909759360025,0.630212674432311,,0.0
RCAN1,68952.55592214588,-0.44896757004627647,0.9182008242620149,-1.0809244880068443,0.27973070471002615,0.539789466507678,,0.0
KRT8P47,1199.636211931079,-0.6109635717143853,0.7717351369080331,-1.4053838612457787,0.15990716316836973,0.38614804826865445,,0.0
COL6A4P2,12611.789606483391,3.011217762815082,0.9583566925322899,3.80552113754579,0.0001415059281833727,0.0010789016875538372,0.0004729177372286345,1.0
RNF43,214532.8060682738,0.44814261697291635,0.7137702252184933,1.175215610544319,0.2399084663879839,0.4946750128578,,0.0
GLIPR2,490075.391455957,0.2552897128727453,0.8242787838563249,0.5055588325887937,0.6131663876268834,0.8231593924216816,,0.0
TMPRSS5,11293.945098769498,0.14242164862387133,0.7070554547415122,0.36028331105380856,0.7186352783555243,0.876876613618352,,0.0
ITGB2,213239.45844129077,-2.2002553543059684,0.3652836699226603,-6.354456264771967,2.0916514442856432e-10,5.384385212764177e-09,6.990371928593184e-10,1.0
GPR180,106606.76798812234,0.4147523795619707,0.2443487046331247,1.8232967129940822,0.06825846388925516,0.21311291984166347,,0.0
PHACTR2,495512.99454387295,1.8904154789407392,0.37587082982792425,5.317998525504538,1.0491491921197598e-07,1.6686149889955671e-06,3.506293116635851e-07,1.0
CTNNAL1,128756.65606395152,0.4904323252257037,1.0813087136906776,1.3623494403260727,0.17308763170340669,0.40658496365325164,,0.0
KRT6B,458072.7660746591,0.9086755124365183,0.88452660467724,1.7260887568865229,0.0843314462034676,0.24920191854444804,,0.0
FUT8,192733.07181784004,-0.12726495832543494,0.7411089965764073,-0.3535778574210234,0.7236552709672313,0.8788751029208056,,0.0
ACTBP8,2016.0044134820837,2.954663999940374,0.2750949861833316,10.931566003888337,8.1430843221066e-28,2.033328155230018e-25,2.7214471231779286e-27,1.0
ZRANB2-AS1,39796.36810159993,0.6851310498442308,1.255648556809393,1.6594020814210628,0.0970347971570561,0.275963426538917,,0.0
MLXIPL,368036.73640674655,0.2726774066363886,1.0716932137430617,0.6245914089433091,0.5322392596075216,0.7703357442289875,,0.0
BPIFB4,709.0310174971203,1.8017528780130392,0.4870278716605843,4.136353476019561,3.5286849573550284e-05,0.00030862088751367796,0.00011792987946501778,1.0
ARGLU1,703002.5439232381,-0.47987911442100106,1.017388759975063,-2.0992233657445643,0.03579721519496451,0.1281514642893568,,0.0
FILNC1,414.11858593285353,0.6051930383811495,0.840537213875239,1.38073336102462,0.16736095972386433,0.399140703372005,,0.0
SPTA1,3068.507444123136,0.08172531078143003,0.3292117602749446,0.279289580562384,0.7800226017880749,0.907180454897449,1.0,0.0
MAP2K6,42678.93255953276,0.30567069182713136,0.591312208622843,0.7627217154658202,0.4456293770382783,0.7020540559649046,,0.0
PRKCB,103893.269199363,0.3786901698958294,3.7298453844284714,2.307024999200641,0.02105342649554114,0.08311526633891893,,0.0
CNPY1,1109.4058946340926,1.4996459692276258,0.7579263938817198,2.6805350828739,0.007350455908144114,0.03533029528900068,0.02456547948417909,1.0
MRPL15,250153.10750754463,-0.12522162276909177,0.37604398724600824,-0.3537834362453045,0.7235011876958736,0.8788751029208056,1.0,0.0
IRF9,219816.87394003585,-0.31374382730228734,0.4715011272575485,-2.7186188907736697,0.006555509184934926,0.032089575795943605,0.0219087398663856,1.0
ADAM22,161480.3489779408,2.9191428904162016,0.3630209134353796,8.308890021578136,9.660139955461891e-17,6.106675814883124e-15,3.2284523960924518e-16,1.0
KBTBD3,32398.0412936571,-0.13071973890124364,0.37113988128102676,-0.4163765102794073,0.6771345142268146,0.8565830722439108,,0.0
LRRK1,154083.2378940391,-0.2367132823945389,0.3052867785087454,-0.8879690347042153,0.37455740809389537,0.6394177802413599,,0.0
RPS3AP6,2132192.528152282,-0.27353061819295976,0.4300242361749748,-0.5980005314584997,0.5498395784667416,0.7831999015581596,,0.0
RNA5SP352,5547.181222562229,-0.15215743090776035,0.3014674036721761,-0.5726787882456702,0.566862202218213,0.795199392662291,,0.0
PTPRG-AS1,33602.34131718402,0.4947642929693203,0.40277886322696865,1.4554950983417063,0.14553224623144587,0.36230709754727847,,0.0
RASGRP3,76554.71995717834,-1.0150359145578471,0.3827776627220733,-3.012498618574917,0.002591066153953892,0.01453908356499521,0.008659433270878035,1.0
TENT4B,115659.56652204235,-0.15337352388202508,0.3582727838856491,-0.517469822677319,0.6048282295340286,0.8184425357097533,,0.0
YBX1P1,543798.5041344973,0.1298149593248408,0.2705037106695569,0.5157237617450954,0.6060473562384197,0.8184425357097533,,0.0
TMEM245,437973.6927560667,0.2230821692756756,0.43835527442493094,0.602054491417823,0.5471378658537621,0.7813973290896786,,0.0
GLI3,195254.0736584126,-0.6159585269742854,0.27973502039452786,-2.4419700739806465,0.014607357436516,0.06187374303474208,0.04881829697491592,1.0
DUT,276361.96528293396,-0.12439765242761364,0.20216192971059843,-0.6509757065403957,0.5150621690380279,0.7591078333809811,,0.0
C2orf42,142903.19697027904,1.5929695400230248,0.2737171604957062,6.04829959297327,1.4638256090134053e-09,3.192290432931418e-08,4.892156135076261e-09,1.0
AMBRA1,169208.7004410753,-0.25529953573585096,0.831732470235779,-0.7676282428435532,0.4427080782913353,0.7009778512957922,,0.0
LINC00511,26316.153531323933,0.006148185793710106,0.43148221396137343,0.010669180567515986,0.9914873870495289,0.9967958000009908,,0.0
MAST4-AS1,1528.9966595865549,0.45667576434256607,0.26347547322612414,1.8775159105373167,0.06044741876189416,0.1927678220286714,,0.0
INTS1,521154.832573984,-0.04108906233082355,0.8854673411230438,-0.05684742788944173,0.95466673300435,0.9832142018196998,1.0,0.0
TBR1,372.8937483821634,-0.14766148837125725,0.38684694941411646,-0.462990409823651,0.6433712412375459,0.8385315506770799,,0.0
UBE2D3P1,89526.7394575476,0.5494130126927456,0.5671012376155279,1.342635325871074,0.1793900858274068,0.4161050109716997,,0.0
SLC25A22,85314.3567092203,-0.20723029227977438,0.8506448772170535,-1.1364826092889142,0.25575463979586766,0.5126648425493777,,0.0
ROCR,32738.897871834233,0.22075804545832847,0.6166060224911576,0.5544581140643514,0.5792653637417458,0.8016387993514373,,0.0
RAB38,28032.376599450858,-0.5251152153229558,0.3917805011927138,-1.5951498722846749,0.11067872524161472,0.30137925510175784,,0.0
IL17RC,189381.094539924,-0.8973550210807967,0.5918821495772948,-2.0598390797365167,0.03941392720917678,0.1382255284288124,,0.0
LAT2,30787.993741573726,-0.011872681475594716,0.7892545146434654,-0.05152884388363281,0.958904118279996,0.9845377102550297,,0.0
FASLG,3575.0987308325675,-0.03921133676773528,0.3563402973353351,-0.13376884157169017,0.8935853665345321,0.9566924669895673,1.0,0.0
NADSYN1,419022.08411853056,0.061081021274671854,0.7631145859605548,0.12916099182090915,0.8972302616221537,0.9574290441326999,,0.0
TMEM125,76419.44101700615,-0.40555538639450084,0.42893806581296956,-1.1937310589279602,0.23258318701091607,0.48704401505098915,,0.0
RFC2,75221.28857285921,-0.47722497932968266,0.8747514001888544,0.655845820938529,0.5119233309519976,0.7564506678499977,,0.0
ADAMTS19,5732.594109960415,-0.32346156731552156,0.4440115909671989,-0.9236294671094304,0.3556792663658732,0.6215053380794859,,0.0
ROBO1,151137.87143489922,-0.2640176036920526,0.6165814833065053,-0.6749023205749095,0.4997378260853367,0.7465422385492586,,0.0
MICAL2,461012.6517619648,0.0111967285091761,0.45168077650686705,-0.0018893421707675154,0.9984925239487221,0.9992929187574987,,0.0
BAALC-AS1,9252.008971906787,-0.4928195894797296,0.5305069623576613,-1.2666355889136922,0.20528562091845504,0.45162836602060114,0.6860716902582638,0.0
TNFAIP8,127803.33694546446,-0.33580892055694206,0.35045670190247497,-1.1370560923560935,0.25551483750792303,0.5126648425493777,,0.0
PKN1,426919.77222394396,-2.15227191553225,0.3942328517566483,-5.862097010892967,4.5705784974479514e-09,9.130187606502028e-08,1.5275032421524513e-08,1.0
DPY19L1P2,2114.843397683641,-0.39531425405476267,0.7431168469736429,-0.9905929836635943,0.3218843651262776,0.589618023495639,,0.0
PGM5,146274.87751309533,-0.5320596679973196,0.2533445761968652,-2.271834001312748,0.02309653837004982,0.08962246512822751,,0.0
WBP2,1323075.5886066027,1.5219536055161553,0.6144834816588416,2.9795266083308136,0.0028869415534364864,0.015963031202855436,0.00964825915415554,1.0
ZC3H12D,9344.618469951241,-0.3900306353069868,0.8707374877785612,-1.0990900176087113,0.27172880363028573,0.5314827064250631,,0.0
SAA2,92950.39109194471,0.29607883480452085,1.1629016853987253,-0.3898316107640721,0.6966610673405997,0.8671859459967628,,0.0
ATCAY,896.0959598533557,0.08338054091669861,0.41915421763669997,0.24390543698029002,0.8073040582300597,0.9218621530246284,,0.0
PXN,1139230.5151466564,0.025415133601630946,0.6292262448577534,0.05846129415293139,0.9533811925298488,0.9831592054876649,,0.0
SNORA9B,483.9599355596368,0.9424227499789993,0.7791438775826683,1.921172118192669,0.054710012002539395,0.17909327040790912,,0.0
PTPRN2,46494.93170027718,-0.4575881702216338,0.9881704979043141,-0.4968662975841082,0.6192833393263482,0.826628272797782,,0.0
SCGB1A1,4022.696449687309,1.144704706370811,0.26596708488844384,4.535412333202209,5.749105512917652e-06,6.187722614549731e-05,1.9213710726906182e-05,1.0
C1orf52,113488.5433551489,-0.02153356162880142,0.7535805882629315,-0.07700934724501858,0.9386161090258593,0.9781198019533344,,0.0
RPL32P1,1824.2030005672707,-0.6283883225217214,1.2330972759272962,-2.7571127245449105,0.005831424466434861,0.028909436006144342,0.019488823534745157,1.0
GPRACR,156.1513143220643,0.10030030999571878,0.6585466297578716,0.25419626062473916,0.7993439393398357,0.9178946040614255,,0.0
SLC16A10,12097.671384210833,-1.1344928437128425,0.2524580133280675,-4.734505554460746,2.195897581741708e-06,2.598652256686751e-05,7.338766148350969e-06,1.0
KDELR1,700324.9969064008,-1.3990737697216111,1.0557646732643935,-2.3712095598872382,0.017729975290053233,0.07228040538655171,,0.0
ADAMTS9-AS1,68256.97563038017,0.5095539475624801,0.7197667779379013,1.1775496499500273,0.2389761927410703,0.49388382037156425,,0.0
TMEM150C,285944.2275936852,-0.49295815975149426,0.5250484932818884,-1.2843087490447769,0.19903394678138764,0.4439372622716614,,0.0
MIR6785,616.2281528039505,0.586231428752802,0.2626818374113205,2.4052949803767847,0.016159416278255692,0.06713820706623039,,0.0
CCDC93,197569.42340496345,0.010153711969366314,0.39838297708699033,0.03208980915624719,0.9744004303416137,0.9892651001611754,,0.0
PROSER1,286521.48516346095,-0.39768704009650613,0.6238362461009704,-1.0036836435449363,0.31553112341697476,0.58361571494236,,0.0
LILRB4,136897.33188864385,-0.028523652204877764,0.5949922032145079,-0.09314626396471998,0.9257873638421699,0.9710947479579493,,0.0
PLK1,65562.37882085892,-0.28985099445963164,0.8384654487510933,-0.855722308654636,0.39215139755533857,0.6540142901281143,,0.0
GAPDHP22,92.43671923301177,0.18524142240086272,0.9291524788430868,-0.6355721083038945,0.5250553536905365,0.7647759187976587,1.0,0.0
AADAC,18191.42103247393,0.06449282189561213,0.944552498992406,0.19332352426551963,0.8467056041293942,0.93736373021995,,0.0
TMPRSS7,355.78970982141766,0.6638311718785423,0.587925927235102,1.5832907300913504,0.11335521479494484,0.30583249199673396,,0.0
NOCT,12691.104702252505,-0.08122603304092181,0.6160981590162912,-0.22056737396393686,0.8254293071956134,0.9292592335741419,,0.0
MIR147B,11342.179547997928,0.2936873629079506,0.35859106236140365,0.9484664363070963,0.34289205170219184,0.6102647563081776,,0.0
ALDH9A1,556149.4081576653,0.009811937199688958,0.5238237602003643,0.0022075168196232795,0.9982386578424518,0.9992390974674693,,0.0
NPAS3,9626.242354619868,-0.4279547512884898,0.6322195477449166,-1.0573533493358742,0.2903503537796662,0.5523846349621535,,0.0
RPL39P,434.58414447776005,0.08849755984516665,0.5396594068986185,0.22951618135841345,0.8184677453646259,0.9265577791259627,,0.0
CNTN3,23077.415899761043,-0.018089106179212253,0.4677338615701609,-0.05779708059092358,0.9539102636445324,0.9831592054876649,,0.0
PPIA,1015279.1316247417,-1.8133405260855036,0.527996256233742,-3.9912802052387426,6.57175779218793e-05,0.0005433668611620285,0.00021963043277372382,1.0
CD163L1,43315.07507988523,-0.7071945349132128,0.3001150894510625,-2.60908562189113,0.009078452378497888,0.04170909951998018,0.030340503832556865,1.0
RNF135,227505.5188567231,0.4564027100219332,0.5098113397924665,1.1359990125845876,0.2559569775525441,0.5126648425493777,,0.0
RUBCNL,16173.051167756503,-0.6121051486237671,0.7471736422464612,-1.4108485876534513,0.1582892643572542,0.3829925320737052,,0.0
TMSB10,2949300.5749370414,-2.131527045990963,0.3030326939719303,-6.807363883976767,9.940328334217829e-12,3.2235064740963534e-10,3.322092327493281e-11,1.0
HMGN4,223713.2307209819,-1.3421684436651666,0.7201830065119058,-2.5975203707143524,0.009389955042933452,0.042825055236903796,0.03138155657922806,1.0
SETP20,897.6858950636175,0.7247915303993566,1.421581010387033,1.7077687606520402,0.08767925773488401,0.25666483770692305,,0.0
ZNF840P,393.20674781901755,0.334866126588386,0.5518492623885705,0.8604011728932316,0.3895679395136915,0.6521387264431399,,0.0
TSPAN11,139677.5923444186,2.9914149577122053,0.2751155837972754,11.050667831116154,2.1759014105785487e-28,5.719185076015407e-26,7.271938248339153e-28,1.0
KPNA6,468762.04722229735,-0.32434941786669963,0.21827791143368278,-1.4145110877261107,0.157211894195591,0.38149475199843613,,0.0
MAP3K4,229585.71172455186,0.3057058336778065,0.9723279782588437,0.8508831770793472,0.3948342508077932,0.6568295298248232,,0.0
LINC02068,1110.9595687952547,1.083572040729887,0.3517985418423774,3.4016810992977855,0.0006697273852651601,0.004383510566204731,0.002238252232014019,1.0
CDKAL1,183261.19555219333,0.6378607865867512,0.785534071604187,1.505915377949939,0.1320888983541245,0.3398516014325078,,0.0
DEPP1,1647728.0794937736,-1.5158298782621489,1.0071089667689377,-4.264811404444893,2.0007112489487794e-05,0.0001860624204329647,6.686446630522928e-05,1.0
TNNT2,29434.126301457163,0.5085756146065722,0.3430534086384819,1.666428372579219,0.09562812358897643,0.2735883417297312,0.31959251745633155,0.0
RNF181,223454.18446392386,-0.7667880061622151,0.3890105097576024,-2.3345525126230124,0.019566809763071253,0.0780484408600462,0.06539295926841684,0.0
DNAJB12,335296.3496420631,-0.5368847867209519,0.36007750119432813,-1.696821349305044,0.08973044118364623,0.2597206803360701,,0.0
MTIF2,81869.61283942824,-0.7041114182283758,0.9160941009439145,-1.5941178901733222,0.11090963263141207,0.30176505065268455,,0.0
MT2A,2456922.702837689,0.011468946686753434,0.9746113914212201,0.2502959875834306,0.8023584591831894,0.919453452308593,,0.0
ISCA2P1,38.57026814868273,-0.19632235414272714,0.8674554450315691,-0.6931796773125906,0.48819680021602396,0.7370177812209262,,0.0
KCNA4,2264.39981375949,1.5695865409254364,0.27122024979088755,6.039678376274272,1.5442171784832344e-09,3.352965473628379e-08,5.160827558344571e-09,1.0
DCTN3,459667.2007884805,1.0420481497508753,0.5446605086320114,2.4320028745488997,0.015015588145278107,0.06331686366095413,,0.0
ATP5PBP3,860.6806433181812,0.8923503566054763,0.5032853160875141,2.211316308554137,0.027013940781568428,0.10204812425351946,,0.0
MYL6P5,2268.7150890012745,-3.430272860550706,0.22409442159480128,-15.454397704899439,7.046717250000518e-54,1.1730435315500863e-50,2.35503743167688e-53,1.0
RDH14,92459.29960934166,0.3754112081362149,0.5741407230036327,0.9364135382006296,0.3490603101918418,0.6159742717660982,,0.0
PGF,247244.32021875647,0.16324614246026306,1.0214638985957663,0.5298993412935343,0.5961817229000983,0.8125904814855598,,0.0
MYPN,1617.9828006963621,0.16208232438164655,0.9200893903403771,0.6996169778489567,0.48416653685628286,0.734709111230713,1.0,0.0
MMP12,35471.486409701785,-0.02097459824257813,0.3632355328619896,-0.07430176470682906,0.9407702728820971,0.9791802189341021,,0.0
MRPS10,125251.1838923906,-1.2334121319662377,0.3135452012121992,-4.241016693166961,2.225095853610396e-05,0.0002046432540134497,7.43634778920797e-05,1.0
PPP2R5D,887571.3874315005,1.5904967520366244,0.807409355687985,2.66275421673437,0.007750400154371118,0.03696800226449796,,0.0
SCG5,22447.767097836484,0.14549898244957307,0.16517089214432581,0.9413779843033628,0.3465111916454243,0.6142977959095666,,0.0
SEC22C,362588.1909732329,0.09256244948970892,0.464777984764176,0.3419711419688935,0.7323726097917718,0.8843009703336818,,0.0
SRGAP3,39214.42565726713,-1.0323782226470095,0.2988427753625105,-3.737823798108984,0.0001856199555671575,0.0013733126786701995,0.0006203483521732379,1.0
QARS1,878074.6789001126,-0.162396582464338,0.19666238228865635,-0.5594420743869746,0.5758600534960803,0.7999569143697983,,0.0
PRPF8,2159080.041695493,-0.3863102380240638,0.3494612322501242,-1.3024384131911082,0.1927665583416328,0.4348905949664185,,0.0
TULP4,239643.22394546968,0.05980761278570786,0.23611058517804637,0.19028756038104838,0.8490838009404372,0.9383324854827492,,0.0
SERINC3,929855.1766315742,0.1700180877755537,0.5117838068816039,0.4013959273491005,0.6881286473847107,0.8632289537903153,,0.0
IQGAP2,299680.0646707597,1.0882273135712586,0.8098353719141619,2.0975411839330675,0.035945695435655955,0.12849878525817168,,0.0
C12orf71,1177.181496567241,1.1975917491291956,0.5985523682680708,2.5625383447647416,0.010391011277107436,0.046676188781652375,,0.0
TRAPPC9,178943.8313355563,-0.644490623801888,0.40903379689444475,-1.9157807837466543,0.05539300469387155,0.18092391461163804,0.1851253496897595,0.0
CCT8,679977.9253485447,-0.6601502779455433,0.9016682048550854,-1.570251013349197,0.1163567257684486,0.31096723220393035,,0.0
GSTO2,94803.27682881548,0.35563955158491706,0.42245739978008096,1.0318851201620154,0.30212593736708493,0.5678887718875547,,0.0
ACTR3B,40341.88932900861,-4.400750156483286,0.7110458830473187,-6.567402404802616,5.12005472753395e-11,1.4952955151640086e-09,1.7111401107481268e-10,1.0
LRATD1,100822.3077779171,-0.34465333435407536,0.7707292187662187,-0.9150699200559806,0.36015492499097246,0.6252930283821452,,0.0
RN7SKP287,2119.202584205909,0.953157835909198,0.5601132260283248,2.202564040791214,0.027625490741630357,0.10396510984453806,,0.0
MDFIC,786543.6752750718,2.83907531214649,0.34738825108411686,8.43533242713777,3.3026271675304413e-17,2.2288270371144625e-15,1.1037494944765392e-16,1.0
BTF3P12,2149.1980395267774,0.06696764703340873,0.7069510574628467,0.16581025103486813,0.8683062786387525,0.9445265858248596,,0.0
HMGB3P4,326.9996126999548,-0.5657639699025612,0.648624033994544,-1.3415897164622013,0.17972906234485897,0.416697742502426,,0.0
LOXL1,207030.12649630004,-0.13069371747043984,0.3119663414083288,-0.4788464751824967,0.6320478511601941,0.8314876618899322,,0.0
LIX1-AS1,3326.25886886627,-0.482942597093143,0.4707535870635328,-1.3166898399261622,0.1879426106290567,0.4285778070691823,,0.0
AGTPBP1,73973.65471845368,0.37200391879259265,0.7022503903415167,-1.2634981365208133,0.20641021588466313,0.4531044475287946,0.6898301257778601,0.0
LINC00595,1188.6178858702801,-2.6146885529082833,0.4254120179145824,-6.479703288829968,9.190316607749995e-11,2.4943718010382325e-09,3.071435798025149e-10,1.0
RCAN2,351954.06091774686,1.948431478807238,0.552767507088254,4.0017987555393075,6.286275610034642e-05,0.0005223570781449751,0.00021008951888154597,1.0
EPDR1,56939.82192036405,-1.7753270877937493,0.49143997644145515,-4.086787226884659,4.373879045956631e-05,0.00037531188926988687,0.00014617656008341005,1.0
EMILIN3,59789.06281889996,-7.188561536737507,1.2706137698181204,-6.153011657395978,7.602521480547309e-10,1.7741585174697787e-08,2.5407891400517213e-09,1.0
LINC02268,811.3499292631461,-0.5771162663087667,0.6381245642635633,-1.3707114722212517,0.17046491713088907,0.4029814096793805,,0.0
CPXM2,266897.7760607452,0.3286425861636326,0.2658466165562753,1.2523345914118207,0.2104479692941652,0.4575433864410366,,0.0
RAB5B,2278038.2266057846,1.1265732745370625,0.6340530075282144,2.4279033005350175,0.015186391756883926,0.06376182897134695,,0.0
LINC01588,21447.18939899506,0.30126871938461103,0.7265349126512706,0.7484981382459883,0.4541597476204918,0.7098822471413885,,0.0
NIPSNAP3B,35563.07735485786,-0.3030362680186567,0.17208867375911036,-1.7970179440403722,0.07233277110759553,0.22288692611787672,,0.0
ZCCHC9,72906.74775505083,0.30993982825485294,0.5096713275390743,0.8185036088574945,0.4130696821960077,0.6712886407051294,,0.0
DEF6,163673.0623700722,1.7826038777291182,0.650710935026954,3.326847828827574,0.0008783432419120208,0.005594956824118153,0.0029354536859884334,1.0
TSTD3,584.1320906038047,-1.0811340334948083,0.3878415473497604,-3.156056077826317,0.0015991811134151998,0.009496207467771115,0.005344518941955886,1.0
ARHGAP17,747556.687917343,0.0848839788930831,0.536099996521476,0.19498690777947444,0.8454031969849995,0.9371683830728276,,0.0
ST6GALNAC2,305472.60215025424,0.980918050747625,0.49936251193045295,2.371646075169649,0.01770904500568272,0.07227171478727139,,0.0
POT1-AS1,11786.763265303725,2.371302807098843,0.1906496215434804,12.594102735223075,2.2753256236732703e-36,1.0329978331476647e-33,7.60421742904996e-36,1.0
CALM2P2,93443.77955671433,0.2949918985942936,0.26671974411325333,1.1758892767516183,0.23963912447417723,0.4946750128578,,0.0
ZBTB48,122320.96250174392,-0.1300395473322617,0.31415879084847803,-0.4841085294268974,0.6283088483045133,0.8308716913657329,,0.0
ZNF655,176934.53611087086,-0.6850733325938365,0.9861638286526956,-1.6660163724607993,0.09571015348769712,0.2735883417297312,,0.0
ETV7-AS1,454.4058490940435,-0.8697071382649386,0.8545472510706377,-1.8025201697658757,0.0714636042572358,0.2208473017701953,,0.0
NPC1L1,9324.41741255974,-0.8689754028210002,0.4022503829075795,-2.5187828942870327,0.011776124263588603,0.05199820032923208,0.039356217167401536,1.0
PLSCR3,271782.5089628849,-0.2355481351450335,0.8044280765668134,-0.6951313041236058,0.4869730183804315,0.7364486309246097,,0.0
SLC28A2,2312.7611325946323,0.3278940266896842,0.6880745779623023,0.8104135263955778,0.41770254630159664,0.6761771527488407,,0.0
LRP1-AS,22838.902177085634,2.942512280965822,0.4486241303126089,6.87476918895577,6.209030701415793e-12,2.1238287207445527e-10,2.0750796714972593e-11,1.0
SLC12A4,407161.32630120043,-0.026807632281562008,0.4413190656657287,-0.008040909755289788,0.9935843513867947,0.9975731279788066,,0.0
CCDC184,13491.426725642654,0.5697063648701287,0.8615239966147012,1.3140672325627905,0.1888235799378758,0.4298017129488385,,0.0
NFKBIZ,1478308.6686078173,2.4413271961965557,0.4964689935409227,5.285832945719471,1.2513405101252273e-07,1.961180054788159e-06,4.182023538858942e-07,1.0
UQCRQ,449677.1440404334,-0.01376608796110713,0.2916987096207363,0.0054845613699751146,0.9956239750989051,0.9984121018276063,,0.0
PEBP1,1605065.2045059984,0.33861586664243815,0.29783777182068666,1.3330860766900352,0.18250355798263462,0.42117503168450887,,0.0
DNAJC21,461208.02029900067,0.6969031130984346,0.8024521031859057,1.464797805330364,0.14297609083679574,0.35862511182268103,,0.0
SNORD1A,427.66513212779483,1.3284670928436264,0.25868206187894865,5.377529239791192,7.551495223818188e-08,1.252895918529835e-06,2.52373598745142e-07,1.0
STK11IP,201738.69385358243,-0.1548111048944404,0.871964399310378,-0.6710850311478377,0.5021663622343189,0.7488261609430243,,0.0
CSN1S1,13895.986867232485,-1.4967247010972746,0.6712135766539498,-2.8804186308420174,0.003971474511463888,0.020768108597121103,0.0132728060480182,1.0
HCG15,2272.777165690265,-1.0100826138519081,0.3945269152756827,-2.9284434627320657,0.0034066378132790115,0.018195453732102015,0.011385102143040232,1.0
RPS15AP12,68709.49380854315,0.3623537286091662,0.7111550594791765,0.8755155765014141,0.38129343865716336,0.6452051098707612,,0.0
NOL8P1,609.3160575326086,0.046084017367991274,0.4477823181114282,0.12729782144275842,0.8987046845174692,0.9577778466868049,,0.0
SYNJ2,203100.46978564127,-0.08552112824613158,0.3820169511749643,-0.2937211938428678,0.768970957952773,0.9041333238811129,,0.0
SH3PXD2B,1949104.990475387,2.1945806031894,0.607075748652209,4.116392069647474,3.8484942240151496e-05,0.0003342500896475071,0.00012861801646926133,1.0
ABTB2,34475.50932993911,-1.6006317466873032,0.3400857825592649,-5.0688245883160965,4.002799055768992e-07,5.5682391321755835e-06,1.3377493765364508e-06,1.0
DEXI,237085.8817441863,0.29206444742183924,0.8057541859741942,0.8652034187659158,0.38692714928990235,0.6502068046389874,,0.0
H2BC4,103945.63741549858,1.7368468369840653,1.5766321179464868,2.4630259390571796,0.013776994838447196,0.05895656574396341,,0.0
RPL12P7,144.1505793404072,0.14435377410879652,0.45504980444956783,0.4061209229609153,0.6846537530611884,0.8605992556726842,,0.0
PHF20L1,299261.92531379743,0.03774103280997821,0.5051849488072571,0.12835349874743449,0.8978692293084038,0.9577016085361318,,0.0
SNORD57,1362.9475631845726,0.5260675706842803,0.6815570148784968,1.2399533060434647,0.21499266555589247,0.46338945696423256,,0.0
ZEB2-AS1,9236.037712372361,0.07628119587506466,0.2904685223271602,0.28598296026073805,0.774891172509147,0.9059189488579571,,0.0
ANKRD10,657001.4734237215,-0.09154947351286553,0.3672028200010657,-0.33205355037830336,0.7398488234053692,0.8877914628956852,,0.0
CLPTM1,338034.725056912,-0.4560200772223113,0.7650748307432816,-1.1458025206930187,0.2518768719643729,0.5088483408535915,,0.0
CXCL1,12407.524907014025,-0.009757037906922433,0.6396706150607141,-0.03555674195296978,0.9716358014129756,0.9886244156867778,,0.0
ITGA6,788779.6469736743,-0.31597272954362,0.7723276339573429,-0.8920623978449758,0.3723594881554473,0.6379423798615367,,0.0
BTBD7P1,2302.5758983159094,0.1133041315288948,0.7222911306373231,0.2878517445036995,0.7734602264401196,0.9056647997284776,,0.0
ZPLD2P,859.5069454181894,-0.18252851065879713,0.6021468138125533,-0.47790682744494684,0.6327165217630535,0.8317415924413502,,0.0
DPF1,10118.491500038868,0.5357524263683303,1.1485795114501407,1.3866088261967269,0.1655610754864354,0.39598276387895515,,0.0
KRT18P23,2551.55216209781,-0.01381001402713641,0.8724565544073827,-0.06365086533496683,0.9492482291426958,0.9818398440718766,,0.0
UBE2Q2P12,244.3566190498174,-0.31383636061404885,0.29688994001765745,-1.1773237934033218,0.23906629363445464,0.49388382037156425,,0.0
KIAA1191,311755.3064100872,-1.6568611889206812,0.3906875918610329,-4.618772287749854,3.8601719179392354e-06,4.411372667777699e-05,1.2900828906472961e-05,1.0
EPS15L1,371656.4545977423,-0.1860893457214947,0.857298427048842,-0.6518801548676845,0.5144784880220966,0.758578556003056,,0.0
LINC02523,605.9795001724605,2.4031066608047134,0.5401324825969676,4.87718782867267,1.07608958114723e-06,1.3674278290710602e-05,3.5963288344498786e-06,1.0
CENPS,44832.1924977147,0.09551035937728453,0.5766510218675195,0.23902707907434828,0.811084585182201,0.9221857987955306,,0.0
UNC79,3638.3441164658243,0.09680058049074532,0.76064590366223,0.25032755248305927,0.8023340508063079,0.919453452308593,,0.0
RPL5P11,845.0269557000853,-0.8608066597730782,0.7260076889854141,-1.8383347635102454,0.06601309154047222,0.20825608285099068,,0.0
CORO2A,132853.3999461343,0.11799114670907433,0.7500462111977851,0.290416564542525,0.7714975728455181,0.9044112333411053,,0.0
STARD10,1954894.3016432114,1.7072662863374304,0.404976396417623,4.604515510758053,4.134272050264453e-06,4.6711662033983434e-05,1.3816881089002954e-05,1.0
RPS20,2883233.035003224,-0.16184802051640587,0.5322926401928013,-0.3750059351945746,0.7076560525947933,0.8733009276169287,,0.0
PARP1P1,5075.9041256797655,0.4222602061014125,0.37740880045860054,1.3150120144110382,0.18850586469593933,0.42927813934416703,,0.0
ITPR1-DT,5299.766553109037,1.880169667355738,0.46461481186242143,4.449541257060374,8.605389865155394e-06,8.860890100327019e-05,2.8759512447604336e-05,1.0
ZNF354B,75426.00560351215,0.2265683971963213,1.073122338251472,0.5782996462957354,0.5630618331793001,0.7923163693709284,,0.0
PGLYRP2,71168.66716974453,2.3082046598748747,0.5676546694523412,4.512427067372353,6.4089976113558604e-06,6.795442477942924e-05,2.1419093088018613e-05,1.0
PBX4,9101.48359145156,-1.7019642521118437,0.23460300679817764,-7.476799808185091,7.615428727302784e-14,3.4262568526261355e-12,2.545102786842222e-13,1.0
ELP4,355314.1309079595,2.9142887185974544,0.28914717493507847,10.25789970313216,1.0905280034959919e-24,2.017072907207031e-22,3.644582544481584e-24,1.0
PI4KB,343815.7696242159,0.5975229508859651,0.8228485048233014,1.3359601501633518,0.18156229876019014,0.42015940380146477,,0.0
CPA3,85679.17974089479,-0.02030809533336542,0.49339661527369943,-0.06323613688262064,0.9495784692790237,0.9818398440718766,,0.0
MMP25,39545.4877186073,-0.2842778368653283,0.42275985412758965,-0.8410754295407662,0.4003056788778273,0.6622004789705102,1.0,0.0
RPS10-NUDT3,609210.7595234785,-1.7327466215109288,0.2159375766679416,-8.30655026040607,9.852450720950587e-17,6.150392362553404e-15,3.2927233232735123e-16,1.0
MBD5,102853.88031728308,0.1699703338171,0.6474606571285253,0.42207042943949313,0.6729736110253928,0.8554177371744319,,0.0
RNF212,23082.527919077293,-0.32303525547784967,0.7979293698297436,-0.8790524799246513,0.3793728216365091,0.6437607445642971,,0.0
CLEC12B,2252.1650808072163,1.3176136588025382,0.27065460018731735,5.1231410488448965,3.004873945661476e-07,4.32459379960617e-06,1.0042393313713353e-06,1.0
PLEKHA5,809665.667800975,3.077457265474095,0.47369589620921376,6.8243144422013176,8.834618383199135e-12,2.9026371187958216e-10,2.952560213340916e-11,1.0
ANKRD37,40657.765729054576,0.37324563554999657,1.2645972840753572,0.08577196174001032,0.93164769560825,0.9743870739540527,1.0,0.0
IGFBPL1,1977.85104981824,0.4401287918014936,0.6286627998675879,1.0724766306841074,0.28350600494389055,0.5437131292971542,,0.0
FBXO27,106977.66293352484,1.4217410124532548,0.2723630710490784,5.462594776428719,4.6922486984586384e-08,8.19338811192393e-07,1.568165846814189e-07,1.0
DERL2,265002.0509307548,-0.028167392759902255,0.7592514557502783,-0.10801750575174027,0.9139818058764452,0.96540294808523,,0.0
EMSLR,4564.262855652383,-0.6082828429556144,0.5156770508927702,-1.5569439776514244,0.1194837869340199,0.31672082375185534,,0.0
FLRT1,4485.119129029478,-1.162596035933193,1.0484198893130172,-2.126628859342117,0.033450932675960665,0.12167076313455757,,0.0
PHACTR2P1,627.5056968809829,-0.6242551356487123,0.5326233133570165,-1.5692308989497077,0.11659414688619053,0.3113749569784147,,0.0
PTPN6,434348.16231116635,0.6927490681684411,0.825554882208284,1.45396470843122,0.1459560908980488,0.36272341785461487,,0.0
ALOX15P1,1824.0956650748267,-0.39581309336017645,0.26336626797761614,-1.6358919076430845,0.1018622119344376,0.284826364166059,,0.0
UBR4,920874.5549184245,-0.4189950649668527,0.26012113670778786,-1.587534457542031,0.11239164924901793,0.3043838917297156,,0.0
SF3A3,460028.53667240345,0.07746786712387713,0.6796636436003646,0.1412801474945544,0.8876486323027672,0.9545472157019853,,0.0
HACD1,54613.53024247853,1.1134506245399742,0.3877235111877783,3.2003098188768337,0.0013727993368540018,0.008330206425575802,0.004587943165269097,1.0
SFT2D1,176827.1149624653,0.1331278804038065,0.2729605739986582,0.5136800374307449,0.6074757110269198,0.8186491283676924,,0.0
SNTB2,215273.34100338956,0.18829229874388798,0.645332966305958,0.4663273648499556,0.6409811941559432,0.837631764539088,,0.0
SPINT2,3466693.301144554,1.3853976208823415,0.31603179297563677,4.752868784142701,2.005505106933088e-06,2.4075703134672694e-05,6.702467870760982e-06,1.0
PLEKHA8,126563.46785843845,0.9702772641471584,0.6304457207285559,2.093108440428914,0.0363394754292171,0.1295784188340717,,0.0
RN7SKP175,4923.225801396709,-0.3034198272733679,0.26391466305949157,-1.254807757423131,0.20954855583114385,0.45678109464021494,0.7003185671117143,0.0
ARL8B,1225862.9203024907,1.5207190709053504,0.30108017475779747,5.353507411414111,8.626550015799544e-08,1.4265228734736067e-06,2.883023040755497e-07,1.0
TPR,792598.667208874,0.03692583182952241,0.6882399810362493,0.0639814750062701,0.9489849773845044,0.9818398440718766,,0.0
DIO2,86673.90926258352,0.055611605053005414,0.613873440346586,0.13261140040523267,0.8945007158380596,0.9566924669895673,,0.0
FAM43A,324992.5901665346,2.1445792163237236,0.452813322762744,5.083093125493452,3.7133752330700747e-07,5.223829834916043e-06,1.2410229276250924e-06,1.0
PCED1B-AS1,35155.586238180316,-0.2620369973249272,0.5036323425183695,-0.7115549083370937,0.4767404379766509,0.727641120799326,,0.0
FOXC2,11552.76335671638,0.3514317311062605,0.6075016584345392,0.8752675163663272,0.3814283644121287,0.6452051098707612,,0.0
ITGB2-AS1,9568.330232192438,-1.9056702136645864,0.44783147242312854,-4.664211480835176,3.0980265509797425e-06,3.5980336268820546e-05,1.0353712562946355e-05,1.0
CASP3,204103.82159119396,0.3229793868960301,0.43450652655829014,0.9052915362587535,0.365310959094189,0.630212674432311,,0.0
HAGHL,25177.31672565301,0.6329810151292421,0.9037706180496069,0.5428397305547445,0.5872401554078455,0.8069913712136907,,0.0
TFF3,1260461.6432819262,2.8806285605243427,0.43096756332150143,6.974737844046929,3.064417001178831e-12,1.0853686882189421e-10,1.024138827770141e-11,1.0
SEPSECS-AS1,10701.526328897362,-0.1354348193405934,0.3649688174626848,-0.4466464811387468,0.6551303294269599,0.8435640835125581,,0.0
CLHC1,71491.90375443903,1.270785155037021,0.8766837116807958,2.26675745530295,0.023405046421605243,0.09067866705158772,,0.0
ADRA2A,255474.4211673007,-0.7379789884367353,0.46243445329967436,-1.989029598412905,0.046697936073299515,0.15832280566874254,,0.0
SDR42E1,65091.06681327557,0.04945184343790732,0.6444127114584788,0.11450756898350477,0.9088354466849689,0.9627447277868444,,0.0
PGM1,473895.8825472121,0.045350318395761514,0.19917367100475789,0.16340347292175422,0.8702007686398131,0.945109582590166,,0.0
THAP11,151491.91048508222,0.10192865662749233,0.4823896008308658,0.292055915551997,0.7702438721816073,0.9042308175070396,,0.0
ZNF474,1605.8089837964612,0.07995775333220706,0.2800625719194791,0.3113950119616632,0.7555003454230598,0.8966148073464877,,0.0
PUS1,91264.37109474838,-0.09754445301515126,0.6125509493717367,-0.2634185692897459,0.7922279796458489,0.9147714521043628,,0.0
SNORD97,1975.8151333197281,0.09792947564993489,0.19404495832068597,0.5331019901201307,0.5939629815235616,0.8113337968693104,,0.0
RAB1A,465176.52243771835,-1.606166462714939,0.5354413226500906,-3.543786692213244,0.0003944242196100948,0.002754901472353585,0.0013181794702230277,1.0
RELB,161667.22144297505,0.310603336409531,0.9178681157999061,0.8496445677166318,0.3955227257005224,0.6577487453953939,,0.0
NDST3,1103.71913767542,-0.045110578001045974,0.46295016077427326,-0.1326912626955035,0.8944375531189869,0.9566924669895673,,0.0
HAGH,172330.08804219784,-0.7415082574298854,0.5643417631881117,-1.8066830117542327,0.07081171798585222,0.2193757565889243,0.23665522617360113,0.0
CMTM7,220835.0076087651,-0.07528662025692796,0.49581948903803463,-0.2299910090344124,0.8180987562174926,0.9265577791259627,,0.0
NOSIP,193186.0436854041,-1.3002906116102189,0.38483680923613034,-3.8122694509514132,0.0001376966470844826,0.0010546887354906534,0.00046018698721072394,1.0
KATNAL2,21328.161092320344,-0.032169107199819566,0.6001951550292741,-0.09415551909444161,0.9249856183605015,0.9709725762132594,,0.0
HSD11B1,40139.834840129544,-0.3432720047225962,0.585798717876945,-0.876477723548094,0.38077038143623754,0.6450019456878474,1.0,0.0
MEF2C,406269.6955160224,0.5689839185454069,0.5542897511953244,1.3755384295307256,0.16896458012397386,0.4018138633995836,,0.0
WNT3,28509.212431720807,-0.004818329494298819,0.4322398182181688,-0.022453594748927785,0.982086128682542,0.9929551838465768,,0.0
ZNF767P,364591.4492510691,2.587110945470518,0.6064819448432123,4.722943035612032,2.324559759952837e-06,2.7444093241618128e-05,7.768759626134214e-06,1.0
PRSS16,84160.3309714223,0.8679420911198671,0.7982028094623156,1.7924457645727008,0.07306158954602233,0.22412136252631176,,0.0
RPL17P50,6236.738438177166,-0.32890077454563543,0.818234556101087,-0.9053997482205342,0.3652536490904327,0.630212674432311,,0.0
FCRL2,2703.1762542190545,-0.2537294523846238,0.4509875944142991,-0.719124532297778,0.47206419308104786,0.7249349877757543,1.0,0.0
TFAP4,20734.08834664825,-0.3700399058405049,0.9198994600551286,-1.7096619650830323,0.08732839994760878,0.25578770049170574,,0.0
MTND5P25,155.98451167018905,0.05630662389998764,0.3099106114040705,0.20243621080278704,0.8395757222369222,0.9337414052222042,,0.0
GNPTAB,287336.3496879693,0.052949078037737844,0.3802768621972639,0.13838765280445556,0.8899340547600328,0.9554688398422138,,0.0
PPFIBP1,570649.580975284,0.2808689245194138,0.332359315509056,1.0083194767287678,0.31330111573413344,0.5816648685709171,,0.0
RHOG,245940.0683868147,0.4583536139565554,0.6408001890055998,1.0856492843187047,0.27763418639981374,0.5374050879382442,,0.0
PRKCQ,18457.389792845708,1.2684188765162954,0.2934359929170197,4.589682681158174,4.439203395587052e-06,4.970713398556443e-05,1.4835972258478013e-05,1.0
COMMD10,102752.1050179538,0.2066877727000684,0.4425681262514766,0.5706541765235447,0.5682340865079898,0.7962292446747758,,0.0
LINC00467,50316.70750089275,0.03173610085309534,0.7848513815063562,0.07047157916684753,0.9438183208342568,0.98081650704228,,0.0
ZC2HC1B,355.80904014555136,-0.36612738884673435,0.434068413538181,-1.054331273186665,0.29173127559698675,0.5533254805664078,,0.0
SELENOI,153615.41989008157,-0.8833262702905591,0.5629472344880391,-2.0985531207511334,0.03585631254528995,0.12827107797362322,0.11983304453723743,0.0
PANDAR,93141.61880650496,2.8434040244497636,0.292733863044386,9.881975026733604,4.9840742838931456e-23,7.320725580518343e-21,1.6656949731913306e-22,1.0
GNPDA2,113566.88605501733,0.0007269114008866749,0.3081602221725595,-0.00752123820311286,0.9939989767383405,0.9975946322008185,,0.0
CIBAR1,62473.90402655469,-0.2204121569076173,0.4431731821929178,-0.6405689186664778,0.5218027987538236,0.7630697443562504,,0.0
PLCXD2,5704.861099472048,-1.466798629084095,0.2849697477184896,-5.424110690620222,5.82437824048962e-08,9.995513722682186e-07,1.9465274802385994e-07,1.0
TERF2,64527.770462908215,-0.9725191248031138,0.7330236434198938,-2.015968460554768,0.043803273906304986,0.1499338930007451,,0.0
TGM5,12185.700906230015,-0.05847680076669945,0.5833852189175899,-0.16152553059247998,0.871679504861685,0.9457339133384803,,0.0
RNF122,100708.4779308048,-0.19444918209153925,0.5944202132480707,-0.5132255259941694,0.607793572235905,0.8188079578489641,,0.0
VIPR1,171492.42910284337,-0.05490315960322846,0.30046306319920124,-0.2576035906311746,0.7967128582970908,0.9158087036933539,,0.0
AIDAP2,16441.575993755327,0.08532468728584996,0.33687051909162796,0.28626647077573625,0.7746740364451034,0.9059189488579571,,0.0
POGLUT3,261038.73581844004,-0.02540764752887428,0.525431503894634,-0.09461844478773782,0.9246178987429685,0.9709725762132594,,0.0
ARHGEF25,145915.61379088138,-0.8875046453558667,0.25773679848205905,-3.6964181021776588,0.00021866275354366584,0.001603526859320216,0.0007307785330947279,1.0
PINK1-AS,510899.43916024466,-0.4083612551549458,0.21062392555857745,-2.091770770029034,0.03645902630516263,0.1297764628424677,,0.0
ARID1B,228128.05202912883,-0.39948438502615885,0.8056662861782751,-1.5377467825948274,0.1241105401434394,0.32570049263076006,0.4147817449372108,0.0
C17orf99,323.2893776240882,0.19675365842849069,0.8533818453943832,0.5380665839403586,0.5905310812058298,0.8087905683825405,,0.0
LINC01841,227.80372057174245,-0.8531003949610511,0.8619113982271219,-1.777835139685815,0.07543093532920113,0.22867790913886585,,0.0
AVPR1A,107682.56578383052,-1.3238239271169268,0.26721576403482683,-5.2763573131978525,1.3177702946269477e-07,2.0501385829803666e-06,4.404034190811479e-07,1.0
EIF2B3,156691.11709932872,0.13125329110825998,0.4827779778361816,0.38808254840568684,0.697954946211502,0.8678830021023043,,0.0
MGMT,152643.16735006328,0.5557238056521624,0.5542371824166589,1.3691563686857726,0.17095040129387518,0.40335509306047873,,0.0
DAPP1,61423.253422889,0.3830225060773921,0.3189423461843334,1.3351994782178798,0.18181106760411803,0.42015940380146477,,0.0
LYPLA2,278158.5041899484,-0.2773366031185647,0.4310326252286833,-0.8305944509181739,0.4062027705873654,0.6677342450010872,,0.0
ADCY3,1261821.6837998899,1.3398225824320513,0.3849581434411072,3.8242989898944795,0.00013114468990232245,0.0010060469759941603,0.00043829011826124225,1.0
TMEM186,74050.03320525904,0.11978964600637781,0.3709649085754155,0.36969168874361874,0.7116122251793361,0.8740264270894256,1.0,0.0
MAD2L1BP,33639.22457620774,0.30987769701966283,1.0590416534490965,0.7570964850280005,0.44899205975806344,0.7046720133349368,1.0,0.0
RAD51AP2,1216.614285748878,-0.03306771629211105,0.6917091364572561,-0.09702134301623212,0.9227094451308818,0.969635644839948,,0.0
SPINT1,733169.5909110517,-0.21294984383636403,0.17778279685038387,-1.1823551732936153,0.23706480196723723,0.4922667862887246,,0.0
MPI,365563.561884502,0.024216531523792054,0.7777595234489745,0.06488019568839598,0.9482693889172247,0.9818398440718766,,0.0
JPT1,3501071.078174411,1.4515373597324983,1.675084382965806,2.203533613477473,0.027557160518400212,0.10385351929003184,,0.0
KRT18P19,364.364940772345,0.29627720915602834,0.21914063868779518,1.432924786199466,0.15187933301982035,0.3732703686520584,,0.0
GIGYF2,439526.338570624,-1.7788982158967417,1.0321839382856013,-2.7010274253368594,0.006912563818465858,0.033613771868956664,0.023102028879250353,1.0
PBK,46934.96631040649,0.41643468249788745,0.37890630534519004,1.2920753101622289,0.19633106526035515,0.4402682262731089,,0.0
BORCS6,84197.02125500627,2.4427317864196136,0.9987756033505678,3.190820768637558,0.0014186925956845787,0.00856705057176395,0.004741320033636615,1.0
TOX3,85257.7178904815,-0.2564926068095805,0.40651218606665074,-0.7786896823764407,0.43616253535477945,0.6950209641230914,,0.0
FTCDNL1,11432.309995755659,-1.1197786919301802,0.8101060020866955,-2.1655390991439862,0.03034642450592496,0.11242584865177244,,0.0
PLA2G5,16671.038212424806,0.2928654723659095,0.5273772248896508,0.7677484636210985,0.44263663772895934,0.7009778512957922,,0.0
AMOTL2,334287.9581151621,-0.4866246444253149,0.8589536236130565,-1.2619755765740668,0.2069575748839838,0.45367511601959193,,0.0
KCNK3,47549.963958166285,-0.4283807904078534,0.32907802096584843,-1.4777218589903378,0.1394822410971868,0.3528745248426296,,0.0
SCYL2P1,5223.688726142589,0.27226818937259517,0.4751045485950865,0.7434341695424603,0.45721886344110696,0.7126563682974058,,0.0
H2AZ1-DT,61870.51604000656,-0.36144560000675563,0.31109905780688973,-1.3199993492529731,0.1868352352546041,0.42781071291219297,,0.0
DCAKD,193907.52691249008,0.18267664622440938,0.33405206241049656,0.6094131020939755,0.5422506555493252,0.7777138925368552,,0.0
IQCB2P,2327.330823525043,1.0798965608744966,1.1488544924111,2.024942371239011,0.04287328209638526,0.14766149709610207,,0.0
FAM163A,378.69276782862323,0.3491968183508024,1.217295996178142,0.03867668142841086,0.9691481650199297,0.9880117093685531,1.0,0.0
RPL23P5,184.50661852696152,-0.34025986460304697,0.35434799314465903,-1.1169822410108263,0.2640019184851541,0.5204996371554913,,0.0
RIOK1,85329.64880832026,-1.5973030100651122,0.8423568857298457,-2.7103509314297995,0.0067212053240331415,0.03277900330881007,0.022462502130453466,1.0
MTURN,681589.7441877881,0.21472313192259387,0.6660460798822725,0.48208837167457286,0.6297431700182459,0.8308716913657329,,0.0
CSPG4P13,267.45344200103915,0.09805722456742501,0.914887566385971,-1.9220497560656165,0.05459949730736837,0.17891725036285935,0.18247342038533484,0.0
CALR3,1140.1043923619748,1.257401308304395,1.1499563568763944,2.1802152411510374,0.02924151036782215,0.1089791811767939,,0.0
WNT4,29693.072717081086,0.032577248778731964,0.9564903799442778,0.8641812878114762,0.38748830986880545,0.6504593678940552,,0.0
LINC01048,378.13788690352067,-0.5641622729363036,0.7357429596055474,-1.3189706942964583,0.18717890999193332,0.42796342551165567,,0.0
PROCR,145670.7875876402,-0.06823088955505127,0.2954493794121236,-0.2778500059634566,0.7811275026965715,0.9078312190985985,1.0,0.0
CNOT6L,328580.97589336365,0.08088310178312721,0.7697656000662563,0.24517081512814207,0.8063241730273797,0.9216715312654461,,0.0
CCL21,297563.03431023593,1.9505634547368231,0.8807376716355834,2.9757578771642503,0.002922655108236634,0.016080669468798447,0.0097676150973397,1.0
CNTN1,55067.77869271107,-0.40634911135227597,0.7211926254533508,-1.01479560246798,0.3102032704139126,0.5795567274399849,,0.0
NAALADL2,114501.48413543245,0.3617359572649363,0.5783835890141985,0.9006563417507979,0.3677710681435753,0.6327196827783363,,0.0
THOC3,77134.94798818242,-1.7057979636785103,0.41446645831928736,-4.52490941589096,6.042137922841958e-06,6.448641270855939e-05,2.0193035240127105e-05,1.0
TMEM230,910270.7230024446,0.7290869521838849,0.7006178028010341,1.7283311560115127,0.08392887034164098,0.24864832065818407,,0.0
GDF7,3692.56107628864,-2.0081921060153984,0.7233644348913657,-3.4314033018470265,0.0006004671628033316,0.0039770994841377165,0.002006782157882888,1.0
PODN,732851.3685910192,-0.6038048650631893,0.8136668792492293,-1.4616154414489941,0.14384662053596486,0.35955483752891404,,0.0
ADAMTS3,46209.39264392665,-2.044882941697642,0.35606520668181635,-6.0706326513501985,1.2740732589224769e-09,2.8540008443510543e-08,4.25799717657291e-09,1.0
SLC38A2,793664.8247438411,-1.339803980874228,0.7011409499036576,-2.622597655547856,0.008726225572601646,0.04057613641487209,0.029163349587684084,1.0
WASHC5,483640.154929011,-0.26699587904309335,0.802493614755333,-0.7626666712244323,0.44566221202718437,0.7020540559649046,,0.0
DIRC1,845.2641806994004,-0.04308670144129143,0.1755725985533724,-0.2566531931625633,0.7974465077957891,0.9161370738284266,,0.0
ATF2,235075.749046278,-0.5518498762204296,0.42230790677038704,-1.5818889486921877,0.11367492424200545,0.3064838863100384,,0.0
MIR7703,345.1120114435828,0.020967667840129548,0.3680688315886127,0.06400260133270122,0.9489681554927665,0.9818398440718766,,0.0
PAIP2B,46729.40493687855,-0.19479181863406814,0.35266193017855024,-0.6557942212268741,0.5119565350991269,0.7564506678499977,,0.0
COX11,272688.3183427515,-0.35156937291866536,0.7924390630505631,-0.9360754994147751,0.34923431664527393,0.6160636444106316,,0.0
ACER1,1203.7218217152454,-0.026655786363105782,0.24564112710791708,-0.11559938374276744,0.907970051334853,0.9627447277868444,,0.0
YAF2,57668.811290920865,-0.9691985194489949,0.37426346699495294,-2.955399758477491,0.003122641524859354,0.016877133955787462,0.010435976662398096,1.0
TUT7,18892.45430566679,0.9078600823097118,1.6179143101472953,-1.2593713179005415,0.2078962443200747,0.4549666275786385,0.6947964845315482,0.0
LINC01968,161.48502720222638,-1.2661180652634034,0.5172576890235366,-2.945364078472273,0.0032257484202569855,0.017321922162111168,0.010780563495544264,1.0
DEK,432031.86390436895,-0.2245653172021879,0.6544297565416263,-0.587950526461153,0.5565655007694483,0.7872551727203806,,0.0
RIMKLB,862790.9527515341,1.3462819956553582,0.5764345506565237,2.889304377972943,0.003860951514887674,0.02027507031056682,0.012903434346609208,1.0
AP2B1,1913470.0394468554,0.10872000407654311,0.5919258886863625,0.2291856734561685,0.8187246071879999,0.9265577791259627,,0.0
LMNTD2-AS1,47243.63360809203,0.2547738648509649,0.2986311581887573,0.9801038618918816,0.32703485306329727,0.5941474092766276,,0.0
PLEKHM2,486450.19384931296,-0.014854310524876707,0.47765482133125026,-0.07651747954666202,0.9390074080757257,0.9781198019533344,,0.0
GMPSP1,20739.2783784228,-0.566838090812039,0.7953093820921646,-1.337561607289712,0.18103938680416976,0.4193463347402708,,0.0
TNFRSF9,10080.088701964476,-0.9602775750605178,0.589368037544877,-2.174830894934388,0.029642790988654084,0.11031005826925372,,0.0
KLHL7-DT,4423.706072505078,-0.25923876910296745,0.7649692089760667,-0.7001619540962714,0.48382616857230454,0.7346390653238337,,0.0
FKBP5,3690203.2412668145,1.6209475325271336,0.3827197696771931,4.613596673564407,3.9576005672619975e-06,4.5123874960973555e-05,1.3226438843600505e-05,1.0
HBS1L,246329.01749374223,-0.5095562847646996,0.3591331871908116,-1.6764187059346156,0.09365620742191386,0.2691342031776699,,0.0
NDUFV2-AS1,8165.836726707598,-0.044169625009032716,0.32134857315174864,-0.15988778088233005,0.8729694741305859,0.946712172379619,,0.0
ANO6,652706.8876978458,-0.5206513788367405,0.538563266882032,-1.3323802507660498,0.18273526841624543,0.421493977646629,,0.0
CYP2F2P,1461.6201087887198,-1.7412032220599185,0.4180157768055853,-4.5561620031892796,5.209676178888425e-06,5.726372373512032e-05,1.741091911726232e-05,1.0
RPTOR,285058.4427963613,0.7414950573512582,0.4966282878325519,1.8802046856278207,0.0600801872720062,0.19178884890016792,,0.0
SLFNL1,937.6676628859352,-0.37452668427898833,0.9198432587833496,-1.6791654254765087,0.0931198082032546,0.2680347678196274,0.3112096401330992,0.0
LINC01649,248.9991162028658,-0.008997160232661602,0.5071566163675243,-0.02933180966099954,0.976599957370022,0.9902173981072767,,0.0
PRH2,1197.514789177401,0.40925735115784995,0.8815398098935463,1.0271955186611346,0.3043284078534225,0.5700735441935454,,0.0
RELN,105052.59843389092,1.4069636563458587,0.38200509652231635,4.029357176330984,5.592958413735121e-05,0.00046864487111062406,0.0001869186168659937,1.0
KCNJ14,43717.11279507427,2.7037642528242607,0.7692169069909582,4.061894740775237,4.867602527196256e-05,0.0004127131922040425,0.0001626769706712912,1.0
EXTL3-AS1,6470.064545854766,-1.049372979977357,0.902188933117122,-2.030748868250543,0.04228047631027477,0.14606185877653255,,0.0
SLC25A18,4193.961851796074,0.44888164994989077,1.183024831368697,-1.3648361341692907,0.17230455898951702,0.40550846729201134,0.5758478333565318,0.0
DCD,353226.7086738352,-0.16545071901510364,0.7337047483507153,-0.45715695703676024,0.6475582337648815,0.8407374383332465,,0.0
SCGB3A2,2593.5054275508237,-0.24183390719609008,0.22634572368923958,-1.1410530664503509,0.25384784055425424,0.5110507333392597,,0.0
SCNN1G,9521.202331139619,-0.4696551752806986,0.9830475661542608,-1.5459458048865309,0.12211765696654098,0.3214842271433346,,0.0
CFDP1,249089.33550477066,-0.11780935393697006,0.2996315129229363,-0.447037732790889,0.6548478161146929,0.8435156032181522,,0.0
USP8P2,109.92837626753155,0.1912918872137327,0.7120042736385799,0.48878197956581354,0.6249960572713253,0.8291828850853497,,0.0
TPGS2,317116.2387217644,-0.18102886918782665,0.34565426690066176,-0.534364849519758,0.5930891332926553,0.8108656262132062,,0.0
EVPL,583954.7086372556,1.5709973975873044,1.0965444722148814,2.4266712021523893,0.01523805885885369,0.06389493361974419,,0.0
RPL29P11,301324.6528621074,-0.2211110106978027,0.36863821317820394,-0.7164311141168227,0.47372518852100987,0.725899808687908,,0.0
KCNH8,7498.81223656098,-0.1810298240438157,0.6728273833553718,-0.47881743493197076,0.6320685122341265,0.8314876618899322,,0.0
ACTN4P1,33088.75805723049,0.4323242452279541,1.223878105399147,1.256207083766038,0.20904089911224866,0.4560726300421886,,0.0
CDH4,10678.375173868724,-0.16916488737918137,0.28544255713121325,-0.6615862632108618,0.5082364135506001,0.7533786432982181,1.0,0.0
CLEC12A-AS1,317.6307949109922,1.2129456624938564,0.3940300325121436,3.4455693927332782,0.0005698576331926126,0.0037995581043576867,0.0019044840445319377,1.0
AKAP1,500501.2079082218,-0.5062644120225513,0.655432263584079,-1.232213699531521,0.2178692671635576,0.4667393740331963,,0.0
CHCHD4P3,239.289223121835,0.12290793351856273,0.911618353619309,0.5255178768080941,0.5992232292669308,0.8156498835732442,,0.0
MTFR2,12727.511197524862,-0.2232700212775277,0.7724151969162047,-0.6203971331474922,0.5349963594059464,0.7723327864218767,,0.0
LINC02608,1729.9969417394054,-0.2839283356828308,0.44380341379781457,-0.8138597670607829,0.41572529136506475,0.6740688652847836,1.0,0.0
PKMP5,494.91797932498986,-1.4518641559469143,0.3497781160690144,-4.486208527955457,7.25017853037676e-06,7.56515073431505e-05,2.423034899743719e-05,1.0
PASK,10980.686019121471,0.29330766743161174,1.0234505814802364,-0.5550343079139355,0.578871194207399,0.8016387993514373,,0.0
ANKRA2,90690.8853990117,-1.224717439370373,0.7611107632437825,-2.3660686760113916,0.01797810915852571,0.07311292926520961,,0.0
GYS2,17116.751960157966,0.5952435595853851,0.9077377943594774,1.3720673466024087,0.17004247347306678,0.4029814096793805,,0.0
CPZ,59299.75433407024,0.05156882604520051,0.6985057136844732,0.11912028094912529,0.9051800632696556,0.9614212644550952,,0.0
PPP1R14D,1872.224285965111,0.39122350425876345,0.3743207578866486,1.227350458307315,0.2196908982582959,0.4690621401889396,,0.0
TMEM132A,110755.94960461403,-0.23368231585783972,0.7273972988885032,-0.03824118604304865,0.9694953831831102,0.9880117093685531,,0.0
SCARB1,986463.1224994438,0.3687552387915395,0.4927031873645348,0.9384749028302177,0.34800040867238025,0.6154086547131257,,0.0
MTND4P23,296.56799009167315,-0.1883650973711709,0.5509179492071518,-0.49945397311087725,0.6174596041912461,0.8252340114008618,,0.0
MIR5001,502.0242571772901,0.38424227650619747,0.2218768152384916,1.8348235828970882,0.06653183317932562,0.20941052361302492,,0.0
CDHR3,57399.426045487286,1.4050490804923,1.4726571746323394,2.2873681034490674,0.022174346424320465,0.08671784341664558,,0.0
TEP1,227401.22490089937,-0.17498206287916748,0.5897292656814869,-0.46539749999741215,0.6416468241634716,0.837631764539088,,0.0
TMEM238L,2596.8381423008655,0.7102895509267004,0.7681025792415243,1.5592149697085744,0.11894550892312242,0.31579684825203264,,0.0
SNORD18A,299.70801790030487,0.2891625718976082,0.8718432016770785,0.7689569661877997,0.44191885781237905,0.7006167542587368,,0.0
LINC00528,2254.2304798330338,0.3263825511997305,1.1134130263028459,0.9837450787589501,0.3252408692789439,0.5932260413363937,,0.0
AKR1C6P,351.06735898654205,0.9107196410620335,0.6922745108711535,1.9364774338242088,0.05280925375211478,0.17430893141973644,,0.0
ATP4A,973.8886392079625,-0.16581622962303263,0.8301029012024341,-0.515301371266191,0.6063424408784222,0.8185753813320451,,0.0
LINC00853,2956.078440155355,0.6111362815766422,0.4923442129314506,1.5934495625514309,0.11105937464411762,0.30190379735237827,,0.0
RNU6-564P,344.30736042331057,-0.29368860859584756,0.5607073477919758,-0.7623004753317216,0.4458806902759205,0.7020540559649046,,0.0
CHAF1A,87922.21994999473,-0.4347078002857557,0.4059581081755164,-1.316945364563732,0.18785693887465216,0.4285778070691823,,0.0
NKTR,1019171.9743245872,0.0016725704077959,0.36567406861350155,0.035301198066472625,0.9718395680087963,0.9886244156867778,,0.0
WDR86,60354.90194729987,-1.8052941816212194,0.4032953435017213,-4.890333214408743,1.0066542304284625e-06,1.2890336478871133e-05,3.364273475588563e-06,1.0
ZNF416,73846.45555165778,1.8417558770304674,0.34106602244149514,5.688141970152434,1.2842903473532232e-08,2.466825382569999e-07,4.2921430417233225e-08,1.0
CAMK1D,95499.62627139097,-0.6246356499557953,0.5368218136740283,-1.570367266749062,0.11632969311450139,0.31096723220393035,,0.0
ZFYVE27,163542.75693781502,-0.11906202529868418,0.657985027398063,-0.30959031332740117,0.7568725234720108,0.897209093451497,,0.0
EP300-AS1,1745.9154604121413,-0.07178777661256787,0.45253359849195224,-0.20905013843279333,0.8344090983904113,0.9335593134256123,,0.0
CTSS,29300.51179683715,0.877553304228939,2.5392383441101027,3.8367106318829745,0.00012469325201270128,0.0009669535722848295,0.0004167291882860893,1.0
CDKL1,29202.744520627988,-0.07550530175458643,0.592594999281588,-0.2076227689072338,0.8355235247367139,0.9335593134256123,,0.0
DHRS7C,229.3896369562101,0.21235560026883113,0.2585291253702398,0.890873976649997,0.3729967826408076,0.6384709806569127,,0.0
RN7SKP176,3777.038607664461,0.08161461992233449,0.2879150683683162,0.3064750581641634,0.7592429674660514,0.8982846196459277,,0.0
HARS1,116687.87184656752,-0.05149611409259128,0.8566074187012418,0.04750603728493119,0.9621099187126508,0.9866071733164228,1.0,0.0
AKAP11,298714.63163777796,-0.0013324857006799724,0.5720191561987525,-0.004245237290280116,0.9966128008831834,0.9984121018276063,,0.0
CASP14,222407.47154693576,0.6865727769316984,0.27474612811654736,2.6894733629408285,0.007156485823977549,0.03459776399316929,0.023917224711592973,1.0
RPL34-DT,497.5039515001007,0.07727106397022891,0.7767611017791991,0.20163063519752997,0.8402054936573948,0.9337414052222042,,0.0
MARCHF8,416995.3668725697,1.3906338667735285,0.2742911138608854,5.277491152473316,1.309645255696272e-07,2.0438651271709946e-06,4.3768800279059477e-07,1.0
TAFA1,390.6795342968386,0.9706388446559642,0.718581833609608,2.0078459510153497,0.044659664150636845,0.15255154772112203,,0.0
ZNF8,43015.95683444446,-0.8383235974607551,0.29724263052751104,-3.08207479583788,0.002055631784815777,0.011799799003873552,0.006869992972948578,1.0
HNRNPA1P22,188.11546681352758,-0.389807294930599,0.7923385626496409,-1.0007778035959332,0.31693424285068605,0.5837826456877827,,0.0
LSG1,439401.63225073705,0.7678285437607538,0.4819442782904355,1.9516884555650005,0.05097520404924699,0.169487462730985,,0.0
FOLR1,30711.93732040515,-1.763590775430652,0.2908155517892053,-6.334321957011543,2.383872658401133e-10,6.10515900310526e-09,7.96698539718665e-10,1.0
KHDC1,26416.946366806216,1.793830195255251,0.6157507774865912,3.4536468251716648,0.0005530611495182505,0.0037023959526731143,0.0018483496114756527,1.0
EMC1-AS1,12355.846390930581,0.2711434529027382,0.45882298320443987,0.7494103904243533,0.45360989028733645,0.7094668938599932,,0.0
PPL,1327478.4162435685,0.7134097842590703,0.7421332208435728,1.5324473117931938,0.1254120899709565,0.32825365687366703,,0.0
TEAD1,485254.913241205,0.28630001579587927,0.4829791523288176,0.7157444825381418,0.47414913857162055,0.7260382925308375,,0.0
SSPOP,88203.06161699646,2.469889251283681,0.3769290819854988,6.831792072305214,8.386034219469133e-12,2.77350032397542e-10,2.8026418244852327e-11,1.0
RNU1-39P,1287.8721862788448,-0.39862990895937356,0.30591268706867847,-1.4560896340626364,0.14536784273388637,0.36208111920910035,0.48582439007382505,0.0
LZTS1,53845.61325031905,-0.055662756039917514,0.5447377135158903,-0.1570024156204994,0.8752429443240107,0.9473262383949089,,0.0
NCOR2,1185648.8863070146,-0.06328553148841569,0.3379501737201897,-0.1956370339805462,0.8448942714307711,0.9370202068677039,,0.0
CD3G,12090.445738402292,0.4375161542557102,0.3638526533124514,1.4003664993878333,0.16140359657251646,0.3884576198954926,,0.0
LRRFIP2,269456.5655861924,-0.1200212902901117,0.36575793671308976,-0.37011728365456215,0.7112951046383827,0.8739092420931271,,0.0
SMDT1,169491.7500009693,-0.0069651259849784755,0.3005029245632995,-0.034764368977473155,0.972267632883811,0.9886244156867778,,0.0
AUTS2,288309.8883529376,-0.9396557922436869,0.6161394472942073,-2.1212424208234046,0.03390140708900337,0.12304042660064159,0.11329968246010295,0.0
ZSWIM6,100933.48141525814,0.31685413017619274,0.4453121399189575,0.8868961808992277,0.3751347980112766,0.6394177802413599,,0.0
VN1R81P,1676.2858501513304,-0.7451355875173105,0.5011055708944064,-1.8976988922883358,0.05773575858247781,0.1856615443405629,,0.0
IL17RE,92826.99554773104,-0.24723658740918103,0.8615453046316937,-1.2837343992662371,0.1992349038981449,0.44398889338122965,,0.0
ZNF541,19734.826805721987,2.7927170152340066,0.8440240413904719,3.915104758597426,9.036496361212571e-05,0.0007255347721526621,0.00030200285362472803,1.0
SIRPG-AS1,306.5079497207276,0.5101630274571575,0.7846844692562661,1.202010168419263,0.22935958845627824,0.4833003311184192,,0.0
KCNMB1,66402.41211149379,-1.6722323163488337,0.7380895416040201,-2.9756421541500435,0.002923758085236081,0.016080669468798447,0.00977130128486195,1.0
SAMD9L,675936.6704048656,2.524100870098518,0.22270488686022383,11.395577877635867,4.399015383629025e-30,1.3730426766152095e-27,1.4701662523734752e-29,1.0
SELL,87291.60129966428,0.08940928632382882,0.1963149885769846,0.48794082763222923,0.6255917544786365,0.8293616198211602,1.0,0.0
ZBTB7A,265852.75943903317,0.23258885755531825,0.30715286022433425,0.8298334650237774,0.40663294720107834,0.6680861917317386,,0.0
GTF2H4,73706.200149499,-1.0153505855328764,0.5541368383356973,-2.3538749659038487,0.01857885922845461,0.07499854658599109,0.06209119419523016,0.0
PARP4,324491.8777035729,-0.21016023006696535,0.4577500775796651,-0.6017773435866721,0.5473223582610525,0.7813973290896786,,0.0
ENPP4,547030.6831856907,2.5059206389115665,0.3245228924079897,7.948697307545979,1.8848295807163516e-15,1.0343779039667538e-13,6.2991660619255315e-15,1.0
ALOX12,12227.417334465685,0.05042782700422299,0.28648392817512436,0.19169670123010882,0.847979790105138,0.9377349583226439,,0.0
PMFBP1,57974.73951231104,0.21705169943280206,0.2905638741404784,0.8234904953704232,0.41022911996989353,0.6699696333806501,,0.0
MMADHC-DT,10625.343484424387,0.6807072455954073,0.4175260435176075,1.9442522745483566,0.051865036783842855,0.17164611908450048,,0.0
UGGT2,163490.0320545942,0.04913165792840072,0.5163914155469135,0.1250412334721386,0.9004909068994366,0.9586552097752689,,0.0
AHSA1,544319.7967252114,0.4499292273984351,0.2545784735340183,1.7645156093290357,0.07764520968855794,0.23443783384804012,,0.0
RPS15AP24,28249.471909376636,0.08764456364823779,0.9238173132260225,0.26181526989044207,0.7934638659340401,0.9148145574864258,,0.0
CEP120,153253.36721273893,0.42008384640734,0.26727965022358063,1.7066859457984604,0.08788044082679917,0.2568021775828175,,0.0
H1-7,1182.039994818907,1.0351595326500589,0.5047876410825796,2.508589403094455,0.01212142900102298,0.05330847355760179,,0.0
MRPS25,826764.1250666917,1.712798499577359,0.5887508894603021,3.4490358044118494,0.0005625920996607228,0.0037611578925109096,0.0018802023785849994,1.0
IFT140,175842.17140117564,-1.324354067126655,0.3841999047734994,-3.8362962923870993,0.00012490370668429902,0.0009670838933044795,0.00041743253512363114,1.0
TRIP10,31927.815695336474,0.3391368606530524,1.436145212595156,-0.6069545077994889,0.5438811029889182,0.7787105012404408,,0.0
LGALS8,805651.8442175703,0.058350570705403476,0.29023350310641993,0.14709537811166004,0.8830567379298969,0.951951704449437,1.0,0.0
MNX1-AS1,3567.5010813511276,-0.6202616531361651,0.3573208789553878,-2.0044733126575,0.04501938289456229,0.1535702173329536,0.15045634457332632,0.0
FARP2,480828.30169165897,-0.26185674745066734,0.8768818782196502,-1.097774459834904,0.27230298653103846,0.5316188876997678,,0.0
VPS18,152159.87485965353,-0.19732855040785727,0.3447054065930502,-0.620245144561699,0.535096403888605,0.7723327864218767,,0.0
THEMIS3P,214.82253193579004,-0.482168953649186,0.2979428441414232,-1.7942602304058504,0.07277164262909883,0.22398390565118093,,0.0
HINT1,784333.5282177054,-0.040740760368471705,0.19741400767510664,0.026416727772593872,0.9789249519727203,0.9912535050027887,,0.0
KPNB1,729324.5537365238,-2.592260097044741,0.39690264241328854,-6.884355954776175,5.804955838963731e-12,2.027269192991949e-10,1.94003644604725e-11,1.0
SCAP,488299.1262217045,-0.083881481188666,0.3655982738663622,-0.26766533211490695,0.7889569373154202,0.9137409427071448,,0.0
MIR4435-2HG,104324.02109604592,-0.008601694430868166,0.6347940469732294,-0.03516219570210313,0.9719504070370844,0.9886244156867778,,0.0
P3H1,152560.96133295287,-1.5949438190506433,0.277000449340801,-6.086823915868753,1.1517251608893183e-09,2.6025861780458172e-08,3.849105574511624e-09,1.0
NCMAP,21005.88002368164,-0.11152182101728698,0.3463296285775283,-0.3812222393203074,0.7030383483073956,0.8705200387594629,,0.0
RYBP,377266.8705022667,0.01687353343503911,0.2851571498567485,-0.014666270051855265,0.9882984290628616,0.9954744563815916,,0.0
GLB1,415287.25348680245,0.6241756873523384,0.5877476477685221,1.4985991807927994,0.1339776453848586,0.34347246460574116,,0.0
PSMC1P1,390559.3027573733,0.5420141831949179,0.678176901609836,1.25734974652758,0.208627017794765,0.4555124453777346,,0.0
FAM174C,145035.32590304862,0.37490114762698645,0.2322222251860787,1.7138563012338879,0.08655512029731413,0.2542683945675216,,0.0
KRT18P7,1401.8013418217488,-0.7700621158738933,0.7307422340512331,-1.6865673663140768,0.09168657135357985,0.2645192012361512,,0.0
LAPTM4A,1872250.562476648,-2.1507733014459407,0.6231280618633807,-4.169552949508341,3.051977059525251e-05,0.000272170954201234,0.00010199813559711899,1.0
SNORD108,185.67373686898412,0.8025052865694432,1.161418208503443,0.5062762279671991,0.6126627487583206,0.8228456074026042,1.0,0.0
LINC01569,7713.402746779461,-0.08429341823092756,0.8083989760447893,-0.26237741543181825,0.7930304827988839,0.914813475684647,,0.0
KRT16,405084.7051864942,0.09979661523285212,0.3003802256181784,0.4398581193768149,0.6600398703740158,0.8468276355241176,,0.0
KRT3,1109.4039681607687,1.1164116107045559,1.1267253563008721,2.0576882701380663,0.039620067084463396,0.13885095790863874,,0.0
THAP2,93956.30589702769,0.8443853338318773,0.5491157201181986,1.9698735085091137,0.04885286925017046,0.1637390798894975,,0.0
CLDN18,13180.804348782694,1.8287759530621588,0.443286951982105,4.52485575792986,6.043671054630057e-06,6.448641270855939e-05,2.019815901992495e-05,1.0
JOSD2,67265.3833994468,-1.7255470924200844,0.24812146414488173,-7.188809079670035,6.53588901955426e-13,2.5700968317837774e-11,2.1843168590786093e-12,1.0
TRAP1,642682.9990681915,0.10273221766467963,0.7936752148097383,0.20322995683346312,0.8389552992131983,0.9337414052222042,,0.0
TMEM14DP,13938.446378667251,0.22387810141238187,0.49563125027767,0.6006589612765069,0.5480671581187742,0.781621461309485,,0.0
TRDN,26687.201365262375,2.4093249228161766,0.328601337563484,7.5935901096399485,3.111616268402809e-14,1.5086807421751095e-12,1.0399129871576455e-13,1.0
DBF4,29829.62113069774,-1.1693971892211004,0.5491405265461383,-2.6580366387724568,0.007859734783396938,0.0374180319430737,0.026267507211178657,1.0
TRAPPC4,104750.41184316055,-0.38618760009815917,0.8320720146064225,-2.642624208046823,0.00822662851549674,0.038831552747061175,,0.0
NUBP2,407679.221911697,-0.4023116783801199,0.8198861743701761,-1.080319945172159,0.2799997309684119,0.5400999059313438,,0.0
LINC01107,82.85890467646827,1.348337456123403,1.7303748257658065,0.9058465088852946,0.365017100168169,0.630212674432311,,0.0
DNAH8,2337.7875697929762,1.8977550788790918,0.3544742429835628,5.6729952742394945,1.4032210220998113e-08,2.684937082132742e-07,4.6896134962144296e-08,1.0
MIR2117HG,116.2945059469929,-0.8284793635752528,0.9730144286034853,-1.756042573427297,0.07908113945395279,0.23733846780831744,,0.0
CNBD2,10905.856326116304,-0.243836240021591,0.23334062818753623,-1.1228571976568928,0.2614981484633595,0.5176199601276597,0.8739359138403975,0.0
FCRLA,2975.5796699349507,-0.003926565402577086,0.7988361287911041,-0.025719648253175856,0.9794809520005366,0.9912535050027887,,0.0
ANKFY1,453241.08455387515,0.15047946845159058,0.24711610204156667,0.62787719917559,0.5300843886248987,0.76843002519383,,0.0
LINGO4,3330.28207737993,0.17236128754362842,0.31460422143571426,0.614427861813487,0.5389326291050767,0.7753203419960103,1.0,0.0
TPP2,197797.66686087937,-0.1469425889020425,0.7828319351915058,-0.42805100905046695,0.6686139835731851,0.8528936342931533,,0.0
CHD3,906822.4089206703,0.11702446090286216,0.2844947414233744,0.5103975702876451,0.6097729587522251,0.8204738223623773,,0.0
HMMR-AS1,1681.4538997841119,0.7153908626054004,0.8936481076526077,1.5615607742360256,0.11839149627061699,0.31481449928930133,,0.0
HMGN1P38,109558.79701110821,1.2803681781309122,1.1377228731948907,2.14277627118769,0.03213106755777502,0.11786322162235399,,0.0
SLC5A11,4142.722305207294,0.09317791929530674,0.8802242996746577,0.26703372729259106,0.7894431930380832,0.9138802285656439,,0.0
APOBEC2,512.5463641162733,0.7525877934208258,0.9368172817800372,-0.7267808564998333,0.4673602120329706,0.7205918181206099,,0.0
CXCL17,80977.17186355853,-1.1660025563193697,0.7200492240487322,-2.3221886994330463,0.020222777208714564,0.08008925406845403,,0.0
PGAM1P2,301.49337610849904,-0.3296789826340465,0.721924684628888,-0.8392371287960563,0.4013362559976569,0.6634408040098742,,0.0
CKS1B,101283.43517818474,0.28610874482582754,0.43059260413748046,0.819793271409643,0.4123339674893761,0.6709663843733934,1.0,0.0
HELLPAR,438645.1923109782,0.03858749069365664,0.8835488661903799,0.956871487783372,0.33863212399069087,0.6076639695327022,,0.0
GGPS1,496986.39251760766,0.1547945218846323,0.9438393830805174,0.46071237690368805,0.6450049740059797,0.839717111623009,,0.0
MMP20,245.83514433910545,0.450799371561632,0.9754997590526618,-0.5102853173672732,0.6098515876269813,0.8204738223623773,,0.0
KCNH1-IT1,425.0748425195774,0.35158898517360354,0.30971384054029905,1.2707740809559813,0.20380903208719703,0.44976681672269636,0.6811368789902107,0.0
POU6F2,7772.580197334426,2.3682025674274207,0.3246254586728696,7.546853702959627,4.458989837257499e-14,2.1207804997394236e-12,1.4902099235225364e-13,1.0
GTPBP2,1447708.3184950962,2.561539387559297,0.5016140139940956,5.440758675810499,5.3054142367106004e-08,9.16790266371375e-07,1.773087903875236e-07,1.0
ARPC3P5,2838.762027044554,-1.236313587793732,0.46029207514350107,-3.128999633748377,0.0017540252693330409,0.010293304577026093,0.005862013500522003,1.0
PRIM1,27303.346836644,-2.016176126455806,0.3613249360414261,-5.916751953070298,3.2836131696832922e-09,6.804300485227536e-08,1.0973949502161097e-08,1.0
SLC35A3,232785.96847500667,0.020189494860056428,0.2987983039244752,0.06809896657974059,0.9457068529988298,0.9817614451328994,,0.0
UBE2O,558071.650712474,1.1578916039782048,0.5774808508454295,2.498307468934298,0.012478790718219576,0.054761933960271146,,0.0
MIDEAS,393129.3058828196,0.29778911516017087,0.24402293877153938,1.3150068479049306,0.18850760103759678,0.42927813934416703,,0.0
NDC1,221115.02081616822,0.33878475845546197,0.4213427050720671,0.9570020936832128,0.33856619824606116,0.6076639695327022,,0.0
RPE,202007.5884671129,0.042759378146049055,0.2782338527418034,0.14675065525032585,0.8833288342848802,0.951951704449437,,0.0
TDRD6,11212.865148518338,-1.6836640514551287,0.8201031884171164,-2.835402069941824,0.0045768044485733446,0.02349081337736411,0.015295839766885349,1.0
USP28,130500.49329036924,-0.01628749260901619,0.24891126378074752,-0.09902420902356203,0.9211190485485807,0.9686394037590256,,0.0
PPARGC1B,44869.257215481295,-0.3071127106043605,0.7480319713197661,-0.805972238354865,0.42025885659803763,0.6789947362829505,,0.0
HMBOX1,83858.85620743313,-0.19766212530648672,0.2714371525537256,-0.8042975208469706,0.4212251691137333,0.680335864991586,,0.0
CNGA1,16139.834719169081,0.1152743254616578,0.2975481929611305,0.41538808887754336,0.6778578248038534,0.856801310319019,,0.0
TVP23A,85223.94245316021,0.8151996126476555,0.5121217980780434,2.006509287370815,0.04480193887199574,0.15293293419463208,,0.0
ZNF384,563405.8720015943,0.7399224397113612,0.3282851095399063,2.563560937455657,0.010360451224257406,0.04661269676931665,,0.0
ACSL5,215414.37032990664,0.22490519345055565,0.31845959351895464,0.7847261347446471,0.432614156236497,0.6923176431857961,,0.0
C3orf18,45003.151682582095,-0.24958365347455858,0.433622933336391,-0.7243667853994703,0.4688405855364113,0.7217460292879616,,0.0
ALG9,182588.7445948342,-0.059923052286260395,0.7486971000709594,-0.1919876223895677,0.8477519009754918,0.9377349583226439,,0.0
RSPH9,240929.55623745415,1.2899022130305309,0.6593654721373382,2.5312713812106455,0.011364987872848372,0.05045044394400424,,0.0
ADAM20,856.0967571882862,-0.21356045958703698,0.28387996946971955,-0.8341045767737708,0.4042220563092417,0.6660128502831913,,0.0
POLE2,26309.020918042806,-0.5891868578204513,0.48523055831399076,-1.5667092645776834,0.11718266427605623,0.3124205755330317,,0.0
CLIP1,669573.4329095058,0.05165668013529558,0.4713654388786245,0.19257147798101587,0.8472945840698793,0.9376000781841296,,0.0
TMEM151B,17809.302207535777,0.2521972688171863,1.0458243515368584,0.7648726073958644,0.4443474068265615,0.7017934692257584,,0.0
SNRPN,338421.7130866182,-0.14980321684527406,0.5647940462192865,-0.37121842806414734,0.7104748485746011,0.8739092420931271,,0.0
RNY1P4,157.59668409398708,0.4450610740350943,0.314732378063788,1.584198254037389,0.11314861050031308,0.30560527898245726,,0.0
GSDME,113607.70228181896,0.2897746510375503,1.1162987220650453,0.9139865926160823,0.3607238907302126,0.6254436174411084,,0.0
ZNF487,16282.67040845342,-1.264175844816822,0.27096688372598343,-4.937532317290398,7.911729880848472e-07,1.0370388195526843e-05,2.644127663659734e-06,1.0
CTXN2,283.07264425450023,-0.6246737883985165,0.6325251503673943,-1.4693865913305661,0.14172796212345626,0.3563894475551564,,0.0
WDR48,271742.56160928035,-0.6647496153528445,0.515373547828574,-1.7113716577753952,0.08701252578265718,0.2551618049081562,,0.0
PIK3AP1,82936.6059382474,0.4365691851163536,0.4734197222570434,1.1656333495522169,0.24376271820340434,0.4997335856764373,,0.0
LYN,156687.7752910617,-0.1114949845939396,0.27860062934522195,-0.47340596175423494,0.6359235773237426,0.8333252020873184,1.0,0.0
SH3BP5-AS1,449030.8851483193,-0.9262442383122431,0.4645312225689562,-2.43028919589439,0.01508677949545242,0.06352729915707368,0.05042054218259299,0.0
ANGEL2,324698.3506332567,-0.1846530797884387,0.5456945917792708,-0.4863236787281677,0.6267376933903095,0.8303427886667102,,0.0
RPP25,38484.50146222992,-0.07239742155879202,0.7788728317257901,-0.22128428799442462,0.8248710831220459,0.9288401779281843,,0.0
CEACAM1,275491.8551921313,1.1100808841854481,0.4346599485073831,2.9637726723805926,0.0030389269354407205,0.016550055742192975,0.010156199590800212,1.0
TSPAN8,19764.83969962892,-1.2506437674395765,0.3656051776203566,-3.7734893251863904,0.000160980110453956,0.0012162400478170291,0.0005380011321931742,1.0
DDI2,418762.79020305205,-0.5003942798879681,0.6546942261940331,-1.2527876606581365,0.21028299347041834,0.4573838281320859,,0.0
MANBA,215046.92159594403,0.02613821437291115,0.1316699632757034,0.2005101357570245,0.841081631769837,0.934451984217701,,0.0
TAS2R15P,3983.6044118400337,0.5640650637692048,0.6748947757607344,1.3168508015723588,0.18788864039229325,0.4285778070691823,,0.0
ARMH3,291547.45326964336,0.13450530826358117,1.1974254049783233,0.5517211754354806,0.5811393996786077,0.8026023678083427,,0.0
SLAMF8,85986.89268638338,-0.4435589071367871,0.6527381434137473,-1.1037541937557618,0.2696997799558344,0.5281885102350733,,0.0
UNC5D,1245.1532245426129,-1.4542528376642359,0.6329687407545795,-2.9102617410063383,0.0036112618893078766,0.019165400504998445,0.012068962927251826,1.0
HRH4,587.3588217531063,-0.8127354005807523,0.19957816258008726,-4.238825379806323,2.2469234134314832e-05,0.00020627087365214755,7.509296253857694e-05,1.0
DENND1B,202199.3503921806,-0.5303813242579324,0.33557039586390897,-1.8072591470895782,0.0707218825929436,0.2192334461012789,0.2363549931636997,0.0
EIF3L,1793986.8325050375,0.14280629266987355,0.3998497889225855,0.5646368849076555,0.5723207716427627,0.798148543307444,,0.0
NCSTN,756668.783153388,-0.11813859859987824,0.2309693314982002,-0.6569707095983656,0.5111997502724547,0.7564241638105597,1.0,0.0
GET3,631933.8645773215,0.8083457719837112,1.0047055678045265,1.7567401710638468,0.07896210703930752,0.23712372973800463,,0.0
ZNF746,227099.8742179027,0.0019065085554479232,0.9268290700261765,-0.03853636552307863,0.9692600375123227,0.9880117093685531,,0.0
CPM,1346338.3584512598,1.6554032227100857,0.6875591254401355,3.0371367857242655,0.0023883704772584315,0.013492672130575348,0.007982017264358331,1.0
AKR1D1,3168.027064598146,1.7133580316415709,1.2534851139300291,2.484316742670182,0.012980029744778224,0.056514619481623764,,0.0
HNRNPA1P49,2406.677189574229,0.3577099451920486,0.7159966815347701,0.8795582702345802,0.37909865341921,0.6435141655933156,,0.0
POTEKP,17774.148469028787,-0.45980094758480927,0.7778213299317103,-1.1356843382298412,0.25608869759797237,0.5126648425493777,,0.0
CENPE,76834.12533040941,0.3739517295334472,0.29871741520900724,1.3790024332130892,0.16789400368766205,0.39983912943070304,,0.0
LINC01806,7973.553263887426,0.11888157625976631,0.18453500127426192,0.6688483444134763,0.5035922241521967,0.7505041979755507,,0.0
UBE3D,9513.202753616488,-0.39273300899673164,0.8451229940792049,-1.0631708987540924,0.28770445701978686,0.5490924307507739,,0.0
METTL16,187401.41458561178,0.1995470329026345,0.3287095153560047,0.6585901306090265,0.5101590022267019,0.7551079007469321,,0.0
MTND1P8,178.651615663553,-1.3451164425629858,2.456868670315766,-2.4819063786266744,0.013068160490355684,0.056720574992431765,,0.0
PPM1B,26016.94074620823,-0.7453718194130743,1.325270025860957,-2.2108686000967794,0.02704493764484676,0.10208799591713132,,0.0
LINC02130,459.5651207882793,0.3669174092151502,0.462567013334032,1.0144862350032684,0.3103507943331605,0.5796155074419609,,0.0
RPL5P13,165.54075875056554,-0.002617387254803999,0.5010569381937754,-0.011343227061727069,0.9909496083420222,0.9967806611271782,,0.0
H2AZ2P1,17203.97114051858,-0.7742937943641423,0.35621028797077425,-2.4880596021041717,0.012844220537896328,0.056020993332973154,0.04292583209217963,1.0
BCCIP,461360.2738326811,0.5439683794616006,0.8528704026352588,1.2763144172686098,0.20184439572515978,0.4474083054822228,,0.0
ZNF620,18328.521430644258,-0.11755472502931301,0.6964774554951463,-0.32340065766980997,0.746391831529825,0.8913583727825783,,0.0
PDE3B,191701.28313844823,0.6082746947696004,0.4269219591153972,1.6997180006091384,0.08918398179799264,0.2587829252315146,,0.0
OASL,1573.3836680732009,0.2464146334481314,1.0390555657912006,0.3854358435733453,0.6999145307253964,0.8690634426759398,1.0,0.0
CYB5R1,442695.3880090617,-0.19009627563997708,0.5611228725740358,-0.5108930240216208,0.6094259662032399,0.820473553239343,,0.0
ALKAL1,1503.4495192516897,-0.07495925592330921,0.5729195496156907,-0.2038688614018926,0.8384559790257854,0.9337414052222042,,0.0
FAM149A,39035.48085607618,0.3148772225448081,0.3002143216067171,1.161311829794508,0.2455151104022607,0.5013257855058691,,0.0
RPL35AP5,404.95098124490164,-0.0731929851415826,0.8559950857825427,-1.2422905782540503,0.21412937031795343,0.4621270852929384,,0.0
RAB1C,25298.24966800951,-0.541835998414883,0.554500474062996,-1.3669583344593002,0.17163836567894053,0.40451250504984854,,0.0
ANKRD44-AS1,291.2250912358779,0.281766226387856,0.2393127363055048,1.2616215580755539,0.20708499504822353,0.45367511601959193,,0.0
TSPAN32,6784.352981062491,-0.22311106792076027,0.31326987041102655,-0.8073825242027182,0.41944613215675974,0.6781204221401289,,0.0
ZBTB11-AS1,21247.353390122033,-1.3797563746412211,0.42241805679270644,-3.7013407224686086,0.00021446326288819016,0.001575043433622973,0.0007167436891571174,1.0
DIP2C,620392.2663403417,2.4885225993530864,0.6215057217103772,4.486033852684557,7.256121749573305e-06,7.56515073431505e-05,2.4250211442851075e-05,1.0
HEIH,153507.47859039242,-1.8899367992390628,0.3225734266018299,-6.186150851085994,6.165101439931388e-10,1.4522885184442147e-08,2.0603983594094656e-09,1.0
TRAPPC6A,66940.44659057418,-1.9535127928773428,0.31539410316772903,-6.467658031053304,9.953342797906204e-11,2.6581280177937745e-09,3.3264418065559353e-10,1.0
SCYL2,94630.38527584242,0.2995670480556784,1.0695662697957267,-2.7991336402339604,0.005123992565445828,0.02592626025515346,0.017124561498842717,1.0
TOR1A,255284.46626639515,-0.25604615935166636,0.35953059572699486,-0.8470694005928937,0.39695643961147664,0.658604803793925,,0.0
ITPRID1,18244.07194854602,2.516679810618983,0.6517424413223882,4.361984028347165,1.2888828096811428e-05,0.00012596244132187138,4.307491210667969e-05,1.0
URB1-AS1,29019.174122263375,0.06633844198999184,0.5510921495656164,0.16534514029438072,0.8686723309246193,0.944718994041278,,0.0
LRRC17,50135.027576061766,-1.0484568228005346,0.1725176718204648,-6.198482876571765,5.701000667972453e-10,1.3557522540883062e-08,1.9052942660767373e-09,1.0
HAGLR,54122.230149371826,-0.10871174477607454,0.35051516352681905,-0.3713484290308418,0.7103780313574952,0.8739092420931271,,0.0
WDTC1,407841.548620868,-0.014302932977227196,0.5708360588782198,-0.06536688397594188,0.9478818904274929,0.9818398440718766,,0.0
CBX3P2,3710.98254909813,-0.4635860013045308,0.4425196525025182,-1.3117510175727283,0.1896041568571304,0.430401436065686,,0.0
CDH5,638686.5120812726,0.11067578293526487,0.35546425127531894,0.32466977707957845,0.745431010904787,0.8910202174386086,,0.0
ISYNA1,466108.9644786304,0.5561771197920038,0.6340386406452424,1.454072167149969,0.14592629917510544,0.36272341785461487,,0.0
BBS10,60978.41495860719,-2.9059595382403978,0.6681454540292899,-4.85227854503217,1.220510368712097e-06,1.5353221111708343e-05,4.078988133185743e-06,1.0
HOXD9,61928.65012356637,-0.13287508354991992,0.23681492306077287,-0.6196687439788475,0.5354758976690077,0.7726572184221395,,0.0
RNF150,136052.2038483555,0.4128430064489312,0.8892956544049194,1.145938840038365,0.2518204589941657,0.5088483408535915,,0.0
SURF6,263257.9577406357,0.3453140623590871,2.0182996762774,1.5598398810870706,0.11879772435084339,0.31557225287665525,,0.0
PLA2G4F,20698.32983720566,0.3808136068679963,0.354193867204704,1.2277324455408558,0.21954742239366354,0.4690469650567935,,0.0
LINC02147,295.00587953680133,-2.6702694182166287,1.271477581296525,-2.1065127239226404,0.03515983903690837,0.12614097424591983,0.1175054058308457,0.0
UBA2,668848.4468338692,0.23605217709862397,2.2839408103672003,1.4474978047283837,0.14775755083922737,0.3658409563168575,,0.0
KRT19P1,32369.79338913114,-2.5191826678623803,0.34299870063867793,-7.623878867256115,2.4616438014445622e-14,1.2293449144414142e-12,8.22689926413166e-14,1.0
PIRT,1507.9678486616183,0.5301777291781161,0.45084923262440546,1.4644226686601909,0.14307849808509596,0.35870181698643033,,0.0
KIAA1614-AS1,12106.057934301589,-0.001031775229153576,0.4183017974032342,-0.0026864692205791417,0.9978565102641308,0.9990859490435505,,0.0
RAD9A,395991.25473246287,1.2147790348243197,0.6842028380725739,2.440631564415484,0.014661604354628668,0.06205089165001319,,0.0
COPB1,176282.96133401286,0.005605451216597436,0.9422243014889438,2.39936696171064,0.016423446586892078,0.06795252050947725,,0.0
FAM171A2,15937.335019223934,0.11813948081191762,0.48060361188763256,0.31900116809298884,0.7497256270134054,0.893611242033968,,0.0
LINC02882,381.5932070616079,-2.688931251708789,0.5595807934314228,-5.24017566703399,1.6042380953562626e-07,2.4425503195759684e-06,5.361419551615676e-07,1.0
FBXO44,95485.25892729724,-0.03329252038131006,0.8916124903352856,-0.13379206517055264,0.8935670018592731,0.9566924669895673,,0.0
FIS1,364916.92253015446,-0.21317493816637287,0.8040967317417561,-0.6182878818431327,0.5363855885417614,0.7737462822581042,,0.0
NANOG,759.060563467422,0.1572611271342008,0.612740693310104,0.3989347274666288,0.689941299951307,0.8637670724384124,,0.0
SPON1,294561.42592877836,1.003558730716566,0.36437728197457525,3.0184189290744934,0.00254097377730039,0.014274041669109278,0.008492022804592268,1.0
SOX9,764015.0900445794,1.0397566117055832,0.6075309402893956,2.2743897663065877,0.02294256220290431,0.08923298725958266,,0.0
RPL21P16,1596129.5283327247,0.1380155566748929,0.9114134032276013,0.22269988797774384,0.8237690885533675,0.928646236622013,,0.0
PYHIN1,11839.587319907496,0.19097740207955702,0.3492103716300921,0.625693971403691,0.5315156882394002,0.7700032270923302,,0.0
SCN1A,1013.0562458094797,0.39836831081933555,1.3381752477187996,1.2811717483728364,0.2001333470080101,0.44519640755367595,,0.0
PCBD1,292736.36137736053,0.84297862454335,0.49517430890270686,2.109799641486018,0.03487561737134479,0.12521123878684107,,0.0
ZAN,1412.8802202361994,0.755533208488269,0.7467878544170132,1.6423861229980627,0.10051000896591991,0.28215119998639915,,0.0
CPE,172675.09928112704,-0.39097822089511636,0.9387416151526345,-1.8546833947808063,0.06364145136906403,0.2020504819689166,,0.0
NAXE,489690.53368796955,-0.2662841873118555,0.29015067437413117,-1.0274240358323,0.3042208383359093,0.5700735441935454,1.0,0.0
LINC01908,119.6676689952686,-0.20684370826284768,0.40785498157050426,-0.6239917173030975,0.5326330245940516,0.7703357442289875,,0.0
TAPT1-AS1,23767.966658745652,-0.8479853059320025,1.0908215551236347,-1.0892514954967014,0.2760429959545302,0.5359870613518366,,0.0
SNRPD3,365865.08824335394,0.08057514291824579,0.33373161735669604,0.22610595185602816,0.8211190155454502,0.9267366224438544,,0.0
LEMD1,24895.386982938795,0.5034270607558908,1.4516470414894487,1.5271113579893256,0.1267333230901467,0.33049932924918674,,0.0
CHORDC1,124538.33450075502,0.49757247453046693,0.7930501552469057,1.1860163921421325,0.23561582611403076,0.4910957577685599,,0.0
LINC01087,21964.412057009213,-0.0609440272238449,0.22552771365125862,-0.2825946809095715,0.7774875582218248,0.9061313572368245,,0.0
FCAR,4752.360226325205,0.839167263535603,0.5067516830553946,2.0763955984853366,0.0378573780111473,0.13408492609054584,,0.0
CYB5B,355835.92315784324,-0.2575512979514405,0.24653572544003036,-1.16079777960787,0.24572414617975347,0.5013257855058691,,0.0
DDX18P3,2253.316610272268,2.200715457852108,0.7385386864724555,3.5877243868824684,0.0003335766258605211,0.002368037337875391,0.0011148246940572836,1.0
FANCM,15988.604224737588,-0.4167555625564658,0.9258484229954049,-1.2879892747013957,0.19774969669237885,0.4424560865957617,,0.0
LINC01366,2.1613323975530814,0.15435817617294412,1.2186465101285822,-1.6638952505112645,0.09613336433067254,0.27418048056389416,,
CCDC54,12.603065248803862,0.017615386028975662,0.9455558333155353,0.057119891868603015,0.9544496908717095,0.9832142018196998,,0.0
RNU6-1039P,374.6577631309376,0.5159818018362221,0.49216136946872285,1.362622397789984,0.17300154622966535,0.4065739867627994,,0.0
FEZF1,667.3162177948047,1.471662980139578,0.17691931057636265,8.48299397309386,2.1947203273105137e-17,1.522282404803987e-15,7.334831723066529e-17,1.0
RBM38-AS1,7361.704870537146,-0.037324036035848995,0.7612327915690313,-0.11706517023522701,0.9068084100416124,0.9627128400824431,,0.0
DHX30,472702.91230457777,-0.2565584504892647,0.5602439014621319,-0.6778898326502664,0.4978415470214549,0.7459178513904448,,0.0
MIR6831,329.54739093817733,-0.039433604227258105,0.6577405958712281,-0.11029814121465772,0.912172931366892,0.9640824815408199,,0.0
CCNJL,24514.123412426947,0.11201575441921383,0.3205315182293918,0.38315807225835996,0.7016025635783816,0.8693143956399778,,0.0
CENPU,92745.44083316988,0.014542730406166405,0.27700815863641465,0.03146565066208551,0.9748981853735471,0.9892651001611754,,0.0
USP46,109060.7634483136,1.008588154643653,0.7440232382821884,2.0230632813596587,0.043066623627131116,0.1481230842933146,,0.0
INTS10,240358.3100167276,0.06271373343880574,0.3730681673209653,0.2263777074975439,0.8209076647591405,0.9267366224438544,,0.0
RNU6-1016P,1798.7785499484366,2.2821098899211445,0.8775298360895107,3.312470917096635,0.0009247574031649209,0.0058607087200578875,0.0030905714283818277,1.0
RNF103,267898.5138437744,-1.0722299616265223,0.36914150717028316,-3.316019061425165,0.0009130960062048154,0.005794156867835893,0.0030515986338558523,1.0
PERP,3955336.222391621,3.096727574958939,0.7402959842140231,4.20785994377528,2.578005602157538e-05,0.00023408290867590444,8.615784452190488e-05,1.0
GALM,14391.015706296253,6.714994737928135,1.8917652013285844,2.7815321078529105,0.005410297862606341,0.027154801533523686,0.018081403767063894,1.0
RPS15AP10,1180.1787267759355,-0.23520196868728663,0.35399836941123103,-0.7772090772502931,0.4370354276235292,0.6959051364388475,,0.0
SLC17A4,82.6418712044046,0.36233788092039926,1.3197217159185726,0.32594268166867424,0.744467722202411,0.8905082166895426,1.0,0.0
FAM161B,151678.9325821819,-0.2072235750136386,0.5183591299995806,-0.5549434001064629,0.5789333751287101,0.8016387993514373,,0.0
LINC01219,490.32993610535425,0.009801737509860641,0.24864588478401362,0.04081363172404613,0.9674444718701538,0.9880117093685531,,0.0
LRP4-AS1,10216.066188845683,2.389622480690595,0.6626577795209851,4.12671838333747,3.679765580503871e-05,0.00032127184106706873,0.00012297904647560798,1.0
SWAP70,403816.9819788376,0.299492531591544,0.2839587751746042,1.0860070156378294,0.27747588837931547,0.5373069354658012,,0.0
GPR83,1766.6911189284638,0.46952553316593226,0.42251637786675766,1.355452993356831,0.17527327546635862,0.40987167128570723,,0.0
B3GALT4,357277.4513122298,0.28466094436822853,1.392236139244121,1.1544614764073167,0.24831102366820568,0.5048482132780143,,0.0
PCDHGB7,621745.1802816433,0.013186556279380491,0.5099990035481857,0.04883676535833308,0.961049382599011,0.9859245309571611,,0.0
TUBA3C,3186.2961983551545,0.08300025355281669,0.6159654884766133,0.20679437266062503,0.8361704511305494,0.9335593134256123,,0.0
SIGLEC10,27575.999417014053,0.3509429510945871,1.1218188927378363,1.0343375365487264,0.3009783945511372,0.5669764715758353,,0.0
PHF24,11932.767742057751,-0.2149291320691892,0.4675727011797045,-0.6004402705500194,0.5482128563028077,0.781621461309485,,0.0
RAET1K,75.905909280162,0.048635192684033934,1.0881331660033309,0.3460720593014538,0.7292885609675402,0.882070010528432,,0.0
TRMT12,90420.46747115781,-0.24340515917498537,0.4060267322594461,-0.7500624541879294,0.45321709104713204,0.7090746092385267,1.0,0.0
KIRREL3-AS1,684.9988850371254,0.4438847275261904,0.33377347909328103,1.510549994296884,0.13090314265387987,0.33819466860500574,,0.0
MXRA7,1094253.9748472231,1.3272326135612722,0.34136639406173724,4.242062012384069,2.2147547235321836e-05,0.0002040679905778547,7.401787372554346e-05,1.0
MYO1E,305195.5573212077,0.05244691555364556,0.1885117792487617,0.29001229295872866,0.7718068331473483,0.9044112333411053,,0.0
SEL1L,2142787.79547069,-0.4058938471755743,0.9463234368629677,-2.5204571008389154,0.011720252371008644,0.05179729233700635,0.039169491357728355,1.0
BRAP,285255.10495913995,-0.11920093595036166,0.5113604668347822,-0.3338390044439149,0.7385010489523007,0.8870110223806354,,0.0
ZIC5,4076.908386852042,-3.2501122973739864,1.0944520080250988,-3.7591112556152413,0.00017051800396310465,0.0012753872078732542,0.0005698771042756235,1.0
EYA2,100563.50075172621,0.2921210225079954,0.4992791372647013,0.7722884257727409,0.4399436189944451,0.6984011557063114,,0.0
ACSM1,32917.00377832776,0.9191787222555804,0.2773807693859066,3.5333979921693373,0.0004102543725620072,0.002853496290493961,0.001371084392370885,1.0
CYB5R2,100897.09247456733,-0.07494869040945018,0.2665825514375501,-0.3272940656127788,0.7434454804527044,0.8903480199089605,,0.0
KIN,296140.5458302968,1.932972546941682,0.9999279445772241,2.7734879232052054,0.005545889881114898,0.027723897964252054,0.018534557012320405,1.0
MGAT2,182356.24686800328,-0.4643362698492235,0.44148511448026106,-1.3187739052111225,0.1872447106013151,0.42796342551165567,,0.0
CDKL2,2277.8000655312335,-1.0990480274135257,0.4496110321419867,-2.8696013022056466,0.004109896588737884,0.021424659252773478,0.013735417448171524,1.0
ASGR2,2386.983735642788,-0.4101985590651753,0.45822866490370356,-1.1428854584709105,0.25308615082062025,0.5100533644867544,,0.0
DAB2,406577.6912620674,-3.920933654258247,0.35345298256285623,-11.359311091207765,6.666828410174084e-30,1.9584788870829045e-27,2.22807725916996e-29,1.0
WHRN,106888.06448668064,-0.5781029480263582,0.6734016497285363,-1.3710823258118716,0.17034929390537645,0.4029814096793805,,0.0
RALBP1,427574.8487830257,-0.14846286115512294,0.37058704214511384,-0.5020388855176094,0.6156401681826116,0.8242646112343062,,0.0
CANT1,893388.9073619668,1.2775731426085841,0.4810442894795465,3.075842281019246,0.002099088471106497,0.012021614477873676,0.007015226731080816,1.0
ASB16-AS1,60372.813003147094,0.022056735527735065,0.44157210349950043,0.05348654742837886,0.9573442489038442,0.9844062006451567,,0.0
PAM16,77786.4580384942,-0.04586139888690058,0.6647654893874411,-0.13444821683888775,0.8930481561846338,0.9566924669895673,,0.0
PALB2,118689.24409867113,0.6969081391333894,0.25168030726535223,2.9160076002725437,0.003545418641245195,0.01883597946210479,0.011848912500493478,1.0
PAK6,39961.62761876979,-0.3809713383516213,0.5367421902918571,-0.9858344581678111,0.32421435354393746,0.5922084195462912,,0.0
MTCH1,3690537.391704836,3.0785323262657496,0.5358846887731887,5.222415636680244,1.7660402201087456e-07,2.664533190097606e-06,5.902167884205467e-07,1.0
GAPDHP73,2164.5568205845184,2.0290895971950182,0.5610331856034266,4.102122277831261,4.093778162922212e-05,0.00035432111170941987,0.00013681549108079385,1.0
NSA2P4,4046.23422778306,1.254220753085869,0.7170130846246854,2.4231500085256092,0.015386571600400942,0.06435555994338552,,0.0
DDAH1,141349.5281563179,-0.15988728331115026,0.6315248932161801,-0.42069601721052274,0.6739770698353786,0.8560125856454428,,0.0
FER1L4,41920.18807396469,0.022437445107693594,0.29473392455710223,0.07037712366011153,0.9438934987675606,0.98081650704228,1.0,0.0
GIPC2,691.3584851310384,-0.10569992222936506,0.8830408539314047,-0.9505642274315694,0.34182563527698717,0.6098651751318139,1.0,0.0
ZNF585A,54820.441678121104,0.942296756077489,0.7161310623239459,1.94970311127308,0.05121151528062582,0.16982092118953876,0.17115066653023073,0.0
SLC17A8,938.3459862599296,-0.20561245112924892,0.23680454898901712,-0.9334844668115216,0.3505698868074041,0.61732934228356,,0.0
SLAIN1,17127.551594682765,-0.799666957468521,0.6559202679995504,-1.7904482789188556,0.07338187488870175,0.2248276584013353,,0.0
FAM200B,108653.74151531742,0.290308445304476,0.3800710684612877,0.932608007017616,0.3510223977001541,0.6179083024725307,,0.0
LPAR1,584873.6702955618,-0.5153994512413732,0.7056274787723443,-1.2486599342712899,0.21178948097154648,0.45906105380724965,,0.0
PAQR8,28034.050784101197,-2.064385415697329,1.1395874559352497,-2.8429938318561625,0.004469193533741734,0.023080819552746865,0.014936200344024415,1.0
CFTR,24350.82704544653,2.6389453179607987,0.5686308608532197,5.050069125351764,4.4165021768151094e-07,6.059343920608422e-06,1.476010399520605e-06,1.0
MAL2,816082.5418877895,-0.2769558926997905,0.2978319743006703,-1.0642788360348718,0.2872024025510652,0.5490924307507739,0.9598404256609563,0.0
YWHAQP4,1577.9384428336423,0.09805053069487218,0.6032589957544137,0.24713118908984183,0.8048066967807924,0.9208762669384957,,0.0
LTBR,533407.6404487487,-0.2070039589088734,0.5440711875905683,-0.5541465021013862,0.5794785874366617,0.8016387993514373,,0.0
DNAH17,64809.76274461681,-0.04683740767048136,0.39939217442786157,-0.1514206013064282,0.879643939337549,0.9501524701250617,1.0,0.0
DOCK2,274680.69737070234,1.4485010558725178,0.6415856198047317,2.8200545320760257,0.00480154889797988,0.024518338646739794,0.01604694353923262,1.0
HTR2B,7122.235521242571,0.07653655215940228,0.32393806570489075,0.2644819540672949,0.791408568457546,0.9146712313994411,,0.0
CFAP61,3438.4623333314944,-3.3395900343117106,0.28259996131335596,-12.004813846218353,3.3521730845565814e-33,1.2877501834058128e-30,1.12030791239565e-32,1.0
FBXO30,94309.31158260842,-0.4608787427910265,0.3233714419174888,-1.5905594990820815,0.11170874532516299,0.30302741670497774,,0.0
ALAD,296327.3988580251,-0.6119300281740471,0.4444137861393869,-1.722932126515286,0.08490079983325076,0.2505878217300557,,0.0
MON1B,304967.94115680904,-0.05611450314600752,0.2936446379868639,-0.23431004111538875,0.8147442911958618,0.9245194289613985,,0.0
PHF12,264339.05419591663,-2.1584296942783063,0.357347687031638,-6.4063946094103725,1.4900102056232632e-10,3.916374193096093e-09,4.979665968324601e-10,1.0
GTF2A1,103411.93673514358,0.010940443665428562,0.736774984746713,-1.2900220966941807,0.19704298613731774,0.4414682246611776,,0.0
MTHFR,88905.75851286763,-0.2553821778832965,0.6618056427007517,-0.011289608075390065,0.9909923873641249,0.9967806611271782,1.0,0.0
LINC02768,221.87840288679772,-0.5959329129833906,0.8419597188687353,-1.394410338040578,0.16319372804152898,0.39163357897135787,,0.0
SAA4,7247.139348400369,0.7774560987631249,1.3806948983022636,1.3849648310243656,0.16606322144067076,0.3967100238186698,,0.0
FMN2,5131.195124982313,-0.39489035025179287,0.2749340631255557,-1.5765894426804024,0.11489002352507974,0.30847353628185387,0.3839664574703635,0.0
MIR145,1701.3981663339018,-0.04486325611156086,0.2705801035003394,-0.18190057206067464,0.8556607555482014,0.9396657033762604,,0.0
EBAG9,158167.8823483403,-0.33592226276606996,0.8056539990832601,-0.9166589763573488,0.35932136940940596,0.6252442225890499,,0.0
ARPP19,927608.0131804224,0.02768614226617628,0.6016665549431811,0.032330641741815304,0.974208373395569,0.9892651001611754,,0.0
KBTBD11-OT1,414.7408351450924,0.07568137247874389,0.2753959320524358,0.2996113297039454,0.764473641129854,0.9014032848604173,,0.0
CDC42EP5,176127.22513433849,2.985919478275407,0.3631606115755408,8.469506802817541,2.4643422525118276e-17,1.685880165622475e-15,8.235917581520452e-17,1.0
IKZF5,123178.91180906806,0.6952548858467874,0.6124771808572723,1.600172825970752,0.10956024869787648,0.2993128457315072,,0.0
NUDT21,404263.29881082557,0.04611684431814129,0.5556135120324018,0.08376100410932985,0.933246453233715,0.9752255081395338,,0.0
SMAD5-AS1,975.5280597866328,-0.562361700162675,0.560072979258587,-1.3971113274531346,0.16238009600647385,0.39033823280066443,,0.0
ARHGAP22,30698.188584523778,-0.31375533556510843,0.37910285656573295,-0.9827386727335365,0.32573607200477794,0.5937304541174467,,0.0
ROMO1,124227.8764740444,-0.4104610949626749,0.9510208030577989,-1.5664815917225012,0.11723591480754933,0.3124205755330317,,0.0
PKIG,236454.9802631534,-0.31691006175954806,0.2637327263018755,-1.3331402801728545,0.18248577292867774,0.42117503168450887,0.6098738047074217,0.0
CST2,23728.80583940604,0.7834336012413196,0.25667096290894087,3.2272368753730545,0.0012499194001202155,0.007696790979285274,0.004177274139759195,1.0
PIP4P1,215020.29514029078,0.5893518007395576,0.5097899385999181,1.47306099565474,0.1407345894571246,0.3547847247596569,,0.0
SMAP2,344212.23451214784,0.3464706842349338,0.3012904716729361,1.243042658039786,0.21385211441568275,0.46192796686501714,,0.0
EFHD1,581015.8435760487,-0.2370418116362862,0.7185225680939431,-0.6284009273176163,0.5297413297649436,0.7681556913025924,,0.0
LMBR1,63471.91974159933,-0.8602963038885606,1.1493498752834679,-1.5852816304891004,0.11290236077454718,0.30527037883491537,,0.0
HPGD,97744.73858743717,0.033082039032983124,0.3022799495919674,0.1514882428730141,0.8795905846354548,0.9501524701250617,,0.0
LINC02208,449.6368485495109,0.3022742619766515,0.35131342859113524,0.995839959164111,0.31932791157178564,0.5865110667118416,,0.0
BCL2L2,256426.34017160977,-2.3639744430565206,0.20341466182228504,-11.80596376211677,3.636008088072306e-32,1.297016027988078e-29,1.2151665584836027e-31,1.0
CNIH3,27711.684821785202,-0.1021727428042435,0.7457894022479562,-0.29095239516529775,0.7710877282666782,0.9044112333411053,,0.0
PPP5C,279243.91983113077,-1.7427165374244258,0.8931627570940727,-2.806503273256695,0.005008240365176464,0.02541254172977675,0.01673771361668413,1.0
CAVIN2,370219.4185294361,0.3967218258371753,0.40923757477278716,1.2349004970808954,0.21686753844185258,0.4656218774628597,,0.0
ENPP6,3809.9802291023925,-0.1792595671000655,0.5588394318726599,-0.4774487128842759,0.6330426334432062,0.8319512924777295,,0.0
PROCA1,26256.5735657281,1.4769818924631848,0.3630291068120321,4.397574322063489,1.0946740544948087e-05,0.00010933604456294148,3.658438791226626e-05,1.0
NFE2L3,183759.00530790194,-0.04277162311336267,0.7227315895320011,-0.08349349016545513,0.9334591534156944,0.9752255081395338,,0.0
DHX58,127781.5108174785,-0.0643718220933833,0.3061646994898844,-0.2517058840023806,0.8012684086293685,0.9186259028225588,,0.0
FRY-AS1,710.1067935284349,0.19659191778994373,0.6029302011764108,0.4996136132179459,0.6173471705050099,0.8252340114008618,,0.0
UBE3A,504561.70721594087,0.20277800634821921,0.6332406585873079,0.5685456613093316,0.5696645099278301,0.7967393653394073,,0.0
GIMAP5,162987.56737409328,0.13207757977165518,0.6526378404714653,0.31648334393427974,0.7516356655894215,0.8945541665731039,,0.0
SUMO1P4,19257.584845822785,0.08418587360425751,0.6256409051076419,0.20772666972673853,0.8354423924462594,0.9335593134256123,,0.0
EN1,66432.15441911636,0.0050820729057772795,0.17570415591970723,0.026112124500956756,0.9791679064075139,0.9912535050027887,,0.0
FN1,17690301.584591467,0.7897999689393249,0.46852020475214273,-0.39071726490318526,0.6960062357667186,0.8670130060910434,,0.0
UPF1,3144804.5753707928,3.494427078489089,0.8271304724198186,3.9235184229636615,8.726508886571618e-05,0.000703217629819809,0.0002916429643283272,1.0
MTARC2,98859.51351533519,-0.16575286237051307,0.5107332945073109,-0.45797538861204445,0.6469701231682913,0.8407374383332465,,0.0
SPINK13,751.0868973590228,-0.14776949407168605,0.28666042374811646,-0.574119132178968,0.5658871874554605,0.7946395314296445,,0.0
CHCHD10,132614.40711566416,-0.25121835686634436,0.4345390699625033,-0.747932730394575,0.45450073409252945,0.709903143922222,,0.0
SLC35A1,127470.99138787754,-0.16889391115856037,0.8131608685808868,-1.9577620117401104,0.05025794491711466,0.16754884974370535,,0.0
ORAI1,98984.9016514983,0.9193506086703945,0.5538601665760478,2.147750201315983,0.03173360498980348,0.11687140362763908,,0.0
PRKAG3,1322.772908505045,0.23649302685421286,0.8867702244790762,0.6469419305272238,0.5176695268971259,0.7606316141362448,,0.0
PELI1,681526.8155444985,1.3265289164943335,0.45238018384978124,3.321639086348682,0.0008949036777152418,0.005685940160954094,0.002990799238843509,1.0
RNU6ATAC35P,1078.2995950354402,0.24005504545577672,0.22971751770995344,1.1161283654239487,0.26436719194664926,0.5208386934101917,0.8835243570211645,0.0
ARAP2,101258.36948213076,0.30376165018998436,0.723103887156175,0.7425688355829962,0.45774276223786037,0.7131117539475788,,0.0
MED22,208625.29331505875,-0.23643343248035165,0.6888726085022304,-0.6203336950317154,0.5350381155623738,0.7723327864218767,,0.0
RHBDL3,7605.809574164994,0.30247096931276213,2.976471799726021,1.8393200115826296,0.06586813135486833,0.20806163692992563,,0.0
CCR5,20976.345856088607,-0.11930705669776956,0.8808817885192277,-2.0622592991395443,0.039183055765008926,0.13790005672336475,,0.0
KRT8P20,136.85650401775845,-0.3783191032753128,0.5637118371024338,-0.9662197552945246,0.33393422956057217,0.602447578975911,,0.0
RPS3AP37,86.57251317614994,-0.13895652634580313,0.5784452998575378,-0.3666860533949333,0.7138532107942104,0.8744132780736538,,0.0
DDX60,327720.89362930215,0.09451421555375066,0.859464484540004,0.24740982286790128,0.8045910729018018,0.9208762669384957,,0.0
GIMAP7,89728.8596998046,-1.9587162485815641,0.5903028593369097,-3.862497558122234,0.00011223368749368128,0.0008812815021123338,0.0003750888899972896,1.0
NEK2,90961.32326823767,-0.22374385657449342,0.17843731919792366,-1.3137248929779215,0.1889388007510271,0.42986805054698374,0.6314400482930912,0.0
FITM2,111111.9496306054,0.25975279922441413,0.8603032019626706,0.6877917875764625,0.49158390846937405,0.7398945264906733,,0.0
DRAM1,139594.56819967908,0.2690224858215922,1.067350231601477,0.8533657790271287,0.393456492592434,0.6556295375397448,,0.0
NRCAM,168643.48914468283,2.1417873683877966,0.3431663172300719,6.5034518212454495,7.849757023311862e-11,2.214784552227087e-09,2.6234161189689506e-10,1.0
DRD1,2532.9687914128613,-1.0283031973604844,1.6839232893573157,-2.2527193798061127,0.024276848219938894,0.09347616037808391,,0.0
ZNF32,669940.7420633257,1.486126160983512,0.7800180035500986,2.6374203300399817,0.008353924630911874,0.03924694224531881,,0.0
CCAT2,252.58083298751006,0.5954722312727528,0.5088095657357508,1.530916572644787,0.12579001279061564,0.32878509467017053,,0.0
ORC1,24637.847052480476,0.18328462080308622,0.4831668111234637,0.49378663380940585,0.6214568737784311,0.826628272797782,,0.0
PLOD3,248935.15023316187,-1.1261626508262346,0.4499563617807581,-2.941591147020754,0.0032653073129725986,0.017515515274957205,0.01091277069188232,1.0
NR2F2-AS1,17967.878951059414,1.16584316424655,0.634420117630688,2.422127244590444,0.01542994662841147,0.06448297360860827,,0.0
TIPRL,269480.02551392367,0.8815946668643377,0.7136735541791166,1.796929847094399,0.07234675755648341,0.22288692611787672,0.2417853818470694,0.0
HDAC1P2,819.0495367365884,-0.07842576913387551,0.8879870256149962,-0.4509894747825254,0.6519971348330404,0.8428873133202703,,0.0
FAM222A,44104.50829234296,-0.18985233001434354,0.3909553743823906,-0.5911206060954669,0.5544396140586441,0.7861696792976124,,0.0
GABRB1,411.2587850005777,0.28996726871968653,0.19998040814752502,1.5210163406616926,0.12825573672374208,0.3337723549756998,,0.0
GALK1,181600.84279499503,1.2053666900203497,0.625193592653858,2.5217808224097658,0.01167624350782912,0.05164850316926362,,0.0
TAMM41,30144.862146983458,0.07598911085613344,0.9466866145382814,0.22983768749572256,0.8182178981650575,0.9265577791259627,,0.0
P3H2,6012.364527662532,0.904823189663629,1.613117705892947,-1.470436390966788,0.14144360145066484,0.3560329363128126,,0.0
LINC02183,265.0604318025436,0.28624461971446086,0.6011453789309694,0.7243650359907344,0.4688416592609985,0.7217460292879616,,0.0
RHAG,510.89276659221906,-0.8385356197960965,0.26201158597198243,-3.42365685529959,0.0006178458365505683,0.0040759869322768,0.0020648622904263637,1.0
RGS9,59843.78685565945,1.1460164408836961,0.5304128247179944,2.6399743716469746,0.008291229691032511,0.03905018515477682,,0.0
EEFSEC,404931.6760164478,2.3302327345103886,0.3381844613818538,7.170156337919432,7.491216929574557e-13,2.922745105179323e-11,2.503590771711229e-12,1.0
ADGRA3,146277.29021784378,-0.0906944069951678,0.4434489578397228,-0.2686943198825357,0.7881649231755645,0.9134591845761822,,0.0
ARHGAP12,784468.2986437732,2.1514712615626177,0.590824226045827,4.137978941469716,3.503785202138037e-05,0.00030698075963995363,0.00011709772097908447,1.0
MSANTD3-TMEFF1,19525.47247024627,-0.31043792468658016,0.6543523942873336,-0.7886592134159036,0.4303112124399354,0.689879356316224,,0.0
HSPG2,3345900.4787796135,-0.3312114270357022,0.743663318270481,-1.030402124180065,0.3028212765094068,0.5685298702586382,,0.0
PTPRVP,6032.9710016439185,0.06942293755327732,0.5194107707747806,0.17944537717556014,0.857588003750438,0.9398247901492374,,0.0
WNT9B,2317.5172136957963,0.6045294188626495,1.0727325904599225,1.4530273518309889,0.1462161599342647,0.36272341785461487,,0.0
GINS2,29690.094335032598,-0.5538298357802244,0.9687140960898832,-1.4730766821729442,0.14073036012379392,0.3547847247596569,,0.0
CHST8,51530.479363132836,1.417462832797391,0.4432962932178872,3.600126466206063,0.0003180624457106414,0.0022659113464749544,0.0010629757640115345,1.0
LINC02870,918.0586274281201,-0.360810137018867,0.5196222715469986,-0.9522413686537233,0.34097458520687274,0.6090959940483883,,0.0
SELENOW,552723.8421414513,-0.15108048154226927,0.8391757804994707,-0.48713187563265525,0.6261648786296897,0.829901115678522,,0.0
RAG1,32973.50565895942,2.248137490346771,0.5738447418252991,4.374440554146148,1.217442923499247e-05,0.00011991932859872267,4.0687366245192375e-05,1.0
PITX3,970.1888103684826,0.5229639573484652,0.6989253825945588,1.2305768063447347,0.21848118431286312,0.4676789689063173,,0.0
RPS29P17,432.4349566149175,-1.2967729547955074,0.2697331422051336,-5.065970926531039,4.0632393292593933e-07,5.636615891755947e-06,1.3579487263046954e-06,1.0
SNPH,93815.71127831427,0.5445388433089051,0.4800103585278725,1.4368681342824488,0.15075546588462638,0.371789035371765,,0.0
ZNF575,24314.98766608125,-0.4566957575950167,0.32602398208567657,-1.578723028946807,0.11439960023936062,0.30748740774777555,,0.0
AADAT,27691.83744582881,-0.33447533815122543,0.483605535143418,-0.9224570165352456,0.3562902410781996,0.6219627976607833,,0.0
TMEM126A,60619.31120443462,-0.054436555318158004,0.5183452750488877,-0.1552771415904406,0.8766028354022294,0.948387036394873,,0.0
LINC02609,23145.326715406605,0.20681783670419282,0.6743742583014013,0.5185662222559542,0.6040632689907979,0.8179750448318992,,0.0
FZD5,63077.74368172599,0.33147409081759044,0.23118793072232904,1.5345265789656253,0.12490015962400562,0.3273052588313965,,0.0
MLPH,1306551.1126391566,-0.3406099944479473,0.7241592502834433,-0.8830636887476752,0.37720186162488933,0.6413844388677893,,0.0
MPPE1,106284.08922967892,0.2745050631331277,0.4781307000746352,0.7405164550631299,0.45898668035459145,0.71362997561981,,0.0
ANXA13,2159.542062904412,0.08444558906163084,0.61538560838012,0.21062209582735109,0.8331821690928817,0.9334876478862539,,0.0
PAPPA-AS1,7286.164323406479,0.16792477438094744,0.7360845899142079,0.42734177679424123,0.6691304083221016,0.8528936342931533,,0.0
ABCC9,113740.14519401519,-0.7320005180429258,0.52967891072581,-1.8328696806562896,0.06682195360271574,0.2097478543632699,,0.0
IL6-AS1,13978.25116534354,0.9930776286761188,0.402293045676285,2.8142215250482345,0.0048895520890713815,0.02494220953301581,0.01634105326688983,1.0
NPM1P32,5890.373287716037,0.05318010348912845,0.19629752991245214,0.29294012373901557,0.7695679191373952,0.9041333238811129,,0.0
EMC8,90949.19927641067,0.5391251317936311,1.446178860619664,1.5814255822778405,0.113780761958112,0.3064838863100384,,0.0
TFCP2,87770.12457379387,-0.7355525764646267,0.8551322616501809,-1.6232781058314307,0.10452996767385116,0.29017379575498203,,0.0
SPCS2P1,318.16038529482034,-0.10491346895279692,0.8765660245325197,-0.3851644654432673,0.7001155686766584,0.8690969798586209,,0.0
NAMPT,3892084.094488427,3.308306691949262,0.4714129049175214,6.439304929647054,1.2002185902358608e-10,3.1882402338499407e-09,4.0111723032447475e-10,1.0
C19orf81,474.12280082525166,-1.3533221864838567,0.30054626738999046,-4.792184383525728,1.649751768685265e-06,2.01932851294466e-05,5.513527832025119e-06,1.0
RPS28,135366.80789921182,0.13609803939766793,0.5967785449107479,0.3404804762024593,0.7334947232040203,0.8843729231484495,,0.0
OSGEPL1-AS1,1969.0898686650846,-0.6564209062125332,0.7568204809821495,-1.4859847025253512,0.13728316732636694,0.3494353402792439,,0.0
PEG13,6433.200979161847,-0.13340787594260176,0.4503681299591279,-0.38629244952602876,0.6992800917748496,0.8690634426759398,1.0,0.0
ANKRD53,28271.499797824807,-0.466913274343945,0.7071900574138319,-1.1402202091430864,0.25419457008093904,0.5111416182847976,,0.0
PTPN21,176022.9584698147,-1.2957381122062628,0.7233529833927463,-2.508449305444337,0.012126236676298686,0.05330847355760179,0.04052630503665284,1.0
ATP1B1P1,376.76007985577587,0.25882102895317394,0.6123130417973104,0.6548006896697489,0.5125960865492183,0.7566966763898304,,0.0
UNC45B,1502.6187445141252,-0.11305773388688263,0.5332918979451012,-0.30613453074564156,0.7595022174994831,0.89837851117774,,0.0
PRPH2,10876.211214379297,0.9160478441252817,0.5278271101008528,2.19441463553807,0.02820561469791654,0.10590890210631218,,0.0
PAICS,559693.8368808834,0.2566676881013107,0.4012170181457723,0.7061267966538812,0.48010928877425696,0.7312185996153215,,0.0
ERRFI1,917346.5216533281,-0.19028762561656867,0.41878425238393757,-0.5159857455836095,0.6058643649772344,0.8184425357097533,,0.0
ZNF514,153589.45446236833,-0.2723667258809483,0.4731768036773706,-0.761045757987846,0.4466297369177312,0.7023516795344427,,0.0
RPS27A,637113.1946514172,-0.9847817510078791,0.3753808106286464,-2.96513690897932,0.003025482525106393,0.01649482503316739,0.01011126790351822,1.0
DCAF13,335974.2273047795,-0.08704891437119477,0.7545675248643724,-0.26634433689241976,0.789974029948898,0.9142828054611348,,0.0
RNF34,200867.43702846224,0.12324869679979643,0.43816507301047597,0.34005049881188654,0.7338184988958252,0.8845497425744029,,0.0
APCDD1L,67250.74456666908,-0.6445711453059297,0.9651579874379498,-1.5678460683069437,0.11691706068417017,0.31190373988074027,,0.0
LIMK2,410648.66176775016,-0.13118833249627293,0.4686823791295779,-0.31366919132899823,0.7537723024041006,0.8952521041832213,,0.0
HTR6,443.62346222770395,-0.002948386374243077,0.33437412847330616,-0.013451407411072872,0.9892676533590582,0.9959463980948011,,0.0
PCDHGC3,781587.9284868902,-0.03752001235155077,0.759185622467549,-0.052728906197776676,0.9579479072411822,0.9845377102550297,,0.0
RAB11A,816410.3775478223,0.024341248308135773,0.4176851065375066,0.10160314908008504,0.9190716797832104,0.9678294871399359,,0.0
SNORA17B,5992.83384174149,0.24854962205502568,0.30068262111242555,0.922907795963408,0.3560552575587337,0.6219447206185086,,0.0
RPL22P24,1671.6668048954896,0.13288048201770233,0.46250667781176286,0.3700545792275873,0.711341824010525,0.8739092420931271,,0.0
TBC1D14,407673.7275756722,-0.33171477643220953,0.7177191471002407,-0.8651006450938165,0.3869835506819732,0.6502068046389874,,0.0
BCDIN3D,95416.85361321349,2.1401153518415006,0.6609180905382834,3.769586520316612,0.0001635182177901484,0.0012335498181933553,0.0005464835752518146,1.0
BACH1-AS1,484.5828546019785,-1.532247777570169,0.23510031200373657,-6.740516268163076,1.578248310736174e-11,5.020236983322581e-10,5.274560786817749e-11,1.0
FPR1,31303.20079912946,-0.9787475910838536,0.39718777805123384,-2.830391510731703,0.004649107525829728,0.023812967163070423,0.015537479167649153,1.0
STAMBP,142998.11234193348,-0.7580694397721884,0.6088577510751871,-1.7818775438832737,0.07476920327829781,0.22782025696877317,,0.0
TRIT1,103987.33593266684,-0.9063616750330803,0.4249553453256048,-2.537881453558989,0.011152575488928644,0.04964740591032477,0.03727229545931775,1.0
NCKAP5,61595.53972252068,-0.36988312320013833,0.903190165704473,-1.1771662150007187,0.2391291705363321,0.49388382037156425,,0.0
HLA-E,3189474.046498512,-0.5575320975334868,0.5493071129864401,-1.415068188859465,0.15704850409586396,0.38146898319783296,,0.0
LINC01143,279.16772353061657,-2.0867533660759174,0.7336437755273884,-3.497343047060225,0.0004699171354279398,0.0032191579894748027,0.0015704794224844065,1.0
PTPN7,30413.31805199515,0.26185455520397544,0.36844017928041756,0.8334485875484877,0.40459178198409884,0.6664021633339675,,0.0
VSTM5,16791.56950269944,-0.2760727405140709,0.6988987239697351,-0.7108724243053209,0.4771632955127807,0.7280640078798738,,0.0
DPY19L4,98027.7179181907,0.3881016337827702,0.6134855973625732,0.9538196283698571,0.3401749519882715,0.6089009714083972,,0.0
JAKMIP1,4309.266526179863,-0.3957142456967168,0.3913208358285482,-1.2135076347252325,0.22493579718795764,0.4764164690916466,,0.0
FAM162B,64860.05099862183,1.983538504744527,0.23499236342107674,8.608533358264374,7.400122579112324e-18,5.515852561207007e-16,2.4731467227247547e-17,1.0
DNAJC9,196793.31714436976,0.20485512110100668,0.2861970951363697,0.7234925382859251,0.4693773367130194,0.7219188233892266,,0.0
TAOK3,199774.24857147245,0.6895779780132794,0.750737818420828,1.5097283163400128,0.13111276280475423,0.3383861175436396,,0.0
PIGBOS1,30034.44100579339,0.21066017443785928,0.694524667630735,0.5324749007337441,0.5943971210467006,0.8114869389030134,,0.0
LRRC37A15P,729.7040083101881,0.4902449747868042,1.0731868612608488,1.2744987693854055,0.20248670850928197,0.44808769057644166,,0.0
BSCL2,475308.6043360736,-0.4091334212047206,0.44550102838655803,-1.1280266639843586,0.25930865847925944,0.5155352217082237,,0.0
SMIM23,314.59595116932144,0.6427710306668215,0.8644604711656209,1.446580731329351,0.1480143861012854,0.366113840609123,,0.0
SEMA3F-AS1,124299.04117676923,0.1539110579298878,0.6558360472362782,0.38173553369837887,0.7026575403936733,0.8703054952197432,,0.0
BCAN,10968.90089177178,-0.2969770379165669,0.5412970548905548,-0.7781900237408512,0.43645699721189724,0.6952683394182504,,0.0
TRIB1,616644.2646291966,-0.37983803401791666,0.8681389360542698,-0.11480692341189455,0.9085981612574017,0.9627447277868444,1.0,0.0
NT5E,163836.63002452138,-0.4023029119733599,0.28837172069970407,-1.5748962976825243,0.11528038339303966,0.3091891700670462,,0.0
IYD,9305.717044801433,0.503238233461103,1.6035440236065397,1.626427660928421,0.10385871048075263,0.28911206359190744,,0.0
CLASP1,288568.3104605474,0.3721111274957829,0.9673595269255301,1.2815428900852457,0.20000304507421862,0.44519640755367595,,0.0
MUC5B-AS1,4940.585759301184,0.6340699899992441,0.7507113206641548,1.4248744601703285,0.15419349351562497,0.37710201107592123,,0.0
PTK6,63006.30258274302,-0.09308140005598123,0.21624470692698253,-0.47631543587317793,0.6338496700866166,0.8321359759233868,1.0,0.0
GPX1P2,1186.66947092352,-0.560255844341674,0.7852954356944782,-1.3184189770110488,0.18736343156298219,0.4280388733877095,,0.0
KATNB1,112522.1367406765,0.24679689643047265,0.701458991965988,0.6118710680407157,0.5406230649384145,0.7760954393164315,,0.0
SNORD98,238.12921122070352,-0.816597642925092,0.2980031014243044,-2.9900927021382735,0.002788927923007126,0.015544537999439272,0.009320694189808956,1.0
FSCN1,1462796.94278066,1.1958942524393936,1.073869297924543,2.1683192116327845,0.030134407704249827,0.1118062645431082,,0.0
RSPH3,43959.15641297477,-1.9249174582365272,1.7740566199590988,-2.6061903969320115,0.009155555269142497,0.04194756239825471,0.030598184376725897,1.0
RPL8P2,949.3807748330858,-0.06320433202909484,0.456428023178462,-0.18434366159325644,0.8537438638013439,0.9395321409924882,,0.0
EXD1,291.51409531229837,-0.822116423613099,0.9329108953439624,-1.7405512418933784,0.08176227062367308,0.2437735996982826,,0.0
CCDC47,1328185.6317203592,0.5763340049137174,0.737823615028248,1.237029453365999,0.21607614822375598,0.4645010415182604,,0.0
LINC01303,2502.8268781553043,-1.4319124702443413,1.1528702748664865,-2.35053886179521,0.018746250001483406,0.07549901008661945,,0.0
PROC,2250.047541896519,-0.4184387932285539,0.5723413755217089,-1.0567357415337564,0.2906322081993258,0.5527102999799821,,0.0
FCF1P8,192.64183890849466,-0.26771080562727034,0.24964874757883176,-1.1592088822158788,0.2463710517995904,0.5021670380983765,,0.0
GRM2,6870.269813676394,-0.554289241369551,0.6862323619290854,-1.3090887292983049,0.19050429660108048,0.43185585893136447,,0.0
DIMT1,38072.68461468005,-0.18528666279539366,0.8322836014232533,-0.0044015951311993295,0.9964880465420356,0.9984121018276063,,0.0
TMEM221,36589.05398787952,3.011425716175671,0.9598285827425383,3.793671098956958,0.00014843626445995713,0.0011300163181601007,0.0004960791622815033,1.0
TMEM82,524.0484797819953,-0.15023274091315,0.4418270251370121,-0.43680849745510375,0.6622502359315703,0.8478025322333407,,0.0
SERINC2,665825.2181024132,-0.028775627289837527,0.3603446367260918,-0.12941619244706415,0.8970283357057385,0.9574290441326999,,0.0
NUDT4,1807925.2248158264,2.758528746384439,0.25888428482583686,10.865940996899294,1.674875249441435e-27,3.983012855100251e-25,5.597491379157353e-27,1.0
STKLD1,6010.463205710506,0.0033096834583692634,0.5991204811534818,0.0005021875619907886,0.999599312314502,0.999599312314502,,0.0
NCOA4,745826.6854191851,-0.7756259477440057,0.9594129916036311,-1.7983113408234412,0.07212768356574566,0.2226240121924189,,0.0
ARAP3,233202.190481801,0.0749300064194403,0.21819226186624668,0.3392596866897984,0.7344141089928492,0.8848405453100817,,0.0
LINC01562,238.38555097153053,0.6228695837919387,0.6104742268710898,1.4777717557315635,0.13946888067820312,0.3528745248426296,,0.0
FAM192BP,27035.316411930788,0.24348499981567404,0.32983766341715115,0.8281942847853616,0.4075604799949918,0.6680861917317386,,0.0
SPRY2,264678.42160037963,1.6042922692104087,0.8961030102434537,2.6001163632063156,0.009319215409882602,0.042658260088866834,0.03114514226341622,1.0
PDLIM2,119934.36085781618,0.11864444489256971,0.5606899207090338,0.2993536802245873,0.764670200360377,0.9014032848604173,,0.0
CHD5,3486.174776899102,-0.14774481187788588,0.4307673561847916,-0.43599912777351857,0.6628373624058026,0.8483366960160373,,0.0
CD83,54052.15652000251,-2.3988642968273175,0.3114953870337597,-7.9597686587159915,1.7236123570445397e-15,9.564133456756034e-14,5.7603724891053455e-15,1.0
BMP8A,8361.689698723287,-0.06095701899891597,0.5280834661216729,-0.17198427985251857,0.863449887709462,0.9425286861685361,,0.0
FNTAP1,6642.00574659058,0.03095011586402517,0.5254745625286558,0.07642239325105508,0.9390830544624085,0.9781198019533344,,0.0
GNA15,75251.0087695794,-0.14788503217962395,0.465181415507147,-0.42242771446287125,0.6727128523532837,0.8554177371744319,,0.0
LINC01176,8248.54187721889,-1.290091457176153,0.38077555810484953,-3.754926145867918,0.00017339259859427294,0.001292421846835521,0.0005794840995858131,1.0
METTL18,50822.495652586964,-0.008364419732737898,0.32759918442509095,-0.040757812126953175,0.9674889724366695,0.9880117093685531,1.0,0.0
SGSM3,408271.243520713,-0.1755901173892005,0.46426279549193056,-0.4132996866791033,0.67938705939561,0.8569301988728367,,0.0
DSTYK,236055.54817260258,0.05707044112978301,0.40697047117089274,0.14130605515032202,0.8876281662962399,0.9545472157019853,,0.0
CCDC181,3721.3767889096243,-0.3361844212892779,0.32534208586237706,-1.1830368941077027,0.23679452589901218,0.4921147991425996,0.7913755473987737,0.0
LPCAT4,66166.42567920692,0.23382094781700527,1.1261790933332279,0.3655999599214218,0.714663605015561,0.8749183835063168,,0.0
RNF20,243997.04618104742,-0.78184019226206,0.7604327605760987,-1.7189807571893259,0.08561787584514921,0.25210829715252076,,0.0
RBPJL,1051.5203379172908,-0.01816260324081646,0.4138669846671362,-0.05849639780501548,0.9533532317185702,0.9831592054876649,,0.0
ADIRF,1726943.5676287774,0.47602270168979943,0.45246389966461814,1.5485468509285263,0.12149069090701008,0.32018102496498707,,0.0
ARMC10P1,20072.64441786499,-0.8453901304161361,0.5010349880357347,-2.1254280929669687,0.03355090821995289,0.12194558635403545,0.11212830304031109,0.0
SUGCT,45777.54654846243,2.074398221912507,0.34591742564225025,6.291627354286896,3.1415491923316603e-10,7.844448333252156e-09,1.0499166745188741e-09,1.0
PKD1L3,5862.025931694496,-0.04469701185176441,0.7951774740860676,-0.1454177296817572,0.8843810671887957,0.9526745145687762,,0.0
KPTN,99800.0943431238,1.102813023209585,0.3641521449139988,3.37450034067614,0.0007394982442564417,0.004808664364344622,0.002471428871199741,1.0
NPPA,5457.195864480664,-0.4562477598537504,0.9014549278846969,-1.4690428336538723,0.14182117162815983,0.3564443538555764,,0.0
SREBF2,733109.7428529584,0.5082753974207964,0.2705723693278256,1.9138432543765131,0.055640186828034226,0.18149385566244475,,0.0
RNU6-892P,100.67297371666957,0.36408037869104304,1.0125289640885387,1.0068419422723087,0.3140107354928361,0.5822259947419314,,0.0
IL10RB,737036.9675425149,2.387671773311305,0.34820516580545696,7.146075660163056,8.92938557808493e-13,3.44777165176638e-11,2.984231739717407e-12,1.0
SCD,5646696.81706485,-0.14769598111663299,0.34213977425798214,-0.27091270084664576,0.7864581763378531,0.9123280215171286,,0.0
CEP89,342501.5067180822,1.7947487381291014,0.33424686639672135,5.6186273414370085,1.9248050613167648e-08,3.5718463510692537e-07,6.432765509474302e-08,1.0
IL17D,25004.336167388636,-0.37884951299978903,0.8587760371843229,-1.0620924752563932,0.2881937058091665,0.5497476572998387,,0.0
TMEM117,128952.82925165755,0.3377456990917581,1.9078105271129697,1.6198424855416031,0.1052661172452579,0.29140742213016513,,0.0
PCDHB1,562.9455251111373,0.5543842388786729,0.8792575277910295,1.2990976107552572,0.19391043295936095,0.4362111271166885,,0.0
LINC02227,635.7422923858207,-0.057809746862678056,0.3076506402214753,-0.2148669183535044,0.8298710778056915,0.9313363617896464,,0.0
MYH2,9930.253471645154,0.13471293592420308,0.4233504428618724,0.3913323722693178,0.6955515733231867,0.8668791008674807,,0.0
TMEM216,52478.467882526886,-1.1737256236387366,0.37558078666546546,-3.510856597437103,0.00044666528132224876,0.0030810033355294342,0.0014927709167617054,1.0
OPTN,3227614.4740515472,0.32286256886035314,1.577323650619003,1.0188564587280668,0.3082711173944054,0.5761624102798131,,0.0
SPRTN,56726.523564054354,0.11796720401908223,0.6598295814669523,0.28919300545701393,0.772433684124705,0.9048871260893214,,0.0
SHD,221.2142218370835,-0.4251911496575022,0.8760271616616737,-1.1556489908209313,0.24782476046666824,0.5043344962390144,,0.0
MIR7161,529.0369054075113,0.26189168581047884,0.5367842542640382,0.683844561231805,0.4940733245081018,0.7420460920903167,,0.0
BBIP1P1,287.17748838775435,-0.20981622361302307,0.3383786658740218,-0.7167836496914926,0.4735076018816393,0.7258124505208431,,0.0
PHLDB2,776970.5114855692,1.0253506667825385,0.46015869984178404,2.5935660775755927,0.009498628459787266,0.04320232288540766,,0.0
TMEM183A,187646.71745472535,-0.25668468240704245,0.34275796605080716,-0.8875998027524575,0.3747560598060532,0.6394177802413599,1.0,0.0
FTH1P3,281288.6609845482,2.4982184565024497,0.6647013337025957,4.270116551174606,1.95370844186188e-05,0.0001820302231092953,6.529361613263967e-05,1.0
NFE2L2,694595.5957182966,0.5321278481417591,0.22644185666216607,2.404015679987548,0.016216077722376918,0.06731761608108922,,0.0
CASS4,8082.417347343599,0.0754736337618432,1.0445071530376526,-0.7739966390557161,0.4389327787893694,0.6978765671041423,1.0,0.0
GON4L,605662.2156603627,0.05648938622125138,0.6891343046079655,0.22537055124985353,0.8216910190624764,0.927140747672392,1.0,0.0
MYBPC1,375013.3243057968,0.3743837786889166,0.6423541896358628,0.8283188431642372,0.40748995418853295,0.6680861917317386,,0.0
RASGRP1,59904.6365538773,0.25975336153859363,0.5514596610494856,0.6643605524918876,0.5064595740986118,0.7521264509763478,,0.0
GAPLINC,2987.1109849163413,0.21615389553465736,0.39038103136722513,0.6643160720094683,0.5064880365705762,0.7521264509763478,,0.0
PTPRK,1755283.2586994108,2.138483088406216,0.30522633657157416,7.212629261499995,5.488169041196273e-13,2.228285869246682e-11,1.8341651956287145e-12,1.0
ZNF788P,35783.466160577154,0.4978010673715098,0.6470525824650935,1.1772070686970515,0.2391128679827791,0.49388382037156425,,0.0
NUP37,80754.03224357373,-0.6576040199140745,0.31769317774543754,-2.327653383926518,0.019930516316329593,0.07930916213844622,,0.0
BATF3,2303.82649874084,-0.32179083736502045,0.8940138674427861,-1.586437002919862,0.11264021208312727,0.30472655424872025,,0.0
EEF1A1P6,17155801.322388418,2.236458708699608,0.414663763650546,3.833066070496005,0.00012655594485333824,0.0009768475867041285,0.0004229543725921806,1.0
CRNN,4243.5255199805415,-0.11437053857764076,0.5740078764818484,-0.3080694067587755,0.7580295197169982,0.897209093451497,,0.0
STX16,431610.1605894033,0.3902233940169827,0.7243554220619817,0.9373076305704601,0.3486003390015192,0.6158153848509328,,0.0
CCDC78,48063.96705318267,0.19917633294889395,0.6454210634916391,0.49544150863708225,0.6202885005309215,0.826628272797782,,0.0
CASC18,772.3949048273431,0.18121257381714734,0.38520742834174165,0.5616871863037147,0.5743291661647116,0.7993629588720231,,0.0
TNFAIP6,40353.630900002594,-0.46127041588341333,0.5186212094933197,-1.2010390508977566,0.22973605360006344,0.48388943554564184,,0.0
ARFGEF2,466429.72639840347,0.230825283993273,0.3990624954403951,0.6851208990194447,0.4932676333745367,0.7413116343883347,,0.0
FAM177B,2082.5788592433864,0.1647712936460115,0.8016231477748895,0.4350274180073182,0.6635425260360135,0.8490216179922755,,0.0
BLVRB,381368.76352261886,1.3380011084989765,0.7494037077447786,2.4683280305319686,0.013574585972579468,0.058290182585607794,,0.0
RERG-IT1,1601.4694809116306,-1.5803777296197508,0.3931336550485369,-4.394308680068149,1.1112582105858271e-05,0.00011055026899732312,3.713863618109126e-05,1.0
LRRN2,9185.88780414707,0.18511296324306323,0.9833593234602352,0.5030039676672006,0.6149614826052601,0.8242646112343062,1.0,0.0
MTHFSD,97797.62016779301,-0.12539956401182267,0.3196645778916147,-0.4489566798965752,0.6534629071203295,0.8431159118632899,,0.0
ZNRF3-AS1,174.0455474905888,-0.07487365152494109,0.503003678027083,-0.20802270846138968,0.8352112364001482,0.9335593134256123,,0.0
TYSND1,145216.13908303596,0.45334694959161925,0.41290781215277395,1.2831035691501926,0.19945579351602627,0.44428288707361074,,0.0
TIPARP-AS1,7732.9075748001105,1.5884894007599364,0.25765741771912487,6.404668571364931,1.5069637293839234e-10,3.9401973112792215e-09,5.036325234815214e-10,1.0
RGPD3,20091.958399194566,-1.290659247868989,1.0632187237514548,-2.248404979954621,0.024550377930520895,0.09416634975808091,,0.0
RPL10P9,1023624.4232480597,-1.1424573231762623,0.40882541777480247,-3.2172845518258892,0.0012941018055508005,0.007913692500802035,0.004324933276516162,1.0
BUB1B,65434.482453926306,0.4042065085021075,0.4471983860587744,1.1284699181675386,0.2591215141882749,0.5155352217082237,,0.0
EI24,788510.7655404931,-0.2722895879774702,0.8004498487245203,-0.7665836216873027,0.4433291163969504,0.7011207375093788,,0.0
DNAAF4,18500.75081831027,-0.122491591045172,0.20542627082376486,-0.6228867604931996,0.5333589388485367,0.7711622873797314,,0.0
LINC02421,276.2381450136863,-0.7505314929130781,0.6154026804368121,-1.732963978702566,0.08310207140292081,0.2471779300691998,,0.0
OAZ2,438909.94493835216,0.21690828037933524,0.6636154155944731,0.4650528291232641,0.6418936249281317,0.837631764539088,,0.0
CYP1B1,1233382.3950394508,2.312489409484075,0.3239675694464354,7.408084015990703,1.2813712195439753e-13,5.662980416285498e-12,4.2823872149819734e-13,1.0
IFI30,522093.73247636465,-1.575640275418124,0.4586837277533832,-3.8881236641095964,0.00010102215560613058,0.0008008010239635177,0.000337619560201747,1.0
NRBF2,244288.49536241707,-0.16463340374057564,0.86704985431564,-0.629208094223225,0.5292128304316721,0.7680583769763937,,0.0
CHMP6,111478.58162486988,0.8457454806589606,0.7756046402945216,1.7544717854495981,0.07934970033877643,0.23785858552932143,,0.0
CNGB1,1028.2468681536518,0.05658613954047742,0.6768230043775805,0.13881547602888386,0.8895959642887202,0.9554688398422138,,0.0
SLC39A11,262132.44317537342,-1.2146814746871697,0.5810585824999602,-2.6913690429647263,0.007115942977135284,0.034468495856269266,0.023781729106316245,1.0
PSD2,2360.1675841716815,-0.38687864802782407,0.9316813743470058,-1.3848332670746824,0.1661034561082977,0.3967100238186698,,0.0
CYP1B1-AS1,21800.231239805253,-0.7991540579946461,0.4521156396766449,-2.1521884523818713,0.03138251476506513,0.11583464799463064,0.10488145664121164,0.0
RPRML,59.521160714433414,0.006955590749222599,0.9137905757694686,-0.9337074377483869,0.3504548273079594,0.61732934228356,,0.0
TAF2,290963.8111773751,0.34709147060931383,0.21234280218842447,1.6542057100979017,0.0980857230681307,0.27784464038697937,0.3278059004546028,0.0
IGKV3OR2-268,2425.705099513097,-0.4035597341500659,0.8511645394020083,-1.08804603174828,0.2765747867756553,0.5363939748184942,,0.0
ITSN2,235050.08612650906,-1.363037608541452,0.5647572143733395,-3.001148102776185,0.002689637135845485,0.015075250119430249,0.008988860923210513,1.0
RGS4,27500.357830436704,-0.4305504140809591,0.4077898680851989,-1.278461744310799,0.20108666526744212,0.4465214790331729,0.6720386343241891,0.0
PRELID1P4,881.9313848834738,0.15393024740635072,0.33699983223521673,0.5224804900149184,0.6013358269815621,0.8163336380291677,,0.0
LIMD2,130078.08921391625,0.8655815334890163,2.509919638876366,2.476885704073195,0.013253433648314215,0.05730261028489288,,0.0
TARBP2,145118.45548636763,0.2320216198664014,0.2898256921461719,0.8614680639384227,0.3889803030137525,0.6518683333055973,,0.0
RN7SL851P,359.70288417116655,2.3307221658845956,0.304850750412495,7.89294231374882,2.9514406034392296e-15,1.5680313163378206e-13,9.86381722421156e-15,1.0
HDAC5,444266.7310791715,-0.11289729318076286,0.6231694023623965,-0.3086841057143714,0.7575618355711291,0.897209093451497,,0.0
ANKMY2,77298.70880364534,-1.0189841367524817,0.2579242890436165,-4.198195274594097,2.6905058374706887e-05,0.0002438068330729651,8.991764154277877e-05,1.0
CREB3L1,76262.89926780743,0.5974374233486265,2.259129336177232,1.4975129853826534,0.13425982932109384,0.3438428654510475,0.44870102262397693,0.0
SUPT7L,908983.8663843091,2.3987137507921577,0.2391662882644879,10.136944956720017,3.787598480476096e-24,6.305088937165875e-22,1.2658285952488052e-23,1.0
SLC9A4,449.24971969695207,0.2419975711965443,0.8404862643671923,0.6426541107921311,0.5204485635490632,0.7619818605582005,,0.0
HNRNPU,3727381.813852527,2.8954057707596856,1.972599904559769,1.3455326993774264,0.17845326885353885,0.41528221092943757,,0.0
KDM4E,742.2008862670231,0.8334692740865628,1.1453427488960721,1.7797375026090152,0.07511892988975236,0.2283286280398194,,0.0
RPS2P36,150.6499354838324,-0.11348685989797626,0.2921123620465432,-0.43442946380370956,0.6639766058389933,0.8492502404573211,,0.0
MAP3K5-AS1,16.525656120380187,-0.2240817473370157,0.8524753345204377,-0.37269140585537136,0.7093781335182583,0.8739092420931271,,0.0
SEPTIN7,441283.25361842726,-0.42183941423770466,0.8928977933501124,-1.202181079365134,0.22929337826884155,0.4833003311184192,,0.0
EDDM3A,226.77103075192548,-0.2794105743753128,0.8848632818583401,-1.9900677456716778,0.046583473288972554,0.15814946676079464,,0.0
HMGB1P21,104.37851279405228,0.005106465882506394,0.3968700134530624,0.013178545082296288,0.9894853466996102,0.9959463980948011,,0.0
NR2E1,314.46820639681357,-1.3211694197861703,0.31098744173612836,-4.5467788520933246,5.447318252372469e-06,5.9010645015939503e-05,1.8205127198189918e-05,1.0
PCNX2,156263.12050087162,0.2717908247809699,0.38931907492413026,0.8224364794066181,0.41082852470616604,0.6699696333806501,,0.0
CALM2P3,44612.68130479854,-0.2833397602325523,0.6784449827237213,-0.728014787637078,0.4666045341383187,0.7196488707494637,,0.0
B4GALT2,216240.65232514753,-0.5478903311222912,0.5269548412007513,-1.411675541152479,0.1580455183246282,0.3827203911277097,,0.0
MIR4697,578.4144577721797,0.3437669775187304,0.7952686859207437,0.8617502265705285,0.3888249799700185,0.6518683333055973,,0.0
DHX40,417632.86957373074,1.5920382363613519,0.5595736527079829,3.3722293534479717,0.0007456232861755679,0.004842188154955508,0.002491898974480998,1.0
ADGRE3,314.4569740558595,-1.3062907528007326,0.4466161879933668,-3.355329988164549,0.0007927036444557373,0.005114679587095545,0.0026492431705271062,1.0
SLC43A3,1562511.7150929407,2.4070074125785217,0.3322616003442492,7.485997708448992,7.100563458043476e-14,3.223655809951738e-12,2.373033021821357e-13,1.0
POLR2D,140337.93323108694,0.17089179307528504,0.4752155551105307,0.44501261721700835,0.6563106360780414,0.8438898505886782,,0.0
KCTD11,105630.87936664713,0.49785904107132645,0.5599704975427299,1.2228459562739775,0.22138788404481113,0.4712749756691334,,0.0
ELMOD2,71689.04604074838,-0.3956587294463983,0.8725633559699635,-2.045143995410366,0.040840663948974065,0.14223031782508821,,0.0
SPNS2,412961.2504153467,-0.1539361213354252,0.7686230574810684,-0.44399979347460067,0.6570427332276676,0.8444907075628002,,0.0
SERPINB7,8311.338475079208,0.09415128731680192,0.4613920483264021,0.2596944119629711,0.7950995034048054,0.9152002306839239,,0.0
RNU4-32P,284.32877071910076,-0.2544203829532637,0.2568866549983265,-1.0761028193721214,0.28188127490247317,0.541845683934931,,0.0
FLYWCH1,305700.2008955016,-0.49508016652879466,0.23870018282033323,-2.2312373440911344,0.0256654115207068,0.09776740284852002,0.08577469860969816,0.0
C1D,166435.31092125946,1.6304708414128328,0.4749507140294457,3.8289279010913715,0.00012870270167760796,0.0009903563824005764,0.0004301289086186724,1.0
PIK3C3,223629.1414418072,-0.11807299758272732,0.22994265126002877,-0.5907765522157455,0.5546701477008016,0.7861696792976124,,0.0
ANKRD17,471206.1415621409,-2.41016992721015,0.4342616242332593,-6.0929185179935175,1.1087050330181337e-09,2.5167604249511634e-08,3.7053308098122765e-09,1.0
RREB1,213066.25127352434,-0.5790410894117228,0.504411910121657,-1.5145926591742394,0.12987559236129745,0.3364101183881325,,0.0
NFKBIA,384687.7303112488,-0.42785862500146976,0.9339191218572733,-1.3381685250505528,0.18084150686298972,0.41908235975581004,,0.0
BROX,343528.7960776893,0.1878597668087133,0.23126860389017617,0.848058508727879,0.3964053871750238,0.6581521704629024,1.0,0.0
KLK7,188104.91343818145,1.43302796734901,0.45016130279831973,3.559737682537886,0.0003712254172225606,0.0026037917606874543,0.001240648265188919,1.0
COX15,205007.43029319777,-0.7259262118249057,0.6293517357621581,-1.6915690130502214,0.09072817886631022,0.2620569839550915,,0.0
GUF1,256847.9450844874,0.11753201377845696,1.1399904179376155,0.7389015840569915,0.4599667603942482,0.7147087745516103,,0.0
ANAPC1P6,1298.5898961205335,0.3869448684672682,0.6309442079120636,0.9523038864549949,0.34094288737113543,0.6090959940483883,,0.0
TMPRSS12,115.50570112142748,0.37896593473908785,1.0508516392785392,1.0599130771540832,0.2891841457652363,0.5510055795313202,,0.0
CCDC13-AS1,2462.31957863858,-0.012767368709970457,0.42619307517405314,-0.043154131684681685,0.9655786686129435,0.9877304119322081,,0.0
TNFSF18,1664.7991499014424,0.11587436691013252,0.2977962820960157,0.43431279824102115,0.6640613113708127,0.8492502404573211,1.0,0.0
PROB1,29097.82679499251,-0.36852432337199226,0.2393587936864479,-1.6526539756665575,0.09840130624140148,0.27853266759794854,,0.0
MCM3AP-AS1,174658.85670104597,-1.8759013546143815,0.3663452956598292,-5.463834112180107,4.659590015629736e-08,8.164909662475404e-07,1.5572512013413168e-07,1.0
POLR2C,372442.78428564564,1.172784236387979,0.44839943414128935,2.9883097406936394,0.002805250981198161,0.015583340823252075,0.009375246418421966,1.0
DPYSL2,860167.0526238345,-0.18548063289486583,0.38916650909582046,-0.5765210161488448,0.564263068789026,0.7932743468848407,,0.0
TSNAXIP1,31071.553735558515,-0.41193754662658566,0.9514441278712475,-1.5448827271618875,0.12237463216592297,0.3219909973849417,,0.0
TRAPPC1,236553.72114325114,-1.6783642913157335,1.037433962556595,-2.609768618840593,0.009060348173978274,0.04166425302103821,0.03027999895091936,1.0
XIRP2,4069.3318791168545,-0.2668339399757123,0.3887167229947567,-0.827604085253734,0.40789475391660124,0.6680861917317386,,0.0
MTND6P21,773.25138939488,2.155937244561218,0.43475260826416956,5.323949839297294,1.015379170294604e-07,1.6252575565548884e-06,3.3934325283005074e-07,1.0
DGKE,83141.5042752482,0.8340311321984982,0.41895344712580784,2.3405134966144026,0.019257242366344508,0.07712162660587367,,0.0
GSE1,852682.9703222166,-0.06902501811956416,0.427764095906814,-0.12006045283839575,0.9044352597864895,0.9612091446679256,,0.0
PDE8A,164992.99922482084,0.5936203342701231,0.7128259835551018,1.283773627628288,0.19922117371620773,0.44398889338122965,,0.0
RFESD,7580.439688466562,0.11114142811071616,0.6377164981222408,0.2695887024499823,0.7874766927853643,0.9129434352304574,,0.0
KCNK12,1393.3349642558965,-0.4151921899753386,0.5842038841817234,-1.0478317035258662,0.29471615293398634,0.5570826902923269,,0.0
SALL1,7852.349113373416,-0.18240279308825208,0.2484059999205268,-0.7985708831531265,0.4245392765490533,0.6841397699535244,,0.0
KLHDC9,25323.010690983276,-0.626350972896485,0.6347797528883167,-1.4860709343263834,0.13726035939504921,0.3494353402792439,0.4587288985672562,0.0
RNA5SP244,13009.864685103315,2.2831372669501913,0.2974285137305238,7.905024653727489,2.67880577085678e-15,1.4384898945869632e-13,8.952662124422961e-15,1.0
KCTD1,120809.71862709484,0.2579553641045507,0.26948908911245606,1.0317953498983443,0.30216799812933415,0.5678887718875547,,0.0
MRPS31P4,14100.511704543274,1.021504298754582,0.44846452902735495,2.677237690494789,0.007423195261960013,0.035645612632911834,0.02480857693638979,1.0
HDHD2,177577.24748630892,0.4353769287473681,0.28625862314340245,1.6521894653631422,0.0984959333155741,0.27853266759794854,,0.0
P2RX4,113656.0628368177,0.48498629917736097,1.645198186166108,1.7219424100446565,0.08507995139564332,0.2509682677317441,,0.0
OXSM,45419.94369075214,-0.4127772044715572,0.45897529498681905,-1.1438465092766066,0.2526872977728414,0.5099105956686045,,0.0
NMBR,175.8247026229195,0.1686052309943902,0.5955288592566745,0.431147315185343,0.6663612589366439,0.8515373917936538,,0.0
LINC00571,1212.7394945939714,0.19260037966824298,0.27707586531907274,0.7609474065155625,0.44668848146067497,0.7023516795344427,,0.0
PSMD7P1,3651.5283760044977,0.7842715942122541,0.3558122914254023,2.4837541588537717,0.013000552469293731,0.05655466814603911,,0.0
NLE1,99636.92253745778,0.129249741602236,0.33239276306360244,0.42851693576617556,0.6682748061241912,0.8528936342931533,,0.0
ZNF582,9541.181532743425,0.005794489972688397,0.6510450551703725,0.0036220932711121382,0.9971099940204607,0.9987098496065344,,0.0
NDEL1,357762.83984258294,0.5256948169200762,0.47513655073652084,1.3605376955119985,0.17365983258159734,0.407354252659698,,0.0
NCR1,430.9869315315035,-1.3113974204909002,0.3697186035886954,-3.9023897709732807,9.524761769772097e-05,0.0007610665644518696,0.00031832085352390946,1.0
WDR91,149420.18082327218,-0.27723127167549183,0.37414962073680863,-0.8901895520428241,0.3733641137798307,0.6384709806569127,,0.0
RP9P,80467.58729711303,1.6465550744319786,0.24175497548528735,7.031396970182013,2.0447582818476952e-12,7.399654246048834e-11,6.833653347567298e-12,1.0
LACTB,122742.66268759493,-0.48748100812923767,0.448165706707063,-1.3731923561562676,0.16969255536629557,0.4029814096793805,,0.0
MTMR14,142824.18580989577,0.3464215055305584,1.2879492319485641,1.128528032074641,0.25909698512479185,0.5155352217082237,,0.0
ZDHHC14,88678.29177006969,0.004365770367810987,0.38771365622221476,0.005017409683297438,0.9959967030752476,0.9984121018276063,,0.0
UCP1,5385.46738269293,-0.05135589443676633,0.4934403939705361,-0.1473401669257489,0.8828635298071394,0.951951704449437,,0.0
SLC6A6,304010.4189615087,-0.13073832314505027,0.5897199661062144,-0.34503152469692966,0.7300706710413791,0.8823748623380077,,0.0
PDGFD,291817.77834029304,0.42830812469114987,1.9015449743883754,1.6473500236829564,0.09948612135137849,0.28022204739356127,,0.0
ADAM8,101172.90044845178,-0.5242244335236507,0.7236338368321596,-1.2551808586571456,0.2094131125339599,0.4566851895172907,,0.0
KRT8P42,586.5613367669356,-3.2426461966153988,1.611982277691546,-3.1871457808540256,0.001436843342949739,0.008666178326921493,0.004801980462749697,1.0
ST3GAL5-AS1,1020.897576880427,0.04483365870743153,0.29598677016821706,0.16611269418155664,0.8680682644345463,0.9444734014348855,,0.0
HCN4,1249.32815316009,-0.5501573486136122,0.6479258904761185,-1.3111054972760827,0.18982212377006769,0.4307004480271322,,0.0
HAS3,162145.35554975393,0.2765193660232816,0.3901061491012747,0.7950819471349784,0.42656583521919744,0.6857543406944736,,0.0
SYT17,67129.55925333021,-0.32327242103904613,0.7030825478408684,-0.8266210392096178,0.40845188859256587,0.6680861917317386,,0.0
ATPSCKMT,42030.843670220835,-0.09610658428418091,0.6737717736163468,-0.2653874352666914,0.7907110144549305,0.9143024065906118,,0.0
GRM3,544.9935005322315,-2.121863840491676,1.0578751179533867,-2.9469988442299204,0.003208744027527846,0.017267745337795324,0.010723734223190453,1.0
ABCA6,390775.91847109905,1.2825647382486818,0.25441631867581815,5.242126380742317,1.587365819762185e-07,2.424252264187264e-06,5.305031819325697e-07,1.0
LNCOG,22280.21135599069,1.0363712065008472,0.9165982921291305,1.9678906263136886,0.04908062357843607,0.1643921087529911,,0.0
SBF2-AS1,38301.34962576047,0.05877029399353283,0.6989055380747664,0.13864867356509258,0.8897277787862796,0.9554688398422138,,0.0
GTF2A1L,4221.98864943454,-0.9816070913717297,0.25668236672617567,-4.053965563068277,5.0356632580080925e-05,0.00042479902551507455,0.00016829361879005627,1.0
STAU2-AS1,1309.986336364857,-0.38502835728455764,0.5323769716350172,-1.0017039961376781,0.31648657608943287,0.5837826456877827,1.0,0.0
SPACA9,49168.89613158946,-0.11974579615873511,0.24287881401187436,-0.5312196613544049,0.5952665698130875,0.8120079895237801,,0.0
DOCK7,194067.54161471876,0.07499838631604092,0.9343644393783979,0.4629186377249032,0.6434226876641109,0.8385315506770799,,0.0
HEATR4,14197.691989680538,0.06911676517073476,0.4806633699087228,0.1846639439900559,0.8534926282593962,0.9395321409924882,,0.0
C5orf46,20727.168684028293,-0.2659801656862927,0.5957500044965545,-0.6868936350433299,0.49214975819517226,0.7405230166998163,,0.0
LRRC61,46648.547785666,-1.1616556314592124,0.36572715644658077,-3.5479357781713143,0.00038826287929878445,0.0027156650129105454,0.001297588056451694,1.0
SCTR,1551.892712704567,-0.08052463978457985,0.8276175009645178,-0.2576660695360186,0.7966646346371076,0.9158087036933539,,0.0
DGKZ,176438.3877520651,-1.36049594686761,0.5142242815374841,-3.148445094410993,0.0016414155536458343,0.009723606922371583,0.005485667911213956,1.0
GULOP,79.51092287521433,0.21213258064547874,3.3417155289295826,0.7300014220424966,0.46538931537191564,0.7182182450455336,,0.0
RAP1B,579835.6137514225,0.781723930396167,1.1809940393698009,1.5808982548098414,0.11390130343441308,0.30664318563420967,,0.0
UQCRBP3,198.71862528696835,0.7919437068160747,0.2995494520639119,2.886722155007822,0.0038927782382566795,0.020399301701840355,0.013009800363865863,1.0
LINC02541,410.67297255817846,-0.2986070463256519,0.4630374572470225,-0.8350009832702323,0.4037171547616265,0.6656889975889774,,0.0
CCSER2,266724.8239620259,-0.4134061653902426,0.7437691473048508,-1.040128834876083,0.29828004876030323,0.5625417535909949,,0.0
CRYGN,7694.554384368896,2.689181027595342,0.3853584423932198,7.268520586704269,3.6344577093922913e-13,1.5000398182400912e-11,1.2146484165325107e-12,1.0
CSF3R,190807.84575798386,-0.13181366399387592,0.7670640962873869,-0.3847527300579757,0.7004206239409658,0.8691181938748249,,0.0
SUMO2P1,82490.46606793921,-0.389557036202841,0.8771401199903013,-1.120779806190432,0.26238160191246895,0.5185836215778337,,0.0
AK3P5,167.60775525387902,-1.7647743081103455,0.5112572367898252,-3.926840242729846,8.606910769978479e-05,0.000697106136905396,0.00028764595364459537,1.0
FOCAD-AS1,178.9816784805008,-0.07013343575919005,0.2111991260358283,-0.35284207492257996,0.7242068386434404,0.8790917013903352,,0.0
GEMIN8P4,2646.106053591306,-0.025355060754726915,0.883290288115559,-0.10528341684120071,0.9161509212816481,0.9661370906523088,,0.0
TPRKB,231060.2367481642,1.9878427227901805,0.41885044133599925,5.079701985695401,3.780274079300366e-07,5.303002458434277e-06,1.2633807548826457e-06,1.0
HHATL-AS1,239.42737793604647,-0.44288541635028045,0.482474365387622,-1.1965429098800935,0.23148476397110018,0.48593312789898035,,0.0
WDR24,157254.56089591415,0.1145953290681491,0.5772747194732509,0.28395839586680965,0.7764422640609808,0.9061002269523913,,0.0
GPRIN3,86684.76637456907,-0.193590548807121,0.25715490153716275,-0.8218598901866818,0.41115664323552426,0.6699696333806501,,0.0
ARRDC5,849.8183486894053,-0.018271172804675696,0.5014753998442085,-0.055682544400255767,0.9555947054761872,0.9837641639142607,,0.0
RNF215,87487.68465113529,-1.617689871867447,0.4373109585527169,-4.162638543584093,3.145911477732883e-05,0.00028004780605700566,0.00010513745654832854,1.0
CHML,118835.55748419452,-0.19692884052795814,0.637235677100854,-0.5144911324353476,0.6069086585648555,0.8185753813320451,,0.0
ULBP3,3609.1471473584775,-0.0368964495465001,0.42068207786213724,-0.11478980952655639,0.9086117264813732,0.9627447277868444,,0.0
PLEKHD1,1748.7441335447304,0.4301983903062281,5.381490611839555,1.4199219218948982,0.1556304130560935,0.37921089506351,0.5201222572885373,0.0
FRRS1,27385.680791583036,-0.432780426872574,0.21220474010260387,-2.1467493624859246,0.03181324063069507,0.11707835203367074,,0.0
MOG,11892.585164209018,2.9278615500627008,0.6156504055173562,5.178356739347372,2.2384887350482078e-07,3.307400219772411e-06,7.481107265124298e-07,1.0
SAP30L,806675.4717115366,-0.04178875677162751,0.7937208763796176,-0.1617600140036093,0.8714948424611277,0.9457339133384803,,0.0
SLC8A1,40529.1292974221,-2.864861799787369,0.3075523211412735,-9.55108883931401,1.283402365866438e-21,1.6023278537842478e-19,4.2891753766875e-21,1.0
MTND4LP30,864.640881766981,-1.65992936440325,0.9411884499083027,-0.25749857370973056,0.7967939162089753,0.9158087036933539,1.0,0.0
MKLN1-AS,6335.85265536241,-1.5654075987778862,0.6342384099582357,-3.078621183081827,0.0020796093146687408,0.011923730100408371,0.006950126712276454,1.0
DCDC2,10985.424385088972,-1.846123908879508,0.5046853755355104,-4.124929549230186,3.7084825614715774e-05,0.00032321399497363103,0.00012393877797474957,1.0
PSMB5,347905.78170327796,-0.1731451311952879,0.40805607943305044,-0.5541804857869324,0.5794553319606686,0.8016387993514373,,0.0
PINLYP,13155.157003496503,-0.49759346828478773,0.5617916966552972,-1.2590464107396555,0.2080135689433411,0.4550239874301557,,0.0
RNF180,35241.91722847226,-0.643150032041021,0.6038878403411654,-1.5485314252201778,0.12149440174382269,0.32018102496498707,,0.0
CDK4,253965.6249843021,-1.7150137399162948,0.631590387556087,-3.368853243279694,0.0007548160693050883,0.004895521363778715,0.0025226215756628556,1.0
SPAG8,8490.035861470311,-0.4015147453644703,0.910346977758501,-1.2203576223401067,0.22232933473324878,0.47307741698246464,,0.0
GALNT4,18472.431724439135,-0.10116238617200761,0.8855054006588634,1.8302469766174005,0.06721301614701804,0.21071048502084624,0.22462823937219614,0.0
CA1,1822.3832494312296,0.4980554046936762,0.6203479479666334,1.2035677598619705,0.22875668685193917,0.48323257476730075,,0.0
DAZL,646.4258078092461,0.4389627914312118,0.6008444060796289,1.08259220397184,0.2789894692081024,0.5393178276683335,,0.0
ANTXR2,724129.3938085922,0.2312218365529469,0.8727476445864679,0.6255164062924264,0.5316321840236993,0.7700032270923302,,0.0
SMCO4,90553.7783705938,0.002535247593742051,0.8106893295403256,-0.016667664890937243,0.9867017432555206,0.9948694742212942,,0.0
MMP27,3560.091087697366,-0.048979098703200837,0.3128760987774906,-0.1820034115257358,0.8555800486086136,0.9396657033762604,,0.0
FOXP1-IT1,427.8259598003745,0.27529851899852403,0.27818220167086577,1.0860657602240147,0.2774498994636082,0.5373069354658012,,0.0
DUSP7,143587.13732271214,0.07436043946106806,0.30463987642017726,0.2519803727562794,0.801056234679927,0.9185935329486924,,0.0
WRAP53,21773.40076583383,0.8432239065354479,1.1033084361458834,0.7844050103457092,0.43280249940449655,0.6923176431857961,,0.0
ZNF527,47921.447948247245,0.5538239877652966,0.3727606586777406,1.7574034458494943,0.07884906640181485,0.2369267374312054,,0.0
RASSF10,33114.762215489056,0.22144559542746964,1.0093576904787145,0.6759868853623353,0.4990489716475447,0.7465422385492586,,0.0
CRYZL2P,133090.17084368324,-0.8497874288262395,0.4346108850078131,-2.344542132792797,0.01905045799189484,0.07647748168128846,0.0636672936770622,0.0
TLX2,561.2354509739733,-0.5028161297762065,0.4078199965418306,-1.4906080729208726,0.1360644235672154,0.3475732640893472,,0.0
C8G,3047.608994504771,-0.4947009423970861,0.6628441673654693,-1.1927356351913332,0.23297292483496845,0.4872138972469985,,0.0
EIF4E2,409178.77202200855,-0.21203904813747293,0.8289577082506064,-0.6541601851359586,0.5130086097778159,0.7570818549735262,,0.0
TANC2,337411.06380405155,0.21253468701114153,0.440964869827959,0.6293112000184713,0.5291453403671529,0.7680583769763937,,0.0
LINC01857,1338.9565717211765,-0.17485679131774753,0.6991189393748626,-0.46567527023973665,0.6414479562431434,0.837631764539088,,0.0
LINC01424,967.8629400620472,-1.43345975605063,0.8672633356719293,-2.494874678484919,0.012600162264783688,0.05519755293888573,0.042110180848771724,1.0
EPCAM,1433101.1048214936,0.23751201634894906,0.8467180208345516,0.559561935603402,0.5757782743769342,0.7999569143697983,,0.0
ZBTB40-IT1,836.7802537193786,0.5151998316306855,0.6514492249087898,1.2276194186890503,0.21958986870300023,0.4690469650567935,,0.0
RPL38P2,320.2963686822359,-0.13790717075937398,0.6624854168884038,-0.36495963428818606,0.7151415381403254,0.8749183835063168,,0.0
ATP8B1,411901.33376466803,5.256081302773131,2.697436982592287,3.199905340822509,0.0013747272958536793,0.008331781693559798,0.004594386471350348,1.0
SNORA78,558.4492133859895,0.16964480599113194,0.31921149238717583,0.6001374672850648,0.5484146243155973,0.781621461309485,,0.0
GABRG2,337.79280635205447,-0.2461014480342006,0.7270038062081459,-0.6470617443327926,0.5175919831795011,0.7606316141362448,,0.0
ZNF32-AS1,19641.49553025313,-0.6257779319583121,0.42966176072424844,-1.7826140199347342,0.07464915602993277,0.22759333651616864,,0.0
COLEC11,9008.98673673709,-0.5703418583767399,0.9868933335132895,-1.5078528515524756,0.13159219195013863,0.3390977330232159,,0.0
KIRREL1,306493.646538645,-0.21617523195481736,0.25809143287566716,-0.9211085230765934,0.3569937708465817,0.6224954230474263,1.0,0.0
MRLN,439.22795658035045,1.4440451583310794,0.27009315211203344,5.597981061078888,2.1686243602308302e-08,3.96707328021713e-07,7.247618092792861e-08,1.0
RIOK3,376207.6597976358,0.2533860563822513,0.2733336352673334,0.9826998286336729,0.32575519509046935,0.5937304541174467,,0.0
FBXL3,537480.5558477343,0.48395269279596576,0.2209403617461671,2.2634525990438625,0.023607803457457534,0.09125183472642642,,0.0
VAC14-AS1,4447.78128425097,-0.15316915428051636,0.34463059727545226,-0.5196085651063707,0.6033364271143362,0.8176559340594288,,0.0
SLC30A4,58063.15343001056,0.19432258116285256,0.7460937377789455,0.4846727180638299,0.6279085219273794,0.8308716913657329,,0.0
TRMT6,130133.97925785847,0.6886976755178985,0.2057730855192497,3.483491854767877,0.0004949181809489127,0.003362750198175333,0.0016540337867991437,1.0
GNG8,239.55773395955998,-0.14009641029942213,0.8779083468422135,-0.5765660668107193,0.5642326276455978,0.7932743468848407,,0.0
ANKHD1,944331.5847790346,0.27731805551315947,0.3195204896477954,0.885150285968539,0.3760755810913774,0.6397346067511274,,0.0
TTC39A-AS1,450.4222123916605,0.1846834173812607,0.9286254335413491,1.0334099687119631,0.30141208330195923,0.5672960782737205,,0.0
PCMT1,441154.8645963925,0.05839703234405042,0.2961773417615176,0.2935691236129007,0.7690871724224135,0.9041333238811129,,0.0
LINC01856,44.80469617665368,0.1992776213534513,1.0657899986665618,1.2571939036439557,0.20868343029505776,0.4555124453777346,,0.0
GPR107,876198.5782698853,0.2567964945894303,0.6569184511313378,0.5748455986519898,0.5653957247921833,0.7942577354745888,,0.0
HTR3A,4978.013813030632,0.06325544974312906,0.35573808668949986,0.20273129368377052,0.8393450622230577,0.9337414052222042,,0.0
COL6A1,7716714.039239302,1.634740016243913,0.8474111406332306,1.5001406090516265,0.13357798368599522,0.3427998204151388,,0.0
TXNDC11,450385.7044376045,-0.8258986104958688,0.5673637077362368,-1.9750840450319385,0.04825861113407859,0.16207364089010656,0.16128195809401233,0.0
HIGD2AP2,465.29450867859913,-0.1754393867094546,0.331017239563618,-0.6100851068304579,0.5418054317662072,0.7772985711693303,,0.0
VN1R82P,6347.540641556887,1.4812599777889268,0.5371251091520455,3.2550743599427583,0.0011336268023201198,0.007041458023366516,0.003788620230243881,1.0
MRGBP,73958.41408079774,0.06393827546281125,0.8584556579090131,0.16912078651015033,0.865701635161666,0.9429256196286498,,0.0
RASGRP4,28069.019159348325,0.029216616909603817,0.6248848728119966,0.06337798961643779,0.9494655137505349,0.9818398440718766,,0.0
SOX10,244009.22249919167,0.0995369875884941,0.8461189520065561,0.2638530823717782,0.7918931296130854,0.9147714521043628,,0.0
MCM2,403658.3194652158,0.8277837679772336,0.36948700542540075,2.562463328193598,0.010393256292590598,0.046676188781652375,,0.0
HMGB1P35,1587.9889793891998,0.2747225032343872,0.381081376798346,0.8569327653699059,0.3914820434511873,0.653429587231026,,0.0
SF3B3,970597.7335500012,-0.22694631336309637,0.3912531235396139,-0.6757334804253219,0.4992098750022278,0.7465422385492586,,0.0
ATF7,1015795.3963567729,1.1842918285182762,0.5957416535027323,2.5868546737402487,0.009685643284575307,0.04397282051197189,,0.0
RN7SKP23,24955.50948411837,0.6646002617120729,0.5011154459553016,1.6999201803459016,0.08914594046541087,0.2587829252315146,,0.0
EXPH5,57148.89245415245,-0.2546770915760397,0.2897213664673932,-0.9798010266037639,0.32718434527634555,0.5941474092766276,,0.0
ATG16L2,768360.7676017694,1.239879163681228,0.8521885286790615,2.2881416059531974,0.022129275987770137,0.08671784341664558,,0.0
GIN1,28884.015559142583,-0.24553490598274724,0.270087180964351,-1.0123387362237828,0.3113761197336278,0.5810073916440813,,0.0
ZNRF2P1,1801.9705312324754,1.0336646862506738,0.23514813719185343,4.604901565569801,4.1266100502374e-06,4.6711662033983434e-05,1.379127441822981e-05,1.0
VDAC1P8,134171.36264582683,2.0584536257471124,0.546800003916028,4.197304606150292,2.701105258111127e-05,0.00024392983108511695,9.027187786980494e-05,1.0
NIPBL,258866.35806495612,0.09113389977127771,0.8529933425147048,0.24221498927045304,0.8086135810517904,0.9221857987955306,,0.0
SPON2,346220.8752532269,-0.3137914682527317,0.5861126962656948,-0.8001246269427952,0.4236385940212746,0.6831292019832887,,0.0
ENPP7P8,211.3598011562026,1.6854290315626104,0.7064999199569941,3.033496864727974,0.0024173722315997746,0.013641081270744943,0.008078942136798979,1.0
FOXC2-AS1,1248.2111436249988,-0.5785037760182926,0.7114408967038879,-1.3492010351604191,0.17727240238884234,0.4134976074403917,,0.0
APOC1,212073.77942700783,-2.09232693787054,0.4539027225908234,-5.100475825836979,3.3880065337000874e-07,4.793862742880585e-06,1.1322835758209193e-06,1.0
MYO10,313041.9812441048,-1.084721373270313,0.594976416004071,-2.419985631903213,0.015521120362683364,0.06480976178197384,,0.0
C17orf75,88337.70564483934,-0.10071397357762403,0.2561467978416679,-0.4041628585293169,0.6860929639772213,0.861107881905565,,0.0
SMAD3,336306.7252205866,-0.8348174279430118,0.45026397481235986,-2.281519844132612,0.022517703817680614,0.08765642239854952,,0.0
JMY,51566.98530882253,0.2040968464309065,0.8074035884806745,-0.13207774304617417,0.8949228001461031,0.956806778833149,1.0,0.0
POU2F2,132867.3378483146,2.8161030695797846,0.2856365043654215,10.062589306409794,8.084359974206977e-24,1.302364313264182e-21,2.701821241714554e-23,1.0
ABCB5,20944.723623628117,1.1409280093208491,0.34960799027037154,3.5729464286105683,0.00035298699503344064,0.0024898545949110207,0.0011796948234283594,1.0
TUG1,1296246.2465776925,0.9455480790332731,0.8061438086928598,1.9241937460861451,0.054330302745355157,0.17826907484251225,,0.0
TUBA1B,7587837.295757023,2.396386196485797,0.3699924729683625,5.182339558223631,2.1911983153193906e-07,3.2471348328501593e-06,7.323061036405433e-07,1.0
KCNE4,61193.09876877364,-0.4179588340809456,0.8752207959057936,-1.1565898071330618,0.24743998862368544,0.5037567481397004,,0.0
EBNA1BP2,319428.0848476499,0.373988985871805,0.3635313310574976,1.1335474255867966,0.2569844369585632,0.5137095127411925,,0.0
ENDOU,33146.98919523442,2.416827262053908,0.36619071947128873,6.882812392370142,5.868229036909862e-12,2.0351344312727676e-10,1.961182569028845e-11,1.0
TM9SF3,1098966.7366755933,0.24407957899314275,0.49148059518779125,0.6453053819595642,0.5187293056737572,0.7614738837550685,,0.0
ZC3HAV1,744109.542673212,2.1294691473004637,1.0431982427686712,2.8576680953780564,0.004267665252712558,0.022131589067545702,0.014262685814453682,1.0
ANKRD10-IT1,39215.63397526753,-0.389757526293014,0.4683451871508003,-1.078827947574229,0.28066443367348615,0.5409641766751794,,0.0
PDC,116.54787592429973,0.2559891114093013,1.128613162949253,-2.0806549297937287,0.03746550220151533,0.1329798990720452,,0.0
SNORA10,4199.352254851556,-0.0709995017380153,0.5620390413490701,-0.19665562566592865,0.8440970374870858,0.9365520118219299,,0.0
LINC02197,1054.9345335521323,-0.7484859607134833,0.38659940009472077,-2.2494309436785738,0.02448509174276049,0.09398812310787538,,0.0
PCED1B,102930.72553135935,0.11836009949788656,0.452167137704949,0.3269199794616261,0.7437284092486676,0.8903480199089605,,0.0
C8orf76,109237.99958633792,0.15670231296375217,0.5768423606684253,0.3961187363262524,0.692017436856994,0.865655286683676,,0.0
MNS1,24256.933592570425,0.3563604529838412,0.588436991538611,0.8901945335273729,0.3733614394049606,0.6384709806569127,,0.0
TSGA13,3926.193067766514,1.284011362697275,0.2844443109835298,4.773855127763436,1.8073241466946148e-06,2.1854181086181374e-05,6.040140203779259e-06,1.0
LIMCH1,358890.41216575744,0.4056352883166905,0.4585095971457217,1.0983301258254514,0.27206036163611225,0.5314827064250631,,0.0
M6PR,324153.33182607003,-0.7275747322908971,0.4789350365838866,-1.9302058444663992,0.053581337692375955,0.17650738815021472,,0.0
ITGBL1,208857.38032399645,0.053618386791652206,0.4126808065800427,0.22425103795466,0.8225619720177398,0.9275356746293023,,0.0
ITGA1,333521.2499135764,-2.116959140604356,0.5131345611791148,-4.6341508364862225,3.5840560561393136e-06,4.114661136634421e-05,1.1978040085879245e-05,1.0
PES1,254149.7378788516,-0.01500783887081289,0.8783222176369161,1.978964160817999,0.047820041502512095,0.16114256900374185,,0.0
DOHH,63300.56760335595,-0.20109240593030686,0.3360261371655231,-0.6945116798434094,0.4873613786664128,0.7364486309246097,,0.0
MYOC,85630.35454795821,0.012905460289750342,0.3152625786135987,0.07827486679749572,0.9376094094998512,0.977949329791616,1.0,0.0
SNRPA,528497.5629489021,1.3291878951329286,0.38169363884837704,3.788874320239025,0.00015133144352054957,0.0011503032403982108,0.0005057549514712878,1.0
EPB41L5,218801.6412789938,0.03559448374658638,0.5911311390159039,0.08071755773856454,0.9356665733221317,0.9765347684787306,,0.0
ZSCAN22,107502.29846022236,2.372770660798367,0.5040816336977656,5.1045482605430825,3.31585647840197e-07,4.717774146193572e-06,1.1081707762155982e-06,1.0
S100A11,1364026.1478126175,-0.3118096591690413,0.822135192020275,-0.9392916792388847,0.3475810095144072,0.6153206527880005,,0.0
TMEM241,123305.0188577456,-0.009482433897607823,0.340201178305727,-0.037970933922690055,0.9697108566785146,0.9880117093685531,,0.0
RPL7P52,254.20701303161272,-0.16261218049710924,0.16395311960784936,-1.0277597744973694,0.3040628424236935,0.5700735441935454,,0.0
KRTCAP2P1,17810.101197505766,-0.051710878566072906,0.6319456867616307,-0.14686425815456,0.8832391638151341,0.951951704449437,,0.0
HNRNPA2B1,6341843.218540666,1.9231567701034402,0.3848996272462262,3.890412147242867,0.0001000741038671791,0.0007947615150180066,0.00033445113829238637,1.0
WNT2,28976.90407629318,-0.9548297966321251,0.27372518128801204,-3.7500311158580755,0.00017681262904732236,0.0013159497309423664,0.0005909139603971087,1.0
MFSD13A,14398.074335049092,0.07123108983586834,0.8601739057963543,0.19371164403709862,0.8464016739216528,0.9372350242937326,,0.0
TOR1B,146989.88809799048,0.4838913925785602,0.26657772158406584,1.9644760696120336,0.04947490878229476,0.16537998290413655,,0.0
UNC80,1588.6118458940643,-0.5507689582999209,0.7066546525310503,-1.2971129069733898,0.19459234118478175,0.43715436431704907,,0.0
ZBTB40,215529.66347490516,-0.3448907748922664,0.46366390683260317,-0.9621218841308881,0.33598838240912043,0.6047846596998742,,0.0
ADGRL4,457641.2362279569,-0.2253993565147638,0.7110542531405593,-0.5576215787173812,0.5771028181552151,0.8007500239967564,,0.0
ARMC7,138742.71036787255,0.48399130052111744,0.6915734482348631,1.13287626712301,0.2572662177344258,0.5137095127411925,,0.0
THORLNC,1800.3802817257751,0.34100123402168164,1.0044337429267705,0.9473744247270073,0.34344801864202146,0.6106232168008824,,0.0
HERC6,128972.40204166176,0.12691387967942327,0.2709878048838454,0.5217936805696588,0.6018139901097499,0.816480313993032,,0.0
KRT8P48,9697.791153979531,-0.2528624341564842,0.2781427044051908,-1.0007716657932348,0.3169372108865952,0.5837826456877827,,0.0
ZSCAN30,97726.27894602824,-0.46486643202774414,0.3202255919048031,-1.630391046587824,0.103018875752668,0.28709613030626335,,0.0
FAF1,183286.77231755317,-0.3450652767514708,0.709023551170554,-0.8854527968869192,0.37591246753754426,0.6397346067511274,,0.0
DIPK1A,86863.12612851383,0.5464518874174311,0.4287590322576391,1.5441583559710088,0.12254997459184105,0.3221129332166601,,0.0
XDH,83261.44701918974,1.5645117878080992,0.6731738291847745,2.9529892354581677,0.003147129372471019,0.016972747393218433,0.010517815901437617,1.0
ETV3,352032.83854233974,0.38105598205004904,0.8565147998412579,0.9155102860707237,0.35992380502880483,0.6252930283821452,,0.0
ASAH1,1206188.939650531,-0.3102250131719839,0.3809164271412776,-0.8623845822678422,0.3884759218741851,0.6518227922032537,,0.0
AMH,10744.202580503703,-0.0976530448128344,0.18183316304687883,-0.5713191159541975,0.5677833460401036,0.7960443655598758,,0.0
LGALS9DP,4486.949172450911,-0.33429925524777554,0.4660614131653518,-0.9298292578437503,0.35245949515479424,0.6186933985247952,,0.0
CRAMP1,462374.39297990256,0.9930859668442849,0.27967666457304824,3.837095341208222,0.00012449814663781326,0.0009669420595789105,0.0004160771393323973,1.0
NDUFA2,143617.58663213212,-0.12214865712403003,0.6847440534812689,-0.33452899475641906,0.7379804152569254,0.8869973992281794,,0.0
BACE1-AS,23877.869206042516,0.41401211780979674,0.4193921961248434,1.2032658658055615,0.22887345365219292,0.48323257476730075,,0.0
CILP,264106.3356633168,0.11227176290079768,0.9507409096808395,0.33461367017697186,0.7379165315070051,0.8869973992281794,,0.0
SYS1,231715.8656861809,0.2752035523729948,0.3911685590298623,0.834690124861487,0.40389220318273955,0.6656889975889774,,0.0
ANKRD30A,774996.0277926241,1.230618425992022,1.0867324656537571,2.0633046615347728,0.03908369146042652,0.13764735906443587,,0.0
GALNT18,133710.58558259785,0.20661257259622706,0.4003205463415857,0.6133770777657339,0.5396270389731133,0.7757332851559378,,0.0
PPARG,1343681.6280094753,2.8286355776902394,0.18374618380853447,15.384192368451423,2.0896762391919854e-53,2.608960784631194e-50,6.983770724421408e-53,1.0
NLGN2,322317.55547544395,0.36108486284427266,0.414397862821721,1.0515460377770809,0.2930078767204275,0.5546934557777918,,0.0
COA5,56144.528595363416,-0.2982207385007406,0.8309057636403525,-0.866664326716324,0.386125956748566,0.6492636457920332,,0.0
RBM12B-AS1,3042.743037127271,-0.17941855594458767,0.4073841454817662,-0.5452001645167308,0.5856158583919422,0.8054435683859431,1.0,0.0
LRFN2,2546.757213747091,-0.5334442140833854,0.35907726546763863,-1.7170663092546856,0.08596705708186007,0.2528383292501821,,0.0
NOP53,1332517.2638612748,-0.18909412807824397,0.8479207419059278,1.051661610932833,0.29295482978698695,0.5546934557777918,0.9790652377017577,0.0
TCTN1,162779.08557747718,-0.1909046694947007,0.48834970049761595,-0.5242830338392,0.6000816955862955,0.816124179672647,,0.0
RD3,185.55201173501368,-0.22992744320703848,0.8720958493684663,-0.9776606767665014,0.32824217659898813,0.595438223732418,,0.0
TAF9BP1,1136.8043153799972,-0.6620070457426621,0.32635111594047883,-2.2718945351470454,0.023092881061621884,0.08962246512822751,,0.0
GPR79,231.24517956928122,-1.5405915370129946,0.8607499803306017,-2.6187535915336713,0.008825166929622817,0.04085275314645685,,0.0
UBE2L5,5745.20600147997,-0.2582983784913042,0.6658407861996049,-0.6638120301770446,0.5068106250246827,0.7521581757424265,,0.0
CDC42P3,406.3004742079969,-0.1505098671875305,0.629023264195363,-0.39547880376527333,0.692489561534098,0.865655286683676,,0.0
LIN7A,64034.145351893814,-0.6981278561975596,0.4535921539711538,-1.9085766556287054,0.05631672576426414,0.18298355788336704,,0.0
CNN2P9,2587.1387085678443,2.1444785050525996,0.4505491824002959,5.140885772609092,2.734462657430365e-07,3.969740264885827e-06,9.138669376539366e-07,1.0
COQ10A,44608.10381685903,-0.9467603812659657,0.7610506235118821,-1.9632320998541277,0.049619211076011575,0.1656406016802151,,0.0
GYS1,281260.60115344066,-0.603436884706373,0.2798252222960139,-2.4108739936619896,0.01591434560486434,0.06623020162557709,0.05318629692442278,0.0
RERE-AS1,2105.655726795314,-0.1370383680795803,0.3923507173321566,-0.427943296127702,0.6686924042346043,0.8528936342931533,,0.0
DPH1,362251.4452029429,-0.1335937441327408,0.41319536115360067,-0.4190923594845036,0.6751486344035937,0.8564992763010719,,0.0
LRRC37A7P,2903.2008027523707,-0.3358722967546978,0.30161315013395007,-1.2457543849434385,0.21285458072828367,0.46057009365556706,,0.0
SNX27,298608.6144116234,0.059607060595959736,0.6917110581676149,0.1275824863729404,0.8984793917032486,0.9577778466868049,,0.0
NBEAL2,505903.87064743525,-0.1452152347740585,0.49408153804841476,-0.4164647956285269,0.677069922926014,0.8565830722439108,,0.0
ESPN,89886.69490736183,0.37249570426505646,0.42356251156548586,1.0798903728497915,0.28019100080460324,0.5402601768409995,,0.0
ZFHX4,81811.17347518975,-0.1503552544038568,0.4117217565049131,-0.45775705745311224,0.6471269905733141,0.8407374383332465,1.0,0.0
HDLBP,2855274.1790215923,-0.4106633662700086,0.47761360291164584,-1.0962541780326178,0.27296755602390776,0.5318766971452967,,0.0
PICK1,147878.33538024695,-0.40402563266710856,0.4322950718843425,-1.1850339429738928,0.23600402674940413,0.4914946245148141,,0.0
C11orf52,66699.65309450497,0.04616876418903919,0.5157784950416746,0.1138262140006909,0.9093755578751068,0.9628123168197014,,0.0
MAPK8IP3,523688.0176753562,0.5589691213175928,0.634320428995494,1.2717830444845284,0.2034502149272296,0.4495709616577808,,0.0
LPCAT2,202996.4910979881,-0.3356935273097961,0.4336963674925434,-0.9558586516802176,0.3391436514500994,0.6077795774174216,,0.0
KL,43088.27647973712,0.5916610867757433,0.2814578174579486,2.2584423971079715,0.023918092001983717,0.0923796995034081,,0.0
ITGA3,610782.570520331,0.35197264351216145,0.44328990642085914,0.9811190923611435,0.3265340163430961,0.5940658934853995,,0.0
AP1M1,76531.93146925911,0.11729345488981215,0.7580272029512279,0.2861262879331387,0.774781397988808,0.9059189488579571,,0.0
GPATCH4,205433.20905167537,0.0774722817135475,0.276689161438867,0.2868831863697221,0.7742017649439699,0.9058958795993874,1.0,0.0
MIR6774,207.67669317370905,-0.20554329145452618,0.3837000813992528,-0.644713392428908,0.5191129358608355,0.7615893071941869,,0.0
ZNF470,136494.85353342723,1.9077532751626218,0.7892462003885694,3.1048208249022915,0.0019039432119743135,0.011056153954185723,0.006363044482856591,1.0
RNASEK-C17orf49,629467.8823773329,0.8236416720220462,0.5542290075321108,1.899437957446526,0.0575069167845578,0.18561786052038043,,0.0
CFAP20DC,17407.159544028862,-0.00423153310504826,0.2902677954266796,-0.03332208819132362,0.9734177397094491,0.989063721690537,,0.0
EIF2S2P1,1321.826765593381,1.1502567080844976,0.7007351600068938,2.2934163852710316,0.021824044187053797,0.08575080776565433,,0.0
EIF4G2,4189840.81904814,0.21059376688261322,0.6763759850417592,0.7340140755490386,0.46294015953552237,0.7157656831951699,,0.0
TP53BP2,274267.18068740924,-0.29561792139176035,0.2104748135273536,-1.4707126187899595,0.14136885214411143,0.3560242297567789,0.4724596243343698,0.0
LARP4P,3066.336401661837,0.05072172881997486,1.0187549128645452,0.1783485008462971,0.8584492911619046,0.940046538640037,,0.0
NDUFAF7,265588.33656707837,2.0590375569863144,0.3419674779686341,6.286010367737513,3.2572820101028693e-10,8.092968337539168e-09,1.0885949850363873e-09,1.0
C3orf22,188.0029818439579,-0.7877722695615212,0.9667173162785008,-1.7069465096639314,0.08783199501788654,0.2568021775828175,,0.0
RPAP2,110063.2176381177,-0.22413512077835748,0.39353633305201086,-0.6854317083723955,0.49307154086207916,0.7412399985145163,,0.0
KCNK2,38935.791409607424,-0.8892591399733495,1.1035005726033742,-1.8835332319945977,0.05962814061739469,0.19076421155878862,0.19927932135384985,0.0
RBM7P1,15668.565357152804,2.0734889114198145,0.38102735484522515,5.763458250397778,8.240764530642026e-09,1.6013376679387654e-07,2.7540921888551296e-08,1.0
CROCC2,3669.795055516387,-0.0625022620855214,0.8400988123046645,-0.2104742540379405,0.8332975439080736,0.9334876478862539,,0.0
PTPN14,244163.44440585194,-0.4044758249202235,0.5324331037777805,-1.063299426196866,0.28764618531799246,0.5490924307507739,0.9613235631142815,0.0
LINC01987,330.10926709931147,1.2746711102969313,0.26653904246525933,5.03380097879306,4.808488927043718e-07,6.5790667675770764e-06,1.607013735791786e-06,1.0
TRPM2,51160.58307664503,-1.8945714881809022,0.5737884040102945,-3.8529810761328482,0.00011668841205272798,0.000911959201551367,0.0003899767345242776,1.0
CCDC32,150498.082119544,0.025249294968422833,0.6551414671423456,0.09386449157477418,0.9252168008820981,0.9709725762132594,,0.0
MAN1C1,98928.43889009174,-0.12448168719922265,0.4691165892955224,-0.3545608454972749,0.7229186134767278,0.8786214542961253,,0.0
FANCD2OS,6372.965398066199,-0.24914709574281055,0.6314793908045727,-0.6427848866647544,0.5203636911083473,0.7619818605582005,,0.0
TTC39B,211358.70513938414,0.22895103511929443,0.9579830247242505,0.6956770607218599,0.4866310944666159,0.7364486309246097,,0.0
SUSD2,226067.88365268213,0.2173434202134208,0.3446731790749249,0.6627941255411987,0.5074624164763798,0.7524546638607603,,0.0
KRT18P60,2643.4833476605595,1.5768916653510452,0.4890433782325793,3.67833643439766,0.00023476016622626673,0.0017090266328483616,0.0007845766465647588,1.0
SEC24B-AS1,4913.619441748692,0.46002119506923456,0.2551465532985657,1.9373220480712068,0.05270598875863524,0.17408314011946058,,0.0
MAPK13,278124.8257364922,-1.2347288278458626,0.2760384147381135,-4.774341703951267,1.8029603180894026e-06,2.1854181086181374e-05,6.025556136693699e-06,1.0
USP50,12881.395318764053,0.05990149439608188,0.30081088688675256,0.21963243653434308,0.8261574274618172,0.9293862591002349,,0.0
HNRNPA1P7,1005352.4311772216,0.33435926890430284,0.4024960676921485,0.9491060442876691,0.3425666805820132,0.6101205430907896,,0.0
TICAM1,127155.60927180962,-0.49516483928416893,0.8091296101136783,-1.2254973444669972,0.22038789001691816,0.4695910050724543,,0.0
COX20P1,13879.910662073433,0.3197582889696563,0.365120735297212,1.02408531157913,0.30579498152947326,0.572481427749972,,0.0
ADGRD1,119437.2657516222,0.29365983332788886,0.28451834542274795,1.1407106036557524,0.2539903724765804,0.5110507333392597,,0.0
MRPL2,109676.22058062306,-1.9057465464330472,0.4556557386600038,-4.610177709548187,4.023249078930015e-06,4.576204290582535e-05,1.3445838454549909e-05,1.0
SIPA1L2,312569.49977429723,-0.26293622077282225,0.5195221356112986,-0.697154055873406,0.4857063880631113,0.7363080023593725,,0.0
DTNB,93512.47271718747,-1.6688540956746751,0.36177332457451344,-4.965981156801034,6.83545920800009e-07,9.103008875933987e-06,2.284434258737915e-06,1.0
GCATP1,785.2674126859341,-0.2353594852463032,0.3088055303027919,-0.8566763422636522,0.3916237814768343,0.6534477663532611,,0.0
ADI1,1705798.9714118105,2.251780245693011,0.46893777800536735,5.128981451985878,2.91314040509306e-07,4.216876284937606e-06,9.735816628266165e-07,1.0
CACTIN,123691.37857838822,0.10019260146806297,1.0134117405460512,-0.9370600411245715,0.3487276743047487,0.6158224913288243,,0.0
NFKBIB,99141.74968164545,-0.7958253305329968,0.400044658985675,-2.364624682482033,0.018048351018442793,0.07321971160528294,,0.0
MTHFD2P1,390.0232509101375,-0.527587229765494,0.2938374807528761,-1.9794532734245165,0.047764995577027826,0.16114256900374185,0.15963227772161978,0.0
PML,483299.41343639966,0.8441919700065996,1.037827526932418,1.7040195582951119,0.0883774333829647,0.2576514315904995,,0.0
C9orf43,12844.303768645981,0.4379574893014358,0.2490094919898058,1.8685877522755394,0.061680191053329274,0.1964482615563306,,0.0
RRM2,247841.0279562403,0.4660852970001028,0.8867696846580503,1.134366951992776,0.2566406556163826,0.5132813112327652,,0.0
SERAC1,62708.930913678196,0.36919308273412504,0.2891722095847762,1.3969189529398798,0.16243794447961146,0.39033823280066443,,0.0
HMGA2,16023.298108157062,1.800618038432768,0.3853790089919746,5.007132648102248,5.524685504783789e-07,7.497358535568e-06,1.8463691248584641e-06,1.0
CLPTM1L,1121841.9531547928,1.145772490044686,0.274548526574288,4.382062367984547,1.1756114278656312e-05,0.0001162574944705141,3.9289343101292483e-05,1.0
SERTAD2,981019.3067622014,2.5877030246805224,0.3220824792564561,8.2881105127486,1.1506164816990651e-16,7.094047789635965e-15,3.845400330069232e-16,1.0
INVS,45223.68811184536,0.5133064839392287,1.433075129318885,0.8477955561106223,0.39655183839064345,0.6581521704629024,1.0,0.0
BRD4,2132564.5783322495,2.126236364145883,0.5245961335513121,4.495048819369956,6.955398767047001e-06,7.328114228403528e-05,2.3245184768317053e-05,1.0
RIIAD1,2110.5485687982105,-0.23648453072774245,0.7485377617345669,-0.6360258250137157,0.524759589792182,0.7647759187976587,,0.0
KLHDC3,497733.2306332658,-0.4417885461464664,0.1957247215867993,-2.3983954976740924,0.01646707451537805,0.06805607253136373,0.0550335361815814,0.0
TRIM54,6590.57234951287,1.8806878147603052,0.7299937357230339,3.2156452141225147,0.0013015162801899615,0.00794593191108639,0.004349712708827629,1.0
ASNSD1,237662.98484131735,0.0627087833040012,0.2073155874495425,0.27800509604118095,0.7810084468264973,0.9078312190985985,,0.0
SORCS2,54901.68287578918,-0.03007213691122264,0.6531480393103807,-0.09106041042211331,0.9274445898081478,0.972016428436913,,0.0
DMAC2,146456.5002442331,-1.2293080640980285,0.40630918689351403,-3.424259873578731,0.0006164763842503314,0.0040723320938441205,0.0020602855331739657,1.0
LARP6,142755.72525481932,-0.05474890628242164,0.26208294442714375,-0.2387664575566737,0.8112866810226912,0.9221857987955306,,0.0
RPS27AP11,80796.34321187212,2.4367709721767854,0.8377872430557096,1.368475045487563,0.17116342793453077,0.40358364452551776,,0.0
DHX37,205635.85593665479,0.195148748623806,0.5943843752773089,0.4895879880424073,0.6244254781131869,0.8286954126221779,,0.0
TENM2,5846.529353892317,-0.12310171468461736,0.8191070842050358,-0.38557393915564214,0.6998122370643391,0.8690634426759398,,0.0
SNORD45A,1142.4438596537098,0.4771513614692155,0.7013323645755486,1.135628632300354,0.25611202053775806,0.5126648425493777,,0.0
LINC01423,39.57072429823737,0.19198878692672686,1.1883452655412132,-0.24239874794544652,0.8084712044482396,0.9221857987955306,,0.0
UST,83032.1189554219,0.013078282711374352,0.3409021613413713,0.02142134380889931,0.9829095475738515,0.9930308555062137,,0.0
HAUS4P1,140.51976945200227,-0.2437493625987039,0.3603750820575268,-0.7948559131478603,0.42669732198681487,0.6857543406944736,1.0,0.0
JMJD6,289588.90027316444,1.362828955360857,0.33393472342550445,4.373741535776796,1.2213497288299972e-05,0.00012006733357828751,4.081793303914442e-05,1.0
NOP53-AS1,1813.5896672288152,-1.018742478938849,0.8125245328619403,-2.024266397754896,0.04294274904639846,0.14779882063246996,,0.0
MFAP1,160783.52047783183,0.7230449854698896,0.6094412102244379,1.6191753514217788,0.1054095398017957,0.2914813077354196,,0.0
PNPLA1,327.92161454133014,-2.01873299419955,0.2531694722539795,-8.193786517544716,2.5313387199152415e-16,1.4872359490890255e-14,8.459822107454351e-16,1.0
MS4A2,29451.682685406086,1.9557259827132345,0.28521480754615197,7.086569043593273,1.3747764374863787e-12,5.0856544657829445e-11,4.594550704397248e-12,1.0
ZNF530,85677.16873346917,2.282868052367841,0.3361551747556478,7.047749319770489,1.8183483424462172e-12,6.677082075129712e-11,6.07698344968806e-12,1.0
U2AF2,2555800.945458936,2.2897921388965417,0.24776591564154718,9.456067172825954,3.1974352309857654e-21,3.713486405475096e-19,1.0685939831534088e-20,1.0
SSRP1,538063.5778115188,-0.2813206841108333,0.7519971507821919,-0.7583444230517514,0.44824481979912123,0.704081560840695,,0.0
SLF2,173508.24646306311,-0.42625110727624976,0.467414565571349,-1.1718495194993468,0.24125747724941315,0.4959928791290631,,0.0
DHCR7,608530.3248758784,0.7557572593730594,0.6256278172597711,1.6565748439395378,0.09760546179761173,0.277112948389581,,0.0
FIGNL2,11811.237664094884,0.4542499532657309,0.7499167745498505,1.070428821332876,0.28442633199093315,0.5450595172535381,,0.0
EFNB2,223984.71028375212,0.0969320922898539,0.45262853557276506,0.23428884297079722,0.8147607469332145,0.9245194289613985,,0.0
API5P2,1175.7669969642016,0.05058318883782814,0.3301740955698381,0.17464077229124939,0.8613619092223118,0.942203088401888,,0.0
ZNF239,80789.34811524399,0.9103891348427865,0.3645312763300207,2.794055456231223,0.005205155156499706,0.026230620435478844,0.017395809703081012,1.0
DENND5A,36572.27741746261,-0.1492795273373927,0.8670372526468353,-0.5579943675679795,0.5768482303082655,0.8006614958753412,,0.0
UQCC1,182773.38273172718,0.1774299966668375,0.4190796705374267,0.5583981636912958,0.5765725264775263,0.8006614958753412,,0.0
CACNA1S,911.6456083338584,-0.5162297810116878,0.6435243693540266,-1.2426621091814893,0.213992372221806,0.46203108814340643,,0.0
GAREM2,76090.74175581207,0.26021321112963,0.9012461551331733,0.7115990241339741,0.47671311151067897,0.727641120799326,,0.0
MIR3606,3271.2928458666875,-0.1607212985049478,0.6927557684354203,-0.429585411025986,0.6674972513628183,0.8525527553212059,,0.0
ALOX15,8174.267517857105,0.2456733911957977,0.5824065378196084,0.6243534980064003,0.5323954572449994,0.7703357442289875,,0.0
OSTF1P1,688.1050225314655,-0.08321268339487274,0.6839558392055455,-0.22692034227063987,0.8204856837842983,0.9267366224438544,,0.0
PSMC1P9,27963.228622771312,0.7584859006134653,1.0413156681105655,1.6490774981157628,0.09913175888152802,0.27938149201712803,,0.0
MCM4,373754.75634861767,-0.021676679681488592,0.8874379182806095,-0.08256616641872044,0.934196504672015,0.9756121589987542,,0.0
BRINP1,16423.415041938613,-0.044325717055651484,0.2651146044086886,-0.18580727284057522,0.8525959009525442,0.9395321409924882,,0.0
LINC01556,771.5054186739492,0.4320853688787403,0.9811027082553786,1.1190334145158356,0.2631258841465224,0.5193482590775665,,0.0
POLR1G,258199.856365792,1.3650906943399816,0.5696369222533296,2.891390903848349,0.0038354072981557413,0.020162130575778706,0.012818064685201885,1.0
RN7SL558P,139.26631884754408,0.19667719342458823,0.7395338193086953,-1.2805730252781191,0.20034367976489342,0.44546586676129907,0.6695555509143994,0.0
DHH,3721.4164620583642,2.128015771177602,0.7971750812137767,3.3350817656872453,0.0008527432135545306,0.005452752379630379,0.0028498975001859245,1.0
SGCA,23500.41151534411,1.0030534346377404,0.36075639169848367,3.0974682355504086,0.001951813124769601,0.011281660584605772,0.0065230273975733725,1.0
GPR4,144568.95814187813,-1.1036183833947177,0.6479254519140267,-2.326859168789428,0.01997276200281442,0.07935081419415689,0.0667496657831676,0.0
SOAT1,280453.018706587,-0.19111162188016162,0.5974878312152884,-0.4993825892959187,0.6175098823367564,0.8252340114008618,,0.0
MAP3K2-DT,5932.260765103455,-0.16736550476585427,0.2622799512828968,-0.7044033200688513,0.4811816389921073,0.7317482521223717,,0.0
MCAM,1420530.7208564137,-0.11993806791691247,0.7117260157884566,-0.3338078019125835,0.7385245957266083,0.8870110223806354,,0.0
DENND10,80571.80172194066,0.06778943174154697,0.4955887055468926,0.17920898741841387,0.8577736070284789,0.9398247901492374,,0.0
STK31,4939.955123027729,0.0788475904955258,0.8073576087716886,0.2065612870121927,0.8363524966492168,0.9335593134256123,,0.0
C15orf62,16344.51163534579,-0.3592623101918667,0.20393394065691886,-1.842889402085404,0.0653451599549799,0.2068021095153166,,0.0
FCF1P1,444.1265196296516,0.794152721990904,1.003415350357086,-0.03426679698837387,0.9726644014770421,0.9887005945402704,,0.0
POU2F1,116501.85049749112,-0.042503947546377804,0.8371283964958401,-0.153609514099417,0.8779176348144483,0.9496037834661802,,0.0
PPP2R2C,71612.5813705821,0.28555549281440473,0.35694998814819884,0.9254004197376584,0.35475766057180436,0.6206595494191749,,0.0
SETP22,179.02762490181152,-0.7473535492064507,0.3730734334522751,-2.303548813496368,0.021247984018846457,0.08379849191050329,,0.0
DENND4C,271309.57293742907,-0.041794699995459525,0.6603723491365631,-0.1382583362191787,0.8900362520917058,0.9554688398422138,,0.0
YARS1,397422.94855915545,-0.20413694408083988,0.5793989523052038,-0.5402139990259832,0.5890494595265113,0.8079409505288101,,0.0
NOVA1,277023.58565170865,0.5723581535856086,0.5773179270889812,1.3581371230341575,0.1744201775796803,0.4085620857565307,,0.0
LINC01094,8712.885449182848,-0.19079821073733272,0.39669266128910785,-0.5902506922492486,0.5550225912356993,0.7861696792976124,,0.0
GSEC,14645.215142958255,-0.15291403638641227,0.21104545162971852,-0.7645424634448449,0.44454404170746853,0.7018820563664553,,0.0
TRIB2,326840.08611862257,-0.10671090855418748,0.41371431515542034,-0.35287606572163777,0.7241813548230165,0.8790917013903352,,0.0
TEX261,1120280.4563217326,1.5476469863578972,0.24489928930934085,6.42757922952284,1.2965202425712397e-10,3.425831794391942e-09,4.333015777214324e-10,1.0
UCP3,7544.466832572869,-1.0696650010583109,0.4240707656144413,-2.924104141664944,0.003454491519845741,0.018411665581760547,0.0115450308959771,1.0
DND1,9031.523346252814,-0.6361516258386715,1.1961719974031948,-0.5971536713208504,0.5504047871344644,0.7834423529098238,1.0,0.0
WEE2-AS1,5148.321448001649,-0.43132527317964076,0.8854891640642998,-1.186500744472297,0.23542460765238782,0.49107440680725184,,0.0
IGSF23,471.04665012229646,-0.7284530499821606,0.8068463920102384,-1.5986597088825114,0.10989623476649728,0.2999189695491729,,0.0
CALB2,246323.3383638999,-0.00907926045012687,0.8456572232001814,-0.06776895723853486,0.9459695554669869,0.9817614451328994,,0.0
NTRK2,621771.7978706254,-0.19456236931274495,0.6989762755425121,-0.516687472867117,0.6053743422712334,0.8184425357097533,,0.0
DES,289959.51456205046,0.10035147914704155,0.9389047743110569,0.29519383822589307,0.7678458087684197,0.9039655749621612,,0.0
ACTG2,414883.2230943291,-1.430401310504136,0.3036938068311941,-5.058009468104943,4.236554052802621e-07,5.84457208278903e-06,1.4158711101501665e-06,1.0
RPS3AP2,329.5259216906924,0.2381043944136528,0.882454335040708,0.6535756437412306,0.5133852402826607,0.7574138522811249,,0.0
SRRM1,891234.783837124,0.030407963565473862,0.6261005313287192,0.03736665731863707,0.9701926576998045,0.9881356342138062,,0.0
KLHL31,39394.987113636635,0.1408501393777508,0.525105649430924,0.368904417059275,0.7121989708775376,0.8740585879992542,,0.0
NOS3,100359.38634462345,-0.22580968566489523,0.5770716814678393,-0.5947726971859452,0.5519954202786668,0.7842575046576562,,0.0
EMP1,3280844.5602272293,-0.0327485894925075,0.9346579246956097,2.9066769575475977,0.003652902212807423,0.01934527428500559,0.01220812633771584,1.0
ADGRB2,77039.65021373285,0.048355973880691544,0.48509225598201444,0.13523590215761722,0.8924253620016244,0.9566924669895673,,0.0
CACNG7,271.71906782811266,1.1197816756980723,0.4471592733190235,2.9186142642839252,0.0035159099227423636,0.018719034279504655,0.0117502933361798,1.0
ODC1,634787.1455173206,2.5668995391752802,0.7848362260173932,3.8559374459929048,0.00011528696825111914,0.0009024186825173808,0.0003852930605608018,1.0
CTSC,536864.6191486805,0.15069341771861178,0.4581853662071756,0.3795045213604763,0.7043132474020104,0.8712700276677658,,0.0
ABLIM3,686676.2722121722,-0.5478671248221835,0.5100324531679027,-1.4613914211656303,0.14390805365626913,0.35955483752891404,,0.0
LENG8,1656866.905279038,-1.8480347551100804,0.37944046871399517,-5.307945122742436,1.1086800809098247e-07,1.7521355455897672e-06,3.7052474189978283e-07,1.0
INTS7,166188.10591446425,-0.11412114598339063,0.4723126560681709,-0.3189744125304395,0.7497459159235735,0.893611242033968,,0.0
MTSS2,413956.4309937103,0.12912694430932595,0.47313924367224475,0.3173148579325891,0.7510047044752947,0.8942578669884649,,0.0
SLC44A3,57217.81258908104,0.060756235251761374,0.5723684420498918,0.14774798254902277,0.8825416625607935,0.951951704449437,,0.0
MINDY1,248133.87023165566,0.17356957962360592,0.46917636877237573,0.4278961019371166,0.668726765221436,0.8528936342931533,,0.0
PM20D1,2579.2800953607143,0.3692959697348375,0.7613793675525092,0.909043724980917,0.363327045776085,0.628056513189951,,0.0
LSS,423680.86496237025,-1.1103396042426534,0.5447108372227506,-2.5758457396278573,0.009999524687105467,0.0451611561360114,0.03341875954666506,1.0
RNU6-1262P,338.0260048157135,0.11448840503264064,0.42796723498736317,0.33200500955821177,0.7398854762859115,0.8877914628956852,,0.0
NECAB2,3695.2673689791054,-0.03976061161727793,0.22378359601192024,-0.18703657423641817,0.8516319568230832,0.9395046682540119,,0.0
PSMA6,1879563.3598061302,3.178523130807623,0.3553062116200764,9.164654863424929,4.970577450477508e-20,4.773666113016284e-18,1.661184284486894e-19,1.0
NACA,2693314.9655073225,-0.822439430670868,0.21346763753877518,-4.003778179201974,6.23388200563657e-05,0.0005188667789358172,0.00020833850638650195,1.0
CZIB,281322.3083755742,0.38530313751559686,0.7576044882556138,0.9508900763356284,0.34166017992569486,0.6098109144206291,,0.0
RNF31,315122.95629325876,-0.014601513898368557,0.5328150777617436,-0.02185891318017506,0.9825604994693526,0.9930308555062137,,0.0
DGKB,1808.3106721353943,-0.12001650608809729,0.7816147452924043,-0.34986541544813576,0.7264397031352118,0.8801047306640328,,0.0
PKDREJ,2679.880681510365,0.1373928721202012,0.34072087450656624,0.46102649888957087,0.6447795935870569,0.8396425789762092,,0.0
COL20A1,825.0824644428318,0.19155584463127998,0.7323192830463298,0.4881411350898629,0.6254498761115623,0.8293616198211602,,0.0
ATE1,264316.7593904767,-0.11017208540359326,0.6274515608180296,-0.3009861145498998,0.7634250828460032,0.9012056435581932,,0.0
LINC00398,788.7648490972108,0.22850511863608458,0.22703262184572431,1.076404961680743,0.2817461843170559,0.5417945492796985,,0.0
RAD54L,31598.004007611424,0.31571179890152357,0.6544521141020843,0.7793850575609828,0.43575292327648596,0.6946746810747039,,0.0
WRAP73,193587.06126882075,0.07873037856884693,0.4436027726513532,0.22188072662094716,0.8244067345159325,0.9287039416556327,,0.0
TRIQK,200793.34427682034,0.07604355173335389,0.34871503070616505,0.23986185951766262,0.8104373494716719,0.9221857987955306,,0.0
DNHD1,175506.63357349008,0.2907166789687017,0.37923946745937237,0.8592795089244287,0.39018632651423746,0.6521387264431399,,0.0
ZFP69,20133.725385521288,-0.8380366952906195,1.0767262803626412,-1.8217100813416183,0.06849898747757259,0.21366892158838072,,0.0
COG2,232648.75322588673,0.5237804807050913,0.5412100100590913,1.3126309927998263,0.18930732085359436,0.4302994055707606,,0.0
MIR4653,347.0316592554981,-1.2819887108775299,0.3404895558790454,-4.091759961217682,4.281116690572609e-05,0.00036798445357520844,0.00014307640987971243,1.0
ALG1L15P,9673.55451377141,0.3362333925117002,1.2548830021895048,-0.022287796182958675,0.982218383700859,0.9929551838465768,1.0,0.0
RAD17,165256.02040208218,0.41625372672284033,0.5077638226400686,1.0677735323461661,0.28562267991685863,0.5469323863131871,,0.0
MIR6756,990.276324573208,0.3790401502537347,0.2846578877601066,1.463259606439014,0.1433963561433518,0.35931831539382786,,0.0
PCDHB9,29024.50678111458,-0.20614157719671922,0.5961998352658109,-0.540542790566214,0.5888227593869779,0.8079409505288101,,0.0
KLHL7,276599.841861912,1.5074834261818353,0.250697440003524,6.241016294805738,4.347369517666302e-10,1.0642531064326232e-08,1.4529060242106992e-09,1.0
KCND2,18936.635413332722,-0.8295719823196055,0.5288026248413962,-2.029278570606642,0.04242992471525256,0.14643748723425798,0.14180228520967605,0.0
ERMARD,95461.92349273342,-0.14270320023044716,0.6077990075037548,-0.3790643987999639,0.7046400425527837,0.8712700276677658,,0.0
LMAN2,584290.2236896211,-0.21199811740255367,0.5583557233148047,-0.5594603727032214,0.5758475685343456,0.7999569143697983,,0.0
COX5BP7,201.5628517063721,-0.16987222438459887,0.8706087664434612,-0.6312178309439278,0.527898104685854,0.7670419362237866,,0.0
NPFF,4920.808772599011,0.18901004243385727,0.9010632497105758,0.5315841708043492,0.595014030452,0.8118870252456089,,0.0
LINC01630,282.7971350358822,0.21764891082564614,0.6734407524092464,0.5497085624246097,0.5825192830464496,0.8033972105865698,,0.0
CLEC17A,1911.327803527975,0.24726803292602814,0.4474569720177242,0.6991546211838259,0.48445540634506745,0.7349241492367153,,0.0
HOXA3,76205.37748172497,1.3410806549203083,0.6714505738377736,2.618957622178923,0.008819890358294656,0.04085275314645685,,0.0
APBB3,188371.97411031023,0.11543237797235298,0.3963509826016436,0.34665659166016377,0.7288493250560351,0.8818506134435786,,0.0
IQCA1,39995.043382728676,0.20741267818210266,0.984472561539679,0.6167649986694652,0.5373897416403755,0.7748216140964913,,0.0
MIR877,925.3965852887065,0.8424329511458714,1.219119748012486,1.8180187325894352,0.06906126970946726,0.2151540741915655,,0.0
CLEC19A,1321.6976668945674,1.7994602301621634,0.8030201363287143,2.954598490695474,0.0031307620444561268,0.016902730432447458,0.010463115721532424,1.0
MELK,53614.37362233307,-0.21667717111199244,0.6673018175790066,-0.5670209874690487,0.5706999226803803,0.7972290556986155,,0.0
CORO2B,44109.90333356691,0.14544208571658399,0.69484945963937,0.3629603448157616,0.7166345073862841,0.8756723097350386,,0.0
CDK15,12778.408597847741,0.3336087025746891,0.5253938597681257,0.8691490789880727,0.3847655951759964,0.6476571882505082,,0.0
CYP3A43,339.1600519697878,-0.4874424445559656,0.6119037544973174,-1.1931920543203371,0.23279416578428336,0.48704401505098915,,0.0
TEX14,14956.706910802273,0.19334037350574082,0.8440519689492743,0.5224171082144795,0.6013799467980192,0.8163336380291677,,0.0
ITIH4,33769.961662824455,-0.13091413978669766,0.8551923643233937,-0.021018675473318288,0.9832307580928735,0.9930308555062137,1.0,0.0
ETV3L,2906.513472960117,1.157053589653458,0.9395369669931363,2.117428739094923,0.034223477261075726,0.12375962740174669,0.11437605218510782,0.0
SP7,6214.909526868844,0.13083570852553042,0.4241355668305434,0.38007508436756027,0.703889680238248,0.8711834109317995,,0.0
LINC01393,2102.834763758687,2.293252072392606,0.5253730493134926,4.795960580556591,1.6189711812933945e-06,1.9914143052658155e-05,5.410658037615742e-06,1.0
NAGLU,12373.91386773978,3.7495314133982998,1.4374916442450325,1.0815722063119242,0.27944266004827223,0.5394420735527915,0.9339070961318764,0.0
WASHC5-AS1,21399.732099385732,-0.49501149538125494,0.46038354145148414,-1.3628852777068898,0.1729186692797291,0.4065705434948056,0.5779002113210758,0.0
LINC01985,1489.8186614642032,0.7197467487688298,0.6131186655224984,1.6685312882125414,0.09521030616989705,0.2727941876147251,,0.0
ST7-OT4,1373.3192252237593,-0.2916571965413799,0.5504078333331199,-0.7623829344679235,0.4458314885323357,0.7020540559649046,,0.0
MBOAT2,253758.7777081802,-0.02489627069019571,0.8443637809352929,-0.025642282447185645,0.9795426606305091,0.9912535050027887,,0.0
NXPH3,50158.985028119685,-1.9070863710742738,0.5204222766990367,-4.154101180156773,3.265686583224883e-05,0.0002886520140995587,0.00010914038226266292,1.0
CALHM1,620.7767712213806,0.05163894310379674,0.9554126429275919,-0.3686098972606299,0.7124185173550124,0.8740585879992542,,0.0
PSME2P3,7619.8311809971565,0.05200599424621708,0.4070408082604937,0.14897421143562173,0.8815739821569878,0.9517035164055332,,0.0
TAS2R13,1040.611087129338,1.7104526408341063,0.6135471962894927,3.3459869640538926,0.0008199025025767357,0.005262973133506707,0.002740142701047953,1.0
BTN2A3P,52739.272069654326,1.137777436780145,0.349377863221151,3.578253398613023,0.0003458980152424485,0.002446230915060886,0.0011560032062286113,1.0
C22orf23,42915.87191038854,-0.053609001478482424,0.8224695855412184,-0.18126057039345356,0.8561630535940347,0.9396657033762604,,0.0
TAGLN2P1,179172.06772586686,-0.16213558699044572,0.4428174191620875,-0.4640885177244138,0.6425843279367416,0.8380950989073093,1.0,0.0
TUBAP12,485.06207319171483,0.4737532362620443,0.6876747485558019,1.1328972359170197,0.2572574109024208,0.5137095127411925,,0.0
SNHG28,27325.36322509245,-0.342766738555762,0.5943977360759786,-0.8765496680047992,0.3807312875964449,0.6450019456878474,,0.0
SEMA3G,727594.0933327178,-0.07704836185462421,0.22982180403847835,-0.42750798360699405,0.6690093714163649,0.8528936342931533,,0.0
RNF148,600.7411332085277,-1.0097511913135868,0.46051042136322734,-2.6175539381154693,0.008856249039426552,0.04094374709004627,0.029597892539395435,1.0
UBN2,98349.09735322837,-1.0971333222716693,0.49396148255747224,-2.692652271551967,0.0070886157673426585,0.03441426006927499,0.02369040062004143,1.0
RPL41P5,982939.1167924989,2.307287868144157,0.7243155276663429,3.744281093245737,0.00018091102736601412,0.0013404594520265202,0.0006046109502265786,1.0
TMEM135,199123.33783627616,-0.12255925722679847,0.2821316389313076,-0.49627304425542257,0.6197017818006016,0.826628272797782,,0.0
CCT7P1,371.53720425347734,-0.47275151166858126,0.485305706825857,-1.2676760618659553,0.2049136568042902,0.4512075846916337,,0.0
CDC73,231635.0967019503,-0.387363193244636,0.19256302436247388,-2.1106231485560585,0.03480471635176099,0.1251097658093694,0.11631857345672196,0.0
STAU2,225089.95061421045,-0.24308572686967647,0.5449319747361945,-0.6499553540330718,0.5157210608567504,0.7593824852208176,,0.0
FBXO22,164596.29139512108,-0.2391960721570348,0.7756801044354332,-0.6607621824547313,0.5087648388681354,0.7539381618123051,,0.0
CCDC40,89083.44730239423,0.6800545512666601,0.2518527835105073,2.8758124696002496,0.004029890557481421,0.021051541259479306,0.01346803450703128,1.0
LPIN1,172001.11482469918,-0.5073291168691733,0.9304391581348836,-1.3802064179551357,0.16752309850061042,0.39928675943146336,,0.0
UBE2I,1064526.9473780855,1.5875271932919686,0.5381446623627228,3.4608896609870885,0.0005383934343571155,0.0036236345164143324,0.0017993295968842555,1.0
MAL2-AS1,70937.69157177824,-0.46099312267305653,0.7991641930524657,-1.1607489784875873,0.2457439973805302,0.5013257855058691,,0.0
MFNG,100103.76077252711,0.17579032505446104,0.5269587340623576,0.4561267935240532,0.6482988040389595,0.8411546446792838,,0.0
FOXI2,2815.6780384864032,0.18267746546949964,0.44857243239947736,0.5147974820492889,0.6066945450662002,0.8185753813320451,,0.0
RIPK2,129948.83402735603,-0.6711489499141172,0.2361099636214992,-3.0613596971688475,0.002203342267518588,0.012558464029485149,0.007363646547336219,1.0
RTN3,2722658.2263955176,-0.4107499933787329,0.953045054149145,-1.8044710649235067,0.07115749123572311,0.22017379878017423,,0.0
STX8,93531.20761186277,-0.2820822517765181,0.6980353338703782,-0.7322380696877624,0.4640232717880136,0.716774580670999,,0.0
EPHA5-AS1,190.2998007302216,-0.11834367639984869,0.5841231752228436,-0.31387936319707116,0.7536126646658052,0.8952521041832213,,0.0
BHMT,4413.442207688948,-0.9016386842789749,1.2343522081578537,-1.9507472106773307,0.05108712430130829,0.1697431584448187,,0.0
C12orf60,1309518.8966259067,-0.5965887306472963,0.4977594261710823,-1.632561545197202,0.10256124450873598,0.2863000866834139,0.34276324888361365,0.0
GRIK1-AS1,7586.1660794811905,1.132413838550684,0.6707974243948106,2.3033341449425127,0.02126004991001355,0.08379849191050329,,0.0
CACNA2D4,21240.62775009778,0.2728638502477907,1.1589478793501666,0.8860499711251213,0.375590600087775,0.6396161823677262,,0.0
PLEKHG6,65073.690617376895,-0.45744769006572655,0.8925038166486757,-1.243663047232857,0.21362360155087223,0.46163403987237384,,0.0
H2BC13,4228.801652913872,1.5357483759019503,1.181307470376403,2.3855773917204077,0.01705233403556965,0.07009000508118093,,0.0
SNORA16B,573.5298207589416,-0.017831122356633183,0.909289825814497,-0.0797638114362851,0.9364251068734036,0.9769181081524501,,0.0
FAM237B,4608.194771699215,1.5896735444313703,0.3637604712481314,4.709399020432277,2.484482647048004e-06,2.919413256319466e-05,8.303227481064715e-06,1.0
RN7SKP161,1485.9982889524806,2.1024892833615807,0.44003879463238366,5.156137215498008,2.5209619152070677e-07,3.6704617505959463e-06,8.425142464945709e-07,1.0
ORMDL2,175570.78096820318,-0.04449104202196946,0.8370307228429892,-0.16296566250852856,0.8705454705476098,0.945109582590166,,0.0
MIA3,606515.7416494258,-0.3639601325789202,0.5651416261637107,-0.9347453641037267,0.3499195423321487,0.6168366376303391,,0.0
ITGB6,245722.7566745961,-0.6774162308512496,0.5782490361766857,-1.6500157776126052,0.09893970911657442,0.27908843857807614,,0.0
ANKRD27,232734.92505554174,0.6771813448245713,0.8825132586148169,1.516969459323066,0.12927439502347546,0.33564626673069525,,0.0
LY6E-DT,10839.74193652066,0.09579505181058436,0.700539858133796,0.23918754650919719,0.8109601588891784,0.9221857987955306,,0.0
CDH3,250626.24410206886,-0.7998641983052495,0.7702609489079947,-1.7501292310668073,0.0800960168291553,0.23966417498190629,,0.0
ASIC4,1354.929866536445,0.22689385340938872,0.20565758275110707,1.163844189849611,0.24448716030445028,0.5008075793931193,,0.0
RNU6-817P,207.8570606944532,0.18195055761905657,0.5392057362376073,0.4766508437090539,0.6336107718281812,0.83209989978407,,0.0
RHOA,2839719.807262706,0.11147788140488112,0.24195466126644544,0.2979767304491012,0.7657209237486577,0.9021019799954699,,0.0
MTCL1,68667.40164338634,0.06714917239530935,0.3469286515561189,0.2264741389930482,0.8208326708302048,0.9267366224438544,,0.0
PSMG2,278694.7142900735,0.2647153721051898,0.37786062367037193,0.7727616498254196,0.4396634535960765,0.6984011557063114,,0.0
HMOX2,329505.08501089975,-0.17321942357957032,0.27692821546019764,-0.7220222999486713,0.47028076728322776,0.7228630815058293,1.0,0.0
DGUOK-AS1,30674.955405231216,0.03847620367147084,0.8805462969550137,0.09843870544391224,0.9215839414129056,0.9689242533507474,,0.0
ETF1,771475.0175231762,-0.17768810588988634,0.24338604414641507,-0.8228271698069652,0.41060628367536345,0.6699696333806501,,0.0
CCDC196,1093.1355321357134,-0.15104154581663026,0.6634133164490927,-0.3998046967412587,0.6893003711144048,0.8637670724384124,,0.0
DCAF1,301251.08270466607,-0.012228580517504981,0.2136969632167935,-0.10479289366616854,0.9165401490348394,0.9661370906523088,,0.0
RGS17,9084.179238823232,-2.8183269493931604,0.7172424619174298,-4.489140314390567,7.151118389760767e-06,7.502664966064132e-05,2.389928655962216e-05,1.0
SF3B1,1184566.7105873907,-0.6337203233831875,0.9112203961567213,-1.6985044236833569,0.08941259847976922,0.25915642298779307,,0.0
STMN2,10671.86486691868,-0.10907112299124114,0.48995583267315757,-0.3019645252927423,0.7626791060529918,0.9008560680294799,,0.0
CCDC68,27079.828265979966,0.38576744179787176,0.4301556013654008,1.099719801964082,0.27145422421150756,0.5312078353104501,,0.0
SRP54,1015583.3294243707,0.89021032968722,0.7741545295325101,1.7619329648516224,0.07808062418134844,0.23546777606380076,,0.0
BCAS4,367681.26955766656,0.6031128681210411,0.7578018326421404,1.4040991456346223,0.1602893280057911,0.38614804826865445,,0.0
ITGB1-DT,459.41238718085316,-1.8776000123946792,0.20436223413477786,-9.372707781839487,7.06951401254308e-21,7.845589550808919e-19,2.3626561890647656e-20,1.0
LINC01829,810.9437199630263,0.9634798184840675,0.9594546164895373,1.8960634298553303,0.05795165759079998,0.18623589318433406,,0.0
ZNF263,654470.400941066,0.809323913872821,0.853710052445367,1.7263771013333395,0.084279592604011,0.24919614296295495,,0.0
HMMR,54202.3695553064,0.3160776802481018,0.4221986285897685,0.9151899426785459,0.36009192355634423,0.6252930283821452,,0.0
LINC00877,995.650932358502,-0.2605590738681387,0.22070732329588327,-1.253408905154076,0.21005693227904076,0.45727837194357307,,0.0
TMEM30A-DT,2269.644720114186,-0.5817137033148653,0.6647364200920786,-1.3704872312251808,0.17053485859789053,0.4029814096793805,,0.0
TPRG1L,309318.43414692796,1.524024818395079,0.7474550555621731,2.731353949726338,0.006307469044654807,0.03094253478291366,0.02107978108431155,1.0
COBL,635355.6866553072,2.5966742926305857,0.38006385139490273,7.132849124514067,9.831230470023165e-13,3.719482194492098e-11,3.285631441554596e-12,1.0
TMEM37,136414.05494930915,-0.0016971192330844766,0.36415522611826867,-0.00900985218297202,0.9928112753085957,0.9970278131209467,,0.0
NDUFAF1,72511.06945639336,0.3173716477185115,0.4790951490889762,0.9055317104341937,0.36518376834341715,0.630212674432311,,0.0
NFYA,393903.6416014958,0.5202655255216339,1.1504562132299365,1.3607679955449652,0.1735870189258769,0.407354252659698,,0.0
CDNF,13610.284747483234,0.29282755559152146,0.3302693266506287,0.9993651158007216,0.31761785217534066,0.5844449350639835,,0.0
LDHC,3965.00858003174,-0.05920443913878747,0.4658777218119612,-0.17096245681265299,0.8642532860465344,0.9427920412376998,,0.0
STARD13,242567.72373759412,-0.5345935790499572,0.526382562734467,-1.3871503970473513,0.1653959071739961,0.39596699924589485,,0.0
ZNF704,420056.41553290293,0.0012132853470558827,0.6990491566571029,-0.02607518509515758,0.9791973697568918,0.9912535050027887,,0.0
ARHGEF39,711306.97834898,2.2149064733265336,0.4171726363848354,5.618061796963694,1.931114366817578e-08,3.5718463510692537e-07,6.453851428059014e-08,1.0
TNC,816335.7662227384,0.050095981970971794,0.5619758092032526,0.09450853468642273,0.9247052030930697,0.9709725762132594,,0.0
ZNF222,8283.793515310128,-1.911733514138214,1.07700550550743,-2.7677927079439213,0.005643733987872213,0.0281285504345647,0.01886155542265459,1.0
TMEM101,72358.68183359108,0.5573665198967832,1.1663181897225967,-0.6064422224758856,0.5442211381168767,0.7789740222859507,1.0,0.0
GRB14,62165.52306511591,0.1756009525884782,0.547020908826136,0.45216789423243503,0.6511480353828293,0.8424438571766449,,0.0
MEP1A,357.0746952296217,-0.28859660987013946,0.8178090108252596,-0.8121910346305525,0.4166820231160929,0.6747438467710013,,0.0
DNAJB13,3005.7787821672628,-0.0702138997448143,0.719374121357654,-0.19890585156037227,0.842336392092937,0.9352218635198148,,0.0
EDN2,27012.783813927137,1.0191113856922276,0.4834082096251932,2.537920729951146,0.011151323965813292,0.04964740591032477,0.037268112825505864,1.0
MATK,29250.453324555398,-0.020961100059846458,0.4163645543797652,-0.07055472004976429,0.9437521487194088,0.98081650704228,,0.0
ODC1-DT,1181.4557532122878,-0.4762050755918736,0.9631873517889515,-1.4223107198223557,0.15493606826779635,0.378177284911718,,0.0
ITFG2,386938.2028948647,1.5657072273357069,0.29300873454952087,5.593245435308047,2.228638955018525e-08,4.06197917567975e-07,7.448188957434737e-08,1.0
CNGA3,1372.7368814451597,-1.844893686672807,0.8910834539416128,-2.900680038944566,0.003723538671439642,0.019656820428297642,0.01244419584102954,1.0
NOLC1,722390.1255135245,0.24601902078289462,0.9222495192342108,0.9148662726975947,0.36026183796760436,0.6252930283821452,,0.0
TSPYL5,267320.36273187405,-0.2709845874090411,0.4145913731501129,-0.818204955039152,0.41324016627008253,0.6713472317348055,1.0,0.0
MAT1A,14487.465481351697,0.40922316820985916,0.6745768778816207,0.9901882960392308,0.32208209212977634,0.589618023495639,,0.0
ABHD8,49688.13448925725,-2.2068576036470886,0.5101782486116753,-4.770952670288217,1.8335662507142377e-06,2.2117946512238895e-05,6.12784222879263e-06,1.0
PHYHIP,114427.47175052573,0.3755710029267981,0.8093030330887798,0.9177293548548656,0.35876057538960604,0.6247037355284841,,0.0
PKM,4516456.621262038,0.21051507169130096,0.28114609622955605,1.162352913391114,0.24509214143925662,0.5013257855058691,,0.0
MTAPP2,1036.5265086796624,1.440314087191555,0.25560236854985463,5.87539196836529,4.2184399674160295e-09,8.529104938168279e-08,1.4098173197662808e-08,1.0
TRIP11,194022.47419160214,0.005198521014973176,0.6288350427703975,-0.010147624458758176,0.9919035060708782,0.9967958000009908,,0.0
PIAS2,210186.34687177194,-1.1741252501536161,0.4442206613212324,-3.0923129434811103,0.0019860335713472086,0.011452946484189331,0.006637393321108843,1.0
KIF13B,308949.0652769903,0.006776378910754673,0.20975527296187277,-0.010019873108024623,0.9920054317190478,0.9967958000009908,,0.0
CD109,232609.4036728987,-0.8809816589364212,0.2886431817418378,-3.3393369270170514,0.0008397864084613201,0.005383688477350234,0.0028065954065912796,1.0
TYW3,80901.03352953916,-0.5602761161996539,0.7654071640352882,-1.3532111478700413,0.17598818487036483,0.4110781081583732,,0.0
RPL17,686362.674386168,-0.38690910914855803,0.4056449876804864,-1.1870295972387281,0.23521594623297581,0.49087690576158843,,0.0
FXYD1,90842.57277806595,-1.709172158194965,0.7652798727823923,-2.9620036391364093,0.0030564417144004928,0.01662021398329477,0.010214734591701245,1.0
TUSC3,188357.6337395922,-0.1048906845406861,0.6368801060299661,-0.2835763068357559,0.7767350964323563,0.9061002269523913,,0.0
ANKRD31,2223.1464652177237,0.24091476029602552,0.8714100922229502,0.6498578934967065,0.5157840187963583,0.7593824852208176,,0.0
BCL6,1377830.0928835585,0.08653190624835819,0.49966349474651117,0.3719086302876347,0.7099608792754928,0.8739092420931271,,0.0
LINC02773,465.36110431411373,-0.02855409902788886,0.41288591463429714,-0.08890218923749882,0.9291596436837303,0.9734053410020032,,0.0
TMEM169,6370.059684169554,-0.1531142566719465,0.19225625116573383,-0.8373055779213513,0.4024208247150337,0.6643601978931829,,0.0
ATP23,23046.293689864822,-0.8782369185796528,0.4185153889813745,-2.4763515698708964,0.013273280311557637,0.05730261028489288,0.04435976478956311,1.0
CST5,88737.03274319011,0.8667168046439506,0.35031902745167864,2.753251473305552,0.005900655215038079,0.029147252367853777,0.019720195106214942,1.0
ERCC1,736064.6951654304,1.064753361638417,0.3975810470797014,3.0594563862583266,0.0022173907088498977,0.012598008191122171,0.007410596927233962,1.0
RBM42,1317590.9156320912,1.7961902419437072,0.612202487447065,3.442348954803237,0.0005766858160002889,0.003829745964235961,0.001927304069136173,1.0
VAMP2,458700.65582194517,-0.055553891804290226,0.4539044766391987,-0.1836037755700832,0.8543243010011498,0.9396657033762604,,0.0
DCLRE1C,27003.26905805084,-2.9320158474243834,0.6159536970102691,-5.218537418386167,1.8034154808986452e-07,2.7127279854240464e-06,6.027077306644535e-07,1.0
IRF8,117277.41100060637,0.1867227635613207,0.386147971841037,0.570805858311427,0.5681312513708127,0.7962292446747758,,0.0
CD55,578326.6810338644,0.38995709970899756,0.5151202865522543,1.128114600959517,0.25927152357518224,0.5155352217082237,,0.0
ZNF687-AS1,3661.472786161726,-0.36288117181360824,0.4882096661780811,-0.9863478085074449,0.3239624668596701,0.5919753236360017,1.0,0.0
DNAAF5,296828.592437716,0.41267567185739024,0.8502563142794751,1.1215984642726204,0.26203320491368065,0.5184575992132041,,0.0
METTL21EP,750.9843097389976,0.012022015259135278,0.3346682330211659,0.03949303936211921,0.9684973029734966,0.9880117093685531,,0.0
MIIP,136867.92261134373,-0.06632189993742975,0.44359476496194417,-0.19944663247942349,0.8419133857012735,0.9351680267331317,,0.0
CHRNG,323.69036704750783,-0.10615353428339679,0.36018658470834913,-0.34875432327375383,0.7272737575628739,0.8804860958227859,,0.0
IVD,453687.9190571547,-0.44108090105600034,0.5705620733479899,-1.1250696105139226,0.2605595377442189,0.5165678171872288,,0.0
RPL41P1,225905.6466569414,-3.256824886398787,0.25871937218685537,-12.740557022217029,3.5187352301453967e-37,1.757256373934611e-34,1.1759735611858077e-36,1.0
OSBPL2,199032.1992005747,-0.6729494612128569,0.7441822449473396,-1.5292574356125839,0.12620063704241682,0.3294542505958336,0.42176692152127654,0.0
LRRC36,3356.5768158442756,-0.020623137292127152,0.4154148165544535,-0.06670530472507956,0.9468163111608088,0.9818398440718766,,0.0
PRDM10,70641.90922657054,-0.11294019262577763,0.2179790312598997,-0.5605671348901272,0.5750926612095578,0.7997807713953027,,0.0
ROBO4,231553.71709005474,0.20873354868656105,0.9800944793204738,0.6658083308822098,0.5055336192653888,0.7516031243260946,,0.0
ERCC4,55266.815460157886,-0.7525244772640666,0.4545911812028326,-2.0331161074068573,0.04204079403278573,0.1453959317172659,,0.0
CALML4,94484.17173290713,0.05475678695284419,0.27776023427781,0.19192577753348347,0.8478003452368963,0.9377349583226439,,0.0
FRRS1L,3237.9373056464487,0.21906563240584373,0.39503531967763234,0.6680768951119522,0.5040845094648159,0.7509786884868271,,0.0
GLCCI1,61539.82417425562,-1.3284995108366038,0.5187905538575346,-3.0868162380250723,0.0020231262240158645,0.011653393728645016,0.0067613582573702894,1.0
XRCC1,114000.89560156777,-2.534286371805062,0.7045276134433249,-4.216955108686201,2.4762324655340054e-05,0.00022566249877512454,8.27565508729002e-05,1.0
CNOT2,271945.8694090288,-0.2543947791728692,0.7560376408348858,-0.6901596638058526,0.4900937861695638,0.738319266404465,,0.0
DYNLRB1,1076296.7007912532,1.5950053631395649,0.7770691246061864,2.739481848436196,0.006153611266438049,0.030276979965114897,0.020565583034354205,1.0
NAGS,29142.67004584286,0.6426183223253821,0.7943211350455275,1.4357463658841445,0.15107452649659917,0.3722082808702596,,0.0
KSR2,14374.567464620308,-0.3339130029018953,0.640153423111188,-0.8441046011605017,0.39861095680459147,0.6604721693039581,,0.0
GABBR1,1701541.2353673712,1.750081866794916,0.2619034578315919,6.8621240980046645,6.784408467110883e-12,2.2892794516724155e-10,2.2673729234460934e-11,1.0
MYCT1,77929.0937010798,-1.5688298468493533,2.0473549469407337,-2.1939851769114624,0.02823647521090894,0.10591412110644563,0.09436728295051429,0.0
LINC01415,6655.6940768515315,0.25367302282679155,0.20770064205588407,1.2849527474547813,0.19880879678378893,0.4439372622716614,,0.0
TASOR,348195.17876878404,0.26139889928436966,0.5302492189863373,0.6429876773166562,0.5202320957909646,0.7619818605582005,,0.0
ASS1P8,201.19083442047682,-0.26318220986128016,0.610650488253345,-0.6752603803276767,0.4995103509108666,0.7465422385492586,,0.0
MYO9A,258512.4611420162,0.06280794414962466,0.2971156883297399,0.21907459368432178,0.8265919413660143,0.9293862591002349,,0.0
OSBPL10,16195.795141382909,2.4556897607092205,1.5359989528805202,-0.3044530384617268,0.7607827654292226,0.899596343114932,,0.0
GUCA1B,13188.831930621654,1.6530084501098539,0.23779543244173823,7.145376176570363,8.974976266111921e-13,3.44777165176638e-11,2.9994683063384756e-12,1.0
SUPT6H,644130.3662247843,-0.8953685737779395,0.3305527990598111,-3.0858047692141235,0.002030020638371348,0.011679634870998285,0.006784399630112544,1.0
YBX2P1,335.429600342792,0.4359983523513721,2.155060373912993,1.839726254774964,0.06580843696994021,0.20800464191638063,,0.0
NUP35,65523.6928881011,0.14450169449266126,0.21238250547299675,0.6963107423523546,0.4862342471747455,0.7364486309246097,,0.0
RHOBTB2,138381.17740496746,-0.14412433359145743,0.25623596728044873,-0.6358069521367108,0.5249022556033655,0.7647759187976587,,0.0
H2AC14,1174.6314047873102,-0.33591053358289413,0.5451496365658419,-0.8703675008473389,0.38409960119481656,0.6473821830465454,,0.0
KDM2B,99575.98458234848,-0.2350208497676628,0.6436803958827866,-0.610568706084421,0.5414851453164304,0.7770623033650154,,0.0
SSH1,315803.2115532489,0.4747680157817261,0.45847678095161737,1.3553453675161073,0.17530754702968976,0.40987167128570723,,0.0
WEE1,305940.9106173023,-0.3703464673314254,0.23390598464616494,-1.7368307933538711,0.08241704198097669,0.24543274159391626,,0.0
PLEKHB1,77603.18960146923,-2.4692592904787065,0.2768118029611106,-9.147324276612665,5.836112045525094e-20,5.49915916138723e-18,1.9504489587220077e-19,1.0
TCN2,241656.5006485817,0.860642414640241,0.3310852363837334,2.862868074989213,0.004198253238909788,0.02179425849804104,0.014030708448377891,1.0
USP40,260510.01860431506,0.04111839824334286,0.3526175165733011,0.16345489116701759,0.870160287055023,0.945109582590166,,0.0
WBP4,66259.2165825901,0.058859681109844575,0.8511870531787531,0.15260738519396563,0.8787079006814407,0.9501524701250617,,0.0
TLE1,346441.21704930725,0.6317735545456744,0.3821116647735762,1.9012606297429935,0.05726788314628708,0.18533810210834617,,0.0
SETD9,32142.4015139576,-0.16023595036327545,0.3273682654042639,-0.5684714113721707,0.5697149126205493,0.7967393653394073,,0.0
SNX18P3,917.0167872876915,0.1975794433202349,1.058512536651621,0.6444514955658851,0.5192827010353586,0.7616146281851925,,0.0
GBGT1,49853.22427978985,0.28137339083326673,0.36082375245662357,0.9040273310813769,0.36598090915614023,0.6302443656295739,,0.0
ZNF283,76985.51592608556,1.747034406760144,0.32566536647037686,5.634888220347814,1.751719204448858e-08,3.3011644177424894e-07,5.8543065514144235e-08,1.0
PSMC1P11,471.84825396341705,1.8718287327878171,0.5604219273726518,3.8373950461851773,0.00012434635068245362,0.0009669420595789105,0.00041556983196619203,1.0
MTERF4,208171.44107773522,0.09723242945024825,0.5384435412728394,0.24702244963614883,0.8048908500573756,0.9208762669384957,,0.0
DCAF15,244710.27790851222,1.563875775242227,0.411291385253698,4.153445589960413,3.2750611311584805e-05,0.0002889691747174108,0.00010945368291749862,1.0
CEBPA-DT,47057.67862213094,1.2247786042897988,0.44950057609801913,3.130129001313265,0.0017472955342191514,0.010265875173988755,0.005839522491536963,1.0
MPL,1596.2355636709194,0.390483064288001,0.38295864539498464,1.2071135789980845,0.22738840610679611,0.4809731893677847,,0.0
ESRRA,278020.32385341247,0.22437353032469423,1.093210862496675,0.7255295316116748,0.4681272345154014,0.7215516694968872,,0.0
KCTD19,1752.8332791684813,-0.00973209934154435,0.8908826617033206,-0.04910920313493631,0.9608322692174053,0.9859245309571611,,0.0
SELENOT,623117.3378816929,1.0144677736103214,0.21704432609355653,4.812254565478701,1.4923709080061535e-06,1.8447773055897848e-05,4.987555517854568e-06,1.0
MROH9,375.998499563716,-0.2279977252044928,0.413422647858726,-0.6826674748152648,0.49481698659625983,0.742416346334676,1.0,0.0
ZNF648,1914.4060429732685,-0.22486318587488555,0.8634035849309535,-0.7657764169357855,0.44380934876198486,0.7014593844666345,,0.0
FCF1,200212.70462982572,0.4240420858035716,0.7919286491322047,0.9601542558870007,0.33697758543994283,0.6060014626168795,,0.0
KLF12,108531.22632765232,0.5196094864125245,0.5212819862589296,1.3169650764942962,0.18785033109833216,0.4285778070691823,,0.0
RN7SKP268,526.6590799794692,-0.6822513417691847,0.6779031727433396,-1.554787374973203,0.1199967169165864,0.31740657006431805,,0.0
STMN4,1448.835161846996,0.17094474128199974,0.4453845517817675,0.4848491941272748,0.6277833238248063,0.8308716913657329,,0.0
NRAS,392062.2189409182,0.38589646631327,0.293542106404624,1.472321446741749,0.14093409447350658,0.3551084095866256,,0.0
TBX18,115385.88231918232,-0.48395784132841335,0.8354269391461683,-1.2189966405110373,0.22284546757826462,0.47377193064531864,,0.0
TBC1D32,56628.1908631907,0.7875702172352256,0.468532024706803,2.0560665650792127,0.03977610047496817,0.13920241469655995,,0.0
ENDOV,178306.50202364687,0.7427758377424207,0.577586309446199,1.7108043122496341,0.0871172432711228,0.2553189629671287,,0.0
LINC02827,2218.4484669663666,1.3241676329161736,0.2823361238704727,4.9606147935519225,7.027041934266399e-07,9.333257292480424e-06,2.3484618726768494e-06,1.0
GPR176,108424.87329253924,0.5489847522615087,0.34797839523891644,1.7496689708841564,0.08017545088393446,0.2396996373488638,,0.0
USP2,30529.685254995817,0.15792929401975567,0.4296018853935206,0.4500208585030417,0.6526954005409403,0.8431159118632899,,0.0
ZNF845,132968.36547705118,2.031605158582845,0.44692181556230626,4.9203082122800295,8.640803411318728e-07,1.1179319232156925e-05,2.88778657514822e-06,1.0
LPXN,41919.70202167812,-0.7951120817000349,0.6598925724187588,-1.7845933132083922,0.07432730683047525,0.2267505011065323,,0.0
TUBE1,282749.2260961298,1.3213496841517833,0.6274799745648086,2.6524891883307795,0.00799006867527386,0.03785806732857463,,0.0
DCLK2,10810.529209251685,-0.19195673817723216,0.8316364800338438,-1.0849138191198702,0.27795982684724074,0.5377210549012742,,0.0
LYPD1,31512.639724815323,-0.4671212166376317,0.7704277929540984,-1.1542920162557988,0.24838046856709672,0.5048482132780143,,0.0
NFE2,7389.5005167312365,0.13751533568702973,0.49293114571011815,0.36827202758078215,0.7126704078704118,0.8740585879992542,,0.0
CCL25,508.9318528984466,0.4123252929191542,0.432379488758874,1.1797244534942832,0.23810982480292253,0.4930141371298573,,0.0
SRL,9132.684375320736,-0.5472966431376886,1.0694969652282103,-1.853419554391706,0.06382224670786554,0.20236717464068604,,0.0
BYSL,114320.00275006227,-1.1114301886111488,0.5814571913030316,-2.4961155906108883,0.012556167837505527,0.05505311868349658,0.041963149941542904,1.0
MRPL45P2,13114.061552514098,-0.08698907558897095,0.881102539495448,-0.33331298701607964,0.7388980371333556,0.8872461643289198,,0.0
PRICKLE2-AS2,164.36533098491162,-0.0029838520341847357,0.38779015769759817,-0.012460699417272755,0.9900580575981107,0.9962421800614476,,0.0
PDLIM1P1,1011.4832316440209,0.13087459345499666,0.980260739607289,-0.9486230062119163,0.342812385718561,0.6102647563081776,,0.0
C19orf84,343.9485133669419,-1.610171828324012,0.3543501384920881,-4.880328641536864,1.059092030403655e-06,1.3492616326111871e-05,3.5395224282499664e-06,1.0
ZW10,168617.2254361532,-0.07302424642500548,0.6911923775792886,-0.19692202270478595,0.843888559481463,0.9365287702334281,,0.0
IGFL1P1,299.7366241259519,-0.48126400223592236,0.3188664036264733,-1.696647653185021,0.08976329480577834,0.2597206803360701,,0.0
ZNF570,75497.21277275911,0.7324341433314449,0.6188783819347472,1.671279784069741,0.09466642758059556,0.27154746659247225,,0.0
SYT3,2820.324241172497,1.0936791275461402,1.5312137761739122,0.7117591387000319,0.4766139396128417,0.727641120799326,,0.0
PRDX3P1,6082.342713918527,0.38012171686362795,0.3847986378508406,1.1725034268496017,0.2409949970923505,0.4959928791290631,,0.0
KBTBD11,47316.68196954181,-0.21402557552912752,0.7157156378535654,-0.5690243089023393,0.5693396431857344,0.7966607391621062,,0.0
KIF1A,69862.26958707393,0.1544114354674689,0.2807643183060468,0.6009273043961736,0.5478884062010401,0.781621461309485,,0.0
SLC9A5,31350.946417057497,0.26412151470893636,0.9382244026345804,-1.7055685649883152,0.08808843629753937,0.25695890821840633,0.2943946201028207,0.0
PTGER1,2902.3062436645723,0.6513098795800019,0.36917437664672426,2.0339759831371556,0.041954017010711,0.14519636933575242,,0.0
LRPPRC,1559559.2607869213,1.8220331843299236,0.47571335313334295,4.233542861455861,2.3003831512792055e-05,0.0002107910726144652,7.68796055845855e-05,1.0
KCNJ16,8351.928154605845,-0.47686796229372846,0.6007285389823059,-1.1804010177449304,0.23784075736600796,0.4930141371298573,,0.0
MIR6796,581.0642255694372,-0.1655811105714743,0.7308387637504008,-0.44940556335337706,0.6531391187601604,0.8431159118632899,,0.0
EEPD1,121171.13492473293,-0.9394267095463807,0.6573460190884741,-2.0618648226337646,0.039220607451148665,0.1379350095852369,0.13107663520989646,0.0
THEM6,167835.5640495254,-0.10141227618496418,0.5046995191648073,-0.26146910399597767,0.7937307724446702,0.9148145574864258,,0.0
LRRC37A5P,788.3102250613208,0.9852439841388468,0.6100820716329707,2.1690454838450965,0.030079230932742996,0.1116845199093818,,0.0
RPS4XP1,35792.98792518294,0.31451983618057533,0.3303255270668679,1.0885702133421828,0.2763434580989309,0.5361535469098916,,0.0
MRO,9173.669530142617,-0.4151350239731365,0.8396359889154611,-1.0964819920261446,0.27286789978658643,0.5318766971452967,,0.0
ERFE,5099.185812157839,-0.27096248012140345,0.6261728329779268,-0.693334743676597,0.48809950410231673,0.7370177812209262,,0.0
TACC2,315792.83375434345,0.005485301541732303,0.26173541086798396,0.031121097732409897,0.9751729642601283,0.9892651001611754,,0.0
LRRC4B,24542.097899319335,0.17506902524289125,0.7760078226638436,0.4536418630358988,0.6500866173405286,0.8421614959788846,,0.0
FADS2,1187069.060337079,0.10091851319972696,0.7340537007895895,0.7048972085244918,0.480874207479828,0.7317141353303659,,0.0
NTMT1,191509.6258107998,-0.5709064834115939,0.617598232919515,-1.3800147347946508,0.16758210808336949,0.39928675943146336,,0.0
NUTM1,496.31966147761034,0.3105884386750495,0.8004917859350767,0.7894519946265762,0.42984787687811477,0.6893578346593786,,0.0
PKHD1,1819.1531775703857,-1.5717824099544413,0.38882245612309596,-4.412966541368674,1.0196375922024907e-05,0.00010245613954646355,3.40766432253483e-05,1.0
FHL2,437219.6009964204,-0.4413233027165324,0.48428025046547846,-1.1716386845968112,0.24134214983652846,0.4959928791290631,,0.0
EBF2,97278.74582086457,0.15539350222155293,0.3992869846770496,0.5026999309348006,0.6151752582609833,0.8242646112343062,,0.0
CEP250-AS1,3390.010320744789,-0.5178759116145369,0.33892570506858144,-1.7512843280296464,0.07989694589423016,0.23935533760994926,0.2670183740628455,0.0
HIF1A,696764.7794426185,0.015276440677252052,0.7394411735378763,0.27408490044656997,0.7840193773783822,0.91010463288106,,0.0
UBFD1,497074.3167967166,0.17509360087099174,0.6327333745407254,0.41692000032720666,0.6767369238990504,0.8565830722439108,,0.0
DISP1,26099.366311587837,-0.06944449824646247,0.8558990790498743,-0.25261540299144175,0.8005654261306757,0.9185160547129787,,0.0
ETV7,17433.555794908425,-0.359534335950723,0.9107026261272454,-1.232980350961559,0.21758309511854745,0.46635621331417426,,0.0
ARHGEF4,19340.305704329527,-4.281412028350719,1.864120512392624,-3.1252744034668147,0.0017763926730187405,0.010412329822835199,0.005936766142157009,1.0
CIBAR2,1017.7781723533142,-0.2796121940731895,0.25624010053695284,-1.1833144965575944,0.23668452964184317,0.49209098294394865,,0.0
NWD2,21429.401508108975,0.19651020938594546,0.5107981691229624,0.5190631868643658,0.6037166787901362,0.817727446129086,,0.0
POM121L2,590.618230770722,2.733323808682937,1.1896578154629058,3.18080393556968,0.0014686699000654657,0.00880496696389788,0.004908345924382108,1.0
CTBP1-AS,165317.46528859454,-0.35851384381525786,0.7198983724916578,-0.9126746298752266,0.3614136908009883,0.6258321677739721,,0.0
SNORA29,1024.8554979607109,0.537362378126827,0.6009469927914993,1.3012252524586507,0.19318136396698193,0.43509504824992346,,0.0
LINC01843,2987.667926967147,0.20795136327079491,0.2466014387231003,0.914004640269574,0.36071440744943695,0.6254436174411084,,0.0
RPL31P61,19147.805426697912,1.0303649857732453,0.6970015256665085,2.122693175916734,0.03377957122769495,0.12268740269898805,,0.0
DKK2,31835.388899506263,0.01860233329594365,0.5826239569694517,0.03719713443178099,0.9703278234250111,0.9881356342138062,,0.0
ZNF346,56457.81359085975,-2.177608294638354,0.4960337964323829,-4.83061837836746,1.3610966143884302e-06,1.699329123063955e-05,4.548832259465483e-06,1.0
AGAP11,111428.912428351,0.0305844108031012,0.20106347804150404,0.0965971602685362,0.9230463117272202,0.9696451999927929,,0.0
HSD11B2,98878.1265200024,0.40325003011202937,0.3512949238657873,1.2844000944488312,0.19900199993480583,0.4439372622716614,,0.0
PDRG1,231759.2180346966,1.4192393816475315,0.35652094745955876,4.29535247223493,1.744159945664505e-05,0.0001643459390311045,5.829043245450384e-05,1.0
FBXO38,206391.1428944994,-0.17230863507363667,0.6229844330551415,-0.45543333540718905,0.6487975175187164,0.8415403526746366,,0.0
NUP93,219215.82730963491,0.2671218991992017,0.45114868409988645,0.7415429343630126,0.45836430946915796,0.71362997561981,,0.0
PNKP,326928.533031429,-1.4957189070537975,0.25972101500726735,-6.0621771154319575,1.3429121177645924e-09,2.96747925491875e-08,4.488059038821024e-09,1.0
RN7SKP150,1432.5507788446744,2.749270564518646,0.5372280805704591,5.5140994227387194,3.5057039039482406e-08,6.252673320113398e-07,1.171618446614027e-07,1.0
LILRA1,2305.143417645305,-0.1326890515441749,0.7903328106820775,-0.39023199208572074,0.6963650068967259,0.8671859459967628,,0.0
METTL22,95496.40190816089,0.12502886478769404,0.7528559936280217,0.3160427733051739,0.7519700423055448,0.8945541665731039,,0.0
CENPH,40333.36658119755,-0.07929423220890601,0.38339282572850913,-0.25914140776607913,0.7955261369344361,0.9152002306839239,,0.0
CXCL2,39955.58248084632,-0.28038279656047355,0.4079096140258391,-0.8491785728964285,0.39578193430379627,0.6577487453953939,,0.0
SORD,315465.0508222695,0.1053844653127584,0.5248501308929735,0.3729971698348467,0.7091505503587388,0.8739092420931271,,0.0
RBBP4P1,77965.53708518147,0.044062159224744386,0.6240081108406723,0.10368815461534928,0.9174168272298135,0.966781944542243,,0.0
RPS29,1402459.401382833,-0.20286052696094056,0.27706225731673606,-0.8593463312518463,0.3901494698456698,0.6521387264431399,,0.0
PDIK1L,89255.45261408428,0.2726754667716186,0.24401258819025554,1.1808653619188532,0.23765621347666033,0.4930141371298573,,0.0
JCHAIN,1556397.6362191439,1.0509563249833442,1.106338074329187,2.073171242555504,0.03815634568564189,0.13495240110063428,,0.0
TMEM87A,404342.2493757695,-0.07280046381723257,0.479062004875158,-0.21697209694801922,0.8282300903611935,0.9307338144157968,,0.0
CRTC3-AS1,4640.459040330612,-0.2695393806455849,0.8607147189594994,-1.6013578115284957,0.10929769127764442,0.29892260144608773,,0.0
OXGR1,11522.53860949159,0.18716189210675685,0.7609548608296228,0.48210005053807115,0.6297348739482964,0.8308716913657329,,0.0
GRK5,48190.567097298524,1.9404748317559573,1.0861407262966363,-0.5303914428074268,0.5958405577756478,0.8125690184411757,,0.0
TEX15,1952.6419591723366,0.4858551069208437,0.34577614308499305,1.6066406601857248,0.10813321763895807,0.2970392128102072,,0.0
KRT18,1691678.4598716702,-1.9367753749451158,0.4750880160762434,-4.501900409085476,6.734854020936681e-06,7.110752850012216e-05,2.2508116550560143e-05,1.0
PCARE,1491.0609377771175,-0.4245673133382524,0.8487799414921391,-1.1204426759455293,0.26252516767573775,0.5186118225366433,,0.0
WRNIP1,834243.2244917707,2.039874608928798,0.3276255872861869,6.482271273329097,9.035199678045123e-11,2.4792190764921616e-09,3.019595180219498e-10,1.0
BLOC1S5-TXNDC5,738365.1846645761,-1.9466934331980548,0.26711904647250617,-7.61222886460209,2.6940894712714456e-14,1.319047335248e-12,9.003740783171571e-14,1.0
LINC02821,182.08324260952028,-0.13862117942479074,0.8013064265453972,0.8271316354381137,0.40816245510430704,0.6680861917317386,,0.0
MKS1,140734.056916289,1.1467406622362641,0.18648010045739732,6.297212728074849,3.0304526797164687e-10,7.605065669600023e-09,1.0127878333215748e-09,1.0
MBD1,410961.45142803673,0.24420858277986393,0.5011595326847825,0.5924232618915435,0.5535671931768568,0.7858244498539902,,0.0
KARS1P2,225.55529646290125,-0.40205165452107583,0.5196470940407726,-1.0540836975298933,0.2918445992777715,0.5533302690938462,,0.0
R3HDM2,1033010.4009455489,2.309460907008154,0.4004614821765786,6.068643460442508,1.2899515892237774e-09,2.8759009984747967e-08,4.311063109099278e-09,1.0
PLSCR4,532827.9497669372,0.17604701212636314,0.7496325699709763,0.7300579330271739,0.4653547735085064,0.7182182450455336,,0.0
LINC01709,153287.09061279352,0.1346870069724988,0.19334280176722182,0.7172727462359666,0.4732058202062911,0.725795413424514,,0.0
SPATA9,5787.753123520341,-0.45797120559998616,0.511315645057206,-1.2021829439603695,0.2292926560074371,0.4833003311184192,,0.0
RAP1BP1,313.78137012637944,1.3629165594089905,0.7353070846425775,2.545218075869659,0.01092095108102962,0.048870277507761586,0.0364981986262255,1.0
RFX1,237475.3250021236,0.47173849500113035,1.0277389181262255,0.11530873253369037,0.9082004169731026,0.9627447277868444,,0.0
COL12A1,3708847.3822002923,0.9337880334149895,0.6350002507281505,2.092608214236152,0.03638414270173855,0.1296022886251657,,0.0
STC1,422810.0298805007,-0.0054930783802809805,0.2476618011199414,0.029163412098382694,0.9767342617293642,0.9902173981072767,,0.0
LINC00243,3933.03836266541,2.5037836632816255,0.49056852655135785,5.47982436384595,4.2574825597766546e-08,7.513027527747214e-07,1.42286549002442e-07,1.0
GPR68,57981.248885252826,-0.57929711223126,0.943016563339034,-1.461337908858309,0.1439227313216458,0.35955483752891404,,0.0
RNF214,127304.8695632936,0.04450494594732621,0.4738642036160863,0.1148188529207273,0.9085887054157739,0.9627447277868444,,0.0
NIPAL2,216744.85029589958,-0.2919829067952459,0.42525525354361443,-0.8264351081671304,0.4085573146873708,0.6680861917317386,1.0,0.0
MRAP-AS1,17801.86458682928,0.7413606127543669,0.6542768151911954,1.6613589847525676,0.09664137007670678,0.27504234461911586,,0.0
PRTG,13535.84858799798,0.0006246335228666909,0.863406707314435,-0.019008129170381607,0.9848346204419942,0.9935887059570342,,0.0
HAUS6,133422.75933938453,0.2050035974630845,0.16800880424470951,1.2713430599704731,0.2036066297948963,0.44971760689770546,,0.0
SNORD56,1383.5924556565162,0.5685543866605411,0.5160074204874371,1.4563991992108172,0.1452822968131636,0.36208111920910035,,0.0
LSINCT5,3135.820572305519,0.854326022150055,0.6226546462043656,1.9096570791421346,0.05617738066919905,0.1826496348059766,,0.0
THADA,236743.24102370968,-0.4685475019682214,0.7834496913697198,-1.1627364883094853,0.24493643249622177,0.5013166163467752,,0.0
LHFPL5,122850.2630859877,2.5243450682454296,0.47833594807384106,5.6312444371648835,1.789139407163924e-08,3.359008345630314e-07,5.979366171331641e-08,1.0
TTC38,232172.7421727016,-0.14512420246605606,0.34696718493110923,-0.5337958880996685,0.5934827589488054,0.811125587901022,,0.0
GAD1,5515.4039408929775,-0.2737560298217367,0.8805505249259277,-1.1708544689084468,0.24165727927819025,0.4964362207796306,,0.0
STX1A,24192.201259666144,-0.4514312331414801,0.3462174253274989,-1.5072948821839993,0.1317350888296038,0.3392908889195675,,0.0
LRRC49,40168.38677715805,-0.20781356236025764,0.5161981365713464,-0.5650131204839766,0.5720648399761709,0.7980332555403448,,0.0
GRAMD4P8,2296.081054674768,0.23636249165253578,0.37540525614309855,0.7442141829337368,0.45674690897005765,0.712539089765499,,0.0
RAPGEF2,179009.99080988817,-1.3832051845929447,0.4072550029250494,-3.8355643383060016,0.00012527630514303268,0.0009684672877466026,0.00041867777214134013,1.0
ZNF878,811.7668586483336,-0.10675951662774105,0.7965416593234997,1.5709353462143107,0.11619766733320766,0.31096723220393035,0.38833664859083394,0.0
PRELID1P5,27690.802823118604,-0.3872625312132024,0.39229523330638394,-1.1753513843017915,0.23985416482827215,0.4946750128578,0.8016009671938171,0.0
LAMB3,335244.8680205756,-0.2997972450358213,0.43969152044691967,-0.8725487477476933,0.38290908659033307,0.6462480494870306,1.0,0.0
CEACAM7,5051.7316019913715,1.2828398238077074,0.40638380649187283,3.5350129145684765,0.00040775522927708857,0.0028400691980610604,0.00136273216852778,1.0
MAP3K7CL,16851.238612552075,-2.506807495594034,0.9937683607109694,-3.3498247789399143,0.0008086269545057264,0.005197275432177089,0.0027024594269391515,1.0
DNAAF1,99869.30294776367,0.04994719830025702,0.5220403081522227,0.12360643609633133,0.9016268963032997,0.9594555124949241,,0.0
USP30,104857.49749475889,0.10048527708995947,0.25264431191371756,0.42780378936888186,0.6687939778502419,0.8528936342931533,,0.0
RUFY4,13885.669143302188,-0.17332184786310742,0.8654435908221962,-0.6286806616785031,0.5295581409636707,0.7681556913025924,,0.0
CMKLR1,163442.14859504887,-0.14796817410337146,0.8403519181208802,-0.4861925408516549,0.6268306594460347,0.8303427886667102,,0.0
GANAB,5295185.7431306895,2.5783186770409396,0.4660045301360805,4.596862150700982,4.289011748379649e-06,4.813331386833251e-05,1.4334026545956887e-05,1.0
CTCFL,277.7754851201431,0.011000448375693039,0.26383969363486093,0.04320451543674835,0.9655385056535104,0.9877304119322081,1.0,0.0
RPL23AP12,2986.716495815426,1.5369718301026427,0.554317316709915,3.283619503154474,0.001024831848089299,0.006445856737226649,0.003425023706499244,1.0
PPM1F-AS1,162713.14633282548,0.017672991114533024,0.2598762068620686,0.07143510586475836,0.94305147052588,0.9805536214462304,,0.0
ZNF17,23316.276023711667,-1.728883759612473,0.19652997475485146,-8.983589332985606,2.6207451115841547e-19,2.2421410402124544e-17,8.758621380280913e-19,1.0
TUB,159413.79494966127,-0.1526545876319723,0.5965986898668397,-0.39198946057878714,0.6950660011578067,0.8667065192964012,,0.0
TMEM94,510771.45625536767,1.086201405304868,0.6845901228753501,2.1661032803279587,0.030303295600516974,0.11234941219671996,,0.0
CCAR1,460045.55173431523,0.5969724271104607,0.512427238510669,1.5306398689941576,0.12585842249907764,0.32878509467017053,,0.0
RUNX2,313008.74606564635,2.6878730415799708,0.8127279935511743,3.8860434184973225,0.00010189129062892638,0.000806410626625766,0.0003405242396989487,1.0
C1QB,677595.4704681045,0.44082881780645583,0.352137043596826,1.3771213590437674,0.1684747300938908,0.40083982948494074,,0.0
CENPX,135729.21879716375,-0.19809818627292838,0.48860174556892394,-0.5566844592625526,0.5777430367288974,0.8007906537396929,,0.0
VEGFC,117731.21569300276,0.7641578379299055,1.0046757033713398,1.5921113030624057,0.11135969782617873,0.3022447450782264,,0.0
PYCR2,287411.24342206854,-0.5776568347882988,0.7359991078547884,-1.3728553204548641,0.16979732880422516,0.4029814096793805,0.5674685828109077,0.0
ARHGAP28,50101.2496943389,0.10657811382494727,0.4535453606830653,0.2946072711615903,0.7682939069993641,0.9040668641740868,,0.0
ELAVL2,10744.5203319799,-0.24807230283352377,0.3215539178217883,-0.8687566581986328,0.3849802441056912,0.6477733622182689,,0.0
DMBX1,1617.0544453214193,-0.04450029129045568,0.6819917772731665,-0.12680919396524853,0.8990914187560555,0.9577778466868049,,0.0
DKK3,339019.76144518994,0.13640930273489454,0.3829595967197083,0.3585149746738876,0.7199579634965967,0.8771578603810695,,0.0
SPSB3,198691.64688951045,0.1808375927259898,1.130029859811813,0.6331911372260302,0.5266088326486476,0.7658370734558375,1.0,0.0
XKR9,6713.086010691497,-0.22881584374985656,0.39047721383016576,-0.704390405129976,0.4811896796095051,0.7317482521223717,1.0,0.0
RPL7P26,5012.7744135787425,2.5413344043254624,1.262375091565651,2.9792411026525825,0.0028896330745743423,0.015963031202855436,0.009657254311479044,1.0
NRSN1,562.0534225111652,-0.21035590104175234,0.7844330611095657,-0.5910646145396455,0.5544771280625496,0.7861696792976124,,0.0
VPS37A,212592.9133886259,-0.31862019788027957,0.21992050935877835,-1.5168677832459092,0.12930006904492114,0.33564626673069525,,0.0
C12orf50,534.4631354450308,0.3400347688259083,0.7698144650874454,0.847985457733284,0.396446069582841,0.6581521704629024,,0.0
RNU6-100P,119.68359361651642,-0.4901065579532592,0.9408030720351747,-1.3546727824535671,0.17552183321946724,0.4101806434712304,,0.0
NDUFV2,159045.7151855965,-0.17790957262718135,0.7232605062514779,-0.4808374657095789,0.6306320201725812,0.8313427142064564,,0.0
CXCL3,3594.4959676348176,-2.10575891824187,0.5357771003325867,-4.4028723105025085,1.0682704593880093e-05,0.00010691267884135709,3.57019705737907e-05,1.0
LINC00303,308.0273121032961,0.042620968974275024,0.38884465410838404,0.12870267932042403,0.8975929152540173,0.9576114118304984,,0.0
F3,369470.713338654,0.02830331288253831,0.7924401901252583,0.03956548281636405,0.9684395466014379,0.9880117093685531,,0.0
IGFBP4,22916763.98269757,3.4130839225103236,0.7910703206017622,3.568851274835471,0.0003585498813852636,0.0025255262449055097,0.0011982861832373637,1.0
WDR12,129966.87250872326,-0.4546888617793555,0.4958545873693658,-1.2262955634763575,0.2200874702828438,0.4695879140836541,,0.0
THSD4,341823.338823105,-0.22298884918779552,0.8347813532791802,-0.6922848535264681,0.4887584600820627,0.7371522484447443,,0.0
LGALS2,6397.446197654843,-0.38466351947910965,0.4736891004379871,-1.0553515272406486,0.29126458317740134,0.5530704670676586,,0.0
SUPT16HP1,80549.15558517326,2.4498071448712953,0.4824803980206745,5.431261749949218,5.59569868985148e-08,9.63617905417872e-07,1.8701019784757992e-07,1.0
LUZP2,9198.343961619068,-0.01676831915028644,0.649444887509821,-0.05927099429725234,0.9527362636830972,0.9831592054876649,,0.0
UCK2,304145.26406932774,-0.22677705545190216,0.2509928790518027,-1.0085906773860622,0.3131709801572783,0.5816648685709171,1.0,0.0
CSRP2,557087.0508311196,2.4013154801417906,0.46641307776023155,5.487812526589903,4.069416157232196e-08,7.20661854227574e-07,1.3600130437122057e-07,1.0
PLAAT2,521.92107198122,3.672889512361339,1.585485063065082,1.6218310690087063,0.10483952406278059,0.29087143509418123,,0.0
FAM53A,18596.307155443406,-0.0048602579008006075,0.4162325518521451,-0.020470759369059944,0.983667837830323,0.9932141492366828,,0.0
SCOC,377676.92787572154,-0.03439924730295646,0.4527334840958717,-0.06321310980970457,0.949596805540081,0.9818398440718766,,0.0
RAX2,79.28619042647608,-2.5713344166001284,1.4193647687779247,-2.9655095455795006,0.003021819675396134,0.016492860610850594,0.010099026532297788,1.0
ATP6V1D,223910.92299935053,-0.32128735456936447,0.25730278443923954,-1.3431937405143808,0.17920924798871585,0.41587871024890655,,0.0
SEPTIN4,117534.18772855491,-3.085684809561468,0.7252623767064708,-4.7815191868352604,1.7397539448823414e-06,2.1139491972609277e-05,5.814318237481613e-06,1.0
TMEM151A,1169.3305851278787,-0.520676882731226,0.18165301510891413,-2.9789075989224134,0.0028927799836972706,0.015963031202855436,0.009667771391298844,1.0
OTUB1,1493317.4967325549,2.6326714857264784,0.23812378193976624,11.260575253119677,2.0541342620110968e-29,5.699081391379677e-27,6.864988199612722e-29,1.0
RN7SL244P,1919.106582080706,1.63244079051166,0.36038934051846133,4.862069632789667,1.1616474140592784e-06,1.472402839038588e-05,3.882266089958486e-06,1.0
PTPN9,286596.63242335094,0.3123205067694349,0.4797306874332809,0.8603398541722478,0.38960172985943375,0.6521387264431399,,0.0
CSNK2A2,403019.51906657213,-0.5733080184833509,0.32511336961691994,-1.9574467736595438,0.050294963844936376,0.16756040656545182,,0.0
STIM1,518855.1338371736,0.17986350605822643,0.42269155854604906,0.46942660047483853,0.6387647384133306,0.8366092587558807,,0.0
MTHFD1,448040.08166457014,-0.00797370448779297,0.5732120502052581,-0.05205120135628183,0.9584878958937255,0.9845377102550297,,0.0
ZDHHC13,815226.7092148695,4.072911588770865,0.6602668558668469,6.513974760306343,7.318780025384311e-11,2.076703832202798e-09,2.445961758148853e-10,1.0
AKR7A2,227555.96394274035,0.09004027426578197,0.8053128536932381,0.22984468131775207,0.8182124633670516,0.9265577791259627,,0.0
EEF1A1P3,655.0535259593436,-0.543047058085842,0.5984550667324874,-1.322437977512516,0.1860223496228015,0.4263403460377562,,0.0
C11orf21,6576.516525672506,-0.1557027877274846,0.6860830983208313,-0.4164175706647039,0.6771044733445857,0.8565830722439108,,0.0
MIR6717,10502.12946305305,0.3904784510926942,0.702924091460198,0.9491830183424257,0.34252753688590476,0.6101205430907896,,0.0
GLIS2-AS1,2830.9163924364075,0.6471044331991689,0.9119521999373642,1.4577122537921257,0.14491987292943473,0.361503419285513,,0.0
LINC00924,4337.467767887889,-0.07406902829244585,0.7696094606080391,-0.6024543253946248,0.5468717576891948,0.7813973290896786,,0.0
FGFR3,103633.09942609302,-0.2152607872429041,0.5271405149100256,-0.5829505523655436,0.5599265880842517,0.789894927276855,,0.0
HTT-AS,148.72473566885373,-0.25987169732501625,0.6146672891212865,-0.6665025515024113,0.5050899333533421,0.7513471103015449,,0.0
RHOV,182835.40529694344,-0.35115652067188513,0.9114944178803862,-1.6653241373227885,0.09584810547085562,0.27367949612432985,,0.0
SLC6A1,8364.079236365938,-2.1355389292007616,0.3763937704430592,-6.000840445456353,1.962988101922355e-09,4.207365914592377e-08,6.560374560172903e-09,1.0
INSRR,949.5914796879036,-0.23714592897389355,0.8726320062798136,-0.9811868062165755,0.3265006292660395,0.5940658934853995,1.0,0.0
LINC01611,485.1137349194875,0.03256411241568484,0.7153004685279537,0.07740498045779158,0.9383013788398372,0.9780582521240133,,0.0
PELP1,371685.1320248787,0.17172166603698338,0.29316760570184036,0.6019338500085012,0.5472181709225756,0.7813973290896786,,0.0
H3C8,2575.4983641007266,-0.39947214573130924,0.9423314842204401,-1.4787153729841866,0.13921640187316683,0.3527380573082675,,0.0
SMIM39,299.21946271378454,0.2835880454732219,0.6423858326896419,0.7102048620355695,0.47757710625726657,0.7284051288269168,,0.0
CEP162,55202.858609298266,-0.778288815466279,0.7235781076920574,-1.7236763022295547,0.08476629539895884,0.2503387813260795,,0.0
FIGLA,169.83878167887684,-0.1924796047048478,0.8662653029163134,-0.6804595380185432,0.496213533420122,0.7441712870570838,,0.0
NALCN,13702.743524954218,-0.2008934377220155,0.3060387989352729,-0.7413437929052986,0.458485015118382,0.71362997561981,,0.0
LGI4,237869.87795919608,0.27057105909461576,0.9871525490098984,0.7802999622874925,0.4352143350076101,0.6946182131760961,,0.0
RPPH1,620836.4217793846,0.6527012937503336,0.5698708450836,1.5106919527118972,0.1308669536631777,0.33819466860500574,,0.0
CPLANE1,71195.67713429879,0.3497833889952227,1.629878157848809,1.3690433352207236,0.170985729276939,0.40335509306047873,,0.0
VN2R19P,3498.2211491302833,2.3129484185133404,0.27447927305137915,8.646725421265225,5.299828885511952e-18,4.071899300653337e-16,1.771221260064336e-17,1.0
SHISAL2A,580.5437548131557,-0.16658988733818453,0.8016087841208792,0.1223311161016062,0.9026367899692165,0.9597121841827267,,0.0
PICSAR,2477.8385602148496,-1.4454505966584015,0.33296900359752335,-4.660916538109973,3.1480436937102877e-06,3.6476404191158185e-05,1.0520871594843016e-05,1.0
PAXIP1-AS2,149978.5424368181,1.8362770082578048,0.28398042659316136,6.659005164243693,2.7568725010874758e-11,8.446516116828745e-10,9.213563854035988e-11,1.0
PTPRN,8174.818469031782,-0.46044335627882066,0.3275833113554939,-1.6035214235786848,0.10881958313884822,0.29830233042655674,,0.0
FAF2,303134.32511795557,-2.8922898547823506,0.31269549502749705,-9.222870113050844,2.8925210225613835e-20,2.9480102013615406e-18,9.666905934169337e-20,1.0
TNPO2,1435591.7495291638,2.3530264195515387,0.32911149796940886,7.3806811325204,1.5748176496962258e-13,6.838816819637349e-12,5.26309539821503e-13,1.0
PURB,1519974.348770492,2.548572646293666,0.44184167507706956,6.10374154151709,1.0361378927353994e-09,2.3736113010644883e-08,3.46280890122346e-09,1.0
TSPAN31,3335166.0914057167,1.2861196513483086,1.4341490887043449,2.181898693974089,0.029117010262957092,0.10859622797102893,,0.0
SDR39U1,951040.6533519331,-0.27836637999343905,0.8792237257335731,-1.240631919386583,0.21474175480795787,0.463048498925277,,0.0
RNU6-1240P,69.59988859451657,-0.43082747525835313,0.9718265228146591,-1.0115874465313905,0.3117353506196622,0.5811211955884951,,0.0
RBMS3-AS2,422.27846460077944,0.3542918179425562,0.7720673917288562,0.8797718786801194,0.3789829016508034,0.6435141655933156,,0.0
IQCJ,1002.4818964103504,0.8698012594186028,0.3847604974514659,2.58859731230121,0.009636771407573193,0.04379075196489584,,0.0
AMER2,2312.351171090814,-0.3799171739679483,0.7023737231748862,-0.9474689502865944,0.3433998708640039,0.6106232168008824,,0.0
RPS6KA2-IT1,27.538564593593993,0.043090990380493875,0.8656714012770479,-2.4762344110973786,0.013277637056546667,0.05730261028489288,,0.0
KIFAP3,97519.83905367003,-0.07771109181200005,0.6600431432622825,-0.2148621777806672,0.8298747739242859,0.9313363617896464,,0.0
GDF15,74570.08047870747,-0.35811988475960693,0.7022881474592783,-0.9045338022471141,0.36571241896871043,0.630212674432311,,0.0
LINC02446,1415.5510354455585,0.17671303082786124,0.9647195046146781,0.5343055070319243,0.5931301827306452,0.8108656262132062,,0.0
STMN1P1,381.0883019188803,-0.65139339563087,0.5510397669889233,-1.6034800970703444,0.10882869981650588,0.29830233042655674,,0.0
NCKAP5-AS2,981.4818727204389,0.05064188674062387,0.3073385462014275,0.18363046286765247,0.8543033635656321,0.9396657033762604,,0.0
ROPN1B,187521.90670249666,2.2321080942803158,0.7195410449625617,3.666157034193036,0.0002462227606087064,0.001789863852226899,0.000822885035956674,1.0
HSPA8P5,5559.366482984523,0.7989490905922263,0.348792904973323,2.5655268538016958,0.01030192466833725,0.046474988070168234,,0.0
ARAP1,311444.5911641028,0.20401129035367682,0.8907561646987502,0.5632692076203528,0.5732515826382188,0.7987774563881878,,0.0
SUCLA2P3,2446.641125266132,2.2484734691173216,0.38195434437540493,6.197254298627419,5.745663058554087e-10,1.359897692626498e-08,1.9202205924605457e-09,1.0
SENP3-EIF4A1,2041031.120407141,0.3605060071137984,0.6253874483657808,1.0211386452255404,0.30718875600424866,0.5745695308933401,,0.0
FMO6P,1700.831598961402,0.42220079380788794,0.3153954715997499,1.5020193206987158,0.13309211916192207,0.3417285568609968,0.44479849462883325,0.0
MAP3K12,389618.88997826003,0.1333255512460805,0.5465941239418283,0.30289915992130795,0.7619667115851196,0.9004405484278485,,0.0
PTGER4,133920.8342232123,0.40553789076800983,0.6846472257634086,0.9704774874330097,0.3318085411013504,0.5995122482851462,,0.0
WDPCP,70320.70346425739,0.13838631645798657,1.115835470420434,0.5581038215008771,0.5767734912362612,0.8006614958753412,,0.0
OSTCP2,158.7954753335455,0.03230801967028905,0.8871098838851044,0.09122919635405448,0.9273104763431068,0.972016428436913,,0.0
SNORD14B,2340.9330591515113,-0.48983512349181,0.730096421081745,-1.1794614461931914,0.23821447995481493,0.4930141371298573,,0.0
KCNAB1-AS1,92.12766070157065,-0.7639227258275587,0.20258451676717776,-3.9351297558716096,8.315175961677885e-05,0.0006752193293108839,0.00027789607481029237,1.0
CCR3,833.4821968440559,-0.129205593199692,0.7356952655371446,-0.35702425889793754,0.7210736449736781,0.8772330774661506,,0.0
TRAT1,12058.594655515091,2.089629375510859,0.5122016532842848,4.513337311375449,6.381540520154286e-06,6.780726246308617e-05,2.132733053355445e-05,1.0
ZNF143,100390.44469764948,0.810880274515342,0.6579888532729586,1.7852991371937876,0.07421280874830595,0.22661046750000516,,0.0
KCNJ2-AS1,12949.438268120997,0.5705035064568207,0.22555623176461614,2.67403065573609,0.007494560023425216,0.03591922529461183,,0.0
SAMD3,6164.287264327182,-0.9382689631240813,0.3937509640232757,-2.738008825280963,0.00618124171466034,0.030382993231312733,0.020657924954015448,1.0
HEBP2,3666926.8650915935,2.7259520320697095,0.23951850393072005,11.56385028043669,6.282718326044655e-31,2.0917263546844674e-28,2.0997063321245627e-30,1.0
C14orf93,136538.6688701643,1.5297197138950218,0.3835037313534815,4.303009468104207,1.6849364685317535e-05,0.00015936690764862835,5.631116323546884e-05,1.0
MAP3K7,952217.6867052682,1.279591929697893,1.5874126011560203,2.2010214430323485,0.027734505854236008,0.1042967787922098,,0.0
DCTN1,4310171.717563466,3.663871014525548,0.4130447833017265,8.282658233096981,1.204557469317086e-16,7.336048782645765e-15,4.025672988152751e-16,1.0
YBX1,6032109.672003286,3.136468930011862,0.46908903726969237,5.661530758319317,1.500286079197317e-08,2.859705602866947e-07,5.014008295470015e-08,1.0
SNORA63C,45.37736366637168,0.5093711155770156,1.052427762776819,-0.7639403309182847,0.4449028017462531,0.7020540559649046,,0.0
CPSF4,263086.1357559217,1.0346476406827751,0.7536848761954207,2.0156432452443767,0.04383729427753615,0.14994756686439423,,0.0
COX4I1,1093869.4013502481,0.7101689289700084,0.34480708905873003,2.3982030521121516,0.016475729213139518,0.06805607253136373,,0.0
RPL17P26,489.24629713837857,-2.3445608652640177,0.30062773364093154,-8.050244074168978,8.262908674537235e-16,4.636513024790893e-14,2.7614928388195723e-15,1.0
PCDHA2,85317.9165214759,-0.1635746160814188,0.6222756604737398,-0.4319506157686253,0.6657773060301797,0.8510089240631475,,0.0
NUBPL,39094.861294973845,-1.491954333998824,0.29534473224275243,-5.340392863468867,9.27453748423542e-08,1.4989333396851678e-06,3.099582708084836e-07,1.0
DNAAF2,43281.062316058444,-0.4715380516770264,0.5549737772894829,-1.1969410170443877,0.23132954540729944,0.48593312789898035,,0.0
LINC01451,1565.6193305941304,0.36653264937193564,0.6022233391002418,0.9135776254056669,0.3609388276862784,0.6254436174411084,,0.0
SRP14,1245455.2795759696,0.14182794030252088,0.8462688009661877,0.5773143736380371,0.5637271055672572,0.7930290606205304,,0.0
KLHDC1,41501.11042854976,0.4050038783464848,0.4178716265780063,1.1847480864689495,0.23611706375455233,0.4915250589371548,,0.0
ITGA6-AS1,10822.122882522444,0.14572441749580795,0.5377116294497041,0.3774809737222325,0.7058162011674285,0.8716954339610686,,0.0
TMEM40,8558.505846066402,-1.7826709497589326,2.6682486521908935,-2.6083503697659016,0.009097977803355375,0.0417603870863573,0.030405758482030382,1.0
ZNF382,76861.05490414602,2.0982848507749203,1.39365169011168,2.6268584024043893,0.008617718622050219,0.04014634962548395,,0.0
SLC13A3,30701.85671228049,0.012280556160940264,0.19632404880340265,0.057655890827128235,0.9540227292337253,0.9831592054876649,1.0,0.0
KRT42P,416.96465702946307,0.37167491530415847,0.5991076340443611,0.9284894426151903,0.35315374165313806,0.6194765668478298,,0.0
LINC01489,1442.8142502011017,0.8257763042739228,0.4061824376421229,2.371777349847495,0.017702754809042792,0.07227171478727139,,0.0
ZCCHC4,47462.67197970996,0.4631536825104283,0.40601330566840677,1.3700567909851677,0.1706691744942197,0.40298905788375095,,0.0
RBM20,34097.06620778409,0.19989666324762265,0.7922813588791303,0.50261214008415,0.6152369922336953,0.8242646112343062,,0.0
KIF9,45089.72211215494,-0.011721010898455704,0.4889105601900175,-0.04318930359901069,0.9655506316253354,0.9877304119322081,,0.0
EME1,68000.27386811015,-1.0689193808457507,0.6002662079026084,-2.3542513764971202,0.018560054985787923,0.07499103122898454,,0.0
OVCH1,7686.741307279884,0.5542427605541683,1.2988625609362539,1.506947479880772,0.13182411986402173,0.33934518278398174,,0.0
CALHM2,222177.16474659104,-0.42478544756694203,0.608027091869354,-1.0671185159574181,0.2859183216614366,0.5471475733618956,,0.0
MRPS21,427985.6664286036,-0.05745724499005675,0.5878862953561884,-0.1729881299135218,0.862660757917912,0.9425286861685361,,0.0
GTF2IP7,1839.7657011000206,-0.5345813211413672,1.0264783470024743,-1.6258864091396152,0.10397382182840725,0.28911206359190744,,0.0
DNAH6,11097.080211199922,-0.8957391235135885,0.690268095988646,-1.9263215198575325,0.054064239986725375,0.17762948321954375,,0.0
RPL19P16,1123.3120539137203,0.32687036753757537,4.612426921415688,2.884899613035157,0.003915384906692169,0.020496260192893807,0.01308535263662249,1.0
LINC01267,162.82598795649704,-1.1183540898588997,0.5842158276168462,-2.469526265823948,0.013529208604329138,0.05814532510328719,0.04521508605181753,1.0
TUBB8P1,281.86215560557173,-0.34508449802206004,0.8345017912310343,-0.9532031131461712,0.3404871693741697,0.6090232535295858,,0.0
NKX1-2,6108.777756567662,0.1715409274850102,0.39376938289379915,0.5231886073748255,0.6008430087082796,0.8163336380291677,,0.0
PPIL1,95641.75020799099,-0.9825000906565938,0.6794195103813468,-2.0944178990326883,0.036222769676282164,0.12930415422684285,,0.0
HCG21,144.2427755607043,-1.7761684111262401,0.3152253414072359,-5.926461216614569,3.095324465121999e-09,6.440854324508026e-08,1.0344682097961273e-08,1.0
HFE,3764.3779890856276,-0.29256316839437385,0.8879093075168191,-1.2684297916791722,0.2046445082388365,0.4508137071657475,,0.0
DMGDH,15357.739610309352,-0.2182349321479393,0.29866853731824083,-0.8218104118388101,0.4111848070307754,0.6699696333806501,,0.0
AGBL5,360714.9489026129,0.14395885254954474,0.8004923982400627,0.3594705336115985,0.7192431174787732,0.8769287423557113,,0.0
LIN28B,731.6402643713639,-1.6864125958859908,0.3020799871471318,-5.866538129609854,4.449879725906997e-09,8.960765867411106e-08,1.487165292600645e-08,1.0
CSNK1A1,1107483.6951901247,0.48113726814451485,0.43792876335646097,1.3290192810196977,0.1838416088079049,0.42287285634406657,,0.0
TIMM9P2,172.70574177469013,-1.270063512726591,1.007787926945113,-2.23745364368059,0.02525670584826889,0.09650496480968235,,0.0
CC2D2A,80274.01242306331,0.2634361358059096,0.34366379409420206,0.8748969033616119,0.38163000414677073,0.6452051098707612,,0.0
SUGT1P2,3393.9712889126213,-0.15624399665789832,0.3968232362227457,-0.48338084091646977,0.6288253493209973,0.8308716913657329,,0.0
CACNA1G-AS1,990.479498275308,0.8146685537110175,0.321319113350992,2.8022921667806093,0.00507408981983775,0.025699801785263415,0.016957784786111034,1.0
GSTO1,297618.1642522231,0.09228479295993196,0.2190200071980313,0.39305425093892116,0.6942794127540981,0.8663746594937446,,0.0
CCDC65,6403.338607110379,-1.3653841599874035,0.39119639246868776,-3.86845278827489,0.00010952813748629526,0.0008627500293478841,0.000366046847703529,1.0
RPL29,1233779.6203484775,0.2896962112318672,0.8615536847405177,0.7535559937880815,0.4511158769777741,0.7068944743103245,,0.0
RCHY1,266282.06319048477,1.8147656648528954,0.28798230226844923,6.487830404302348,8.708122179608875e-11,2.406704234374736e-09,2.910284741819753e-10,1.0
PLA2G12AP1,4440.891452804413,-0.5070749338447536,0.673324286835549,-1.216995436247587,0.2236059522555941,0.47498431542511144,,0.0
RNU4-78P,152.64944424817864,-0.3165401117438856,0.38733725174995076,-0.9793407784832743,0.3274116280194792,0.5941474092766276,,0.0
LARS1,606051.2540882924,-0.11982769681091955,0.5289964111050723,-0.323485938570597,0.7463272549769315,0.8913583727825783,,0.0
RPL12P13,25.835737888068913,-0.13850707954980715,0.7538078860276056,-0.22420445329402958,0.8225982184487746,0.9275356746293023,,0.0
RAB21,216240.53596354352,-0.015970828133938308,0.9168890388586339,-2.1766023938322077,0.02951024641690975,0.10989871036990849,,0.0
ST3GAL6,62023.14786291662,0.14833810756871874,0.505503106916377,0.39266817373228613,0.6945645800589724,0.8664851893909925,,0.0
MRGPRF-AS1,10576.526652914956,0.723535909954125,0.3485234931243545,2.327989309978388,0.01991267131184073,0.07930134013662887,,0.0
OR10Q1,804.1054556021431,2.1589593055982026,0.8384880171890774,3.2758812871252965,0.0010533282581312094,0.00660015222221739,0.003520259700702228,1.0
MT1L,22299.1050636472,0.2720624771106056,0.48372670257892375,0.7342582422464908,0.4627913626971587,0.7157656831951699,,0.0
NLRC3,15374.946189985512,-0.5350323242828525,0.4884323886464207,-1.4276711877757948,0.1533865229445197,0.3756803803751503,,0.0
COL8A2,201162.53322499615,-0.8226925667313507,0.7123478418992473,-1.8040834447128644,0.07121822662071697,0.2202252778599756,,0.0
CCDC82,165750.93672473214,-0.16334464993479472,0.8682964710246736,-4.072863899410811,4.643856333618859e-05,0.0003960806058003081,0.00015519929500508006,1.0
TIMP2,3774289.6757872836,-0.1490278228667922,0.41956373347604287,-0.33549141851514036,0.737254417049926,0.8867650671356768,1.0,0.0
LOXL2,402291.80049007473,-0.26091365961862933,0.8011373835487985,-0.7357618107994739,0.46187566587337114,0.7157656831951699,,0.0
LRTM2,12152.792664554698,0.7382823004791833,0.7318195763956626,1.6143998301933828,0.10644072853831586,0.29368231951400525,,0.0
YWHAZP2,61959.75130274017,-0.07902140433353709,0.46604311236434615,-0.23048982062267606,0.8177111725432362,0.9265577791259627,,0.0
DNAJB12P1,850.3874368815259,2.5180001887555328,0.40231784263869735,6.57085067671865,5.0028611575401704e-11,1.4696640365150358e-09,1.6719736117535523e-10,1.0
SPINT1-AS1,33720.200667521356,-0.43493115461461895,0.465836393335956,-1.2042317721412779,0.22850000895627598,0.48291538075651386,,0.0
FOXN3,496007.8350493627,-0.1804449965834212,0.2871212870580233,-0.6557654938684017,0.5119750214923893,0.7564506678499977,,0.0
RPL14,1271370.027133536,0.043395968545128234,0.9636152672611329,-0.7331787898008216,0.463449389978431,0.7163312452962811,,0.0
SSBL5P,12729.934015032468,0.4089131888169691,0.45455628041412954,1.126960117585071,0.25975934365168873,0.5160056333319545,,0.0
NKIRAS1,53565.75929777293,-0.25215154452551264,0.283192358121667,-0.9940416581764031,0.3202025867932915,0.5876853063012487,,0.0
LINC02774,118.02887362572578,0.30070807168898067,0.7175762463301515,0.7522891030884755,0.4518772194957563,0.707619039175798,,0.0
SYCE2,5250.46068420314,-0.02067078016883494,0.8940214194861404,-0.09355215050994116,0.9254649211961612,0.9709725762132594,,0.0
SRRM2-AS1,20284.954804917823,1.5211021036059424,0.33409278528839204,4.847221196213316,1.252028049970237e-06,1.5670747071557304e-05,4.184321320951401e-06,1.0
KCNK1,119269.67399597369,0.007629499072756898,0.6879048199300836,0.004380369712896956,0.9965049818123324,0.9984121018276063,,0.0
SMCO1,861.1691721336123,0.09224504496291537,0.5380058540101814,0.23885079870895143,0.8112212783073122,0.9221857987955306,,0.0
ECI2,272267.5756425161,-0.11117797827123627,0.7412319284868308,-0.317618558224632,0.7507742951454319,0.8941967159447382,,0.0
EBF3,130466.15078238533,-0.045942844677037256,0.3204819910507655,-0.1777527303448678,0.8589171717690206,0.940046538640037,,0.0
CAMK2A,2350.605761565307,0.13901001896058401,0.8613914176430105,0.3858567558313596,0.6996027589267727,0.8690634426759398,,0.0
HRNR,7957.980869144759,0.7245944480551499,0.5280037331107179,1.7886084744000021,0.07367789211741638,0.2254579615406724,0.24623407988103077,0.0
BCKDHA,568768.6414490091,1.6455644817968087,0.5482992334697704,3.462891277096981,0.000534404285618345,0.003601639679322557,0.0017859977229534114,1.0
MARCO,64066.99521881093,0.34146417123028133,0.6619801887731179,0.8375485976191636,0.40228427222487884,0.6643543834295783,,0.0
COL4A2-AS2,6498.25785416139,0.09037924498196151,0.44535292406541,0.2520565734709999,0.8009973357552392,0.9185935329486924,,0.0
VEZF1P1,1645.8753351268392,-1.0871982703707666,1.514061263551213,-2.172649232241124,0.02980672746648664,0.11075505726758501,,0.0
AGMAT,4029.0675173599507,-0.8428973607355902,1.4583398181177603,-2.1820898687246277,0.029102900780793882,0.10859622797102893,,0.0
TLR6,24988.385665658567,0.21246096949569393,0.7266443280023308,0.537907935978807,0.5906406093093963,0.8087905683825405,,0.0
PDCL3P2,311.7080505926338,-0.11590142710841807,0.5704322860910972,-0.309142472899843,0.7572131517666422,0.897209093451497,,0.0
SPATS1,205.466713734939,-1.590123616756029,0.3225358426181687,-5.236052132825009,1.6404763394544603e-07,2.490133385785889e-06,5.482529024696199e-07,1.0
PON3,23714.934615071492,-3.021099240346358,0.48896220829492915,-6.531319557606164,6.519273262531682e-11,1.860414324176184e-09,2.178763815249042e-10,1.0
APOLD1,957913.2449745691,-0.7267297615655794,0.4880951763314166,-1.9065981910568457,0.056572639532012366,0.18357619351713436,,0.0
SEPSECS,88971.00148687177,0.7668221045741442,0.45243353714032974,2.0504718714714865,0.040318405954261144,0.1407316210502027,,0.0
ATP6V1C1,296968.34398292686,-0.17442993104041835,0.7836632321508691,-0.5024800699254277,0.6153298682680319,0.8242646112343062,,0.0
SMPD5,7661.339612408388,-0.4333149111919778,0.2324134330521315,-1.9886141316251704,0.04674381037759654,0.1583708202345435,0.15621944124186046,0.0
MFSD5,194011.36452153884,0.283230229592371,0.31761084879685053,0.9713023889662257,0.33139771951030184,0.5989866852097168,,0.0
TARID,3259.4370404852916,1.0359159519720254,0.806648069461844,-1.7637548075522431,0.07777326919220222,0.23468260202166638,0.25992097260820995,0.0
SNUPN,136651.76483203686,-0.2928798675011679,0.7032022947578104,-0.755822469833643,0.4497556428205607,0.7052055510976075,,0.0
ZNF226,199106.22952039607,1.5715253697078337,0.4221588510165446,4.072674182575082,4.647641870223879e-05,0.0003960806058003081,0.00015532580895600954,1.0
MIF,1000690.6019965585,-0.324920133754845,0.5781538861065142,-0.8401152602974928,0.40084376462731985,0.6628522385923296,,0.0
TACR1,10430.779484937786,-0.5941626910243026,1.0012601963109597,0.6760337412988086,0.4990192227703941,0.7465422385492586,,0.0
EMP3,176187.3076781102,0.46615907893594066,0.8947427315071186,1.8016240905961,0.07160456839410155,0.2211460819790619,0.23930495983383468,0.0
PLAGL1,146331.6064174318,-2.505825068641231,0.6250168774362345,-4.549069163976809,5.388373233968861e-06,5.86264399356002e-05,1.800813089505122e-05,1.0
RN7SL368P,354.4710829640932,1.1115976188583072,0.3903053923643728,3.2082756761730944,0.0013353343432338182,0.00813251184159718,0.004462733852587988,1.0
LCNL1,5815.789812426459,0.35959463259760194,0.877731938972199,0.9197867080043883,0.3576842307177287,0.6232641480126787,,0.0
PDE1A,36410.07057288146,-0.07593321140023308,0.6360873860371209,-0.2108785967990906,0.8329820058508953,0.9334876478862539,,0.0
DNAJC3,633570.4962559278,-1.082860929740944,0.6076841543011013,-2.393443289737808,0.016691061383263248,0.06871818676670789,,0.0
KRT18P59,597.8729913087348,0.2044825007011711,0.550781219595112,0.5315823080729433,0.5950153208648234,0.8118870252456089,,0.0
GRIK1,4100.36915584177,-1.3717565850421196,0.21865178509476638,-6.4891338769212314,8.633122841841224e-11,2.406704234374736e-09,2.8852197020959324e-10,1.0
CST7,54837.256876644795,1.858192832240742,0.7253050997085062,3.1723487447167877,0.001512113039231285,0.009043703614276692,0.0050535344075514094,1.0
CFL2,864216.4761512922,0.753292687443876,1.026727129831495,1.6662724711394936,0.09565915719851623,0.2735883417297312,,0.0
CABIN1,478702.2925112049,-0.09687965403735464,0.42449616285104447,-0.2999765036399513,0.7641950781361206,0.901367553191258,,0.0
EZR-AS1,8454.208355930876,0.17571904988491857,0.2821828031651773,0.672605676370759,0.5011981894986007,0.7476056625914015,,0.0
FADS3,1072899.8348538468,1.821885735943597,0.24245169512219805,7.631827289178654,2.314493784097695e-14,1.1675335310892818e-12,7.73511878447108e-14,1.0
MOB2,151948.116150278,-0.25983985095291057,0.8737012585164639,-0.9264862671770261,0.35419333061291547,0.6201897154411041,,0.0
MAP4K5,233958.46746472368,0.9216923002878271,0.9586976654965488,1.810630926000988,0.07019800167530311,0.21825574853146745,,0.0
SLC4A1AP,282554.77597474586,1.5559615026822518,0.37305740610801297,4.4653744377589835,7.992883802813219e-06,8.281423591545481e-05,2.6712495868438024e-05,1.0
LINC01068,219.1885835291244,0.287056768170149,0.46692080479023557,0.794947154210308,0.4266442430879199,0.6857543406944736,,0.0
RIMS4,112663.50058814778,-0.4822225720239053,0.4785433938712604,-1.3121395719236528,0.1894730462254911,0.4302994055707606,0.6332255152636392,0.0
CARD8-AS1,32742.996032589108,0.6499809545938467,0.4463331631733422,1.768610644235664,0.07695887320439285,0.23264686003797694,,0.0
STAT5B,460626.04338862153,-0.5025036141186233,0.7652729096121619,-1.2897078804905253,0.1971521024171785,0.44151461859703567,,0.0
JAK3,87388.68831524134,-0.4606421626973498,0.7238780120264349,-1.1493479299082938,0.25041254174132055,0.5075325622792837,,0.0
NCOA3,401785.8553552985,0.41540848566472205,0.39715202332389815,1.3133953088196404,0.18904977745605933,0.42992467605444457,,0.0
RNF183,9135.919161665634,0.2730876767158735,0.3015202147643229,1.0096935516999237,0.31264213281725706,0.5816552589504161,,0.0
TMEM204,354882.6637009243,1.4834288912798372,0.419240264550237,3.8992088811971475,9.650749355478117e-05,0.000769901633885906,0.0003225314024893055,1.0
PEX19,381189.4803376698,-0.27462047377569593,0.39903390437671626,-0.8531055486274465,0.3936007747036665,0.6556511904169815,1.0,0.0
TPRA1,120524.57549478086,0.5178988044608902,3.267352443804089,1.6585016038159337,0.09721626407982913,0.27632215299639534,0.32490013825340486,0.0
TMEM86B,28646.542596721112,-0.05718690183818516,0.454091811627917,-0.1711218426723576,0.8641279612185305,0.9427920412376998,,0.0
PSMG1,84927.50894551426,-1.231999935785844,0.26140727325485935,-5.00236549373306,5.66310930511189e-07,7.62306411582986e-06,1.8926308407244757e-06,1.0
PAX2,5883.231701276845,0.20272203044526996,0.6411224694842867,0.510754741632454,0.6095228038682343,0.820473553239343,,0.0
EMG1,328677.55451976915,-0.8360473632280214,0.4214504892476078,-2.383035116138166,0.01717055631898635,0.07045994926624308,,0.0
HGS,1180040.2285554414,0.5556542272361911,0.32820668456000357,1.9268590107539245,0.0539972029349757,0.17752602465916306,,0.0
LRGUK,3615.0404655192165,-0.8877536479885464,1.2326833846713767,-0.8246507112267674,0.40956992206549037,0.6695228120442092,,0.0
POU5F1B,6025.986748959121,0.3012077579710654,0.9688974054435875,-0.7023806400663276,0.48244181548946086,0.7333893136766556,1.0,0.0
RPS3AP29,1465.1611386113784,0.7096840602628105,1.659162462296077,1.9226119035042908,0.05452880795665485,0.17880293298459246,,0.0
TP63,65315.44452533488,-0.6260508561333493,0.23077848407878834,-2.917127835349938,0.003532709528865889,0.0187884466316893,0.011806438204569869,1.0
OSTN,1787.0448562214212,2.0274146627131695,0.5694737857901601,4.05068742494615,5.106738682207777e-05,0.0004300683470311237,0.00017066898420524385,1.0
NOL4,3109.223394919517,0.18706479683064517,0.3948815987049218,0.5702306540446552,0.5685212675884764,0.7964081936428755,,0.0
TCOF1,312615.51711442356,0.1638366674293781,0.2877505613850921,0.6041469658597136,0.5457459367965158,0.7807090255977657,,0.0
FAR2,50951.39941977747,-0.6238063932883408,1.0533976225645025,-1.6575519962792307,0.09740792563022993,0.27670943151158606,,0.0
ARMC9,97390.13945127424,0.17612413423037127,0.8505434598528867,0.5094133652956715,0.6104625100031101,0.8207750281920289,,0.0
ZNF14,93008.39502458788,1.2795586802254169,0.37676790060254967,3.746634771487215,0.0001792227331396584,0.0013319022757432351,0.0005989686121595143,1.0
RPL35AP9,835.2594355127061,0.7793226156138477,1.0962864347184647,1.699463332447009,0.08923191775103487,0.2587829252315146,,0.0
KRT8P35,3314.580264446026,0.18037890318592095,1.09393712768426,0.6166867781957509,0.5374413438586796,0.7748216140964913,,0.0
CRTC1,392666.50607303233,2.5313431923946834,0.4081824910465427,6.487577686874966,8.72273661237139e-11,2.406704234374736e-09,2.91516893611582e-10,1.0
C1QTNF7,42239.23464259372,0.981696952805346,1.5005425379966368,2.0503962290465303,0.040325780881625965,0.1407316210502027,,0.0
UPK3A,2839.47647455542,-0.1468458370091926,0.6021893327377525,-0.3878934064005412,0.6980949177903397,0.8678830021023043,,0.0
SLC18A2,42110.27274161599,0.09943299074717231,0.6847870712303478,0.24601383161237472,0.8056715254166575,0.9211474552189411,,0.0
ADIPOR1P2,468.1495775775426,-0.05714183884649284,0.4362641608038528,-0.16991978766823038,0.8650732191080731,0.9429256196286498,,0.0
LINC02803,780.1149948942635,-0.6223753229964534,0.7281956189688397,-1.4278074767112503,0.15334728022232388,0.3756803803751503,0.5124919478916086,0.0
CNN1,613110.518292488,1.2599354782147083,0.5202500604284106,2.865875788543994,0.004158573784443643,0.021610736190958952,0.0138980983304733,1.0
SERPING1,2856044.711004707,-2.186100763254557,0.9367716583877359,-3.230070277609387,0.0012375979295735082,0.007630326000358148,0.004136095356332347,1.0
TCAM1P,6688.5104577793,0.22496563592455826,0.2426988705992263,0.9976312078051639,0.3184582223293173,0.585344262904899,1.0,0.0
TBX19,18243.670873498915,0.03718523688273394,0.7610926872985578,0.08131780266283677,0.9351892163982211,0.9764446888339361,,0.0
RIC3,64169.01903042894,0.11748679459791093,0.26725460545711716,0.4748824907796139,0.6348707320503286,0.8327370317229528,,0.0
ZNF234,31504.43388404692,-0.5114290084698796,0.7038502318696168,-1.2333993933203868,0.21742679124331754,0.46635621331417426,,0.0
GATA3,1161663.2930325172,-1.1911830457701436,0.21476599423438483,-5.8198379651258705,5.890470363343141e-09,1.1627276282425157e-07,1.968615697735763e-08,1.0
RNF185,245424.5323090253,-0.19576913682372818,0.24302747274426298,-0.8199507594286394,0.4122441784446329,0.6709663843733934,,0.0
APCDD1,305669.4859131969,0.4503277211124469,0.35269079139625226,1.4158048285757658,0.15683265547429842,0.3813066461992341,,0.0
BMS1,181075.27870636,-0.3384121871271073,0.7026425218176278,-0.8691199728641273,0.38478151332384014,0.6476571882505082,,0.0
RFC1,362588.50332352,-0.06636745845911175,0.38036225124042866,-0.25580490470941886,0.7981014864797554,0.9166786622538866,,0.0
ZNF23,73092.65565050246,0.22000747353233882,0.3731292819442572,0.6861053961067941,0.49264664840905525,0.7410473982394041,,0.0
PDE3A,68507.79182878275,-0.016760059329746696,0.5934757241813385,-0.05626649452313448,0.9551295100294105,0.9834879944509023,,0.0
NUDCP1,5473.034912807036,0.12069145375529798,0.35274414652042263,0.39447203038735784,0.6932325731231904,0.8661504804046067,,0.0
TMCO1,811876.7297879612,0.44538717811497147,0.6649856242501372,1.0499230153444237,0.29375350897719243,0.5558942871663883,,0.0
NCR3LG1,8044.662407500839,-0.07512306893112296,0.7482650735184583,-0.21898883756180967,0.8266587430763402,0.9293862591002349,,0.0
HADHAP2,15252.559849431927,-0.998962517717529,0.7796101050504682,-2.0204111938676346,0.04334075327583077,0.14866238967544743,,0.0
ABHD6,56495.4432279849,-0.31245269721637076,0.30369195595617393,-1.1532467853241928,0.24880910533889367,0.5053081220262038,,0.0
ULBP1,12215.593026436125,-0.35906749475286803,0.9087912536350266,-1.2134758441908982,0.22494794435684873,0.4764164690916466,,0.0
NACAP8,360.4671079563983,-0.6143776924447443,0.35480379140096885,-1.9841106580928753,0.04724350523592473,0.15973870355328917,0.15788943885071766,0.0
ZNF622,148876.88889488258,-1.068351871853681,0.740265224814604,-2.1556780212279496,0.0311088155447455,0.11499439291669802,,0.0
NMUR2,273.90491232295744,-0.5653215673402011,0.47852063271856826,-1.5102795754552403,0.13097210111168214,0.3381978660557087,,0.0
SSR4P1,31705.431921960997,2.90225357976587,0.7015868694241637,4.630702935313144,3.644264078377787e-06,4.1741868824354745e-05,1.2179257391794037e-05,1.0
RNU6-882P,301.8909740790566,-1.7538496137524207,0.772564036784823,-0.6118213025965507,0.5406559938690159,0.7760954393164315,,0.0
NUP155,92694.61581720113,-0.2858950003076256,0.7811694108527549,-1.4322575403669848,0.15207012972468625,0.3733927859527238,,0.0
PRICKLE4,52448.065036274806,-1.0332735690508434,0.40365153271874066,-2.951582563691821,0.0031615001241958682,0.017031857195506112,0.01056584345388887,1.0
KLF14,10571.409724236888,2.2220028400780207,0.29950546109565257,7.656157406544333,1.915788904587803e-14,9.86335029846545e-13,6.402633199870749e-14,1.0
NAMA,2990.484125204166,0.4851125253050309,0.920950296375805,1.1878029454730925,0.23491105368853804,0.49044556944839424,,0.0
XXYLT1,153248.0296470591,1.138701105503268,1.5206091549431993,2.110448977299126,0.034819701602985274,0.1251097658093694,,0.0
CRYZ,144056.93937281158,-0.4819947410147558,0.5983172426273375,-1.1976899492731334,0.23103774355862328,0.48560710914636557,,0.0
APOE,2701162.893704783,0.975111504721459,0.8180574795168987,1.8163463179694526,0.06931726434566823,0.2158169689166254,,0.0
CHIT1,51890.39806673974,0.03877305277149684,0.3815050965891349,0.11435166396110599,0.9089590291379598,0.9627447277868444,1.0,0.0
CABP4,29891.69145847117,0.5529338092837398,1.1517339251783278,1.412751563834934,0.1577287844347416,0.38256316147017944,,0.0
OLFM5P,930.1102649804658,0.3729308286675861,0.6157889580751146,0.9249375904479954,0.3549983718220374,0.620749954089375,,0.0
TUBA1C,3734613.8742740825,1.1051264826759915,0.29237213755820196,4.150560182584207,3.3166254407604006e-05,0.00029160611709784225,0.00011084277661122277,1.0
LINC01638,1320.3118625423058,0.46496617032694587,0.596724665414339,1.143152062060186,0.2529754616978893,0.5100533644867544,,0.0
WWP2,550626.9919300058,0.04990581114052074,0.7673343044764586,0.11378474748508162,0.9094084298034705,0.9628123168197014,,0.0
RNF14,466972.9282123111,-0.1678299576483835,0.8370145673727319,-0.5225741476070637,0.6012706349828281,0.8163336380291677,,0.0
GYG1P1,673.1685315748243,0.46816099570966657,0.8095471757982693,1.1228414501151853,0.2615048376856398,0.5176199601276597,,0.0
DEPDC1B,23803.413955743934,-0.11546709358220264,0.32138392539035426,-0.4129448179385252,0.6796470437936247,0.8569301988728367,,0.0
KRT17,2285060.1921510845,-0.023754979675444033,0.2320118598366385,-0.17232484506932158,0.8631821529771061,0.9425286861685361,,0.0
CLEC4E,11533.627758559787,-1.1039519052986253,0.758628323911675,-2.1857202118131003,0.0288360812427588,0.10783963692652854,,0.0
NPC1,310206.2575589703,-0.10022442978667602,0.7842540188645465,-0.3000923197567854,0.7641067373366206,0.901367553191258,,0.0
GABPB2,107438.8263658055,0.4584598039070228,0.8017925963474907,1.0909593154064245,0.27529078508047833,0.5349424827594975,0.9200313854798048,0.0
TIE1,390220.1574697939,0.06521115478230201,0.4627572110640311,0.16623420459206784,0.8679726425433315,0.9444734014348855,,0.0
ATOH7,642.046437004158,-0.2759351219651588,0.22592870691478012,-1.3028429698662514,0.19262837738518634,0.4348905949664185,,0.0
GATA6-AS1,4958.584387210141,0.04700958449592953,0.28008191356026596,0.17968778911307998,0.8573976802865297,0.9398247901492374,,0.0
H3P36,67356.12126497886,0.32391585445899496,0.323235742398374,1.1063953144671343,0.2685554526660403,0.5267737355122566,,0.0
RING1,113777.31496680764,2.879628453405677,1.2652785862418885,2.53027400722095,0.011397348079271999,0.05050430905757264,0.038090333975773154,1.0
ARL14EP,94414.8692467449,-1.437762274186718,0.736752541466392,-2.689835623234493,0.007148722186029633,0.034593719570767435,0.023891278363350706,1.0
RNMT,267253.24118177884,0.07341236354788909,0.43347185434585933,0.20156721069468964,0.8402550811110503,0.9337414052222042,,0.0
CALML3,138541.15430978508,0.6395177845078716,0.5923711647258381,1.515043708327331,0.12976133563359007,0.336288588559496,,0.0
OSTCP3,2067.3320197084804,1.397029378941136,0.3134952155623706,4.752082959066843,2.0133172962318722e-06,2.4078387293098087e-05,6.728576479307723e-06,1.0
FABP7,883628.589722462,2.014485364641812,0.30683397814903923,6.7778014548406365,1.2201837088399089e-11,3.931353188352584e-10,4.077896424523202e-11,1.0
GPAA1,679808.293475348,-0.6351260434191816,0.4259935286359755,-1.838957356254215,0.06592145852638161,0.20809846010161173,0.22031180885021645,0.0
FAM86HP,51522.736008300344,2.929094240538839,0.21484443734805228,13.75829444543963,4.541139112011912e-43,3.779741454231249e-40,1.5176644970733252e-42,1.0
NLRX1,98661.98314425941,0.11345716648187258,0.36216555715501325,0.35793844833977917,0.7203893767540941,0.8772330774661506,,0.0
ZKSCAN3,89421.20009686807,1.8347890858453093,0.19099224179778565,9.77043152849329,1.508083467172334e-22,2.0920468986273988e-20,5.040067437477552e-22,1.0
ALDH8A1,6416.909424734053,0.3487557423177163,1.9238041534242984,0.3111445144511639,0.75569076181192,0.8966148073464877,,0.0
MED31,19115.424705423236,-0.6472251243347891,0.9409180881184228,0.35131688413393425,0.7253506295382979,0.8798179530043352,1.0,0.0
GAPDHP40,10111.284222623426,0.27273855793761403,1.346155980525581,1.009117067065858,0.3129184937652323,0.5816648685709171,,0.0
PMPCB,583812.866337982,0.5739329272394879,1.1642788271671218,1.4510740231355186,0.1467592490607469,0.36372987087313646,,0.0
CSMD3,1055.6448690245545,0.011971939574466487,0.9361173526824151,0.5841870484104212,0.5590944742751391,0.7896246504542893,1.0,0.0
ROR1-AS1,628.0910975651948,-0.0656425440412113,0.3973177192537971,-0.20535209052723,0.8372970487674468,0.9337414052222042,,0.0
GHRHR,1786.717427005733,1.0922218549457579,0.4971660991932608,2.654530066764191,0.007941896160629765,0.037773170882081,,0.0
PHF21B,7224.071048918598,0.3963431121023732,0.473762715667142,1.0781279643499542,0.28097665354917367,0.5411482482933179,,0.0
CCDC201,727.3406695992603,1.4981232203261452,0.5722548187674469,3.148106725534771,0.0016433168286907522,0.009723606922371583,0.005492022038589642,1.0
SUMO1,304773.42472196056,-0.13730845458498334,0.8727732027282519,-0.5690862766888849,0.5692975910000921,0.7966607391621062,,0.0
CKS1BP3,50747.691615019416,-0.2712089780445409,0.7042024969462237,-0.705845849041069,0.48028400594902343,0.731261684667507,,0.0
XYLB,31646.456514344987,0.3483144354087521,0.6221481703062399,0.861642189729465,0.38888444692379665,0.6518683333055973,,0.0
TM7SF3,297326.9975943527,0.08368602149200825,0.7199432682241078,0.4267970020909395,0.6695271902486273,0.852963976556542,,0.0
UGT1A8,21437.943504476916,0.11923363794729346,0.42917078878313386,0.33872935888980354,0.7348136215910616,0.8848949183085993,,0.0
AMPH,31865.642203708685,-1.8991155865052916,0.43022406446947503,-4.812930504443304,1.4873302144782507e-06,1.8431084593311126e-05,4.9707093446384914e-06,1.0
PICART1,3116.0493809830086,1.1923751383388579,0.40238977271904636,3.329135111451866,0.0008711613201938577,0.005563401065278933,0.002911451453633154,1.0
ATP6V1B1,220904.58723580785,2.08854173898182,0.4100265342828373,5.410067915579442,6.300085208134664e-08,1.0665296789635427e-06,2.1055104045660225e-07,1.0
UBE2D3-AS1,6880.175926597684,-0.03354347042422597,0.3536802652274566,-0.11511024448575294,0.9083577399577215,0.9627447277868444,,0.0
RHOT2,741623.4677192146,-0.6354932069500774,1.2366909734656992,-2.6119527964465927,0.009002668338469428,0.04150208349347537,0.03008723093305077,1.0
DIS3L,569655.5936620054,-0.7263276209483006,1.466603691065648,-3.43872054685218,0.000584470234880795,0.0038762873213740905,0.0019533198679784532,1.0
ZNF625,15642.456149542448,0.13417172663510413,0.3536830579793624,0.44705898395077504,0.6548324725828529,0.8435156032181522,,0.0
RASA1,245529.28238672874,-0.22259015792112594,0.3058129715578749,-0.8286794621814269,0.4072858102615151,0.6680861917317386,,0.0
LINC02101,152.0554485809925,0.43805433120318504,0.2547935170703798,1.8540124388493697,0.0637373804380519,0.20222647897562335,,0.0
MC4R,331.23393728797,-0.1265999640404498,0.3613296583007812,-0.4140229752754381,0.6788572808459061,0.8569301988728367,,0.0
RMND5B,1293699.257097493,1.6343519894535123,1.0632421700054444,2.4890804716324104,0.01280739732319912,0.055958129686838505,,0.0
TOB1-AS1,8940.911325386418,0.828252714346718,0.2970166815470855,3.0287617865832237,0.0024555822334959786,0.013825453973031475,0.008206641293069224,1.0
GNPTG,1037988.9432121422,1.000860218261605,1.7234479461604142,2.117469229460317,0.03422004411315519,0.12375962740174669,,0.0
CD40,122012.70489943583,0.17876662735757126,0.20785889396043353,0.9763189343856802,0.3289064397856146,0.595993744662322,1.0,0.0
GRM3-AS1,2880.848203218088,2.8763250261678763,0.48229638235976346,6.305680215770463,2.8693091840133463e-10,7.273771606580027e-09,9.589331161833092e-10,1.0
COA1,597971.96065776,0.390751693254707,0.8828756818724136,0.9948434470130416,0.3198124115698536,0.5871849938896504,,0.0
RPL7P60,343.03724034669926,1.0610531629523994,0.26507074649294543,4.2441595052694625,2.1941424739099552e-05,0.00020254246792433115,7.332900516889162e-05,1.0
KANSL2,986.4446758733269,-0.432396460627605,0.9412907741975998,0.7845197176978688,0.43273521677027726,0.6923176431857961,,0.0
CD1D,13830.620381445664,0.6456015144209292,1.6439870326228316,1.8365311975657148,0.06627913244007094,0.20883153779540334,,0.0
LINC01585,322.8867524719516,-1.4053411159765499,0.45334092883402394,-3.5364640068029134,0.0004055217552292391,0.002828457605607291,0.0013552678205218144,1.0
DNAJB6,685779.3216516029,0.26499846736205024,1.209683055090676,0.9146962978452362,0.3603510884428942,0.6252930283821452,,0.0
LINC00261,95.3518761933333,0.464423120643949,1.2720708181849365,1.3632352570405133,0.17280837896527856,0.4065026116592563,,0.0
DSCR8,516.7855812116478,-0.26784898091451825,0.8359713452671947,-0.7915600784880163,0.42861723228280846,0.687898996949564,,0.0
GEMIN7-AS1,10483.426983410227,2.5201835185930683,0.892051192455279,0.6551735759215092,0.5123560051594103,0.7566966763898304,1.0,0.0
LEP,2023446.1770434126,2.004739428279549,0.4563172750437577,4.795126597397345,1.6257212900466026e-06,1.994803961300426e-05,5.433217136012508e-06,1.0
ARMS2,316.53810862269995,0.3299977044811333,0.33954171032464775,1.1143299248615122,0.2651376736217076,0.5219146795691004,,0.0
KRT35,124.31411755609663,0.07327431678695984,0.8067093578419968,1.9980600696740665,0.04571014808879516,0.15560768885851603,0.15276490589515007,0.0
PTGES,207182.56895220932,-0.022826612477843223,0.41954430822557937,-0.01307910309400459,0.9895646830889875,0.9959463980948011,,0.0
MRPL57,140571.69864221214,-0.09922740801842946,0.46447884015620494,-0.2871240099152674,0.7740173685783658,0.905892369036878,,0.0
SPATA6,29031.572939915244,-1.0611673226319422,1.4378498011617427,-2.1407991357545084,0.03229023970022441,0.11813733118162689,,0.0
SIGLEC18P,106.78653776585293,-3.906811701601223,1.1400368660965403,-4.149791636879533,3.327780567902157e-05,0.0002920726916714126,0.00011121558484294157,1.0
GDI2P2,41261.173779217715,-0.05306416069636732,0.5603695383883555,-0.14779939381235865,0.8825010877522302,0.951951704449437,,0.0
OAT,869578.9762397647,-0.3441756209277455,0.3838439640208816,-1.0919079461122274,0.27487356470862945,0.5343396582930695,,0.0
RN7SL610P,65.4447493529095,-0.8348543111461357,0.4369689744460353,-2.2841154201143237,0.022364748568748927,0.08725746433775948,0.07474376814174256,0.0
MT1CP,229.64197997822106,0.762088144827926,0.7645112399273762,1.650014035237129,0.09894006547560269,0.27908843857807614,,0.0
ID4,185802.6927386732,-1.8785975340699732,0.40325700528000447,-5.070907790304881,3.9592258112482847e-07,5.523009413791601e-06,1.323187046557074e-06,1.0
CCDC102A,56459.84665837038,-0.3239335515806335,0.507225512648306,-0.8774359471918093,0.380249895331219,0.6446080095822976,,0.0
PRANCR,28685.572248130185,0.8636413068266257,0.71194407828884,1.8252989688561303,0.06795592570907766,0.21250588164754777,,0.0
ALS2CL,215400.40542965135,-0.1895468615546189,0.6969432852662375,-0.5070615321558276,0.612111645002828,0.8224066599795865,,0.0
NUS1,146578.44202769708,-1.011686276462647,0.37187053014001165,-3.06753919542524,0.002158291539132377,0.012318294795916673,0.007213085445038793,1.0
LRRC43,3182.929299352112,0.008462494812696572,0.5642585982316791,0.01500035467309375,0.9880318974265251,0.995406757262067,,0.0
PDGFRL,198049.98334619854,-0.4907753272232494,0.4775031125449155,-1.3244743644281425,0.18534555148573217,0.4251794598620792,,0.0
STMN1,4108.087389091111,3.9106374362301004,1.8660079168462291,2.0877302098669053,0.03682217813035014,0.13094060545578978,0.1230610009403201,0.0
SPOP,392114.5776929346,0.5729266092586288,0.5152581356749579,1.3964020377126647,0.16259346182617007,0.3903806482499487,,0.0
CLIC3,20830.977169416,-0.094960700563597,0.20340600587382285,-0.49817416467206793,0.618361290374112,0.825915026511986,,0.0
ARL4A,230751.531998233,0.7446924063958197,0.6116297658942516,1.7058903274669956,0.08802850098758049,0.256934151918163,,0.0
SPRR2E,2560.68286132404,0.03053521504741643,0.5873292665486278,0.07273887789332556,0.9420139103905564,0.9800869726021748,,0.0
PIK3R1,1122883.297911614,-0.0588054612260619,0.4016971218125303,-0.21465504926144413,0.8300362710719572,0.9313363617896464,,0.0
PHF21A,285816.36919333064,-1.0641272716900512,0.5344764528558712,-2.5319845407853565,0.011341899159503111,0.05039274413039016,0.03790502175595652,1.0
FLT4,155650.5803238164,-2.0107390843757935,0.19239316339618714,-10.608037060560799,2.734330984937667e-26,5.937064755990742e-24,9.13822932248579e-26,1.0
CDRT15P3,9738.112993128774,0.801469421763252,1.9315673453683389,2.15117718770545,0.031462216894566415,0.11604306585780258,,0.0
DRAP1,274215.1209032801,-0.7748631146851402,0.4183895366447942,-2.215407219903722,0.026732126221968317,0.10121322088893843,0.08933969626926895,0.0
RBMXP4,4776.795978197294,0.5958341235823387,0.6950322108386625,1.3714589784782378,0.17023192282942434,0.4029814096793805,,0.0
LEMD2,320422.21027380927,0.4183227144853112,1.1290999762808818,1.173723933068932,0.2405056207531987,0.49562062338690915,,0.0
GRIA1,15063.050477309069,0.08954797582952816,0.7182209788211267,0.21809809164895724,0.8273526842612559,0.9299570797210696,,0.0
SP100,387399.1284223537,-0.282970826547435,0.2992608103661865,-1.1158490138217398,0.2644867694209544,0.5208386934101917,,0.0
MYOM2,17518.3110569768,-1.4835264219165654,1.900103762986959,-2.4277324372528692,0.015193547552243265,0.06376182897134695,,0.0
OR9A3P,101.012884942218,-1.1847333182743003,0.3125531904907196,-4.085702044356232,4.394374138580748e-05,0.00037642374696521876,0.00014686151321240744,1.0
PAMR1,44148.99285339115,-1.8404002930074888,0.5675957314842152,-3.7742642365640613,0.00016048059429368106,0.0012143031634888532,0.0005363317317994308,1.0
RAG2,903.630204440739,-0.3801592932895349,0.9309877214657248,-1.528533174763093,0.12638021328478635,0.32975067144421266,0.42236707157358655,0.0
RAET1L,3267.396850149532,-0.18683368100126604,0.30136758510654604,-0.6948473702728156,0.4871509581015411,0.7364486309246097,,0.0
BTBD7,72650.61089899263,0.9202283525973802,1.1219295083921892,0.6154559434847535,0.5382536558502169,0.7750872460493959,,0.0
HPCA,31638.464254595037,-0.23214551439172984,0.21398227639297976,-1.1516750222314383,0.2494546399778419,0.5062074246441863,,0.0
ASCL1,19413.315816662704,0.10949123514967894,0.6116210076860219,0.2736679467196764,0.784339812472666,0.91010463288106,,0.0
MYL12A,1357822.3084567804,0.001400047948556434,0.7400912104393108,0.5411626982968174,0.5883954456733531,0.8079314973034714,,0.0
NEURL3,14189.728147270327,-0.6146888053707424,0.5109421546703187,-1.593209629500548,0.1111131717127896,0.30190379735237827,,0.0
UBE2B,396575.16083003615,0.23609377132019863,0.955278610573889,0.6996474343011996,0.4841475116660371,0.734709111230713,,0.0
AKAP3,11590.556444935966,1.5096521485774361,0.35854831790576736,4.546166693133799,5.463177438264396e-06,5.905434659457229e-05,1.8258129149433824e-05,1.0
KCNK13,6796.000342379373,0.21814143502283628,0.4680544057392465,0.6021513180279987,0.5470734173477733,0.7813973290896786,,0.0
NBL1,1212851.330934313,-0.0453423620238654,0.41243631613538173,-0.1774858658733529,0.8591267663858724,0.9400699104581609,,0.0
ARLNC1,378.92209690591756,-0.42489207668571355,0.9624860653483162,-1.1283809839513135,0.25915905518572147,0.5155352217082237,0.8661185826923073,0.0
TMCO6,5762.041693279911,-0.1933196179724899,0.856299004682376,0.5228064666748014,0.6011089390221503,0.8163336380291677,,0.0
HNRNPA1P36,987.3100903291521,-0.2567086994333702,0.5400021713225787,-0.6786816328463791,0.4973396063401505,0.7454123631640791,,0.0
SLA2,79941.7901303237,1.5924777519067603,0.643506298928093,3.0717071851971505,0.002128383999561657,0.012161498505504482,0.007113133406834909,1.0
SLC38A8,803.0012381067071,-0.2864845435926008,0.8124418292720865,-0.8024087716531858,0.4223165407244227,0.6814374166002478,,0.0
MIPEPP1,113.25097742546018,-0.05638123939888405,0.6227826022994253,-0.1521228914197548,0.8790900095833226,0.9501524701250617,,0.0
FBLN2,2233408.9194816584,0.8815751486404187,0.5855397734918468,2.1167385957681937,0.0342820392823249,0.1238816962199208,,0.0
USP12P1,1140.4545662835335,0.9147452988381025,0.2675559414634838,3.648869837700903,0.00026339650820819964,0.0019091468243711885,0.0008802802981817543,1.0
LINC01537,14052.870705363759,-0.6856185720008156,0.22192900523890655,-3.257904016804001,0.0011223836229390077,0.006989007248076565,0.003751045133423337,1.0
SAMD15,11251.838486529874,-0.08257098879882516,0.4405208379971959,-0.24185717607732324,0.8088908336376457,0.9221857987955306,,0.0
STK32A,19537.04431564855,-0.16863571843826736,0.34387252873755014,-0.5667805942600141,0.570863256543502,0.7972290556986155,,0.0
CLEC16A,217904.49236914972,-0.19638530448892252,0.19677006386098736,-0.9821736524267644,0.3260143053861616,0.593985932542317,1.0,0.0
STARD3NL,122936.136947919,-0.3000360277952604,0.44977580472406103,-0.864929547218736,0.3870774589891288,0.6502068046389874,,0.0
ELAPOR2,76560.73539668534,-0.34935687487331524,0.7213596220903875,-0.8909532750384119,0.37295423761658075,0.6384709806569127,,0.0
LIN7C,647921.7213762794,2.983462708754097,0.5445935269788685,5.857841293094745,4.68922444822408e-09,9.292851942234545e-08,1.567155131859627e-08,1.0
PPP4R1,404343.73690055904,-0.6597865496291099,0.8837052498627471,-1.6038912357992694,0.10873802900446995,0.29830233042655674,,0.0
DYNC2H1,132938.6811972599,-0.061741204643547494,0.4599667351670529,-0.18285852163780425,0.8549090290159087,0.9396657033762604,,0.0
PPP4R4,14569.538279465309,-0.5216169521205091,0.8669998618266543,-1.3049822539816722,0.19189889059653853,0.43462270278417836,,0.0
IFT43,87220.35987551096,-0.0853375097683143,0.49645543769676626,-0.24106613083360076,0.8095038624407928,0.9221857987955306,,0.0
PTGFR,94368.14609233626,-1.1595448940166768,0.6445156209890565,-2.436970476693076,0.014810888540306013,0.06257663060092067,0.0494985050078634,1.0
ILF2,1006668.7457694001,-0.016911762963480178,0.26203983916133117,-0.20792394319904023,0.8352883537389226,0.9335593134256123,1.0,0.0
PPIAP35,1262.114908913759,-1.80360660313903,1.0308699712573226,-2.7131524534636755,0.006664643728182154,0.032534927447254815,0.022273471308442767,1.0
TBC1D2B,602541.0654238916,0.03078715571423629,0.6907543174511773,0.0584482700412706,0.9533915665285346,0.9831592054876649,,0.0
ACAP2-IT1,2565.40155818083,0.27601129090943877,0.9415135161516553,0.7669459705249919,0.44311363988578834,0.7011207375093788,,0.0
HADHB,1810316.9629356817,1.195820094313962,1.3122061319783582,2.050078595159866,0.0403567617962486,0.14074138855479434,,0.0
E2F2,37740.01850909479,1.3816609688404957,0.7146347412374934,2.599079353138116,0.009347416237069936,0.04267001525404686,0.031239390409431182,1.0
COP1P1,1230.7114662540416,0.07016285635480628,0.26104838748628095,0.2899606379086395,0.7718463509210634,0.9044112333411053,,0.0
CR2,9165.359861899367,-0.8611482112896593,0.35582193630417386,-2.73383260350783,0.0062601861707106046,0.030740776535426506,0.020921760073867503,1.0
RAB3B,23905.91193110802,-0.40336379450780385,0.7704846392189583,-1.022230946555846,0.306671607125234,0.5738171622268335,,0.0
PACSIN1,63896.324127276464,2.7593982855099295,0.2644920809696561,10.592409910792458,3.231631631189479e-26,6.72448681923344e-24,1.080022539125105e-25,1.0
TMEM50B,274121.8148426895,-1.0983056846127601,0.3256919104377241,-3.727433587270749,0.00019343951110844162,0.0014269378411751218,0.0006464815789588012,1.0
ENDOD1,306843.61993593816,0.11451951042397182,0.5165268151995084,0.34963855023040413,0.7266099758757198,0.8801047306640328,,0.0
RASAL1,15065.659550638931,0.15941985668285572,1.2394612002008687,0.6396593305103909,0.5223941011185973,0.7631834822045354,,0.0
MLH3,13103.167819549968,-0.1828974542427194,0.8648388452961963,2.3394605865080553,0.019311609092553274,0.07727738446170757,0.06454006974505923,0.0
TRIM38,145364.29665608602,-0.6484178982285953,0.2713645016310744,-2.617306453657503,0.00886267332886264,0.04094374709004627,0.02961936273829395,1.0
ARPC1B,2170042.3249170408,1.1204673784795935,0.9502804103578681,2.0343303921493936,0.04191829486886339,0.14517334575249916,,0.0
SMIM32,573.7943022623397,0.3289625829707878,0.44024588239864515,0.9376489320800149,0.3484248560033564,0.6157799437449623,,0.0
FNDC1-IT1,372.68720715251334,-0.08677119971023826,0.498474383774444,-0.24157005594301856,0.8091133268561796,0.9221857987955306,,0.0
LEPROTL1,226518.30678809242,-0.18119246625193844,0.6835190255977034,-0.4821668923720347,0.6296873938117064,0.8308716913657329,,0.0
DUOX2,12551.18597620808,-0.5197776455968879,0.4311490471264412,-1.4813034572565411,0.13852572764484453,0.3513445829651364,,0.0
LURAP1,13035.763729345492,0.08396324266930727,0.22585219363972636,0.38937083902966885,0.6970018404371736,0.8673877874765126,,0.0
LINC00900,4345.6524714135685,-0.0542949639018361,0.4811742752305849,-0.15772530387769884,0.8746732604557987,0.9473255828922704,,0.0
JAKMIP2,5168.968178759778,0.12310356474075376,0.7221061095743035,0.3129883458287385,0.7542895163340226,0.8953938304188518,,0.0
PLEKHA4,345349.8788489216,0.7183205489210032,0.7266200624817803,1.5842711169275066,0.11313203561965605,0.30560527898245726,,0.0
PARP16,75667.30144280921,-0.043822956318173706,0.23983127984423974,-0.2029749731426879,0.8391545935725433,0.9337414052222042,,0.0
NFYBP1,3582.1087500744898,1.923988263531607,0.3835086882541428,5.349869236783201,8.801780604636861e-08,1.4459240901169898e-06,2.9415857134505924e-07,1.0
SYNDIG1L,2203.3322271795223,-0.07631693888457276,0.3602411896091319,-0.25302630736469284,0.8002478841706064,0.9185102122610914,,0.0
GALE,158662.46121664793,0.25038765501289884,0.34932371059468303,0.8178439418976108,0.41344630327234133,0.6714636873307553,,0.0
ZNF318,197970.29974377045,-0.09392477015962507,0.3240499174447452,-0.3507355708054857,0.7257867370641894,0.8799657598685511,,0.0
CDC34,262912.4587407616,0.02037045305811699,0.41551167187767135,0.021520475837293846,0.982830469888453,0.9930308555062137,,0.0
NAPB,165132.55148114782,1.3069512037698414,0.307759750076724,4.524421489110895,6.056092823451011e-06,6.448641270855939e-05,2.02396730036753e-05,1.0
XPR1,221612.3724113535,-0.6069019025870309,0.1870051294146405,-3.3588830785610204,0.0007825817084602654,0.005062452139961872,0.0026154153081272458,1.0
RPL13P5,43053.11663186205,2.0086893271906323,0.5643213887587251,4.043365178611378,5.2689459065685466e-05,0.0004429817484411333,0.00017609000610104922,1.0
BTD,8916.030330731784,0.2622472170630702,0.9420085085893943,-1.5582748721794384,0.11916810291771326,0.3160517822469783,0.39826394770290646,0.0
CYP2R1,68892.43224221024,-0.5106635460668285,0.482897974038135,-1.3867755642981434,0.16551021047176484,0.39598276387895515,,0.0
HPS1,384097.6290741094,0.07889438045464141,0.4877513873151395,0.18574371244436427,0.8526457471869802,0.9395321409924882,,0.0
ZNF300P1,24901.627008041076,0.26866169393704054,0.34910075528200807,0.8774185329452673,0.38025935046644943,0.6446080095822976,,0.0
BLZF2P,109.4168260599309,-0.09395784317037831,0.8074552312717523,-0.282722166798772,0.7773898225664532,0.9061313572368245,,0.0
CXCL12,1051167.6093407064,-2.709047874202113,0.6179464970196741,-4.928513662006659,8.285754159452249e-07,1.0775795904245971e-05,2.7691278793939143e-06,1.0
RTN3P1,44016.53416119546,0.3626648866023291,0.8426376860629424,0.9136988016329904,0.3608751338902112,0.6254436174411084,,0.0
GAS5-AS1,13812.614089163419,0.3396469968679985,0.4105712154378521,0.9971377163631621,0.31869766793669485,0.5855688571287174,,0.0
NPW,4382.800978648772,0.1550472292866055,0.47642232899553294,0.42377061055730003,0.6717331135976145,0.8551198494281129,,0.0
ACAP1,65534.993642420646,-0.20916412692144912,0.3252485904919958,-0.7454708361385848,0.45598713520193124,0.711624922874514,,0.0
NODAL,3919.5499048208826,-0.6719116920240368,0.4358857813770035,-1.8800443624434293,0.06010203214432575,0.19178884890016792,,0.0
SLC25A19,127029.91964336771,1.2847377025852633,0.24899922316726364,5.347277512847908,8.928706296450114e-08,1.4619658768679301e-06,2.9840047214307513e-07,1.0
HPS3,301329.56258366734,-0.04358271289503043,0.6197065257776257,-0.11057267842841065,0.9119552140575018,0.9640824815408199,,0.0
ZCCHC17,182463.67424802345,-0.24548376567788982,0.6737797760163975,-0.6335380296778313,0.5263823545849304,0.7658370734558375,,0.0
NUDT7,31055.653076835304,-0.33187150351589606,0.44498566938013195,-0.9500079259575134,0.3421082253095509,0.6099566144933585,,0.0
GALK2,105048.6526065317,0.27726157800630136,0.4725778060739937,0.7520793340577266,0.4520033510153776,0.707619039175798,,0.0
LNC-LBCS,9943.70027351528,0.3565707023578704,0.7232976920731159,0.8743943280103539,0.3819035452098458,0.6452051098707612,,0.0
MESTP3,2222.928463609628,0.019869276416610057,0.3482362807330893,0.06340991045471799,0.9494400957327284,0.9818398440718766,,0.0
SFXN1,127404.26834140268,-0.5625937696613018,0.5577685457659556,-1.4166569712520307,0.15658324309456897,0.380894649787763,,0.0
IQCD,7852.93546664392,-0.287793197834145,0.6240976154604913,-0.7371129160963481,0.46105368519242773,0.7157656831951699,,0.0
NPAS1,4260.386906124063,-1.0652872463313938,0.37861135958175285,-3.168120241039858,0.001534280500140277,0.009165307198206392,0.005127618833467472,1.0
YWHAH,849453.612819287,-0.373232803997769,0.6177833887402512,-0.9395071582477592,0.3474704187577192,0.6153206527880005,,0.0
LCMT2,56406.02382378037,0.1432139454167678,0.4019090844855912,0.42285099393985554,0.6724039796302944,0.8554177371744319,,0.0
SDHCP3,248.82421235887182,-2.06128009035238,0.19719088666898554,-10.619779078216053,2.4113111202580587e-26,5.473676242985793e-24,8.058685691732589e-26,1.0
ALAS1,63997.33063259544,0.007238863723378152,0.7700195286422133,-3.485041235457378,0.0004920612051344556,0.003347893267631432,0.0016444856741876417,1.0
CARD14,41339.40140060813,-3.469928299561989,0.20403264129564688,-17.105238086065267,1.3564634719309584e-65,3.387089289411603e-62,4.533348136111965e-65,1.0
GJA9,2763.455577845502,-0.00827804366340534,0.7997078090282177,-0.03810702529237374,0.9696023500068958,0.9880117093685531,,0.0
NFYB,246261.78871780518,0.3407056910029908,0.36690038782334444,1.0774994489042544,0.2812571968435331,0.5412710755439708,,0.0
AOX3P-AOX2P,595.4880082883137,-0.1250390251995311,0.34310167786674606,-0.4246915058098438,0.6710615767282099,0.8544827930088426,,0.0
LMBRD1,166936.0213739532,-0.38504425215382837,0.7929652776204761,-1.0110151540206662,0.3120091768558587,0.5811912828116965,,0.0
TMSB10P1,8244.523267327993,0.12661172071238397,0.644363555428038,0.31649375508957356,0.7516277644735262,0.8945541665731039,,0.0
PCDHGB6,590653.0550672492,0.03713964225606151,0.36998042273133175,0.09170301747793941,0.9269339998957649,0.9718892285281231,,0.0
COMMD7,686184.461027483,1.2550062400377018,0.30958601404302316,4.390387331890219,1.1314893070044085e-05,0.0001123391172799208,3.781476646501347e-05,1.0
ELN,3096893.1909498265,1.9915088513070585,0.6024792118768117,3.6874940479131655,0.00022647338931054752,0.001658369657209493,0.0007568819496837776,1.0
IL1R1-AS1,2006.4925712430747,0.0821942249676283,0.291060443551373,0.3100513692483498,0.75652189278292,0.8971907700208744,,0.0
LNX2,139481.16229999182,0.43131258181941373,0.9569550297926197,1.1318617557851554,0.2576925594634142,0.5143551726459994,,0.0
TENT2,207542.5248351638,2.8893832910619235,1.0739630398122573,3.4441462209408162,0.0005728657980958622,0.003811661336936654,0.0019145374363404549,1.0
STT3A,1022778.4181801459,0.1800902104159821,0.24623127181525528,0.7458001000178304,0.4557881795364096,0.711536782933676,,0.0
RNF38,293115.6804231807,-0.9260074339473725,0.726183141301973,-1.9932828790793242,0.04623048009316849,0.15705783509202956,,0.0
EPN3,229930.76930488652,0.8588342303512226,0.32801356638123846,2.840812233812496,0.004499879841735782,0.023197686267038532,0.015038755053404792,1.0
SNORA47,411.55453434295634,-0.14631284816048376,0.7279853496904649,-0.3985851520487563,0.6901989038746789,0.8638730140225931,,0.0
CDKN1B,1917685.36369031,2.1104602951966807,0.4167764908815745,5.413859829743445,6.168045749336421e-08,1.0517237573787393e-06,2.061382357860559e-07,1.0
PIANP,7114.39257493457,-0.8553224782533578,0.639207455845637,-1.907896234300292,0.05640462909886457,0.18315001152128066,0.18850623366173413,0.0
TMEM140,106170.80373297255,-0.2845149345655034,0.8251686133609645,-0.8270262976167511,0.4082221562595285,0.6680861917317386,,0.0
HOTAIR,20902.535542509017,-0.4072045493477903,0.4418446523074685,-1.158995469590336,0.2464580317138808,0.5021670380983765,,0.0
PCDHGA2,557247.3457684193,-0.1401352245468611,0.41676194976896475,-0.4512899120361956,0.6517806145869227,0.8428255798154045,,0.0
DENND5B-AS1,5476.144384359095,0.01555728211862316,0.9165443249576929,0.031176566665777408,0.975128727919951,0.9892651001611754,,0.0
DUXB,405.58987621436626,-0.8997397523672009,0.7937902099165627,-1.8624369331525263,0.06254152729189842,0.19906461905400938,,0.0
PRKCE,121569.24910155777,0.44743542624095933,0.7972931713925612,1.0847943057955596,0.27801276807270525,0.5377210549012742,,0.0
FRY,297951.95412648114,0.48807756273561637,0.805061228790073,1.1253117228973688,0.2604569638310752,0.5165678171872288,,0.0
LINC01592,206.48617063204432,0.246168173720278,0.33289095593123047,0.8450477068449117,0.39808420338439776,0.6598468046104116,,0.0
SNORA31B,17.62153297645023,0.33222927114926215,1.1799219098376028,0.9521602858274572,0.3410156987103111,0.6090959940483883,1.0,0.0
GJB7,2166.564834510214,0.10829848258947976,0.28373014367640986,0.41796842053844957,0.675970206315349,0.8565830722439108,,0.0
RYR1,93841.20267281547,1.6479288092592204,0.8572571270045833,2.6853895691531386,0.007244531058765127,0.03492639460306158,0.024211474950745836,1.0
STK17A,329741.7788127765,1.3616924804965482,0.45787455074108174,3.376759872918708,0.0007334505042583946,0.004775556477531189,0.002451217113629293,1.0
GBA3,1166.2443750664183,0.23221529685246142,0.3935414927861747,0.7091611751067209,0.47822446361883497,0.7290149485080775,,0.0
RAD9B,5822.827710737892,0.33591285815495714,0.45999975708423885,0.9282147647181724,0.353296177109649,0.619508816181737,,0.0
KLHL14,9625.09579896579,0.3329015205183181,0.6117318302330468,0.8289608565231195,0.4071265572420474,0.6680861917317386,,0.0
COP1,270832.58071034064,-0.13468561803171675,0.46128340714383936,-0.4076185695852335,0.6835537290222985,0.8600824698254872,1.0,0.0
ME2,214850.10496409828,-0.14207836197887874,0.41756068004610514,-0.3989608496207718,0.6899220518436886,0.8637670724384124,,0.0
CCNG2,390841.7292440523,-0.5081548168203921,0.36089785766952337,-1.6657591375183551,0.09576139794624952,0.2735883417297312,,0.0
SPTB,60137.227178002344,-0.2354303761795047,0.5168047096327099,-0.6363940143741335,0.5245196412518156,0.7647759187976587,,0.0
PHACTR1,89835.6886196564,1.5818656430408866,0.1860338865261363,8.717753298625809,2.8377643757853337e-18,2.2494913162971356e-16,9.48390731478994e-18,1.0
ZHX2,304623.52178666095,0.6869705973164053,0.36606727384554144,2.08121803112096,0.037413953863857034,0.1328913837810114,0.12503873603898139,0.0
CFAP410,377686.49684838194,1.5355300818382416,0.3142772136011911,5.1145361430606835,3.1451286724057324e-07,4.500507905442472e-06,1.051112949218328e-06,1.0
CCDC6,276406.4541994315,-0.6040267655479052,0.9333799447447898,-1.4910388591788393,0.13595129291113756,0.3474620045026719,,0.0
FOXRED1,140058.73510374984,0.5893691463967101,0.45074242545792964,1.6498584472366509,0.09897189121381113,0.27908843857807614,,0.0
EFL1,161782.8390621079,0.5407709262794786,0.434855940459497,1.5744062457888706,0.11539356080889451,0.30932659295739084,,0.0
ADAM17,1016041.3808921616,3.4183958365641,0.7273862361990191,5.157150750648881,2.507359312111039e-07,3.6613311124802713e-06,8.37968209194807e-07,1.0
S100P,154171.67205240057,-0.11113689935986491,0.7094239704457371,-0.3136443466391908,0.7537911740844255,0.8952521041832213,,0.0
FOXO3B,21540.898789643463,0.4695595689141113,1.5840325381965668,1.5613150761926498,0.11844942814669548,0.31481449928930133,,0.0
PIN4P1,15605.296502112566,0.18684628414049642,0.5355596098922569,0.4886000716322274,0.6251248623040331,0.8291828850853497,,0.0
HOXA-AS3,58180.01782927115,0.9716281359757084,0.5096979327960905,2.3610869715210834,0.018221456717216342,0.0737422648669193,,0.0
CCDC194,1031.7398961846723,-1.4222907295977332,0.46377647242001463,-3.514930334777163,0.00043986936181723656,0.0030425312921264257,0.0014700587172379266,1.0
SPATA20P1,505.6775910499593,-1.5590574985803676,0.26862838121660015,-6.060652391687897,1.3557053561631141e-09,2.982551783558851e-08,4.530814486828935e-09,1.0
MPP2,53313.047158448215,0.07719986763718224,0.6379427622949364,0.1875184536609922,0.8512541563789386,0.9395046682540119,,0.0
KRT18P12,1334.1307603228452,-0.20864770682429018,0.5060037371357805,-0.5677751484373178,0.5701876565998831,0.79717725561585,1.0,0.0
MIR1292,349.207432888791,0.9641298236583684,0.866371037432204,1.9140382408653844,0.05561526972772424,0.18149385566244475,,0.0
PABPN1,555996.9901491231,-1.6505432035156584,0.41789832727008364,-4.277299041702639,1.8917460108024087e-05,0.00017691722056080954,6.32228101200564e-05,1.0
HCG9,163.12516726446307,-1.9422292467311484,0.23644452364083313,-8.431685557528581,3.407214902030319e-17,2.268750829431922e-15,1.1387030793733187e-16,1.0
RRAS2P1,17680.03799158879,0.012631110305105178,0.3105169450442716,0.03607587196625679,0.9712218611830221,0.9886244156867778,,0.0
PIEZO2,68108.36118844892,0.10909897877939273,0.3394732584672874,0.3629826154819787,0.716617870789473,0.8756723097350386,,0.0
UAP1L1,123424.18782929936,0.31447511508648146,0.7119047291768584,0.7683491340947405,0.44227979125302985,0.7009664479586262,,0.0
RWDD3,36574.18394159259,-0.31647171517166106,0.8769690776209678,-1.0121944452647311,0.3114450915961565,0.5810073916440813,,0.0
LANCL1,370197.8532343678,-0.12651143671050688,0.24705169079157516,-0.5670801646730711,0.5706597184642138,0.7972290556986155,,0.0
UXS1,160061.4073652711,0.050612808074779116,0.307868192022683,0.17069393821506407,0.8644644294804711,0.9428118280902976,,0.0
LINC01150,605.9883312688523,0.16702180853761092,0.8679770324987272,0.4658636489530859,0.641313102282385,0.837631764539088,,0.0
SNRPEP6,948.3595029862647,-0.12860937456753668,0.6259076606303193,-0.340726723609366,0.7333093186921591,0.8843729231484495,,0.0
TMEM185B,124136.21432243816,0.10939200544052413,0.2681582442239958,0.40578023305011357,0.6849040839050724,0.8606972810825193,,0.0
APPL1,117600.40101306117,-0.06306883465044395,0.875149709964235,0.9658070456396166,0.3341407422856012,0.602447578975911,,0.0
SLC1A2,37819.67960258479,-0.6535677176638539,1.25336554767544,-2.4395983462934643,0.014703599833678442,0.06217593358966142,0.049139942416035115,1.0
KLRK1-AS1,3815.2571456983874,-1.611605945016536,0.4353309589459616,-4.12009531664393,3.787156952555872e-05,0.00032949585054118513,0.0001265681035081089,1.0
CLTA,1320128.3194547151,0.3418611772975809,0.9450623949598174,0.9419581564931719,0.34621406329349536,0.6139890028720582,,0.0
BAK1P2,234.24754001237153,-0.0825428995873208,0.8024402145270993,-0.24880183483804677,0.8035140717350053,0.920286653816943,,0.0
CLDN8,55816.187108666185,-1.2075813158831894,0.4341895753949561,-3.203750935276032,0.0013564977056419745,0.00824130114595623,0.004533462546365715,1.0
SLC26A11,168298.46828954382,0.45462966219288253,0.3003669231779578,1.6289687255394554,0.1033196397450403,0.2877737205168607,,0.0
ADH1C,96700.0792362628,-0.2879697612489182,0.5323398818884019,-0.762839326665283,0.44555922422918004,0.7020540559649046,,0.0
RPL10P4,4501.145186724108,0.04474647615338456,0.6011973268534585,0.10734369895023105,0.9145163180457097,0.9657632675661395,,0.0
HIC1,412772.58910466445,-0.446675995214842,0.6493022618627277,-1.124306828219808,0.26088288263282333,0.5170036174080634,,0.0
PRR12,631781.2295688236,2.122304677096321,0.5297483400629994,4.420885566163282,9.829722241568259e-06,9.917097550382198e-05,3.285127386355443e-05,1.0
PRICKLE2-AS3,2208.4705129870185,0.12043553149539385,0.38380709557308085,0.3724062132213965,0.7095904285990297,0.8739092420931271,,0.0
LRRC20,59652.59791818236,0.4486580757959346,0.5895126769326371,1.1092283520978397,0.2673316845748963,0.5251984393261339,,0.0
FABP5P8,794.9689987233461,-0.20738384663746112,0.29061172745060915,-0.7952553666946589,0.42646497093329394,0.6857543406944736,,0.0
LRRTM2,6975.835642366279,0.21137175837149477,1.0147674457338016,0.6486214475234502,0.5165830890975339,0.7602100902335105,,0.0
CYP51A1P1,7797.894384642306,0.21353562641027116,0.5485484113851311,0.5479363994797058,0.5837355743350854,0.8036894473873155,,0.0
SHOX2,34510.630808396134,-3.107229140120996,0.6055151866037453,-5.563394428391753,2.645769509477741e-08,4.781609406004566e-07,8.842253789037725e-08,1.0
FGFR1OP2,182804.3402074502,-0.8949757133495334,0.26621352699963774,-3.616737641653313,0.00029833941805366645,0.002140671054252888,0.0009970607191043886,1.0
LINC00923,47.96444208522693,0.34539604164200405,1.246239258751892,0.5158970542328536,0.6059263116102396,0.8184425357097533,,0.0
TMTC1,587408.9113681687,0.07128924187542403,0.7016133340928821,0.16719088787369507,0.8672198539308792,0.9442084216345255,,0.0
RPN1,615011.4413182013,-2.7901136182823065,0.5921615919169347,-5.172163518233015,2.3139894502311114e-07,3.4088682343522626e-06,7.733433283135168e-07,1.0
NCKAP1,858467.5980205955,-0.037390402509372915,0.20280444166336004,-0.2603710791613318,0.7945775492884553,0.9152002306839239,,0.0
RTBDN,4272.16460874937,-0.017249657636110128,0.2862674963023546,-0.07189865897280703,0.9426825572741117,0.9805536214462304,,0.0
MTND5P11,9615.519193801361,-0.021157693765967635,0.29072120960900877,-0.0868981629968468,0.9307524597142851,0.9742565046768267,,0.0
SNORD35B,8154.160740868943,0.856343851129634,0.38485872105321356,2.537828500750415,0.011154263001879133,0.04964740591032477,,0.0
CAB39,468253.62748057593,0.10601668349642188,0.2425096395258448,0.4678445064493928,0.6398957904744254,0.837631764539088,,0.0
RPS25,1444492.0586147797,0.7018773715115207,0.30513292593003877,2.5831383068759126,0.00979060653684579,0.04440898187557482,0.03272054781691502,1.0
DIAPH1,688793.1049112208,0.03003493863697953,0.3985570749549446,0.044169522156613544,0.9647692761294994,0.9877304119322081,,0.0
ADIPOR1,733019.7553341165,-0.27490068330464346,0.5838014994804491,-0.6958403544117387,0.48652881397927805,0.7364486309246097,,0.0
BIVM,105489.4288602112,-0.1540994096051979,0.5932912867562303,-0.4118632911655866,0.6804396282386118,0.8574603844117152,,0.0
ALMS1,350471.06108277524,0.8149358456965864,0.8399707716358857,1.7805302470419175,0.07498922376808503,0.2283286280398194,,0.0
PYGB,2300184.6828466123,0.13387345226702252,0.6831692444398859,0.7296662385788063,0.46559422273097284,0.7183124956189306,,0.0
ZNF702P,115198.36716111086,0.30720576265914423,1.352119462079708,1.0966977638350128,0.2727735343020491,0.5318766971452967,,0.0
FOXO1,81229.75314881373,-0.41976118008887314,0.9611228233419625,-1.7741023463480377,0.07604622276034967,0.23002715715638175,0.2541491233215702,0.0
LCP1,655523.8752286755,0.17716500272370822,0.4896162429954698,0.5962345794717525,0.5510185279699642,0.7837614721395617,,0.0
LINC01990,433.8200745434773,-1.9437086382568194,0.4202316691536498,-5.004228715350775,5.608613492903468e-07,7.590627583620574e-06,1.874418150606895e-06,1.0
TPRG1LP1,85.97512242469212,-0.5017160896317888,0.7615911652705815,-1.2026901043483107,0.2290962646960809,0.4833003311184192,,0.0
MUC2,21395.386949520103,-0.22154631688165427,0.692642456027954,-0.5828419155822632,0.5599997251059718,0.789894927276855,,0.0
FAM182B,4101.144225138634,0.8145773897522751,0.8415338255815002,1.7123951287560009,0.08682387616736358,0.2549079586007135,,0.0
TRMT1L,141356.30957575527,-0.20277561861647025,0.3754985700210038,-0.6464057599566604,0.5180166111133098,0.7608749870293732,1.0,0.0
LRRN1,144680.5211936136,1.828594112399669,0.23615094165414552,7.91215315548986,2.5297490068225147e-15,1.3732137543556128e-13,8.454509230967079e-15,1.0
RPL9P21,65.18884138404417,0.1499061244107702,1.072598466736058,0.5301346810125634,0.5960185550032351,0.8125898617761823,,0.0
ASF1B,110917.46632854061,0.08426662176059148,0.5376896692249541,0.21406486207817219,0.8304964766436216,0.9316036397929573,,0.0
REEP5,871655.2870499383,0.3486623627447815,0.3089648104881335,1.2030928735545894,0.22894038283929385,0.48323257476730075,,0.0
FGB,17090.59290531957,0.37846909945141105,0.9235127314533704,-1.7594908568524774,0.07849417186794086,0.236572054501205,0.2623302544421879,0.0
PLLP,664338.7762959856,-0.558799084661398,0.9353335235643007,-1.4467066244583169,0.14797910833035458,0.366113840609123,,0.0
ANKRD30BP3,164.1701890609569,-1.4580902262109208,0.38235615350779595,-4.179101841569755,2.9266261545463175e-05,0.0002619277959821561,9.780886472322465e-05,1.0
RPS4XP20,232.2374236257004,-1.4256504355739077,1.0483050655643027,-2.371555799334799,0.017713371826115376,0.07227171478727139,,0.0
METTL17,248312.5413579299,-0.24746650554431784,0.41921604056642403,-0.7363195296329988,0.4615362637326572,0.7157656831951699,,0.0
ERICH3,15061.39814786528,0.3348544544605245,0.354473795590043,1.0982495597080262,0.2720955306898182,0.5314827064250631,,0.0
HSPD1P11,2433.5161458667076,0.11094000002708615,0.3460125371338167,0.367543560278218,0.7132136055460474,0.8740585879992542,,0.0
CUEDC2,282788.93105040333,0.24663059746666302,1.2628105463566544,1.153677113651703,0.24863257021035334,0.5051550267007748,,0.0
RPL31P28,910.8700141155969,2.3886043797709835,0.25567393723032533,9.54463645667246,1.3658580421710552e-21,1.6636817225859146e-19,4.564745116840749e-21,1.0
CEP131,228006.2607202314,0.931812488109933,0.6477498700705329,1.9871007037081936,0.04691123828803404,0.15883032136301153,,0.0
ACY1,192649.28107869736,0.06232648269504486,0.28091220278313284,0.22421946535844667,0.8225865378724586,0.9275356746293023,,0.0
LSM14A,1173343.9942798768,0.29007510566831185,0.5685009014145708,0.9902025671904541,0.32207511801606215,0.589618023495639,,0.0
OVCH2,8416.764470043847,0.5960250482330103,0.6022582729414655,1.4230196618305806,0.15473045557323867,0.37786009541943955,,0.0
TXNDC15,207176.49627347052,-0.5674206142223184,0.41442153134321796,-1.6612868489804948,0.09665584998128722,0.27504234461911586,,0.0
PDE7B,131755.04548429206,0.5755086719465616,1.276193384608044,1.5506233369559985,0.12099197617568191,0.31953142729844286,,0.0
ATP6V0E1,1436732.9328843434,1.1636071037440812,0.34869574984212,3.6136764257574288,0.00030188577150742836,0.0021630093872426074,0.0010089127557808498,1.0
CHST3,204407.0159382103,-0.46944525899658107,0.6200527943290286,-1.162197541414548,0.24515523311797138,0.5013257855058691,,0.0
FBXL22,20944.88680450036,0.2477015024571134,1.27452114172615,0.897629340996907,0.36938319111910833,0.6339174077143735,,0.0
PRKCSH,3971060.6552291773,1.584874715230105,0.3755818375082788,4.598068766650538,4.264252581224289e-06,4.796323736629302e-05,1.425128054755882e-05,1.0
NMRAL2P,3387.1064352116655,0.9885445364971368,0.33550879855478155,3.246119565036965,0.0011698969387656834,0.007239733968024563,0.003909836288659342,1.0
SUCLG2,242561.95276596287,-1.262801093673867,1.2752951762358071,-2.2269658111726276,0.02594955882537616,0.0986992359283538,,0.0
NAV2-AS2,5220.653462350887,-0.13789684838155636,0.8076960934908315,-0.4189977297695779,0.6752177915092752,0.8564992763010719,,0.0
PCAT5,16.300814505395966,0.229792103471789,1.1284398602574894,0.05831958298371675,0.953494069096529,0.9831592054876649,,0.0
RNF26,21629.84914925909,0.13865278444696333,0.9867379793986621,0.8871377565365955,0.3750047385529408,0.6394177802413599,1.0,0.0
YWHAEP1,10124.4178216497,0.6304461149418811,0.5039070287008524,1.60822745924737,0.10778537131561786,0.2967365735116844,,0.0
PLEKHG7,31525.30548169295,5.334808650767652,1.5332140639384373,4.19297612165856,2.7531843318807068e-05,0.00024818416161393955,9.201237864176954e-05,1.0
LINC01337,196.37894978371597,0.3998778786942806,0.39330384715900546,1.215389122185025,0.224217714856358,0.4760813214254472,,0.0
LINC01874,1231.536024726341,2.7557796755587662,0.47847977630943156,6.109360651651628,1.000310513236775e-09,2.3020970982048174e-08,3.343072551935219e-09,1.0
COL6A5,600.8721848098351,-1.4938611434869715,0.3760352651564877,-4.333729897529383,1.466040302439144e-05,0.00014079625519963624,4.899557717589455e-05,1.0
OSBPL7,50102.98719040206,-0.8469586884113638,0.45307826790272876,-2.2655974017401266,0.0234760443194197,0.09088322893890076,0.0784577572201222,0.0
TRAV1-1,303.43274580718173,0.38847353480139407,0.4675248700645296,1.0670391040027392,0.28595417830888015,0.5471475733618956,,0.0
ERH,279470.83699520334,-0.36563622823711295,0.5700566703868455,-0.9365143213517613,0.3490084424272222,0.6159742717660982,,0.0
TBC1D2,117109.70124335206,-0.3832956435208804,0.4221936112093128,-1.1196208328813595,0.2628753740237113,0.5190983067909902,,0.0
KLHL5,216917.45129820835,0.5036248102161273,0.5336108336422227,1.2445296326921838,0.21330470028512394,0.46118284832455786,,0.0
SKP2,171650.41782609443,0.9386673443545887,0.38448638769003535,2.782640429803892,0.005391852566520175,0.02708944840764764,0.01801975894553898,1.0
EPB41L1,797155.6793566417,0.7871047849559605,0.514224901108233,1.9121041817350741,0.055862832600658455,0.18198237834813327,,0.0
CCDC88B,10512.054500358143,-0.011323912083228437,0.779342257332872,-0.9748556393739981,0.32963187327678867,0.5968869672515895,,0.0
BANF1P3,43419.33565785041,0.27270357886594976,0.32439759577113164,0.9495380614180227,0.3423470234790318,0.6101205430907896,,0.0
ADAM19,131368.17796208075,0.24174776476326226,0.20795655184894585,1.2198888295561843,0.22250702094762342,0.4732538597156863,,0.0
TNS1-AS1,1848.018028391242,-0.2818162987140248,0.3230614864604433,-0.9936955575145834,0.32037110619811593,0.5877785835243905,,0.0
F11R,379769.46804263594,0.18372921970953987,0.8443582597315012,0.516581269122739,0.6054484939327878,0.8184425357097533,,0.0
BBOX1,72586.39526291317,1.638957972456382,0.5533021843750471,3.456006064693384,0.0005482429856716942,0.0036750677455630078,0.0018322471401999794,1.0
ZNF148,223599.55733614237,-0.8343499821534954,1.892038901620204,-4.853749004693345,1.211490543697479e-06,1.5278241856629317e-05,4.04884356404385e-06,1.0
MIR6800,509.90953616450423,-0.276936892291198,0.7839526483271603,-0.7524870533077281,0.4517582127334373,0.707619039175798,,0.0
SCAMP4,646324.4286489541,-0.24555625825018476,0.8689042765918225,-1.1137746980339693,0.2653758541962744,0.521972042479793,,0.0
PLA2G4E-AS1,325.5926223625203,-1.442347141929331,0.5723068918552423,-3.072554604778504,0.0021223499960219792,0.012140911661092513,0.007092967556986441,1.0
SLC24A4,5954.085237515156,0.3077436721514256,0.26420198433313036,1.2619528660881596,0.2069657472507066,0.45367511601959193,,0.0
PHGR1,5788.809868705227,-0.032068499075745376,0.7556013138073872,-0.1020064404487901,0.9187515630141626,0.9677800686970529,,0.0
SBK3,7990.545780442866,1.9569483497220055,0.4799196035338444,4.488155380590443,7.1842523710838335e-06,7.521626067335988e-05,2.401002147846157e-05,1.0
UGT1A4,19825.337561299384,0.2789369629984559,0.2740101295771173,1.0887550942244881,0.2762618990569853,0.5361535469098916,,0.0
A2MP1,5439.227531542857,-0.8794560838240973,0.676592131715414,-1.9107324357443178,0.05603897425633709,0.18243718216176494,,0.0
EXD2,10284.551820512841,0.6195984648909891,1.2785875281625607,0.20431485625116744,0.8381074612277724,0.9337414052222042,,0.0
NT5C3AP2,220.8210023079227,-0.8090431917950629,0.6291629843285791,-1.8294048686396858,0.0673389788063808,0.21097293610982795,,0.0
TMX2,161962.93800459552,-2.516301727018571,0.5943393131080149,-4.6809756608076585,2.8551283886310277e-06,3.3314278441176054e-05,9.541938450090176e-06,1.0
CSDE1,3339916.527198718,0.21820426167695187,0.6899094104800667,0.8164996397739555,0.41421442947396403,0.6722472996592441,,0.0
CCER2,619.3369217381739,0.21444918911500668,0.835655483316835,-1.6641846273255732,0.0960755391756538,0.27417213865326573,0.3210877959197051,0.0
RHO,173.22651122144458,-2.1700886399153867,0.2699887538219198,-8.265725135395899,1.3884813733407262e-16,8.354308407787453e-15,4.64035307703497e-16,1.0
CACNA1A,9813.485949315389,-0.31701393528844884,0.5095683397568325,-2.272657222436961,0.023046844402431224,0.08956882563870937,,0.0
RBPMS2,60019.55781112002,-0.019469473868533198,0.21587208400047908,-0.11041846717076655,0.9120775079956219,0.9640824815408199,,0.0
FOSB,1402403.7498033233,2.436819269154096,0.18155509896666733,13.459425564490745,2.7101490494234685e-41,1.933497764688686e-38,9.057412452323547e-41,1.0
PPP1R14BP4,908.9729246883123,2.253041208501111,0.27015099298642614,8.560473254744497,1.1240514507393906e-17,8.135526007235533e-16,3.756619071982448e-17,1.0
GNL3,554677.141516088,0.06266135390450155,0.19416799705567878,0.28568340658289443,0.7751206148972829,0.9059189488579571,,0.0
GRN,1731851.2394534103,-0.2495451466403112,0.38375409344730377,-0.796402653865423,0.42579803621128354,0.6857543406944736,,0.0
CCDC174,96200.46923258252,-1.3106817739708774,0.3413636847659077,-4.197828884771079,2.694861270650315e-05,0.0002438068330729651,9.006320163558917e-05,1.0
PEX26,381281.4150099394,0.1107667151841992,0.6050550087445808,0.2386304963151371,0.8113921155347713,0.9221857987955306,,0.0
SFPQ,1483774.1931803755,0.3143578578241671,0.5883561059050544,0.7170242315091787,0.47335914519457023,0.7258076669025741,,0.0
NOL9,136993.02459034076,0.06259860376732067,0.24314658798317162,0.2539301656310712,0.7995495096157125,0.9179195979358318,,0.0
GART,312486.5652154257,-1.4604368841046458,0.4906969697129318,-3.5237155028977942,0.000425540891417827,0.0029515989051953164,0.0014221724704479319,1.0
L3MBTL3,95683.71891795115,0.8812357069690108,0.5140652882551412,2.117752204578457,0.03419605907905758,0.12375962740174669,,0.0
HTR1B,1674.2031776758413,0.10625135777027711,0.8530255560901501,0.29820376194011133,0.7655476507317903,0.9021019799954699,,0.0
ADAMTSL3,42729.20711631152,-0.20344578602593402,0.8207555817370544,-0.6152318552744821,0.5384016132449648,0.7750872460493959,,0.0
MMS19,338875.10599822225,-0.35875285493292536,0.6616894467026627,-0.9046379139210506,0.36565724258828614,0.630212674432311,,0.0
ADAM28,49623.995449540846,0.47986450655025265,0.89923654795674,1.1494545671824319,0.25036859053169025,0.5075325622792837,,0.0
RAB23,85491.0701254675,-0.9754467357240524,0.336128628791096,-3.2348550756486056,0.0012170448810031548,0.00751288273885013,0.004067406352643074,1.0
CLCA3P,85.54770684660252,0.15969903607393962,0.7509173153935437,0.4160927690137418,0.6773421210034449,0.8565830722439108,,0.0
MS4A4E,18915.03056687675,2.0315451002902356,0.4665574867820604,4.745412895745468,2.0808144255556597e-06,2.4741874383868965e-05,6.954154234805495e-06,1.0
ARHGEF38,38199.46167975476,-0.2667971927597979,0.7845087775407151,-0.7348987913324033,0.4624011345362292,0.7157656831951699,,0.0
LINC02427,721.1152173310022,-0.060966592434121517,0.3501179257122078,-0.2049210513655644,0.8376338076128367,0.9337414052222042,,0.0
R3HCC1,120531.33537825527,-0.007055533429980251,0.2303251714674455,-0.06871271033338931,0.945218300735041,0.9817614451328994,,0.0
HPD,7618.458726488228,0.20672899170088785,0.7628565598810892,0.5161475642465442,0.6057513497465924,0.8184425357097533,,0.0
ENO1,5130044.9046325805,-0.08132038500231259,0.41532373741813655,0.04129631920188189,0.9670596674203862,0.9880117093685531,,0.0
RNU6-1136P,533.6148050636372,2.7343747399515252,0.49518288881747796,5.889011984941984,3.885112748060621e-09,7.919286964822344e-08,1.2984182028826428e-08,1.0
LITAF,1349128.996175244,0.23459028269677218,0.8574088621456962,0.5878580797322815,0.5566275560423837,0.7872551727203806,,0.0
ATAD2B,291597.02313126746,-0.023681901379587134,0.8725098598018328,-0.0462782394814697,0.9630884831015492,0.9870026440814974,,0.0
ADAMTSL4-AS1,108787.08003660687,-0.8041218582945351,0.4688816973570737,-2.1198450581802084,0.03401911402817503,0.12337796329463042,0.11369306314770945,0.0
SCIMP,21828.305107788772,-0.531357994078616,0.5088926970598412,-1.3841041609727398,0.16632656302943305,0.3970529903293445,,0.0
TMEM51,80393.02001781398,-0.30289706923451803,0.2947761729705917,-1.1608593109383873,0.24569911821784807,0.5013257855058691,,0.0
RPSAP11,1643.104973621853,-0.07237729187513565,0.6501322401440612,-0.1975773730821943,0.8433757394701582,0.9361676912456034,,0.0
ANKRD44-IT1,121.68836604307823,1.2173485766335863,1.0845198530627307,2.154187793057785,0.031225447767527694,0.11534015247857492,,0.0
MTHFD2L,44392.02962350732,-0.5138407287283946,0.4895654850730372,-1.3666326485519458,0.17174047838207096,0.404562240113237,,0.0
PTPRK-AS1,16717.590461823485,0.5830069281993594,0.3302337923129468,1.989574543049444,0.04663782274865808,0.158226417667662,,0.0
RPL11,3997088.5331262737,0.28772242125782616,0.3064033053279033,1.3711517893253016,0.17032764338948536,0.4029814096793805,,0.0
RGS7BP,3526.3602382506097,0.245692593377647,0.3492835977614912,0.8123697285816479,0.4165795107424429,0.6747438467710013,,0.0
CALN1,3200.6383967726597,-1.3812058251883657,0.40099629994159447,-3.831934127486565,0.00012713978490734993,0.0009798396386223852,0.0004249055863737605,1.0
LPIN2,224642.7522897208,0.013102414773127097,0.8492940012796752,-0.03495277684192468,0.9721173964632349,0.9886244156867778,,0.0
PIGO,327416.37547247193,0.9047116136475438,0.5768384282194,2.030636918431877,0.042291839765892285,0.14606185877653255,,0.0
CYB5D2,128652.03834979904,0.42740309933410564,0.31230024587463623,1.5087839610582054,0.13135400082981313,0.338658688768243,,0.0
HPS5,164304.56143816482,-0.10251523657281343,0.23197305576667457,-0.4806737268321327,0.6307484069139495,0.8313427142064564,,0.0
TP53I3,9251.853783451943,3.9983562635997933,1.9077390208770226,2.465352499581969,0.013687851838315588,0.05867564985454768,0.04574527726151923,1.0
CHST1,58237.015991070366,-1.0871368583955863,0.4249450531972897,-2.960941332667463,0.0030670035501984974,0.016631573557663152,0.010250032614552275,1.0
LINC00607,4772.943686229226,-0.29524177152083264,0.19345782771506675,-1.590243312190822,0.11177997103204716,0.30305601266777604,,0.0
NEURL4,211529.74500611107,-0.16728656780798298,0.8491554687274948,-0.5728107542904151,0.5667728366903834,0.795199392662291,,0.0
ZNF554,38417.07828499233,-0.7769785186723933,0.4444926444521918,-2.1295102764873963,0.033212065573275815,0.12097815862358821,,0.0
GFRAL,733.6957080226317,-0.10260273657825243,0.6713392198965626,-0.2761058818764191,0.7824667431311764,0.9087532360923476,,0.0
SPRYD3,791422.6458211942,1.6237652163387608,0.30707384731624815,5.509662099817352,3.595231774639406e-08,6.389532911939215e-07,1.2015389726087387e-07,1.0
ANKMY1,58218.39868016081,-0.8292718356885266,0.7236692127061993,-1.793179022492851,0.07294430323280489,0.22405892479881326,,0.0
DMBT1,8389.423933820113,-0.25924215817042495,0.25188577704474174,-1.1188363978089795,0.2632099406738728,0.5193482590775665,,0.0
DENND1C,66784.15112426231,0.512923506754796,0.25570267564535026,2.1341800573379324,0.03282804451788714,0.11984156017714061,,0.0
RIBC2,14105.2302346467,0.21184954012808682,0.44042763603545776,0.5980137723285156,0.5498307435592945,0.7831999015581596,,0.0
SS18L2,68019.12006850877,0.17749636982679418,0.2574821003283051,0.7395909453282136,0.4595482375002049,0.7142807027936581,,0.0
H2BC6,42884.624596477355,1.8779216867716129,0.3535065849959225,5.619312986059449,1.9171827373094166e-08,3.5718463510692537e-07,6.407291437339972e-08,1.0
USPL1,158867.69547282532,0.2433504737349981,0.4576297914620031,0.7217285894551575,0.4704613612317965,0.7229181655358744,,0.0
FASTKD2,182107.15502330376,-0.26907260355902246,0.1810010948366471,-1.555726481467293,0.11977314670106572,0.3170854406192838,,0.0
CCDC13,7232.051153853073,-0.06534389416573778,0.44770187215060947,-0.19401844383405034,0.8461614402158721,0.9372350242937326,,0.0
SLC25A12,143392.46042505765,-0.19291820449892397,0.8374510474323346,-0.6162617598589236,0.5377217728924655,0.7749313154794005,,0.0
SELENOF,714988.0555359699,0.5003148060739055,0.26287558621860946,1.9741288949661193,0.04836708853523307,0.16232879041999593,,0.0
PGAP1,89047.1886195628,-0.21123769918948862,0.5627119094909155,-0.557118678780846,0.5774463463285909,0.8007906537396929,,0.0
CYP20A1,52901.954400862276,0.22665846528199773,0.755181922511181,0.5763509302628024,0.5643780045017699,0.7932743468848407,,0.0
NTNG2,8168.8314273942615,0.42574404479615235,0.7040506498332478,1.0239834297843162,0.3058431015692682,0.572481427749972,,0.0
SEPTIN9-DT,629.401842309136,1.207088056431063,0.28094336619208404,4.558107652351622,5.161658027902366e-06,5.6903576581334246e-05,1.7250440785352417e-05,1.0
PATL1,142006.4124068693,-0.7505585054778711,1.2074579049512617,-1.9319876588832765,0.053361029126538,0.1758976762098553,,0.0
CDH17,881.350508307409,0.20694780417214567,0.47364656663553845,0.5694200241189241,0.569071130943446,0.7966607391621062,,0.0
CLDN1,279968.9019196352,1.1722166756169499,0.24226916122190167,5.01301544141301,5.358359493519193e-07,7.291457032870531e-06,1.7907823929813475e-06,1.0
GRK3,168968.30982547876,-0.3863468392725131,0.6830435223426128,-0.9714987111503045,0.33129999462490833,0.5989866852097168,,0.0
ZDHHC21,126159.10437718945,-2.782655436603414,0.5845805945349614,-5.207945663194571,1.9094281773970057e-07,2.8635688642404342e-06,6.381375428208333e-07,1.0
RBFOX3,3781.51162137344,1.2637677360332582,0.9462870419220624,2.227540765246596,0.025911154493471932,0.09862828166188936,,0.0
HMGCS1,765704.6274565316,1.641166731192568,0.2749502985796037,6.198577659128583,5.697569156028236e-10,1.3557522540883062e-08,1.9041474428412976e-09,1.0
DNAJC11,288740.1799696183,-0.04970633724182041,0.5757770343531647,-0.13429840795207856,0.8931666121091899,0.9566924669895673,,0.0
FLRT2,149405.18279685025,-0.8608355240030743,0.5826944677470949,-2.021183915096454,0.043260730147734607,0.14858602913190277,,0.0
RPS27AP12,3359.3894298266896,-4.731505446437582,1.554820511568303,-2.630961086521294,0.008514378441300203,0.03985080218917827,0.02845534910134666,1.0
TMC2,8657.310191189457,0.8098846575544186,0.4175035173298627,2.2875201576341224,0.022165480233452207,0.08671784341664558,,0.0
ARSK,41989.12531825173,0.2854104183693929,0.5970069486729722,0.7121324752223385,0.4763827460148786,0.727641120799326,,0.0
GATM,121999.84151593424,0.043221059554784926,0.38212224032287123,0.126550798680511,0.8992959406964469,0.9577914113538188,,0.0
GYPC,355548.2071154201,-0.04235963244520699,0.44773897764549647,-0.09921575774308536,0.920966963720205,0.9686394037590256,,0.0
PAX1,7669.0593898084935,0.4551874772143012,0.36927724700413794,1.434365304514525,0.1514680432716958,0.37280995963472097,,0.0
PPP1R10,918992.3390277764,1.3173212993785584,0.32511522067808357,4.310667830796451,1.6276224277119054e-05,0.00015453130045614555,5.439570804260739e-05,1.0
MROH6,50088.29637793259,0.25648435394571906,1.160008708392668,0.8450168949426042,0.39810140614560874,0.6598468046104116,,0.0
LPO,14735.588648304134,1.0078011006662997,0.8206714440836536,1.9733756955513384,0.04845277455428885,0.16250715656421658,,0.0
SNORA4,8832.181569879434,0.3377471525300238,0.6146271709901872,0.8360088146093196,0.40314994423793804,0.6653439595255329,,0.0
SREK1,6009.0171958209485,-0.23485558168075368,0.8715526371301606,-0.3514406136429762,0.7252578178170423,0.8798179530043352,1.0,0.0
FGGY,38683.27667368382,0.2580229348105961,0.25825839901971037,1.1012659835595995,0.27078091138293636,0.5300979503905857,,0.0
ST8SIA3,214.2906963355304,-0.3546631729562858,0.8163263291650245,-0.9503492538355631,0.34193481985764496,0.6098651751318139,,0.0
KHDRBS3,104529.99847629119,0.5910863936185397,0.3477919569145461,1.8818089110310074,0.059861965480881706,0.19138966428394574,,0.0
GCOM1,290945.6782249692,-0.026660040624617482,0.8374363815520385,-0.10491097427007326,0.9164464508180538,0.9661370906523088,,0.0
MRGPRX7P,69.42090230804682,0.07860134164616617,0.8992115935410099,-0.8189408559849328,0.41282015843577113,0.671140064562544,,0.0
RRP36,75249.78692681075,-0.006706031971138042,0.8174102506173588,-0.04069390747528651,0.9675399187044363,0.9880117093685531,,0.0
KRT8P15,204.14456771575053,0.1869504032739896,0.4270230809334611,0.5454512697030475,0.5854431869693856,0.805427899648791,,0.0
NT5C2,393810.9695708255,-0.051674793708644765,0.36300516612842604,-0.22818226593027452,0.8195045475369197,0.9265577791259627,,0.0
CASP1P2,1080.7420821020519,0.38812657900152747,0.2796099395408649,1.5198248714525646,0.12855499642706208,0.33437690216497296,,0.0
LINC01561,1359.8022374350867,-0.3117944268253128,0.368883446425111,-0.9978514061040197,0.3183514185526075,0.585344262904899,,0.0
TMPRSS6,16704.758171089845,0.15930645869603036,0.5634019820414881,0.4080460644613747,0.6832398563679418,0.859904194229209,,0.0
RGL1,181592.66774238,-0.4232088352330722,0.5325262353771124,-1.0982552421119083,0.2720930500814467,0.5314827064250631,0.9093444438130276,0.0
MED21,209939.2918752234,0.3924906729681996,0.8323526925540127,1.1040060247483567,0.2695905242348777,0.5281816704703725,,0.0
BCKDHB,113028.30812701762,2.367208313306964,1.3049144490425642,4.429521124359006,9.44425624878611e-06,9.605828046117685e-05,3.1563033099189455e-05,1.0
SRP54-AS1,212.13245905958843,0.662623813829008,1.1816478733730813,0.7592715011925135,0.4476901617885063,0.7035131113819384,,0.0
SERPINH1,1452445.2608327386,0.6770060482424656,0.6273791053943294,1.630505820594741,0.10299463603197355,0.28709613030626335,,0.0
PLGLA,1258.907903541665,-0.7570204090433855,0.31001235416887823,-2.692541834884413,0.007090963878911487,0.03441426006927499,0.02369824809063257,1.0
LYZ,660654.2381275205,0.3348208599954506,0.6543875028336058,0.7405685644251101,0.4589550742062931,0.71362997561981,,0.0
MINDY4B,263.41846877214874,-3.4191146793002902,0.8642983152432102,-4.545017544178283,5.493067859298979e-06,5.924920278474969e-05,1.8358023976894112e-05,1.0
RPS8P3,106.35476688155316,0.10119468274527292,0.7627479534140867,0.26600136927043616,0.7902381544785361,0.9143024065906118,,0.0
TPTEP2,25601.149545780427,0.34729437037655425,0.40596890766032434,1.0341081143639734,0.30108562327174915,0.5669764715758353,,0.0
ZZEF1,260970.42651840005,0.3691560532752767,0.7573725721911432,0.895733608456842,0.37039505606872836,0.6352173454695156,,0.0
SLCO5A1,3748.1753920323636,-0.17159380614325787,0.6559938926690634,-0.453250962774454,0.6503680390414013,0.8423075692356738,,0.0
ENPP2,484611.5560114241,-0.5850414531692824,0.4211584781589759,-1.6763817303150852,0.09366344515874854,0.2691342031776699,0.3130264937601282,0.0
FAM107A,448913.2978158857,0.16675513880373166,0.2914532270324359,0.747768889442143,0.45459957033705767,0.709903143922222,,0.0
PPP1R12C,1033182.7587738693,0.5931102895666726,0.6585736991576967,1.601995857877306,0.10915652545306027,0.2987001030753879,,0.0
FAM47E-STBD1,533234.6484147661,0.2534376134638067,0.6708367651407351,0.974842448843979,0.32963841723666076,0.5968869672515895,,0.0
SAPCD2,85304.58663952877,0.2020444863409457,1.0425136290098,0.6393078585485649,0.522622677162567,0.7631834822045354,,0.0
CSNK2A3,129063.52203109054,0.4197850291479267,0.5146355667039078,1.1264484530899737,0.2599757475376744,0.5160249933239849,,0.0
FGD5-AS1,594944.971446824,-0.9553153142538808,0.23908395963384949,-4.256986565623696,2.0720080125966092e-05,0.00019197788524874705,6.924722896181305e-05,1.0
ZNF469,65035.81797298333,-0.3122070011389566,0.8931848105716543,-0.7910755773183774,0.42889988995788964,0.68805848070983,1.0,0.0
SLC9A2,44959.41277412181,0.5384944889198465,1.4843695466897258,1.613605592638275,0.10661300300088088,0.2939952164474871,,0.0
TFAMP1,265.5909439133979,1.643339877635224,0.6446690535140368,3.141811137913841,0.001679063039710187,0.009923361917529792,0.00561148711999529,1.0
BAIAP2,571857.483841121,1.7469842585135578,0.5475248816284638,3.6453858139895976,0.0002669909450329547,0.0019323953326008344,0.0008922930311576592,1.0
SYMPK,386681.9284574584,-2.131911200158183,0.22230980989085017,-9.55220710091237,1.26962143018761e-21,1.6023278537842478e-19,4.243119009991122e-21,1.0
ERVV-1,734.7057505357479,0.6998045304743765,1.7116195895711581,1.9467115622957099,0.05156932465153861,0.17078064145211128,,0.0
ELOCP31,85.21420616491503,-1.3368306747166776,0.5104645817834219,-3.110085565268367,0.0018703315504898367,0.010873615556631251,0.0062507131402916695,1.0
PLCD4,42439.49360933587,-0.6151479440478599,0.5495702963350626,-1.5306740694000494,0.1258499655305366,0.32878509467017053,,0.0
HSPE1P6,2081.649874336773,0.056322315395831324,0.2649649392578823,0.22884720409993292,0.8189876766044861,0.9265577791259627,1.0,0.0
KIDINS220,872299.7639404908,4.291977857388774,1.9562373151590535,3.237309952840603,0.0012066227865251762,0.007457765093943973,0.004032575350147393,1.0
HS3ST5,4473.497438327739,2.290941708107936,0.2553972126302521,9.169154243685348,4.7674465369023206e-20,4.668358432409841e-18,1.5932972261548385e-19,1.0
PPP1CA,1320470.580171947,0.5146626205554423,1.3964554891536716,1.4601012557430355,0.14426224756113823,0.36022283216016215,,0.0
ENAH,1475691.2126575722,0.8509897777922942,0.8126708410958141,1.8285338039647778,0.06746947714980966,0.21124925948974888,,0.0
C2orf76,38406.74066569899,0.051243401647890964,0.3223795247791325,0.18468868787350348,0.8534732193093643,0.9395321409924882,,0.0
GTSF1L,340.0852148449331,0.15329898831854835,0.31230989594907127,0.5525455100193608,0.5805746630324484,0.8022661502999578,1.0,0.0
AP5Z1,261462.5421726016,-0.012914081626795927,0.5605789127131313,-0.05696049975865811,0.9545766606536916,0.9832142018196998,,0.0
CCNYL4,141.8216672431892,-0.32145479280537165,0.34310012190689004,-1.0818719258566356,0.27930944103098865,0.5394420735527915,,0.0
RNU6-658P,199.0002478668222,-0.24847514809305898,0.3470182469942442,-0.8308853662452692,0.40603839129743,0.6677342450010872,,0.0
GFM1,207996.42139419963,-0.33481197238408344,0.28765207160493367,-1.3010537667221704,0.19324005146542456,0.43509504824992346,,0.0
CCNG1,159687.87458736094,0.1141917129887065,0.8444563637169585,0.3604880766018487,0.7184821716074064,0.876876613618352,1.0,0.0
KRT18P15,3802.332383525958,0.1656448513354716,0.2636140664679386,0.6825445591327778,0.4948946770020297,0.742416346334676,,0.0
PDS5A,652660.623706965,0.16786061833434548,0.366603068034895,0.4801693351195287,0.6311069896399106,0.8313764986182309,,0.0
ASCC1,137750.92717066425,0.07796420425910441,0.36233069457452793,0.24013644074041432,0.8102244849406045,0.9221857987955306,,0.0
ZNF792,53219.51640024508,1.2337738246458727,0.5085159191954328,2.9039942951468456,0.0036843487333122053,0.01949114149805207,0.012313221703766962,1.0
KRT71,632.9978347039013,1.5750627724169945,0.5116761871911967,3.551917057780166,0.0003824353910255756,0.002678656862246458,0.001278112387811713,1.0
GCN1,1008964.3754416661,0.0030256684539723302,0.671497034246564,-0.03263377871771865,0.9739666326468617,0.9892651001611754,,0.0
RNF8,456554.8437316736,2.687169738031635,0.4077628347142833,6.877696884779037,6.082792373816962e-12,2.0949975941270282e-10,2.0328903830299926e-11,1.0
ALDH7A1P1,74043.85148910817,0.014513683299007749,0.266002616000711,0.11091181059633264,0.9116862798877509,0.9640824815408199,,0.0
EXOSC4,98146.42361362516,0.33527730837055353,0.538071229502001,0.8593499507663283,0.39014747351879486,0.6521387264431399,,0.0
MYL12BP2,3394.26920366216,0.31307550953126184,0.5201318871070499,0.8232967836961422,0.41033924220119733,0.6699696333806501,,0.0
ZNF492,3110.5971054594047,-1.6967444182899392,0.9932895593864808,-2.654157362519108,0.007950673941268985,0.03777893973615348,0.026571429042005382,1.0
SDHAF1,118512.07031715922,1.6188553914838806,0.24814967092895515,6.7152833353145995,1.8770113629355255e-11,5.895468394025166e-10,6.27303730598198e-11,1.0
CSNK1D,1477795.3559615782,1.0047357214639783,0.3117643080816743,3.587533978867973,0.00033382024146261024,0.002368037337875391,0.0011156388658787235,1.0
CLDND2,2910.3573589790585,0.0938936548889211,0.8627462438523568,-0.2856731282887193,0.7751284878794655,0.9059189488579571,,0.0
PPP2R1B,324730.21212180494,0.12083300854780045,0.5850019991697116,0.30059194779868376,0.7637256723822123,0.9012396048858149,,0.0
LDHAL6B,821.6208702204822,-0.4032582038258732,0.40116184436536956,-1.2149155071092834,0.22439831871260985,0.47626230499395394,,0.0
MRPL44,171888.8006396995,-0.14253196066531953,0.36045499566031675,-0.495654578115347,0.6201381389375267,0.826628272797782,,0.0
PAOX,27949.919271971263,-0.4115774703153205,0.8918052730999986,-1.1778239414867975,0.23886680190756093,0.49388382037156425,,0.0
ADAMDEC1,27798.00541702857,-0.1873702070523855,0.19098898883443088,-1.0291951009379727,0.30338800398008003,0.5691659248221336,,0.0
PPFIA2,17773.477773475464,-0.7596472808271323,1.1485478860869214,-1.8196397411821033,0.06881388545196931,0.21451719347511533,,0.0
UBL5P2,18613.891889681527,0.026860730882197877,0.745441430615571,0.05423542580499452,0.9567475964971849,0.9843422943772026,,0.0
CTSZ,1022197.5881005873,0.06906514882424747,0.4176576951726131,0.1636637039748729,0.869995892227708,0.945109582590166,,0.0
RPL6P6,118.66788652821705,0.23897025912579795,1.1201828159467544,0.7947189087984148,0.42677703061241967,0.6857543406944736,,0.0
RNF220,381885.99825563753,0.012859996267302446,0.7890944999960173,0.13480038612545905,0.8927697005407516,0.9566924669895673,,0.0
A4GNT,1457.605878171231,1.9240861553052042,0.3914021189151425,5.2571969636745335,1.4626763407322104e-07,2.2545079153137836e-06,4.888315240479201e-07,1.0
OR52K3P,503.69980935738647,-0.6889069453899505,0.5545009806398661,-1.6806377964321757,0.09283328962599033,0.26736415708892486,,0.0
RHBDD3,119764.85925334238,0.22547985689972797,0.30475706098325445,0.8092590579516563,0.4183661509170662,0.6770319370317008,,0.0
TMEM72,2571.9523620058867,3.36135315294304,0.37611705742008883,9.179180439539419,4.343847699707729e-20,4.338635082468079e-18,1.4517290203909433e-19,1.0
LINC00867,297.3067845668174,-0.0892548088098716,0.38163647842802284,-0.2838984212252078,0.776488226421389,0.9061002269523913,,0.0
VRK2,222634.07426564227,-0.2750235610948038,0.6712569342378817,-0.7100412224416981,0.4776785736700345,0.7284051288269168,,0.0
MCOLN3,109180.49444817603,0.43215512909276166,1.0673942352422554,1.1604744484588916,0.2458556909933458,0.5013488447614409,,0.0
MTX3,140325.2689910616,-0.46928655896577576,0.4894528267738707,-1.26879588930045,0.20451387164128387,0.4507247462385576,,0.0
HMGN1P36,10508.547254801822,-0.6624314037826223,0.9333176567838609,-1.5463242538481403,0.12202627728865924,0.32141309534787144,,0.0
EIF5B,1096130.484524408,0.6864540851252845,0.39235885789755637,1.9786242366841298,0.0478583287883233,0.16116284151644408,,0.0
RFPL1S,1259.9230616493173,0.1262963663590743,0.9196604120513501,-0.89989056089789,0.3681784938233571,0.6327196827783363,,0.0
BET1P1,547.583152926877,-1.1082710737846886,0.4747446393594227,-2.7830743395619333,0.005384646684280417,0.027080488964044715,0.01799567663628656,1.0
GRAMD2B,159889.24075480783,0.0085209553801682,0.2889919683654948,0.009617822733425646,0.9923262060401823,0.9969175363034943,,0.0
RANBP3L,17909.655415021974,-0.9799408204573659,0.6833914127002395,-2.0741768308456052,0.03806289117565693,0.13471727748492607,,0.0
COA6-AS1,15466.483901559597,-0.06418291774200605,0.5270331461352719,-0.17975985485243626,0.8573411013330104,0.9398247901492374,,0.0
LSM3P2,125.47423963768142,0.04280048149496442,0.3947641163902549,0.1293587436487774,0.8970737911307324,0.9574290441326999,,0.0
DM1-AS,73634.87810684307,1.7957232744847218,0.7817139580790439,2.988352150742677,0.0028048617052983953,0.015583340823252075,0.009373945444815854,1.0
TRIM25,372629.55654017057,0.790780496994253,1.1937238299471893,1.7776412510562343,0.07546279420521644,0.22867790913886585,,0.0
RPS19,2175436.488827941,-0.237577978347691,0.7304927087033717,-0.5668609934716432,0.5708086272575599,0.7972290556986155,,0.0
KLF3-AS1,25838.783542515383,0.2511578675364784,0.3454263968415651,0.8328974773377971,0.4049025525162324,0.6666248097460011,,0.0
AHDC1,283937.18277300044,0.3051412675620491,0.24648952563360998,1.2862218427782364,0.19836565005725004,0.4434495158938882,,0.0
CFAP126,25634.73340039239,0.37273957640931604,0.6395743059543765,0.9150283055065184,0.3601767706244504,0.6252930283821452,,0.0
SLC13A5,3739.064199554278,-2.046985114451953,2.100940759471508,-2.6535280343609142,0.007965515348317567,0.03778598706003867,0.026621029540930128,1.0
INHBA-AS1,662.4932203890885,-0.36712115169605736,0.31862930973196757,-1.30293652905744,0.1925964315411638,0.4348905949664185,,0.0
MEX3C,196594.3852433352,0.1463592626013842,0.47060773821452556,0.3774027599040579,0.7058743161671128,0.8716954339610686,,0.0
CLEC2D,471300.126668886,1.6941955672799616,0.5414589144695136,3.6318227091815327,0.0002814264454020117,0.0020280572414684652,0.0009405369758314889,1.0
RPL10P12,1496.1005615142908,0.8251285920247108,1.56659530596943,0.37067498129389725,0.7108796269397755,0.8739092420931271,1.0,0.0
PLSCR2,1845.1888844242662,1.3007395196395934,0.5751551223421956,2.796037446745759,0.005173340586578958,0.026123016066102445,0.017289484303071447,1.0
ZBTB22,423968.6779148142,1.6905304892931625,1.004713135390973,2.534405431435042,0.011263832557056862,0.05009045395364378,,0.0
INPP4B,422984.9295396139,0.3868192038936234,0.8689071263574003,1.1487262309232102,0.2506688860701487,0.507640071790074,,0.0
RPL18P13,587.4526026424617,-0.6289662310452059,1.2400417766829586,-1.2296655498504983,0.2188223724403754,0.4680081061958179,0.731311985003209,0.0
SNORA80E,361.8902126659258,0.3661306372522288,0.6158797510821731,0.9099165169631254,0.3628665384130264,0.6274776637239107,,0.0
CSF2RB,96751.86534010175,-0.2926211772465235,0.28757141903836353,-1.1460233724801097,0.2517854814001278,0.5088483408535915,,0.0
GFPT2,197445.29964103064,0.1620347107356045,0.875970733439515,0.45969022272279975,0.6457385884545468,0.8404530911498584,,0.0
DYNLL1P4,265.58483877134864,0.853320321712818,0.4717422045513315,2.212097918992817,0.026959899889310246,0.10192107497896696,,0.0
GPR12,34226.54443244135,-0.13442382547800738,0.5706026766261403,-0.36229367871697365,0.7171325814436289,0.8760665635346092,,0.0
EEF1A1P11,634446.7518352506,-0.15043723896941957,0.8447320923310506,-0.5061264489275517,0.6127678842471536,0.8228456074026042,,0.0
SMUG1,137092.72516950223,0.22365051042586115,1.0411222393908235,0.6944306397096476,0.4874121843414583,0.7364486309246097,,0.0
SNORD1B,237.03358495005278,0.8308793627300339,0.7990548730850785,1.74718967141839,0.08060444274824743,0.24075274347173906,,0.0
SYNGAP1-AS1,24518.633078053677,0.8358334104052889,1.4807781186537026,1.927203159820253,0.05395431634647153,0.17750188131375416,,0.0
PTPRH,7670.710009835389,-0.34257797434875953,0.8137341345532668,-0.9298441787817133,0.3524517685005235,0.6186933985247952,,0.0
MUC6,102966.21589760623,-0.19420380479392838,0.35146055673409854,-0.6566833894596008,0.5113845171333693,0.7564506678499977,,0.0
LINC01152,74105.45471588448,1.2818280227197607,0.7027694526890703,2.48281192477366,0.013034988907088277,0.05665512149869352,,0.0
LINC01907,483.786872701365,0.14730412936936213,0.4794948402356362,0.40322683582912083,0.6867813595137683,0.8617553038723011,,0.0
PIK3C2G,24150.033859908268,-1.3365231139387737,0.4608318915641422,-3.350663591695543,0.000806181750878993,0.005188236680270221,0.002694287471311119,1.0
COL7A1,494712.514911007,-0.2695829560037841,0.8779558212081703,-1.0066391454185113,0.3141082157769993,0.5822259947419314,,0.0
FBXO4,158270.30855751716,0.9090870634130316,0.389781559800721,2.649960027492665,0.008050129460446606,0.03807040390669541,,0.0
GUCY1A2,20087.54495846308,0.5010896638476093,1.1026935975808339,0.28291746213154484,0.7772401083786213,0.9061313572368245,1.0,0.0
RPL9P25,10826.111169382719,-0.14367370734439802,0.35653466132164086,-0.4818789858091105,0.6298919150001331,0.8308716913657329,,0.0
APEH,491902.8968511148,0.14077602249254692,0.334381557791858,0.41617082353465246,0.6772850079110215,0.8565830722439108,,0.0
LINC02301,349.1963285692655,-0.36043350616083447,0.49975830198382926,-0.9665261820261065,0.33378095221938653,0.602447578975911,,0.0
RPSAP19,276026.54515148833,-0.31006311078267224,0.688905262522938,-0.7919393298479209,0.42839605290157134,0.687898996949564,,0.0
GAPDHP59,203.18467202253265,0.7272279385511011,0.18090283779534513,4.159035074148483,3.195948269818946e-05,0.0002829887528275854,0.00010680970355559571,1.0
EMC3-AS1,115415.81009860826,2.381735862180171,0.6820824595177072,4.010394332249654,6.0617424472081066e-05,0.0005053813319091366,0.00020258554242911698,1.0
PRH1,20757.76168655015,-0.33759076270036587,0.4167402540630288,-1.0021453060575198,0.3162734189710332,0.5837826456877827,,0.0
OXCT1,311027.57526589744,1.0130832646405232,0.33676208637173277,3.2786425155069927,0.001043076800715824,0.006552217340622845,0.0034859989732089086,1.0
CLEC2B,518949.677258237,2.5234745914731658,0.45144605244327574,5.94230363731016,2.810442173737057e-09,5.872530634160194e-08,9.392595564571034e-09,1.0
GLYR1,291521.5804659584,-0.1297191522056404,0.7772121756299785,-0.26235756538272953,0.7930457850014627,0.914813475684647,,0.0
NUDT19,121862.94386696548,0.15539493817302769,0.5680042206695235,0.3747130582256456,0.7078738796542505,0.8733009276169287,,0.0
C11orf65,5838.020261072303,0.032908291856056364,0.600988876306719,0.0776750339453233,0.9380865541156455,0.978038465814934,,0.0
LAMA5,1642511.0319774954,-0.14108718417223057,0.5566144556140611,-0.17265515160920264,0.8629224980943645,0.9425286861685361,,0.0
GSTZ1,66796.06912378347,0.010080092850355403,0.8594502621951304,0.0057460741761033085,0.9954153213586769,0.9984121018276063,,0.0
ABCC11,226637.35269916765,0.4251276428565089,0.3764173633866589,1.3242070177437852,0.18543430080658851,0.4251877402332888,,0.0
GALNT17,15636.134439452304,-1.6442153827492187,0.20779607676274942,-8.109619088350057,5.077869165238201e-16,2.881690751272679e-14,1.6970415489982823e-15,1.0
ADAM11,10760.90368604311,0.15602235110558008,0.3935229861947353,0.4747369289734187,0.6349744927515026,0.8327370317229528,,0.0
PDE6A,1190.2716246151717,-0.09809101883061312,0.41958229684010845,-0.2957637072709494,0.7674105410130339,0.9036661735013183,,0.0
ANK3-DT,185.74813717914415,-1.9600130477125655,0.9174432564544153,-2.974366926279791,0.002935937696374637,0.016094481729632206,0.009812005969209213,1.0
MAPKAPK3,245110.00980205397,-0.15592407166399405,0.6029848158012673,-0.4151289645898609,0.6780474968759809,0.8568241901312369,,0.0
NEK9,360857.16651887016,-0.18848515989334133,0.6164365043483035,-0.45450860521247216,0.6494627997381583,0.8419108560173058,,0.0
RPL26,2077341.3698439554,-0.37851427350291994,0.8086045657414535,-1.0531742597830567,0.2922611333176869,0.5536995826208377,,0.0
ARRDC1,72572.85381279074,0.47479028457648464,1.9159654094589946,0.15731647908643157,0.8749954335323598,0.9473262383949089,1.0,0.0
PLIN2,1838625.2284869435,-0.5873093274749368,0.9969857030809749,-1.6031945891554906,0.1088916997131784,0.29830233042655674,,0.0
TCTE1,1669.995337835541,-2.275247919559073,0.26135090894486696,-8.925604477718988,4.43271760700219e-19,3.629015037601465e-17,1.481429652728376e-18,1.0
LGALS9,2048367.423663204,6.948095670680265,1.6019674707515568,4.420204198199921,9.860767877398408e-06,9.928361850751542e-05,3.295502945906978e-05,1.0
TINCR,64392.93904229158,0.045902879699683166,0.32245893596553743,0.15246495131211,0.8788202320229631,0.9501524701250617,,0.0
OFCC1,520.3548889831902,-2.6312886565367735,1.2289867235780831,-3.1398238154186937,0.0016904946966017813,0.009955578437298699,0.005649692115215993,1.0
GOLT1A,19320.990775578066,-0.05867017150306311,0.35270531177042214,-0.20325695234062724,0.8389342002237216,0.9337414052222042,1.0,0.0
LDB1,188555.91955786804,0.12289382773484142,0.84200565102407,0.3267673990377389,0.74384381879502,0.8903480199089605,,0.0
LINC02794,253.71145679575483,-0.36260012708685313,0.8074265513432292,-0.9582562814605788,0.3379335432370112,0.6070647895415949,,0.0
GOLM2,556788.0545720857,-0.12561226948916868,0.43720824311732637,-0.39572693224521516,0.6923064849592883,0.865655286683676,,0.0
TNFSF15,25242.503437832587,0.2776911877857617,0.19423515684658965,1.4895979931534389,0.1363299700121111,0.347895692509189,,0.0
ZNF304,235306.46264798526,0.591842393708394,0.8059086426886686,1.3298390251557286,0.18357131487840828,0.4228575398998021,,0.0
TGM3,5458.918825939801,-0.19687586946994873,0.7706946813459442,-0.5509703522483504,0.5816539985686027,0.8028525266066279,,0.0
LINC01133,15032.792795447862,-0.4457474757543814,0.4702322915966828,-1.22554638085335,0.2203694260826441,0.4695910050724543,0.7364822921222504,0.0
ABHD17AP3,10349.857190174545,0.060974115338010365,0.4388229230369229,0.16638809673442942,0.8678515408141103,0.9444734014348855,,0.0
ISY1-RAB43,224650.50256762173,-0.38645850886577304,0.6130683520381984,-0.9766030567337013,0.32876570522637427,0.5959549662070828,,0.0
WNT16,2971.001207280874,2.8831707224272427,0.6930812777020378,4.656755045881218,3.2123226559186355e-06,3.713504477698534e-05,1.0735694123829817e-05,1.0
SLC27A2,46978.344544041356,-0.11374489018675206,0.24563262612200287,-0.5024862496768904,0.6153255223281938,0.8242646112343062,,0.0
TMED7,276868.35675563203,-0.01716587543092855,0.5477450621963166,-0.06690361832835479,0.94665843248549,0.9818398440718766,,0.0
COQ3,97266.58575583663,1.9843241609537259,0.3233250416325043,6.396764811434219,1.5870348394219057e-10,4.106555434234713e-09,5.303925671508418e-10,1.0
DST,1556956.575136271,-0.49809206768651026,0.38545745417147215,-1.5660087675019254,0.11734656462008597,0.312548663313445,,0.0
TREH,262129.70094708196,-0.11067684667141885,0.7308673119507628,-0.31361746452400924,0.7538115935303256,0.8952521041832213,,0.0
SYNJ2BP-COX16,170846.3080497025,-0.12745944209539306,0.4615622190518322,-0.35886620779514294,0.7196951803015219,0.87710901409327,,0.0
TEKT2,4971.353335169251,0.14477943866256252,0.6564105772185957,0.3641470753935063,0.7157481853667745,0.8752317428309677,,0.0
ATM,297440.3385262743,0.4181415534511105,0.39399206199891645,1.1905599106425273,0.23382639751875745,0.4884864344347404,,0.0
FRS3,35289.30504852857,0.47965586318288655,0.4888883039790516,1.2763884867792101,0.20181822409207062,0.4474083054822228,,0.0
PTX4,821.0499537036069,1.0822501030384717,0.514938949137997,2.5757722625713333,0.010001649716946058,0.0451611561360114,,0.0
GFI1,6536.132187463745,-0.5262409219411226,0.5591940280484017,-1.3270886768314816,0.1844793505218446,0.42358155241659406,,0.0
HYAL1,52181.86607948085,-0.31928714987239165,0.25495655575732923,-1.3472944793750872,0.17788540941831044,0.4145402401470099,,0.0
PAWR,832124.2956815821,0.9896698826919427,0.6719894151015203,2.12887460432955,0.033264636405109155,0.12108133688565241,,0.0
TFEC,34428.43421964668,-1.3135917799284715,0.5020668595210802,-3.112272753383248,0.00185652884630098,0.010805949951546729,0.006204584022477103,1.0
HEXIM2,22368.82221858679,-2.806260779275971,0.7933072785116763,-4.1524518611285,3.289319618151098e-05,0.00028971538224068053,0.00010993020651558523,1.0
PRKXP1,14179.470238073618,2.6039789405599856,0.46781704800445273,5.915264443393503,3.3134279567851123e-09,6.837710419911096e-08,1.1073591558385587e-08,1.0
YY1AP1,683164.2826853164,0.5617109045951674,0.601761140103584,1.2690284857290866,0.20443090451464208,0.4507247462385576,,0.0
STON1,35458.29700412369,-0.6420386211672089,1.0480420179647443,-1.646438353178509,0.09967354229238364,0.28051446938870356,,0.0
RPS6KL1,59078.092719595166,0.3644983467004537,0.31626660990276523,1.2742340600852686,0.20258047766887122,0.44808769057644166,,0.0
NRTN,6769.691100438218,-0.14329343169663744,0.3925898819013386,-0.4390285318244108,0.6606408626355551,0.8468276355241176,,0.0
SH3RF1,215740.27868021047,-0.08437747440643682,0.698895462517507,-0.23839440387635868,0.8115752073901396,0.9221857987955306,,0.0
FRMD5,6408.284889705207,0.3451161660313632,0.4984489882627527,0.9195034167414428,0.357832319310212,0.6233047096739444,,0.0
RPS2P35,9119.332888285635,1.2224024936976088,0.6885092484455534,0.1829667249620016,0.8548241274767989,0.9396657033762604,1.0,0.0
GRPEL1,181354.11666660212,-1.2026248334924634,0.855721558290028,-2.2580718891958877,0.023941177873509894,0.09239740517798177,,0.0
EEF1E1,27183.188660236756,-2.018057018747503,1.0915054224053073,-2.8407248509295964,0.004501112934072955,0.023197686267038532,0.0150428760909145,1.0
IGFL4,744.6724133207874,-0.7755868216469903,0.24393068469570048,-3.3804251302241877,0.0007237378980653723,0.004718468750572414,0.002418757245676308,1.0
FRAT2,83642.33207400749,0.33429233769146927,0.7930207059532144,0.8327354844900644,0.40499392726659345,0.6666248097460011,,0.0
LINC01090,333.3649040300862,-0.2135878517984736,0.3620700794170641,-0.6948252338496496,0.48716483234680774,0.7364486309246097,,0.0
SLC4A11,118136.98271778642,0.06139550707417163,0.6997545046140025,0.14465195785328155,0.8849856721703887,0.9529147147086936,,0.0
ZSCAN1,4589.135762728731,0.15648053863499034,0.9016845731034143,0.44731125297148944,0.6546503431797015,0.8435156032181522,,0.0
SUFU,148793.01421478874,-0.04613826880240663,0.19982142866180522,-0.2582275543640012,0.7962312935666618,0.9157943528493571,,0.0
LMOD3,2767.8309071710746,-0.15189102063679447,0.4017978469354948,-0.46653905285719216,0.6408297007341552,0.837631764539088,,0.0
MVB12A,145431.9947620262,-0.34295084115987756,0.4162753115252892,-1.0353667185463158,0.3004976823406058,0.5662963870222586,,0.0
MYOM1,48605.959063146016,0.3720460075747384,0.25164708943041686,1.5884749824959512,0.1121789737789673,0.30397275911674587,,0.0
FAM201A,7837.921312769591,-0.1937810675929217,0.3352912602409254,-0.6671716607578774,0.5046624907011998,0.7509786884868271,,0.0
PPP3CB,251561.06517946714,-0.5426499922905794,0.2688560366675808,-2.2202124975880366,0.026404346355839537,0.10012399825441355,0.08824424454799652,0.0
NFKBID,29082.50651620927,-1.8988673455149236,0.35723106040402947,-5.6404502908676,1.6960602935872692e-08,3.2205798882794e-07,5.668292534057051e-08,1.0
SLC25A30,126582.81917335175,0.49977912083172266,0.47919990455987027,1.3294679425985028,0.18369363530171146,0.42287285634406657,,0.0
MPHOSPH10,204989.20277570083,-0.9183433321680645,0.3096048871674502,-3.27374273142468,0.001061331923647595,0.006634465549010656,0.003547008229432692,1.0
MAPK9,137564.89374511043,-0.17302274108801022,0.6775445867239951,-0.4576764641637825,0.6471848995098907,0.8407374383332465,,0.0
CREG1,737623.9705227625,0.04295565881431398,0.22678237808453264,0.18107170096166142,0.8563112967691954,0.9396657033762604,1.0,0.0
TMEM116,54059.4421846314,0.05696189718431365,0.2836573119962178,0.19299750040054145,0.8469609256804892,0.9374385777589458,,0.0
SEMA6C,83874.22415302791,-0.17480248367578174,0.3793777101486427,-0.5612426039322101,0.5746321630657916,0.7993629588720231,1.0,0.0
SGTB,67404.06776131403,0.12576771978742837,0.8593382718414758,0.34548678660360466,0.7297284422240438,0.8823748623380077,,0.0
SNORA75,680.5116805863996,-1.6715017053923447,0.8027572939963064,-2.8464139644348503,0.004421467522180535,0.02288166715623792,0.01477669835224057,1.0
CLDND1,695346.7895171258,1.4126248780140591,0.5516478709806277,3.0486096649403334,0.002299029843423699,0.013032185060224692,0.007683437756502362,1.0
ERBIN,576721.7281617679,1.297115609382261,0.7143758949623059,2.463637573625218,0.013753510305110753,0.058906544136983784,0.04596471014285006,1.0
NDUFS2,815887.3277692093,0.4004071400498949,0.7069904690929971,0.9268542428689256,0.35400221727445225,0.6201897154411041,,0.0
CNR2,392.3584243690228,-0.12267845109125328,0.8529954929254202,1.274596905502554,0.20245195335039745,0.44808769057644166,0.676601474617493,0.0
CTNNA3,3873.1069598330505,0.35057683469157946,0.46624938004099553,0.9666455200635389,0.33372127056596024,0.602447578975911,,0.0
NOD2,31067.917770440323,-0.7932198239584262,1.1356373237381279,-1.8231672209285084,0.06827806803096947,0.21311291984166347,,0.0
ZNF724,25734.418045773084,2.7730125901913807,0.5458378179780686,5.458565813479834,4.799959439858657e-08,8.352263917301091e-07,1.6041631514868994e-07,1.0
CYP17A1,11888.602088990983,-0.6164557237436911,1.0519925711958438,-1.6504188054728846,0.0988573074389582,0.27908843857807614,,0.0
AHSG,1464.8374136574005,1.0343573779329656,0.21736289128986117,4.951931348437507,7.348052907392685e-07,9.707983126856897e-06,2.4557448572029233e-06,1.0
MYO6,523428.6604388999,-0.19382121165161176,0.5283502405000624,-0.5284537279857603,0.5971844549736479,0.8137351072683213,,0.0
KBTBD12,12193.084078490208,2.431077344104703,0.3801010262555779,6.687902659341997,2.263916323432504e-11,7.066248824513702e-10,7.566087150534466e-11,1.0
CD226,12210.0114106301,-0.19576963442953052,0.3675959869596586,-0.6354829837380263,0.5251134612649523,0.7647759187976587,,0.0
RPS3AP44,7361.012426143624,-0.32103834790285224,0.379952021402047,-1.0095616317257368,0.31270535973935276,0.5816552589504161,,0.0
VTI1A,106097.57216835271,0.11006710159739153,0.21825245866883206,0.5270414942457581,0.5981647737095279,0.8148485760789368,,0.0
KLHL32,6207.76523212044,2.0533686903862134,0.33163441506220415,6.480924032055605,9.116256685810611e-11,2.487791578630502e-09,3.046684714340855e-10,1.0
OIP5-AS1,548440.7528964693,-0.004491245011061339,0.33492239196693757,-0.048975755652215236,0.9609386169346443,0.9859245309571611,,0.0
SSR1,603924.2831368207,-0.8078922742315734,0.37512330146163825,-2.460514302109823,0.013873804219758406,0.05932001564509716,0.04636673659253931,1.0
PNO1,88474.4934671511,-2.241788202459458,1.2493913034801931,-2.901933672651329,0.0037086705417373293,0.019599048344376955,0.012394506034065922,1.0
GMEB1,89261.76971821723,0.264442154621906,0.44996726148283445,0.7424799214522186,0.457796612566267,0.7131117539475788,,0.0
CNOT11,117571.50957579546,0.05815391677313934,0.927847219264413,1.2670247678080593,0.20514643390890241,0.4515210625566587,,0.0
SMG7,485467.2202440991,-0.552603657964998,0.33828631193865893,-1.9000139056769876,0.05743129479145954,0.18551868446866038,0.19193738614039993,0.0
TRIM6,12606.074228276553,-0.04610177983779216,0.7506437725668177,-0.1406725933016557,0.8881285971380685,0.9548577425419835,,0.0
PTGS2,79628.06650180786,0.18433909960351086,0.43599492605666207,0.5099521493841338,0.6100849855683252,0.8205667702472976,,0.0
MRPS12,125942.41655134111,-0.5813477051875379,0.6375232394592852,-1.3967205090230006,0.16249763435974796,0.39033823280066443,,0.0
TTR,5090.206795371163,0.06092827928177992,0.24278139588615968,0.26722559721936356,0.7892954688124277,0.9138802285656439,,0.0
ARHGAP33,80427.65921639756,-2.1154679129697693,0.67011519983262,-3.7631596896282566,0.00016777998945645542,0.0012580979990173247,0.0005607265644953694,1.0
H2BC8,166045.0768287354,2.323297257050014,0.5519748170009973,4.65543699642034,3.23294259626751e-06,3.728710236896061e-05,1.0804606682171135e-05,1.0
GALNT10,421457.6580179638,0.41637681413756333,0.8198725873760462,1.1862913801151145,0.2355072495601458,0.49107440680725184,,0.0
GSTCD-AS1,570.1642214748555,0.025327172899717334,0.5467313323770944,0.06110359575817277,0.9512767055031917,0.9827629017962224,,0.0
PNRC2,513144.46652980987,-0.014639981173437793,0.3062719243548666,-0.12265847096580679,0.9023775508308564,0.9596408621910768,,0.0
FCMR,55999.78216683944,-0.22080343376303788,0.4964367154145219,-0.6075851969914217,0.543462621156843,0.7787105012404408,1.0,0.0
DIXDC1,185509.33665694,-0.5231228810836709,0.3106422455957024,-1.9167739225123994,0.055266659258244394,0.18063069503814688,,0.0
ABCA9,563713.6758757994,1.1275101447751652,0.42709114567170997,3.0227711681974894,0.0025047156496271795,0.014086204903421324,0.008370846879911987,1.0
ALDH5A1,49565.826214887195,0.20969814904037165,1.0645119762535917,0.07408052722352619,0.9409463097045967,0.9791802189341021,1.0,0.0
KIAA1328,63643.07755905406,-0.7417792693284825,0.630148771506231,-1.727095577653521,0.08415049971119132,0.24910942238155867,,0.0
SASH1,396729.6091915752,-0.1216874119363384,0.8457305561365951,-0.3998147252508939,0.689292984150996,0.8637670724384124,,0.0
ETFDH,264162.68446461094,0.5631245560956749,2.705544475365927,2.281486721301322,0.022519661581365445,0.08765642239854952,,0.0
RNASE4,559605.3745895424,0.11938930050938756,0.41100991127744946,0.30430956178874485,0.7608920611368587,0.899596343114932,,0.0
LINC02005,1652.9481872058254,0.3817772588092969,0.2311804593101877,1.7579682488288653,0.07875291194079559,0.23692291700742962,,0.0
ARNT2,188779.9623396685,1.0071451042780513,0.4774172687888091,2.4891332392173107,0.012805496514818953,0.055958129686838505,0.042796415059230944,1.0
COL10A1,441269.8610224893,-0.2496970214355671,0.8063217560321382,-0.7139149763077325,0.47527975604388994,0.7267443667125494,,0.0
CLEC4GP1,5995.191339601699,-0.4151908351977345,0.5366369312755889,-1.0784368291736346,0.28083885871062353,0.5410915356484776,,0.0
IGFLR1,100898.83395779441,0.03267969744482681,0.7929956895343072,0.07564073117674652,0.9397049304773187,0.9784730846404569,,0.0
GANC,98575.57409519795,-0.9271511436767774,0.881662861128682,-1.897962321783568,0.05770104559449837,0.1856615443405629,,0.0
SIAH2-AS1,5599.472246139621,-1.1515852944609908,1.0816249798294209,-2.114220464299982,0.034496441799385956,0.12438644790334547,,0.0
EIF5A2P1,118.85749883436384,0.32925195624551984,0.4935566734157218,0.8859404228221518,0.37564963213547076,0.6396161823677262,,0.0
DCK,242458.22989028675,1.230138293292119,0.1900854078373389,6.561408662315184,5.330182056760787e-11,1.538666427252218e-09,1.7813653955426112e-10,1.0
DDX18P4,318.8414109247707,-1.1475129912318554,0.6563112457321258,-2.3772187715727804,0.01744373889559481,0.07140494429885286,,0.0
DLX4,12019.290040563672,0.7174490916442445,0.32963727784048646,2.4105479711935653,0.01592857644213524,0.06623423043465727,,0.0
TXNP4,13818.061762944617,-0.05381901941726441,0.24075134055792266,-0.23934863217645272,0.8108352580226014,0.9221857987955306,,0.0
VSIG10L,17465.518458935363,-1.1192929241354237,0.2786353469595585,-4.279918871558127,1.8696145284700766e-05,0.0001751755151065584,6.248316827745041e-05,1.0
FBXO42,161721.20335051953,0.069722776643735,0.2248877897794919,0.42299603036956823,0.6722981573116622,0.8554177371744319,,0.0
AK2P2,5404.591932735394,2.16869075190312,0.25898755377423144,8.599642309097533,7.996493121258282e-18,5.872718624641744e-16,2.6724558336306962e-17,1.0
RSL1D1,866070.7295013394,0.13992720057675648,0.5720010277494982,0.3081503839755965,0.7579679043912265,0.897209093451497,,0.0
SGTA,378032.74907330074,-0.16312658228005103,0.530109630863522,-0.4451488632624302,0.6562121788104227,0.8438898505886782,,0.0
HNRNPH1,1958344.6116810266,-0.6895110971045154,0.8359972406521223,-1.716541788783503,0.0860629263099372,0.25297130900048637,,0.0
TSC1,208542.8726137209,-0.0772609943998209,0.7043552995118659,-0.22003162140398627,0.8258465278020923,0.9293099503928907,,0.0
JAK1,77028.77517990296,0.5766048735281691,1.9950956469223298,-0.04111668934825055,0.9672028696784439,0.9880117093685531,,0.0
MCOLN2,17008.36287137813,0.23320447137572403,0.6339190631603605,0.583953526241337,0.5592515796269165,0.7896246504542893,,0.0
GYG1P3,1099.6899877925457,0.7211219664217212,0.5493959745936436,1.7503904638526178,0.0800509603950231,0.23966417498190629,,0.0
MIR3942,282.2286618428287,0.6819384854384414,0.4592843511759937,1.8347229076790559,0.06654675630233692,0.20941052361302492,,0.0
MED28P3,410.3637538354927,0.017973038556340838,0.3404679333408172,0.05774150935490212,0.9539545291506653,0.9831592054876649,,0.0
C10orf62,412.11505839592485,-0.12473791257800348,0.6596328551214369,-0.331404835044823,0.740338713221258,0.8881219154040266,,0.0
ARMT1,519520.58972511394,1.1654929078486116,1.411145008174192,2.138551918587112,0.0324719750732621,0.1187152587963916,,0.0
SATB1,184315.87877235486,0.022748482803252864,0.4851967586014192,0.051551554504635624,0.9588860218776715,0.9845377102550297,,0.0
C12orf75,77785.46613712815,0.07320287555868533,0.33829649641942217,0.24262647867597523,0.8082947670046883,0.9221857987955306,,0.0
RALGAPA1P1,129886.50658224658,-0.92631879936863,0.426454337358939,-2.5642054149431344,0.010341232209041405,0.04656818183223875,0.03456075797840946,1.0
SECTM1,270197.61247128027,1.3924617346274086,1.3372610543780528,2.2556103296131744,0.024095045734568627,0.09284773024570658,,0.0
FAM83E,222782.85887502314,4.0089583732181655,0.7841938571541721,5.554284536581157,2.7875110727239706e-08,5.007492912655939e-07,9.315959026847915e-08,1.0
HOXC8,37787.34668826369,-0.04269944547638419,0.20128974208136324,-0.2221724033442115,0.8241796762135791,0.9287039416556327,,0.0
CLK2,281499.6995842062,0.39170363064783703,0.896783777835564,1.000980639822917,0.3168361682982167,0.5837826456877827,,0.0
NTAQ1,67005.70075609602,-0.06048487473031008,0.29280405897296063,-0.23787427633118166,0.8119786074264133,0.9224342960617625,1.0,0.0
GLRX5P2,252.34905656021988,0.08523763348245782,0.4345201524355791,0.24424140868839522,0.8070438584607693,0.9218611686077497,,0.0
CLDN4,1436753.3323511917,-0.7249758756754705,0.5642702040013483,-1.7777990596318336,0.07543686300394613,0.22867790913886585,,0.0
ATP6V0A2,153811.9733515465,0.005888613076027889,0.25746106581090833,0.007798455666604167,0.9937777956937451,0.9975731279788066,,0.0
COL11A2,36488.22025879686,-2.0839184377593667,0.5181345660326381,-4.481352895304248,7.417134920346329e-06,7.71691079004366e-05,2.478832306378127e-05,1.0
DCAF8,735003.2196996569,0.2266681930917608,1.0257539805440985,0.6924490239622748,0.48865538808045483,0.7371522484447443,,0.0
SIT1,28038.44818238797,2.5573829719662684,0.571371407313953,4.905090066230473,9.338447900664494e-07,1.1988742626200124e-05,3.1209417917013265e-06,1.0
ARMC12,9098.70187855703,1.0985611051998396,1.2742175972254903,2.063597209069591,0.039055922442297435,0.13764663138802638,,0.0
GUCD1,655190.712180167,0.12577379164308805,0.8731727505713194,2.087549224092411,0.03683851635270017,0.13094060545578978,0.12311560384808029,0.0
RBBP8,229731.9926338084,-0.11463169408885346,0.29597408227404576,-0.38304919857882846,0.7016832857077995,0.8693143956399778,,0.0
KCTD8,596.347436001186,-0.013258761428472033,0.29757890691314876,-0.05098614262699922,0.9593365627678695,0.9847742640211182,,0.0
RAB3A,61240.34900702295,2.0561623687986232,0.32109822807527644,6.678213854216135,2.4187192278679617e-11,7.456224582699137e-10,8.083443845210665e-11,1.0
APLP1,33600.52503152881,-0.9036851388466111,0.6551733301962623,-1.977129344500702,0.04802701158090352,0.16151306116837186,0.1605079443262726,0.0
RERGL,135556.46800268532,1.1198062844729668,0.5439454967538735,2.528506893968543,0.011454883679303581,0.050714263381597596,,0.0
CRADD,73292.35235868697,1.02241192658066,0.18813152301860636,5.598106720320462,2.1670534421039775e-08,3.96707328021713e-07,7.242368029735715e-08,1.0
VHL,155848.40160493244,-0.48070254664650813,0.7429083693104543,-1.1836573455157053,0.2365487301896093,0.49201347712074506,,0.0
ZFYVE28,70286.87074430527,-0.10823326281488635,0.5377352234997129,-0.2913643605520641,0.7707726688096446,0.9044112333411053,,0.0
RIPOR2,77397.19186914894,-0.3953954470170544,0.4358893243990883,-1.1490389603688862,0.2505399158578484,0.507584722026002,,0.0
CLEC20A,1642.9785620435862,0.07580160635652543,0.3230033688161452,0.2656626115448036,0.7904990605589952,0.9143024065906118,1.0,0.0
CHTOP,462023.4918525717,-0.2845234618161087,0.5008503944077157,-0.7811356567643281,0.4347227122965406,0.694277334572729,1.0,0.0
UBASH3B,60706.26013336603,-0.16401489832484273,0.5739478297557403,-0.43726290070253665,0.6619206973121252,0.8478025322333407,,0.0
FKBP14-AS1,1385.0070861244733,1.5082716670202083,1.0984796768074876,2.3896555165920894,0.016864182381134987,0.06937374531415826,,0.0
DIP2B,210793.47273279735,-2.8908946635053954,0.5669375615064232,-5.562971364611788,2.652194244019353e-08,4.781609406004566e-07,8.863725475494397e-08,1.0
LLPH,287878.1067645393,1.9145410468577677,0.4399397339947763,4.7518768014655155,2.0153716236513818e-06,2.4078387293098087e-05,6.735442113046419e-06,1.0
MEF2B,121778.95953082773,0.609268544580819,0.8627418200725246,1.42687547046356,0.1536157924253977,0.3760574840060961,,0.0
ZNF483,6267.482403078511,-0.14851102816309716,0.6566323043601253,-0.3942168805918667,0.6934209238280209,0.8661691079532607,,0.0
TCF15,18979.16561076813,0.17836752868862146,1.1809008579127847,0.6588393881137146,0.5099989111958523,0.7550947413317777,,0.0
MYOSLID,3330.0166310501254,-0.052764539555694295,0.9097950209797631,-0.2270550688206095,0.8203809214705214,0.9267366224438544,,0.0
CFAP70,19234.968884306938,-0.36372316385648484,0.7259974070734618,-0.9238031612687515,0.3555888089877136,0.6215053380794859,,0.0
CCL5,91584.43843685745,-0.1540266110420156,0.5427881331351555,-0.41466985203983614,0.6783836051215801,0.8569301988728367,,0.0
CARD11-AS1,2672.137855368388,0.7262278251294437,0.5985047760794554,1.700280649675762,0.08907814842273028,0.2587829252315146,,0.0
GMNC,307.51634346442495,1.4099897041693763,0.24562732815324215,5.968857036445449,2.3892134048947893e-09,5.077332657040246e-08,7.984834357857888e-09,1.0
IL19,6855.995053763523,-0.3499154335480815,0.2999892098205845,-1.302083043021108,0.19288799916912636,0.4348905949664185,0.6446384068617456,0.0
BMS1P3,45413.716804076445,-0.3816520510474004,0.645904592148988,-0.9545561244046409,0.33980221417998335,0.6085520200943633,,0.0
TIFA,2898.8012698711254,0.8143435029949543,2.19066919226716,0.9172001827702845,0.3590377510685384,0.6249684659589685,1.0,0.0
PTP4A1,481984.12107213883,-1.808981957916904,1.8018813627917183,-2.5794824487734194,0.009894848658624491,0.044800429919465735,0.03306892861613928,1.0
VPS41,371429.2397305175,1.31307541000103,0.3311341663903223,4.211012673061912,2.542284824121934e-05,0.00023125993463870564,8.49640436870202e-05,1.0
TMEM53,69167.13249666136,0.07930043937684055,0.921760033438221,-1.8807589779663039,0.060004712764197186,0.19172331128880404,0.2005378385753926,0.0
POC1A,33803.76451997844,0.6253554311283133,0.7808667972694432,1.4063255516014233,0.1596274760716201,0.3858053738288291,,0.0
CACNG6,2780.525740673501,-0.6679465168629721,0.3822013185423432,-2.0478424248881764,0.04057544184772049,0.14140527326414243,0.13560453891945676,0.0
SUMO2P19,159.35625841210646,0.5051111446844276,1.0297934408575053,-0.06775282995727526,0.9459823936683043,0.9817614451328994,,0.0
WDR31,39847.3184546641,-0.38195633563560616,0.3661736347964218,-1.2301270244376472,0.21864954161984818,0.4678388221291867,,0.0
IGDCC3,10585.410754692834,-0.10710341638956193,0.5115547587596969,-0.2926203956441005,0.7698123223652396,0.9041333238811129,,0.0
EGOT,3540.572922331505,-1.0537987497604127,0.3472379022942534,-3.358377063682172,0.0007840158649343053,0.005065168472809729,0.0026202083089805796,1.0
RPS10P7,14438.366148709285,0.08410811248399686,0.7100147507947803,0.20416299677032332,0.8382261265962128,0.9337414052222042,,0.0
DLX1,10996.730827459534,0.3813520430221937,0.25181201283315796,1.6348669604352148,0.10207693994492176,0.28518986089794446,,0.0
COQ8B,137739.2057050597,-0.3977944785918618,0.28813102791104245,-1.4781366072270343,0.13937121748241454,0.3528745248426296,0.465783459765526,0.0
GPC1,688197.5722751307,0.461821673578432,0.6575064937636945,1.0026042602713068,0.31605183945865734,0.5837826456877827,,0.0
CAVIN1,1990248.9310993454,-0.12773343854869684,0.32080964391442474,-0.5193713969102841,0.6035017736194672,0.8176581273618065,,0.0
IFI6,1093942.2162074554,-0.15829448563838436,0.3089150864868291,-0.642838042018875,0.5203291957700291,0.7619818605582005,,0.0
VGLL4,430514.3499501883,-1.8795354782670877,0.2971001641660546,-6.643320344224586,3.0669425432188067e-11,9.171443749002827e-10,1.0249828727102747e-10,1.0
STRN,483546.4676103165,0.3502519771291403,0.6762538605807491,1.0304337773408432,0.3028064240408985,0.5685298702586382,,0.0
PPP4R1-AS1,555.9162543033714,-0.16489140466787597,0.2738033627475213,-0.6631716198146742,0.5072206455002886,0.7524546638607603,,0.0
TMEM181,293301.8336682164,0.17540857679822,0.3701132133896816,0.5251367180861741,0.5994881525111546,0.8156498835732442,,0.0
ATP6V1E1,633554.0741853567,0.1601548779470618,0.23861130358074578,0.6208208098314156,0.5347175296166494,0.7723327864218767,,0.0
CWC15,268164.8742706122,-0.25908366785246506,0.2907681980875925,-1.0028024484653075,0.3159561872589616,0.5837826456877827,,0.0
CAPN3,95757.69928966789,0.09096944719366701,0.3925635611733436,0.2653715029530841,0.7907232867570789,0.9143024065906118,,0.0
SDHCP4,6234.827418661656,-0.08770789465932359,0.3680349105319521,-0.28493805232735886,0.7756916022934024,0.9061002269523913,,0.0
EDEM1,225379.21978476882,-1.313705640742698,0.20580921169266567,-6.64861717903408,2.9585939026642654e-11,8.954677545397177e-10,9.887723799198579e-11,1.0
THUMPD1,635142.6877244223,1.0578814837004265,0.5357333282513291,2.4159198155259407,0.0156955173315765,0.06548321934326905,,0.0
TMEM167A,453688.1424867596,0.07094733748758572,0.51034697745273,0.14629288265197057,0.8836901842333389,0.9521356591286504,,0.0
KMT5B,609630.4814827854,0.8036564894146472,0.7151396655726178,1.677656005791678,0.0934142725982489,0.2687274639145478,,0.0
PLCD1,137212.79728521503,-0.3819056936063186,0.4325399599967678,-1.1178286992929183,0.26364016171514193,0.5199916933670691,,0.0
NAA35,113991.16808428774,-0.16091765357820767,0.5459492320136993,-0.43907819561510675,0.6606048776843376,0.8468276355241176,,0.0
CA8,78221.35588632917,0.17525830632519263,0.6865869018323785,0.43736354722153936,0.6618477161185714,0.8478025322333407,,0.0
RPL37P6,26327.952956521312,0.14242464659141804,0.49988225898156846,0.3781040119605214,0.7053533280628944,0.8714830579777573,,0.0
LINC00899,47450.68499960609,-0.0384187301097825,0.8259802645564294,-0.13517749035601556,0.8924715438197469,0.9566924669895673,,0.0
RPL12P19,1723.319633871146,-2.113908437102454,1.0189374464817544,-2.984217064601078,0.0028430500306195062,0.015758259548184033,0.009501572157217666,1.0
NRAV,44820.47338251297,-0.4983580329893706,0.35505788551697753,-1.6427737569774976,0.10042975182264857,0.28213669706720973,,0.0
C8orf88,10777.182446756777,0.46309170923760495,0.784165058559847,1.1065721766140482,0.26847894230988834,0.5267737355122566,,0.0
GSTCD,64048.23047172064,-0.28990358125579935,0.7224567715336979,-0.7558969223749294,0.4497109993259256,0.7052055510976075,,0.0
RPS3AP43,4845.005187664493,0.15585850470918844,0.7571270059347516,0.40109005505043144,0.6883538224945194,0.8632945729627398,,0.0
RPL23AP34,351.4593873513366,-0.1543455065245288,0.396237752729361,-0.47658794334307175,0.633655570460316,0.83209989978407,,0.0
RPL21P37,34820.99170979805,-1.0571314460734078,5.482194363627747,-4.6027467990307525,4.169550185592323e-06,4.700391337888953e-05,1.3934781845155603e-05,1.0
FBXW10,3517.7497772254064,0.12060475596099327,0.531569115945408,0.3141014623198447,0.753443978929209,0.8952521041832213,,0.0
POSTN,4584263.654350316,-0.20212463747916168,0.9128060435273161,0.17232580422654975,0.8631813989595511,0.9425286861685361,,0.0
TXN2P1,543.253801375056,0.3743327351022997,0.1690802872161288,2.290366766609301,0.02200006436400633,0.08630875037623932,,0.0
JRK,62026.864245121906,-0.4343033253088685,0.5723591946618577,-1.1045699736916892,0.2693459677317026,0.5279096400518536,0.9001635989855363,0.0
LINC00163,1599.1122561856137,1.0847654545148506,0.5908285928745838,2.379134227428177,0.017353355683287743,0.07109323895187776,,0.0
ITPRIP,341013.1650094592,-1.2777300854531357,0.7404029605860364,-2.4585328410223206,0.013950601647631903,0.05959735211999463,0.046623396269495375,1.0
SMCO3,3027.6996092413638,-1.2409580410329164,1.530131168658182,-2.24707129056665,0.02463547137011859,0.09442021797572697,,0.0
MAX,379655.3805437674,0.2200799387408947,0.2506927240125301,0.9435215286507614,0.3454142087924904,0.6130058844028774,,0.0
EVA1A,69210.9786293937,2.3313702218821484,0.6153069945603216,4.276025003115749,1.902598647883368e-05,0.0001775995821968138,6.358550902865901e-05,1.0
SUN2,1235729.4035101223,0.08827234433530338,0.7338081426668057,0.20774173927685338,0.8354306253397303,0.9335593134256123,,0.0
NPM2,1994.5309852392506,-0.4590955770504395,0.7737349896864351,-1.1298054719463162,0.25855820198983837,0.5155352217082237,,0.0
RNU11,643.9708449862875,-0.6807536020241494,0.8546051734333264,-1.5305587853698903,0.12587847437111854,0.32878509467017053,,0.0
VAMP4,162664.22818904463,0.6104631948893183,0.8557469674134417,1.2741803133213272,0.20259952048890773,0.44808769057644166,,0.0
NAV2,990179.0994884601,2.130201412412334,0.2617212921305486,8.388517445182782,4.9231102168057635e-17,3.1520528747087158e-15,1.6453205697798644e-16,1.0
MTATP6P26,335.35599661112053,-0.061650891560838014,0.4653980579395267,-0.17798166353602587,0.8587373761969634,0.940046538640037,,0.0
IRGM,846.4341948285977,-0.11208289346652782,0.5843224421805869,-0.299226981219174,0.7647668638273104,0.9014032848604173,,0.0
FNDC1,285502.2482534061,0.41350390347185845,0.3724255396061322,1.25100829603537,0.210931450716481,0.45799637603395926,,0.0
F5,21429.56493748636,-0.3703467833414931,0.1905824228639437,-2.0286852631730223,0.042490357852595285,0.1465447839197934,0.14200425485810458,0.0
TERF1,134983.5770958204,-0.4435488990356389,0.3196038163571336,-1.581561446075477,0.11374972121371892,0.3064838863100384,0.3801555274565586,0.0
PRRX1,549396.242055385,-0.0036613555087967953,0.7397645205342034,-0.05831793511311631,0.953495381673053,0.9831592054876649,,0.0
RNF157,142096.99749736587,0.1999371178102521,0.6976021352653935,0.49234627720149676,0.6224745705882013,0.8269853699168602,,0.0
LIN7B,21926.394817697284,-2.373005493321528,0.6064107541953194,-4.432774275465701,9.302824600235179e-06,9.481286949709078e-05,3.109036360707781e-05,1.0
RTF1,457951.43465653015,0.063149536421493,0.7491368936343779,0.110080445355907,0.9123455762438756,0.9640824815408199,,0.0
RAD23B,959042.2165421977,-0.5581768210721746,0.26201481738448307,-2.3230778646008803,0.020174969871802447,0.07999902529182304,,0.0
RPL10P19,801.0277133008201,0.7128569449675037,0.45976539025370156,1.9102151593539183,0.05610551609796755,0.18253481914869704,,0.0
IL15,38680.66379445827,0.6127255764905144,0.6431829091699491,1.4191404222026025,0.1558580811990012,0.379500369335842,,0.0
QSOX1,1056869.4085502685,-0.18068732373151408,0.2783905626987634,-0.7148971274255767,0.47467261215722556,0.7260382925308375,1.0,0.0
CYP4B1,388641.5602917695,-0.061139708977828465,0.35410027791117693,-0.26024687652231077,0.7946733473722097,0.9152002306839239,,0.0
TRPT1,209569.29351185812,0.82484147753234,0.8529278173903881,1.7018928523817531,0.08877545591977594,0.2585099865092484,,0.0
ICA1L,72741.11814827842,0.6655764756087827,0.549024425115101,1.6192486992418884,0.10539376367805621,0.2914813077354196,,0.0
SCN3A,24846.426701858054,0.2600561940029014,0.5289883322140123,0.6765182091363473,0.4987116889423614,0.7465422385492586,,0.0
ZNF212,63804.05777361502,-1.3025200101215417,0.49875478095512504,-3.1038709606992345,0.0019100661759632461,0.011069992840234643,0.006383507641622817,1.0
NDUFA8,205622.923965876,-0.044933143170200786,0.18770749165551157,-0.25965848844422534,0.7951272159420021,0.9152002306839239,,0.0
UBE2E1-AS1,196.56849957222641,0.13940220480735604,0.6112208300119688,0.35494843793019387,0.7226282197818423,0.8784823100269037,,0.0
TP53INP1,250681.25107892774,0.031803851967824884,0.4799262972986984,0.04661363699266482,0.9628211630971653,0.9869312168528824,,0.0
ROGDI,257950.9090064412,0.59061233070678,0.3540874922801598,1.8930872451886909,0.05834626808755918,0.18726302238384995,,0.0
HINT3,148535.15162918437,-1.6646033159701514,0.35211624782135237,-5.117293078688959,3.0995180379643694e-07,4.447986517699442e-06,1.035869716436151e-06,1.0
RC3H1,290258.3099397185,0.03384155322418691,0.4506025620507659,0.05303196359400416,0.9577064402726664,0.984517489238719,,0.0
SCN9A,15047.73895414841,-0.3220249973514629,0.8904254820730478,-1.0862648450471437,0.2773618356156734,0.5373069354658012,,0.0
ALDH6A1,82665.90328340801,0.1744534048246303,1.0394407856298469,-1.0677984373796607,0.28561144310542375,0.5469323863131871,,0.0
RPRD1A,429524.66067607066,-0.04477227994829189,0.9551800041829314,0.02705340669088907,0.978417137218438,0.9911186984318214,,0.0
NDUFB1,164817.44031629083,-0.06406905619151002,0.29567670414736413,-0.2635349949698237,0.792138254436554,0.9147714521043628,,0.0
RPL4P3,5695.696706242873,0.24255091571268086,0.287550208140078,0.9308934318217847,0.3519086924404984,0.6185962724561243,1.0,0.0
WDR72,14169.618334567398,0.16823438714217281,0.3797499610406895,0.5251005149883189,0.5995133181256324,0.8156498835732442,,0.0
OR52N2,274.9454392747753,-0.12138069279010144,0.6869227162001732,-0.3251499101750575,0.7450676164911929,0.8909525098275168,,0.0
RFX6,3325.3925618466883,1.503826023357145,0.4922755602357442,3.512097831288289,0.0004445843106247011,0.003070890798422901,0.0014858162402604635,1.0
CEBPZ,586076.0771570686,1.585070090911598,0.4670512524518859,0.9462394782521104,0.3440264545267122,0.6111946331933122,,0.0
AKAP10,133477.35936392928,-0.7948838975417519,0.6749307909948733,-1.7931778666977,0.07294448798362686,0.22405892479881326,,0.0
FRMD4B,149128.11317181852,-0.04611681859353476,0.6103217777355165,-0.12953548271473983,0.8969339503059708,0.9574290441326999,,0.0
LINC01979,337.2911771876113,-2.9214997422956803,2.508739757181554,-3.148916982420269,0.0016387674221955896,0.009719720316442726,0.005476817763736666,1.0
ARL3,254784.60393259657,0.7418515539944743,0.42193871794927146,2.036383003165772,0.04171191083321789,0.1447597517033288,,0.0
SMPD3,39174.026263107706,0.8222578671293914,1.5632507717789952,1.961304156756713,0.04984355268854384,0.16627835813399328,,0.0
DMKN,268881.6566214132,0.8187241475911979,0.3605468704860347,2.5420981074585858,0.011018923968161398,0.049264553533570295,,0.0
ISLR2,17923.444246274634,0.18389518302869728,0.6403586327795581,0.46111922814715056,0.6447130672049195,0.8396425789762092,,0.0
LINC02065,207.09686001391597,-0.012415257180629002,0.22602295784461537,-0.059304555690158946,0.9527095325876064,0.9831592054876649,,0.0
KIF6,2415.4280334982986,0.19140424415521337,0.6368712204147688,0.48304219233817375,0.6290657783350931,0.8308716913657329,,0.0
PADI1,1351.795402815817,-0.22606610748165393,0.7534465080185748,-0.6120059222341997,0.5405338392992857,0.7760954393164315,,0.0
ELK4,203827.30919600537,0.08393619979610095,0.7360318545400247,0.2059709402782654,0.8368136108920428,0.9336566516521139,,0.0
RPL39L,133436.7393064744,1.0792497846369815,0.6775418535209647,2.203914343889472,0.027530368593614317,0.10384188878890477,,0.0
ZDHHC6,207182.49602725456,0.06924330050372426,0.4626956796762411,0.16397936838121369,0.869747385594178,0.945109582590166,,0.0
MACORIS,202.93650167762883,-0.07525508578719763,0.7831149481411883,-0.22167854599774492,0.8245641324191181,0.9287039416556327,,0.0
CFL1P2,4844.581471355707,0.2591185511309894,0.8300013205870358,0.6756039335829608,0.49929214340273287,0.7465422385492586,,0.0
MTND4P26,137.03436416264134,0.5338773081110278,0.9628575079124411,-1.3245038486761471,0.18533576571753407,0.4251794598620792,,0.0
RNF126P1,890.8891031542332,-3.2731113276004593,0.37275453194074415,-9.031489614201828,1.6935058612301215e-19,1.4837488194707417e-17,5.6597555322101715e-19,1.0
MTCH2,924887.5600340087,1.637510141716432,0.37351865901122877,4.750380682497062,2.0303406544986357e-06,2.419933467438231e-05,6.785469135148385e-06,1.0
HLCS-IT1,73.98400651315943,-1.1626872658312655,0.844835723190061,-2.1900564026306153,0.028520146544369688,0.10676882446970182,,0.0
CDC20,193152.71312700846,-0.4472289592817839,0.5298249800692109,-1.1627896203046304,0.24491486949414887,0.5013166163467752,,0.0
SLC44A5,21281.826804839573,0.5958766369145118,0.6215009646615085,1.4061366141657183,0.15968356181501597,0.3858053738288291,,0.0
ZNF775,39824.59527918968,0.8748993870163237,0.9633109608018489,1.7788652987923714,0.07526184847154518,0.22862388763193225,,0.0
DNAJB9,130956.04242701773,-2.0208875665865507,0.2704236503653591,-7.717952684679155,1.182130639843788e-14,6.14954209935404e-13,3.9507217434672244e-14,1.0
TPRG1,42807.54451387283,0.291214560708987,1.359172106753204,-0.8435621498081415,0.39891412254965386,0.6605361830281735,1.0,0.0
KRTAP5-9,2953.2705617375937,2.1558926229572433,0.8768475201765181,3.191524561038626,0.0014152407786250693,0.008556552601033409,0.004729783940880168,1.0
IL17RB,8930.919898952572,-0.19687144287305736,0.8669596984679055,1.271017069358357,0.20372257617635525,0.44976681672269636,,0.0
RN7SL181P,311.20489922674136,0.13599711182499602,0.4932444818963235,0.3681760100682102,0.7127419971102051,0.8740585879992542,,0.0
TRPM7,214842.7973288883,-0.2924318805444886,0.6571858130180844,-0.7502810755756227,0.453085437843721,0.7090746092385267,,0.0
C1orf105,614.3621763613421,0.05033178515716225,0.30636679205099693,0.18167856833157986,0.8558349860422267,0.9396657033762604,1.0,0.0
GJC3,48158.11643104235,0.9382390192758399,0.4092191532649924,2.6328074301924347,0.0084682345455255,0.039672010619469365,,0.0
VDAC2P2,207.91228066639223,1.2184264784132879,0.3447313391178251,3.856604717914225,0.00011497285660113853,0.0009013727564616731,0.000384243288493631,1.0
FHAD1,1243.4851080216383,-0.18181410232983372,0.8644224998079478,-0.6434501602908341,0.5199320445998753,0.7619818605582005,,0.0
ACADSB,540660.6141804592,0.2300168377074218,0.8151292765218481,0.53629656579943,0.5917536036823994,0.8096486292575075,,0.0
TLK1,177995.27329289992,-0.4342698278998377,0.9341044045705377,-1.3345956316794378,0.18200872851837835,0.42042164210026894,,0.0
LEMD3,610806.2278677875,2.5256215325488434,0.5024396528583822,5.390231502092558,7.03669767428989e-08,1.179237187429655e-06,2.351688854600363e-07,1.0
CPSF4L,1293.1511775963677,0.49403640453351977,1.562843772868645,-1.5213002514632359,0.12818450719366667,0.3337609118483688,0.4283970846171202,0.0
KNG1,718.6431460127827,-2.6779459730655097,0.7037354652395451,-4.3602274406634205,1.299273268110305e-05,0.00012667924321242008,4.342216484387385e-05,1.0
LINC02373,362.33273379632953,1.1642985519341114,0.3142270318686628,3.9975435072008723,6.400322989561817e-05,0.0005300698674937266,0.00021390102200054988,1.0
FDPSP8,1741.0053809476562,-0.5048889456511008,0.43863918972199034,-1.4286843071402475,0.15309499024314904,0.3753345023437832,0.5116487860000288,0.0
RUNX1,742204.9529637254,-1.1035607186775476,0.7784479963308987,-2.183469676958988,0.02900123965505644,0.10832624595164687,,0.0
LRRC2-AS1,132.88227817379817,-0.055202804383911654,0.4411384459441301,-0.16315101540803825,0.870399533374502,0.945109582590166,,0.0
AFAP1L1,202148.92833546392,-0.24253625657826094,0.6009380199472696,-0.631865888554601,0.527474514826479,0.7666495131092655,,0.0
SNX29,242832.03152520157,-0.11615213607627924,0.43039195811632674,-0.35999724975174235,0.7188491902590175,0.876876613618352,,0.0
UBA7,325217.1754364321,-0.23878975278852083,0.20613382336599062,-1.2330962128142944,0.21753987027111088,0.46635621331417426,,0.0
BRSK2,11720.932531876257,0.05829343740327813,0.3549629145452623,0.18235989466731384,0.8553002974426924,0.9396657033762604,,0.0
TNFRSF10B,391011.91668043076,-0.18112998379273626,0.651884639803054,-0.4176715875341289,0.6761872484648674,0.8565830722439108,,0.0
SH3TC2,12831.411943294164,0.22000940702179128,0.29751571349616657,0.8222335157325783,0.41094400711802614,0.6699696333806501,,0.0
CCDC28A-AS1,12262.443456529254,3.267335577548878,0.5707606759731025,6.094167410868574,1.1000848927095276e-09,2.5085954128727765e-08,3.676522000869258e-09,1.0
AAK1,156185.04963623808,-0.5613186583201232,0.39065363550801224,-1.7176728964055528,0.08585629572887533,0.25266136763111574,,0.0
ISCU,512247.27715353493,-0.5208006956789669,0.6798348956995549,-1.2577744836941311,0.20847332620031556,0.4555124453777346,,0.0
ATG9B,125074.31769711222,1.2140288677707765,0.27181538281136264,4.708673240794289,2.493344006511711e-06,2.922948349417719e-05,8.332842452819928e-06,1.0
PPIE,210560.19485039375,-0.46056047494370006,0.717256940195313,-1.1280091031718298,0.2593160746758226,0.5155352217082237,,0.0
BCL7A,92059.760514204,0.12247028049490717,0.540654574836369,0.3132179576548846,0.7541150761279553,0.8953938304188518,,0.0
KDM4A,244228.94253390477,-0.3628088450552411,0.5306628436847344,-0.9603990596993819,0.3368544111749322,0.6059981734177274,,0.0
DCC,1987.201972877837,0.33558455083315325,0.4021288404188904,1.007115351411363,0.3138793448357149,0.5822259947419314,,0.0
ZNF585B,148759.91819869124,1.5387639337903851,0.7768692520533574,2.701176937237095,0.006909456972209362,0.033613771868956664,0.023091645690924593,1.0
CD44,5446104.923873152,2.1640465369542667,0.3604820568329636,5.327592104930364,9.95233142952542e-08,1.59813322054823e-06,3.3261038037229196e-07,1.0
PSMD6-AS2,10591.813397833477,-0.5023804725275197,0.2574893472775109,-2.10346608608457,0.03542504684233154,0.1269101032500744,,0.0
HLA-DPB1,1539605.4090280214,0.68631968817074,1.2825730069511947,-0.327582609899986,0.7432272723309251,0.8903480199089605,1.0,0.0
WDR46,954657.6656729181,2.121055271948281,0.3475143851552587,6.402692622760315,1.526603410774384e-10,3.970759079899622e-09,5.101961733598728e-10,1.0
MEIS1,530024.4673965428,2.4778193054758044,0.8023229265172446,3.707261274588192,0.00020951275947458207,0.0015409524607011235,0.0007001989344421608,1.0
APIP,327893.31004476035,2.5474955616947943,0.7978311862602502,3.778588973858901,0.00015771950104419966,0.0011952218334062717,0.0005271040620573554,1.0
CNTRL,103361.81212460052,0.10336332618758087,0.9963165652511381,-1.0360206088249468,0.30019252804563046,0.5659348754472928,1.0,0.0
IGSF5,2840.975216056924,-0.47556896087291894,0.5460818503587768,-1.2130766806664652,0.22510050469451193,0.47653748217227326,,0.0
MOB1B,565930.6541192068,2.3219358701149737,0.686305197144878,3.9266805449462083,8.612624879267709e-05,0.000697106136905396,0.000287836921165888,1.0
LCMT1-AS2,1641.1808643296868,-0.13468204058096753,0.6493422136599378,-0.3573395050372925,0.7208376588692351,0.8772330774661506,,0.0
KNL1,60319.24877457741,0.43893009223360785,0.3542661216110517,1.4300870447653724,0.15269203798842665,0.374714514847274,,0.0
DNAJC5G,792.555103462608,1.3299974500396317,0.6673182250355232,2.618866883916102,0.008822236652346717,0.04085275314645685,,0.0
SLC25A15,23632.973300635647,-0.2413574524207364,0.22407132484734643,-1.1408004681682813,0.2539529657639351,0.5110507333392597,,0.0
ABCG5,541.695543887103,-0.6626518585439163,0.36897628690192985,-2.0726821158866815,0.03820187323685575,0.13501780250874565,0.12767199000777826,0.0
SORL1,283457.3259545516,-1.0810174075192802,0.5136710126441606,-2.6288242237034116,0.008568063576096085,0.03998963504581668,0.028634766690393408,1.0
CALM1,2113053.0504076043,0.24487826379744485,0.4750052736389229,0.628480619195738,0.5296891389030826,0.7681556913025924,,0.0
LINC-PINT,356839.65073941345,2.4040811798410866,0.6881123971366749,4.017477952179592,5.8824337122756494e-05,0.0004920749406885192,0.0001965929820976728,1.0
SMIM12,207376.59503352063,-0.2693933183333033,0.6631267867105984,-0.6969885723118339,0.4858099454894138,0.7363080023593725,,0.0
PRMT3,191196.40134985806,0.42394598616328527,0.691964865196581,0.9619817793757779,0.33605875664139984,0.6047846596998742,,0.0
PTCHD4,13065.444189412836,2.1512025368283005,0.38813674950094645,5.858805934296037,4.662071138722351e-09,9.275849907083435e-08,1.5580804013146388e-08,1.0
DPYSL3,856836.8950507892,0.6625309149639231,0.5252642714725884,1.6235020261988986,0.1044821305741023,0.29017379575498203,,0.0
ARL4C,180324.12586580412,-0.0765591950459222,0.8280763299935423,-0.25913448508749143,0.7955314780534468,0.9152002306839239,,0.0
LINC02666,1198.9388093364512,-0.023801591725406787,0.26003661410453865,-0.10264595860254375,0.9182439657668032,0.9674494441011424,,0.0
TEX12,807.9178139725707,-0.1508487817722578,0.48141213597919796,-0.42015083349441795,0.6743752694964578,0.8563005583181567,,0.0
ANXA7,927130.9612065393,0.4777469142017802,0.5354176189092138,1.223475447505158,0.22115017212304233,0.47096970557887996,,0.0
RPS3AP20,297021.99721627554,-0.01885693657252379,0.4511626429899812,-0.08511460145383631,0.9321702821505176,0.9747190931867011,,0.0
SMAD9-IT1,1017.8186406211526,0.31635987356906037,0.2771713926161528,1.2498468792546644,0.21135548741499233,0.45851837712878873,,0.0
ARIH1,509838.57488014345,-0.4940696919204744,0.40529704366788044,-1.4527955446865461,0.14628052934705532,0.36272341785461487,,0.0
GRB2,454633.19842989196,0.42858003180023696,0.9763968705719713,0.8553522132904187,0.3923561900728535,0.6540142901281143,,0.0
PVR,249181.72767861577,0.5812856425005546,0.6037454596938826,1.3704216120134483,0.17055532950067465,0.4029814096793805,,0.0
GNAS,6198293.631564623,-0.1619392914520471,0.3335340820866474,-0.29315333013100975,0.7694049548425808,0.9041333238811129,1.0,0.0
KLHL26,230444.47748769828,2.027064500952308,0.27806145905274704,7.501969418262107,6.286604160346174e-14,2.880302860254018e-12,2.1010049914731224e-13,1.0
FHOD1,326870.41636175755,0.11106104487317238,0.3280571702938749,0.45886361562152733,0.6463321081944364,0.8407374383332465,,0.0
POU3F3,3352.701402348034,0.2920315652054999,0.872087522857359,0.7693874571237322,0.4416633323740774,0.7004340050416458,,0.0
CCR1,58029.69323616979,-0.1283425498125849,0.3909185442734893,-0.39675969307716064,0.6915446765115625,0.8653405448505995,,0.0
C1orf56,166640.39577119573,-0.1393899033300461,0.1918223919822597,-0.7757853738715116,0.4378757212718033,0.6967918747510884,1.0,0.0
RPL15P3,7091763.23249657,1.3141723345711094,1.5412723407041973,1.8855864999098046,0.05935069801896983,0.19016844952374723,,0.0
ERVK3-1,334521.69571368233,0.1610962415625928,1.0198798208653173,1.392859625304092,0.1636622436630918,0.3924498552560104,0.5469649147321402,0.0
CNTFR,1056050.5263836663,1.900364840179948,1.3072240274760603,2.5481354063802883,0.010830042568029389,0.04850693505357737,0.036194379211627,1.0
KPNA5,67725.64726179789,-0.003965851766053767,0.9355177213580028,-0.059934057466586324,0.9522081547039899,0.9831592054876649,,0.0
TAF8,346965.8356498079,1.394176187819922,0.5952883172196256,2.891516524653619,0.003833874301760046,0.020162130575778706,0.012812941357890167,1.0
DIO2-AS1,399.4459161818935,-0.31112887077036316,0.36667261786880734,-0.9999939339269438,0.31731344349600266,0.584100013571337,,0.0
SLC6A15,19186.10962765944,-0.7766812470271378,0.3665590710918374,-2.4237781373705483,0.015359986126210671,0.06435215663951015,0.051333608251787066,0.0
IGFN1,20295.352468741658,0.942209271612869,0.457224972838249,2.456903991459551,0.01401401335813872,0.05966409438239111,,0.0
LINC02712,321.49906584857297,-0.6582712368384407,0.39722249208928073,-1.9548428611047843,0.05060162045704704,0.1683574234260446,,0.0
CHTF18,261354.14126606137,0.8433661276814083,0.97017081454197,1.616343631636638,0.10602003828280364,0.29268328976468844,,0.0
CBLN3,39988.49722926232,0.4158515781698514,0.8075983689336748,1.0131668648774357,0.3109804645625889,0.5805743701030164,,0.0
MRPS18B,1523035.713675992,1.2293404995276231,1.0667223980853324,2.1945636874352568,0.02819491075832834,0.10590890210631218,,0.0
SEMA4C,1117729.6708834164,0.9313980558721121,2.155534916682915,2.26346987631751,0.023606739524652195,0.09125183472642642,,0.0
STK4,212702.3903741957,0.03724681622952804,0.4213260660856837,0.10563931305932382,0.9158685319412014,0.9661370906523088,1.0,0.0
ARL4AP4,639.4379092521801,0.10183015417024313,0.2182294895427557,0.49329341287981887,0.6218052820440007,0.826628272797782,,0.0
SMTNL2,2262.834165357879,0.2397947305296508,1.2935256935804467,0.8993630690181496,0.3684593037192805,0.6329844385187776,,0.0
SGPP2,21715.78751565419,-0.21651213746831202,0.3098793229465818,-0.7914820770063488,0.428662730978583,0.687898996949564,,0.0
LINC02847,190.26239829752208,-0.10758138498878278,0.2583016002295383,-0.45264154635441767,0.6508068770267477,0.8423960509638445,1.0,0.0
IMMTP1,2891.939015378409,-1.5012307571617303,0.6503890318250979,-2.937042555741423,0.0033135862950298633,0.01775541840920508,0.011074120730310647,1.0
PSMC1,103293.27236408192,-0.9918311972795733,0.7898367765059175,-2.0213937211663033,0.04323902416256021,0.14858602913190277,,0.0
SLC22A25,273.3343586849418,-1.4856513966735343,0.2996053571996516,-5.2454136358945,1.5593209086103817e-07,2.3887265698160263e-06,5.21130475012827e-07,1.0
GHITM,1066092.7497611514,-0.2513905090737646,0.29545259562805726,-0.8306996651661406,0.40614331556454153,0.6677342450010872,,0.0
MALSU1,221098.5268184286,0.6348001502573336,0.9359803546153024,1.4697839049337043,0.1416202896296196,0.3562980989472646,,0.0
TOP1MT,170821.42356969137,-0.08317747600477927,0.4096677468443955,-0.27898905045162226,0.780253227757052,0.9072373968378854,1.0,0.0
TPTE2P6,972.7288090301429,-0.27205377409280235,0.5460980422326428,-0.7150898733750642,0.4745535109286646,0.7260382925308375,,0.0
DCUN1D4,183537.24612350747,-0.12037353779740725,0.8764258593426895,-0.48971156340692346,0.6243380181255713,0.8286954126221779,,0.0
IFI16,12918.26114571725,0.6767908348855634,2.3725303376007516,1.1438252596941592,0.25269611198668285,0.5099105956686045,,0.0
MEF2AP1,247.97776371313563,-0.16102837109463958,0.6971666267072659,-0.42814160902699466,0.6685480248344304,0.8528936342931533,,0.0
TOMM22,166443.4013968199,0.2094842457305578,0.4541016878508008,0.6391329278243921,0.5227364606403544,0.7631834822045354,,0.0
IGSF9,73251.68142128995,-0.9609953259001177,1.0460692788043855,-1.9337368112249744,0.05314549540889525,0.1753029088982978,0.17761409543280723,0.0
SCTR-AS1,770.0175280960442,-0.32553808184092214,0.5247498023566997,-0.859929677357254,0.3898278080828528,0.6521387264431399,,0.0
LINC00368,190.37172779627647,0.2768899268107081,0.40146174402965495,0.8356862730945442,0.40333141960824426,0.6654235578208034,,0.0
KCNIP1,4265.824056502244,1.1860146021967393,0.4951322413708131,2.847901365846482,0.004400856174659454,0.0227986262824163,0.014707814511428819,1.0
ST13P10,1327.308749404096,0.321069928508703,0.519527752170504,0.8438550033289623,0.3987504350499743,0.6604841368622129,,0.0
TMPRSS13,68562.97117840666,0.25890070088413025,0.8390459362809957,0.6729080751295009,0.5010057745408989,0.7475529741463448,,0.0
PDE5A,277584.8812404483,-0.5352633187455346,0.858032438272125,-1.3282787983332662,0.1840860211637967,0.42287285634406657,,0.0
GPR62,1380.090628530036,0.012792862068045861,0.784188901197169,0.023092056237912936,0.9815768422019712,0.9929096110910763,,0.0
ASB13,469218.9392226549,0.9953865068027973,0.23899224337646116,4.364808491645222,1.27234176230805e-05,0.00012458970119541964,4.2522104546212145e-05,1.0
ANTXR1,2277555.469397759,4.117302666063942,0.9935321173412446,4.104833872512536,4.0460553418306836e-05,0.0003507986176580284,0.00013522057778956228,1.0
KIAA0319,2490.594841291476,-0.18973649555936659,0.6295868171566765,-0.4928405448279864,0.6221252599420508,0.8267412315461952,,0.0
PKDCC,708336.2482631005,2.3323803556119405,0.4412932301219793,5.6085626895834455,2.0401380088566692e-08,3.7595753565425115e-07,6.818212234418574e-08,1.0
SNORD11,47.123933787564766,1.1609502627065,2.0389498098078556,2.776816605250557,0.005489414296228069,0.027496624869972897,0.018345813641945614,1.0
VPS13D,726890.4498796333,-0.3576612697899562,0.42029730233186186,-1.0635736829782374,0.28752186955298686,0.5490924307507739,,0.0
MANSC4,415.23659568031854,-0.8982661092916469,0.15693754337947957,-5.862640193822789,4.555646849987534e-09,9.130187606502028e-08,1.5225130336002516e-08,1.0
C11orf42,123.0977274173753,0.6540193999719042,0.8041692502045444,-0.5613002049777943,0.5745929018729083,0.7993629588720231,1.0,0.0
DSTNP3,10287.3216814116,-0.0646196553565084,0.5092105480856106,-0.17811179470222255,0.8586351793076227,0.940046538640037,,0.0
ADIPOQ,3006853.07239129,0.9608358749093814,0.7376872861882738,1.9988730296666877,0.04562209355246993,0.15541387121489417,,0.0
LBX2,40512.43099894927,2.094272822123438,0.2971205058333678,7.281263416156005,3.30708214108131e-13,1.3873791636641966e-11,1.1052383621431714e-12,1.0
CCAR2,546007.6407749437,0.2067005216109167,0.6769237291658924,0.7239108526895514,0.4691204667738733,0.7217460292879616,,0.0
LSP1P3,592.6527476315259,1.262122888186348,0.22946723190992732,5.715096047574244,1.0964207837480606e-08,2.1222966643557422e-07,3.664276421187461e-08,1.0
MAP7,183756.38879055943,-1.6634573622212392,0.27792052598893,-6.302658662371569,2.925827752310594e-10,7.379587775272276e-09,9.778218184261577e-10,1.0
MT1H,1505.7447877044724,-0.7405582107058903,0.9230052756722827,-1.6360178678625534,0.10183584790421137,0.284826364166059,,0.0
GATAD2B,309580.37148816057,0.3769064549526084,0.8112955233991453,0.9985100323247097,0.3180321021544128,0.5849916457308056,,0.0
ATP10A,140776.24997353292,0.2601700829096106,0.2616736241116806,1.0636676708450643,0.28747927485126323,0.5490924307507739,,0.0
TMEM165,392888.0296873263,-0.2203525649716689,0.44806073231698296,-0.609108171384665,0.542452741670984,0.7777803594329297,,0.0
MAP1S,164551.7714428547,-0.6198287741507622,0.3424870192733312,-2.054251979739996,0.03995130982231291,0.13971767594722037,0.13351866796707387,0.0
TEX26-AS1,5068.869589353261,0.01819711941274864,0.24343637991051456,0.07997389726739106,0.9362580164212674,0.9769181081524501,,0.0
OR5BK1P,324.43632577386495,-0.42055693725321214,0.9379398135861547,-1.3369114307567707,0.1812515491624459,0.4196431323677584,,0.0
RARS1,1110830.2028949414,2.1166935469503425,0.6197331610068458,3.9136239085261364,9.092121077967158e-05,0.0007288290957201925,0.0003038618510193442,1.0
MCF2L,512025.59186018945,-0.4597205875575621,0.5784115352112594,-1.161767551521144,0.2453298979052264,0.5013257855058691,,0.0
BTF3P2,8281.159786381952,-0.06000382840796479,0.5012673093452915,-0.17215057175312656,0.8633191556699711,0.9425286861685361,,0.0
TIMM10B,192522.17535466873,0.16683937890856054,0.44679680340633,0.4660847725697195,0.6411548224496681,0.837631764539088,,0.0
LINC01108,602.6981266634233,0.3081472983859878,0.8522629713051103,0.8027403281619664,0.42212483836638603,0.6813482361996548,,0.0
PDE4C,21399.339886451842,1.1330704360476571,0.28252131460286456,4.259757692542033,2.0464863637384907e-05,0.00018996566729572532,6.839428657393764e-05,1.0
TSPAN12,32675.050826162846,-0.5493944240306208,0.5022922047716243,-1.4531917849745803,0.14617051242676282,0.36272341785461487,,0.0
SPATA32,39.72115415459027,0.4126554067517047,1.148650626118112,1.8977131231997033,0.05773388288410232,0.1856615443405629,,0.0
PCDHAC2,5981.761961182662,0.06863566089277201,1.1137925217023557,0.08327737733930471,0.9336309880687046,0.9752255081395338,,0.0
LINC02207,760.6036844365672,-0.9806713037312835,0.4118811202646908,-2.7569041984083684,0.0058351444722053464,0.028909436006144342,0.01950125592350823,1.0
CHCHD3P3,18218.502795887583,-0.6647504785826841,0.29904718354249,-2.4514251484903937,0.014229177735542328,0.06037426814893661,0.047554407251380756,1.0
TMEM14A,514297.54038853216,2.291167324669108,0.2840202587130896,8.25043894736745,1.5781378556094758e-16,9.382405298706812e-15,5.274191641939835e-16,1.0
TRPM8,8169.385736120162,0.026454747863959228,0.49340391239786596,0.0643449097018547,0.9486955947490334,0.9818398440718766,,0.0
UGT1A9,20707.386294393997,0.06793250290583473,0.260437608754667,0.2837179247968222,0.7766265569694435,0.9061002269523913,,0.0
PRELID1P6,370600.38149207307,3.1974407207546403,0.8175579640420915,4.428262932477221,9.499505445952653e-06,9.642384186399908e-05,3.174767783911754e-05,1.0
DMXL2,151713.98438007353,0.21132233523041433,0.3259545994674259,0.7628248357868174,0.44556786741838306,0.7020540559649046,,0.0
EAF1,329026.6479916239,0.6398303984958243,0.762256307788889,1.3721287005360376,0.1700233762785317,0.4029814096793805,,0.0
ARHGAP29,639325.0779947164,0.22856574418443099,0.18729697152780275,1.2139744926234208,0.22475746466899427,0.4764164690916466,,0.0
RBAK-RBAKDN,14002.619722311976,-0.7074345418564127,0.6052772390605003,-1.662027803966753,0.09650719976142676,0.27493266149946677,,0.0
RN7SL130P,666.716154872508,-0.048751634286772524,0.3013456085599529,-0.18454493963615054,0.8535859757816131,0.9395321409924882,,0.0
RPUSD2,41482.270421271634,-0.24551559018768662,0.5501120741524137,-0.647902024235585,0.5170483214193925,0.7605712274428413,,0.0
NDUFS8,534970.7694314229,1.3844050343205805,0.26802603113906087,5.388273349994534,7.113780017079133e-08,1.1881678061970967e-06,2.377450041852484e-07,1.0
ST13,716777.2497961264,-0.6859716289047629,0.6474757326502913,-1.6367395778773401,0.10168489552191085,0.284826364166059,,0.0
RYR3,66470.01681632387,-0.4723838033642227,0.47205191601583235,-1.3041422078600684,0.19218510012449552,0.43467952446636354,,0.0
TXNL1,387902.7948586823,-0.08579355158348351,0.4459815283237632,-0.19383602838536979,0.8463042754176157,0.9372350242937326,,0.0
CSTB,250750.4165870209,-0.11994173619165342,0.8710872034980283,-0.08430957792416076,0.9328102974348761,0.9751841376156104,,0.0
WDR7-OT1,7627.6325365703815,-0.1767894505904001,0.6109912859015192,-0.46588842427448585,0.6412953673467408,0.837631764539088,,0.0
CHDH,160475.97006251357,0.11603977495125259,0.4224384882476076,0.30838509452319113,0.757789322514652,0.897209093451497,,0.0
TMCO1-AS1,1977.476815603964,-0.9145934698606604,0.3317758786918014,-3.0511129338425413,0.002279948013683351,0.012938704977653016,0.007619665617350046,1.0
NAT10,415697.9660971388,0.22753440087080895,1.0392484302230613,0.8130342118177804,0.41619844342528656,0.6745644041479768,,0.0
KHDC1L,296.5324314805088,-1.1205333149539691,0.3960037853226512,-3.203988311499196,0.0013553797913506767,0.00824130114595623,0.004529726437894196,1.0
ANKRD36BP2,10409.911961863676,-0.6769483807338104,0.585480091093749,-1.6233402472612755,0.10451669038168585,0.29017379575498203,,0.0
YWHAB,2253072.3285155664,0.09707518242936991,0.4894893805527682,0.3995085388064806,0.6895185333124109,0.8637670724384124,,0.0
MTPN,624981.8018895123,-0.21276485435145012,0.76372645338294,-0.5883783902260765,0.5562783392721099,0.7872551727203806,,0.0
LINC02725,331.14624544135097,0.284428516804441,0.23836467473531403,1.2775982006569735,0.20139113534430497,0.4469988132930929,,0.0
SLC41A1,162264.77136879446,-0.4704796002812161,0.5015561032528038,-1.2488979417716572,0.21170240452593936,0.45906105380724965,0.7075168044163422,0.0
RNF125,85842.44481519007,0.12313388407078343,0.6493344807530302,-1.6259903314765973,0.10395171216621021,0.28911206359190744,0.34741024019135713,0.0
HROB,27870.314127601705,0.3241171266248808,0.40024375780829896,0.9738810380032094,0.3301156097843242,0.5973280778795501,,0.0
LINC01010,7737.134392188255,2.6833028327166213,0.565787365719622,5.168521480163386,2.3595317324913803e-07,3.4657357270770447e-06,7.885637175588662e-07,1.0
ATP6V1B2,517968.0390807359,0.0136488495194271,0.314450263747559,-0.03840971409271849,0.9693610159725963,0.9880117093685531,,0.0
ABCG4,1875.103170702198,0.2883568050412628,0.226832863198524,1.3515536283494136,0.17651815316300734,0.4120476069639787,,0.0
CDCA8,74131.5760946212,-0.18548299809479288,0.4517114319592286,-0.5334133954774506,0.5937474467574422,0.811265321233014,,0.0
SNRPEP11,2279.423923402936,2.895061166177709,0.7383186841400908,4.44878183515899,8.63586778963666e-06,8.873976078486724e-05,2.886137073203202e-05,1.0
TNPO1P1,1870.447841254812,-0.12791312634513746,0.861904591256425,-2.9617998294757997,0.0030584654887160384,0.01662021398329477,0.010221498115903064,1.0
FKTN,116299.19860514696,0.7271673302651125,0.6593348715739343,1.6174142539362555,0.10578889094955816,0.2922067043153172,,0.0
CASP9,40940.5417153267,-1.9275399986569373,1.0139516171236493,-2.8384722595135345,0.004533005940013047,0.023289950272042344,0.015149463626830754,1.0
LINC00662,38296.848253142925,-0.84988334509432,0.38619409566725343,-2.5390825154207315,0.011114360611126115,0.0496467950733129,0.037144580007598856,1.0
TNN,74465.42394190755,-0.35712606463379726,0.6141584416804517,-0.8989042238702305,0.36870367794769754,0.6331864400518575,,0.0
CELF3,3845.9017747275925,0.01560106485493701,0.3270733515064047,0.05152274841761781,0.9589089753064606,0.9845377102550297,,0.0
MSI2,597153.9212118483,1.1516072961310957,0.634715453165001,2.3683474588676816,0.017867746772376642,0.07278264876121447,,0.0
TPRXL,18412.91986318982,1.606166666439948,1.229891456785219,2.3946974145708486,0.01663408619975272,0.06854012085937713,,0.0
EHBP1,223753.84794698696,0.4421765340297558,0.6055292450228834,1.0981779143393844,0.27212680823566004,0.5314827064250631,,0.0
CLEC12A,16959.354274192418,2.4460695001150614,0.7189961603058584,3.9625692678847058,7.414748451726192e-05,0.0006080337236111757,0.0002478034740258961,1.0
TADA1,79611.31339605305,-0.327201534414678,0.21428109663666192,-1.6212613952120418,0.10496159062506041,0.29104840842951235,0.3507852891505533,0.0
ACER2P1,2155.598794504516,-0.1241114925402853,0.4492040425820377,-0.36012246410968074,0.7187555543242174,0.876876613618352,,0.0
LINC02097,2972.7928518691015,0.9497213082768449,0.4631405199839207,2.4555000150538295,0.014068874686546254,0.059821132195819755,,0.0
ST8SIA1,97976.34977989632,1.2629706114873174,0.6246047151032775,2.5994200052159036,0.009338144035137691,0.04267001525404686,,0.0
CAPN11,9343.976339154831,-0.15697312481048303,0.8582773022914828,-0.543964660672017,0.5864657915746828,0.8063904634151888,,0.0
RSL24D1,441851.0491222038,-0.12810646506680928,0.18018629673119713,-0.5384763590510755,0.5902482220609013,0.8086967410074462,,0.0
ECI2-DT,822.4962821080622,-0.13861695248066852,0.5498605310462866,-0.37164022716412953,0.7101607339698673,0.8739092420931271,,0.0
PTER,56344.510128617854,-2.6964977670959147,1.0351234601182224,-3.443988834964473,0.0005731993720543507,0.003811661336936654,0.0019156522521200624,1.0
VMP1,2414984.7215485056,1.4577291629318139,0.2835434257432247,5.3351057761493,9.548887577514812e-08,1.5382949858744828e-06,3.191271464158732e-07,1.0
LINC01531,421.0171958431216,-0.15379480266530107,0.39542427541987435,-0.4756161754614183,0.6343478494249742,0.8325711327275483,1.0,0.0
ZBTB5,83593.94145199814,0.3811017780908201,0.864738355369765,0.9597285858777208,0.33719183238551165,0.6061684704583317,,0.0
WDR27,31636.164686618,0.21028860993311296,1.1358867421536827,0.591999793896837,0.5538507264079483,0.7858244498539902,1.0,0.0
OOEP,1299.2275632612832,0.145981812761586,1.1410184218638677,0.5505188003579784,0.5819635855658776,0.8028525266066279,,0.0
AKAP9,1558833.0586554152,1.7528800042631218,0.7065412731741352,3.1152529190624128,0.0018378724968727638,0.010722354263297408,0.006142233853337155,1.0
TMEM104,249858.69973847177,-0.011374732997839011,0.8785275414972645,0.12328410835701983,0.9018821245238209,0.9595226522948364,,0.0
NMNAT2,52777.796971537464,0.12644805199483666,0.43108746857535973,0.3605865526216896,0.7184085434051966,0.876876613618352,,0.0
LINC02829,373.17816385774364,-1.9166618746059896,0.6438370715767191,-3.566888629428419,0.0003612449160637012,0.0025409255082001745,0.0012072930829357834,1.0
OR10D1P,116.31595112872867,-0.11918497800600215,0.3963468286163824,-0.3678320253495557,0.7129984878081006,0.8740585879992542,,0.0
AK3P3,1441.714851361214,0.3286684710640117,0.8118466109024591,0.8281660459574387,0.40757647002433295,0.6680861917317386,,0.0
OIT3,1303.5813519389706,0.15762223039247825,0.5096842921518935,0.41986053200074225,0.6745873415885689,0.8563521057176697,,0.0
FAM50B,131757.28912921675,0.7057037168538326,1.5778564564970543,2.0028369909272667,0.04519478799431095,0.15406332508094805,,0.0
MIR6865,296.14854204100016,0.06422753981377019,0.42758610201924163,0.18462200200819012,0.853525527494642,0.9395321409924882,,0.0
TXNDC5,1360345.2648436977,-0.47009023238080533,0.5850467539706745,-1.1801442170627015,0.23794286088096683,0.4930141371298573,,0.0
CA12,1262728.8194761758,0.3044958850884107,0.329478185703637,1.1329798051834459,0.25722273408645435,0.5137095127411925,,0.0
TATDN1,221492.9653033843,-0.02498247671256953,0.1923594099092635,-0.04021145739262393,0.9679245433406113,0.9880117093685531,1.0,0.0
GABBR2,14869.073117076536,0.13451240857482494,0.5015967415602138,0.35741107056146726,0.7207840902437606,0.8772330774661506,,0.0
PLEKHH1,112580.50101439092,0.11906396892343947,0.2942212518172296,0.45163434539866476,0.6515324231787236,0.8427228493536767,,0.0
CR1,13620.07026054509,0.254410329986137,0.40339839432696123,0.7608675155616996,0.4467362029207387,0.7023516795344427,,0.0
CAPRIN2,366076.4626673166,1.0492248881290733,0.6532979716198837,2.2214990173150095,0.02631718119353191,0.09994524933878203,,0.0
GGNBP2,222474.85817354493,0.012920945379046048,0.6667133864734863,0.018405341867686303,0.9853154909712363,0.9938730684529093,,0.0
IMPDH1P7,6498.696213321965,0.38848370967186524,1.2273759767358552,1.179609863380375,0.23815541819884223,0.4930141371298573,,0.0
TRAK1,256838.45242887916,0.1829271940524616,0.5998565338224446,-2.4778671835798236,0.013217033495777677,0.05719745691327013,0.04417178597350598,1.0
TPCN2,43503.42649754989,0.12519365379123307,0.9642229473084974,0.4491585246097412,0.6533173045285932,0.8431159118632899,1.0,0.0
TTLL3,377240.5955722677,-1.347648464010493,0.3333988806049389,-4.462925346647983,8.084822662410359e-06,8.342067019850689e-05,2.7019758737225517e-05,1.0
SYNDIG1,16181.362426430383,-0.17669485689258457,0.43278410601885753,-0.5214381818653837,0.6020615589431558,0.8165929998267573,,0.0
FOXI1,183152.15887151114,2.669604063763819,0.3039339796780423,8.96769864848183,3.0277409266479806e-19,2.5200896979466693e-17,1.0118815560075881e-18,1.0
NIPAL1,26635.98515081884,0.34846323991746464,0.8581014004197789,0.9002066469894601,0.36801028948837433,0.6327196827783363,,0.0
SLC22A7,2103.4925420351037,2.9207641378545026,0.5924159625567462,5.34615557627276,8.984199369961915e-08,1.46467456196936e-06,3.002550699746977e-07,1.0
CRY1,87880.10908150225,0.7146604970650201,0.6576885839541481,1.579424567598333,0.11423870593669502,0.30738582836630113,,0.0
PTGES3P3,12058.102837022067,0.2972736833181584,0.3979674243201795,0.9050839477433458,0.3654209155082967,0.630212674432311,,0.0
AARSD1,163637.92042301944,0.38860646709772556,0.21165745390605162,1.8847120923838065,0.05946871887303305,0.1903761423409789,,0.0
CDH12,10364.865737469316,1.3323915822537342,0.7090869173423839,2.5386504814939403,0.011128093467823896,0.04964740591032477,,0.0
TUBB1,4798.155443918556,-0.14391716936082533,0.8602602818853631,-0.5022399002936053,0.6154987791653659,0.8242646112343062,,0.0
MT1DP,887.5640853534223,-0.40939251784286773,0.2806560953356403,-1.6025525329379322,0.10903348058564943,0.2985269748052266,,0.0
CD63,4192977.0298479623,0.16936103374736178,1.0251926423086177,0.49342905321090513,0.6217094580846021,0.826628272797782,,0.0
HERC4,206801.17286216156,-0.06930797368364157,0.40733797688418766,-0.19397084391229824,0.8461987114864363,0.9372350242937326,,0.0
TTN-AS1,63516.0864596177,0.564569699227103,0.6062329731988846,1.3477343372602495,0.17774384387689013,0.41440371443566265,,0.0
LINC02562,1321.6000406219669,-1.813625270500686,0.45001633097733895,-4.446633428779174,8.722649646398751e-06,8.944745859161265e-05,2.9151398717850714e-05,1.0
BMPR2,104952.2431657038,1.0880220865807013,0.9396692161303036,0.7340405719907037,0.46292401113447346,0.7157656831951699,,0.0
ESRG,933.5800068595197,-0.1881869399921691,0.47869699845828056,-0.5250195103376428,0.5995696280731637,0.8156498835732442,,0.0
MRC2,835267.6418082049,0.016615968123044007,0.8368948510305172,0.20618324176764735,0.8366477777447663,0.9336566516521139,,0.0
TMEM163,19232.057264357758,0.6726677395717201,0.7036695550713208,1.5089989445579346,0.13129905250353585,0.338658688768243,,0.0
OPRPN,12086.635149060885,-0.2637199441560081,0.8788181317795042,-0.2815888247758756,0.7782588101399273,0.9066746396882586,,0.0
ATG10,289533.50689563714,0.5794975987542917,1.6740487717064145,1.7495044316151547,0.08020386343811602,0.2396996373488638,,0.0
CCDC178,13695.114827721696,-0.29097023827412377,0.45773919995142964,-0.8223644215348389,0.4108695220371935,0.6699696333806501,,0.0
PDE10A,64709.13019491796,-0.11081236889281279,0.1730871381676577,-0.5939724609392727,0.5525305323698293,0.7847945047368964,,0.0
RN7SL32P,159.8677164042956,0.19110883965997041,0.20412031639197398,0.985363030788391,0.32444578211426767,0.5922084195462912,,0.0
GRM6,1000.3514510277837,-0.19400185099210512,0.8028353464695842,-0.5636849123378093,0.5729685872395763,0.7986131835658932,,0.0
MDGA2,1273.5013143752233,0.10282203575612199,0.19956697236198143,0.5387203917798742,0.5900798010450377,0.8086967410074462,,0.0
HLA-DPA3,246.67896211487874,0.5957036086124468,0.5963786824801215,1.4322276545505026,0.15207867974125755,0.3733927859527238,,0.0
ZNF341-AS1,2788.068971265093,0.497658104453821,0.512464812788831,1.2900684812331342,0.1970268821578216,0.4414682246611776,,0.0
TINF2,358352.5333512151,0.13007162594885732,0.6816065565209917,0.29467266703632483,0.7682439450616149,0.9040668641740868,,0.0
CEP104,169341.2700786882,-0.004232152549415005,0.7264163954769461,0.006383113929328517,0.9949070465306377,0.9981048192796312,,0.0
CAMTA1-AS1,332.9917434903942,0.22682829861507275,0.7752103808822346,0.5862455683238731,0.557710503551653,0.7885634922811311,,0.0
RBM26,374354.5910529929,0.26194246193277543,0.42111709147062587,0.8418548061359393,0.39986923000837016,0.6618982216313558,,0.0
IER3-AS1,432852.8827853377,2.66584679856548,0.38419896974191503,7.1930983309758965,6.333729248731206e-13,2.5103685609653683e-11,2.1167543600344653e-12,1.0
ASS1P2,707.2557808087116,0.02719220742500845,0.7470761522563777,0.06337085625711993,0.9494711939296391,0.9818398440718766,,0.0
MIR5581,258.9919788715821,0.1822998343015319,0.32041081383437997,0.6437368580279452,0.5197460847438106,0.7619818605582005,,0.0
APCDD1L-DT,9695.600964349063,0.34552573420178917,0.7061421167136439,0.8488800633315841,0.39594803350876717,0.6578058813515579,,0.0
ARHGAP11A,66972.40384029952,0.10629945977744425,0.3943064992284271,0.3145214664826374,0.753125015193537,0.8952521041832213,,0.0
MRPL58,80797.7396065659,-0.8446252298293437,0.28310053919470474,-3.22541208855873,0.0012579146177485907,0.0077364847303404705,0.004203994435353892,1.0
ADSS2,384169.6299393837,-0.43515781630202705,0.451439072927789,-1.2143128055959305,0.22462829747140267,0.4764164690916466,0.7507155885372916,0.0
OR7E47P,3800.367454815639,2.1448962431713814,0.36400804335759535,6.200806632186847,5.617449842395372e-10,1.348728101582812e-08,1.8773712893627908e-09,1.0
BORCS5,185145.33078004874,2.303093061527701,0.1694441900515633,13.763581427987797,4.220880687809719e-43,3.779741454231249e-40,1.4106330170169965e-42,1.0
FBXW12,912.8773587948739,-1.117457858192734,0.6315764614126808,-2.372231167317504,0.01768102463824041,0.07227171478727139,,0.0
GTF2IRD1,129656.15762677463,-0.953708932011216,0.4330485649592457,-2.6064196242568674,0.009149429465516667,0.04194756239825471,0.030577711727794325,1.0
TMEM234,26377.33051424948,-0.04002664799720216,0.8398842538350829,-0.14267381069550944,0.8865478011216048,0.9539118653501759,,0.0
ZSCAN12P1,4400.75283793752,-1.1987431823941677,0.3612996957813003,-3.6633902846205912,0.00024889885414493745,0.0018066873220927582,0.0008318286336985761,1.0
PRELID2,18522.46958423431,0.3321328771529241,0.5027948861751964,0.8820585767139567,0.37774513130883713,0.641871107776908,,0.0
ZBTB14,85946.42436343194,-0.008902973946897742,0.3686491693384024,-0.04130845389145627,0.9670499935936728,0.9880117093685531,,0.0
RPL22P13,100.95756744287935,-0.2998276139750928,0.8893957438882371,-1.5524307162910518,0.12055919857333758,0.3185569511509248,,0.0
PPM1N,13733.34790431367,-0.6050242872370666,0.4640906607380641,-1.6406026423778792,0.10087992613243986,0.2828716176897275,,0.0
EVX1,874.7826762120649,0.1943141059381818,0.7226884433413896,0.49448194533011447,0.6209658540729067,0.826628272797782,,0.0
PCBP4,236913.1398696377,-0.03817220117001667,0.3964766640545335,-0.1253501307959683,0.9002463664823362,0.9585992226466498,,0.0
LILRB1,123082.11891023509,2.3356513209035845,0.3526123825020775,6.869534780759989,6.441161238862489e-12,2.1882421242775012e-10,2.1526585050629452e-11,1.0
MTG1,83638.43031564164,-0.12903459272450346,0.8544851151956594,-0.44883306181015364,0.6535520867109672,0.8431159118632899,,0.0
GRK5-IT1,258.5885818563446,0.2953344223186265,0.3152831862146864,1.054756909224839,0.29153651684201676,0.5531661721538874,,0.0
LINC01936,2239.172100453743,-1.2335939125066528,0.3951187873282533,-3.506626230665694,0.00045382612568586856,0.003121773652445217,0.0015167027078644858,1.0
JUN,2689537.119057853,0.12364756085085277,0.3123099104450187,0.47924498938116866,0.631764351942605,0.8314876618899322,,0.0
ZNF700,389434.30688772694,1.457265715384879,1.5208936792395598,2.2841399729454572,0.022363306013312944,0.08725746433775948,,0.0
SERPINB1,579949.5536723372,-6.658701813487559,1.3933327364574106,-5.320346495425988,1.0356980561475484e-07,1.6524843745689638e-06,3.4613389520379574e-07,1.0
XKR5,837.6962831126632,0.3963254828470063,0.4957928415433631,1.0556217714930531,0.2911410501186059,0.5530704670676586,,0.0
NASP,650649.549273507,-0.3972586977860967,0.4739349749094915,-1.0942913833394383,0.2738272032027049,0.5327203166319862,,0.0
NAB1,150489.3589744585,-0.5065256157092292,0.7368409590359455,-1.2337736225329852,0.2172872710575372,0.46632257484372186,,0.0
EVC,90399.70094477395,-0.6472796694230297,0.6093915052618958,-1.54205178992464,0.1230610088882385,0.32328599599571967,,0.0
GABRA2,10612.125571981269,-0.41345852289102114,0.36607248685129573,-1.328379048870096,0.18405291722725314,0.42287285634406657,,0.0
P2RX3,96.49110299558869,-1.8108737536898754,0.35603065308160464,-5.413788464994771,6.170505825229687e-08,1.0517237573787393e-06,2.0622045237866018e-07,1.0
COCH,117802.61706561304,1.8591695377301758,0.47726700827462093,4.312792996393743,1.612050378806782e-05,0.00015334437317640132,5.387528474820792e-05,1.0
PCAT1,1348.4584322516207,-0.47830969019515296,0.46902868907809453,-1.3011231090277111,0.19321631889758206,0.43509504824992346,0.6457356628217049,0.0
CELSR1,278591.6892667993,-0.3880716916341863,0.9337097174642351,-1.4739629227447064,0.1404915743464206,0.35470926303641276,,0.0
MYCBPAP,3755.2215805872147,-0.5042787430130002,0.5867771565302381,-1.2531724764562324,0.2101429442552063,0.45727837194357307,,0.0
RNF2,125239.03506807689,0.1556299337774481,0.32127146348998137,0.5356450691857304,0.5922038741651635,0.8100427684417493,1.0,0.0
RPS13,1956537.3356129024,0.2780370506796232,0.27560656220416346,1.055565984567266,0.29116654834678923,0.5530704670676586,,0.0
LIG1,164589.68713817064,-1.3681557332855494,0.8721579514260511,-2.433930567535538,0.014935859805808529,0.06305129659358225,0.049916163326908965,1.0
HSPB2-C11orf52,193218.23860396212,-0.20999675557843228,0.6181526532763828,-0.5491953392455561,0.582871402584263,0.8035388668342076,,0.0
LINC01797,227.72116004879678,-3.3207583009904282,0.8930146543127644,-4.3400718295199985,1.4243614919054892e-05,0.00013732164653621645,4.760265682117876e-05,1.0
IMPDH1P9,1387.513282356533,1.444103948660669,0.25258601314201606,5.951939698742193,2.6498301220328065e-09,5.607310012471117e-08,8.855824497529988e-09,1.0
NPC2,509861.60788434633,0.1634232300332722,0.8028438585598109,0.4134997647897116,0.6792404947170804,0.8569301988728367,,0.0
GTF3C3,232319.7288258266,0.06986963775386866,0.34393556108817824,0.1804978945613438,0.856761707148089,0.9398247901492374,,0.0
FAIM2,23682.552074251693,-0.148685785437152,0.40176155965194227,-0.45807729145099685,0.6468969129955671,0.8407374383332465,,0.0
NES,824855.3000221874,0.25216223779453567,0.7640995913714544,0.6216873869221969,0.534147446953162,0.771855425371554,,0.0
ZNF30-AS1,515.6288304681948,-1.1878610844594741,0.36479719534809885,-3.6043764122201947,0.00031290329742949917,0.002235535146441944,0.0010457337108872083,1.0
DYNC2LI1,40266.751038258124,-0.36130790453925327,0.917894672843121,-1.3436739827958204,0.17905383405237985,0.41571122606117383,,0.0
RPL23AP32,724.7643224377258,1.5189547993752142,0.27489209106772367,5.784128887088504,7.288904317900478e-09,1.4219057876404292e-07,2.4359771927226964e-08,1.0
FAM21EP,4922.074163040127,-0.6484140318796991,0.14955593979995227,-4.444434380484576,8.812339873362013e-06,9.018201911387273e-05,2.945114657811013e-05,1.0
ZNF551,23560.409166342637,-0.49070154233754204,0.2718778808462022,-1.9655337269723843,0.049352496053324556,0.16508128954474402,0.16493775956777076,0.0
GAPDHP44,8618.567529865091,1.275113207483389,0.5047665293140332,2.9910098810639276,0.0027805649583706547,0.015515241790059272,0.009292744870913439,1.0
POGLUT2,28754.95209675227,0.25048334790927884,0.5837160947428571,0.6358492161425143,0.5248747055143073,0.7647759187976587,,0.0
FFAR1,549.0055418930975,0.9337197592485542,0.22047315796022107,4.427484139695971,9.533858034545053e-06,9.65762414290426e-05,3.1862485385865765e-05,1.0
MAIP1,102778.64385596398,-0.2830628392019545,0.8056765312127935,-0.7949205063273543,0.4266597449237671,0.6857543406944736,,0.0
ZC3H14,260308.4022528831,0.1949542658225903,0.7683268261207269,0.4322323790528685,0.6655725284501932,0.8509649787711892,,0.0
MMAA,50097.93158038798,0.23413358644618282,0.7954341863864595,0.6043845704375103,0.5455879916275861,0.7807067135209641,,0.0
CCNYL6,4241.339484751695,1.3900550531516074,0.6896716254160671,2.6629839127129036,0.007745111681960635,0.03696800226449796,,0.0
REEP1,39011.364212618384,-2.085391742641045,0.4236533490440608,-5.309278958075149,1.1005977208491216e-07,1.7448841326731789e-06,3.678235890361221e-07,1.0
CCDC90B,129724.94918861103,0.46551056641775884,0.4077184045217329,1.3596855238853762,0.17392946101102913,0.4077951776005068,,0.0
CA3,26928.007560317597,0.16803566540562442,0.533539873369018,0.43700077851405505,0.6621107834422207,0.8478025322333407,,0.0
BAALC-AS2,496.0568019892451,0.008823291239647636,0.19678339084033186,0.045350106235445185,0.9638282494928133,0.9875581202230427,1.0,0.0
RGS6,29563.26955377129,-0.9962113672737577,0.3098876380344646,-3.5202644973044195,0.000431116650520593,0.0029861255932036633,0.001440806851438635,1.0
RN7SL809P,3316.2196794266756,2.280744616689753,0.774254288354802,3.577940222444601,0.00034631262654145906,0.002446230915060886,0.00115738885162082,1.0
MET,379208.1386611203,1.5465493312072758,0.4570066695850041,3.7668044946361796,0.0001653503836848392,0.0012417440843941157,0.0005526067374420362,1.0
RFC5,142556.29480385286,-0.18963255114705352,0.3661331928357019,-0.6161011225854023,0.5378277812277938,0.7749313154794005,,0.0
WWTR1-AS1,29830.1238493059,0.030264091455946374,0.9208631207612772,0.2763492672428154,0.7822798188043227,0.9087474796717347,,0.0
NHEJ1,65367.0601948595,0.2686795404163664,0.19823137701975127,1.414679429000237,0.1571625084373177,0.38149475199843613,,0.0
DNAJC19P9,42320.93138047219,0.40154370442692294,0.8138418712592357,0.9855970892293497,0.32433086696715585,0.5922084195462912,,0.0
A2M,6382337.398048489,-0.054950039596054934,0.6374146175925128,0.29085903153787135,0.7711591353750484,0.9044112333411053,,0.0
GGA2,497499.5670718801,-0.09841902439813549,0.8173176767698841,-0.32498032592130127,0.7451959618641446,0.8909525098275168,,0.0
RAB40B,245711.8182663818,1.083953887505817,0.5102424703841294,2.6186975763635343,0.008826616068287335,0.04085275314645685,,0.0
H1-9P,2517.323756662915,1.4060708182648103,0.525041715554858,3.1727523415841055,0.0015100127254335496,0.009041970684430632,0.005046515085736086,1.0
KTI12,58890.712014418736,0.5222674403145461,0.8070570029934131,1.2368050266905088,0.21615947546824932,0.4645010415182604,,0.0
NR2E3,4650.68553354098,-0.013337574236814314,0.5437092847401609,-0.04360291434455334,0.9652209285978837,0.9877304119322081,,0.0
KANSL1L-AS1,9511.654861713901,0.09407966725605948,0.4387807511267031,0.26511822618780645,0.7909183871088197,0.9143163021345939,,0.0
RNU6-403P,148.82889156389675,-0.39787393464570164,0.5374155333690316,-1.0296315401419862,0.3031830035984914,0.5689950845437302,1.0,0.0
HIGD1B,17382.88190062876,0.058115891747419435,0.8228215636781195,0.15127763308622838,0.8797567124265689,0.9501524701250617,,0.0
PRDX6,1732916.0238106467,0.40011998986756936,0.5217940391734932,0.9770782437000224,0.3285304177291477,0.5957447008494422,,0.0
HNRNPA3P11,257.76010041230217,0.08125999401062645,0.609989627815601,0.20506733265318164,0.8375195187951755,0.9337414052222042,,0.0
DGKG,6122.878926862508,-0.007517533201380987,0.9312428603696271,0.02787866506746849,0.9777589246388242,0.9909140945837344,1.0,0.0
BRD7P5,2665.0188976085037,0.26942490134642183,0.6553991189223143,0.6745836309584123,0.49994033567533946,0.7466214223572504,,0.0
OTOF,1707.590989399882,-2.0804518833030357,1.3007460531267376,-2.7540916332088283,0.005885528724241609,0.029101317276101577,0.019669641847482162,1.0
MZB1,93226.54746925844,0.3677371115781012,0.5273448057342717,0.9453453749474195,0.3444825801715923,0.6115698561595918,,0.0
TRAIP,32441.15858657046,0.15276494251457604,0.2814468974596329,0.5968054235730151,0.5506372964984945,0.7834423529098238,,0.0
PRR7-AS1,1009.3380622022796,-0.8398688141703324,0.5009948642137139,-2.1104187637904803,0.03482230165699308,0.1251097658093694,0.1163773441588798,0.0
LINC02732,511.12110725913,-0.022397479971477365,0.5973473338028173,-0.06530726371724908,0.9479293590829386,0.9818398440718766,,0.0
PTGIS,450042.55713527865,-0.04356644369034022,0.38265357521296806,-0.11539104635743479,0.908135175529186,0.9627447277868444,1.0,0.0
LINC02569,319.13917539760786,-1.3184513943723302,0.25344650774742444,-5.444313798464138,5.2005471526817445e-08,9.017893222393276e-07,1.738040959393571e-07,1.0
TNFRSF21,99125.25462168553,-0.18433856956351524,0.7020093685354621,-0.4934080743934569,0.6217242782820598,0.826628272797782,,0.0
ORC2,115506.5938301561,-0.126845758174489,0.711711254316295,-0.3495213186809859,0.7266979688184902,0.8801047306640328,,0.0
CCDC88A,592241.3817262027,1.9331076122469952,0.5307458928909785,4.0684796293676015,4.732089719951202e-05,0.00040259039286944296,0.00015814808548672256,1.0
TBX2-AS1,16677.007464648752,0.22930957446176797,0.6456441152648009,0.573436012656531,0.5663495124631097,0.7949267749411945,1.0,0.0
ZSWIM9,46711.37523162246,-0.5842946103859297,0.21562140363993942,-2.868939257621094,0.004118508839628738,0.021447166991768424,0.013764199890405816,1.0
PIGY,92897.76321861583,-0.11268471167818885,0.8260006385642399,-0.3667454203169633,0.7138089231540719,0.8744132780736538,,0.0
TAMALIN,265953.0889760895,0.2148454629460582,0.6123156053177751,0.6401128936005532,0.5220992071384829,0.7631834822045354,,0.0
LINC00612,1274.361891888782,-0.7916816253287418,0.4743515849305183,-2.0678015871467292,0.03865868439645477,0.13643920132572093,0.12919866880287728,0.0
ERICH6-AS1,6245.722589119908,1.0964604242156695,0.4616114521820252,2.7928415614637805,0.005224727569301157,0.026302711170453606,0.017461221387898712,1.0
CLDN20,1198.235996498596,0.03411690139829834,0.6441452873088026,0.0810545778046741,0.9353985484355429,0.9764591034463005,,0.0
GNA12,1946163.2382074993,1.6242769047596017,1.2751611603564588,2.281686925777424,0.02250783051680093,0.08765642239854952,,0.0
TEX46,157.2129842245493,0.32587406681095943,0.4748910772361556,0.8933274008989078,0.371681868359665,0.6372053726701569,,0.0
NRN1,406396.71898034366,0.954897685915111,0.37650236614169336,2.900247011201232,0.0037286869694336125,0.019663213015154658,0.012461401632116483,1.0
HLA-F-AS1,9275.378270453308,-0.9375047704118373,1.666982620369669,-2.4296821587187463,0.015112068850567945,0.0635801784665007,0.0505050600876076,0.0
SYCE1L,18499.74592829546,-0.11683352622654922,0.23563461977634365,-0.5477585661218637,0.5838576922549421,0.8036894473873155,,0.0
C3orf20,985.0582246580773,1.2825054103133735,0.315868400656401,4.3582352141067995,1.311154275323998e-05,0.00012739113717836665,4.38192322402458e-05,1.0
KLF15,163417.1050317566,-1.8100496311687722,0.9222951415299707,-2.8298031319974144,0.004657665420162659,0.023832357692922457,0.015566079948374938,1.0
VILL,59878.90254771504,-0.44790835950755187,0.47935555384156264,-1.2254419384374022,0.22040875368238544,0.4695910050724543,,0.0
HSF2,129939.36008627969,0.9639653987888261,0.3465298300503337,3.0823296760470242,0.0020538723070773917,0.011799799003873552,0.006864112737106705,1.0
CNTFR-AS1,4120.573049713895,0.8879254026387291,0.8560646230894832,1.8104135757279565,0.07023167558872011,0.21825574853146745,,0.0
GGCX,296379.55364209466,-0.7451054075509618,0.6645529862396107,-1.711845561707213,0.08692513312465287,0.2550552966066489,,0.0
GTF2I,459740.36695961095,-0.9096948130676998,0.5838092596614662,-2.114494209076425,0.034473078850558364,0.12438644790334547,0.11521022938476433,0.0
GALNT13,31328.328519233397,0.02786284032696335,0.4973519947741049,0.06879216680522782,0.9451550533017845,0.9817614451328994,,0.0
CYCSP55,9947.542557297176,2.2958595314770065,0.4053358145370208,5.985972231979916,2.1510106620325706e-09,4.5906612163207934e-08,7.188752500353832e-09,1.0
SEC13,440282.8045085543,-0.5952841841446542,0.36580204340235756,-1.9287492222209581,0.05376200235425001,0.17698578757885597,0.1796744831022559,0.0
UBE2R2-AS1,1501.7869253173676,1.4101854234271527,0.37604264019361955,4.096667216475055,4.1914075875061305e-05,0.00036151795322980336,0.00014007830043117876,1.0
COX6CP1,1426.044529383971,-0.30264155328766956,0.5458378635498392,-0.7917666169025563,0.4284967708501737,0.687898996949564,1.0,0.0
MIR1260B,2030.649826617683,-0.02210746589685673,0.892272128461441,-0.09353761992229302,0.9254764643121975,0.9709725762132594,,0.0
SCARA3,245311.93629578632,0.09195870912855267,0.18046582074823206,0.5136285025763184,0.6075117480437862,0.8186491283676924,,0.0
B3GNT9,115640.54246064923,-0.5589959641586414,0.5186702052665927,-1.4532692180551954,0.14614902037266925,0.36272341785461487,,0.0
TPST2,184777.6905836658,0.15165309985469827,0.5367151562658173,0.3898249374748978,0.6966660022705271,0.8671859459967628,,0.0
RPL7P9,2423714.49444466,0.25007782182498506,0.9215485903735914,0.4449979696417655,0.6563212214029688,0.8438898505886782,,0.0
NF2,109427.19465608014,0.23724976582221396,1.8528778560038772,1.041611778380399,0.297591705661836,0.5616677921675015,0.9945618382660958,0.0
CCDC190,346.25135130188403,0.006701316078669865,0.42417759065986066,0.015618464710536266,0.9875387747705648,0.995110702422155,,0.0
HTRA2,458830.4068511434,1.7209274574480113,0.48882642765827433,3.9717305825662637,7.13523900789389e-05,0.0005860753882470738,0.00023846217112727034,1.0
GRTP1-AS1,7219.495240098634,0.4628078374928241,0.2570094683737373,1.9405889690838165,0.052308153149986096,0.1729979581662454,,0.0
STAT4,28824.199061185984,-0.3753823384186933,0.9281398466163918,-1.7290622105074718,0.08379796158227806,0.24864832065818407,,0.0
SLC25A2,416.1132240888619,0.5139484186064013,0.8381179533862465,1.2174035075331893,0.22345072918425002,0.4748565708706999,,0.0
FAM240A,720.5328740445684,0.47539840265230243,0.8246330163321264,1.1401105570058936,0.2542402442569959,0.5111416182847976,,0.0
ZNF793-AS1,4795.531803553448,-0.11594278062823048,0.7250281844823069,-0.32335308360141835,0.7464278564230562,0.8913583727825783,,0.0
RBPMS,995263.1815325,0.10844861879196918,0.35028246892993997,0.4465177637385068,0.6552232839297583,0.8435640835125581,,0.0
PPP2R5E,454859.63751907053,-0.14997082032853376,0.8687092317383681,-0.5898164454562493,0.5553137159817767,0.7862876942480842,,0.0
RNU4-2,18219.94363636715,0.055391434828064696,0.1939118931960884,0.30866893618515406,0.7575733760044419,0.897209093451497,,0.0
PFKFB3,2097994.7186593697,0.2377090558706214,1.0630335085883165,0.3649992963073889,0.715111931529447,0.8749183835063168,,0.0
PPIAP43,363.1015938497508,0.10979013132730349,0.42105881090591396,0.3214418432660898,0.7478755778203675,0.8925380413644043,,0.0
MIR7851,199.27217721136094,-0.38162326015075443,0.5440343207078384,-0.9866954671618272,0.32379195287814355,0.5918803121059476,,0.0
ICE1,212556.05219210708,0.2136284986803275,0.614070108819796,0.4781926141349182,0.6325131188978138,0.8316931321157668,,0.0
LINC01623,600.1449327117192,2.0275662896520203,0.5218406924967669,4.334967763175078,1.457814844271027e-05,0.00014027605649883447,4.8720679500972146e-05,1.0
PCID2,270775.0916910113,0.0742173499226671,0.816111681796301,0.1874333567244355,0.8513208711295002,0.9395046682540119,,0.0
GAPDHP46,552.2002391986879,0.5725154278886141,1.094785988236579,1.419809107141111,0.15566326289150892,0.37921089506351,,0.0
DNAJC27,49228.39284809705,-0.5294178616205267,0.3902418262695381,-1.6201408176096315,0.10520203102513441,0.29139153795869177,,0.0
ABCB4,16377.06687877056,0.9576130362821365,0.5069328662465911,2.3363158698244826,0.01947478501279821,0.07774346631008335,,0.0
TMEM178B,82144.61212323318,2.4385286819540712,0.18415476256235958,13.434658423119116,3.788122151374723e-41,2.364735252995671e-38,1.2660036078858095e-40,1.0
LRRC8B,178097.2601360727,-0.23111620239381087,0.276373091345463,-0.9533172037598446,0.3404293774427045,0.6090232535295858,,0.0
PLEK2,19194.957240288008,-0.016341965979099142,0.8019730492751285,-2.077945240516053,0.03771440301848176,0.13376827320617748,0.1260428475711375,0.0
TTK,54013.29398321628,0.2529249255048969,0.3863762484158967,0.7832568377009629,0.4334763039792475,0.6929515563611915,,0.0
WASF2,1166633.76180031,0.09452853173981536,0.5956964853813487,0.32688010969208736,0.7437585655894454,0.8903480199089605,,0.0
MPZL1,680460.0895887141,-0.3141481064614409,0.5129880115950395,-0.8324339310126463,0.4051640563341732,0.6666851062052259,,0.0
GPS2,428078.4830325277,-0.2454700679717204,0.6203559841394085,-0.639039100858176,0.5227974955189658,0.7631834822045354,,0.0
HMGCL,179054.88518277128,-0.04941694325401282,0.206177077517695,-0.2681250251300178,0.7886030835859836,0.9135429829339834,,0.0
MGAT4EP,1093.868197184347,-0.3426588305019673,0.4942811707981958,-0.9262705086607003,0.354305418132453,0.6201897154411041,1.0,0.0
LYRM4-AS1,5327.791659179495,-1.6490205005957905,0.46129627807977963,-4.0134589160469085,5.983542093644825e-05,0.0004996958062819775,0.0001999720593947029,1.0
FANK1,33423.79905769749,-0.23903019567532743,0.45551424294626097,-0.6826573262582076,0.4948234008727289,0.742416346334676,,0.0
BEND7,216514.0416567327,1.0833161420861317,0.5636833419503559,2.471143249602089,0.013468185648215145,0.057932919144863426,,0.0
ACTG1P9,535.6046492204325,1.1124259812129837,0.2833724844490328,4.185642953452118,2.843600367935109e-05,0.00025495404376064517,9.503411403681391e-05,1.0
MINDY3,319014.62070706143,1.280932792671301,0.8189545221310405,2.3464793915692304,0.018951714229664716,0.0761422854890954,,0.0
PARP4P2,2303.601484196375,0.13594673394558981,0.3412882453980338,0.45639485151781445,0.6481060673353228,0.8411231029814455,,0.0
TMEM154,48106.978392273624,-0.09686507775959312,0.28357085152698924,-0.3915966002179378,0.69535630032011,0.8668520628553742,,0.0
FICD,47013.065065256225,0.0635160054520014,0.2844584859045123,0.22988580407601497,0.8181805076427334,0.9265577791259627,,0.0
THEMIS2,134223.64729462817,0.2105226501952846,0.6492645858852059,0.5234479212933881,0.6006625833777365,0.8163336380291677,,0.0
SRP68,591691.4870407234,-0.3015813757804954,0.6583820218369917,-0.7678241428833047,0.44259166910868186,0.7009778512957922,,0.0
RPL13AP20,94066.71056203953,0.5571796890953304,0.6362927734446461,1.3025637824311507,0.19272372925798475,0.4348905949664185,,0.0
SIAE,102618.59001880497,-0.18595563799659728,0.8580830566477862,-0.6468969968268625,0.5176986096213648,0.7606316141362448,,0.0
NUP50,293390.1500596023,-0.15091045302405343,0.5394619140476967,-0.40643097398646294,0.684425965042625,0.8605295240238845,,0.0
SLC25A38,159150.07001593214,-0.26294295757115643,0.5307284166542808,-0.6905242588599596,0.48986455982271937,0.7381966239452808,,0.0
SMARCE1P3,514.240254843876,-0.25207260615853705,0.6179362213080334,-0.648517045115613,0.516650589958457,0.7602100902335105,,0.0
HOOK1,134028.5078102349,-0.2762095760990123,0.2569699291392197,-1.1947770551762131,0.23217414725736885,0.48676645314999994,,0.0
GGT1,121030.50014930882,0.3119212440115796,0.2973002461401274,1.147516382136582,0.2511682664354822,0.5084452057473847,,0.0
LINC02518,531.4673455737536,-0.6376397172555126,0.6050294526282086,-1.5171083965347132,0.12923931867010524,0.33564626673069525,,0.0
E2F5,377040.00413416326,-0.06150428000059075,0.7248313011304504,-0.14280979443553204,0.8864404015325855,0.9539118653501759,,0.0
GCAT,38979.177338283494,0.22800231195909626,0.7252351121905117,0.5694722586206009,0.5690356917835128,0.7966607391621062,,0.0
TGFB2-AS1,1123.7752172976357,-0.19287240610147258,0.542641540192023,-0.5142526425888974,0.6070753669623146,0.8185753813320451,,0.0
TSN,398607.50571135303,0.19465855590130257,0.5634947902325335,0.4396637819415393,0.6601806379037503,0.8468276355241176,,0.0
CUX1,1824895.7747234334,1.6119604282588291,0.6395442249454149,3.121790986268608,0.0017975450835278474,0.010518654449739887,0.006007458234306922,1.0
CNNM4,218584.94607452228,-0.5281702277991498,0.35360934626367335,-1.7679757716963247,0.07706495415649293,0.23282660681036038,,0.0
DNAH17-AS1,2556.4687785096276,0.39758750054167274,0.6208168422309275,0.9803648239969934,0.32690606679835466,0.5941474092766276,,0.0
GREM1,188686.38375182313,0.39015897346870526,0.27942070194269897,1.5056079651437848,0.1321678425353851,0.33987961154568136,,0.0
GAS2L3,37909.25109582011,0.3670744816509847,0.5170451188626833,0.9573519479100426,0.338389643448614,0.6076639695327022,,0.0
MAP3K6,790832.2226974159,0.41758275861359173,0.6077645127114785,0.9637755349827398,0.33515847487446704,0.6040240741346206,,0.0
DDIT4L,15771.343522767042,-0.30017433970422197,0.4801010195305807,-0.8289758416992277,0.40711807753554663,0.6680861917317386,,0.0
FILIP1,19997.863453037855,-1.1638517749995672,0.5308988187457062,-2.7061076788580958,0.006807696793058224,0.03316842710686124,0.02275155963034787,1.0
NUCB2,436498.2840826879,-0.2637326351126786,0.4598858967378255,-0.6776551216878584,0.49799038758513847,0.7459178513904448,,0.0
RPL37A,3477177.896363185,-0.1630689968970622,0.7389532887715098,-0.588105732429347,0.556461325666237,0.7872551727203806,,0.0
USP2-AS1,1643.4803237957967,-0.43933042328407673,0.668530964976716,-1.074408214537999,0.282639762395143,0.5424209200420388,,0.0
CCDC71L,119969.49878079347,-1.5500820436980614,0.4388406494523047,-3.9579325058853807,7.560131213408274e-05,0.0006179262729911771,0.00025266221652307574,1.0
MYO1G,129185.46989448038,2.163495391688079,0.23485887994511082,9.37367163140195,7.005228372932855e-21,7.845589550808919e-19,2.3411717045551367e-20,1.0
DCAF7,857222.4734121731,0.549641446148376,0.730961845068342,1.3984830150929513,0.16196806962882582,0.3896283910049885,,0.0
BCL3,326553.28059518023,-0.5798903237398192,0.8879406886814263,-1.4338524335433707,0.15161437831797805,0.3729863080394002,,0.0
RPL35AP7,258.22092915764836,0.10752049019138273,0.39832316465388107,0.3265910283740707,0.743977230092129,0.8903480199089605,,0.0
ASS1P1,9211.73966109281,1.6170410247517182,0.46313934857765277,3.9079309775052633,9.308989006506853e-05,0.000745017485552808,0.0003111096526739539,1.0
PPIL6,20019.390363787454,-0.5010326206316564,0.8233446775054982,-1.2349816770071687,0.21683732348969276,0.4656218774628597,,0.0
AGK,561808.6997302739,2.5289666632048164,0.25329060703421136,10.16119115314579,2.9544459856846804e-24,5.087759742244584e-22,9.873861316280863e-24,1.0
ARL6IP1P2,2179.863454437869,-1.8565223939415343,0.20914696831894652,-9.065308695209861,1.242519170880878e-19,1.1080608463176972e-17,4.1525423160697615e-19,1.0
BCL2L14,18207.47143459981,2.536665804298087,0.7523878799594994,3.9376885998445417,8.227026390636188e-05,0.0006691493451927871,0.0002749500854648359,1.0
SLC25A38P1,2010.177888439424,-0.1268205180298572,0.6138525444998583,-0.3369928815395058,0.7361222662859292,0.8858950418091893,,0.0
HLA-DMB,152888.28247961935,-1.0600643653283761,0.7824436585480689,-2.110605739396712,0.03480621394370699,0.1251097658093694,,0.0
CHODL,38125.42263462313,2.2035637058755433,0.21625209439995555,10.346116424389312,4.358068040794083e-25,8.370842998356018e-23,1.4564815078771657e-24,1.0
LLPHP3,9430.909583681327,0.9199380346317343,1.3711763930823473,1.9499950752172208,0.051176706028060105,0.1698182524279948,,0.0
RAB2B,120217.80307496544,-0.15201886275952034,0.369824463957986,-0.46561304641846846,0.6414925027753833,0.837631764539088,,0.0
SNX20,47264.95587703715,1.3919775845894822,1.1867380945300967,2.245151837371435,0.02475838677084025,0.09481854565458298,,0.0
CD8B,26884.708015020955,-0.09353068381831815,0.7942503437369166,-0.29051156308017356,0.77142490598374,0.9044112333411053,,0.0
DRD4,3221.597627460993,0.7943277211333389,1.7265928940297393,2.034992889388346,0.041851588455624984,0.14504290960957056,,0.0
PDCD6IP,873256.8338405028,-0.22796969810397877,0.28608483884482355,-0.9341266736601807,0.3502385542190284,0.6171811361220282,,0.0
LINC01215,1984.0199046516295,-0.9459987271821573,1.4416093593107275,-2.103987741057826,0.035379516379199,0.12683797903641048,,0.0
LDHAP5,621.2196276372492,0.08394205603142378,1.000428013720677,-1.7574759849799788,0.07883671168870954,0.2369267374312054,,0.0
SNX31,1953.128578623992,-0.0432684643285565,0.5106751770712126,-0.12387180174831523,0.9014167799052882,0.9594363595155605,,0.0
NPNT,18808.293197056784,0.19416951563946663,1.1936425501321406,-0.9799092705680794,0.3271309064161857,0.5941474092766276,,0.0
ERICH4,1273.2377437491346,-1.1233708175316008,0.2595965319582094,-4.571373013529799,4.84538884151374e-06,5.377304861004359e-05,1.6193458156411046e-05,1.0
TXNRD3,145857.0059010478,1.3019492138726902,0.9535950081247738,2.25017685105701,0.02443772116147135,0.09387844575414456,,0.0
PI16,96802.26656853866,-2.5980300587032583,0.3773411797242995,-7.196689162648931,6.16921816338267e-13,2.4647260406346442e-11,2.0617741827155066e-12,1.0
HS3ST6,1420.065730385534,0.07222747604247035,0.5373106197966945,0.18665563197038815,0.8519306451782189,0.9395321409924882,,0.0
ME3,138754.43312326906,-0.10538855420921832,0.2665707567292412,-0.4404007408196334,0.6596468884570753,0.8468276355241176,,0.0
PTCHD3P3,453.83292668597653,1.7111041679416787,0.24231286416883913,7.2801816256542065,3.333710445328466e-13,1.3873791636641966e-11,1.1141376341047544e-12,1.0
PHF3,977382.874977751,1.2624913961147401,0.3510360870142321,3.9603539394137,7.483875686218004e-05,0.0006126963143766018,0.0002501137302629618,1.0
KRT80,94618.11794103852,-0.1820821740310436,0.7140583067476577,-0.4840971386076499,0.6283169319146527,0.8308716913657329,,0.0
TCEA1,1045476.6781553216,7.322704310775388,1.738387107733348,4.31401152810751,1.6031858101260132e-05,0.00015279217434674257,5.357902777750458e-05,1.0
GASK1B,1270445.1841257282,0.14094511692893769,0.8235844271537397,0.4045268376034692,0.6858253467662959,0.861107881905565,,0.0
ANO10,249515.7887108458,-0.28822938991775343,0.28755117109468475,-1.0899020920758098,0.2757562749561522,0.5356385986507289,,0.0
GPATCH1,141596.519766119,0.7185646150914162,0.36526668923204514,2.231519789827786,0.025646718131265955,0.09776740284852002,,0.0
BCAP29,275191.97471621423,-0.1429610587160132,0.8296316341146838,-0.4591182369605476,0.6461492611818271,0.8407374383332465,,0.0
PPIAP39,7546.837490855677,-0.21693478969249422,0.6483004355597214,-0.5649933241616575,0.5720783049328062,0.7980332555403448,,0.0
ALG3P1,118.72635539149572,-0.7521988296140368,0.4881760914665707,-1.9400530199281498,0.05237324668249948,0.17309860617630868,,0.0
PPIAP77,931.9908212309849,1.2823933477575948,0.5136166461736266,2.974700660423082,0.0029327457600284153,0.016094481729632206,0.009801338406841952,1.0
VPS16,418670.6490562783,0.7037928757172894,0.201984318100786,3.5628151000014796,0.0003668991091971795,0.002577066316920836,0.0012261895931870933,1.0
RWDD2B,46162.58000164401,-0.4295564582839974,0.5886434152977037,-1.0817808826522093,0.2793499032482156,0.5394420735527915,,0.0
PSMA8,804.8924453707496,-0.515584911921859,0.6482533044350833,-1.2391432405061762,0.21529245604341696,0.4638354294567836,,0.0
ZNF365,8821.66345957931,-0.6891243694926397,0.9663899342934618,-1.598551381165132,0.10992032002219673,0.2999189695491729,,0.0
ACOX3,60326.49342776583,0.4008046297573655,0.9904003543596308,1.061794334143673,0.28832906252829904,0.5497958527171919,,0.0
TRAF3IP2-AS1,14127.162707555835,-1.7385534740982025,0.2568903200731124,-7.009632804430262,2.3894439161025564e-12,8.52348779786869e-11,7.985604734337392e-12,1.0
DAZAP2,1082194.7613084668,-1.3761900818624468,0.9173275657803863,-2.46654635096809,0.01364230708262469,0.05853065427029871,0.045593065102774485,1.0
IRS2,495853.2970480466,-0.24442864565945108,0.37123407474659853,-0.7720546700634471,0.4400820484416519,0.6984011557063114,,0.0
ABCC4,45064.73179469092,-0.41632779396759534,0.48172691274711915,-1.1280634798297942,0.25929311106809383,0.5155352217082237,,0.0
RSPO1,18986.948677552078,0.028264256513840222,0.5690694359475524,0.06743568135480583,0.9462348642144607,0.9818194290228583,,0.0
ADGRL3-AS1,338.11227551006425,0.09038261791684293,0.35857887342406547,0.2926683513059851,0.7697756631382633,0.9041333238811129,,0.0
KRIT1,154205.5185004549,-0.9097612474775478,0.6777321922560161,-1.9657342716179456,0.049329313800171484,0.16508128954474402,,0.0
LAX1,8246.107384311785,0.42737685313577384,0.5130540824705244,1.1160476636511023,0.2644017328063606,0.5208386934101917,,0.0
ARHGAP24,99696.04397245144,0.3992371124668949,0.28784519015238685,1.4843977422904873,0.1377034333724292,0.34996994720707963,,0.0
SCHIP1,157669.08475452074,1.5092017916042682,0.36964122668534416,4.39532526695601,1.1060700583309584e-05,0.00011025376988632346,3.696524632695097e-05,1.0
PRAL,383437.4924070021,-0.1066728158497789,0.4478538138704512,-0.2874990557590079,0.7737302248310778,0.9057685754351623,,0.0
MAN2B1,1511820.2615315344,1.9267946535572706,0.47585819322434997,4.43578775940526,9.173619759122017e-06,9.368723328641175e-05,3.065855653098811e-05,1.0
TRAF4,335275.30416451086,-1.5334249678621366,0.3157682873621189,-5.222555127339477,1.7647099661132068e-07,2.664533190097606e-06,5.897722129051702e-07,1.0
CREBRF,996905.2733290503,3.023761057660066,0.3584480635378672,8.652212697164803,5.051039334855112e-18,3.9413891309791296e-16,1.688074926300641e-17,1.0
NAF1,62225.840505345084,0.40602793218257605,0.42464090765243334,1.160956127165526,0.24565974169005944,0.5013257855058691,,0.0
ENTPD4,138714.41612157362,-0.13429824476872745,0.8325831991135441,-0.760743261462772,0.44681042969181506,0.7023516795344427,,0.0
INTS13,242622.90993777858,0.8922473379093105,0.4580724708268334,2.3229102357692564,0.020183975143711858,0.07999902529182304,,0.0
LARGE1,229912.9185966203,0.15282904240898226,0.6166026519653144,0.33692120952963334,0.7361762962571358,0.8858950418091893,,0.0
TMEM248,421324.80061830685,0.2565306191372109,2.105595509021798,2.832738831952246,0.0046151075555832585,0.0236630874051158,0.015423850083686217,1.0
DIPK2A,313927.4837458284,0.38328418819350013,0.9995446386127192,1.0947309315863074,0.27363453321831654,0.5327203166319862,,0.0
SSBP1,287568.382243676,-0.5464666807655221,1.1000163821230624,-2.413644356718488,0.01579387007240458,0.06578364231992367,0.05278366350168411,0.0
OCSTAMP,283.8452644702466,-0.2911396413081658,0.8885424170065241,-1.1207200361925558,0.2624070508064048,0.5185836215778337,,0.0
L3MBTL1,62230.567168891794,-0.5229951973381781,0.4359655464833923,-1.4889273360008035,0.13650650429320024,0.34816827499501635,,0.0
EPS15-AS1,810.4291455479022,0.06349787272162141,0.6250511643581048,0.15723019101554025,0.875063435222254,0.9473262383949089,,0.0
FAM216B,579.6647700143437,-0.8656851429211658,0.655842169581127,-1.9050948501860623,0.05676774271707682,0.18408967995394912,,0.0
SOSTDC1,24593.68223762663,-1.7336165773575212,0.2056473322040209,-8.62580100677888,6.3645602689447925e-18,4.81585060350156e-16,2.1270581942999565e-17,1.0
GATA5,4162.633579668599,0.040313260510269545,0.3776783568250256,0.12051408062479155,0.9040759262120941,0.9610377129636436,1.0,0.0
NKAIN1,53792.891220441066,-0.09738970643808836,0.8734722280031234,-0.37483574345156073,0.7077826296848313,0.8733009276169287,,0.0
CEP295NL,178878.22196304283,-0.058161317422185964,0.5855632089038649,-0.16308206001116662,0.870453824730153,0.945109582590166,,0.0
COX5BP6,392.00011135870164,-0.7022343507356187,0.6227474838585842,-1.6316803933644524,0.10274683252012544,0.28665792268464046,,0.0
CDC25B,1248982.6740408137,1.4167947349319463,0.7285552811710063,2.6210773715594162,0.008765236651113213,0.040719620312241286,,0.0
VPS45,212534.8528836742,-0.18244694304571335,0.35450134224659136,-0.6134772725509025,0.5395608060054092,0.7757332851559378,1.0,0.0
ZNF418,77470.34251178321,1.3139291316160984,0.333950988498265,4.233031577394722,2.3056211735872634e-05,0.00021088410514459328,7.705466211326108e-05,1.0
MYH6,64905.68294557205,0.3569248398556553,1.1988596341012925,1.0945331668312588,0.27372120923355125,0.5327203166319862,,0.0
FAM174B,147653.28420148918,-2.2204798103302372,0.4080168525271076,-5.799203303842558,6.663071317870941e-09,1.3049167906449995e-07,2.2268216258453552e-08,1.0
UNC13D,109540.64293184892,-4.191362790335708,0.4303231215015521,-9.986495187742985,1.7464788832049276e-23,2.72559860710169e-21,5.836793215423161e-23,1.0
IGF2,664742.0415960157,0.49911069326505,0.5852227298583832,1.1459671058086203,0.2518087628868283,0.5088483408535915,,0.0
MAN1B1,427292.81517542514,-0.014439261854846798,0.9117900853195555,1.0747798021915267,0.28247332532380476,0.5423574727670438,0.9440356849677088,0.0
MGST2,163262.03018012273,0.003914957442152237,0.5777379277130481,0.0005302397661783327,0.9995769298968672,0.999599312314502,,0.0
NPHS1,298.0823726726829,0.030513845662689075,0.9173505805900956,0.08843372191854285,0.9295319600640666,0.9734918897905273,,0.0
MIR1244-1,355214.8256912175,0.12371856312282908,0.3260131381262642,0.40820953512451524,0.68311984841203,0.859904194229209,,0.0
CCDC124,557381.0619247814,0.4159905066095071,0.9812170033578653,1.3321510322065082,0.18281056379307137,0.421493977646629,,0.0
MIR6720,1434.510766869069,2.0225834085901684,0.27820605519522634,7.512235409897279,5.812614103806998e-14,2.687795818001125e-12,1.942595864813142e-13,1.0
HS3ST4,8421.712755644787,1.3593989065839966,0.3227719548317769,4.511126505642154,6.448424654503024e-06,6.82276117046358e-05,2.155085963850977e-05,1.0
CAPG,491993.4390021476,-1.1842067604197584,0.3192362759969629,-4.000447448913901,6.322282640486855e-05,0.000524476403763976,0.00021129288637182644,1.0
DPRXP3,227.1270987165326,1.0198436520190357,0.869413932469404,1.9859601677902206,0.04703774694690252,0.15915075084880162,,0.0
KCTD6,69135.89848737375,-0.08127027721301913,0.31863946482765226,-0.3020788367676892,0.7625919650911994,0.9008560680294799,,0.0
POLD2P1,1435.5743118428404,-0.46177767176184326,1.0004429377944757,-1.9961130682274177,0.04592161689216553,0.15622108634841597,,0.0
PTCD2,76634.280460496,-0.5796481384572949,0.8985332467097564,-1.4331283088279196,0.15182117270179823,0.3732703686520584,,0.0
CTBP2P4,14451.469409232097,0.20575016618433034,0.8121897058746687,0.5406161719669197,0.5887721687729008,0.8079409505288101,,0.0
PRMT7,225720.7000004258,0.6284659244798654,0.38353550620576776,1.8979425743774225,0.05770364717474644,0.1856615443405629,,0.0
MRS2P2,661.016420660868,-0.8486346777327545,0.9927605484794612,-1.7873793916578493,0.07387619014035851,0.22592632796139034,,0.0
DNAAF4-CCPG1,346315.8191622908,-0.10045942860742746,0.8453519879960296,-0.3465484449699127,0.7289305831588091,0.8818506134435786,,0.0
CALML5,613487.3422953411,1.1631535817975458,0.36031252532313973,3.5003920884175375,0.0004645742898814695,0.0031869285764671135,0.0015526234467056073,1.0
ELFN2,8385.425907999801,-0.281005785816501,0.7106304393058086,-0.7251402165197923,0.4683660144435903,0.7216969688772878,,0.0
PODXL2,666808.0103280407,2.6646423740297185,0.26401776016863215,10.227592329248575,1.4918213254660882e-24,2.660769892634873e-22,4.98571879387696e-24,1.0
ANXA6,1480999.698119262,0.2609902970628437,0.4641055723664415,0.8777576441796759,0.38007525464361636,0.6446080095822976,,0.0
COL8A1,344751.6918344939,-1.4682444865880298,0.9611460056777277,-2.4817808775121075,0.0130727636796734,0.056720574992431765,0.04368963122664611,1.0
IP6K3,25304.006976544217,1.5322611893059435,0.5459133560098097,3.305955199995873,0.0009465322016668009,0.005991104962134352,0.0031633435628663567,1.0
MIR3654,208346.096361392,-0.7843914488649147,0.4547978639986918,-2.116249572964146,0.03432358706687888,0.12394215026174485,0.11471062264051288,0.0
COPRSP1,349.7160805602308,-0.3978894482001299,0.23108001508151035,-1.836913010280956,0.0662227383237564,0.20878557777073198,,0.0
GPR108,308453.8644315003,0.16891253779957455,0.27132468236579943,0.6703722385537557,0.5026205272810857,0.7492796755945499,,0.0
FAM149B1P1,1177.2968342748095,-0.7947708814816665,0.5739164085220068,-1.8742413305471506,0.06089716988312539,0.19407815341182402,,0.0
ALOX12B,1309.4447713463928,0.5535227559945417,0.6714618146221062,1.2987473025784244,0.19403066483183362,0.4362850698650055,,0.0
CPT1A,876794.4633344074,0.05699642166622079,0.9788834554169792,0.0763459587613448,0.9391438627084979,0.9781198019533344,,0.0
NPDC1,489739.8908353153,-0.18978206639114953,0.4550788038728248,-0.5567103056821424,0.5777253745645576,0.8007906537396929,,0.0
IDH3B,665130.4360515918,1.1397209654151148,0.23092759728449355,5.090040461124598,3.579871202169432e-07,5.050247678992696e-06,1.1964054158254333e-06,1.0
PDHB,397310.50431888434,0.2705490085756669,0.7735068680953061,0.6675805996021867,0.504401344916391,0.7509786884868271,,0.0
ANTKMT,107891.47428768329,0.8734910249233317,0.44531357913824965,2.3273050093866643,0.019949037351626606,0.07931965966084654,,0.0
LINC00310,4489.942882766208,0.2801368320399979,1.1046756258495145,0.8733233136112156,0.38248687664932346,0.6459720872461012,,0.0
NLRP5,3408.7051052766,1.2746900364470821,0.45768801178597873,3.217445375993846,0.0012933765261764164,0.007913692500802035,0.004322509367602976,1.0
EMX2,18373.55101113954,-0.14398190680179074,0.2223773750006468,-0.6887001225252801,0.4910119990741463,0.7392565340296311,,0.0
ZNF383,30097.255039486226,-2.363311649273731,0.5261298318476711,-4.930944560498067,8.183295804879522e-07,1.0698266819258726e-05,2.7348859406802844e-06,1.0
TMC3,3431.6023897014993,0.26618842708287765,0.5271802517620825,0.6984015204084133,0.484926125804903,0.7354148412601536,,0.0
CRNKL1,414604.1994003277,-0.551755468306439,1.0764845918838706,-1.9010064534499347,0.05730116733185552,0.18533810210834617,,0.0
ST8SIA6-AS1,18448.19543208932,-0.6014823836823279,0.4815306577052718,-1.6033439466854085,0.10885873902983255,0.29830233042655674,,0.0
SAR1B,306265.7038598764,0.39126646076246296,0.3316201215107331,1.335443184078055,0.18173133894348403,0.42015940380146477,,0.0
AP2A1,78184.74768960563,-0.4041776266777252,0.9444212685441727,-1.6347263698583978,0.10210642196346109,0.28518986089794446,,0.0
FAM81A,9534.955301723043,0.21101248151768,1.0041688602327756,0.6392499081747066,0.5226603695037841,0.7631834822045354,,0.0
NXPE3,120494.60519221405,-0.7976221628452197,0.3054951531900696,-2.867888787996173,0.004132207555296299,0.021496088053280956,0.013809981474962797,1.0
HNRNPA3P13,649.6956752723052,-0.7280764026449555,0.3491922727135966,-2.3614909530298127,0.018201616024761016,0.07372171162015938,,0.0
ITPR1,678187.4976840565,1.5045905172405456,0.2719453369954907,5.6959320390158155,1.2269974962427387e-08,2.3658785699753808e-07,4.100668339183396e-08,1.0
CD72,105012.13086805963,-0.39367528491736253,0.33797074160143764,-1.3592397963330018,0.17407061440344207,0.40793460738188164,,0.0
VN1R48P,537.2264922647609,-0.05933266616753978,0.42128624630425104,-0.18009268727477298,0.8570798034584313,0.9398247901492374,,0.0
SNORD73B,116.5295504967655,-0.025246164277287875,0.8379762463800023,-0.0861533715563955,0.9313444969337932,0.9743870739540527,,0.0
DHX57,115543.96685557587,-1.6187296331310357,0.6578523421926699,-3.0928602763473614,0.001982374461406244,0.011445061341344256,0.00662516444832756,1.0
PDCL3,97549.58960077862,-0.28642985087255873,0.7846416592183167,-0.7834331548523256,0.43337279293393294,0.6929515563611915,,0.0
TRAM2-AS1,26695.895398459288,-1.2862789988344943,0.1880188773911376,-7.013799177519692,2.31932238294037e-12,8.332874806046193e-11,7.75125612986698e-12,1.0
AIMP1,198256.04338550108,-0.5456527323414465,0.752683684023087,-1.3466848462712464,0.17808175482576993,0.4148042367536824,,0.0
ATP2B4,872454.9499776957,-0.08480551230291047,0.5745784232154605,-0.2437636062774787,0.8074139081557319,0.9218621530246284,,0.0
SLITRK6,140340.558950723,-1.034057685120084,0.5496753598358376,-2.4317969875638474,0.015024125638412223,0.06331686366095413,,0.0
GPAT3,37785.87340300186,-0.21140969526041187,0.6167542093085128,-0.5533433561195913,0.5800283180687394,0.8018828970460933,,0.0
DCDC1,2811.557276003521,-0.11769969332075454,0.8673015865059788,-0.4169670167769391,0.6767025332314325,0.8565830722439108,1.0,0.0
EPC1,345490.6157271594,-0.3797598399157304,0.521729838697287,-0.9926028500758288,0.32090353530729143,0.5883231480633676,,0.0
RBP5,8712.66688521178,-3.7003815018196153,0.6627487034217134,-6.008824721775736,1.8687302085533313e-09,4.040016736586726e-08,6.2453613998037366e-09,1.0
SLC25A10,669637.2194206576,0.5947274252904987,0.7979686911133643,1.2571676727699443,0.20869292651667137,0.4555124453777346,,0.0
MGAT5,306766.32569049194,0.0017081554430545228,0.49155454586669706,-0.000721155480881258,0.9994246012257406,0.999599312314502,,0.0
SGO2,44094.84879573291,-0.006693117927393197,0.7738919371221903,-0.038189116084697154,0.9695368986733207,0.9880117093685531,,0.0
MRGPRX2,721.6345914667415,-0.34383465965994897,0.9109773022006751,-1.3513971143356418,0.17656825768981066,0.4120476069639787,,0.0
TMEFF1,15132.130850569805,-0.2703153935518572,0.49999676209773836,-0.7351343464794287,0.4622576784421165,0.7157656831951699,,0.0
TTC39C-AS1,799.9795211170785,0.39829958915018765,0.23122690053553496,1.8339502906431957,0.06666137338157761,0.20963910495440718,,0.0
ASPM,104888.15755865246,-0.27224916959404183,0.8642849770338507,-0.8891467925186138,0.3739241938613975,0.6390750938206089,,0.0
SERINC5,298271.6923647101,0.3631933319496068,0.1893947553779548,1.8934316237055244,0.05830049325607585,0.1872364394346256,,0.0
MEIS1-AS2,2191.4707353395625,2.2537365439067623,0.5490249109071923,4.559232353569449,5.134094276178006e-06,5.672492658237381e-05,1.7158321767708693e-05,1.0
CLVS2,1209.6282683901259,-0.3164114209501682,0.5111990410381932,-0.8460433987571686,0.39752853433655155,0.6593349387169507,,0.0
HINT1P1,5422.490817274996,2.6442374417326806,0.4621942845657147,6.0705897523546515,1.274413672988156e-09,2.8540008443510543e-08,4.259134852228824e-09,1.0
BLOC1S5,146718.80921042658,1.355264574774915,0.34684081384327203,4.177981544805604,2.94107512626153e-05,0.00026275007478622687,9.829175438704029e-05,1.0
FAM215A,235.65825755960321,0.042670090866478584,0.8620784979775455,0.11908652626620682,0.9052068052598834,0.9614212644550952,,0.0
RRP8,112023.0470744068,-0.05525387661450787,0.28089502507092995,-0.2384940693702341,0.81149791462648,0.9221857987955306,,0.0
TDRKH,77837.05494478354,-0.6678383388746906,0.3615468288116968,-2.118641299153379,0.034120792692932694,0.12365692213969946,0.11403287678434601,0.0
NFATC2,135196.76891412926,0.02266971231971027,0.8272474863155975,0.043306748007454536,0.9654570121386484,0.9877304119322081,,0.0
KCNIP4,6729.127683416412,-0.13275019815795702,0.17564425292585897,-0.7656997818031834,0.44385495693123045,0.7014593844666345,,0.0
OR7A5,8425.545963253158,1.6919829244307794,0.4647849059793578,4.056697935197527,4.9771384189681745e-05,0.0004206957081121418,0.000166337698299251,1.0
INSC,1739.5338768205124,0.44781143523643807,0.3424043369106192,1.494645942176186,0.13500686931758335,0.3452249387465495,,0.0
ATXN1L,111887.05574154035,-0.014041677112346693,0.9035282770881267,-0.0920965260208089,0.9266213485574627,0.9717654377773979,,0.0
TMEM62,114761.67194349857,0.38714074669888116,0.6758714688446811,0.9387481765542156,0.34786005200870884,0.6153783562633695,,0.0
USH1C,3250.81857382419,0.07725221074053701,0.7243493541083886,0.1951619441858579,0.8452661703094309,0.9371683830728276,,0.0
SUPT3H,22136.427648727757,-0.2737112978885139,0.3832752588879312,-0.8622289090198468,0.3885615643550433,0.6518227922032537,,0.0
KLKB1,13411.06520233885,0.31210592317285196,0.46669250893498715,0.8555305733896754,0.3922574862976942,0.6540142901281143,,0.0
PRKAA1,571582.0271662513,1.0143386139186168,0.3341999908489731,3.3875995971101065,0.0007050711276463231,0.004602778054203578,0.0023563722492222832,1.0
GSTA3,1205.8294217285406,-0.6075573300598183,0.6982974857599293,-1.4070051300511424,0.15942586758035115,0.38555582697156116,,0.0
ZBED3-AS1,27006.581812946497,-0.05595592374695512,0.6611152895173075,-0.1581079950321455,0.8743717007318483,0.9472622241830188,,0.0
FAM178B,9698.518264736224,-0.0367677461112485,0.34804619349150506,-0.1270357003538656,0.8989121426441836,0.9577778466868049,,0.0
FKBP11,120170.2740055657,-1.3229754676582133,0.433299252395138,-3.47576581066047,0.0005093969028916018,0.0034532150346744074,0.0017024221794764178,1.0
USP6NL,224277.41761766406,1.2957388496027753,0.35708713153874533,3.955228777725525,7.646144777766258e-05,0.0006239354088262204,0.00025553681978170633,1.0
PFKM,221383.73298057113,-0.6841513530421127,0.8327284301368046,-1.5496682418113814,0.12122116441689053,0.3199674921236529,,0.0
SYN3,3964.234104867205,-0.7700598408987742,1.2149958383230706,-1.8978278696053978,0.05771876064050508,0.1856615443405629,,0.0
RBAKDN,868.9273433283755,-0.5016169322012969,0.9635259000726382,-1.42131543077032,0.15522507953624,0.37869762931313267,,0.0
ING2,51107.19563973507,-0.04277875560955557,0.3405069383312036,-0.15936404867962384,0.8733820618804227,0.9467484300045217,,0.0
NKD2,29801.071967935648,-0.34287323481371673,0.5999464386460619,-0.8728037600920944,0.3827700497859199,0.6462317879076687,,0.0
SIAH1,50405.25591191724,-0.8611368072728179,1.89129804359382,-3.2249644121306935,0.0012598832909487742,0.0077390616912646724,0.004210573809710328,1.0
LMNB1,166921.07260596045,-0.28669891358655814,0.86709975708127,0.3888217085836754,0.6974080408645907,0.8675839133312654,,0.0
NPM1P40,155.63864882105776,0.12167357564835371,0.3812199211674767,0.3794267014072467,0.704371025480484,0.8712700276677658,,0.0
CALCR,2802.4998461976047,1.3182739080804093,0.2938476640976837,4.757371890995223,1.961296463502775e-06,2.360172178007918e-05,6.554721045695688e-06,1.0
WAPL,318968.3344258576,-0.5150318908542407,0.8726994609219452,-1.3190270872619603,0.1871600569545352,0.42796342551165567,,0.0
LY86,102937.18616586129,2.777971428291124,0.3059550880710832,9.286928817793438,1.5880436850357562e-20,1.6873808857592693e-18,5.3072972686636746e-20,1.0
LINC00705,158.7611963167951,-0.8044099783620392,0.37563561093140685,-2.4553472400533685,0.014074855893089348,0.059821132195819755,,0.0
CLRN3,443.28679677922435,-0.1629166655657583,0.24297202729304362,-0.7240812219471735,0.46901587219732366,0.7217460292879616,,0.0
BRIX1,263391.6828278505,0.21540533169988943,0.572297386553787,0.5830185260890021,0.5598808288152877,0.789894927276855,,0.0
ATMIN,322631.74638823944,-0.11335792249053532,0.5690563877237138,-0.28382704030460343,0.7765429311546745,0.9061002269523913,,0.0
ZIM2,25997.38112704215,1.6511769099131748,0.3923834889625057,4.5558563025392615,5.217259571381607e-06,5.726372373512032e-05,1.743626307892126e-05,1.0
RBMX2P5,2418.866467896635,-0.2382907863159545,0.5478271285839512,-0.6298492510891993,0.5287932187946036,0.7678957065019629,,0.0
TICAM2,52249.73369629676,-0.04950149569797393,0.29926589587156766,-0.17790058792131044,0.858801049117266,0.940046538640037,,0.0
ZNF550,56760.3541195479,-0.7953441916828584,0.31672432060162664,-2.776397347705071,0.005496498878725307,0.02750452444925269,0.018369490563236585,1.0
ROR1,42495.72821512744,-0.2841712395739941,0.3253820184916905,-0.9892034978818476,0.32256358737973956,0.5902830910129789,,0.0
MYORG,146869.30444844373,-1.198344928095132,0.18263444801774514,-6.7422472182130795,1.5595542337508736e-11,4.992572976507604e-10,5.212084530868884e-11,1.0
FAHD2CP,55117.4409603236,-0.2918834970295542,0.5555826425535807,-0.7670707138908335,0.4430394731086701,0.7011207375093788,,0.0
KIF24,88956.07676523252,0.8022916536904857,0.42528619201940804,2.2266139799635885,0.0259730838231087,0.09871353166864905,,0.0
GSTK1,696497.756734479,-0.18427058637097443,0.3223851005568596,-0.6249167384980264,0.5320257058694791,0.7703357442289875,,0.0
POLDIP3,437397.9063041279,-0.06369655536029613,0.19483370274894996,-0.26951018144668915,0.7875371083245516,0.9129434352304574,,0.0
PCDHGA12,572801.6447542894,-0.6485126556824184,0.39758064788974373,-1.9167707625923485,0.05526706087670973,0.18063069503814688,,0.0
BOD1,131235.54613347427,-0.2945753297942015,0.8564780562515131,-0.9198085474661308,0.35767281588855904,0.6232641480126787,,0.0
TMEM176B,332850.93952785886,0.10717133277944892,1.1321727201841802,-0.2463150062507451,0.8054383944291716,0.9211474552189411,1.0,0.0
STXBP5-AS1,14123.481319598131,0.06242175976808209,0.40777854696488725,0.18129201474752832,0.8561383734867379,0.9396657033762604,,0.0
ARFGAP1,606717.6754071701,-0.28318898363445594,0.45156711158965424,-0.8193654595405894,0.41257793547674015,0.671140064562544,1.0,0.0
CC2D1B,259707.4722370444,0.09511121768896748,0.3119397025348014,0.32435709227026077,0.7456677005675519,0.891089853226694,,0.0
KLF11,835380.9505743592,2.814495187816035,0.48781816323899685,6.124609784843578,9.090611616978346e-10,2.1021074992049157e-08,3.0381140430771675e-09,1.0
MRTFA-AS1,411.9640617466424,-0.014108082827913643,0.6444864352742732,-0.04419988970555374,0.9647450699712867,0.9877304119322081,,0.0
APOC3,4165.522804668215,0.4029132902267723,0.3177661990653013,1.429175697359913,0.15295374089727146,0.3751723880358417,,0.0
MANEA,82328.17009284547,0.4353044532916237,0.3663895394834908,1.3703257375250428,0.17058524230320593,0.4029814096793805,,0.0
DNMT3A,555368.9189000393,1.414491117744524,0.6423846157349206,2.765161618576208,0.005689459933129741,0.028328178370937113,0.01901437312323748,1.0
NUP133,273109.06537132326,-0.9410789043775616,0.7124553040785222,-2.020394351438363,0.043342498872136856,0.14866238967544743,0.1448521398049393,0.0
DYRK4,107013.90212594178,0.06549420611131539,0.6104220895029154,0.1580402519483946,0.8744250807936957,0.9472622241830188,,0.0
PEBP4,17356.2718773073,0.2687154232529891,0.6978070780787262,0.6673616735419323,0.5045411408630562,0.7509786884868271,,0.0
CHROMR,48836.0307015152,-0.19031244146769158,0.4227611079424757,-0.5531849878582059,0.5801367455001072,0.8018828970460933,,0.0
IQGAP1,1356980.441490056,-1.0555934069164503,0.4943089715527851,-2.639443582423335,0.008304224396149976,0.03905018515477682,0.02775300696785598,1.0
OMG,3481.4932223641663,-0.0036739972586788115,0.38278217795436453,-0.015892293792582144,0.9873203178900583,0.9950913557099799,,0.0
PLAUR,377102.3262645969,1.1404814256221512,0.7086781722040323,2.2992909558733783,0.021488423052108158,0.08456515738552257,,0.0
PRR29,210879.63855465743,0.3504191211331524,0.9765276242760521,1.1638574166804263,0.24448179913728896,0.5008075793931193,,0.0
RAP1GAP,88581.2250145034,0.40363523534364987,0.4471811522779736,1.1266841590955152,0.25987604230934747,0.5160249933239849,,0.0
TRIM26,624044.4629869662,1.1963057485657143,0.7028458192170787,2.3433409938799388,0.019111906734336576,0.07663823152392474,,0.0
PCDHGA11,586437.1503218373,-0.18541135413175153,0.16889027800151757,-1.1799988846683789,0.2380006585073441,0.4930141371298573,,0.0
RAB6A,503707.5530051183,-1.5933449862356004,0.3615699726243747,-4.859659112287481,1.1758804560146137e-06,1.4866701259080964e-05,3.929833411566912e-06,1.0
PITPNC1,167657.0750497714,-0.4003096734510394,0.2536861422209645,-1.7345445313697896,0.08282151162845454,0.24649024378575804,0.2767923745387373,0.0
PROK2,1575.8955753115229,0.3187897608916341,0.48800487895731226,0.8609517277994366,0.38926463012845003,0.6521259855288425,,0.0
SNHG9,22983.309443541977,0.05105881324887635,0.4961681828754797,0.1312286454051147,0.8955944361432785,0.956910272592968,,0.0
SPATA18,28053.964982773694,-0.5108212676495716,0.5162095358874226,-1.3355582260533303,0.18169371183935012,0.42015940380146477,,0.0
IP6K1,319256.4361520639,0.22555941953264028,0.37875425820854425,0.6926136022794055,0.48855207175676274,0.7371522484447443,,0.0
TBRG4,264918.09548590553,-0.9149374331215769,0.3938247359023578,-2.688783756279915,0.007171285776076006,0.03463578449296283,0.023966686666631522,1.0
RABGGTB,348934.1595234888,0.29432994594749023,0.24365287977966607,1.2261952413346109,0.22012521162792031,0.4695879140836541,,0.0
CDK14,139708.13702945024,-1.614315435120141,0.754810993569079,-2.8697126086975113,0.004108450256711799,0.021424659252773478,0.013730583756199474,1.0
TRUB1,96121.22991720073,0.09430872032203723,0.3690876188253327,0.2932131640004295,0.7693592226575376,0.9041333238811129,,0.0
C22orf15,4521.733214402696,0.41140331063985286,0.20191538060585734,2.140833265259721,0.03228748633491874,0.11813733118162689,,0.0
CMIP,341254.5986777103,0.23152609743041383,0.8318852343864009,0.6348905765993019,0.5254997834310743,0.7651154281209286,,0.0
NEO1,198377.59733094144,0.5838676441641759,0.9973853305839816,1.3891667208937508,0.164782058789818,0.39468661947067196,,0.0
PDPK1,444583.708818251,0.8443875268870298,0.41345897063520487,2.3483733506880826,0.018855610442237655,0.07587825829857764,,0.0
MIR621,2464.5949727782795,-0.24119321779030645,0.3942835167783776,-0.7438362862825434,0.4569755247136339,0.712539089765499,,0.0
OSBPL5,283868.42929614376,-0.09743944067035419,0.45839899635877224,-0.30375208713220575,0.7613167718693125,0.8998854340154667,,0.0
USP20,319515.19043808826,0.7550289977093904,1.0189678503191555,1.7283253824891862,0.08392990485558148,0.24864832065818407,,0.0
HTR2A,5602.027037368296,0.10853673247842653,0.5380584878051717,0.28060105808241126,0.7790164043932786,0.9067899044732995,,0.0
ABCA8,685501.641047193,1.6596251882452309,0.3918662780679299,4.609731264266233,4.031898053376683e-06,4.576204290582535e-05,1.347474362818593e-05,1.0
GNE,154942.25244847228,-1.077734265718803,0.3664728199624592,-3.304760307960918,0.0009505765701273101,0.006001491012915027,0.0031768599830292233,1.0
ING1,128029.14351787837,0.4513287941140778,0.29774496220452323,1.6523324463353113,0.09846679840662748,0.27853266759794854,,0.0
PCDHB16,42670.613226822024,0.1295276113998794,0.17912781924070245,0.7792947229528795,0.43580612250841955,0.6946746810747039,,0.0
EXO1,43823.14854436896,-0.010269834555742643,0.4184845136600904,-0.03826794416457322,0.9694740489071979,0.9880117093685531,,0.0
PCDHA8,82779.5516784185,-0.06414752601311154,0.7159801850165954,-0.19100929358634597,0.8485183119854591,0.9379151062539581,,0.0
MRPL34,136976.7310303522,-1.4036179656626866,0.3229415993101666,-4.688255674964601,2.75543630345587e-06,3.222634402683516e-05,9.208764031563025e-06,1.0
YTHDC2,239388.85275628083,-0.4174139025002389,0.5884104944915602,-1.0586316926883887,0.28976754751063083,0.5514900630133186,,0.0
CORO7,216282.0509272636,0.07714399025540408,0.36595396091001753,0.20816542233602403,0.8350998061511457,0.9335593134256123,,0.0
USP3-AS1,72072.71517796446,-0.4651610094588079,0.4636454410715077,-1.297677235723726,0.19439826929754478,0.4369149220845809,,0.0
NUP58,295977.5417049801,0.04714236899810012,0.5402235662878732,0.1365442096537639,0.8913910775485805,0.9566924669895673,,0.0
C8orf34,5458.564754486186,-0.16692958718491524,0.40433885496763255,-0.5092620880257873,0.610568528180494,0.8207750281920289,1.0,0.0
THAP6,136550.64196392338,0.674534567720386,0.8852742273967802,1.4678092359838804,0.1421560479666442,0.3570966447766856,,0.0
DUOX1,49623.842953188156,-0.5207623959848262,0.32336721593788614,-1.797783769710958,0.07221128033168524,0.22274436934925018,,0.0
PCYOX1,2832328.3721733266,3.136914130551283,0.7194912727141075,4.079100403469492,4.521030920162311e-05,0.0003866100756042908,0.00015109442693688366,1.0
DOCK5,166726.7451286114,-0.0560244843851791,0.3854402265224388,-0.18701419149518717,0.8516495060444358,0.9395046682540119,,0.0
ATP5PBP5,187.69107799786397,-0.690901704296563,1.2966462358786954,-1.1994430850055486,0.2303557029729707,0.4847856639894714,0.769856777070979,0.0
AP5S1,128518.08870334066,0.8920608007911226,0.3295604702360098,2.9936047922721505,0.0027570281182363954,0.01540111680366058,0.009214083931964072,1.0
GNRH2,1048.2618814993589,0.46594315910617806,0.4451552976481874,1.3053373243462387,0.19177800995885375,0.43454599897210333,,0.0
SPEF2,24191.416170581742,-0.21027753578072395,0.777032605590286,-0.5858166870718821,0.5579987086805542,0.7886039026877549,,0.0
DLEU2L,5589.2064651574165,-0.1141484409168321,0.28554064120723915,-0.4457528890553543,0.6557757556630588,0.8438898505886782,,0.0
JARID2,178274.42210935988,-0.22110028942556867,0.813979912642606,-0.6503743187986367,0.515450461778197,0.7593391168496506,,0.0
LINC01447,216.92121302209654,1.677144955333141,0.9198699527340072,2.663775219418517,0.00772691755065,0.03692653229468526,,0.0
ADPRS,213710.34998262516,-0.24473566840092456,0.8627276824529849,-1.2369898991766088,0.21609083259566486,0.4645010415182604,,0.0
NPM1P37,4732.761979607081,1.062482265736019,1.6706729483801086,2.185538719160454,0.02884937023104568,0.10783963692652854,,0.0
SLC26A7,11158.119566078705,-0.13248865140444602,0.25658109181435457,-0.5618618419736343,0.5742101535159816,0.7993629588720231,1.0,0.0
HSD17B1,97505.4995867382,0.11106223444104116,1.0682941788465887,0.4380255576949176,0.6613677566074125,0.8475418466762684,,0.0
PRSS46P,1187.058568983843,-0.6633914788096701,0.7763351938351166,-1.4952212922912769,0.1348566983910266,0.3450175982401572,,0.0
RABGAP1L-DT,376.01511472470156,0.0929913477190774,0.48595939867153015,0.25254372393763674,0.800620822219783,0.9185160547129787,,0.0
OR7E26P,299.8706313166315,0.7365299439985122,0.2648513199348594,2.984777316402849,0.0028378483418335025,0.015746905132351677,0.009484187932245433,1.0
HOATZ,496.14493497444903,0.6818380188605354,1.0263160668316156,-0.33390636073125435,0.738450219832498,0.8870110223806354,,0.0
PELO,110929.04971828821,-1.4253228673911167,0.39366710891473516,-4.038541453719705,5.378458938059324e-05,0.000451428973725517,0.00017974996973045651,1.0
SFXN4P1,201.0550929063702,0.26448543841039057,0.32595592563037135,0.9217396628978831,0.3566643866335675,0.6221382978861459,,0.0
DLGAP2,2176.869486735389,0.3137914041360178,1.1888824590996114,1.0061430160131033,0.3143467788982184,0.5822259947419314,,0.0
MAP3K10,45930.03648523962,-3.534397116815038,0.3452168642008739,-10.44090807513945,1.6126065896365004e-25,3.221342923457873e-23,5.389387350773123e-25,1.0
CNEP1R1,62161.51342286073,-0.384720774037051,0.6948959200326665,-0.9635466311326351,0.3352732746297894,0.6040240741346206,,0.0
PKLR,130.5227034622584,-0.08965161578649485,0.6687590403869391,-0.24026764560180888,0.8101227755062727,0.9221857987955306,,0.0
SLC39A10,176473.37432681795,-0.36954768370772395,0.24513769024069115,-1.6544205143152915,0.09804210115099903,0.27784464038697937,,0.0
ABCB10,133755.5018149921,0.16830688527099594,0.3193423490350887,0.5819344272714473,0.5606108499825763,0.789894927276855,1.0,0.0
SNORD93,422.2512186828023,1.3412723856023443,0.21401097225213095,6.469253947256239,9.848795920770928e-11,2.644348754211291e-09,3.291501876332614e-10,1.0
PIH1D2,12438.502441681016,-0.8173390854446384,0.3288152873557106,-2.763906596256925,0.005711388567833116,0.028409038354341214,0.019087659383661814,1.0
ADH6,3190.4334402173445,0.2669228095815722,0.4197046402905632,0.781504369299391,0.43450590791781607,0.694153072342154,,0.0
UHRF1,66977.07553606569,0.05033500554353364,0.6421993445239221,0.11758939213727111,0.906393010477355,0.9624764393629408,,0.0
DTWD1,154112.6639112974,0.17416899191963992,0.4263761553880951,0.4644916400440825,0.6422955476798804,0.837937294961683,,0.0
SUCLG1,948152.7664525814,1.067944508178184,0.8438584225084508,1.9792451957940531,0.04778840662835461,0.16114256900374185,,0.0
HAUS4,448789.55370436405,0.40578012767641264,0.6360011658083107,1.0195720932327437,0.30793144576797615,0.5757430326339471,,0.0
NIPAL3,142417.42451153765,-0.13546250125133621,0.5620101540815104,-0.36307883465185575,0.71654599484768,0.8756723097350386,,0.0
PAFAH2,6911.366616493858,-0.09887296991594519,0.8873831343454517,-0.4452115382401786,0.6561668891739596,0.8438898505886782,,0.0
SNORD45B,1959.4795952532345,-0.7630563786785106,0.29701151365522555,-2.810474217896195,0.004946855215408575,0.02515742866166031,0.016532562309595055,1.0
KRT18P34,5417.661775842162,1.1157815089237109,0.6478350539080817,2.324737108772847,0.020086021722452947,0.07973735491409381,,0.0
SVEP1,470311.0784239617,0.29636743749389916,0.9568467695507401,1.0013594310959502,0.3166530699830349,0.5837826456877827,,0.0
SLC5A6,1135462.5693918501,1.129575216805227,0.44749459514167766,2.956861917835655,0.0031078726161964205,0.01681551012490241,0.010386618455601558,1.0
ITGA5,957050.7079889398,-0.14167667479748827,0.2521441942535479,-0.6532360882155359,0.5136040880839137,0.7575129403104149,,0.0
ALG1L3P,219.1651195022426,0.0507739376878103,0.5898779599189116,0.12727615125010372,0.8987218353268169,0.9577778466868049,,0.0
TBCB,572313.2859439544,1.1190918556980995,0.3311534931642431,3.726806664336089,0.00019392109263906176,0.0014283804375213487,0.0006480910411960076,1.0
PPP2R3A,62804.52332686355,-0.30111211341276967,0.6850935087698976,-0.7713316527613108,0.44051037531366977,0.6988274505452563,,0.0
APOC4,371.7864537409323,0.10969059306330531,0.5177569076036188,0.29021140521682226,0.7716545114095186,0.9044112333411053,,0.0
CASP8AP2,122125.88211096378,-0.6803003787123406,0.18650223848606162,-3.755332051387583,0.0001731118141802678,0.0012922576980811023,0.0005785457083012564,1.0
CALM3,4324818.367045824,2.5530755360611184,0.2715171875019641,9.619244872959673,6.6316203252033775e-22,8.715345237912019e-20,2.2163105946278758e-21,1.0
EPS8L2,490383.22986421996,0.1526441382590698,0.224315706847829,0.6663131338025697,0.5052109724454521,0.7513471103015449,,0.0
INTS9,98074.17011054342,-1.135852046836304,0.6848741394203531,-2.3367119169747297,0.019454168479113736,0.0777232939077552,,0.0
KIAA0408,80818.10611502713,1.9877575553346238,0.2682687728861276,7.617295511134213,2.590458267752357e-14,1.2808661969460663e-12,8.657401694034483e-14,1.0
LINC02481,1754.3551363501836,0.276030208850006,0.6095202109644114,0.6947145343176213,0.48723421769079667,0.7364486309246097,,0.0
TYW1,175403.27699151245,0.30028977639558235,0.6535626105067958,0.7348063567568367,0.46245743515904314,0.7157656831951699,,0.0
KIAA0753,64335.174481009075,0.34099382926215,0.40418190190358755,1.0082974781685172,0.31331167329911236,0.5816648685709171,,0.0
WDR55,302609.2516484534,0.20226761679947372,0.3578868919457087,0.6217679115202625,0.5340944889759602,0.771855425371554,,0.0
ACSM4,3462.167799382935,2.3587499986976046,0.5768390614964052,4.5521524691561295,5.309982969509801e-06,5.815362927572795e-05,1.77461479027861e-05,1.0
PRPF40B,172615.11302462567,-0.7249249106630415,0.5571294651348049,-1.7801685885864895,0.07504837437834831,0.2283286280398194,,0.0
CPNE1,611382.3448514191,0.16853295926482026,0.44938947385741856,0.441504232380322,0.6588479981595163,0.8462672075125063,,0.0
PROZ,758.0829272139921,0.05974439168381802,0.6298330695903726,0.1474907641118603,0.8827446691786742,0.951951704449437,,0.0
KCNQ1OT1,59117.63474291605,0.17000730789852,0.4849531542918873,0.45757442356389366,0.647258222110804,0.8407374383332465,,0.0
MARCHF9,220729.1243574642,1.7549570620949853,0.9494246854292436,2.660692612903507,0.0077980111375635245,0.037159606508580384,,0.0
RPS26P28,5159.522513825398,-4.026985623447176,0.5325305713241144,-7.869314964881734,3.565883915433406e-15,1.874528870913098e-13,1.1917308159142568e-14,1.0
EZH1,441193.92637821677,0.08053671436660124,0.7082238773318411,0.19381852298380817,0.8463179827874857,0.9372350242937326,,0.0
RBMS1,440745.82618704,-0.3380491983181861,0.2612042329751072,-1.436574956790349,0.15083880370332733,0.3718109504908276,,0.0
IL18R1,56733.19802681588,-0.16730357588485223,0.4428020177138465,-0.4949434436829363,0.6206400432873848,0.826628272797782,,0.0
STK38L,687907.9986642457,1.159045733239551,0.4059904880524122,3.256222084912337,0.0011290540125356925,0.007021787968372663,0.003773337807624306,1.0
AK3P2,250.79270763217764,-0.09330670496147232,0.8896214351803556,-0.36829062850116023,0.7126565395914761,0.8740585879992542,,0.0
HCN3,32112.183841078593,-0.10306388968502078,0.3471868269545337,-0.3511328924222751,0.7254886524773433,0.8798179530043352,1.0,0.0
LAMC3,1368.1813958775294,-0.24289815615615756,0.8671607094857273,-0.5816224940402839,0.5608209880373187,0.789894927276855,1.0,0.0
RUFY3,347262.7079453268,0.11976699717609075,0.8579101292205764,0.41576716667349195,0.6775803867412575,0.8566674560470481,,0.0
RPL24,3572867.0771935573,0.6478995758632048,0.5766724106541659,1.4803903375689087,0.13876910712858775,0.35178320862952656,,0.0
HSP90B1,2840223.8820394427,1.3249489702806618,0.523147986039169,3.0595784576365084,0.002216487235652182,0.012598008191122171,0.007407577488361007,1.0
LRRTM3,391.59840359572837,0.5251863972889901,0.8657096585952343,1.2444813398565513,0.21332246288140344,0.46118284832455786,,0.0
FAM219A,756859.171310631,1.5239721011225622,0.8182041355247593,2.629986495630103,0.008538826002952292,0.03992780623477879,,0.0
LINC01398,169.0522724161878,0.0004463108463004715,0.45145520061584615,-0.0026500036298046643,0.997885605492437,0.9990859490435505,,0.0
LINC00989,4729.807888944086,0.22175960873544773,0.7545843274955061,0.5660468908334865,0.5713619049564572,0.7974794168117796,,0.0
EPB41L3,270974.6657586852,-0.47488651815291916,0.6193745733611361,-1.1733267474348497,0.24066480010277425,0.49562062338690915,,0.0
LINC01359,10571.1335191609,-0.024818350773834725,0.3694131741543161,-0.08917827379087881,0.9289402315754614,0.9733796719445771,,0.0
ALDH1L1,756654.8042765956,2.508603124284681,0.5779111627097656,4.787911609166496,1.6852583952813405e-06,2.057745825436434e-05,5.632192213948951e-06,1.0
MIR573,501.54680996856695,0.1818221504159396,0.4840150238255842,0.4957397125670499,0.620078064608736,0.826628272797782,,0.0
PGM3,328364.36076352943,0.2602957996803438,0.28059179212412677,0.9932704895288356,0.3205781547903567,0.5879424550213151,,0.0
BLK,5904.08043172615,0.17195521139651704,0.36909209352642786,0.547854027439494,0.5837921376215782,0.8036894473873155,,0.0
IMPG1,9239.386328304392,0.7651853767917883,0.5808660111478304,1.7863733564119162,0.07403882662220647,0.22628512861156616,,0.0
MIR5006,1041.8125272969517,-0.535859778054733,0.848238381682962,-1.3044881318333095,0.19206720344538997,0.43464066899259024,,0.0
SLC43A1,67797.7202654196,0.1476270444438473,0.7870407491148667,0.3741776461268257,0.7082721538510484,0.8735764722973909,,0.0
RBMS3,227130.46502229548,-0.23410739813105452,0.3700537742082394,-0.7770395357491559,0.437135445135896,0.6959051364388475,,0.0
CYB5R4,79543.57362908595,-0.38777310399816867,0.9280230248765983,-1.3449756076216306,0.1786331118534491,0.4155071078696436,,0.0
CNOT7,351599.4354875727,0.11992107499459502,0.2656198113904422,0.4734818634619507,0.6358694373249614,0.8333252020873184,,0.0
ZNF707,65213.166962562165,-0.24548621386344963,0.37349834775357826,-0.7793223087933031,0.4357898764490532,0.6946746810747039,1.0,0.0
SLC4A8,26402.383034422248,0.08753015189577314,0.8968824107758246,0.24120934292276067,0.8093928700536182,0.9221857987955306,,0.0
CCNB2,102946.11869533149,-0.22860807102936365,0.60525082763578,-0.5969762347269738,0.550523247530607,0.7834423529098238,,0.0
PSMD5,273907.2756439908,0.6729777145791802,0.618862463677359,1.5106402643843098,0.13088012949970254,0.33819466860500574,,0.0
LINC00602,2227.4929585601153,0.2213031443443868,0.4119875860869548,0.6562302845908001,0.5116759659634054,0.7564506678499977,,0.0
KMT2A,463480.77031089755,-0.8641769852993842,0.7425206003075809,-1.861693401563578,0.06264631920588144,0.1992711580345044,,0.0
GNG5,499903.65837864636,0.6279333703741782,0.3522478909911578,2.0658986215246173,0.03883805306098028,0.13697544984924825,,0.0
CEACAM22P,425.55045895794956,-0.7338638437224212,0.8372963815656884,-1.6069990384036148,0.10805457904902233,0.2969865535337466,,0.0
ZC3H12A,35089.07378074353,0.7491813917204274,1.201013080394737,1.700468921380385,0.08904275742093148,0.2587829252315146,,0.0
SLC6A9,126963.88068552579,0.20645352883858814,0.2941388990349497,0.7665318810456397,0.4433598896785379,0.7011207375093788,,0.0
GSDMD,71034.88098622803,0.4333883582233013,1.9163988143451496,0.4982584205814409,0.6183019103653015,0.825915026511986,,0.0
TRIM31,1646.0528118842533,0.057400036860112295,0.25065632307412405,0.24600128941537958,0.8056812343604997,0.9211474552189411,,0.0
TMEM14B,225069.91951476753,-0.032895982142230266,0.6194232958794429,-0.11289839877138313,0.9101111058108693,0.963311620432001,,0.0
MYOT,6497.197138927079,0.11736793707278435,0.3420985105334841,0.39246455262053226,0.6947149976615006,0.8664851893909925,,0.0
INSYN2A,24943.05272871591,-0.2584499918617888,0.5424222969225366,-0.6858411928388767,0.4928132570719531,0.7410747984996489,,0.0
LOXL3,75760.07860374646,-1.210128088829607,0.24564498021448622,-5.201713833091837,1.9745910721772996e-07,2.934853516206379e-06,6.599152090616638e-07,1.0
PADI3,25307.358183673594,0.7885939495024961,0.5875336802299184,1.832875195750345,0.0668211332438005,0.2097478543632699,,0.0
SERPINB9,53580.39748090915,0.341011746992804,1.298376228356362,1.1273584370759508,0.2595909643714843,0.5158763533908447,,0.0
KCNAB3,6629.676749584641,-0.12288198845790449,0.7385198938524924,-0.34400305529438424,0.7308439883746327,0.8828821668947547,,0.0
CLPB,19111.44951715375,0.37787088974154837,1.3038815714431906,2.052384929168814,0.040132268011718174,0.1402523068233174,0.13412343653447714,0.0
GPR161,57923.72214584272,-0.20483929820620694,0.5644154651698564,-0.5426256250692789,0.5873875919827324,0.8069913712136907,,0.0
TBCEL,49389.99415318227,-0.157168958736439,0.8692193080174536,-2.5100166421487544,0.012072547188611601,0.05316604996466168,0.04034687290009219,1.0
MIR29C,1295.8455182770244,-0.27793172174990405,0.4255612423445158,-0.8160575035783263,0.4144672478275556,0.6722472996592441,1.0,0.0
PRB2,4129.758704584614,0.7425758734712076,2.4591123543546702,2.3847999554888855,0.01708841075926689,0.0701805290557392,,0.0
TMEM61,7306.102962278657,-0.40976899284185714,0.504658642960227,-1.0919611010825403,0.2748501992276665,0.5343396582930695,,0.0
KRT20,904.6679414607872,-1.843406221302236,0.7125007743194023,-3.24923723083328,0.0011571493149813248,0.0071697316116832955,0.0038672332862796214,1.0
SEC31B,274330.11018544633,0.35814337314398326,0.9520520383774241,0.9559833514884319,0.33908064573227614,0.6077795774174216,,0.0
TUBB8P6,215.2097428984152,0.7093436199861138,0.38701385296449853,2.131258032442115,0.033067890448147064,0.12054090868470543,0.11051404083507249,0.0
ARL1,528169.9303958537,-0.14204912572995373,0.5019092412349208,-0.4046570577047491,0.6857296114338599,0.861107881905565,,0.0
RMST,3996.9027374403995,-0.2582725736596771,0.527377942251697,-0.6888618439753493,0.49091021288416115,0.7392565340296311,,0.0
ANGPT2,122352.15060082597,0.5460827815783601,0.38867977532401693,1.6408069974040171,0.10083748528409876,0.2828716176897275,,0.0
CMPK2,73863.5837171883,0.4845090938119823,0.31505905532487577,1.6970172682876838,0.08969339585356975,0.2597206803360701,,0.0
LINC02012,1956.1225179828339,0.3247189771548353,0.5254443095563891,0.849409249474333,0.3956536081362486,0.6577487453953939,,0.0
MTX1,231271.5684925869,0.7189046192765091,0.7912501905066647,1.5443401038841813,0.12250596197048948,0.3221129332166601,,0.0
MRPL24,229076.1936895132,-0.5213248674852788,0.8493719412075881,-1.3578746345062656,0.17450346737564104,0.4085655490267001,,0.0
TMEM51-AS1,46900.72180598067,0.07911645085621201,0.3575358566441501,0.24757956146408602,0.8044597260669185,0.9208762669384957,,0.0
TRIM16L,49216.12324112175,0.16323902414638777,0.33804103952238795,0.5386412679281678,0.5901344065388467,0.8086967410074462,,0.0
PEX16,65648.49635520761,-1.0180062357804343,0.7229024894102941,-2.0948824828010997,0.03618144041107453,0.12924900816373835,,0.0
ANAPC1P1,1492.31912729317,0.41587469102727875,0.6812157603096597,1.0071032383808662,0.31388516515927756,0.5822259947419314,,0.0
LINC01948,1891.578676211846,-0.5547327137826988,1.0318346649288705,-1.617696095282896,0.1057281079222852,0.29220042665406326,,0.0
AOC3,1487888.5789232813,0.7621982964493367,0.8993597091776226,1.7384909170673077,0.08212434916186309,0.2447070404023534,,0.0
SVBP,71398.74811619312,-0.1832852244216915,0.7150350365812462,-0.4899661701884507,0.6241578378448251,0.8286954126221779,,0.0
MMUT,626072.0181420682,1.2333832211492766,0.7365778831668444,2.3650576460492556,0.018027264679207074,0.07319362586013019,,0.0
FAAHP1,4345.05738457187,0.7779183048706125,0.7799711547857663,1.6674466445584524,0.09542562544376391,0.2732543425838056,,0.0
DCHS2,14859.142187605286,-0.2224156455138898,0.30260455336546027,-0.8272667716464001,0.4080858730626604,0.6680861917317386,,0.0
LINC00592,773.6548407527783,0.37702904071968324,0.7304444532951564,0.9224101249742616,0.3563146904500403,0.6219627976607833,,0.0
MIR6730,871.2739755872933,0.011248475155924632,0.3054810323517557,0.03863335738906419,0.9691827067860557,0.9880117093685531,,0.0
TMEM72-AS1,13694.283012535647,3.74967315989099,0.755651211494832,5.4045059301679546,6.498727363179856e-08,1.0964406909364932e-06,2.17189730417383e-07,1.0
ARHGEF19,141823.7898750491,0.293145526878064,0.16907594708981272,1.793095229075087,0.07295769838318485,0.22405892479881326,,0.0
EPHX4,11290.513996119702,0.34028425832607423,0.2826941884132968,1.3162072407759406,0.1881044940847656,0.42875118368750315,,0.0
NPAT,92785.81733280627,-0.7315061062521698,0.6747716806198758,-1.663052857813247,0.09630185527877377,0.2745042609944042,,0.0
C16orf89,37404.76754404843,0.44870766158297215,1.0614298311342074,1.1947851336609814,0.23217099013161613,0.48676645314999994,,0.0
ZNF76,126513.8145411347,-1.2877547323104435,1.069810276316848,-2.25156624226629,0.02434969636385339,0.09362112352220274,,0.0
MYL6P2,3445.436502575012,1.4488739987215522,0.29837196235992636,5.127064122067797,2.942953057220274e-07,4.24771895021909e-06,9.83545154933121e-07,1.0
PRKRA,165719.1253020736,0.48610508177735534,1.0064253916906902,1.2290738805372357,0.2190441071338689,0.46828179410382764,,0.0
NDUFB8,377075.0949263178,1.4218917808803186,0.6778537876292366,2.7446259979662253,0.006057989420261507,0.029835896612214956,0.02024601149622872,1.0
LGR4,557674.431633552,2.27707619249917,0.601661686660762,4.254617961815655,2.094062417030186e-05,0.0001936619946416435,6.998429483421498e-05,1.0
ACTC1,23578.18002370501,0.29562045254017055,0.8834985586490484,0.7861413794373531,0.43178466441930896,0.6915755657825623,,0.0
DNAJC12,100534.9397970688,-0.37815900870244856,0.5041661011626276,-1.0113369495032678,0.3118551870599052,0.5811211955884951,,0.0
HP1BP3,1060372.3941876134,0.32461091643996065,0.49200560212724676,0.8571226914309387,0.39137708178208974,0.653429587231026,,0.0
NEFM,3193.7636442547446,0.09489759307667302,0.5948830468674335,0.23858826469174121,0.8114248657894673,0.9221857987955306,,0.0
FZD3,37778.527370391945,-0.08450822767127673,0.887681310319136,-0.3441657641759309,0.7307216275563095,0.8828821668947547,,0.0
C5,66671.05675144485,-0.3730948966418909,0.5690517976890251,-0.9544455740419164,0.3398581465845373,0.6085520200943633,,0.0
ACTN2,5806.5137961330565,-0.29864238936682674,0.6953252330659933,-0.7652312681525553,0.4441338435031055,0.7016780811308159,,0.0
DHRS4,278362.73231984646,0.7957430335181497,0.8244046626769674,1.593976689163724,0.11094125610699417,0.30176505065268455,,0.0
MIR3936HG,14668.805671761325,-1.4028388207682805,0.4449170441258306,-3.5862915865727594,0.00033541389917988583,0.0023759673936231914,0.001120964925438534,1.0
CADPS2,162108.75265976146,-1.3182517514167715,0.4088805973923158,-3.6427336753441555,0.00026975790204365985,0.001949596183510908,0.0009015402977938378,1.0
LINC00992,7576.059817777728,-0.3615035405773357,0.8458470305819885,-1.0086284384131539,0.31315286335937853,0.5816648685709171,,0.0
FBXO43,3755.2118005731368,-0.7732571907675655,0.3819483379136169,-2.3469056549121565,0.01893004738680197,0.07611647073243885,0.06326487724384354,0.0
EN2,11698.16882205835,1.647469527015939,0.5707820851343806,3.4006853199695044,0.0006721715688287018,0.0043937497575007025,0.0022464207785553598,1.0
RNU1-103P,823.9495388258827,0.6987848877281122,0.7144464350687005,1.558479855448938,0.11911953967075241,0.3160517822469783,,0.0
PDP1,237654.9085775703,0.22704280847579347,0.3729174845586913,0.7883992927142639,0.4304631844022875,0.6899015221132938,,0.0
DGKH,9804.100798994175,0.18864090051470914,1.237321706964693,-0.20920771577593558,0.8342860893812885,0.9335593134256123,,0.0
RPL12P32,14097.22962903872,0.6572782534263137,0.5684757420843061,1.5870479880826982,0.11250177645026622,0.3045170035732409,,0.0
DCAF11,367072.4166122458,0.09418423836327962,0.2553793635547618,0.47942886060483875,0.6316335659499277,0.8314876618899322,,0.0
RCC2,126666.3587422045,0.946139712675324,1.4943344857947454,0.9727122822128078,0.33069631919907727,0.5981519080333907,,0.0
MIR6735,102.2207479125698,0.25127776014326514,0.6145719093133453,-1.4044854050819413,0.1601743547499892,0.38614804826865445,0.5353082685854726,0.0
OLA1,330757.7294684687,0.6278294270586561,0.5690194257009328,1.4534973035902967,0.14608572780480805,0.36272341785461487,,0.0
TNP1,1685.9040900253003,0.17916392758930796,0.34144941318184485,0.6025696274147294,0.546795030720929,0.7813973290896786,,0.0
SLC15A3,525456.7553994564,1.906294687677738,0.7486788687609132,3.185051691294359,0.0014472815403173485,0.008697622156852994,0.0048368652816629994,1.0
SENP3,227806.11242076964,-0.4092616084136504,0.32687869132274466,-1.4422577490564563,0.14922967463823844,0.3687414350886897,,0.0
LINC01800,305.727812422966,-0.5621497213441781,1.1365229311242158,-3.602020224793464,0.00031575379182842406,0.0022526777662730713,0.0010552601623824106,1.0
SLC25A34,7650.944030695214,0.21294979189114355,0.9631577603917498,-0.16140947135370973,0.8717709074237746,0.9457339133384803,,0.0
DDX11-AS1,3438.2275380934466,-0.7234556370049254,1.0818811807879056,-1.726682864788778,0.08422463469808299,0.24918117635202988,,0.0
NDUFA6-DT,16097.316937810954,-0.2199240999064137,0.7775808722106511,-0.6149911145350383,0.5385605884363331,0.7750926739628379,,0.0
EEF1A1P12,325393.0699537728,-0.0861547252492482,0.7507454742744626,-0.2621830944820249,0.793180286286448,0.914813475684647,,0.0
ZNF37A,143080.55332337046,-0.5349222064430326,0.4676616423813454,-1.4747854269034866,0.14027024040334987,0.354508897051786,,0.0
MIR7-3HG,550.6700389685041,0.1791113812377617,0.34772037431441055,0.5954692173304635,0.5515298696406863,0.7842090801236586,,0.0
EPGN,2972.1837508235176,0.6343041919061707,0.6127077332713796,1.4970196816415386,0.13438813692227988,0.34399505678619463,,0.0
PIK3CD-AS1,702.2355636908517,-0.572097643029722,1.0492540916544613,-1.6560374545751835,0.09771423407987487,0.27726413920164494,,0.0
LINC02006,3415.6252859902525,0.9527720574584125,0.3255939181476617,3.2211642494277557,0.001276709565356529,0.007832785711781948,0.004266807804434504,1.0
KRT18P21,2444.4875756618085,0.09007014259834538,0.5796975254012019,0.2283850548142524,0.8193469069952536,0.9265577791259627,,0.0
STMP1,956789.2630857138,2.2362510403934053,0.35206989843007397,6.6437187867955405,3.058658949130955e-11,9.171443749002827e-10,1.0222144667343278e-10,1.0
SRP72,384128.2492439511,-0.009156973315643573,0.4132631814578162,-0.022588311866306426,0.9819786672299131,0.9929551838465768,,0.0
COX20P2,863.528064865069,-0.2421039174943973,0.5643458983309934,-0.6337582970817405,0.5262385729205681,0.7658370734558375,,0.0
POLHP1,132.7024632891455,0.051312797784869295,0.3035219689755175,0.18768107416555813,0.8511266672491904,0.9395046682540119,,0.0
ABCE1,396368.3859231062,0.14144843485032388,0.3756680734780813,0.4064528851618036,0.6844098684449926,0.8605295240238845,,0.0
IKZF2,34909.855858861345,0.047155056121008614,1.0054306185022777,0.16457224525599767,0.8692806783807232,0.945109582590166,,0.0
TAF4,252712.16747329463,0.24668667228057875,0.49505372235875095,0.6308388220060577,0.528145916602279,0.7671787979964461,,0.0
FUCA2,525179.1155753246,1.0502444877068249,0.4830349885006779,2.636800017483933,0.008369215520238865,0.03928182547751212,,0.0
PRICKLE1,41028.322411357476,-0.2278788040992195,0.8595304202502471,-1.1523588657081187,0.24917363674043014,0.5058427406023204,,0.0
ACAD9,127171.97346998294,-1.1032131339238431,0.5862638422512492,-2.4741365021484896,0.013355865589627168,0.05749930409879145,0.04463576766332561,1.0
UBE2R2,419360.86408936756,-0.7502023413246358,0.3062216388996279,-2.77152564447678,0.005579427725367595,0.027863662060485767,0.018646641655127444,1.0
EPPIN,1454.3156105795763,-0.5859488288587209,0.26457997253296517,-2.3956770768106397,0.016589698796227285,0.06844342659333329,0.0554433507962268,0.0
HMGN2P28,536.049825307939,-1.6287969919205643,0.31519762111964605,-5.464831416085934,4.6334694078335334e-08,8.147727543211502e-07,1.548521603300725e-07,1.0
BSG,2196191.309827837,-0.11636402824246658,0.428789998546988,-0.016853249371388723,0.9865536890606851,0.9948694742212942,,0.0
OR7E91P,1043.3605265070487,-1.5909161971876984,0.761429987099492,-2.820599530631864,0.00479340010678709,0.024501781098561645,0.01601970999544039,1.0
ECE1-AS1,4046.555590607284,-0.11404397309193659,0.6615898330902454,-0.30827826391797747,0.7578706040510239,0.897209093451497,,0.0
FYTTD1,670342.503989258,0.06328977654355245,0.7660679413063695,0.31791529517068073,0.7505491901866295,0.8941418549122203,,0.0
AGO3,269718.7112308781,0.11281572501108275,0.8293191726607898,0.29240134363081255,0.7699797810305112,0.9041333238811129,,0.0
RWDD1,231648.5171666305,-0.298329842231484,0.8884272677713746,-1.1378749548306424,0.25517270062553354,0.512473647449717,,0.0
MFSD4B,19093.6298687147,-2.365129065415228,0.37482876134407517,-6.621090564049806,3.5655842564364885e-11,1.0599123676573705e-09,1.191630668834497e-10,1.0
SHANK1,7976.288943189083,0.5619492928712252,0.6973418971760413,1.304447970532845,0.19208088835936055,0.43464066899259024,,0.0
MYO1H,3643.6158725902933,-0.23879956962426058,0.4361969092416643,-0.6942509196900423,0.48752486460487776,0.7364486309246097,,0.0
KLK1,977.358601660193,-0.6886894280940309,1.090346053847474,-1.7191253612872663,0.08559154775099118,0.25210829715252076,,0.0
HMCN2,93740.11968186962,-0.8629592220145728,0.7498196442521429,-1.842374236770433,0.06542042761132764,0.20690919283785322,,0.0
AACSP1,2730.336758210718,0.6210775080488194,0.7109407649111062,1.4169790163034792,0.15648906256337017,0.3808510616186504,,0.0
SRGAP2,417830.5994227797,-0.13728992947114327,0.3565156743128221,-0.5023530775231742,0.6154191792715491,0.8242646112343062,1.0,0.0
MOB4P1,1155.8838496234112,1.9080671067522095,0.4928481663581646,4.310054453957671,1.6321435127254237e-05,0.00015466650289470144,5.4546804277363055e-05,1.0
MAP7D1,709584.7573869246,0.04411018929778481,0.24906499507327995,0.13840095065254507,0.8899235457353635,0.9554688398422138,,0.0
CAMKV,1870.9677602865806,0.11148253863232079,0.6138458379282679,0.2811308357795449,0.7786100509724075,0.9066749511726704,,0.0
RNF133,2448.9949312001527,1.7224191661011716,0.44134048444800394,4.298466690585432,1.719837408307276e-05,0.00016236045400919727,5.747756479034959e-05,1.0
PGAM1P5,3767.261671165619,0.4646200679659207,0.4009215049331949,1.3861123941668498,0.16571258635493846,0.3961554122817438,,0.0
NAB2,148175.22660566913,-1.0650323352785105,0.5496467688444376,-2.49005384783479,0.012772374246436059,0.05590292461586475,0.042685719285445275,1.0
ARF4,1199360.8883074187,-0.05527374461563642,0.7697600106353805,-0.18261736282187097,0.8550982598796625,0.9396657033762604,,0.0
PDE6D,110839.96934996654,0.15332216473356391,0.5067895487553709,0.4042022796127338,0.6860639775510307,0.861107881905565,,0.0
ADA,69235.04812976836,-0.24462315235087456,0.23680667694467142,-1.0606470830371344,0.28885031680401596,0.5505795733279601,0.9653478124514402,0.0
HEXD,165464.06835156181,-0.15504652985388168,0.6866797569558293,-0.4136524063635958,0.6791286872245208,0.8569301988728367,,0.0
WASF1,44387.556954958905,0.23529204017388228,0.9081639989598342,0.6674134013093708,0.5045081080860924,0.7509786884868271,,0.0
CPNE9,582.8338278643795,-1.2072068424076448,0.2819881626812619,-4.549930080991582,5.366374404531031e-06,5.851457156381653e-05,1.793461004138115e-05,1.0
ASB4,1585.9244800054512,-1.6736411723120947,0.5093844606358737,-3.7682358820184287,0.00016440531243785346,0.0012365062203533736,0.0005494482764405638,1.0
GLI4,99692.5542856029,0.2618761712505541,0.5875271525844694,0.6588963728635608,0.5099623151978294,0.7550947413317777,,0.0
ZNF236,83911.90493073114,-0.03274955876921907,0.2599333357741233,-0.11982453915471986,0.9046221425589207,0.9612091446679256,,0.0
ADGRG5,13313.506651048225,0.3473803393659595,1.534022451848341,1.2883719379692287,0.1976165223093096,0.44235630318811836,,0.0
LAMC1-AS1,6938.913034746229,-0.18309912568517211,0.5066436111277142,-0.5001359557422064,0.6169793501003655,0.8252340114008618,,0.0
TP53BP1,273253.6372345436,-0.1814170952733038,0.7453934651978386,-0.4998327604114546,0.6171928408958121,0.8252340114008618,,0.0
MESTIT1,23019.43298831685,3.15347419911376,0.42906670137624614,7.637914964668515,2.2076758144151616e-14,1.1250135731825833e-12,7.378129411897524e-14,1.0
CCRL2,34332.41490744789,-0.22397138099558112,0.8416700544182253,-0.7050542134886845,0.4807764987709362,0.7317141353303659,,0.0
TTC1,255208.85688123,-0.16833722376763163,0.47317985332263773,-0.4913898217595041,0.6231507616911593,0.8276635382674601,,0.0
MUC7,6070.518520571451,-1.7452198192122905,0.23908106022320708,-7.530484704013209,5.055231311601069e-14,2.359566725891148e-12,1.689475899519688e-13,1.0
PSME1,776812.443118222,0.17643226969915501,0.42287162558043667,0.5662702769738327,0.5712100626203663,0.7974794168117796,,0.0
PPP1R14C,6042.360601645247,0.3789173219331724,1.4453947178829953,0.9558122056730943,0.33916712063934096,0.6077795774174216,1.0,0.0
RPL7AP50,100866.33843409742,-0.2970006832758607,0.6252297786017309,-0.7620020603934283,0.446058774444662,0.7020540559649046,,0.0
LURAP1L-AS1,251.4944750150524,-2.7397528407209473,1.3566250875597199,-3.098494136407925,0.0019450681907937767,0.011255701674187858,0.006500485593462736,1.0
DPYD-AS1,5127.772745897889,0.13912324955841127,0.3961828140311118,0.42098875808530184,0.6737632909322281,0.8559587572921767,,0.0
PIK3R4,535495.2346324719,0.20481760618768546,0.7811102524297697,0.7345585654365462,0.4626083802943365,0.7157656831951699,,0.0
NDUFS7,296454.194235764,-0.2815680472998519,0.5484276339157846,-0.7344722752224835,0.46266095149180453,0.7157656831951699,,0.0
FGF5,2183.3774055770646,-1.0130222819102883,0.9092076282544701,-1.9813405987647568,0.0475530903757995,0.16067668020077316,,0.0
SNORA64,5539.837516625046,0.1499864707638852,0.6508107641420541,0.37820761707019546,0.7052763674025458,0.8714830579777573,,0.0
MIR6073,358.6226814175384,-0.6639440434739755,0.46015108513696606,-1.792853390650227,0.07299636977326175,0.22405892479881326,,0.0
EBPL,116786.2234474747,0.05996716704475065,0.6101408388922531,0.14251176545331867,0.8866757867351857,0.9539118653501759,,0.0
PRKAR2B,1289712.1553741437,0.805131969656214,0.644090177710323,1.731879746574982,0.08329497552510433,0.2476042308168875,,0.0
ERBB3,1028969.8545715704,-1.0783239026042692,0.6885450256829486,-2.2568195919561056,0.024019350005422577,0.092627516546008,,0.0
PRG2,8740.295916143461,-1.7356372511374514,0.2884592962628194,-6.2852125261783005,3.274054830100909e-10,8.094371198774228e-09,1.0942005198590253e-09,1.0
CNN2P1,597.7034382322189,-0.2972225085652335,0.4819348258298257,-0.8163618865604446,0.4142931884953086,0.6722472996592441,,0.0
EIF4A2P3,1240.3557845356834,0.4034777652993499,0.41093546502264705,1.1909354373099115,0.23367893144730245,0.4884858031175506,,0.0
SLIT3,1922354.025901502,1.5725085834891603,0.3798468324473274,4.527853663666337,5.9585821219692995e-06,6.399389057444018e-05,1.991378884537665e-05,1.0
NHLH1,1615.0612902837547,-0.1784579817529363,0.5138221607201157,-0.4837374325794315,0.6285722238623392,0.8308716913657329,,0.0
SGSM1,28408.716775732475,0.18029535488547363,0.31702781288627907,0.6240154431917041,0.532617443080053,0.7703357442289875,,0.0
ZNF565,1524.6731002859328,0.8216322594300887,2.1054178079333314,-0.6508528827987315,0.515141459216689,0.7591078333809811,1.0,0.0
SYNE1,559868.0346328551,0.13214872390161328,0.28730185869224856,0.45715021848713594,0.6475630768825438,0.8407374383332465,,0.0
HMGN1,568108.5075714043,-1.4062836765885354,0.7522001193601023,-2.6414497511066855,0.00825520517923287,0.038929645576099105,0.027589183038761525,1.0
FASTKD3,111077.36970169574,1.5562887666377934,0.27028467569411596,6.005249236757939,1.9103821247140247e-09,4.112262211561137e-08,6.384563553344795e-09,1.0
TAFA2,6982.001162036706,-0.9641679851748223,0.25746487354805864,-3.983546417947878,6.789440269406663e-05,0.0005595126189012686,0.00022690545692869793,1.0
POLR3H,564189.8545941046,-0.09244968466908604,0.6534011357895168,-0.2602162549318063,0.7946969664258898,0.9152002306839239,,0.0
HRH3,1303.786552337546,0.29569986125284914,0.9851662801936566,0.8376004210648652,0.4022551562850528,0.6643543834295783,,0.0
ENTR1,202739.7099154547,-0.12831227367571518,0.5136776207202994,-0.35880330688953205,0.7197422386372088,0.87710901409327,,0.0
DGKI,49459.27304797454,2.326213339579595,0.37137281566433594,6.545091414101349,5.945900411644012e-11,1.7065417618247238e-09,1.9871406128071322e-10,1.0
SLFNL1-AS1,30910.457579240763,0.4385889440409163,1.0922943243857317,1.1853539330197065,0.23587753764133645,0.4914361380812825,,0.0
KHDRBS1,21269.404230773227,0.20731196660951642,1.5225951209948156,0.9592991893481562,0.33740804364866495,0.6063388880825594,,0.0
HFM1,3713.1138712996217,0.3323912074982221,0.694554800751431,0.8188993018114057,0.41284386830919806,0.671140064562544,,0.0
SNCB,466.53202273944197,-2.2577401220858055,0.3248066336293019,-7.2275079309540615,4.919374226990291e-13,2.0137176139007795e-11,1.6440719889800883e-12,1.0
DTNB-AS1,4713.773558792413,-2.1299467524417155,1.0229577723636585,-2.993969260491796,0.002753736867450841,0.01540111680366058,0.009203084457283834,1.0
TSEN34,218603.70673630532,6.341602354210713,1.6245824841281526,4.547248032681272,5.435193048784571e-06,5.900729149050032e-05,1.816460434577066e-05,1.0
RNU6-833P,250.25666633022396,-0.16535314306488202,0.36321226484455504,-0.5390887519641915,0.5898256164396805,0.8086967410074462,,0.0
LINC01954,133.37603341618555,-0.9308777664033149,0.449265020590484,-2.4749342884827294,0.013326069210453017,0.05742052600259048,0.04453618712703609,1.0
CHAC1,12488.019850478197,0.29325694806258296,0.37768596496277346,0.9252759420769268,0.3548223895858519,0.6206595494191749,,0.0
NIT2,350201.13631015585,0.25929645363014364,0.6788554482584471,0.6362166611551291,0.5246352151038027,0.7647759187976587,,0.0
KLRF1,9038.300497274422,1.9676234962749464,0.2858777229756579,7.138155957817375,9.459127557267759e-13,3.606021604656121e-11,3.161273352974426e-12,1.0
LINC02648,147.9188897431518,0.8196283186371439,0.34680334906423443,2.651580703144869,0.00801159642439469,0.037924087718888236,,0.0
NQO2-AS1,1542.6126951871524,-1.485600391188122,0.2634511931025955,-5.890528304692655,3.8496292510768335e-09,7.884062427871979e-08,1.2865594946871907e-08,1.0
COMMD1,433205.58736858924,1.9552177573414078,0.5711924383720096,3.9234117598369833,8.730375059837436e-05,0.000703217629819809,0.00029177217318452687,1.0
LYPLAL1-DT,6400.408010452088,0.3051036898939466,0.5199444939764992,0.8017871990240735,0.4226760646824935,0.6817972438709214,,0.0
CST3,7471307.762814455,2.2071698722824182,2.0512910178237758,3.8113988456564534,0.00013818260074839625,0.001056790058403508,0.0004618110612695733,1.0
REXO4,134735.5732403766,0.28969122685758303,0.3583273758481156,0.9388673736390915,0.3477988422320196,0.6153783562633695,,0.0
ACAP2,416924.9866103857,0.024879837427731043,0.892642797684682,0.0522199575500255,0.9583534308026301,0.9845377102550297,,0.0
MAP4,3201005.9287475576,-0.33974886289386597,0.9028168837911009,-1.321075518245856,0.1864761851624367,0.42718443518404076,,0.0
PCDHA5,62914.120155819925,0.24286987272502958,0.26857971159660954,0.9817973424498347,0.3261996976821925,0.5940658934853995,,0.0
RRM2B,207619.62101789966,-0.31495757266153906,0.3341129777747257,-1.0953399215767903,0.27336774392338714,0.5324487180785473,0.9136045149996466,0.0
NKX2-3,475.25151288836787,-0.10868908957438254,0.24287900755749622,-0.48160571896953785,0.6300860627662336,0.8309083172576104,,0.0
PPOX,96405.85620833888,-0.18943039760861954,0.5639309553050099,-0.5044333036701979,0.613956919872815,0.8239991555616335,1.0,0.0
ANKRD62,154.25002751933852,0.5064105126791393,0.8403940653412355,1.2054487281922583,0.2280301198885355,0.4821263415424836,,0.0
KRT31,2382.8241219847596,-1.056232844434626,0.2169747548984289,-5.058018508165715,4.2363532712642283e-07,5.84457208278903e-06,1.4158040082611974e-06,1.0
SPG11,332600.8279917186,-0.5731563967802318,0.6098301411730932,-1.4049224253795223,0.16004434730058303,0.38614804826865445,,0.0
RAD1,211905.2344162856,0.1943063568753841,0.674854381896098,0.479605297991862,0.6315080784191379,0.8314876618899322,,0.0
ZNF875,264831.56699993374,0.2043490531836614,0.3916952762304939,0.5820568810103814,0.5605283677841398,0.789894927276855,,0.0
RGS20,1827.6765413084715,-0.3422461008783337,0.49018964546122795,-0.9293150399328538,0.35272584311703126,0.6189433803676929,1.0,0.0
BTBD16,1077.9627088106863,0.12566286422702716,0.4021977741100303,0.3790408660591025,0.7046575173708662,0.8712700276677658,,0.0
CMTR1,233965.02467153943,-0.6055819972508776,0.6463429520115194,-1.4420148152739956,0.14929819418288556,0.3687414350886897,,0.0
PARM1,582351.6174128356,0.8779231993488484,0.5169089910482283,2.110560024310193,0.03481014676463296,0.1251097658093694,,0.0
IFFO2,270448.9051157064,0.03196799435790824,0.2614179675400367,0.10535660840362765,0.9160928458540472,0.9661370906523088,,0.0
ETV6,536525.0117343648,0.03961629850661122,0.9498841516395915,-1.8563422709863178,0.06340478754780925,0.20155538447724977,0.2119010068448538,0.0
NVL,191251.56713858133,-0.33427855961518804,0.5347101344119931,-0.88035774961234,0.37866553709903183,0.6432162218614167,,0.0
ADCK2,36659.999342132905,-0.27895066580766403,0.8822216929103426,0.2595472534398546,0.7952130277776299,0.9152002306839239,,0.0
ARL11,14886.51593870217,-0.25867479155966383,0.3082891075073332,-0.9473503628886009,0.343460275529371,0.6106232168008824,,0.0
RPL7P46,2802.401899096484,0.10615473359502296,0.5053699643395172,0.28151318553881,0.7783168162482108,0.9066746396882586,,0.0
C1orf54,117090.75197939335,-0.07806174648422373,0.7376213282405715,-0.22855174028239272,0.8192173373737902,0.9265577791259627,,0.0
PCK1,340992.00380834687,-0.011087583876591485,0.2771572449601717,-0.06612428594452706,0.9472788757741388,0.9818398440718766,1.0,0.0
PM20D2,63155.22898374897,-0.30567829029378685,0.3285130036670745,-1.0742210963270145,0.28272359929303703,0.5424209200420388,,0.0
LHX8,1101.9563449179852,0.4199413869334763,0.21903966696885052,2.0274229557327748,0.04261917626353601,0.1468876233679081,,0.0
TRMT10B,83031.0336333893,0.5280610096399819,0.67151786088343,1.2369862695749356,0.21609218011018239,0.4645010415182604,,0.0
ITGB7,44475.90035188814,0.2030464928720724,0.7773332036078555,0.5150248334070607,0.6065356667586257,0.8185753813320451,,0.0
LINC02345,3701.950551456728,0.7077930755650931,1.5041460659505295,1.8253722915497688,0.06794486771373388,0.21250588164754777,,0.0
DOCK1,535290.8199623998,-0.07553734418703692,0.26668427641260845,-0.38868809416765737,0.6975068906738147,0.8675839133312654,,0.0
ANKRD39,40440.38948263985,-1.2450021697182865,0.7980476667072643,-2.339147264939049,0.019327813240853326,0.07728030370281946,,0.0
IFT81,85260.89278859361,-0.12330353756871874,0.3984516464275866,-0.3841084264911143,0.7008980862343239,0.8693143956399778,,0.0
SCN3B,26165.99211143867,-0.37178748160493524,0.393378770358214,-1.1377841019922887,0.25521064501550783,0.512473647449717,,0.0
