,class,beta1,cn_ratio_log2,truth_log2FC_aware,truth_log2FC_naive,empirical_log2FC_naive,empirical_log2FC_aware,DE_truth
LINC02766,NEUTRAL,0.009146592922822756,0.13750352374993502,0.013195744250786479,0.1506992680007215,-0.10114993691304688,-0.10114993691304688,False
SLC25A48,NEUTRAL,0.02104146238769442,0.13750352374993502,0.030356413439778386,0.1678599371897134,-0.08398926772405466,-0.08398926772405534,False
TYSND1,NEUTRAL,0.026605215634028623,0.13750352374993502,0.03838321265699461,0.17588673640692964,-0.07596246850684006,-0.07596246850684041,False
RAD51D,NEUTRAL,0.008839640899339933,0.13750352374993502,0.01275290608871698,0.150256429838652,-0.10159277507511567,-0.10159277507511602,False
SIGLEC5,DIG,-0.7625320705462708,0.6553518286125543,-1.1001012366958982,-0.44474940808334396,-0.7070547111990609,-1.2144469178597341,True
NRAS,NEUTRAL,-0.03250015949971807,0.13750352374993502,-0.046887818938343595,0.09061570481159142,-0.16123350010217888,-0.1612335001021787,False
PIK3R1,NEUTRAL,0.0615549261444519,0.13750352374993502,0.08880498669088716,0.22630851044082217,-0.025540694472947788,-0.025540694472948114,False
PPP1R8,NEUTRAL,-0.020792954555639075,0.13750352374993502,-0.029997892422850076,0.10750563132708495,-0.14434357358668296,-0.14434357358668276,False
ABCC11,NEUTRAL,0.022879620929922004,0.13750352374993502,0.03300831565301781,0.17051183940295284,-0.08133736551081608,-0.08133736551081541,False
RPL17P43,NEUTRAL,-0.06050355467159372,0.13750352374993502,-0.08728817828086254,0.050215345469072484,-0.20163385944469553,-0.20163385944469497,False
FAM86MP,NEUTRAL,0.02062862312394522,0.13750352374993502,0.029760812281283168,0.16726433603121818,-0.08458486888255001,-0.0845848688825502,False
AKR1B1P7,DSG,-0.017329617590636507,1.2779847472997656,-0.025001353358513435,1.2529833939412522,0.9984738361677435,-0.13934703452234642,False
MBTPS1,NEUTRAL,-0.020877123093868005,0.13750352374993502,-0.030119321955551823,0.1073842017943832,-0.14446500311938565,-0.14446500311938582,False
TRABD2A,DIG,1.1644340948779623,0.560714954474479,1.679923294122465,2.240638248596944,1.9792886073616702,1.5655776129586307,True
LINC02026,DSG,-0.10807217029259057,1.2779847472997656,-0.15591518413922797,1.1220695631605377,0.8732177617069835,-0.2702608653030606,False
ZC3HAV1,DIG,1.7262797930206766,0.4854268271702419,2.4904952965777563,2.9759221237479982,2.7407785379152507,2.376149615413921,True
PSMC1P11,DIG,0.7217038522229285,0.5109619192773794,1.0411985685924803,1.5521604878698598,1.29623480341477,0.9268528874286434,True
UBE2O,DSG,0.059284897475622364,1.2630344058337937,0.08553002758769102,1.3485644334214846,1.1087668426182347,-0.028815653576143012,False
OSBPL7,DIG,1.5610494956580867,0.632268215499513,2.252118365968139,2.884386581467652,2.632726879778547,2.1377726848043053,True
MAPK7,NEUTRAL,-0.02867584186651325,0.13750352374993502,-0.041370494854134784,0.09613302889580023,-0.15571617601796997,-0.1557161760179696,False
DUT,NEUTRAL,0.0049469990264784484,0.13750352374993502,0.007137010962782988,0.144640534712718,-0.10720867020105165,-0.10720867020105149,False
UNC119B,NEUTRAL,0.0006255603757863354,0.13750352374993502,0.0009024928519235824,0.1384060166018586,-0.11344318831191078,-0.11344318831191094,False
RPL31P17,NEUTRAL,0.024009463193005974,0.13750352374993502,0.034638333482955815,0.17214185723289083,-0.07970734768087884,-0.07970734768087884,False
PTPN2P1,DCG,-0.8019781907642763,1.3074285251922473,-1.1570099587167246,0.15041856647552265,-0.10461049396418788,-1.2713556398805579,True
LMTK2,DIG,-0.8294493650376124,0.608809242675524,-1.196642485608263,-0.5878332429327389,-0.8289997731206621,-1.310988166772099,True
FRS2,DSG,-0.013754783389543397,1.3362833878644325,-0.019843957784596147,1.3164394300798363,1.0662288527691692,-0.13418963894843153,False
ARL6IP1P3,DIG,-0.6036020111055633,0.4329594072761063,-0.8708136280926012,-0.4378542208164949,-0.6852864070353012,-0.9851593092564355,True
CEACAM1,DIG,0.6530686432600548,0.4854268271702419,0.9421788929913646,1.4276057201616066,1.195349115923595,0.8278332118275289,True
CXXC4,NEUTRAL,-0.02483462778252863,0.13750352374993502,-0.03582879434417733,0.1016747294057577,-0.15017447550801097,-0.15017447550801113,False
AMH,NEUTRAL,0.02915802350219974,0.13750352374993502,0.04206613590874741,0.17956965965868243,-0.07227954525508602,-0.07227954525508602,False
UNC5B-AS1,NEUTRAL,-0.02471945532284814,0.13750352374993502,-0.0356626356077493,0.10184088814218573,-0.15000831677158294,-0.15000831677158294,False
ACTG1P25,DCG,-0.8732772863271621,1.2779847472997656,-1.2598728103051682,0.018111936994597455,-0.22886338227314018,-1.374218491469,True
ZBTB2,DIG,-1.4424231847662945,0.4854268271702419,-2.080976775525598,-1.5955499483553561,-1.81901046546219,-2.1953224566894334,True
ATP2A2,NEUTRAL,-0.0016134507362806489,0.13750352374993502,-0.002327717375950739,0.13517580637398427,-0.11667339853978496,-0.11667339853978514,False
GAPDH,DIG,1.2942862980857934,0.5849625007211562,1.867260423738909,2.4522229244600653,2.210422007206915,1.7529147425750742,True
RPL15P14,NEUTRAL,-0.022598074698116827,0.13750352374993502,-0.03260213030061151,0.1049013934493235,-0.14694781146444474,-0.14694781146444474,False
LINC00662,DIG,1.6120074243439984,0.4854268271702419,2.3256351169772773,2.8110619441475193,2.560062238371052,2.211289435813442,True
C8B,NEUTRAL,0.0007510657196594087,0.13750352374993502,0.0010835587891343294,0.13858708253906935,-0.11326212237470018,-0.11326212237469967,False
SNUPN,NEUTRAL,-0.014524385600362363,0.13750352374993502,-0.02095425907760185,0.11654926467233317,-0.13529994024143552,-0.13529994024143516,False
CD164,DIG,1.3583313661705547,0.4329594072761063,1.95965792585819,2.3926173331342966,2.1322296008789112,1.8453122446943553,True
FAM3D,NEUTRAL,0.04616271185849876,0.13750352374993502,0.0665987154722423,0.20410223922217732,-0.04774696569159249,-0.04774696569159281,False
CCN1,NEUTRAL,-0.009318937782163986,0.13750352374993502,-0.013444385324680778,0.12405913842525423,-0.12779006648851393,-0.1277900664885141,False
POLH-AS1,DIG,0.8289229476406949,0.5849625007211562,1.1958830258402924,1.7808455265614485,1.5179172130792848,1.081537344676459,True
GAPLINC,NEUTRAL,-0.047051009071287016,0.13750352374993502,-0.06788025745596742,0.0696232662939676,-0.18222593861980188,-0.18222593861980152,False
ADA,DCG,0.7197852461701508,-0.7369655941662062,1.0384306051547183,0.3014650109885121,0.04961580607474229,0.924084923990884,True
LHX6,NEUTRAL,0.06154903760492322,0.13750352374993502,0.08879649132411105,0.22630001507404607,-0.02554918983972347,-0.025549189839723145,False
ACTG1P22,DIG,-1.3395796088473269,0.4854268271702419,-1.9326048585600157,-1.447178031389774,-1.6952452625455934,-2.0469505397238494,True
MYO1C,NEUTRAL,-0.008695992662310663,0.13750352374993502,-0.012545665489522406,0.12495785826041261,-0.1268913466533567,-0.12689134665335652,False
HAGHL,DSG,0.025779606488466847,1.1043366598147357,0.037192110436980064,1.1415287702517158,0.8878164131530931,-0.07715357072685511,False
MARCHF6,DSG,-0.0768546841120618,1.1699250014423124,-0.11087787163755936,1.059047129804753,0.805312102721407,-0.22522355280139492,False
DOK6,NEUTRAL,0.017715188623036816,0.13750352374993502,0.0255576147748678,0.1630611385248028,-0.08878806638896708,-0.0887880663889669,False
ADAM21P1,NEUTRAL,0.0012453828558589284,0.13750352374993502,0.0017967076701558109,0.13930023142009082,-0.11254897349367776,-0.11254897349367741,False
IGKV1OR2-118,NEUTRAL,-0.015456370986858025,0.13750352374993502,-0.022298829772880127,0.11520469397705489,-0.13664451093671362,-0.1366445109367131,False
MPPE1,NEUTRAL,0.020731333332935583,0.13750352374993502,0.029908991790442232,0.16741251554037725,-0.08443668937339135,-0.08443668937339067,False
LYN,DCG,-0.9687642525071946,1.232660756790275,-1.3976313828826332,-0.16497062609235824,-0.4206077353028128,-1.5119770640464674,True
DAGLB,DIG,-0.8156092776057157,0.5849625007211562,-1.176675460104796,-0.5917129593836398,-0.8301955543785535,-1.291021141268633,True
UBR2,DIG,-1.358318657126091,0.5109619192773794,-1.959639590582768,-1.4486776713053886,-1.7104413980770414,-2.0739852717466034,True
LCLAT1,DIG,0.6303861529743962,0.405992359675837,0.9094549767412329,1.31544733641707,1.0859334987504743,0.7951092955773974,True
PYROXD2,NEUTRAL,0.022058592980058186,0.13750352374993502,0.03182382270131805,0.16932734645125308,-0.0825218584625172,-0.08252185846251703,False
PKIA-AS1,DCG,-0.8702266126043772,1.1538053360790355,-1.255471618453936,-0.10166628237490061,-0.3692802693256144,-1.3698172996177596,True
PLEKHF2,DCG,-1.0165140241681299,1.3074285251922473,-1.466519741661445,-0.15909121646919777,-0.41118590220076207,-1.580865422825279,True
SPX,DIG,-0.5692535417355459,0.5849625007211562,-0.8212592616703506,-0.23629676094919438,-0.48613016191046116,-0.9356049428341854,True
NFIL3,NEUTRAL,-0.006023631466814551,0.13750352374993502,-0.008690263245316066,0.12881326050461894,-0.12303594440914939,-0.12303594440914904,False
ENTPD8,NEUTRAL,-0.03855867897228009,0.13750352374993502,-0.05562841493653804,0.08187510881339698,-0.16997409610037106,-0.16997409610037087,False
GLP2R,NEUTRAL,0.03341940463661857,0.13750352374993502,0.04821400933871124,0.18571753308864625,-0.066131671825124,-0.06613167182512383,False
FTH1P3,DIG,1.2092164654620556,0.5109619192773794,1.7445305980833883,2.255492517360768,2.011111593594483,1.6301849169195541,True
PNRC2,NEUTRAL,0.00721686287987788,0.13750352374993502,0.01041173228757546,0.1479152560375105,-0.10393394887625901,-0.10393394887625917,False
IGBP1P4,NEUTRAL,-0.014518996089634232,0.13750352374993502,-0.02094648365720156,0.11655704009273346,-0.13529216482103587,-0.1352921648210357,False
SLC1A2,DIG,-0.5960740376873908,0.53605290024021,-0.8599530581742598,-0.3239001579340498,-0.5756587858454634,-0.9742987393380944,True
SLIT3,DIG,1.6323119975497036,0.5109619192773794,2.354928424048515,2.8658903433258947,2.6044613393208977,2.240582742884679,True
SSNA1,NEUTRAL,0.058851676685619025,0.13750352374993502,0.0849050221023432,0.2224085458522782,-0.029440659061491795,-0.029440659061491795,False
NTSR1,DCG,-0.790083029240695,1.0531113364595626,-1.1398488681760806,-0.08673753171651799,-0.33873593737756263,-1.2541945493399143,True
FGF14,NEUTRAL,0.023416288282966595,0.13750352374993502,0.033782562981862246,0.17128608673179727,-0.0805631181819719,-0.08056311818197155,False
ATG12P1,DSG,0.021726694395846017,1.3923174227787602,0.03134499425979708,1.4236624170385572,1.1792674999441886,-0.08300068690403659,False
EGF,NEUTRAL,0.0035203199721657403,0.13750352374993502,0.005078748166185887,0.1425822719161209,-0.10926693299764786,-0.10926693299764786,False
WASHC4,NEUTRAL,-0.01720128986220015,0.13750352374993502,-0.024816215581089755,0.11268730816884526,-0.13916189674492355,-0.1391618967449239,False
CZIB,NEUTRAL,-0.04873424903680744,0.13750352374993502,-0.07030865940684984,0.06719486434308518,-0.18465434057068283,-0.18465434057068264,False
TRIM55,DCG,-0.6701881426312549,1.2016338611696507,-0.9668771098366968,0.23475675133295382,-0.020994383017836134,-1.0812227910005325,True
TRMT6,DSG,0.10995919781437197,1.4195388915137848,0.158637589386923,1.5781764809007077,1.326417831581892,0.04429190822308966,False
PLPP3,NEUTRAL,0.009900982987968647,0.13750352374993502,0.014284099056668359,0.15178762280660338,-0.10006158210716554,-0.1000615821071657,False
SNRPCP2,NEUTRAL,0.013073037645852244,0.13750352374993502,0.018860406581025762,0.15636393033096077,-0.09548527458280719,-0.09548527458280753,False
KCNH7,NEUTRAL,-0.008959390317181208,0.13750352374993502,-0.012925667979985926,0.12457785576994909,-0.12727134914381938,-0.12727134914381974,False
MCL1,DCG,2.0794415416798357,-3.321928094887362,3.0,-0.3219280948873622,-0.5737772998011333,2.885654318836164,True
BCAR4,DSG,-0.12197699901605003,1.4059923596758368,-0.17597561158297334,1.2300167480928634,0.9855912227162071,-0.290321292746807,False
KCNC3,DIG,-0.5837050616460667,0.6553518286125543,-0.8421083977785672,-0.1867565691660129,-0.45829608762107515,-0.956454078942402,True
DST-AS1,DIG,1.6183427652076185,0.53605290024021,2.3347750818235635,2.8708279820637737,2.6289625765936657,2.2204294006597234,True
RPL31P7,DSG,0.09398922355647955,1.1699250014423124,0.1355977867219372,1.3055227881642495,1.0583377630048834,0.021252105558102585,False
NPNT,NEUTRAL,-0.024864445103365985,0.13750352374993502,-0.03587181164508198,0.10163171210485304,-0.1502174928089172,-0.15021749280891666,False
ZNF578,DIG,0.8144082747144247,0.632268215499513,1.1749427791894371,1.80721099468895,1.5397277692984463,1.0605970980256003,True
KIF21B,DCG,-0.9430779477248786,1.2479275134435854,-1.3605738783544234,-0.11264636491083801,-0.36753192681397373,-1.4749195595182583,True
UBE2D3-AS1,NEUTRAL,0.04996187516842615,0.13750352374993502,0.07207974953900186,0.2095832732889369,-0.04226593162483202,-0.04226593162483202,False
FRRS1,NEUTRAL,-0.0055484804933314934,0.13750352374993502,-0.008004765292198495,0.12949875845773653,-0.12235044645603267,-0.12235044645603284,False
EIF3LP3,DIG,1.1307289994345575,0.5849625007211562,1.6312971200735757,2.216259620794732,1.9618965652193876,1.5169514389097407,True
LINC01344,DCG,-0.8685711559461008,1.1699250014423124,-1.2530832993426342,-0.08315829790032181,-0.33411454401204194,-1.3674289805064654,True
ITGB1BP1,DIG,1.0181236188627094,0.4329594072761063,1.4688418959451561,1.9018013032212624,1.6374086696975831,1.3544962147813215,True
MRPS15,NEUTRAL,0.011511299120724744,0.13750352374993502,0.016607294155659074,0.15411081790559408,-0.09773838700817462,-0.09773838700817428,False
CRLF1,DIG,1.0389569053015424,0.6553518286125543,1.4988979749758795,2.1542498035884337,1.906306120728346,1.3845522938120443,True
GALNT15,NEUTRAL,-0.012826548091050416,0.13750352374993502,-0.018504797322682235,0.11899872642725279,-0.13285047848651635,-0.13285047848651618,False
RPS3AP38,NEUTRAL,0.017589687997903218,0.13750352374993502,0.025376555645359095,0.16288007939529411,-0.08896912551847472,-0.08896912551847454,False
SUMO3,DIG,1.7198818078797817,0.32192809488736235,2.481264955143306,2.8031930500306683,2.5487159112231463,2.3669192739794713,True
SAR1B,NEUTRAL,0.05182899334113732,0.13750352374993502,0.07477343166752591,0.21227695541746094,-0.03957224949630723,-0.03957224949630772,False
TRAPPC2B,DIG,-1.0207162861330579,0.560714954474479,-1.472582324158763,-0.911867369684284,-1.1603045774806537,-1.586928005322597,True
UICLM,NEUTRAL,-0.020949806044342677,0.13750352374993502,-0.030224181287758813,0.10727934246217621,-0.14456986245159226,-0.1445698624515919,False
HSD17B2,NEUTRAL,-0.05715715228907506,0.13750352374993502,-0.08246034015878385,0.055043183591151165,-0.19680602132261898,-0.19680602132261915,False
TP53BP2,DCG,-0.975688196594135,1.3362833878644325,-1.4076205226802545,-0.07133713481582205,-0.32518914065362436,-1.5219662038440886,True
SNHG21,NEUTRAL,-0.05830732163396274,0.13750352374993502,-0.08411968376883582,0.053383839981099204,-0.19846536493267006,-0.19846536493267025,False
STAP1,NEUTRAL,0.05101150068745167,0.13750352374993502,0.07359403907009048,0.2110975628200255,-0.04075164209374368,-0.040751642093743344,False
FAM53B,NEUTRAL,-0.05190986988129779,0.13750352374993502,-0.07489011185093969,0.06261341189899533,-0.18923579301477367,-0.18923579301477403,False
DMTN,NEUTRAL,-0.026389160305760332,0.13750352374993502,-0.03807151070634431,0.0994320130435907,-0.15241719187017727,-0.15241719187017727,False
FUT8-AS1,NEUTRAL,-0.0009109314219208548,0.13750352374993502,-0.0013141962449951493,0.13618932750493987,-0.11565987740882809,-0.11565987740882862,False
TXNP1,NEUTRAL,-0.0054735966239078705,0.13750352374993502,-0.007896730705138457,0.12960679304479655,-0.12224241186897204,-0.1222424118689717,False
BRI3,DIG,-0.7301926199514222,0.608809242675524,-1.0534452716976364,-0.4446360290221123,-0.6965621477277604,-1.167790952861472,True
RPS2P45,NEUTRAL,-0.034310061791221175,0.13750352374993502,-0.049498955998788695,0.08800456775114632,-0.16384463716262238,-0.16384463716262201,False
LGR5,DIG,-0.7825133399673885,0.5109619192773794,-1.128928115000411,-0.6179661957230315,-0.8733293650432689,-1.2432737961642473,True
SIN3B,DIG,-1.2834299438426087,0.5849625007211562,-1.8515980153101324,-1.2666355145889763,-1.4994535589658553,-1.9659436964739687,True
HINFP,NEUTRAL,-0.03661313634673198,0.13750352374993502,-0.05282159023882169,0.08468193351111333,-0.16716727140265603,-0.1671672714026564,False
ITIH5,DSG,-0.06076656051806136,1.1699250014423124,-0.08766761551128621,1.082257385931026,0.8281640763526597,-0.20201329667512066,False
TKTL2,NEUTRAL,0.022566020646887362,0.13750352374993502,0.03255588607986236,0.1700594098297974,-0.0817897950839712,-0.08178979508397172,False
PRDX1,NEUTRAL,-0.013798479162612546,0.13750352374993502,-0.019906997459710817,0.1175965262902242,-0.13425267862354537,-0.13425267862354556,False
GAPDHS,DSG,0.03998656095656818,1.4982508675278254,0.05768841319424516,1.5559392807220707,1.3032164714798544,-0.056657267969587956,False
GNL3,NEUTRAL,-0.010039719816710419,0.13750352374993502,-0.014484253991482773,0.12301926975845225,-0.12882993515531635,-0.12882993515531616,False
C1QTNF2,NEUTRAL,0.0019347993427419493,0.13750352374993502,0.002791325416889036,0.14029484916682405,-0.11155435574694521,-0.11155435574694555,False
AASDH,NEUTRAL,0.06866629928380005,0.13750352374993502,0.09906452945293573,0.23656805320287075,-0.015281151710899138,-0.015281151710898652,False
COG1,DSG,-0.009743318442650325,-3.321928094887362,-0.014056637199013603,-3.335984732086376,-3.587833937000145,-0.12840231836284752,False
FRS3,DIG,-1.610058827249067,0.560714954474479,-2.3228238856117294,-1.7621089311372504,-2.011739218039473,-2.4371695667755655,True
MX1,DIG,-0.5550976196546467,0.53605290024021,-0.8008365830850267,-0.2647836828448167,-0.5338668744582844,-0.9151822642488608,True
CCDC28A-AS1,DIG,1.1141730254679094,0.405992359675837,1.6074118985348056,2.0134042582106426,1.7809222447429334,1.4930662173709708,True
SZRD1,NEUTRAL,-0.0057137713594691145,0.13750352374993502,-0.008243229605079483,0.12926029414485554,-0.12258891076891283,-0.12258891076891267,False
LINC00900,NEUTRAL,0.040486579809641786,0.13750352374993502,0.05840978791392544,0.19591331166386045,-0.05593589324990829,-0.05593589324990862,False
RAPGEF4,NEUTRAL,0.04856384444842732,0.13750352374993502,0.07006281755224911,0.20756634130218413,-0.04428286361158519,-0.04428286361158469,False
CDS2,DSG,0.1055165353008598,1.3785116232537298,0.15222818221033568,1.5307398054640655,1.281914743277408,0.03788250104650079,False
KRT79,DIG,1.2641776855235616,0.45943161863729726,1.8238228777073298,2.283254496344627,2.0316362991011827,1.7094771965434943,True
LMOD1,DCG,-0.7705921809071461,1.0874628412503395,-1.1117295179425506,-0.024266676692211053,-0.27709070310518247,-1.2260751991063847,True
PDIK1L,NEUTRAL,0.0014542055915579318,0.13750352374993502,0.00209797519537363,0.13960149894530866,-0.1122477059684595,-0.11224770596845915,False
ZFP91,DIG,-1.6440144234509002,0.37851162325372983,-2.371811455862542,-1.9932998326088123,-2.2524885432054336,-2.486157137026376,True
TTC22,NEUTRAL,0.006212139331359578,0.13750352374993502,0.008962222606663744,0.14646574635659876,-0.10538345855716869,-0.10538345855716938,False
RASGRP4,DSG,0.06768173194211236,1.3785116232537298,0.09764409903166166,1.4761557222853914,1.2241560494720667,-0.01670158213217276,False
UCK2,DCG,-0.7881640609047253,1.1538053360790355,-1.1370803820741542,0.016724954004881276,-0.2272936641286026,-1.251426063237988,True
SH3GL2,NEUTRAL,-0.049252113448153355,0.13750352374993502,-0.07105577982495147,0.06644774392498355,-0.1854014609887852,-0.18540146098878502,False
OPN3,DCG,-0.8526057994194757,1.1538053360790355,-1.2300501586556478,-0.07624482257661236,-0.3252325736209202,-1.3443958398194817,True
ENDOD1,NEUTRAL,0.0371613205798672,0.13750352374993502,0.05361245291345939,0.19111597666339442,-0.060733228250373535,-0.06073322825037337,False
LGR4-AS1,DIG,-0.8294470019875269,0.5849625007211562,-1.1966390764476231,-0.6116765757264669,-0.8525283003096406,-1.3109847576114548,True
GPN1,DIG,1.1437049841501645,0.4854268271702419,1.6500175088734328,2.135444336043675,1.879525357356244,1.5356718277095969,True
MALT1,NEUTRAL,-0.06113471720487945,0.13750352374993502,-0.08819875333762878,0.04930477041230624,-0.20254443450146267,-0.20254443450146267,False
ADCYAP1R1,DIG,-1.5983287950262872,0.5849625007211562,-2.3059010262944573,-1.7209385255733012,-1.9600981810731797,-2.420246707458292,True
TNNI3,DIG,-1.3383261535372968,0.4854268271702419,-1.9307965048002595,-1.4453696776300178,-1.6898733807777493,-2.0451421859640946,True
RPL22P13,NEUTRAL,0.011064629938040492,0.13750352374993502,0.015962886740882577,0.1534664104908176,-0.09838279442295186,-0.09838279442295152,False
EIF4A2,DSG,-0.007998464943615578,1.3923174227787602,-0.011539345708878417,1.3807780770698819,1.128986069971193,-0.12588502687271177,False
RHCE,NEUTRAL,0.02732794123054634,0.13750352374993502,0.03942588529101424,0.17692940904094925,-0.07491979587282047,-0.0749197958728208,False
GREM1,NEUTRAL,0.0032436334113312057,0.13750352374993502,0.004679573836989282,0.1421830975869243,-0.10966610732684402,-0.10966610732684368,False
DNAJC24,DIG,0.5982458191527308,0.608809242675524,0.8630862765242004,1.4718955191997245,1.215476430292119,0.7487405953603634,True
VAPB,DCG,-0.8730237233419484,1.1043366598147357,-1.2595069962438474,-0.1551703364291117,-0.4146661893500915,-1.3738526774076814,True
AKAP10,NEUTRAL,-0.01891942725193077,0.13750352374993502,-0.02729496387282003,0.11020855987711499,-0.14164064503665286,-0.14164064503665286,False
NTF3,DIG,1.0092329072344142,0.560714954474479,1.4560153103690405,2.0167302648435195,1.772136422687466,1.341669629205206,True
IDH1-AS1,NEUTRAL,0.038380130441302306,0.13750352374993502,0.05537082385633838,0.1928743476062734,-0.05897485730749559,-0.05897485730749592,False
LINC01977,DSG,0.06018012068088599,-0.7369655941662062,0.08682156166641357,-0.6501440324997927,-0.9019932374135617,-0.02752411949742054,False
SCARB2,DIG,-1.0754653484419012,0.53605290024021,-1.551568524845052,-1.0155156246048418,-1.259462068628822,-1.665914206008886,True
PACRGL,NEUTRAL,0.011175950514239705,0.13750352374993502,0.016123488384114083,0.1536270121340491,-0.09822219277972048,-0.09822219277972014,False
RBP7,NEUTRAL,0.023644077967704444,0.13750352374993502,0.0341111940303992,0.1716147177803342,-0.08023448713343481,-0.08023448713343533,False
HIF3A,DIG,-1.4182593788899684,0.4854268271702419,-2.046115772618819,-1.560688945448577,-1.8098546591125675,-2.160461453782655,True
PNMA1,NEUTRAL,0.025695397872028552,0.13750352374993502,0.037070623083644415,0.17457414683357944,-0.07727505808018795,-0.07727505808018846,False
C15orf48,NEUTRAL,0.03707432232643713,0.13750352374993502,0.05348694096466982,0.19099046471460485,-0.060858740199165144,-0.06085874019916548,False
ZKSCAN4,DIG,-1.1703551783465402,0.4854268271702419,-1.688465611879272,-1.20303878470903,-1.482198646968447,-1.8028112930431066,True
GMPS,DSG,0.060041324172554145,1.4059923596758368,0.08662132063215051,1.4926136803079872,1.232253887491388,-0.02772436053168453,False
FLI1,NEUTRAL,0.0060166843870266724,0.13750352374993502,0.008680240727757433,0.14618376447769246,-0.10566544043607744,-0.10566544043607744,False
FAM220A,DIG,1.081582675857318,0.560714954474479,1.560393962770768,2.121108917245247,1.8866104166512363,1.4460482816069313,True
HSPA2,NEUTRAL,-0.025120327522884553,0.13750352374993502,-0.036240971942772086,0.10126255180716293,-0.15058665310660635,-0.15058665310660654,False
AQP8,DSG,0.05415838317383656,1.4724877714627438,0.07813403082745829,1.550621802290202,1.3079300601925195,-0.03621165033637477,False
OSBPL8,DIG,-1.2339499903945823,0.608809242675524,-1.7802135318472478,-1.1714042891717238,-1.423460071395193,-1.8945592130110824,True
DGKI,DIG,0.769314165738488,0.5849625007211562,1.1098857317965467,1.6948482325177028,1.4300514406941904,0.9955400506327107,True
DPRXP3,DIG,0.8645333650017041,0.4854268271702419,1.2472579983710066,1.7326848255412486,1.4812620370299416,1.1329123172071676,True
ZNF750,DSG,0.04410003993016129,1.1699250014423124,0.06362290891024897,1.2335479103525613,0.986168478208159,-0.05072277225358652,False
ASB6,NEUTRAL,0.03346023349134645,0.13750352374993502,0.04827291292495233,0.18577643667488736,-0.06607276823888092,-0.06607276823888109,False
SOCS5,DIG,0.7196058137631826,0.45943161863729726,1.0381717389110106,1.4976033575483079,1.269052636535438,0.9238260577471757,True
MRPS36P1,DIG,0.9918702114233002,0.45943161863729726,1.430966235225883,1.8903978538631803,1.639799081818405,1.3166205540620486,True
PCDHGA9,NEUTRAL,-0.020891099967726225,0.13750352374993502,-0.03013948632215421,0.1073640374277808,-0.14448516748598714,-0.1444851674859873,False
LINC01063,DSG,0.03128781246026985,1.2172307162206693,0.045138771876695225,1.2623694880973644,1.0106534776533618,-0.0692069092871382,False
DSG2-AS1,NEUTRAL,-0.028925977154609876,0.13750352374993502,-0.04173136379382312,0.09577215995611191,-0.15607704495765773,-0.1560770449576581,False
ULBP1,NEUTRAL,-0.014156544831468953,0.13750352374993502,-0.020423577024482546,0.11707994672545247,-0.1347692581883164,-0.1347692581883164,False
MSLN,DSG,0.11017227248166689,1.1699250014423124,0.15894499115276844,1.3288699925950809,1.074974235648799,0.04459930998893303,False
STX6,DCG,-0.8787035063272987,1.3074285251922473,-1.2677011909901377,0.03972733420210961,-0.20969515630309324,-1.3820468721539718,True
LGSN,DIG,1.0041068636770212,0.5109619192773794,1.4486199927494088,1.9595819120267883,1.715943476786165,1.3342743115855735,True
HSPD1P7,DIG,0.6721773138952695,0.53605290024021,0.9697468773547694,1.5057997775949794,1.2391384235093608,0.8554011961909346,True
IL15RA,DSG,0.08250816708815442,-3.321928094887362,0.11903412349091838,-3.2028939713964437,-3.4547431763102137,0.004688442327082902,False
PARM1-AS1,DIG,0.5741955562164662,0.53605290024021,0.8283890814539758,1.3644419816941857,1.0996383089971071,0.7140434002901409,True
TTLL5,NEUTRAL,0.0006590028313054588,0.13750352374993502,0.0009507401166561715,0.13845426386659118,-0.11339494104717762,-0.11339494104717728,False
CCT6B,NEUTRAL,-0.006980334461097804,0.13750352374993502,-0.010070493910772138,0.12743302983916288,-0.1244161750746057,-0.12441617507460588,False
FCMR,DCG,0.8531897054468395,-0.7369655941662062,1.2308925569856708,0.4939269628194646,0.2420777579056949,1.1165468758218355,True
ACTG1P9,DIG,-1.0576459045598223,0.5109619192773794,-1.5258605015249778,-1.0148985822475982,-1.2635836735778692,-1.640206182688804,True
PCDHGB9P,NEUTRAL,0.016862862270673205,0.13750352374993502,0.02432796777309384,0.16183149152302886,-0.0900177133907392,-0.09001771339073988,False
DTWD1,NEUTRAL,-0.020861058926464428,0.13750352374993502,-0.030096146260902675,0.10740737748903234,-0.14444182742473613,-0.14444182742473524,False
TSNAXIP1,NEUTRAL,-0.020358437885180426,0.13750352374993502,-0.029371017377195798,0.10813250637273922,-0.1437166985410299,-0.1437166985410299,False
ANKRD29,NEUTRAL,0.07965442903013469,0.13750352374993502,0.1149170497466172,0.2524205734965522,0.0005713685827841185,0.000571368582784759,False
MLF1,DSG,-0.0017856486381279762,-0.7369655941662062,-0.0025761464349973624,-0.7395417406012036,-0.9913909455149731,-0.11692182759883184,False
IGFBP3,DIG,-0.8025697577729756,0.5849625007211562,-1.1578634095065286,-0.5729009087853724,-0.8109853685659675,-1.2722090906703634,True
DIABLO,NEUTRAL,0.019377639690273726,0.13750352374993502,0.027956024685291056,0.1654595484352261,-0.08638965647854183,-0.086389656478542,False
HGS,DSG,0.04492547004393118,1.3362833878644325,0.06481375284198519,1.4010971407064177,1.148080653221584,-0.04953192832184849,False
ADRA1A,NEUTRAL,0.056018079958261295,0.13750352374993502,0.08081700615590501,0.21832052990584003,-0.03352867500792811,-0.03352867500792811,False
TMEM43,DIG,-0.8217941795231253,0.5109619192773794,-1.1855983874294274,-0.6746364681520479,-0.9058791088919136,-1.299944068593263,True
TTN,NEUTRAL,0.010059565524332268,0.13750352374993502,0.01451288529545175,0.15201640904538677,-0.09983279586838334,-0.09983279586838316,False
PROB1,NEUTRAL,-0.03284984817204808,0.13750352374993502,-0.04739231305176914,0.09011121069816588,-0.16173799421560436,-0.16173799421560384,False
KRTAP1-5,DIG,0.8683801243912634,0.405992359675837,1.252807699065817,1.658800058741654,1.3946388407327157,1.13846201790198,True
MEIS2,NEUTRAL,0.01994112540348173,0.13750352374993502,0.02876896272934802,0.16627248647928305,-0.08557671843448447,-0.08557671843448482,False
MARCKS,DIG,1.681455617366923,0.405992359675837,2.4258276806501504,2.8318200403259874,2.600519217109099,2.3114819994863156,True
CPA3,DSG,0.0015079703359329626,1.3923174227787602,0.0021755413254581496,1.3944929641042183,1.136729208758657,-0.11217013983837688,False
CAMK1G,DCG,2.0794415416798357,-3.321928094887362,3.0,-0.3219280948873622,-0.5737772998011305,2.8856543188361665,True
UBE2Q2,NEUTRAL,0.04508552033141076,0.13750352374993502,0.06504465659802483,0.20254818034795985,-0.04930102456580996,-0.04930102456580946,False
LINC00261,DSG,0.06920325530936126,-3.321928094887362,0.09983919324818832,-3.222088901639174,-3.4739381065529042,-0.014506487915645197,False
PEF1-AS1,NEUTRAL,0.0017673175649385645,0.13750352374993502,0.0025497002866128257,0.14005322403654785,-0.11179598087722083,-0.11179598087722065,False
ST7-OT4,DIG,1.4438315712411345,0.560714954474479,2.083008647708505,2.643723602182984,2.3874629622702908,1.9686629665446693,True
UGT1A10,NEUTRAL,0.04474812180137692,0.13750352374993502,0.06455789341194179,0.2020614171618768,-0.049787787751893096,-0.049787787751893096,False
MTSS1,DCG,-1.0665878856385909,1.4059923596758368,-1.5387610532830398,-0.132768693607203,-0.3841701748073585,-1.6531067344468742,True
MIR6720,DIG,-1.3484410940548799,0.560714954474479,-1.9453892793238634,-1.3846743248493842,-1.6382524881555407,-2.059734960487689,True
SP6,DIG,0.914395889432517,0.632268215499513,1.3191944150935453,1.9514626305930582,1.708302355111364,1.2048487339297111,True
RPS28P4,NEUTRAL,-0.019782511174291088,0.13750352374993502,-0.028540130767480257,0.10896339298245476,-0.14288581193131453,-0.14288581193131436,False
KCNQ1-AS1,NEUTRAL,0.04806751175182257,0.13750352374993502,0.06934676083222639,0.20685028458216143,-0.04499892033160781,-0.04499892033160731,False
BTF3P7,DIG,1.4244306791385197,0.53605290024021,2.055019076883241,2.591071977123451,2.3448010192199704,1.940673395719406,True
PRPF40A,NEUTRAL,0.008657036688554174,0.13750352374993502,0.01248946389937092,0.14999298764930594,-0.10185621726446387,-0.10185621726446352,False
EPG5,NEUTRAL,0.036358122944505224,0.13750352374993502,0.05245368366806892,0.18995720741800393,-0.061891997495764225,-0.061891997495764225,False
ZNF224,DIG,0.790324343289802,0.560714954474479,1.140197010758024,1.7009119652325029,1.4496593806193436,1.0258513295941885,True
WDR12,NEUTRAL,0.02178092439065325,0.13750352374993502,0.03142323160437291,0.16892675535430793,-0.08292244955946178,-0.08292244955946178,False
DOP1B,DIG,-1.045842204407785,0.5849625007211562,-1.508831361851493,-0.9238688611303368,-1.1851378181990733,-1.623177043015329,True
PKN2-AS1,NEUTRAL,0.028691658815585847,0.13750352374993502,0.04139331388812381,0.17889683763805883,-0.07295236727571053,-0.07295236727571053,False
MAP3K21,DCG,2.0794415416798357,-3.321928094887362,3.0,-0.3219280948873622,-0.5737772998011309,2.8856543188361665,True
NRSN1,DIG,0.9068502293856403,0.5849625007211562,1.3083083287636823,1.8932708294848384,1.6251013524162439,1.193962647599848,True
SRXN1,DSG,0.003268515059742087,-0.7369655941662062,0.004715470467760803,-0.7322501236984454,-0.9840993286122139,-0.10963021069607336,False
RPL18P13,NEUTRAL,0.02145293953680802,0.13750352374993502,0.030950049482243704,0.16845357323217872,-0.08339563168159089,-0.08339563168159106,False
CHD8,NEUTRAL,0.048658677027202016,0.13750352374993502,0.07019963204336208,0.2077031557932971,-0.044146049120471424,-0.04414604912047208,False
HEXIM2,NEUTRAL,0.01844507358624253,0.13750352374993502,0.026610616191704108,0.16411413994163912,-0.08773506497212953,-0.08773506497212986,False
ARHGAP25,DIG,-1.5845548007110315,0.560714954474479,-2.286029353002605,-1.725314398528126,-1.9594349562386049,-2.400375034166441,True
ICE1,DSG,0.04637981021873812,1.3504972470841334,0.06691192219994475,1.4174091692840782,1.165185163272654,-0.0474337589638895,False
SLC2A1,NEUTRAL,-0.05157209221209068,0.13750352374993502,-0.07440280168265155,0.06310072206728347,-0.18874848284648518,-0.18874848284648535,False
SMAD4,NEUTRAL,0.03711683435765326,0.13750352374993502,0.053548272861283455,0.19105179661121846,-0.06079740830255154,-0.06079740830255137,False
POU5F1,DIG,-1.3401475004653,0.5109619192773794,-1.933424152981028,-1.4224622337036488,-1.6895613438843664,-2.047769834144863,True
TAFA1,NEUTRAL,0.043749216149636595,0.13750352374993502,0.06311677718186007,0.2006203009317951,-0.051228903981973266,-0.05122890398197293,False
PACC1,DCG,-0.8990716456422622,1.2927817492278462,-1.297086204571971,-0.004304455344124936,-0.2527887462129643,-1.4114318857358066,True
PAFAH2,NEUTRAL,-0.014672683665892297,0.13750352374993502,-0.021168207961315313,0.1163353157886197,-0.1355138891251499,-0.13551388912515008,False
GPBAR1,NEUTRAL,0.03251314410375572,0.13750352374993502,0.046906551762196616,0.18441007551213162,-0.06743912940163667,-0.06743912940163617,False
GRIK1,DIG,1.4082224696974375,0.4329594072761063,2.0316355735009015,2.464594980777008,2.207748427230408,1.9172898923370654,True
SNTB2,NEUTRAL,0.022646521607112762,0.13750352374993502,0.03267202441596634,0.17017554816590136,-0.08167365674786713,-0.08167365674786746,False
ENTR1,NEUTRAL,-0.0072491869871744025,0.13750352374993502,-0.010458366116873317,0.1270451576330617,-0.12480404728070688,-0.1248040472807067,False
DDX39BP2,DIG,-1.426810061242509,0.4854268271702419,-2.058451799645046,-1.573024972474804,-1.842012949708011,-2.1727974808088493,True
FXYD7,DSG,-0.03379908837283988,1.3219280948873624,-0.048761777182063926,1.2731663177052985,1.0258475311037625,-0.16310745834589882,False
HAUS6,NEUTRAL,-0.0029988851210056787,0.13750352374993502,-0.004326476692270592,0.13317704705766442,-0.11867215785610462,-0.11867215785610427,False
TAF10,NEUTRAL,0.02966528549108012,0.13750352374993502,0.04279796026453661,0.18030148401447163,-0.0715477208992983,-0.07154772089929846,False
KPNA5,DIG,-1.3632949292794099,0.45943161863729726,-1.9668188337404748,-1.5073872151031775,-1.7597502703192194,-2.081164514904311,True
NMD3,DSG,0.0750412898721959,1.1699250014423124,0.10826169676052821,1.2781866982028407,1.028066439374867,-0.006083984403305689,False
TAF8,DIG,0.6266077955331187,0.53605290024021,0.904003959197996,1.4400568594382062,1.1822728773407416,0.7896582780341602,True
ASTE1,DIG,-1.6899394399624028,0.608809242675524,-2.438067249436431,-1.8292580067609068,-2.094448214839943,-2.552412930600266,True
NUAK2,DCG,0.7643475985905414,-0.7369655941662062,1.102720490001962,0.3657548958357558,0.11390569092198688,0.9883748088381279,True
PSMD10P2,DSG,0.15234993168873526,1.3504972470841334,0.2197944909271107,1.5702917380112442,1.309914835613784,0.10544880976327714,False
MEX3C,NEUTRAL,-0.03871163276330582,0.13750352374993502,-0.055849080612336024,0.081654443137599,-0.1701947617761698,-0.1701947617761698,False
RBFOX2,NEUTRAL,-0.02977690082553854,0.13750352374993502,-0.04295898715404693,0.09454453659588809,-0.15730466831788084,-0.15730466831788156,False
INHBA-AS1,DIG,0.8109650604813107,0.53605290024021,1.1699752710906053,1.7060281713308152,1.4744647215306521,1.0556295899267711,True
BPNT2,DCG,-0.9939732445218156,1.3504972470841334,-1.4340002706479364,-0.08350302356380301,-0.3424148716085186,-1.5483459518117697,True
HCG11,DIG,0.7694978836650656,0.53605290024021,1.1101507807381426,1.6462036809783527,1.372488346322662,0.9958050995743081,True
GPR88,NEUTRAL,-0.018750236084478303,0.13750352374993502,-0.02705087261457414,0.11045265113536087,-0.14139655377840873,-0.1413965537784091,False
VIM,DSG,-0.1747168283784023,1.0179219079972623,-0.2520631018613691,0.7658588061358933,0.5111242718997908,-0.3664087830252037,True
NCL,NEUTRAL,-0.001982495579075755,0.13750352374993502,-0.0028601365405168857,0.13464338720941812,-0.11720581770435184,-0.11720581770435114,False
SDHAF4,DIG,-0.6600471990378929,0.4329594072761063,-0.9522468208046186,-0.5192874135285124,-0.7584222937797731,-1.0665925019684526,True
TSTD1,DCG,-0.7979895987577293,1.1210154009613662,-1.1512556368087499,-0.030240235847383667,-0.27694787773636054,-1.2656013179725836,True
ZBTB39,DIG,1.580132633778756,0.32192809488736235,2.279649514699428,2.60157760958679,2.3491080671495093,2.1653038335355945,True
EXOC7,DSG,-0.04383850626714179,1.0874628412503395,-0.0632455955915852,1.0242172456587544,0.7713872894286317,-0.1775912767554189,False
MIR7161,NEUTRAL,0.032750427124533715,0.13750352374993502,0.04724887879956019,0.1847524025494952,-0.06709680236427315,-0.06709680236427315,False
GYS2,DIG,-0.7792215937823747,0.632268215499513,-1.1241791291034262,-0.49191091360391326,-0.7541846606639093,-1.2385248102672608,True
MEF2C-AS2,NEUTRAL,-0.0004726566642757017,0.13750352374993502,-0.0006818994255936745,0.13682162432434133,-0.11502758058942676,-0.11502758058942693,False
ZNF227,DIG,-1.2860325045380478,0.53605290024021,-1.8553527167190549,-1.319299816478845,-1.5578882937148042,-1.9696983978828904,True
SEPSECS,NEUTRAL,-0.07275187604707323,0.13750352374993502,-0.1049587707884811,0.03254475296145391,-0.21930445195231496,-0.21930445195231513,False
MAML1,DIG,1.278597782471721,0.4854268271702419,1.8446266800635776,2.3300535072338193,2.052512861337825,1.730280998899742,True
PLAC8L1,NEUTRAL,-0.03494516646220852,0.13750352374993502,-0.05041521835806755,0.08708830539186746,-0.1647608995219017,-0.16476089952190207,False
HIGD1B,NEUTRAL,-0.01603192734578967,0.13750352374993502,-0.023129182077662916,0.1143743416722721,-0.1374748632414965,-0.13747486324149596,False
ZNF582,DIG,-1.6037031193828861,0.53605290024021,-2.313654537391851,-1.777601637151641,-2.0400886084918572,-2.4280002185556846,True
RPS18P13,DIG,1.5356799648625103,0.5849625007211562,2.2155178696996813,2.8004803704208374,2.553937038397782,2.1011721885358434,True
MYH7,DIG,-1.5488130370518627,0.4854268271702419,-2.2344648878188966,-1.7490380606486546,-2.0011674840090556,-2.348810568982732,True
NRBP2,DCG,-0.8738954747661161,1.3645724322958561,-1.2607646677003819,0.10380776459547425,-0.1470184459961199,-1.3751103488642156,True
ANKK1,NEUTRAL,0.032458319309072926,0.13750352374993502,0.04682745630279,0.18433098005272502,-0.06751822486104321,-0.06751822486104288,False
SLC5A10,NEUTRAL,-0.06592212598429527,0.13750352374993502,-0.09510552424240026,0.042397999507534756,-0.20945120540623433,-0.20945120540623433,False
LRRC8E,NEUTRAL,0.02022042954437263,0.13750352374993502,0.029171913428311075,0.1666754371782461,-0.08517376773552426,-0.0851737677355241,False
ALMS1P1,DIG,0.9883921463557627,0.4329594072761063,1.4259484480010574,1.8589078552771636,1.6181230883446842,1.3116027668372217,True
SEPTIN9,DSG,0.0018131331200963378,1.4059923596758368,0.00261579816083452,1.4086081578366714,1.1436214520322223,-0.11172988300299998,False
SEC63P1,NEUTRAL,-0.055083467344491814,0.13750352374993502,-0.0794686451728675,0.05803487857706752,-0.19381432633670118,-0.193814326336701,False
ARHGAP45,NEUTRAL,0.016183009450564417,0.13750352374993502,0.02334714748098851,0.16085067123092353,-0.09099853368284512,-0.09099853368284477,False
TENM3-AS1,NEUTRAL,0.007881349996245809,0.13750352374993502,0.011370384555094079,0.1488739083050291,-0.10297529660873858,-0.10297529660873876,False
CXCL8,DIG,0.7734690334694314,0.560714954474479,1.1158799388675285,1.6765948933420076,1.4197217507669184,1.001534257703695,True
RN7SKP203,DIG,0.9278749744658854,0.4329594072761063,1.3386406242269064,1.7716000315030127,1.5349976113778971,1.2242949430630707,True
SLC6A3,DSG,0.04726512399889719,1.4059923596758368,0.06818916000021091,1.4741815196760477,1.2144330660247862,-0.046156521163622975,False
ZNF664,NEUTRAL,-0.015600255157907576,0.13750352374993502,-0.022506410752915734,0.11499711299701929,-0.1368520919167505,-0.1368520919167505,False
PCDHA4,NEUTRAL,-0.061505079686890285,0.13750352374993502,-0.08873307345375714,0.04877045029617788,-0.20307875461759112,-0.20307875461759128,False
ARF3,DIG,1.6350606166262094,0.5109619192773794,2.358893843159483,2.8698557624368624,2.613379062243716,2.2445481619956467,True
FAM186B,DIG,-1.3726866952857604,0.5849625007211562,-1.9803682879830262,-1.3954057872618701,-1.6478788418094903,-2.09471396914686,True
SLC25A40,DIG,-1.7262839562698744,0.5109619192773794,-2.490501302876728,-1.9795393835993487,-2.215147642055457,-2.6048469840405635,True
CCNG1,DIG,1.6497844513972852,0.5109619192773794,2.3801358465665827,2.8910977658439623,2.6265828370713296,2.2657901654027484,True
RPS27P21,DIG,1.1659445490991633,0.4854268271702419,1.6821024189368816,2.1675292461071236,1.9305473477978405,1.567756737773047,True
GPR18,NEUTRAL,0.025852924883918247,0.13750352374993502,0.03729788652250374,0.17480141027243876,-0.07704779464133123,-0.07704779464133123,False
GTF2H4,DIG,1.407733973195313,0.53605290024021,2.030930822019795,2.566983722260005,2.2927178067153995,1.9165851408559602,True
LINC02768,DCG,-0.8864304436669479,1.2479275134435854,-1.2788488051713094,-0.030921291727723954,-0.2853263999042021,-1.393194486335137,True
MT1DP,NEUTRAL,0.018223628380110945,0.13750352374993502,0.026291138290989436,0.16379466204092447,-0.08805454287284435,-0.08805454287284419,False
VANGL2,DCG,-0.7898316146040713,1.1375035237499351,-1.1394861535266165,-0.0019826297766813994,-0.2643738164442328,-1.2538318346904522,True
SLURP1,DCG,-0.7569544293794014,1.2927817492278462,-1.0920544014445974,0.20072734778324874,-0.060957287959647416,-1.2064000826084307,True
PHIP,NEUTRAL,-0.06737165417806351,0.13750352374993502,-0.09719675137917844,0.04030677237075658,-0.21154243254301341,-0.2115424325430136,False
TSEN15,DCG,0.7963339960698922,-0.7369655941662062,1.1488671070213248,0.41190151285511856,0.16005230794134895,1.0345214258574897,True
ZGRF1,NEUTRAL,0.019761094060424752,0.13750352374993502,0.02850923240351514,0.16601275615345015,-0.08583644876031929,-0.08583644876031946,False
ABCA10,DSG,-0.04658145929946835,1.3074285251922473,-0.06720284032871408,1.2402256848635331,0.9806531052296461,-0.1815485214925476,False
HMGA2-AS1,DIG,1.1686634277391768,0.53605290024021,1.6860249316676077,2.222077831907818,1.9686939822000535,1.5716792505037716,True
ZNF765,DIG,-1.6641474756222314,0.560714954474479,-2.4008573103880804,-1.8401423559136014,-2.087936248880961,-2.515202991551915,True
TRIM27,DIG,-0.8197932121189223,0.4854268271702419,-1.1827116016784034,-0.6972847745081615,-0.9668668374794198,-1.2970572828422386,True
RHNO1,DIG,-0.5656535810122361,0.6780719051126378,-0.8160656161874366,-0.13799371107479874,-0.36838396936065115,-0.9304112973512731,True
ATP5PBP6,DIG,-1.585193370004659,0.35049724708413343,-2.2869506137557853,-1.936453366671652,-2.1797537155023754,-2.401296294919612,True
IGFBP7,NEUTRAL,-0.057980104265026325,0.13750352374993502,-0.08364760889337852,0.0538559148565565,-0.19799329005721178,-0.19799329005721159,False
HP1BP3,NEUTRAL,-0.02931255569338162,0.13750352374993502,-0.04228907873462322,0.0952144450153118,-0.15663475989845768,-0.15663475989845768,False
CXCL11,DIG,-1.0898369376775443,0.53605290024021,-1.5723023453650073,-1.0362494451247972,-1.295601826734596,-1.686648026528843,True
GLTPD2,NEUTRAL,0.029602746700217158,0.13750352374993502,0.04270773586109542,0.18021125961103043,-0.0716379453027391,-0.07163794530273877,False
PLCL2,NEUTRAL,0.04632858826802753,0.13750352374993502,0.06683802454566992,0.20434154829560494,-0.04750765661816469,-0.04750765661816469,False
SQOR,NEUTRAL,0.027653568754159866,0.13750352374993502,0.03989566650450843,0.17739919025444345,-0.07445001465932632,-0.07445001465932614,False
COX4I2,DSG,0.01422973653537957,-3.321928094887362,0.020529170332748606,-3.3013989245546136,-3.5532481294683835,-0.09381651083108668,False
PGBD4,NEUTRAL,0.0435096814484957,0.13750352374993502,0.06277120165640328,0.20027472540633828,-0.051574479507430174,-0.05157447950742984,False
DCTN6,NEUTRAL,-0.011917525720202778,0.13750352374993502,-0.01719335525620322,0.1203101684937318,-0.13153903642003587,-0.13153903642003587,False
TMEM59,NEUTRAL,0.016716302227181953,0.13750352374993502,0.02411652632515654,0.16162005007509156,-0.09022915483867629,-0.09022915483867612,False
BEST3,DSG,0.00838815515936277,1.446256229889564,0.012101549850619843,1.4583577797401839,1.2035211794870677,-0.10224413131321439,False
TGFBI,NEUTRAL,-0.008218868904731459,0.13750352374993502,-0.011857321410572582,0.12564620233936244,-0.12620300257440537,-0.126203002574405,False
RNF126,NEUTRAL,0.013175511215302868,0.13750352374993502,0.01900824469149437,0.1565117684414294,-0.09533743647233879,-0.09533743647233912,False
ESRRG,DCG,-0.7825248613366275,1.185866545311334,-1.1289447368226762,0.0569218084886578,-0.1903954132756847,-1.2432904179865107,True
KHDRBS1,NEUTRAL,0.010012732078252632,0.13750352374993502,0.014445318915044917,0.15194884266497993,-0.09990036224879013,-0.09990036224878997,False
KRT222,DIG,1.5013647351474044,0.4854268271702419,2.1660114579627323,2.6514382851329743,2.388041452875511,2.051665776798898,True
CYP2U1-AS1,NEUTRAL,0.020694107944047656,0.13750352374993502,0.029855286906498458,0.1673588106564335,-0.08449039425733602,-0.08449039425733619,False
GDF5,DCG,-0.8745325842663363,1.2172307162206693,-1.261683822416853,-0.0444531061961837,-0.2999796379502801,-1.3760295035806887,True
ZNF540,DSG,-0.06225657319736385,-0.7369655941662062,-0.08981724941457758,-0.8267828435807838,-1.0786320484945517,-0.20416293057841078,False
ERAP2,NEUTRAL,-0.026362701560785705,0.13750352374993502,-0.038033338806181274,0.09947018494375374,-0.15237901997001488,-0.1523790199700147,False
SDCCAG8,DCG,-0.8968351645945797,1.3785116232537298,-1.2938596444554373,0.08465197879829245,-0.17550774375844042,-1.408205325619271,True
MC5R,NEUTRAL,0.004862085203897879,0.13750352374993502,0.007014506212043074,0.1445180299619781,-0.1073311749517898,-0.10733117495179066,False
CDHR1,NEUTRAL,0.05630449935597096,0.13750352374993502,0.08123022200059514,0.21873374575053017,-0.033115459163238846,-0.03311545916323917,False
OR6B3,NEUTRAL,-0.08225397131232032,0.13750352374993502,-0.1186673965057076,0.018836127244227424,-0.23301307766953966,-0.23301307766953983,False
LINC02133,NEUTRAL,-0.00358934419351909,0.13750352374993502,-0.005178329068033587,0.13232519468190143,-0.11952401023186661,-0.11952401023186643,False
AGBL5,DIG,1.2500556989622058,0.4854268271702419,1.8034491577277612,2.288875984898003,2.04925540619425,1.6891034765639255,True
NCKAP5L,DIG,-1.4178737208469847,0.37851162325372983,-2.0455593856727274,-1.6670477624189977,-1.9184294337377876,-2.1599050668365614,True
MMP13,NEUTRAL,0.02896555596294282,0.13750352374993502,0.04178846394432935,0.17929198769426435,-0.07255721721950432,-0.07255721721950466,False
LMOD2,DIG,-0.585202346541796,0.5109619192773794,-0.8442685232724338,-0.3333066039950544,-0.5718486588743303,-0.9586142044362664,True
KLRD1,DIG,0.6626848664242062,0.6553518286125543,0.9560521704623675,1.6114039990749216,1.3502659038977884,0.8417064892985312,True
SNHG7,NEUTRAL,-0.021900749633188565,0.13750352374993502,-0.03159610288755193,0.10590742086238308,-0.14594178405138508,-0.1459417840513849,False
CCT2,DSG,-0.06848004630023846,1.4724877714627438,-0.09879582319720064,1.3736919482655432,1.1219298511338454,-0.21314150436103627,False
CCT6P3,DSG,-0.04981468052736324,-0.7369655941662062,-0.07186739256029497,-0.8088329867265012,-1.0606821916402709,-0.18621307372413004,False
NUP160,DIG,0.622905570197326,0.45943161863729726,0.8986627770657942,1.3580943957030915,1.1302593747521705,0.7843170959019579,True
MYPN,NEUTRAL,0.04142633640433896,0.13750352374993502,0.05976557009273775,0.19726909384267277,-0.05458011107109648,-0.05458011107109682,False
SGO2,NEUTRAL,-0.020483879905309615,0.13750352374993502,-0.029551991957555274,0.10795153179237975,-0.1438976731213899,-0.14389767312138954,False
RASA3,NEUTRAL,-0.08845764082950919,0.13750352374993502,-0.12761739975347,0.009886123996465018,-0.2419630809173027,-0.2419630809173027,False
AOX3P-AOX2P,NEUTRAL,0.010982066783701625,0.13750352374993502,0.015843773287557743,0.15334729703749275,-0.0985019078762763,-0.09850190787627595,False
DDX3P3,NEUTRAL,-0.06558945903809503,0.13750352374993502,-0.09462558728884951,0.04287793646108551,-0.20897126845268318,-0.20897126845268263,False
COMMD6,NEUTRAL,0.026325587250417015,0.13750352374993502,0.03797979417466635,0.17548331792460137,-0.07636588698916752,-0.076365886989167,False
VPS25,NEUTRAL,0.05594820936517198,0.13750352374993502,0.08071620419775108,0.2182197279476861,-0.03362947696608374,-0.03362947696608341,False
C11orf16,NEUTRAL,-0.061465672089364404,0.13750352374993502,-0.0886762203082332,0.048827303441701816,-0.20302190147206767,-0.20302190147206747,False
BPNT1,DCG,-0.9899527263499851,1.3504972470841334,-1.4281998890196326,-0.07770264193549914,-0.3372219960913403,-1.5425455701834674,True
KNOP1,DSG,-0.14657073798896303,1.4594316186372973,-0.21145687683611258,1.2479747418011846,0.9931822648787797,-0.3258025579999471,False
SFTPB,DIG,-1.2708611418922193,0.4329594072761063,-1.8334650670663901,-1.4005056597902839,-1.6348519132846793,-1.9478107482302232,True
SNORD86,DSG,0.07535976267969884,1.3074285251922473,0.10872115590057069,1.416149681092818,1.1523157662252062,-0.005624525263262534,False
BTBD9,DIG,0.8403264629228419,0.4329594072761063,1.2123348207865474,1.6452942280626537,1.3801198134440782,1.0979891396227128,True
KRT13,NEUTRAL,0.045184254404364105,0.13750352374993502,0.0651870997554414,0.20269062350537642,-0.04915858140839415,-0.049158581408393985,False
CLDN20,NEUTRAL,0.0306856338909706,0.13750352374993502,0.04427001184103759,0.18177353559097262,-0.07007566932279569,-0.07007566932279585,False
RPS4XP20,DSG,0.02709176868992692,1.3923174227787602,0.039085160337868456,1.4314025831166286,1.1856975735365252,-0.07526052082596436,False
ZNF2,NEUTRAL,0.02039443779848275,0.13750352374993502,0.029422954273589493,0.1669264780235245,-0.08492272689024358,-0.08492272689024358,False
TMEM51,NEUTRAL,-0.02533550139781148,0.13750352374993502,-0.036551402225058024,0.100952121524877,-0.1508970833888931,-0.1508970833888929,False
RBMXL1,NEUTRAL,-0.024075190484143864,0.13750352374993502,-0.034733157919931514,0.10277036583000351,-0.1490788390837657,-0.1490788390837655,False
LYAR,NEUTRAL,-0.0023181844550086684,0.13750352374993502,-0.0033444332171068906,0.13415909053282812,-0.11769011438094056,-0.11769011438094021,False
CNTNAP2,DIG,-1.0869502120115118,0.5109619192773794,-1.5681376805622154,-1.057175761284836,-1.307137315599817,-1.682483361726051,True
RCCD1-AS1,NEUTRAL,0.020827674432570425,0.13750352374993502,0.030047982617119207,0.16755150636705424,-0.08429769854671447,-0.08429769854671379,False
NCLN,NEUTRAL,-0.07405783739523213,0.13750352374993502,-0.10684287474906262,0.030660649000872398,-0.2211885559128969,-0.2211885559128967,False
AKR1A1,NEUTRAL,0.019835520146440428,0.13750352374993502,0.02861660654872273,0.16612013029865774,-0.08572907461511166,-0.08572907461511166,False
RUNX2,DIG,-1.4264484263109076,0.560714954474479,-2.0579300707226125,-1.4972151162481335,-1.7537779675872738,-2.172275751886447,True
MDN1,DIG,-0.6853910813930033,0.45943161863729726,-0.9888103141952098,-0.5293786955579125,-0.7588978849213822,-1.1031559953590455,True
RSL24D1P11,NEUTRAL,0.05882129817995356,0.13750352374993502,0.08486119518287001,0.22236471893280502,-0.029484485980962753,-0.029484485980962427,False
BTF3L4,NEUTRAL,0.007444883566595235,0.13750352374993502,0.010740696601522685,0.1482442203514577,-0.10360498456231108,-0.10360498456231125,False
SCARNA12,DSG,-0.028242336022560443,1.1538053360790355,-0.040745078122867685,1.1130602579561677,0.863000397955006,-0.15509075928670127,False
QKI,NEUTRAL,-0.015797541933566448,0.13750352374993502,-0.022791035405791762,0.11471248834414326,-0.13713671656962464,-0.13713671656962412,False
IVL,DCG,2.0794415416798357,-3.321928094887362,3.0,-0.3219280948873622,-0.5737772998011309,2.8856543188361665,True
ZNF436,NEUTRAL,-0.03851426028463433,0.13750352374993502,-0.055564332316148705,0.08193919143378631,-0.16991001347998247,-0.16991001347998194,False
DPY30,DIG,-0.8798709412483029,0.4329594072761063,-1.269385443561231,-0.8364260362851248,-1.0796827497441566,-1.3837311247250657,True
C17orf113,NEUTRAL,-0.03355161200765385,0.13750352374993502,-0.048404744257272814,0.0890987794926622,-0.16275042542110782,-0.16275042542110763,False
RPS3AP47,NEUTRAL,0.0026816114775412786,0.13750352374993502,0.0038687475802397287,0.14137227133017474,-0.11047693358359433,-0.11047693358359433,False
ATXN1L,NEUTRAL,-0.02188183217885372,0.13750352374993502,-0.031568810769996805,0.10593471297993821,-0.14591449193383194,-0.14591449193383157,False
PITPNM3,NEUTRAL,-0.00645577768695363,0.13750352374993502,-0.009313718454049625,0.1281898052958854,-0.1236593996178837,-0.1236593996178837,False
YRDC,NEUTRAL,-0.007736453325519115,0.13750352374993502,-0.011161342846795357,0.12634218090313967,-0.12550702401062896,-0.1255070240106286,False
AURKB,NEUTRAL,0.0042528060947091125,0.13750352374993502,0.006135502262699197,0.14363902601263423,-0.10821017890113566,-0.10821017890113582,False
NKD2,DSG,-0.14150391532684561,1.3785116232537298,-0.20414699690841195,1.1743646263453178,0.9273310191091443,-0.3184926780722465,False
PKIG,DCG,-0.8645724787351118,1.2172307162206693,-1.2473144275602246,-0.03008371133955534,-0.2793109100250475,-1.3616601087240578,True
KIF9-AS1,NEUTRAL,-0.02945335349173306,0.13750352374993502,-0.04249220702007292,0.0950113167298621,-0.15683788818390793,-0.15683788818390776,False
HSF5,DSG,-0.06661891313527853,1.3645724322958561,-0.09611077560967896,1.2684616566861773,1.0192829121512206,-0.21045645677351224,False
DNAJC11,NEUTRAL,0.02909158739689104,0.13750352374993502,0.04197028886908257,0.1794738126190176,-0.07237539229475153,-0.07237539229475136,False
LPAR5,DIG,1.2502220735884695,0.7224660244710913,1.8036891855760018,2.526155210047093,2.286812569352565,1.6893435044121663,True
UGT3A1,DSG,-0.06492870151530042,1.3074285251922473,-0.09367231568748363,1.2137562095047636,0.9645522513715955,-0.20801799685131622,False
KBTBD6,NEUTRAL,-0.06133417654709753,0.13750352374993502,-0.08848651234150577,0.04901701140842925,-0.20283219350533943,-0.20283219350533943,False
TMEM61,NEUTRAL,0.0065396249404491655,0.13750352374993502,0.009434684470859794,0.1469382082207948,-0.10491099669297292,-0.10491099669297343,False
LINC02872,NEUTRAL,-0.025060188139950115,0.13750352374993502,-0.03615420915325045,0.10134931459668457,-0.15049989031708344,-0.1504998903170838,False
AKR1B1P1,DCG,-0.7801603074445724,1.185866545311334,-1.1255334066486937,0.06033313866264023,-0.19436323262670446,-1.2398790878125208,True
TRIM80P,DSG,-0.06802834233416451,1.3923174227787602,-0.09814415212539587,1.2941732706533644,1.0382655872037243,-0.21248983328922819,False
BTG1,DIG,-0.6199296244074399,0.45943161863729726,-0.8943693948327713,-0.4349377761954741,-0.689876741327421,-1.0087150759966073,True
LINC00303,DCG,-0.8008659335322691,1.1210154009613662,-1.1554053107239148,-0.03438990976254863,-0.2974744318380885,-1.2697509918877434,True
PBLD,NEUTRAL,0.005000634339575309,0.13750352374993502,0.007214390363004356,0.14471791411293938,-0.10713129080082934,-0.10713129080082968,False
GADL1,NEUTRAL,0.004293565208336258,0.13750352374993502,0.006194305233800108,0.14369782898373512,-0.1081513759300328,-0.10815137593003298,False
SNORD9,NEUTRAL,-0.019205111819293165,0.13750352374993502,-0.027707119581412268,0.10979640416852275,-0.14205280074524515,-0.14205280074524532,False
SLC46A2,NEUTRAL,-0.07296155668211173,0.13750352374993502,-0.10526127600082161,0.03224224774911341,-0.2196069571646552,-0.219606957164655,False
PRKCB,DSG,0.0057374169525151505,1.185866545311334,0.008277342984905877,1.1941438882962399,0.9373992434712836,-0.10606833817892876,False
KHK,DIG,0.6632782577319377,0.4854268271702419,0.9569082531593384,1.4423350803295802,1.1859769184940194,0.8425625719955023,True
F11R,DCG,-0.8632580040022115,1.185866545311334,-1.2454180413816955,-0.05955149607036159,-0.3302095695023461,-1.3597637225455306,True
TOR1AIP1,DCG,-0.8944260038405417,1.2172307162206693,-1.2903839601828826,-0.07315324396221334,-0.3218946069336899,-1.4047296413467165,True
ALOX12,NEUTRAL,0.03256856525914757,0.13750352374993502,0.046986507588240786,0.18449003133817582,-0.0673591735755938,-0.06735917357559346,False
OPA3,DIG,1.6325875565834593,0.5849625007211562,2.355325971699987,2.940288472421143,2.684701173065976,2.2409802905361507,True
IPMK,NEUTRAL,-0.0021587224346391698,0.13750352374993502,-0.0031143781511096796,0.13438914559882534,-0.1174600593149444,-0.11746005931494422,False
MMAA,NEUTRAL,0.07820676771893527,0.13750352374993502,0.11282851595206299,0.250332039701998,-0.0015171652117711878,-0.0015171652117708671,False
TDG,NEUTRAL,0.016394985853761316,0.13750352374993502,0.023652964786666158,0.16115648853660117,-0.09069271637716801,-0.09069271637716818,False
HCG25,DIG,-0.7373395479493308,0.5109619192773794,-1.0637561092778096,-0.5527941900004302,-0.8288796589751009,-1.1781017904416442,True
RNF139,DCG,-0.9312282752160322,1.4059923596758368,-1.3434784145897525,0.06251394508608432,-0.18481455883775774,-1.4578240957535877,True
POLDIP3,NEUTRAL,0.04771450228480463,0.13750352374993502,0.06883747582477276,0.20634099957470778,-0.045508205339060956,-0.04550820533906063,False
TYRO3,NEUTRAL,-0.000779022620165322,0.13750352374993502,-0.0011238920708528367,0.13637963167908218,-0.11546957323468642,-0.1154695732346866,False
GUCA1B,DIG,1.5071235944462653,0.53605290024021,2.174319735714376,2.7103726359545863,2.4422388958121846,2.05997405455054,True
APOA5,NEUTRAL,-0.02581533213754122,0.13750352374993502,-0.0372436516537322,0.10025987209620282,-0.15158933281756554,-0.1515893328175659,False
TUBBP2,NEUTRAL,0.04440425576620273,0.13750352374993502,0.06406179958826584,0.20156532333820087,-0.05028388157556759,-0.050283881575567915,False
LINC01901,NEUTRAL,-0.02772162758735874,0.13750352374993502,-0.03999385464565314,0.09750966910428188,-0.15433953580948614,-0.1543395358094856,False
SNORD45B,NEUTRAL,-0.026781901053361083,0.13750352374993502,-0.03863811583526294,0.09886540791467208,-0.152983796999097,-0.15298379699909717,False
PBX1-AS1,DCG,-0.7750566849587905,1.2016338611696507,-1.1181704357978868,0.08346342537176388,-0.1747352361700451,-1.2325161169617136,True
GOLGA2P5,NEUTRAL,0.01192172187427367,0.13750352374993502,0.017199409026872104,0.15470293277680713,-0.09714627213696216,-0.09714627213696216,False
VIPR1,NEUTRAL,0.08593058331378581,0.13750352374993502,0.1239716264074947,0.2614751501574297,0.00962594524366086,0.009625945243661178,False
THEM7P,DIG,0.7087105531947416,0.405992359675837,1.0224532005197278,1.4284455601955648,1.175127557813994,0.9081075193558917,True
SHISA2,NEUTRAL,-0.02253074395951514,0.13750352374993502,-0.03250499257793146,0.10499853117200356,-0.14685067374176666,-0.1468506737417665,False
TAS2R3,DIG,1.1901534308718356,0.560714954474479,1.717028452615783,2.277743407090262,2.028757684170862,1.6026827714519465,True
RNF170,DCG,-0.8387780563799674,1.1210154009613662,-1.2101009423458624,-0.0890855413844962,-0.3426973167070903,-1.3244466235096959,True
PAFAH1B2,NEUTRAL,0.010289836912159171,0.13750352374993502,0.014845096684728241,0.15234862043466327,-0.09950058447910545,-0.09950058447910527,False
LEFTY2,DCG,-0.9922357099145972,1.4594316186372973,-1.4314935380867295,0.02793808055056779,-0.2338040178806301,-1.5458392192505637,True
RNASEL,DCG,-1.01716752452339,1.1699250014423124,-1.4674625433831978,-0.29753754194088544,-0.554877745981085,-1.5818082245470335,True
ACACA,NEUTRAL,0.0017077252934177378,0.13750352374993502,0.0024637268120144204,0.13996725056194945,-0.11188195435181943,-0.11188195435181943,False
TMTC4,NEUTRAL,0.02510050888029753,0.13750352374993502,0.03621237968539463,0.17371590343532967,-0.07813330147843829,-0.07813330147843846,False
PABPC1,DCG,-0.846415439113504,1.1538053360790355,-1.2211193565409066,-0.06731402046187118,-0.3162705749526389,-1.3354650377047401,True
CIRBP,NEUTRAL,0.08700413003714075,0.13750352374993502,0.12552042694144147,0.2630239506913765,0.01117474577760692,0.01117474577760692,False
RAB35,NEUTRAL,0.02209689672475133,0.13750352374993502,0.03187908332383432,0.16938260707376934,-0.08246659784000072,-0.08246659784000072,False
ULK3,NEUTRAL,0.011485152948969634,0.13750352374993502,0.016569573203329746,0.15407309695326477,-0.09777610796050396,-0.09777610796050465,False
CTSA,DCG,-0.9717530139197669,1.3219280948873624,-1.4019432541509516,-0.08001515926358915,-0.3284727871548995,-1.5162889353147855,True
ELP6,NEUTRAL,-0.03483776194510716,0.13750352374993502,-0.050260266393876346,0.08724325735605867,-0.16460594755771035,-0.16460594755771035,False
FBXL16,DSG,-0.10909091124526663,1.5235619560570128,-0.15738491665960422,1.3661770393974086,1.10985710387291,-0.2717305978234385,False
RNF44,DIG,-1.4659475839169516,0.4854268271702419,-2.1149153095201436,-1.6294884823499016,-1.895447828969581,-2.2292609906839793,True
CCNYL6,DIG,-0.5872602966007715,0.5109619192773794,-0.8472375176169149,-0.33627559833953546,-0.5773549512899305,-0.9615831987807473,True
ZNF695,DCG,2.0794415416798357,-3.321928094887362,3.0,-0.3219280948873622,-0.5737772998011312,2.8856543188361665,True
VWA3B,NEUTRAL,-0.01367715111564246,0.13750352374993502,-0.01973195808802633,0.11777156566190869,-0.13407763925185953,-0.13407763925186006,False
S100A5,DCG,-0.7402007558771645,1.1699250014423124,-1.0678839597662475,0.10204104167606487,-0.14876168963228575,-1.1822296409300785,True
PISD,NEUTRAL,-0.005924429153987242,0.13750352374993502,-0.008547144560555392,0.12895637918937963,-0.12289282572438968,-0.12289282572438968,False
CNDP1,NEUTRAL,0.005239290511264567,0.13750352374993502,0.007558698438377993,0.14506222218831302,-0.10678698272545599,-0.10678698272545599,False
RPLP1P6,NEUTRAL,0.04954790783140557,0.13750352374993502,0.07148252091479225,0.20898604466472726,-0.04286316024904172,-0.042863160249042055,False
SNHG6,DCG,-0.9082061831825663,1.3362833878644325,-1.310264556582182,0.026018831282250465,-0.2341955160366999,-1.4246102377460155,True
HNRNPCP8,NEUTRAL,-0.044778827767813785,0.13750352374993502,-0.06460219275744596,0.07290133099248906,-0.17894787392127892,-0.17894787392127856,False
RFPL3S,NEUTRAL,0.018546242146783274,0.13750352374993502,0.02675657157229011,0.16426009532222513,-0.08758910959154398,-0.08758910959154431,False
MRPL57,NEUTRAL,0.003725478265916331,0.13750352374993502,0.005374729019177106,0.14287825276911212,-0.10897095214465581,-0.10897095214465581,False
KRT8P49,NEUTRAL,-0.030457287884567627,0.13750352374993502,-0.043940578189993224,0.0935629455599418,-0.15828625935382745,-0.15828625935382762,False
STK38,DIG,-1.5300532697126883,0.45943161863729726,-2.207400264510439,-1.7479686458731418,-2.02673710617857,-2.321745945674274,True
RGS17,DIG,1.1077025459617476,0.4854268271702419,1.5980769698390924,2.0835037970093344,1.854047283302422,1.4837312886752563,True
CCDC27,NEUTRAL,-0.06312011637736681,0.13750352374993502,-0.09106307887796133,0.046440444871973685,-0.20540876004179373,-0.2054087600417941,False
CASP12,NEUTRAL,-0.10143774849691883,0.13750352374993502,-0.1463437367154467,-0.008840212965511685,-0.26068941787928007,-0.26068941787927985,False
CD47,DIG,1.1807043385748224,0.560714954474479,1.7033962940179799,2.264111248492459,1.9818163458589713,1.589050612854144,True
FAM174C,NEUTRAL,0.034603277783897886,0.13750352374993502,0.049921977257332724,0.18742550100726774,-0.06442370390650096,-0.06442370390650129,False
SPINT2,DSG,-0.02832169001716567,1.2630344058337937,-0.04085956173735938,1.2221748440964344,0.9749529250645296,-0.15520524290119286,False
TOE1,NEUTRAL,0.007205301921504009,0.13750352374993502,0.010395053350261554,0.14789857710019658,-0.10395062781357263,-0.10395062781357316,False
INPPL1,DIG,-1.3041615353287574,0.53605290024021,-1.881507379536935,-1.3454544792967251,-1.5842254838297636,-1.995853060700771,True
TNNI3K,NEUTRAL,-0.055068418334441434,0.13750352374993502,-0.07944693404069753,0.058056589709237494,-0.19379261520453173,-0.19379261520453098,False
GZMH,NEUTRAL,0.012778071405772943,0.13750352374993502,0.01843486024923369,0.1559383839991687,-0.09591082091460022,-0.09591082091460004,False
S100A9,DCG,-0.9903322542753603,1.4059923596758368,-1.4287474320754503,-0.022755072399613496,-0.2780541397490103,-1.5430931132392847,True
SHISA6,NEUTRAL,-0.06074197946657957,0.13750352374993502,-0.08763215255021359,0.04987137119972143,-0.201977833714046,-0.20197783371404676,False
TTC33,DSG,-0.15386136127268102,1.4059923596758368,-0.2219750228925221,1.1840173367833147,0.9365828083054014,-0.3363207040563557,False
SLC4A9,NEUTRAL,0.041619980407064,0.13750352374993502,0.06004493933516706,0.19754846308510207,-0.05430074182866702,-0.05430074182866685,False
SP5,NEUTRAL,-0.0013967149321317846,0.13750352374993502,-0.0020150337061220908,0.13548849004381291,-0.11636071486995476,-0.11636071486995493,False
ZEB2-AS1,NEUTRAL,-0.001782620090804881,0.13750352374993502,-0.0025717771647932354,0.1349317465851418,-0.11691745832862843,-0.11691745832862878,False
MKLN1-AS,DIG,1.465032899684746,0.4854268271702419,2.113595699114361,2.599022526284603,2.366707485947674,1.999250017950525,True
MAL2,DCG,0.9514648759200343,-0.7369655941662062,1.3726736580698664,0.6357080639036602,0.38385885898989125,1.2583279769060323,True
LINC01134,NEUTRAL,-0.08982839858551195,0.13750352374993502,-0.12959498517031526,0.007908538579619762,-0.24394066633414907,-0.24394066633414946,False
ZNF667-AS1,DIG,-0.7262143080672023,0.45943161863729726,-1.0477057808711627,-0.5882741622338654,-0.8375289386001148,-1.1620514620349987,True
CD34,DCG,-0.8347801621263738,1.3923174227787602,-1.2043332001322045,0.1879842226465558,-0.07176429088751565,-1.3186788812960377,True
MTIF3,NEUTRAL,0.023923377706362613,0.13750352374993502,0.034514138378282926,0.17201766212821795,-0.07983154278555199,-0.07983154278555166,False
ZMYM2,NEUTRAL,-0.0623492708882474,0.13750352374993502,-0.08995098391351714,0.047552539836417884,-0.20429666507735256,-0.2042966650773522,False
IMPG1,DIG,-1.7168416606186192,0.45943161863729726,-2.476878949766055,-2.0174473311287575,-2.2804300843435716,-2.5912246309298874,True
ZDHHC18,NEUTRAL,0.01744534694768616,0.13750352374993502,0.025168315528014237,0.16267183927794926,-0.08917736563581842,-0.08917736563581825,False
ITGA5,NEUTRAL,0.025181359713717464,0.13750352374993502,0.03632902278182131,0.17383254653175634,-0.07801665838201116,-0.07801665838201151,False
RPL35AP13,NEUTRAL,0.03988234311139598,0.13750352374993502,0.0575380586258431,0.19504158237577812,-0.05680762253799092,-0.056807622537990585,False
RRP8,NEUTRAL,0.012720567441907549,0.13750352374993502,0.018351899565733628,0.15585542331566865,-0.09599378159809902,-0.09599378159809868,False
TBX2-AS1,DSG,0.059634313562030944,-0.7369655941662062,0.0860341284427595,-0.6509314657234467,-0.9027806706372169,-0.028311552721076064,False
SLC8A1,DIG,-0.7533536859882474,0.4854268271702419,-1.0868596268106658,-0.601432799640424,-0.8276846047533455,-1.2012053079745018,True
CD8A,DIG,-0.7225586886047847,0.5849625007211562,-1.0424318368013556,-0.45746933608019946,-0.7072188773573621,-1.1567775179651913,True
PCSK7,NEUTRAL,-0.012768545068509163,0.13750352374993502,-0.0184211166497054,0.11908240710022962,-0.1327667978135388,-0.1327667978135388,False
CR1,DCG,-0.8869216445769943,1.1210154009613662,-1.2795574582883136,-0.15854205732694737,-0.41500766551589585,-1.393903139452147,True
PMCH,NEUTRAL,0.03243598231240301,0.13750352374993502,0.04679523082846595,0.18429875457840098,-0.06755045033536733,-0.067550450335367,False
TMCO6,NEUTRAL,-0.03904057793348413,0.13750352374993502,-0.05632364817807665,0.08117987557185838,-0.1706693293419108,-0.17066932934191065,False
AKAP8L,DIG,-1.3549113681753302,0.5109619192773794,-1.9547239117106294,-1.44376199243325,-1.66349946427711,-2.0690695928744636,True
REEP5,NEUTRAL,-0.03759866880988708,0.13750352374993502,-0.05424341303605064,0.08326011071388438,-0.16858909419988366,-0.1685890941998835,False
TBC1D2,NEUTRAL,-0.008665096114420874,0.13750352374993502,-0.012501091193101221,0.1250024325568338,-0.12684677235693356,-0.12684677235693392,False
MCC,NEUTRAL,0.00847067989857938,0.13750352374993502,0.012220607882638299,0.1497241316325733,-0.10212507328119573,-0.10212507328119608,False
MOGAT1,NEUTRAL,0.03757222567285284,0.13750352374993502,0.054205263653385787,0.1917087874033208,-0.06014041751044827,-0.06014041751044877,False
TRAFD1,NEUTRAL,0.010329199043197441,0.13750352374993502,0.014901884235975974,0.15240540798591098,-0.0994437969278594,-0.09944379692785907,False
EPPIN-WFDC6,DCG,-1.004616306944498,1.3923174227787602,-1.4493549640250118,-0.0570375412462516,-0.31263168561509436,-1.5637006451888422,True
AOX2P,NEUTRAL,0.05730913302295466,0.13750352374993502,0.08267960200986262,0.22018312575979765,-0.03166607915397174,-0.03166607915397108,False
HMGN2P46,NEUTRAL,0.01736095167813909,0.13750352374993502,0.025046558891164195,0.16255008264109921,-0.08929912227266959,-0.08929912227266959,False
SNORD110,DSG,-0.13033344531729057,1.2927817492278462,-0.18803141522122802,1.104750334006618,0.8385210356918478,-0.30237709638506144,False
HTRA2,DIG,1.2025513127220928,0.560714954474479,1.7349148152786764,2.2956297697531554,2.0673767746093135,1.6205691341148414,True
MROCKI,DIG,1.1447617827777692,0.35049724708413343,1.6515421470126963,2.0020393940968297,1.7630951703362108,1.5371964658488617,True
ANO10,NEUTRAL,0.02756249628192536,0.13750352374993502,0.03976427670045421,0.17726780045038923,-0.07458140446337991,-0.07458140446337956,False
LINC01226,NEUTRAL,-0.03462450381036332,0.13750352374993502,-0.049952599940452175,0.08755092380948284,-0.16429828110428568,-0.16429828110428568,False
SRD5A3,NEUTRAL,0.021327957491677516,0.13750352374993502,0.03076973850553377,0.1682732622554688,-0.08357594265829896,-0.08357594265829896,False
MEGF6,NEUTRAL,-0.019485677018827675,0.13750352374993502,-0.028111889603426726,0.1093916341465083,-0.14245757076726154,-0.14245757076726173,False
RAC3,DSG,-0.03647729604094334,1.4724877714627438,-0.05262561410330757,1.4198621573594363,1.1604838800250488,-0.1669712952671414,False
STAU2,DCG,-0.8055631421199877,1.0874628412503395,-1.1621819502594375,-0.07471910900909795,-0.32314094655924563,-1.276527631423273,True
SDHAF2,DIG,1.105381026001465,0.4854268271702419,1.5947277245050677,2.0801545516753097,1.8283815888331614,1.4803820433412336,True
SLC3A2,DIG,-0.8147936383277143,0.5109619192773794,-1.1754987413632692,-0.6645368220858897,-0.9085146760210793,-1.289844422527104,True
NHP2,DIG,0.6693237850610415,0.5109619192773794,0.965630105456595,1.4765920247339746,1.218922404679907,0.8512844242927607,True
EMP1,DIG,0.6479967351569064,0.608809242675524,0.9348616763231079,1.543670918998632,1.2903695755068396,0.8205159951592732,True
KRBOX1,NEUTRAL,0.041070906495390504,0.13750352374993502,0.0592527931257142,0.1967563168756492,-0.055092888038120326,-0.05509288803811999,False
ABCF2,DIG,1.2837586047511922,0.560714954474479,1.85207217277308,2.412787127247559,2.1729977956406987,1.7377264916092443,True
HSBP1P2,NEUTRAL,-0.053536164684763105,0.13750352374993502,-0.07723635929892259,0.060267164451012434,-0.1915820404627566,-0.19158204046275568,False
ZCCHC10,NEUTRAL,-0.028091191773543533,0.13750352374993502,-0.0405270230643521,0.09697650068558292,-0.15487270422818503,-0.15487270422818414,False
WDR17,NEUTRAL,0.027189925089662757,0.13750352374993502,0.039226770088998865,0.17673029383893388,-0.07511891107483393,-0.07511891107483426,False
MRPL21,DSG,-0.11512796597936273,1.2779847472997656,-0.1660945455860599,1.1118902017137058,0.860345390681546,-0.280440226749895,False
ATP6V0A1,NEUTRAL,0.06864719855399054,0.13750352374993502,0.09903697292476218,0.2365404966746972,-0.015308708239070407,-0.01530870823907057,False
SEPTIN4,DSG,-0.013778026740115353,1.2779847472997656,-0.019877490851199952,1.2581072564485656,1.00054009871292,-0.134223172015036,False
SSPOP,DIG,-1.0324060108024902,0.4854268271702419,-1.48944703196871,-1.004020204798468,-1.2426303108157166,-1.603792713132544,True
BATF3,DCG,-0.8727022851219649,1.3074285251922473,-1.259043258917925,0.04838526627432227,-0.20272907325070835,-1.3733889400817603,True
DPP9-AS1,NEUTRAL,0.03615922888521199,0.13750352374993502,0.0521667401950643,0.1896702639449993,-0.062178940968769,-0.0621789409687685,False
SLCO1A2,DIG,1.0071295960914513,0.6780719051126378,1.4529808738136416,2.1310527789262794,1.8726691986577664,1.3386351926498048,True
USP45,DIG,-1.6742057095576772,0.405992359675837,-2.415368274606849,-2.009375914931012,-2.245794157761131,-2.5297139557706836,True
CRACD,NEUTRAL,-0.021078723320461682,0.13750352374993502,-0.030410169602700612,0.1070933541472344,-0.14475585076653522,-0.14475585076653522,False
ZNF280D,NEUTRAL,0.04416762833650879,0.13750352374993502,0.06372041836890809,0.2012239421188431,-0.05062526279492755,-0.050625262794927385,False
SNAP23,NEUTRAL,0.03209473708444172,0.13750352374993502,0.046302918030359186,0.1838064417802942,-0.06804276313347385,-0.06804276313347385,False
IFT172,DIG,1.1858281864903029,0.53605290024021,1.710788443995913,2.246841344236123,1.9995712719301209,1.5964427628320783,True
RN7SL336P,DIG,1.6001653108658929,0.4329594072761063,2.3085505585887702,2.7415099658648767,2.504373843401567,2.194204877424932,True
WNT16,DIG,-1.5530165865234966,0.4854268271702419,-2.2405293277957545,-1.7551025006255125,-1.9914987777782338,-2.35487500895958,True
PHC1,DIG,-1.0220659242549603,0.53605290024021,-1.4745294403842264,-0.9384765401440164,-1.1852295563427473,-1.5888751215480612,True
H2AZ2P1,DIG,-1.1425593403145882,0.37851162325372983,-1.648364694193222,-1.2698530709394922,-1.5343389069883702,-1.762710375357055,True
RAC1P2,NEUTRAL,-0.05067219613263874,0.13750352374993502,-0.07310452607151083,0.06439899767842419,-0.18745020723534583,-0.18745020723534583,False
MKS1,DSG,0.05915452841027673,1.2479275134435854,0.08534194478363154,1.3332694582272169,1.0797482361113744,-0.029003736380202726,False
ATP9A,DCG,-0.7050298060702171,1.2779847472997656,-1.0171430048964099,0.2608417424033558,0.007931454858473326,-1.131488686060243,True
ERLNC1,DCG,-0.8961872941153664,1.232660756790275,-1.292924964927938,-0.06026420813766298,-0.3040913980611894,-1.4072706460917717,True
BRMS1L,DIG,0.7040782040302196,0.4329594072761063,1.0157701333524056,1.448729540628512,1.2070540490966883,0.9014244521885705,True
STK11,NEUTRAL,0.036646633748072886,0.13750352374993502,0.05286991677361888,0.1903734405235539,-0.06147576439021429,-0.06147576439021412,False
TAF1A-AS1,DCG,-1.1182350444347096,1.4195388915137848,-1.6132721531542051,-0.19373326164042037,-0.4528930454357798,-1.7276178343180402,True
GOPC,DIG,-1.106857196305381,0.4854268271702419,-1.5968573880820351,-1.1114305609117934,-1.366858763424106,-1.711203069245869,True
ARL4AP4,NEUTRAL,0.06500712931715799,0.13750352374993502,0.09378546308829137,0.2312889868382264,-0.020560218075541946,-0.02056021807554211,False
GPR62,NEUTRAL,0.01961053176246023,0.13750352374993502,0.02829201692289688,0.1657955406728319,-0.08605366424093765,-0.08605366424093748,False
RGS9,DSG,0.059585610577511515,1.0531113364595626,0.08596386488851683,1.1390752013480794,0.8922844790810074,-0.02838181627531684,False
NEGR1,NEUTRAL,-0.015127975978968883,0.13750352374993502,-0.02182505592354577,0.11567846782638924,-0.13617073708737917,-0.13617073708737917,False
SPEN,NEUTRAL,-0.0041981429728946305,0.13750352374993502,-0.006056640047937933,0.13144688370199709,-0.12040232121177144,-0.1204023212117716,False
RUNX3,NEUTRAL,-0.030049264024235207,0.13750352374993502,-0.04335192419012727,0.09415159955980776,-0.1576976053539613,-0.157697605353962,False
KPNA2P1,NEUTRAL,0.02513523136750295,0.13750352374993502,0.036262473645493225,0.17376599739542825,-0.07808320751834104,-0.07808320751834087,False
MAP3K19,NEUTRAL,0.004715978409808395,0.13750352374993502,0.006803718664769991,0.14430724241470502,-0.10754196249906411,-0.10754196249906359,False
STRA8,DIG,-1.4973421549928014,0.5109619192773794,-2.1602081015221084,-1.6492461822447289,-1.8864216409803216,-2.2745537826859397,True
GRIN2A,DCG,-0.9077654798195328,1.3219280948873624,-1.3096287560258304,0.012299338861532005,-0.24466799870085823,-1.4239744371896652,True
GPR87,DSG,0.02264305703144308,1.3923174227787602,0.0326670260898289,1.4249844488685892,1.1756632826759803,-0.08167865507400564,False
GBP6,NEUTRAL,0.045756160132553424,0.13750352374993502,0.06601218531335612,0.20351570906329114,-0.04833349585047802,-0.04833349585047802,False
VCP,DIG,-1.7265630519092476,0.35049724708413343,-2.4909039527715855,-2.140406705687452,-2.388177212496326,-2.6052496339354194,True
GPD1,DIG,-0.5703899432430597,0.4854268271702419,-0.8228987424896995,-0.33747191531945764,-0.598940289218892,-0.9372444236535339,True
AADACL4,NEUTRAL,-0.061411434184771525,0.13750352374993502,-0.08859797155224884,0.04890555219768618,-0.20294365271608122,-0.20294365271608067,False
SNX9,NEUTRAL,0.023951112111298075,0.13750352374993502,0.034554150666745324,0.17205767441668035,-0.07979153049708865,-0.07979153049708831,False
GNG3,DIG,1.6511770697932273,0.4329594072761063,2.382144970220259,2.8151043774963656,2.553030521016663,2.2677992890564243,True
CLNK,NEUTRAL,-0.011542438287371198,0.13750352374993502,-0.016652218476957328,0.12085130527297769,-0.13099789964079134,-0.13099789964079098,False
DOCK2,DIG,0.6408862032844328,0.405992359675837,0.9246033472526073,1.3305957069284444,1.0682514114019426,0.8102576660887726,True
CBR4,NEUTRAL,0.014956684212642665,0.13750352374993502,0.021577934141721825,0.15908145789165684,-0.09276774702211334,-0.09276774702211282,False
CX3CL1,NEUTRAL,-0.044134647519621185,0.13750352374993502,-0.06367283710793988,0.07383068664199514,-0.1780185182717745,-0.17801851827177415,False
KCNS1,DCG,-0.9906732781404222,1.3785116232537298,-1.4292394255143999,-0.050727802260670085,-0.3002752338803505,-1.5435851066782342,True
GMDS,DIG,1.6303673720873293,0.5109619192773794,2.3521229225375615,2.863084841814941,2.6142869484934614,2.2377772413737262,True
OSBPL10,NEUTRAL,-0.01533857804950217,0.13750352374993502,-0.02212889048630509,0.11537463326362993,-0.13647457165013815,-0.13647457165013796,False
CLDN18,DIG,-1.6911130422489802,0.632268215499513,-2.4397603996352517,-1.8074921841357388,-2.054181895325689,-2.5541060807990856,True
MTCYBP18,NEUTRAL,0.0032362930933978033,0.13750352374993502,0.004668983996708214,0.14217250774664322,-0.10967669716712598,-0.10967669716712546,False
SBK2,DIG,-0.8092614556086889,0.5109619192773794,-1.1675174887892394,-0.65655556951186,-0.8993258498139864,-1.28186316995307,True
AGBL3,DIG,-0.8669951440954591,0.4854268271702419,-1.2508095948613311,-0.7653827676910893,-1.011427376738402,-1.3651552760251655,True
MIR143,NEUTRAL,0.013071769824710047,0.13750352374993502,0.01885857750175118,0.1563621012516862,-0.09548710366208288,-0.09548710366208253,False
SLC22A17,DIG,0.6220134959440062,0.405992359675837,0.8973757859644251,1.3033681456402622,1.050074512449483,0.7830301048005912,True
PCDHGC4,NEUTRAL,-0.04020990300547922,0.13750352374993502,-0.0580106276606311,0.07949289608930392,-0.17235630882446473,-0.17235630882446545,False
TM4SF1,DSG,-0.044651593475077606,1.3645724322958561,-0.06441863247428446,1.3001537998215718,1.0474899670688929,-0.17876431363811848,False
NME2,DSG,-0.0827409717627724,1.2927817492278462,-0.1193699896404855,1.1734117595873608,0.9287993971425061,-0.2337156708043203,False
EGILA,NEUTRAL,-0.024692115946171315,0.13750352374993502,-0.03562319322459665,0.10188033052533838,-0.14996887438843085,-0.1499688743884312,False
ACVRL1,DIG,1.0139225121553674,0.5109619192773794,1.4627809801322282,1.9737428994096078,1.7273634720070818,1.3484352989683939,True
TBC1D32,DIG,0.9341921146347831,0.45943161863729726,1.3477543310211757,1.807185949658473,1.5719813626716226,1.2334086498573404,True
TMEM177,NEUTRAL,0.08199898591435481,0.13750352374993502,0.11829953033656365,0.25580305408649867,0.003953849172730028,0.003953849172729708,False
PRRG4,DIG,-0.7791255238266125,0.53605290024021,-1.1240405294546698,-0.5879876292144598,-0.8397837002621037,-1.2383862106185055,True
GALNT14,DIG,-0.6402825155536422,0.37851162325372983,-0.9237324099571502,-0.5452207867034204,-0.7869365087951569,-1.0380780911209835,True
CTCF,NEUTRAL,0.0032585831845707257,0.13750352374993502,0.004701141800704352,0.14220466555063938,-0.10964453936312825,-0.10964453936312843,False
TADA2B,NEUTRAL,0.003620297346172496,0.13750352374993502,0.005222985027866535,0.14272650877780155,-0.1091226961359678,-0.10912269613596762,False
SELENOS,NEUTRAL,0.000213545647300857,0.13750352374993502,0.0003080812463643701,0.13781160499629938,-0.11403759991747063,-0.11403759991747063,False
C4BPA,DCG,-0.9205857138413552,1.232660756790275,-1.3281244440721496,-0.0954636872818746,-0.3488061237502896,-1.4424701252359837,True
NT5C3B,NEUTRAL,-0.008402115410245254,0.13750352374993502,-0.012121690235337566,0.12538183351459745,-0.1264673713991708,-0.12646737139917097,False
ROS1,DIG,1.0376360239437161,0.405992359675837,1.496992345991341,1.902984705667178,1.6440068443894584,1.3826466648275046,True
STK33,NEUTRAL,0.0057551770207548624,0.13750352374993502,0.00830296534728116,0.1458064890972162,-0.10604271581655453,-0.10604271581655385,False
PRDM10,NEUTRAL,-0.0180403701139451,0.13750352374993502,-0.02602675249919006,0.11147677125074495,-0.14037243366302474,-0.1403724336630251,False
LAMB2P1,NEUTRAL,-0.004573174737564317,0.13750352374993502,-0.006597696515002727,0.1309058272349323,-0.12094337767883558,-0.12094337767883523,False
RN7SL558P,NEUTRAL,-0.010722099198215497,0.13750352374993502,-0.015468719341185029,0.12203480440874999,-0.12981440050501786,-0.12981440050501786,False
CD3G,NEUTRAL,0.006292061779210152,0.13750352374993502,0.009077526325833474,0.1465810500757685,-0.10526815483800098,-0.10526815483800132,False
YBX1P4,DIG,0.8812957847543025,0.45943161863729726,1.2714410582213795,1.7308726768586769,1.4895151510526803,1.1570953770575416,True
SEMA4F,DIG,-1.3161622842441765,0.405992359675837,-1.8988208004841636,-1.4928284408083266,-1.7314332969110624,-2.013166481647999,True
ARFGEF1,DCG,-0.8162399977562584,1.0531113364595626,-1.1775853969381727,-0.1244740604786101,-0.3783205032346091,-1.2919310781020064,True
YBX2,NEUTRAL,-0.0336147788447937,0.13750352374993502,-0.04849587473996311,0.0890076490099719,-0.16284155590379593,-0.1628415559037961,False
PPP2CA,NEUTRAL,-0.014934837905770973,0.13750352374993502,-0.021546416583136295,0.11595710716679872,-0.13589209774697097,-0.13589209774697078,False
TLCD4-RWDD3,NEUTRAL,0.06748193939218564,0.13750352374993502,0.09735585931067581,0.23485938306061083,-0.016989821853156915,-0.0169898218531574,False
VEZF1P1,DSG,0.13189338465317038,1.4594316186372973,0.19028193196518944,1.6497135506024867,1.397546448311024,0.0759362508013534,False
DNMT3A,DIG,0.7946365515248115,0.5109619192773794,1.1464182121939528,1.6573801314713323,1.4134058324970884,1.032072531030119,True
SYNGR2,DSG,-0.019378535140796207,1.0874628412503395,-0.027957316547319196,1.0595055247030203,0.8093825414036477,-0.14230299771115223,False
MYL4,NEUTRAL,0.026169561739659786,0.13750352374993502,0.03775469694404473,0.17525822069397975,-0.07659098421978831,-0.0765909842197873,False
NEFM,NEUTRAL,-0.0546145073728699,0.13750352374993502,-0.07879207894743313,0.058711444802501886,-0.19313776011126688,-0.19313776011126704,False
TSPAN33,DIG,1.5005208647742778,0.608809242675524,2.1647940103602696,2.7736032530357937,2.5216245989582866,2.0504483291964326,True
LOXL1-AS1,NEUTRAL,-0.005486466276095536,0.13750352374993502,-0.007915297688527568,0.12958822606140746,-0.12226097885236288,-0.12226097885236235,False
CES1P2,NEUTRAL,-0.013839223212181994,0.13750352374993502,-0.019965778697970393,0.11753774505196463,-0.13431145986180457,-0.1343114598618044,False
NDUFAF7,DIG,1.2885614412572717,0.560714954474479,1.8590012011826014,2.4197161556570803,2.1783108918255127,1.7446555200187663,True
SERPINH1P1,DIG,0.7035209696399092,0.405992359675837,1.014966214060892,1.420958573736729,1.160697310767449,0.900620532897057,True
COL24A1,NEUTRAL,0.018968078139237884,0.13750352374993502,0.027365152266672854,0.16486867601660787,-0.0869805288971601,-0.08698052889716061,False
CD163,DIG,1.0047386449368991,0.6553518286125543,1.4495314604399614,2.1048832890525158,1.8713243914353823,1.335185779276127,True
SMPD2,DIG,-0.6186330105854717,0.4329594072761063,-0.8924987765018697,-0.4595393692257634,-0.7124821928109641,-1.0068444576657039,True
AK3P5,DIG,1.5749106818577,0.608809242675524,2.2721158305591596,2.8809250732346836,2.6259014721623837,2.1577701493953216,True
TRANK1,NEUTRAL,-0.021298673349199087,0.13750352374993502,-0.030727490418403454,0.10677603333153157,-0.14507317158223665,-0.1450731715822361,False
PHOX2A,DIG,1.3510572724036312,0.4854268271702419,1.949163626853688,2.43459045402393,2.209170259914087,1.8348179456898521,True
TMSB4XP6,DCG,-0.9646327146859929,1.2779847472997656,-1.3916708337567403,-0.11368608645697464,-0.3737849956446466,-1.506016514920574,True
LRRC37A7P,NEUTRAL,-0.025987564913555864,0.13750352374993502,-0.03749213102556707,0.10001139272436796,-0.15183781218940082,-0.15183781218940082,False
ADCY7,NEUTRAL,-0.011942463853762998,0.13750352374993502,-0.017229333377819577,0.12027419037211544,-0.1315750145416544,-0.13157501454165457,False
SUSD6,NEUTRAL,0.0014352007666133392,0.13750352374993502,0.002070557028673103,0.1395740807786081,-0.11227512413516137,-0.11227512413516084,False
HSPE1P18,NEUTRAL,0.018020889666477996,0.13750352374993502,0.02599864815423497,0.16350217190417,-0.08834703300959816,-0.08834703300959851,False
UGDH,NEUTRAL,-0.05530497480765085,0.13750352374993502,-0.07978821289148694,0.05771531085844808,-0.19413389405532105,-0.19413389405532105,False
MCM5,NEUTRAL,-0.041510830304886,0.13750352374993502,-0.05988746902404232,0.0776160547258927,-0.1742331501878775,-0.17423315018787766,False
LINC01761,NEUTRAL,0.058219458543019034,0.13750352374993502,0.08399292412325415,0.22149644787318917,-0.030352757040579968,-0.030352757040579475,False
KIRREL1,DCG,-0.8684428318925939,1.3219280948873624,-1.252898166867013,0.06902992802034946,-0.1809625342049517,-1.3672438480308473,True
MAP3K4,NEUTRAL,0.09229340591795183,0.13750352374993502,0.13315123902458123,0.2706547627745163,0.01880555786074668,0.01880555786074668,False
CDCA2,NEUTRAL,0.025906735072207462,0.13750352374993502,0.03737551821429789,0.1748790419642329,-0.07697016294953739,-0.07697016294953755,False
SIX3,DIG,1.4381000307307736,0.4854268271702419,2.074739782637553,2.560166609807795,2.324253669051411,1.9603941014737165,True
CABCOCO1,DIG,1.582211350915627,0.4329594072761063,2.2826484696042026,2.715607876880309,2.4593269767166452,2.168302788440367,True
C1orf105,DCG,-1.045696632059875,1.3362833878644325,-1.508621345347073,-0.17233795748264047,-0.4191161390647117,-1.6229670265109022,True
PDE3B,NEUTRAL,0.0035637294602851727,0.13750352374993502,0.005141374819423321,0.14264489856935833,-0.10920430634440997,-0.10920430634440963,False
MIR4258,DCG,-1.027854744107118,1.3923174227787602,-1.4828809420775335,-0.09056351929877327,-0.34855256620531455,-1.5972266232413543,True
CREB1,NEUTRAL,-0.027758621049052457,0.13750352374993502,-0.04004722492938398,0.09745629882055104,-0.15439290609321804,-0.15439290609321787,False
FAM83E,DIG,1.6571818407404826,0.53605290024021,2.3908080234875384,2.9268609237277485,2.6611297342281293,2.276462342323703,True
ATG4C,NEUTRAL,0.015182817085043841,0.13750352374993502,0.021904174915316977,0.159407698665252,-0.0924415062485162,-0.09244150624851638,False
IGF2BP3,DSG,0.05490082016094418,1.485426827170242,0.07920514098693099,1.564631968157173,1.3092519907749816,-0.03514054017690481,False
KRT18P38,DIG,1.660785604066084,0.560714954474479,2.396007154965921,2.9567221094404,2.6978461211735416,2.2816614738020844,True
RIF1,NEUTRAL,0.029990327410417423,0.13750352374993502,0.043266896629645564,0.18077042037958058,-0.07107878453418923,-0.07107878453418906,False
SNORA23,NEUTRAL,-0.00697557673415735,0.13750352374993502,-0.010063629961709241,0.1274398937882258,-0.12440931112554293,-0.12440931112554277,False
NPY2R,NEUTRAL,-0.034415129809537856,0.13750352374993502,-0.049650537107770204,0.08785298664216482,-0.16399621827160435,-0.16399621827160454,False
RPL12P17,NEUTRAL,0.04688819930847799,0.13750352374993502,0.06764537261855452,0.20514889636848954,-0.046700308545278915,-0.046700308545278915,False
MX2,DIG,0.9082138936306562,0.5109619192773794,1.3102756804074043,1.8212375996847836,1.5466746174644521,1.195929999243568,True
POU5F1P4,DCG,2.0794415416798357,-3.321928094887362,3.0,-0.3219280948873622,-0.5737772998011286,2.885654318836166,True
AGTPBP1,NEUTRAL,0.0021548919502683947,0.13750352374993502,0.00310885193030376,0.14061237568023877,-0.11123682923352896,-0.11123682923352896,False
CBS,DIG,-0.8988007700772392,0.4854268271702419,-1.2966954137376145,-0.8112685865673727,-1.0643041847876749,-1.4110410949014496,True
CCDC171,DIG,0.711788039004067,0.32192809488736235,1.0268930740352475,1.34882116892261,1.0990902803724123,0.9125473928714117,True
PAMR1,DIG,-1.256421409038212,0.53605290024021,-1.8126329360861522,-1.2765800358459423,-1.5326301694340543,-1.926978617249988,True
TUBB2BP1,DIG,-1.7257000517187346,0.45943161863729726,-2.4896589066764463,-2.030227288039149,-2.2711834717108528,-2.604004587840281,True
MYBL1,DCG,-0.9193427635398408,1.2630344058337937,-1.3263312458360832,-0.06329684000228952,-0.311492331543965,-1.4406769269999185,True
UPF2,DSG,-0.12902303629317655,1.1538053360790355,-0.18614089462060257,0.9676644414584329,0.7115105185394556,-0.30048657578443727,False
MTMR11,DCG,2.0794415416798357,-3.321928094887362,3.0,-0.3219280948873622,-0.5737772998011309,2.885654318836166,True
ST3GAL5,DIG,0.8356650822369668,0.405992359675837,1.2056098699873399,1.611602229663177,1.3458742007469648,1.0912641888235042,True
GATA4,NEUTRAL,0.03316287049079265,0.13750352374993502,0.0478439087987095,0.18534743254864453,-0.0665017723651236,-0.06650177236512343,False
C8orf48,NEUTRAL,0.05599402664100965,0.13750352374993502,0.08078230455438913,0.21828582830432414,-0.03356337660944477,-0.03356337660944461,False
CRTC3-AS1,DIG,1.7013006221429567,0.45943161863729726,2.454457970626952,2.913889589264249,2.651510107221272,2.340112289463118,True
NAALADL2-AS2,DSG,-0.03268152765508698,1.4724877714627438,-0.0471494778766695,1.4253382935860743,1.1709974041049243,-0.16149515904050255,False
RNF217,DIG,-0.6312647572179115,0.37851162325372983,-0.9107225347262565,-0.5322109114725266,-0.7671387107415274,-1.0250682158900901,True
CA10,DSG,0.15665041818297137,-0.7369655941662062,0.2259987814657551,-0.5109668127004511,-0.7628160176142172,0.1116531003019219,False
CYP11A1,NEUTRAL,-0.04686244917168015,0.13750352374993502,-0.06760822302389406,0.06989530072604096,-0.18195390418772803,-0.18195390418772803,False
IL12A-AS1,DSG,0.013806433295500128,-0.7369655941662062,0.019918472847782302,-0.717047121318424,-0.9688963262321914,-0.09442720831605171,False
CRISP3,DIG,-1.11275135666388,0.45943161863729726,-1.605360864001446,-1.1459292453641488,-1.3998943787240783,-1.7197065451652809,True
ABHD11,DIG,-1.2343855889227642,0.4854268271702419,-1.7808419676836746,-1.2954151405134327,-1.532202891167435,-1.8951876488475103,True
SYS1,DCG,-0.9279625664034309,1.3219280948873624,-1.3387669926808252,-0.016838897793462815,-0.267219150645749,-1.4531126738446611,True
NDUFV3,DIG,-1.3076146937980808,0.560714954474479,-1.8864892341360318,-1.3257742796615526,-1.5976529435510611,-2.0008349152998672,True
STIMATE-MUSTN1,NEUTRAL,0.012089862556243903,0.13750352374993502,0.017441984754922247,0.15494550850485728,-0.0969036964089108,-0.09690369640891046,False
SEPTIN2,NEUTRAL,-0.05936090415759873,0.13750352374993502,-0.08563968205085275,0.05186384169908227,-0.19998536321468627,-0.1999853632146859,False
OLA1,NEUTRAL,0.01718705817095366,0.13750352374993502,0.02479568359070498,0.16229920734064,-0.08954999757312791,-0.08954999757312843,False
CTNND2,DSG,0.04997123300673046,1.3219280948873624,0.07209325004591692,1.3940213449332792,1.1318528956817298,-0.04225243111791874,False
DOP1A,NEUTRAL,-0.015868034157755586,0.13750352374993502,-0.022892734188050663,0.11461078956188436,-0.13723841535188397,-0.13723841535188397,False
RNF14,NEUTRAL,-0.01949478505366645,0.13750352374993502,-0.028125029720120872,0.10937849402981414,-0.14247071088395502,-0.14247071088395483,False
HSPA8P4,NEUTRAL,-0.021073879402447312,0.13750352374993502,-0.03040318130620281,0.1071003424437322,-0.14474886247003674,-0.14474886247003657,False
GIPC1,DIG,-1.619636700364302,0.4329594072761063,-2.3366418356573426,-1.9036824283812364,-2.115578054440073,-2.4509875168211765,True
ABCC9,DIG,-1.1766715832585852,0.4329594072761063,-1.697578257922126,-1.2646188506460196,-1.5176423396153205,-1.8119239390859607,True
H19,NEUTRAL,-0.035508037722399084,0.13750352374993502,-0.0512272699338034,0.08627625381613162,-0.16557295109763812,-0.16557295109763795,False
TARBP1,DCG,-0.8543887752810571,1.446256229889564,-1.232622449089176,0.21363378080038808,-0.03444632066014639,-1.3469681302530112,True
ARF1P2,NEUTRAL,0.04306207648881795,0.13750352374993502,0.062125444200798886,0.1996289679507339,-0.052220236963035224,-0.0522202369630349,False
MTMR14,DIG,-1.2785366119179555,0.4854268271702419,-1.8445384296090117,-1.35911160243877,-1.5873222371090225,-1.958884110772846,True
CHTF18,DSG,-0.07007286288486257,1.3362833878644325,-0.10109377178488355,1.2351896160795488,0.9781652387975645,-0.21543945294871683,False
PDS5A,NEUTRAL,-0.020709103510192152,0.13750352374993502,-0.02987692093541044,0.10762660281452457,-0.144222602099245,-0.14422260209924448,False
AKIP1,NEUTRAL,-0.054728533706097385,0.13750352374993502,-0.07895658417291118,0.05854693957702384,-0.19330226533674474,-0.19330226533674494,False
COL4A2-AS1,NEUTRAL,0.044225346700662034,0.13750352374993502,0.0638036883666402,0.2013072121165752,-0.05054199279719439,-0.050541992797194055,False
OSBPL6,NEUTRAL,0.0024765626817685876,0.13750352374993502,0.0035729246994382134,0.14107644844937323,-0.11077275646439497,-0.11077275646439462,False
BORA,NEUTRAL,0.039435942498172484,0.13750352374993502,0.056894038674895765,0.19439756242483078,-0.057451642488937284,-0.05745164248893778,False
MDC1,DIG,-0.6159581302443522,0.4854268271702419,-0.8886397398987651,-0.4032129127285232,-0.6787027738121479,-1.0029854210625992,True
TRMT10C,DIG,0.9596710682165088,0.7004397181410922,1.3845126910005714,2.0849524091416636,1.814100303401398,1.2701670098367344,True
PER1,NEUTRAL,0.0030827423916737423,0.13750352374993502,0.0044474571608058905,0.1419509809107409,-0.10989822400302744,-0.10989822400302728,False
ANGEL2,DCG,-0.854410918237941,1.2016338611696507,-1.232654394623263,-0.031020533453612442,-0.2930034743994001,-1.347000075787097,True
TAGLN3,DIG,1.444271579796385,0.608809242675524,2.0836434458691135,2.6924526885446376,2.405690424693913,1.9692977647052794,True
TRA2A,DSG,-0.03667901059663547,1.1210154009613662,-0.052916626692479735,1.0680987742688866,0.8094649802675831,-0.16726230785631485,False
SCAF1,DIG,1.3662534177250423,0.53605290024021,1.9710870303495158,2.5071399305897257,2.242299641592576,1.8567413491856815,True
SH3BP5,DIG,-1.330308277144997,0.560714954474479,-1.9192291542906281,-1.358514199816149,-1.5991410232788348,-2.033574835454464,True
DHCR7,DSG,-0.006811998717479089,-0.7369655941662062,-0.00982763676824906,-0.7467932309344553,-0.998642435848226,-0.12417331793208396,False
KRT7,DIG,1.054773683012411,0.5109619192773794,1.521716761742193,2.0326786810195725,1.7647905352913373,1.4073710805783564,True
CYP4Z2P,NEUTRAL,0.018284081533632285,0.13750352374993502,0.02637835375578077,0.16388187750571578,-0.08796732740805273,-0.08796732740805188,False
TM4SF20,NEUTRAL,0.03963777911901623,0.13750352374993502,0.05718522736685683,0.19468875111679185,-0.05716045379697728,-0.05716045379697612,False
ATP8A1,NEUTRAL,0.005888349595408242,0.13750352374993502,0.008495092760316006,0.14599861651025103,-0.10585058840351894,-0.10585058840351894,False
TSC22D1,NEUTRAL,-0.012990374118065924,0.13750352374993502,-0.01874114831942605,0.11876237543050897,-0.1330868294832609,-0.1330868294832611,False
TNNT2,DCG,-0.9776400795064675,1.4059923596758368,-1.4104364944782726,-0.004444134802435773,-0.26038147884488927,-1.5247821756421076,True
GRB10,DIG,1.7168512077753095,0.560714954474479,2.4768927234016664,3.0376076778761454,2.8081530708389666,2.3625470422378316,True
FBXW9,DIG,1.3170516959752219,0.608809242675524,1.9001039503778514,2.5089131930533757,2.283340059654296,1.7857582692140155,True
MOB4,NEUTRAL,0.009758852067765082,0.13750352374993502,0.01407904748293369,0.15158257123286872,-0.1002666336808999,-0.10026663368089973,False
PRF1,NEUTRAL,-0.021517829124928497,0.13750352374993502,-0.031043665369230446,0.10645985838070457,-0.14538934653306407,-0.1453893465330639,False
MIR6730,NEUTRAL,-0.020059993145468767,0.13750352374993502,-0.02894045263123439,0.10856307111870063,-0.14328613379506808,-0.14328613379506808,False
EDEM1,DIG,0.7321990309711244,0.405992359675837,1.0563399109257456,1.4623322706015827,1.2012025960379689,0.9419942297619106,True
IQCJ,DSG,0.031433896457221784,1.2479275134435854,0.045349526534651026,1.2932770399782365,1.0343565510107426,-0.06899615462918192,False
PIK3R5,NEUTRAL,-0.014169988476122839,0.13750352374993502,-0.02044297210395618,0.11706055164597884,-0.13478865326779058,-0.1347886532677904,False
ADAMDEC1,NEUTRAL,-0.020145719223166023,0.13750352374993502,-0.029064129218403085,0.10843939453153194,-0.14340981038223638,-0.14340981038223707,False
PGLYRP4,DCG,-0.8152039170028911,1.1699250014423124,-1.176090648373329,-0.006165646931016733,-0.2559043089870483,-1.290436329537161,True
NFE2L2,NEUTRAL,-0.006428312556129351,0.13750352374993502,-0.009274094646012072,0.12822942910392296,-0.12361977580984723,-0.12361977580984723,False
ASB16,NEUTRAL,-0.026723138132720266,0.13750352374993502,-0.03855333886106628,0.09895018488886874,-0.1528990200249002,-0.15289902002489966,False
DCLK1,NEUTRAL,0.045732940594777276,0.13750352374993502,0.06597868660135474,0.20348221035128977,-0.04836699456248033,-0.048366994562480496,False
HYAL4,DIG,1.2152924309959054,0.4854268271702419,1.7532963634276855,2.2387231905979275,2.004823723171242,1.6389506822638493,True
USP40,NEUTRAL,-0.01109468270641748,0.13750352374993502,-0.016006243720785043,0.12149728002914997,-0.1303519248846192,-0.1303519248846192,False
C9orf153,NEUTRAL,0.003094482984237144,0.13750352374993502,0.004464395255474208,0.14196791900540923,-0.10988128590835942,-0.10988128590835942,False
PIWIL2,NEUTRAL,-0.029868136452825888,0.13750352374993502,-0.043090612341086784,0.09441291140884824,-0.15743629350492122,-0.15743629350492105,False
NFASC,DCG,-0.8103391385000582,1.2479275134435854,-1.1690722565522689,0.07885525689131656,-0.17255144686116666,-1.2834179377161037,True
MTND5P1,DIG,0.9354849642505082,0.560714954474479,1.3496195187503974,1.9103344732248764,1.6691950893489922,1.2352738375865617,True
BUD31,DSG,-0.050090090225703036,1.4059923596758368,-0.07226472476630251,1.3337276349095344,1.0814273388111217,-0.18661040593013709,False
DBH-AS1,NEUTRAL,0.03773118391528724,0.13750352374993502,0.054434591921454334,0.19193811567138935,-0.05991108924237958,-0.05991108924237908,False
AGPAT5,NEUTRAL,0.017792741836990762,0.13750352374993502,0.025669500412044157,0.16317302416197918,-0.08867618075179087,-0.08867618075179104,False
ABCC10,DIG,1.1008622812757412,0.5109619192773794,1.588208553898223,2.0991704731756022,1.8360080455381607,1.4738628727343883,True
PRC1-AS1,NEUTRAL,-0.025498388080929312,0.13750352374993502,-0.03678639803501897,0.10071712571491605,-0.15113207919885377,-0.1511320791988536,False
SFRP2,NEUTRAL,-0.04835344015374216,0.13750352374993502,-0.06975926831972509,0.06774425543020993,-0.1841049494835582,-0.18410494948355785,False
LINC01711,DCG,0.7131066086081321,-0.7369655941662062,1.0287953678640993,0.2918297736978931,0.039980568784124246,0.914449686700265,True
GRM3-AS1,DIG,-1.1381129327305457,0.4329594072761063,-1.6419498840219529,-1.2089904767458466,-1.4523475298367117,-1.7562955651857817,True
TFB1M,NEUTRAL,-0.023175255135014266,0.13750352374993502,-0.03343482565462157,0.10406869809531345,-0.14778050681845453,-0.14778050681845453,False
TPRG1LP1,DIG,-1.7057038465099446,0.5109619192773794,-2.4608104805851267,-1.9498485613077472,-2.211059469455399,-2.5751561617489194,True
PSTPIP2,NEUTRAL,-0.05197309149322252,0.13750352374993502,-0.0749813213569405,0.06252220239299452,-0.18932700252077353,-0.1893270025207739,False
PCGF1,DIG,1.5915633248555021,0.45943161863729726,2.296140516029783,2.7555721346670805,2.516891880749458,2.1817948348659475,True
DNAH17,DSG,-0.029757100563431924,1.185866545311334,-0.04293042141409742,1.1429361238972366,0.8999339538698776,-0.1572761025779309,False
RAB31,NEUTRAL,0.009580450498823823,0.13750352374993502,0.013821668424135326,0.15132519217407034,-0.10052401273969867,-0.10052401273969884,False
EEFSEC,DIG,-0.7131259636056189,0.4854268271702419,-1.0288232912229898,-0.5433964640527479,-0.8207663500486785,-1.143168972386824,True
ADAM29,NEUTRAL,-0.033863255754512704,0.13750352374993502,-0.048854351145390135,0.08864917260454488,-0.16320003230922442,-0.16320003230922425,False
SSR1,DIG,1.6089558212075445,0.405992359675837,2.3212325842655543,2.7272249439413914,2.4660137882669666,2.2068869031017195,True
BOD1,DIG,1.4537871082442555,0.53605290024021,2.097371451572294,2.6334243518125042,2.365498187915517,1.9830257704084602,True
RPS4XP11,DIG,0.5574152441296286,0.5109619192773794,0.8041802084217261,1.3151421276991055,1.0669633832767185,0.6898345272578916,True
CASP8AP2,DIG,1.5785861990334245,0.5109619192773794,2.2774184809612796,2.788380400238659,2.5566818333206744,2.163072799797444,True
UGT3A2,DSG,0.06219877896851729,1.3645724322958561,0.08973386996722865,1.4543063022630847,1.2055948610735556,-0.024611811196606666,False
ANXA3,NEUTRAL,-0.019516512474093594,0.13750352374993502,-0.028156375761822422,0.1093471479881126,-0.142502056925655,-0.14250205692565537,False
ENTPD3,NEUTRAL,-0.004605502099406955,0.13750352374993502,-0.006644335039618124,0.1308591887103169,-0.12099001620345229,-0.12099001620345229,False
FUT1,DIG,-1.0216049886793896,0.632268215499513,-1.473864450915181,-0.8415962354156681,-1.1080140222337231,-1.5882101320790156,True
DUXB,NEUTRAL,0.005590766093252214,0.13750352374993502,0.008065770517505132,0.14556929426744014,-0.10627991064632802,-0.10627991064632786,False
RPS15AP12,DCG,-0.9271906569645523,1.185866545311334,-1.3376533627613396,-0.15178681745000566,-0.4044884874129087,-1.4519990439251735,True
HECW2-AS1,NEUTRAL,0.02333403062409438,0.13750352374993502,0.03366389026533217,0.1711674140152672,-0.08068179089850266,-0.08068179089850333,False
ITPRIPL2,DSG,-0.01175779623005872,1.0874628412503395,-0.016962914312888665,1.0704999269374509,0.8221287729613315,-0.1313085954767238,False
FKBP1B,DIG,-1.461273831110759,0.4854268271702419,-2.1081725095243087,-1.6227456823540667,-1.8730909966264913,-2.222518190688144,True
RNF213-AS1,DSG,-0.04446882648833521,1.2172307162206693,-0.06415495544887298,1.1530757607717963,0.8992486770964464,-0.17850063661270849,False
GRK5,NEUTRAL,0.04918184151409142,0.13750352374993502,0.07095439885416664,0.20845792260410168,-0.04339128230966697,-0.043391282309667135,False
LINC02126,NEUTRAL,0.04985269831403769,0.13750352374993502,0.07192224063259577,0.2094257643825308,-0.042423440531238574,-0.04242344053123841,False
RPS20,DCG,-0.9383778218544231,1.4059923596758368,-1.3537930300695633,0.05219932960627349,-0.19739110247654013,-1.4681387112333986,True
SMR3B,DIG,-0.8456961592715624,0.4854268271702419,-1.220081655079926,-0.7346548279096842,-1.005260675277047,-1.3344273362437582,True
VPS36,NEUTRAL,-0.00886311115060862,0.13750352374993502,-0.01278676650383073,0.12471675724610429,-0.12713244766766446,-0.12713244766766482,False
ERN1,DCG,0.7692579815739419,-0.7369655941662062,1.1098046751809796,0.37283908101477337,0.12098987610100331,0.9954589940171445,True
LAPTM4BP2,NEUTRAL,-0.028526802926633697,0.13750352374993502,-0.041155477114671206,0.0963480466352638,-0.15550115827850544,-0.15550115827850491,False
FBN1,NEUTRAL,0.08470248297358532,0.13750352374993502,0.1221998521369734,0.2597033758869084,0.007854170973138718,0.007854170973138399,False
MPC1,NEUTRAL,0.02869120022514939,0.13750352374993502,0.041392652281975334,0.17889617603191035,-0.07295302888185977,-0.0729530288818596,False
ECM1,DCG,-0.7341741209254034,1.1538053360790355,-1.0591893634080936,0.0946159726709419,-0.1595518586925458,-1.173535044571927,True
RASSF10-DT,NEUTRAL,-0.001248107119583257,0.13750352374993502,-0.0018006379519209732,0.13570288579801404,-0.11614631911575428,-0.11614631911575446,False
FAM83A-AS1,DCG,-0.8345995618116208,1.185866545311334,-1.2040726489537272,-0.01820610364239328,-0.2738218288683571,-1.3184183301175587,True
THSD4-AS1,NEUTRAL,0.03969325479773477,0.13750352374993502,0.057265261853434016,0.19476878560336902,-0.05708041931040006,-0.05708041931039956,False
CACNA2D4,DSG,0.022828308438685278,1.3785116232537298,0.032934287376374924,1.4114459106301047,1.1559235460346668,-0.0814113937874603,False
DPY19L2P2,DIG,-1.4016498799330976,0.608809242675524,-2.022153330842091,-1.4133440881665669,-1.6620246988330498,-2.1364990120059253,True
WBP2,DSG,-0.0534168817369771,-0.7369655941662062,-0.0770642703816891,-0.8140298645478953,-1.065879069461665,-0.1914099515455238,False
SMC4,DSG,-0.038870600162780766,1.070389327891398,-0.05607842209122155,1.0143109058001765,0.7524953772972053,-0.17042410325505697,False
ZCRB1,DIG,1.4913053359639117,0.5109619192773794,2.151498812646385,2.6624607319237645,2.4213544179448303,2.0371531314825493,True
SGCE,DIG,-0.6177297572355961,0.4854268271702419,-0.8911956573733378,-0.40576883020309595,-0.6428489257728225,-1.0055413385371723,True
EFCAB2,DCG,-0.9981999859099492,1.4329594072761063,-1.4400981694877169,-0.007138762211610583,-0.2512079104437111,-1.5544438506515508,True
PCDHGC5,NEUTRAL,-0.028455165598740288,0.13750352374993502,-0.04105212629697685,0.09645139745295817,-0.15539780746081186,-0.15539780746081203,False
FABP5P1,NEUTRAL,-0.012732919653788033,0.13750352374993502,-0.018369720040557612,0.1191338037093774,-0.13271540120439063,-0.13271540120439115,False
MS4A6A,DIG,-1.4039685100733694,0.5849625007211562,-2.0254984070471167,-1.4405359063259606,-1.6961428619021666,-2.139844088210952,True
LMCD1,DIG,1.5962034618276362,0.5849625007211562,2.3028348186285266,2.8877973193496826,2.647312589336837,2.1884891374646918,True
OR7E29P,DIG,1.1303999146869654,0.5849625007211562,1.6308223511401923,2.2157848518613483,1.9230208466407597,1.5164766699763563,True
PLK1,DSG,-0.03808612753624621,1.3362833878644325,-0.054946667323207,1.2813367205412254,1.0383149332344352,-0.16929234848704147,False
EIF3L,NEUTRAL,-0.008355000018155203,0.13750352374993502,-0.01205371709281971,0.1254498066571153,-0.1263993982566548,-0.12639939825665464,False
CUL9,DIG,1.1461718441471638,0.4854268271702419,1.6535764355576712,2.139003262727913,1.876047433377522,1.5392307543938355,True
RBM26-AS1,NEUTRAL,0.025593481637533035,0.13750352374993502,0.036923589037551656,0.17442711278748668,-0.07742209212628315,-0.07742209212628332,False
EIF3IP1,DIG,0.5630803725684773,0.4854268271702419,0.8123532611264521,1.297780088296694,1.0542995860536137,0.6980075799626179,True
POU2F2,DIG,1.0490578764581433,0.5109619192773794,1.51347059597167,2.0244325152490497,1.7774587824921035,1.399124914807834,True
CDR2L,DSG,0.08802652875177165,1.2172307162206693,0.12699543649685072,1.3442261527175199,1.1006841005963213,0.012649755333017303,False
AKR1C6P,DSG,0.03514979097448361,1.485426827170242,0.05071042912717116,1.5361372562974132,1.2807573014993685,-0.06363525203666202,False
TUBA1B,DIG,1.389104584668903,0.45943161863729726,2.0040542955779497,2.463485914215247,2.1996308249249945,1.8897086144141149,True
TOP1,DSG,-0.126029386620118,1.3362833878644325,-0.18182197108312215,1.1544614167813103,0.9079099347789388,-0.296167652246957,False
ZIM2,DIG,-1.3643120234613262,0.608809242675524,-1.9682861904728424,-1.3594769477973183,-1.6182603668978324,-2.0826318716366767,True
ACE,DCG,-0.8377962192160949,1.0874628412503395,-1.208684450738583,-0.12122160948824345,-0.3801656500919049,-1.3230301319024178,True
KHDC1L,DIG,-0.6515092781620667,0.35049724708413343,-0.9399292046975619,-0.5894319576134285,-0.8569737319054457,-1.0542748858613922,True
COIL,DSG,0.1203658512698312,1.185866545311334,0.173651216719364,1.359517762030698,1.102162142036416,0.05930553555552892,False
SLC12A6,NEUTRAL,0.03285380670460468,0.13750352374993502,0.04739802400705775,0.18490154775699277,-0.06694765715677634,-0.06694765715677617,False
CDC25A,NEUTRAL,0.02553315143964181,0.13750352374993502,0.036836550960238135,0.17434007471017315,-0.07750913020359515,-0.07750913020359533,False
LINC02009,NEUTRAL,0.06957071625934917,0.13750352374993502,0.10036932733845623,0.23787285108839124,-0.01397635382537745,-0.013976353825377773,False
TNN,DCG,-0.7410063714314878,1.2016338611696507,-1.0690462173313329,0.13258764383831778,-0.1311900006936045,-1.1833918984951661,True
PEX16,DIG,-1.3486080174616246,0.5109619192773794,-1.9456300988949826,-1.4346681796176033,-1.683896181476169,-2.0599757800588185,True
SERPING1,DIG,-0.9832392705652793,0.560714954474479,-1.4185144196518102,-0.8577994651773312,-1.109764936164097,-1.5328601008156466,True
ATP9B,NEUTRAL,0.04058605491233621,0.13750352374993502,0.058553300151274607,0.19605682390120963,-0.055792381012560566,-0.05579238101256073,False
PRDM6,NEUTRAL,0.035534446097400245,0.13750352374993502,0.051265369165455515,0.18876889291539053,-0.063080311998377,-0.06308031199837734,False
KYAT3,NEUTRAL,-0.051486343344641805,0.13750352374993502,-0.07427909221682122,0.0632244315331138,-0.18862477338065572,-0.18862477338065536,False
AGGF1,NEUTRAL,0.04022566152800515,0.13750352374993502,0.05803336240293099,0.19553688615286602,-0.05631231876090247,-0.05631231876090264,False
PDLIM4,NEUTRAL,-0.03056186777452297,0.13750352374993502,-0.04409145507860851,0.09341206867132651,-0.15843713624244254,-0.15843713624244254,False
NAV2-AS1,DIG,-1.6538846213791196,0.405992359675837,-2.3860511414661767,-1.9800587817903397,-2.2338494428063944,-2.5003968226300124,True
ABRAXAS1,NEUTRAL,-0.05257317085325141,0.13750352374993502,-0.07584705287379401,0.06165647087614101,-0.19019273403762862,-0.19019273403762882,False
HOXC8,NEUTRAL,-0.04032333403123316,0.13750352374993502,-0.058174274038969256,0.07932924971096576,-0.17251995520280372,-0.17251995520280408,False
LINC02412,DIG,0.9433637020269372,0.53605290024021,1.360986134668916,1.8970390349091262,1.6486055241686999,1.2466404535050812,True
ADIPOR2,DSG,-0.014758339709723395,1.1699250014423124,-0.021291783510972606,1.1486332179313399,0.9067414669899738,-0.13563746467480758,False
PCSK9,NEUTRAL,0.0820382928507496,0.13750352374993502,0.11835623825877295,0.25585976200870797,0.004010557094938217,0.004010557094937258,False
SPI1,DIG,1.5441989895477837,0.5849625007211562,2.2278082243663357,2.812770725087492,2.5582886669800207,2.113462543202501,True
BBS9,DSG,-0.01409214839076326,1.0874628412503395,-0.020330672598825542,1.067132168651514,0.8125524684373656,-0.13467635376265888,False
SCFD2,NEUTRAL,-0.028870612719258955,0.13750352374993502,-0.041651489797500725,0.0958520339524343,-0.1559971709613355,-0.1559971709613355,False
IL10RB-DT,DIG,0.9670258332716333,0.608809242675524,1.3951233740725029,2.0039326167480267,1.7391758651836313,1.2807776929086665,True
NFAM1,NEUTRAL,-0.00992150185227299,0.13750352374993502,-0.014313701520444908,0.12318982222949011,-0.12865938268428048,-0.12865938268427995,False
DLD,DIG,0.5718685765766657,0.45943161863729726,0.8250319594673861,1.2844635781046834,1.0453019032086386,0.7106862783035509,True
BLNK,NEUTRAL,0.042703380348078905,0.13750352374993502,0.06160795505736865,0.19911147880730368,-0.05273772610646403,-0.05273772610646453,False
CELF4,NEUTRAL,0.01542465238157322,0.13750352374993502,0.022253069498331824,0.15975659324826685,-0.09209261166550128,-0.09209261166550078,False
CRYGN,DIG,0.724750204837429,0.4854268271702419,1.0455935264022194,1.5310203535724614,1.2924102475552144,0.9312478452383866,True
GTF3C5,NEUTRAL,0.09693481297469066,0.13750352374993502,0.13984737396808536,0.27735089771802035,0.02550169280425238,0.02550169280425238,False
GHRH,DSG,-0.15532313939700737,1.3362833878644325,-0.22408392294336774,1.1121994649210647,0.8609073230094723,-0.3384296041072001,False
LINC01606,DCG,-0.9218042123670963,1.3362833878644325,-1.3298823658525667,0.006401022011865765,-0.23725417257083448,-1.4442280470163993,True
IGFBP7-AS1,NEUTRAL,0.03425372781859215,0.13750352374993502,0.049417683255843226,0.18692120700577824,-0.06492799790798974,-0.06492799790799007,False
LSMEM2,NEUTRAL,-0.02226128560581004,0.13750352374993502,-0.03211624634731501,0.10538727740262001,-0.14646192751114795,-0.14646192751114848,False
TBC1D24,DSG,0.02965238750961179,-0.7369655941662062,0.04277935241063477,-0.6941862417555714,-0.9460354466693404,-0.0715663287531992,False
APOOP4,NEUTRAL,0.01992720414520197,0.13750352374993502,0.028748878599064876,0.1662524023489999,-0.08559680256476873,-0.08559680256476873,False
NRIR,NEUTRAL,0.07747237296836387,0.13750352374993502,0.11176900828735875,0.24927253203729377,-0.0025766728764751463,-0.002576672876474986,False
TNFSF12-TNFSF13,NEUTRAL,-0.07158753361759845,0.13750352374993502,-0.10327897973958125,0.03422454401035377,-0.21762466090341623,-0.21762466090341623,False
CADPS2,DIG,0.7211229920515874,0.37851162325372983,1.0403605645038365,1.4188721877575663,1.1844056619252759,0.9260148833400014,True
FSD2,NEUTRAL,0.07430222700755654,0.13750352374993502,0.10719545443080783,0.24469897818074285,-0.0071502267330253435,-0.007150226733025666,False
KIRREL3,NEUTRAL,-0.022240181309042737,0.13750352374993502,-0.03208579928302737,0.10541772446690764,-0.14643148044686094,-0.14643148044686094,False
SEMA5A-AS1,DSG,0.08465423547142945,1.185866545311334,0.12213024570487784,1.3079967910162118,1.047745091985056,0.007784564541044281,False
TTC21B,NEUTRAL,0.03938201674756425,0.13750352374993502,0.056816240261917055,0.19431976401185208,-0.05752944090191559,-0.05752944090191609,False
LINC02554,NEUTRAL,0.08142014219609718,0.13750352374993502,0.11746443537478364,0.25496795912471865,0.0031187542109497586,0.003118754210949439,False
SCN3A,NEUTRAL,0.0025471574228600855,0.13750352374993502,0.003674771382323758,0.14117829513225877,-0.11067090978150969,-0.11067090978150985,False
PSMD6,NEUTRAL,-0.018128773782551146,0.13750352374993502,-0.026154292033484395,0.11134923171645063,-0.14049997319731916,-0.14049997319731883,False
MRGPRF,DSG,-0.031391871067209746,1.3074285251922473,-0.045288896712889236,1.262139628479358,1.0121055516397792,-0.15963457787672503,False
LRIG3,DIG,1.7045800632290524,0.37851162325372983,2.4591892040187497,2.8377008272724797,2.5967891662255096,2.3448435228549136,True
CATIP,NEUTRAL,-0.08279614101385865,0.13750352374993502,-0.1194495820454372,0.018053941704497825,-0.23379526320927066,-0.2337952632092699,False
HMGXB3,NEUTRAL,0.015150498345467427,0.13750352374993502,0.021857548830002304,0.1593610725799373,-0.09248813233383016,-0.09248813233383034,False
COX6CP1,DCG,-1.0146126458625648,1.2927817492278462,-1.4637766326091524,-0.1709948833813062,-0.41694984448974587,-1.5781223137729838,True
VWF,DIG,1.7151984986298612,0.53605290024021,2.4745083681134963,3.0105612683537064,2.773990921003118,2.3601626869496624,True
DKK3,NEUTRAL,0.005477614507930878,0.13750352374993502,0.007902527286493318,0.14540605103642834,-0.1064431538773395,-0.10644315387733985,False
FOXN3-AS1,NEUTRAL,-0.012388360589197615,0.13750352374993502,-0.017872626386779677,0.11963089736315534,-0.13221830755061328,-0.13221830755061312,False
GABRG1,NEUTRAL,0.04345567277749664,0.13750352374993502,0.06269328361458792,0.20019680736452294,-0.05165239754924561,-0.05165239754924561,False
RPS19P7,DIG,-0.8666012094529502,0.53605290024021,-1.2502412673061492,-0.7141883670659391,-0.9873173424099978,-1.3645869484699809,True
SLC30A3,DIG,1.2005950925048383,0.560714954474479,1.7320925860723566,2.2928075405468356,2.045962930725254,1.6177469049085236,True
RNU6-813P,DIG,1.0310010892568668,0.4329594072761063,1.4874201586220015,1.9203795658981078,1.6892143052395996,1.3730744774581658,True
SH3RF3,NEUTRAL,-0.025290116028724323,0.13750352374993502,-0.036485924978147066,0.10101759877178795,-0.1508316061419811,-0.1508316061419809,False
ABHD12,DSG,-0.09333466894082104,1.4329594072761063,-0.1346534640239357,1.2983059432521706,1.0413661826505956,-0.24899914518777058,False
BUB3P1,DIG,0.8253462581092043,0.45943161863729726,1.1907229535904114,1.6501545722277087,1.4178827542840906,1.0763772724265757,True
LDHAL6FP,NEUTRAL,0.021333597730043365,0.13750352374993502,0.03077787564945361,0.16828139939938863,-0.08356780551438052,-0.08356780551438002,False
TIA1,DIG,-1.1710317395714782,0.53605290024021,-1.6894416834033477,-1.1533887831631375,-1.3870935755484124,-1.8037873645671842,True
ULK1,NEUTRAL,0.04652658155147251,0.13750352374993502,0.06712366847382532,0.20462719222376036,-0.04722201269000988,-0.047222012690009384,False
MIR5010,NEUTRAL,0.02679074460314671,0.13750352374993502,0.03865087438068252,0.17615439813061753,-0.07569480678315167,-0.07569480678315202,False
PICK1,NEUTRAL,0.027278954108317627,0.13750352374993502,0.03935521181270746,0.17685873556264248,-0.074990469351125,-0.074990469351125,False
UBE2Q1,DCG,-1.1125659397985561,1.3923174227787602,-1.6050933640093459,-0.21277594123058563,-0.45990130023142994,-1.7194390451731791,True
LINC01559,DIG,0.6764994181933618,0.53605290024021,0.9759823557918321,1.5120352560320423,1.2733224061481447,0.8616366746279965,True
PPP5C,DIG,-1.2346017667941311,0.4854268271702419,-1.7811538464266456,-1.2957270192564039,-1.5526336401490937,-1.8954995275904818,True
GOSR1,DIG,0.7869933717712465,0.5109619192773794,1.1353914346668617,1.646353353944241,1.3870137351724945,1.0210457535030277,True
IPO13,NEUTRAL,0.010398190069635152,0.13750352374993502,0.0150014172476835,0.15250494099761852,-0.09934426391615066,-0.09934426391615049,False
FBXO27,DSG,0.03847610046398338,1.4059923596758368,0.05550927933213437,1.4615016390079711,1.2085405143082693,-0.058836401831700656,False
CCDC107,DIG,1.3557637019258706,0.4329594072761063,1.9559535693857164,2.388912976661823,2.1382406901722155,1.8416078882218812,True
RPS27A,DIG,0.7589572866867192,0.405992359675837,1.0949439137494732,1.5009362734253102,1.2585719160427902,0.9805982325856386,True
KCNG1,DCG,-0.9863607012310427,1.3923174227787602,-1.4230176921937858,-0.03070026941502557,-0.27766313279506066,-1.5373633733576197,True
SLC7A8,DIG,1.5752956842695773,0.45943161863729726,2.2726712716295054,2.7321028902668028,2.4772959762414506,2.1583255904656693,True
SEPHS1,DSG,0.039914786701679715,1.3923174227787602,0.05758486483265407,1.4499022876114143,1.1943554558043348,-0.05676081633118086,False
MAP2K2,NEUTRAL,-0.015897267107306913,0.13750352374993502,-0.022934908419398922,0.1145686153305361,-0.1372805895832339,-0.1372805895832339,False
C2orf92,NEUTRAL,0.03470727222413752,0.13750352374993502,0.05007200952054646,0.1875755332704815,-0.06427367164328752,-0.06427367164328786,False
SLC6A11,DIG,1.314003631327698,0.5109619192773794,1.8957065226265595,2.406668441903939,2.166538657191015,1.7813608414627233,True
MMADHCP2,DIG,-1.3718436499523872,0.53605290024021,-1.979152030661324,-1.443099130421114,-1.704256175332265,-2.093497711825157,True
MIR1292,DSG,-0.0023936612981714767,1.2172307162206693,-0.003453323284439828,1.2137773929362294,0.9511075647897461,-0.11779900444827247,False
CREBBP,DSG,-0.018743071067097175,1.4059923596758368,-0.02704053567953051,1.3789518239963063,1.1313843719479395,-0.14138621684336586,False
TRIM31-AS1,DIG,0.9540391239791184,0.560714954474479,1.376387512978725,1.937102467453204,1.6667738479417646,1.2620418318148894,True
LRRN1,DIG,-1.0178404871307178,0.53605290024021,-1.4684334231994935,-0.9323805229592835,-1.1674577554434387,-1.5827791043633284,True
NAP1L1P1,NEUTRAL,0.009976931811117416,0.13750352374993502,0.01439367004718644,0.15189719379712147,-0.09995201111664753,-0.09995201111664788,False
LINC01361,NEUTRAL,-0.0010520074763623265,0.13750352374993502,-0.001517725969126042,0.13598579778080896,-0.11586340713295941,-0.11586340713295906,False
HNRNPU,DCG,-0.8820413116196859,1.232660756790275,-1.2725166261329177,-0.039855869342642736,-0.2988666743002825,-1.3868623072967519,True
RIN3,NEUTRAL,-0.028285458257353974,0.13750352374993502,-0.04080729035715636,0.09669623339277866,-0.15515297152099095,-0.15515297152099095,False
GPATCH3,NEUTRAL,-0.028335402240830292,0.13750352374993502,-0.04087934429443989,0.09662417945549513,-0.15522502545827474,-0.1552250254582751,False
SUMO4,NEUTRAL,0.04430906377330138,0.13750352374993502,0.06392446657217472,0.20142799032210973,-0.050421214591659214,-0.050421214591659214,False
HADHB,DIG,-0.7828248742103898,0.53605290024021,-1.129377563907856,-0.593324663667646,-0.8415168758474871,-1.2437232450716897,True
NCAPD3,NEUTRAL,-0.02690918250781445,0.13750352374993502,-0.03882174415839995,0.09868177959153507,-0.1531674253222351,-0.15316742532223493,False
CLDN3,DIG,0.9245127098570705,0.560714954474479,1.3337899017496126,1.8945048562240916,1.6399697304738907,1.2194442205857776,True
APCS,DCG,-0.8960259919512576,1.070389327891398,-1.2926922550956936,-0.22230292720429556,-0.474564712144145,-1.4070379362595222,True
LRRD1,DIG,-1.3975959272585563,0.5849625007211562,-2.0163047134225316,-1.4313422127013755,-1.6831444301570295,-2.130650394586368,True
HR,NEUTRAL,0.00448755856444882,0.13750352374993502,0.006474178486629109,0.14397770223656414,-0.10787150267720466,-0.1078715026772045,False
MT1L,NEUTRAL,0.012065328998527688,0.13750352374993502,0.0174065903128697,0.15491011406280472,-0.0969390908509637,-0.0969390908509637,False
LINC01269,NEUTRAL,-0.04051792151138691,0.13750352374993502,-0.05845500443160615,0.07904851931832887,-0.17280068559543904,-0.1728006855954396,False
COL16A1,NEUTRAL,0.05883208342233119,0.13750352374993502,0.08487675499856301,0.22238027874849803,-0.029468926165271133,-0.029468926165271626,False
ANKRD13A,NEUTRAL,0.026444432495068802,0.13750352374993502,0.03815125161975872,0.17565477536969373,-0.07619442954407504,-0.07619442954407521,False
FXYD1,DSG,-0.07915421887400481,1.3074285251922473,-0.11419539903496634,1.1932331261572808,0.9410620585191977,-0.2285410801987998,False
NDRG1,DCG,-0.7802621551625775,1.1210154009613662,-1.1256803418463854,-0.004664940885019231,-0.2565113561369828,-1.2400260230102185,True
PRELID3B,DCG,-0.8961887271191825,1.185866545311334,-1.2929270323154372,-0.1070604870041032,-0.3639542202094184,-1.407272713479272,True
INTS9,NEUTRAL,0.024760846130692987,0.13750352374993502,0.03572234992096545,0.17322587367090048,-0.07862333124286816,-0.07862333124286833,False
SSC5D,DIG,1.081962892690529,0.4854268271702419,1.560942499710504,2.046369326880746,1.792000067915764,1.446596818546668,True
SLC26A3,DIG,1.375577433633009,0.5109619192773794,1.9845387418611096,2.495500661138489,2.2484505626037548,1.8701930606972728,True
TSPAN13,DIG,1.2281513533418682,0.632268215499513,1.7718478669273823,2.4041160824268952,2.1565867639055947,1.6575021857635466,True
VTI1BP2,NEUTRAL,-0.046069699661926124,0.13750352374993502,-0.06646452723750478,0.07103899651243024,-0.18081020840133807,-0.1808102084013379,False
ARHGAP35,DIG,-1.6663351694233173,0.4854268271702419,-2.4040134853858905,-1.9185866582156486,-2.166595228069764,-2.5183591665497245,True
VIL1,NEUTRAL,-0.026337458334574692,0.13750352374993502,-0.037996920528910606,0.09950660322102442,-0.1523426016927456,-0.1523426016927456,False
TEX38,NEUTRAL,0.08974019744465805,0.13750352374993502,0.1294677378218046,0.2669712615717396,0.015122056657970413,0.01512205665797073,False
MROH8,DSG,-0.09812823031122181,1.4329594072761063,-0.14156911124120977,1.2913902960348964,1.0444772551224248,-0.2559147924050441,False
PPIAP39,NEUTRAL,0.058318491416779014,0.13750352374993502,0.08413579835911267,0.2216393221090477,-0.03020988280472105,-0.030209882804721706,False
LINC01389,NEUTRAL,-0.004724526682113948,0.13750352374993502,-0.006816051214833381,0.13068747253510163,-0.1211617323786678,-0.12116173237866797,False
LINC01630,NEUTRAL,-0.038877427757117104,0.13750352374993502,-0.05608827222771179,0.08141525152222323,-0.1704339533915452,-0.17043395339154485,False
WDFY3-AS2,NEUTRAL,-0.018401976050158544,0.13750352374993502,-0.026548439590121205,0.11095508415981381,-0.14089412075395538,-0.14089412075395555,False
RTKN2,DIG,-1.060650173468318,0.45943161863729726,-1.5301947453807614,-1.070763126743464,-1.338352882795033,-1.6445404265445953,True
KLHDC4,NEUTRAL,-0.06577319624952577,0.13750352374993502,-0.09489066405260739,0.04261285969732763,-0.20923634521644027,-0.20923634521644027,False
RN7SL444P,DCG,-1.055312940432276,1.4329594072761063,-1.5224947457475948,-0.08953533847148853,-0.33505125654398654,-1.636840426911411,True
DPEP2,NEUTRAL,0.018209335156159016,0.13750352374993502,0.02627051752767567,0.1637740412776107,-0.08807516363615751,-0.08807516363615751,False
RAVER2,NEUTRAL,-0.04587926149668834,0.13750352374993502,-0.06618978304092023,0.07131374070901479,-0.18053546420475414,-0.1805354642047547,False
NIPBL,DSG,-0.0603142988074812,1.3645724322958561,-0.08701513978424825,1.2775572925116079,1.023239118597097,-0.20136082094808355,False
TACC3,NEUTRAL,0.025251080359443963,0.13750352374993502,0.03642960841165851,0.17393313216159353,-0.07791607275217449,-0.07791607275217466,False
GLCCI1-DT,DIG,1.3829474691119736,0.53605290024021,1.9951714554977873,2.531224355737997,2.294199007073145,1.8808257743339514,True
EMP2,DCG,2.0794415416798357,-3.321928094887362,3.0,-0.3219280948873622,-0.5737772998011312,2.8856543188361656,True
LINC01485,DIG,0.561916989333438,0.5109619192773794,0.8106748539026076,1.321636773179987,1.0633135693375115,0.6963291727387725,True
FARP1-AS1,NEUTRAL,-0.06296668848788778,0.13750352374993502,-0.09084172922267589,0.04666179452725913,-0.20518741038651087,-0.20518741038650976,False
CNPY3,DIG,-1.1690679237581856,0.632268215499513,-1.686608496068291,-1.054340280568778,-1.3071620179377392,-1.800954177232128,True
KRT19P1,DIG,1.4822420395492724,0.405992359675837,2.138423239854878,2.544415599530715,2.3035997891926834,2.0240775586910416,True
CCDC110,NEUTRAL,0.012820955800691385,0.13750352374993502,0.018496729353114052,0.15600025310304907,-0.09584895181071988,-0.09584895181071955,False
SPATA3,NEUTRAL,-0.049210246057559255,0.13750352374993502,-0.0709953779481664,0.06650814580176861,-0.18534105911200055,-0.18534105911200055,False
PRKCQ,DSG,0.12458615796397371,-0.7369655941662062,0.17973983225803392,-0.5572257619081723,-0.8090749668219426,0.06539415109419892,False
SLC8A2,DIG,1.1694641730994093,0.4854268271702419,1.68718016302783,2.172606990198072,1.921096994920669,1.5728344818639954,True
TXLNA,NEUTRAL,-0.055912930947059694,0.13750352374993502,-0.08066530819889008,0.05683821555104494,-0.1950109893627232,-0.19501098936272301,False
LINC02390,DIG,-1.1339645586038116,0.5849625007211562,-1.6359650452415613,-1.0510025445204052,-1.301894377428936,-1.7503107264053779,True
LINC02328,NEUTRAL,-0.008246838580864354,0.13750352374993502,-0.011897673123624782,0.12560585062631024,-0.12624335428745853,-0.12624335428745836,False
ARID1B,NEUTRAL,-0.012855130373256632,0.13750352374993502,-0.01854603283947843,0.11895749091045658,-0.1328917140033131,-0.1328917140033133,False
UFSP2,NEUTRAL,-0.01004931937247103,0.13750352374993502,-0.014498103222973346,0.12300542052696167,-0.1288437843868062,-0.12884378438680583,False
ZNF564,DIG,-0.7471125096053993,0.6780719051126378,-1.0778555125938176,-0.3997836074811798,-0.6230172319043605,-1.1922011937576533,True
NSA2,NEUTRAL,-0.04737756965904144,0.13750352374993502,-0.0683513847964705,0.06915213895346452,-0.18269706596030377,-0.18269706596030325,False
TLR5,DCG,0.8701229133877822,-0.7369655941662062,1.2553220121084105,0.5183564179422043,0.26650721302843383,1.140976330944575,True
ZPBP,DIG,-1.389463503990265,0.4854268271702419,-2.0045721067029576,-1.5191452795327156,-1.741401741244184,-2.118917787866775,True
KCNA7,DIG,-1.0446203186121372,0.560714954474479,-1.5070685532735792,-0.9463535987991002,-1.2123984512898611,-1.6214142344374058,True
AGTRAP,NEUTRAL,-0.046169635074494404,0.13750352374993502,-0.06660870356162622,0.0708948201883088,-0.18095438472546135,-0.18095438472546135,False
SORCS2,NEUTRAL,0.025402703558930418,0.13750352374993502,0.03664835444964134,0.17415187819957637,-0.07769732671419302,-0.07769732671419352,False
FAIM2,DIG,0.7829487090797149,0.4854268271702419,1.1295562198597204,1.6149830470299622,1.3511502985883312,1.0152105386958856,True
FGFR1OP2,DSG,-0.02190396743278952,1.1043366598147357,-0.0316007451910788,1.072735914623657,0.8187649640097451,-0.14594642635491378,False
SFTA1P,DSG,0.10979398549306049,1.0531113364595626,0.15839923839027317,1.2115105748498358,0.9545256632142437,0.04405355722643905,False
P2RY2,DIG,1.648193215259513,0.53605290024021,2.377840178081735,2.913893078321945,2.6822747230459956,2.263494496917899,True
EIF2D,DCG,-0.9708127748906229,1.1210154009613662,-1.4005867759663553,-0.2795713750049891,-0.5375580558032429,-1.5149324571301905,True
SNW1,NEUTRAL,-0.06293877625935929,0.13750352374993502,-0.09080146038899767,0.04670206336093735,-0.20514714155283248,-0.20514714155283267,False
MPHOSPH9,NEUTRAL,-0.000727225852864123,0.13750352374993502,-0.0010491651315333173,0.1364543586184017,-0.11539484629536843,-0.11539484629536843,False
NLGN1,DSG,0.041083336398318494,1.1210154009613662,0.05927072568502714,1.1802861266463933,0.9309006867745023,-0.05507495547880899,False
PCBD1,NEUTRAL,-0.059353674528653366,0.13750352374993502,-0.0856292519010258,0.05187427184890922,-0.1999749330648593,-0.19997493306485967,False
IGF2R,NEUTRAL,-0.016755208411408207,0.13750352374993502,-0.024172656084199665,0.11333086766573536,-0.13851833724803453,-0.13851833724803472,False
SUGCT-AS1,DIG,0.9559847921762296,0.632268215499513,1.3791945188379127,2.0114627343374254,1.7687771360214326,1.2648488376740774,True
LYST,DCG,-0.8545061602366912,1.1538053360790355,-1.2327917997825444,-0.07898646370350892,-0.33697327981580877,-1.3471374809463774,True
STAU1,DCG,-1.0291424118050376,1.3362833878644325,-1.4847386538796352,-0.14845526601520276,-0.4034239321146761,-1.5990843350434707,True
ADAMTS15,NEUTRAL,0.03564308874892814,0.13750352374993502,0.05142210738004384,0.18892563112997884,-0.06292357378378927,-0.06292357378378927,False
MAN1B1,NEUTRAL,0.028410905958398777,0.13750352374993502,0.04098827313334462,0.17849179688327965,-0.07335740803048874,-0.07335740803048857,False
CFAP57,NEUTRAL,-0.01837630345441724,0.13750352374993502,-0.02651140186355848,0.11099212188637654,-0.14085708302739222,-0.14085708302739186,False
COL12A1,DIG,0.9946907622213792,0.32192809488736235,1.435035429874847,1.7569635247622093,1.4970658245905686,1.3206897487110136,True
ADGRE5,DIG,-1.5954191387524916,0.5849625007211562,-2.301703279617561,-1.7167407788964049,-1.9318496413206359,-2.416048960781396,True
RUFY2,NEUTRAL,0.004515415957896616,0.13750352374993502,0.006514368210008337,0.14401789195994336,-0.1078313129538252,-0.10783131295382502,False
ENPP5,DIG,-1.3570066034033352,0.4329594072761063,-1.9577466971835682,-1.524787289907462,-1.786722726384985,-2.072092378347402,True
TAS2R15P,DIG,-0.7453218601740472,0.4854268271702419,-1.0752721515392354,-0.5898453243689935,-0.8585429839021194,-1.189617832703068,True
LINC00937,DIG,1.3780532112467136,0.53605290024021,1.988110533946745,2.524163434186955,2.2704015245418168,1.8737648527829107,True
KLF1,DIG,1.005259811466908,0.53605290024021,1.4502833448082826,1.9863362450484927,1.7693383066841817,1.3359376636444482,True
TTN-AS1,NEUTRAL,-0.02560209824904958,0.13750352374993502,-0.036936020180255845,0.10056750356967917,-0.15128170134408875,-0.15128170134408894,False
RORC,DCG,-1.1385339990009993,1.3923174227787602,-1.6425573542422216,-0.25023993146346135,-0.5025785955978633,-1.7569030354060573,True
SLC25A1P1,NEUTRAL,0.030695037534433308,0.13750352374993502,0.04428357843082753,0.18178710218076255,-0.07006210273300667,-0.07006210273300634,False
TOB1,DSG,0.012564696329371263,1.446256229889564,0.018127025084659684,1.4643832549742237,1.2248332163892268,-0.09621865607917604,False
MRPL24,DCG,-0.7548002082724575,1.2630344058337937,-1.0889465173366313,0.1740878884971624,-0.0896027159342949,-1.2032921985004663,True
SNORD73A,NEUTRAL,-0.02020552251737989,0.13750352374993502,-0.029150407134394252,0.10835311661554077,-0.14349608829822766,-0.14349608829822713,False
GAD1,NEUTRAL,-0.010756739463891803,0.13750352374993502,-0.015518694680691312,0.12198482906924371,-0.12986437584452482,-0.1298643758445257,False
PDCL3P4,DIG,1.3423417021878687,0.608809242675524,1.936589716924888,2.545398959600412,2.2829312935050274,1.8222440357610519,True
TMEM220-AS1,NEUTRAL,-0.02207612808583802,0.13750352374993502,-0.03184912051146808,0.10565440323846695,-0.14619480167530072,-0.14619480167530108,False
RB1,NEUTRAL,0.031925791659690235,0.13750352374993502,0.04605918130388933,0.18356270505382435,-0.06828649985994532,-0.06828649985994449,False
ANKS4B,DSG,0.016495164467848725,1.3504972470841334,0.023797491976413194,1.3742947390605467,1.11797074238464,-0.09054818918741969,False
CCNYL4,DIG,1.4064682973756195,0.5849625007211562,2.0291048377913503,2.6140673385125064,2.35322302532908,1.9147591566275115,True
TJAP1,DIG,-0.6075581075141319,0.608809242675524,-0.8765210687625217,-0.2677118260869976,-0.5308336369748805,-0.990866749926357,True
GTSF1,NEUTRAL,-0.058144758782270385,0.13750352374993502,-0.08388515514886649,0.05361836860106853,-0.19823083631270147,-0.19823083631270147,False
IL17RD,NEUTRAL,0.007735283286800653,0.13750352374993502,0.011159654837738583,0.1486631785876736,-0.1031860263260956,-0.10318602632609594,False
PTGER1,DIG,-0.6021757871935298,0.5849625007211562,-0.8687560219275133,-0.28379352120635715,-0.5101942162227727,-0.9831017030913464,True
MRPL39,DIG,-0.8462881344008116,0.5849625007211562,-1.2209356946632235,-0.6359731939420673,-0.9000806940789308,-1.3352813758270592,True
ZSWIM2,NEUTRAL,0.0005982688650907684,0.13750352374993502,0.0008631195247847199,0.13836664327471973,-0.11348256163904859,-0.11348256163904807,False
RNA5SP392,NEUTRAL,0.02218061321718931,0.13750352374993502,0.03199986069231522,0.16950338444225024,-0.08234582047151885,-0.082345820471518,False
WBP1L,NEUTRAL,0.022970506504277535,0.13750352374993502,0.03313943582042888,0.1706429595703639,-0.08120624534340531,-0.08120624534340481,False
FOXO3B,NEUTRAL,-0.004916508847651883,0.13750352374993502,-0.007093022932994084,0.13041050081694094,-0.12143870409682762,-0.1214387040968278,False
PLCG2,NEUTRAL,0.07768466216726018,0.13750352374993502,0.11207527686184074,0.24957880061177576,-0.002270404301994478,-0.0022704043019946387,False
MAFA,DCG,-1.0505707963614106,1.4329594072761063,-1.5156532780133762,-0.08269387073726997,-0.33077163722938413,-1.6299989591772062,True
RBX1P2,NEUTRAL,-0.03140654686155951,0.13750352374993502,-0.045310069408618744,0.09219345434131627,-0.1596557505724519,-0.1596557505724519,False
POLR2G,DIG,-1.5767931105042052,0.5109619192773794,-2.2748316010323,-1.7638696817549206,-1.9962017132411685,-2.3891772821961355,True
EPHX2,NEUTRAL,0.03162636709801927,0.13750352374993502,0.04562720297364628,0.1831307267235813,-0.06871847819018842,-0.06871847819018842,False
INSM2,DIG,-0.8729781177518557,0.4329594072761063,-1.2594412012851839,-0.8264817940090776,-1.0915175254093725,-1.3737868824490063,True
TNRC6B,NEUTRAL,0.05336684270217874,0.13750352374993502,0.07699207931433465,0.21449560306426968,-0.03735360184949914,-0.03735360184949914,False
MIR25,DSG,0.047395827292948424,1.485426827170242,0.06837772499436648,1.5538045521646084,1.3126545879458507,-0.04596795616946641,False
FAM135A-AS1,DIG,-0.9950912353568917,0.45943161863729726,-1.43561319048146,-0.9761815718441627,-1.2235929418273421,-1.5499588716452763,True
SUB1P1,NEUTRAL,0.013469129452276277,0.13750352374993502,0.019431846265890465,0.15693537001582547,-0.09491383489794238,-0.09491383489794204,False
STK36,NEUTRAL,0.03242587637374259,0.13750352374993502,0.046780651040877044,0.18428417479081205,-0.06756503012295585,-0.06756503012295585,False
CCDC126,DSG,0.08601836533252484,-3.321928094887362,0.12409826909060871,-3.1978298257967537,-3.4496790307105227,0.009752587926774156,False
MACO1,NEUTRAL,0.05405719365592767,0.13750352374993502,0.07798804521178118,0.2154915689617162,-0.036357635952053685,-0.036357635952053685,False
WNT2,DIG,0.8461203269312847,0.560714954474479,1.2206935996591128,1.7814085541335918,1.5280821028267737,1.1063479184952771,True
RN7SKP176,NEUTRAL,-0.014682815233278893,0.13750352374993502,-0.021182824723340387,0.11632069902659463,-0.13552850588717458,-0.13552850588717388,False
RDX,NEUTRAL,-0.038370128900013324,0.13750352374993502,-0.055356394682319524,0.0821471290676155,-0.16970207584615268,-0.16970207584615288,False
COQ3,DIG,-1.2584046507558089,0.35049724708413343,-1.8154941490770133,-1.46499690199288,-1.713658127747273,-1.9298398302408477,True
THAP10,NEUTRAL,-0.011469627214860324,0.13750352374993502,-0.016547174303724082,0.12095634944621093,-0.13089285546755747,-0.13089285546755625,False
RSPH3,NEUTRAL,-0.024110176841658757,0.13750352374993502,-0.03478363256441702,0.102719891185518,-0.14912931372824964,-0.14912931372824997,False
CCNA1,NEUTRAL,-0.05134079067369991,0.13750352374993502,-0.07406910410026521,0.06343441964966981,-0.18841478526409997,-0.18841478526410033,False
CKS1BP4,NEUTRAL,0.01956067558549615,0.13750352374993502,0.02822008966363312,0.16572361341356814,-0.08612559150020083,-0.08612559150020048,False
RPL23AP63,DIG,1.682172949802276,0.632268215499513,2.4268625725973028,3.059130788096816,2.8081527216304174,2.312516891433468,True
KLHL10,NEUTRAL,0.01281128440624864,0.13750352374993502,0.01848277648031302,0.15598630023024804,-0.09586290468352056,-0.09586290468352056,False
UBQLN4P1,DSG,0.040147336782371416,1.2927817492278462,0.057920363680826314,1.3507021129086725,1.0835089371994977,-0.05642531748300747,False
LACTB2,DCG,-0.8410725668713517,1.3219280948873624,-1.2134112212530501,0.10851687363431228,-0.14200695701489005,-1.327756902416885,True
LINC02648,DSG,0.012719096490975763,1.2479275134435854,0.01834977743211895,1.2662772908757043,1.013727888415524,-0.09599590373171339,False
PHLDA2,NEUTRAL,0.02015329124854687,0.13750352374993502,0.02907505334186952,0.16657857709180454,-0.08527062782196304,-0.08527062782196321,False
RAPGEF6,NEUTRAL,0.006599795923174849,0.13750352374993502,0.009521492849243553,0.14702501659917858,-0.10482418831459168,-0.10482418831459117,False
DHRS2,NEUTRAL,-0.04251829308263528,0.13750352374993502,-0.061340930577381436,0.07616259317255358,-0.17568661174121486,-0.17568661174121486,False
TMEM82,NEUTRAL,-0.0033532008801484816,0.13750352374993502,-0.004837646280894722,0.1326658774690403,-0.11918332744472841,-0.11918332744472825,False
TRPM5,NEUTRAL,-0.02764270914553343,0.13750352374993502,-0.039879999400997075,0.09762352434893795,-0.15422568056483105,-0.15422568056483157,False
ZSWIM6,NEUTRAL,0.028344734876581294,0.13750352374993502,0.04089280844175628,0.1783963321916913,-0.07345287272207775,-0.07345287272207741,False
GNRH1,NEUTRAL,0.019597994753936268,0.13750352374993502,0.028273929842871776,0.1657774535928068,-0.08607175132096138,-0.08607175132096155,False
GACAT3,NEUTRAL,0.0021818989200869687,0.13750352374993502,0.0031478147517304544,0.14065133850166547,-0.11119786641210261,-0.11119786641210261,False
PPIH,DIG,1.6076778178984434,0.4854268271702419,2.3193888152292743,2.8048156423995163,2.5620012946049853,2.2050431340654386,True
CCDC65,DIG,-1.36886712038698,0.35049724708413343,-1.9748578062182518,-1.6243605591341184,-1.878443689733948,-2.089203487382087,True
NME7,DCG,-1.0131640157511785,1.2479275134435854,-1.4616867011313728,-0.21375918768778734,-0.47378061752277467,-1.5760323822952065,True
PHF11,NEUTRAL,-0.010957073442820967,0.13750352374993502,-0.01580771551861397,0.12169580823132105,-0.1301533966824474,-0.13015339668244794,False
UMODL1-AS1,DIG,-0.8375885703405181,0.608809242675524,-1.2083848767355423,-0.5995756340600182,-0.8610589476435625,-1.3227305578993749,True
KRT18P33,DIG,-1.1283270569754362,0.4329594072761063,-1.6278318495993007,-1.1948724423231945,-1.421724485140035,-1.7421775307631306,True
TRIM5,NEUTRAL,0.03830969667167414,0.13750352374993502,0.05526920940618471,0.19277273315611973,-0.05907647175764784,-0.05907647175764767,False
ABCD2,DIG,-1.2538006681507108,0.6780719051126378,-1.8088520062042994,-1.1307801010916616,-1.3707705182514975,-1.9231976873681356,True
HELZ,DSG,0.0004166577483977274,1.1210154009613662,0.0006011100673613628,1.1216165110287275,0.8837956572119953,-0.11374457109647344,False
ZNF416,DIG,0.7645333989876104,0.5849625007211562,1.1029885433134088,1.6879510440345649,1.4354779894869443,0.9886428621495741,True
STK25,NEUTRAL,-0.03192820187054268,0.13750352374993502,-0.04606265850313365,0.09144086524680137,-0.16040833966696683,-0.16040833966696683,False
CABIN1,NEUTRAL,0.04337353555269339,0.13750352374993502,0.0625747846476919,0.20007830839762691,-0.051770896516142896,-0.051770896516142896,False
MBD3,NEUTRAL,0.003620760940444128,0.13750352374993502,0.005223653853023203,0.14272717760295822,-0.10912202731080983,-0.10912202731081018,False
LLCFC1,DIG,1.0893205846292828,0.4329594072761063,1.5715574053829329,2.0045168126590394,1.7682184298022265,1.4572117242190967,True
RPS27AP12,DIG,-1.5251965977318354,0.5109619192773794,-2.200393567928438,-1.6894316486510585,-1.9282089170416121,-2.3147392490922734,True
RNU6-88P,DSG,-0.03726967314955543,-3.321928094887362,-0.053768772628416166,-3.3756968675157784,-3.627546072429453,-0.16811445379224751,False
ZNF736,DSG,0.06357864167089493,1.2630344058337937,0.09172459104505652,1.3547589968788503,1.095935333042984,-0.02262109011877685,False
ONECUT1,NEUTRAL,-0.011163914544620228,0.13750352374993502,-0.016106124150431774,0.12139739959950324,-0.13045180531426506,-0.13045180531426523,False
RPL5P1,NEUTRAL,0.02923402324160888,0.13750352374993502,0.04217578035590183,0.17967930410583685,-0.07216990080793237,-0.07216990080793254,False
E2F3P2,NEUTRAL,-0.06034597401437316,0.13750352374993502,-0.08706083744815041,0.05044268630178461,-0.20140651861198366,-0.20140651861198366,False
HAAO,DIG,0.592396096070056,0.405992359675837,0.8546469100422518,1.2606392697180888,1.0177876126711285,0.740301228878417,True
ADGRG3,NEUTRAL,0.03400220596740774,0.13750352374993502,0.049054813928464266,0.1865583376783993,-0.0652908672353699,-0.06529086723536957,False
SNORD116-20,NEUTRAL,0.04505613082748119,0.13750352374993502,0.06500225650645146,0.2025057802563865,-0.04934342465738228,-0.04934342465738211,False
NQO1,NEUTRAL,-0.004241628676955942,0.13750352374993502,-0.006119376657536753,0.13138414709239826,-0.120465057821371,-0.12046505782137082,False
LDHAP5,NEUTRAL,-0.020465657095509873,0.13750352374993502,-0.02952570200022612,0.10797782174970891,-0.14387138316406017,-0.14387138316406106,False
OPLAH,DCG,-0.8145231681991629,1.1699250014423124,-1.1751085354500994,-0.005183534007787038,-0.2553607993965899,-1.2894542166139333,True
SDHCP3,DIG,-1.1844151054660448,0.4854268271702419,-1.7087497990098415,-1.2233229718395995,-1.4596291951316496,-1.8230954801736672,True
DTHD1,NEUTRAL,0.02043265342315946,0.13750352374993502,0.02947808776579506,0.16698161151573007,-0.08486759339803863,-0.08486759339803897,False
YAP1,NEUTRAL,0.009685068511357546,0.13750352374993502,0.013972600312005388,0.15147612406194041,-0.10037308085182853,-0.10037308085182836,False
DBT,NEUTRAL,0.005760528902750138,0.13750352374993502,0.008310686480895165,0.1458142102308302,-0.1060349946829398,-0.10603499468293998,False
CCL27,DIG,1.3823277349322378,0.292781749227846,1.994277368070013,2.287059117297859,2.0309593285174623,1.8799316869061808,True
RPL7P23,NEUTRAL,-0.02953815072014483,0.13750352374993502,-0.04261454356098371,0.09488898018895131,-0.15696022472481722,-0.15696022472481722,False
SLC41A2,NEUTRAL,0.02740001173180451,0.13750352374993502,0.03952986104577379,0.1770333847957088,-0.07481582011805919,-0.07481582011805936,False
KMT2A,NEUTRAL,-0.008738291357596902,0.13750352374993502,-0.012606689607447938,0.12489683414248708,-0.12695237077128105,-0.12695237077128174,False
VSIG8,DCG,-0.7117292646090513,1.070389327891398,-1.026808280507027,0.04358104738437096,-0.19444102849959977,-1.1411539616708601,True
SCN4B,NEUTRAL,0.029218475786637846,0.13750352374993502,0.04215335011971667,0.17965687386965168,-0.07219233104411575,-0.07219233104411592,False
WASF1,DIG,0.9144476209147003,0.4329594072761063,1.319269047846349,1.7522284551224552,1.495495987835197,1.2049233666825134,True
ANGPTL7,NEUTRAL,-0.036256783025148266,0.13750352374993502,-0.052307481068968556,0.08519604268096646,-0.16665316223280283,-0.16665316223280283,False
LRRC15,DSG,0.05933791907083908,1.1699250014423124,0.0856065215801702,1.2555315230224826,1.00855909700787,-0.02873915958366563,False
PAPOLB,DIG,-0.8834147305900307,0.632268215499513,-1.274498050870497,-0.6422298353709841,-0.8802520171324584,-1.3888437320343239,True
LINC02029,DSG,-0.05803447318218611,1.1375035237499351,-0.08372604666054344,1.0537774770893917,0.7966584208574523,-0.1980717278243764,False
SH3RF2,NEUTRAL,-0.02626867193673056,0.13750352374993502,-0.037897682733860266,0.09960584101607475,-0.1522433638976936,-0.15224336389769325,False
ANKMY2,DIG,1.4277630429043158,0.53605290024021,2.059826661562593,2.595879561802803,2.3588542131379504,1.9454809803987567,True
LAMP5,DSG,0.010432867434126154,1.4329594072761063,0.015051446109465766,1.448010853385572,1.2000658923452732,-0.09929423505436931,False
PSMA1,NEUTRAL,0.00047215617112811,0.13750352374993502,0.0006811773666116451,0.13818470111654665,-0.11366450379722239,-0.11366450379722273,False
ARPC2,NEUTRAL,-0.06208316901147092,0.13750352374993502,-0.08956708005552047,0.04793644369441455,-0.20391276121935437,-0.20391276121935473,False
USP25,DIG,-0.7469551092962968,0.560714954474479,-1.077628431948441,-0.516913477473962,-0.7783759065798584,-1.1919741131122759,True
CEMIP,NEUTRAL,-0.00879938126363711,0.13750352374993502,-0.012694823711940521,0.12480870003799449,-0.12704050487577556,-0.12704050487577487,False
ZNF808,DIG,1.6532296094273595,0.53605290024021,2.3851061589716496,2.9211590592118597,2.6630974389148476,2.2707604778078143,True
MTDH,DCG,-0.7994315000484908,1.185866545311334,-1.153335860650383,0.03253068466095099,-0.21630951267727713,-1.2676815418142164,True
H2AZ1-DT,NEUTRAL,-0.048348134161992455,0.13750352374993502,-0.0697516133917408,0.06775191035819422,-0.1840972945555745,-0.18409729455557466,False
AGR2,DIG,-0.9428900056960208,0.608809242675524,-1.3603027353214157,-0.7514934926458916,-0.9952933412446519,-1.4746484164852502,True
CPS1,NEUTRAL,0.03910792767692378,0.13750352374993502,0.05642081331894218,0.19392433706887718,-0.057924867844891564,-0.057924867844892564,False
PATL1,DIG,-0.8743581552817555,0.37851162325372983,-1.261432174585811,-0.8829205513320812,-1.1260421170263089,-1.3757778557496467,True
PRB2,DIG,1.0471551335675482,0.608809242675524,1.510725518239322,2.119534760914846,1.8681003187743979,1.396379837075486,True
PTH1R,NEUTRAL,0.004679658307501304,0.13750352374993502,0.00675131983328697,0.144254843583222,-0.10759436133054537,-0.10759436133054588,False
MAP3K4-AS1,NEUTRAL,-0.026379054692618933,0.13750352374993502,-0.03805693138838007,0.09944659236155495,-0.15240261255221385,-0.15240261255221405,False
TIMM21,NEUTRAL,0.03514494135931966,0.13750352374993502,0.050703432611423904,0.18820695636135892,-0.06364224855240953,-0.0636422485524092,False
SCARNA16,DSG,0.04973027539027251,1.185866545311334,0.07174562168758862,1.2576121669989226,1.0053449829429668,-0.042600059476244456,False
CAPN8,DCG,-0.8998353883760649,1.185866545311334,-1.2981880524265432,-0.11232150711520927,-0.373892881616064,-1.412533733590378,True
C2orf66,NEUTRAL,-0.019135581502273874,0.13750352374993502,-0.0276068085378571,0.10989671521207792,-0.14195248970169153,-0.14195248970169116,False
POLR1H,DIG,1.5362259474798674,0.560714954474479,2.216305556114154,2.777020510588633,2.512962187449768,2.101959874950318,True
TBCA,NEUTRAL,-0.0409882943707983,0.13750352374993502,-0.05913360902324773,0.07836991472668729,-0.17347929018708189,-0.17347929018708208,False
ME2,NEUTRAL,-0.009824432251342621,0.13750352374993502,-0.014173659688561595,0.12332986406137342,-0.12851934085239486,-0.1285193408523954,False
SRPRA,NEUTRAL,0.0436296205238173,0.13750352374993502,0.06294423716557856,0.20044776091551358,-0.05140144399825659,-0.05140144399825675,False
MYH4,NEUTRAL,-0.04408217296970164,0.13750352374993502,-0.06359713233499807,0.07390639141493695,-0.17794281349883212,-0.17794281349883265,False
RAMP3,DIG,0.9887418223507162,0.5109619192773794,1.4264529238248946,1.9374148431022742,1.7132195108401385,1.3121072426610603,True
CLK3,NEUTRAL,0.05482735549728444,0.13750352374993502,0.07909915388098851,0.21660267763092353,-0.03524652728284542,-0.03524652728284559,False
TGOLN2,DIG,1.4662593475315935,0.560714954474479,2.115365089340917,2.676080043815396,2.4183712823365515,2.0010194081770836,True
TENT4A,DSG,-0.05834750447075247,1.1699250014423124,-0.08417765534820122,1.0857473460941112,0.8394194773009167,-0.19852333651203566,False
VN1R108P,DSG,-0.05472718332459719,1.2172307162206693,-0.07895463598421754,1.1382760802364518,0.8833949115983701,-0.19330031714805063,False
LINC01668,DIG,-1.6000836393196167,0.4329594072761063,-2.308432731453976,-1.8754733241778696,-2.1124570132434846,-2.422778412617798,True
RASSF3,DIG,-0.6343983678542887,0.4854268271702419,-0.9152433792514347,-0.42981655208119285,-0.6677068505068604,-1.0295890604152698,True
MEI4,NEUTRAL,0.03418219452370801,0.13750352374993502,0.04931448252605542,0.18681800627599043,-0.06503119863777863,-0.0650311986377788,False
LRRC38,NEUTRAL,-0.017253930149815515,0.13750352374993502,-0.024892159462983413,0.1126113642869516,-0.13923784062681685,-0.13923784062681613,False
MIR4720,NEUTRAL,-0.03835303617383001,0.13750352374993502,-0.05533173509101959,0.08217178865891543,-0.16967741625485297,-0.16967741625485297,False
CAPN3,NEUTRAL,-0.0056821974303661255,0.13750352374993502,-0.008197678054141221,0.1293058456957938,-0.12254335921797414,-0.12254335921797398,False
CNPY2,DIG,1.460665692767013,0.45943161863729726,2.107295151351612,2.566726769988909,2.301979480765449,1.992949470187776,True
CA6,NEUTRAL,0.0034040366413699594,0.13750352374993502,0.004910986781508763,0.14241451053144377,-0.1094346943823245,-0.10943469438232416,False
PRR7-AS1,DIG,-0.6149436071020342,0.45943161863729726,-0.887176092392476,-0.4277444737551787,-0.7011446269229968,-1.0015217735563087,True
ARCN1,NEUTRAL,-0.0013545069480930159,0.13750352374993502,-0.0019541404568634386,0.1355493832930716,-0.11629982162069795,-0.1162998216206976,False
C22orf23,NEUTRAL,-0.0006846005927874014,0.13750352374993502,-0.0009876698802040286,0.136515853869731,-0.11533335104403834,-0.11533335104403818,False
RPL23A,DIG,1.7214549137512491,0.4854268271702419,2.4835344671828654,2.9689612943531074,2.7123422811169564,2.3691887860190293,True
PCDHA10,NEUTRAL,0.017157584091920603,0.13750352374993502,0.024753161483049225,0.16225668523298425,-0.08959251968078448,-0.08959251968078516,False
TMCC2,DCG,-0.9579942100141801,1.3362833878644325,-1.3820934959877977,-0.04581010812336528,-0.292594385785204,-1.4964391771516317,True
CBX7,NEUTRAL,0.007450447810415624,0.13750352374993502,0.010748724108488657,0.14825224785842367,-0.1035969570553463,-0.10359695705534595,False
RIC8B,NEUTRAL,-0.018574720654200207,0.13750352374993502,-0.026797657373712442,0.11070586637622258,-0.1411433385375465,-0.14114333853754685,False
CIBAR1,DCG,-0.942319623070316,1.1210154009613662,-1.3594798471359022,-0.238464446174536,-0.4878496655010851,-1.4738255282997377,True
SCAMP2,NEUTRAL,0.04619363612511114,0.13750352374993502,0.06664332975832711,0.20414685350826212,-0.047702351405507736,-0.04770235140550757,False
SPATA24,NEUTRAL,0.001195721161786135,0.13750352374993502,0.001725060990394847,0.13922858474032987,-0.11262062017343975,-0.11262062017344028,False
HCG4B,DIG,-1.000776086771185,0.53605290024021,-1.4438146974250516,-0.9077617971848416,-1.1810339922183932,-1.558160378588888,True
GGCX,DIG,-0.8625795095616074,0.632268215499513,-1.2444391808169653,-0.6121709653174523,-0.8640998559111353,-1.358784861980801,True
CNNM2,NEUTRAL,0.036066152627866666,0.13750352374993502,0.05203245954016769,0.1895359832901027,-0.062313221623666745,-0.062313221623667585,False
KSR1,DIG,-0.6454717390238193,0.4329594072761063,-0.9312188769236392,-0.4982594696475329,-0.7584958627549436,-1.045564558087473,True
RCAN3,NEUTRAL,0.01064570555442368,0.13750352374993502,0.015358506610131138,0.15286203036006615,-0.09898717455370229,-0.09898717455370229,False
LGALS4,DSG,-0.029733017323842804,1.0531113364595626,-0.04289567664377365,1.010215659815789,0.7498217878267274,-0.15724135780760776,False
ARHGEF25,DIG,-1.5383181170774394,0.405992359675837,-2.2193239188172695,-1.8133315591414325,-2.077981629245366,-2.3336695999811052,True
DOCK7,NEUTRAL,-0.0410906184817787,0.13750352374993502,-0.059281231510722524,0.0782222922392125,-0.17362691267455582,-0.1736269126745551,False
MORN5,NEUTRAL,-0.015137958391093973,0.13750352374993502,-0.021839457500014748,0.11566406624992027,-0.1361851386638479,-0.13618513866384807,False
ALG1L3P,NEUTRAL,0.021709058564910184,0.13750352374993502,0.031319551133964,0.16882307488389903,-0.08302613002986994,-0.08302613002987011,False
MCPH1-AS1,NEUTRAL,0.03799127912833637,0.13750352374993502,0.054809829995479266,0.19231335374541428,-0.05953585116835475,-0.059535851168354914,False
PRMT3,DIG,-1.408826557596664,0.5109619192773794,-2.032507088117377,-1.5215451688399972,-1.7588571523800989,-2.146852769281211,True
SOX9,DSG,0.019106312209462798,1.4059923596758368,0.027564581874268235,1.433556941550105,1.1787076222081614,-0.08678109928956675,False
RXYLT1-AS1,DIG,1.567438356765835,0.53605290024021,2.261335544205216,2.797388444445426,2.53765468878298,2.146989863041382,True
ZDHHC21,DIG,-1.0101074197584037,0.405992359675837,-1.4572769652505955,-1.0512846055747584,-1.2910611757008665,-1.5716226464144307,True
S100A7A,DCG,-0.7229715134502461,1.2479275134435854,-1.0430274171586587,0.20490009628492678,-0.04352879935836807,-1.1573730983224921,True
PYGM,DIG,1.5783303778538513,0.4854268271702419,2.2770494090141553,2.7624762361843973,2.5012133794898483,2.1627037278503187,True
EEF1A1P13,DSG,0.045271758513438086,-3.321928094887362,0.06531334149965984,-3.2566147533877023,-3.508463958301471,-0.04903233966417354,False
NPM1P40,DCG,-0.7859321160683541,1.2779847472997656,-1.1338603663271838,0.14412438097258184,-0.11600053867563036,-1.2482060474910062,True
PROSER2-AS1,DSG,0.09981200368404809,1.0179219079972623,0.14399828273616713,1.1619201907334296,0.9067160254529611,0.029652601572332852,False
NPFF,NEUTRAL,0.03930518122889629,0.13750352374993502,0.05670539004017066,0.19420891379010569,-0.05764029112366469,-0.057640291123663694,False
CTDSPL,NEUTRAL,-0.034458829525116426,0.13750352374993502,-0.04971358247072366,0.08778994127921136,-0.16405926363455686,-0.16405926363455742,False
FIGN,NEUTRAL,-0.019809628223410786,0.13750352374993502,-0.028579252399768787,0.10892427135016623,-0.14292493356360372,-0.14292493356360392,False
RNF114,DCG,-0.7608650003742479,1.185866545311334,-1.0976961628259068,0.08817038248542719,-0.16340486593998918,-1.2120418439897402,True
MTND4P23,NEUTRAL,0.054057861662822,0.13750352374993502,0.07798900894201491,0.21549253269194993,-0.03635667222181832,-0.036356672221817994,False
OR7E14P,NEUTRAL,0.01596539191423183,0.13750352374993502,0.02303319174051102,0.16053671549044604,-0.0913124894233219,-0.09131248942332208,False
TLE2,NEUTRAL,-0.06718747885162409,0.13750352374993502,-0.09693104254907019,0.04057248120086483,-0.2112767237129036,-0.21127672371290376,False
LAMA2,DIG,-1.2070053824347884,0.45943161863729726,-1.741340679564956,-1.2819090609276587,-1.5111423014607899,-1.855686360728791,True
AK4,NEUTRAL,0.07064554345958869,0.13750352374993502,0.10191997521005434,0.23942349895998938,-0.012425705953778546,-0.012425705953779191,False
FPR2,DIG,-1.6289570200315329,0.6553518286125543,-2.3500882146207562,-1.694736386008202,-1.9645365661112772,-2.464433895784589,True
EIF3F,NEUTRAL,-0.028036680018384625,0.13750352374993502,-0.04044837922551419,0.09705514452442082,-0.15479406038934823,-0.15479406038934823,False
CDC42SE1,DCG,-0.7499365049907799,1.1375035237499351,-1.0819296767317996,0.0555738470181355,-0.19512677972827433,-1.1962753578956342,True
SKP1,NEUTRAL,0.009177924992823216,0.13750352374993502,0.01324094687279693,0.15074447062273194,-0.10110473429103708,-0.1011047342910369,False
LINC02475,NEUTRAL,0.018581215046205586,0.13750352374993502,0.02680702680085219,0.16431055055078722,-0.08753865436298144,-0.08753865436298126,False
CCNT2-AS1,NEUTRAL,0.026046399180179668,0.13750352374993502,0.03757701093025957,0.17508053468019458,-0.07676867023357452,-0.07676867023357452,False
CHCHD6,DIG,1.5760922192448794,0.45943161863729726,2.2738204286882686,2.733252047325566,2.452856127891879,2.1594747475244334,True
ZNF607,DSG,-0.04845020062773402,1.1538053360790355,-0.06989886417570722,1.0839064719033282,0.81899463279833,-0.18424454533954163,False
LRP6,DIG,1.1830216623244552,0.5109619192773794,1.7067394854997093,2.2177014047770887,1.9487709699854512,1.5923938043358739,True
HES2,NEUTRAL,-0.005516204636944042,0.13750352374993502,-0.007958201074247875,0.12954532267568714,-0.12230388223808147,-0.12230388223808131,False
DEFB124,DSG,0.08402731077701095,1.1043366598147357,0.12122578455722946,1.2255624443719653,0.9742418901728571,0.006880103393393883,False
PRELID3A,NEUTRAL,-0.03802696072309034,0.13750352374993502,-0.05486130765528183,0.08264221609465319,-0.16920698881911578,-0.1692069888191165,False
EXOSC5,DIG,1.5404792154471765,0.5109619192773794,2.2224417247181627,2.7334036439955423,2.4813238181099604,2.1080960435543266,True
LINC01970,DSG,-0.0812611701789623,1.1375035237499351,-0.11723508723402304,1.020268436515912,0.7617848202894012,-0.23158076839785544,False
ZNF460,DIG,1.336356444672617,0.53605290024021,1.9279548155891912,2.464007715829401,2.2172285396926434,1.813609134425356,True
RPS7P3,DCG,-0.901017435569059,1.3219280948873624,-1.2998933860499726,0.022034708837389783,-0.23339470296373752,-1.4142390672138074,True
TRIM66,NEUTRAL,0.01999088187126158,0.13750352374993502,0.028840746138666162,0.16634426988860118,-0.08550493502516689,-0.08550493502516689,False
DM1-AS,DIG,-0.7356511408932507,0.53605290024021,-1.0613202527910008,-0.5252673525507908,-0.7720465286875481,-1.175665933954835,True
DAP3,DCG,-0.816072588184754,1.232660756790275,-1.177343875979566,0.05531688081070896,-0.19665498786870456,-1.291689557143401,True
LINC00922,NEUTRAL,0.02370339930351512,0.13750352374993502,0.03419677662739217,0.1717003003773272,-0.0801489045364419,-0.08014890453644173,False
MEAF6,NEUTRAL,-0.016486038826579754,0.13750352374993502,-0.02378432645900952,0.1137191972909255,-0.13813000762284378,-0.13813000762284378,False
SATB1-AS1,NEUTRAL,-0.01591685310958509,0.13750352374993502,-0.022963165047756487,0.11454035870217853,-0.13730884621159103,-0.13730884621159067,False
DUXAP1,DIG,1.5943920740881585,0.4854268271702419,2.300221538519655,2.785648365689897,2.5264184486761194,2.1858758573558146,True
PPIAP3,DSG,-0.032151965062943204,1.0,-0.046385480551143374,0.9536145194488567,0.7050952363716915,-0.16073116171497598,False
SCAT2,NEUTRAL,-0.005047617738469315,0.13750352374993502,-0.007282173079592846,0.13022135067034218,-0.12162785424342734,-0.12162785424342734,False
ZSCAN18,DIG,-1.524342291920956,0.53605290024021,-2.1991610651716798,-1.6631081649314696,-1.9159547486136634,-2.3135067463355146,True
CTAGE11P,NEUTRAL,-0.040917400599616516,0.13750352374993502,-0.059031330931133844,0.07847219281880118,-0.17337701209496809,-0.17337701209496825,False
IL34,NEUTRAL,-0.020892601161929057,0.13750352374993502,-0.030141652087586047,0.10736187166234898,-0.1444873332514193,-0.14448733325141966,False
ASXL1,DSG,-0.059323621557779795,1.1538053360790355,-0.08558589462898251,1.068219441450053,0.8181305547333838,-0.1999315757928178,False
COMMD1,DIG,0.8881795216174538,0.560714954474479,1.2813721912566325,1.8420871457311114,1.6095625656474177,1.1670265100927975,True
TFPI2-DT,DIG,1.0205638810877327,0.53605290024021,1.4723624501556656,2.0084153503958757,1.7665483842230116,1.3580167689918285,True
DRAP1,DIG,0.6375650638326517,0.4854268271702419,0.919811955835422,1.4052387830056638,1.162944810697288,0.8054662746715867,True
EEF1A1P9,NEUTRAL,-0.007868011175721196,0.13750352374993502,-0.011351140704871912,0.1261523830450631,-0.12569682186870662,-0.1256968218687068,False
TSPAN32,NEUTRAL,0.0020247446394471274,0.13750352374993502,0.0029210890503968833,0.14042461280033192,-0.11142459211343737,-0.11142459211343686,False
WDR55,NEUTRAL,-0.008369860797578706,0.13750352374993502,-0.012075156665597744,0.12542836708433727,-0.12642083782943253,-0.12642083782943184,False
CKS1BP7,DCG,-0.6962354674552607,1.2172307162206693,-1.0044554561887138,0.21277526003195546,-0.04110046177115229,-1.1188011373525477,True
PDE4D,NEUTRAL,0.032284793894801565,0.13750352374993502,0.0465771120481525,0.18408063579808753,-0.06776856911568212,-0.06776856911568212,False
LINC00323,DIG,-1.5370387662632843,0.5109619192773794,-2.2174782057421307,-1.7065162864647512,-1.9580725757022595,-2.3318238869059646,True
MPI,NEUTRAL,-0.06296036940130165,0.13750352374993502,-0.09083261270779512,0.0466709110421399,-0.20517829387162811,-0.20517829387162828,False
LINC00924,DIG,-1.5817201745854557,0.37851162325372983,-2.2819398519484624,-1.9034282286947326,-2.161003776006561,-2.3962855331122976,True
TPPP2,NEUTRAL,0.021815034173651767,0.13750352374993502,0.03147244161915067,0.16897596536908568,-0.08287323954468237,-0.08287323954468237,False
CSNK1A1,NEUTRAL,-0.014434213034437662,0.13750352374993502,-0.020824167563918052,0.11667935618601696,-0.13516984872775184,-0.13516984872775167,False
MYOT,NEUTRAL,-0.03946895489259629,0.13750352374993502,-0.05694166549261886,0.08056185825731615,-0.17128734665645318,-0.171287346656453,False
SEC61A1,DIG,-1.319462629026064,0.632268215499513,-1.9035821915342168,-1.2713139760347039,-1.5550833484619608,-2.017927872698053,True
PSMC2,DIG,-0.8317052188753917,0.608809242675524,-1.1998969947529976,-0.5910877520774735,-0.8404390465883592,-1.3142426759168335,True
HERPUD1,NEUTRAL,0.09692001077607457,0.13750352374993502,0.13982601890954768,0.27732954265948273,0.025480337745713275,0.025480337745713275,False
GSDMD,DCG,-0.8150293717644732,1.1375035237499351,-1.1758388328234528,-0.038335309073517676,-0.29180959943025886,-1.2901845139872867,True
ARFGAP1,DCG,-0.9371000877859157,1.3504972470841334,-1.351949649465353,-0.0014524023812194642,-0.2644358222949215,-1.4662953306291884,True
BMP8A,NEUTRAL,0.08221957823920134,0.13750352374993502,0.11861777778967791,0.25612130153961293,0.004272096625842999,0.0042720966258433185,False
ZIC1,DSG,-0.07746544450884155,1.4195388915137848,-0.11175901263316489,1.3077798788806199,1.0649418534536539,-0.2261046937970005,False
VIPR1-AS1,NEUTRAL,0.04706945660054524,0.13750352374993502,0.06790687161494491,0.20541039536487993,-0.04643880954889002,-0.04643880954889052,False
ERICH3-AS1,NEUTRAL,-0.019648784753150756,0.13750352374993502,-0.028347204322865274,0.10915631942706974,-0.14269288548669906,-0.1426928854866987,False
EMC3,DIG,0.7510646112415797,0.4854268271702419,1.0835571900254244,1.5689840171956662,1.319421601727898,0.9692115088615887,True
CCDC183,NEUTRAL,0.022333783669451882,0.13750352374993502,0.032220838944205146,0.16972436269414015,-0.082124842219628,-0.08212484221962715,False
PI3,DCG,-0.8691665160797821,1.232660756790275,-1.2539422224550392,-0.021281465664764188,-0.2583769706949851,-1.3682879036188729,True
DNAJB6,DIG,0.8336443448150663,0.53605290024021,1.2026945621298253,1.7387474623700352,1.5061780978110106,1.0883488809659905,True
CEACAMP5,DIG,0.9091722033053518,0.5109619192773794,1.3116582290227234,1.822620148300103,1.5764915393088097,1.1973125478588884,True
LINC02641,NEUTRAL,-0.06305525828618522,0.13750352374993502,-0.09096950843145213,0.04653401531848289,-0.20531518959528616,-0.20531518959528616,False
COX5A,NEUTRAL,0.02918565969663691,0.13750352374993502,0.04210600650941096,0.17960953025934598,-0.07223967465442287,-0.0722396746544227,False
GPD2,NEUTRAL,0.013851381353042933,0.13750352374993502,0.0199833191874969,0.15748684293743193,-0.09436236197633836,-0.09436236197633803,False
TMEM150A,DIG,-1.2025065839542364,0.5849625007211562,-1.7348502853071048,-1.1498877845859488,-1.4000454766026693,-1.8491959664709399,True
ANKRD24,NEUTRAL,-0.00993657769061425,0.13750352374993502,-0.014335451357657087,0.12316807239227794,-0.12868113252149202,-0.12868113252149185,False
FBXO31,NEUTRAL,0.017494210867855933,0.13750352374993502,0.025238811263321566,0.16274233501325658,-0.08910686990051173,-0.08910686990051275,False
PRICKLE2-AS2,NEUTRAL,-0.008388778441751996,0.13750352374993502,-0.01210244905703185,0.12540107469290318,-0.12644813022086507,-0.1264481302208649,False
PUS3,NEUTRAL,-0.08464122115481419,0.13750352374993502,-0.12211147001483645,0.015392053735098568,-0.23645715117867142,-0.23645715117867125,False
SLC26A7,DCG,0.653275191029323,-0.7369655941662062,0.9424768784337945,0.20551128426758825,-0.04633792064618137,0.8281311972699593,True
ADCK1,NEUTRAL,-0.008503774897986824,0.13750352374993502,-0.012268353874161642,0.12523516987577338,-0.12661403503799532,-0.12661403503799498,False
CDH23,NEUTRAL,0.017567687448225844,0.13750352374993502,0.025344815561442715,0.16284833931137774,-0.08900086560239087,-0.0890008656023907,False
MIR877,DIG,1.2277138707972135,0.45943161863729726,1.7712167130297334,2.2306483316670307,1.964774213464896,1.6568710318658966,True
FAM47E,DIG,-1.3974605333635388,0.560714954474479,-2.0161093813216233,-1.4553944268471444,-1.7064504132933866,-2.1304550624854577,True
ART3,DIG,1.55365326212913,0.4854268271702419,2.2414478565346565,2.7268746837048985,2.4768713413256274,2.1271021753708217,True
MAPRE3,DIG,-0.7729487344702907,0.632268215499513,-1.1151293060816885,-0.4828610905821755,-0.7403446836906946,-1.2294749872455235,True
PPFIA3,DIG,1.4957356365202217,0.53605290024021,2.157890385288621,2.693943285528831,2.4231284093005576,2.043544704124785,True
CDSN,DIG,-1.386997884824656,0.632268215499513,-2.001014970160013,-1.3687467546604999,-1.6353457067183839,-2.1153606513238477,True
GDF6,DCG,-0.8589328731625901,1.2779847472997656,-1.2391781965681778,0.038806550731587786,-0.21177225688077742,-1.3535238777320129,True
DOCK10,NEUTRAL,-0.026506957065864763,0.13750352374993502,-0.03824145550797976,0.09926206824195526,-0.1525871366718133,-0.15258713667181295,False
NSMAF,DCG,-0.8715862517388868,1.185866545311334,-1.2574331630906916,-0.07156661777935769,-0.32195329934130684,-1.3717788442545258,True
ASAP2,DIG,0.7410149087884395,0.45943161863729726,1.0690585341338692,1.5284901527711665,1.2696630699185258,0.9547128529700348,True
DPM1,DCG,-0.9650711678474096,1.2630344058337937,-1.3923033879583784,-0.1292689821245847,-0.3869231830240806,-1.5066490691222119,True
SLC25A39,NEUTRAL,0.0017719611233288528,0.13750352374993502,0.002556399525274573,0.14005992327520958,-0.11178928163856015,-0.11178928163855999,False
PCDHGA6,NEUTRAL,-0.01637329616687895,0.13750352374993502,-0.023621673182962537,0.11388185056697248,-0.137967354346797,-0.13796735434679683,False
EPPIN,DCG,-0.8247314245950818,1.1210154009613662,-1.1898359363286146,-0.06882053536724841,-0.32055836811141747,-1.304181617492446,True
CLEC20A,DCG,-0.9328455835527777,1.3219280948873624,-1.3458116973067635,-0.02388360241940113,-0.2726301788703837,-1.4601573784705955,True
PLEKHA8,DSG,0.019175124352301717,1.1699250014423124,0.027663856811494886,1.1975888582538072,0.9406713460647946,-0.08668182435234024,False
RPSAP11,NEUTRAL,-0.020781128535940177,0.13750352374993502,-0.02998083108287702,0.107522692667058,-0.14432651224671136,-0.1443265122467112,False
LINC02569,DIG,0.7077685599044722,0.53605290024021,1.0210941914713052,1.5571470917115153,1.2868667812607664,0.90674851030747,True
LINC02157,DIG,-0.5600643893256606,0.4854268271702419,-0.8080021170586362,-0.32257528988839435,-0.5662148363466213,-0.9223477982224636,True
HMBOX1,NEUTRAL,-0.02155264973323778,0.13750352374993502,-0.031093900888158988,0.10640962286177603,-0.14543958205199287,-0.14543958205199253,False
CRYZ,NEUTRAL,0.014097747351862158,0.13750352374993502,0.020338750192237052,0.15784227394217207,-0.09400693097159772,-0.09400693097159739,False
FBXW12,NEUTRAL,-0.005773660647285524,0.13750352374993502,-0.008329631583614588,0.12917389216632044,-0.12267531274744858,-0.1226753127474484,False
USP30-AS1,NEUTRAL,0.0011132794850222632,0.13750352374993502,0.0016061227921650382,0.13910964654210006,-0.11273955837166959,-0.11273955837166942,False
SLC22A15,NEUTRAL,0.01807889839379878,0.13750352374993502,0.026082337057468947,0.16358586080740398,-0.08826334410636376,-0.08826334410636359,False
TRNAU1AP,NEUTRAL,0.053377747648464736,0.13750352374993502,0.07700781182626261,0.21451133557619761,-0.03733786933757114,-0.03733786933757065,False
CRNN,DCG,-0.8479743684995861,1.1043366598147357,-1.2233684162353033,-0.11903175642056762,-0.37866312095521487,-1.337714097399139,True
CARD16,NEUTRAL,-0.05040276198423338,0.13750352374993502,-0.07271581476176027,0.06478770898817475,-0.18706149592559534,-0.18706149592559554,False
FCGRT,DIG,0.9981353517776648,0.608809242675524,1.440004922145598,2.048814164821122,1.7661370296259726,1.325659240981762,True
ACTR3C,DIG,-1.1011506253714785,0.5109619192773794,-1.588624546495213,-1.0776626272178333,-1.3121262357876666,-1.702970227659047,True
CYRIA,NEUTRAL,0.00033679037577912267,0.13750352374993502,0.0004858858049556708,0.1379894095548907,-0.11385979535887746,-0.11385979535887762,False
VDR,DIG,-1.3083664463330131,0.53605290024021,-1.887573783790154,-1.3515208835499442,-1.6144397141978444,-2.001919464953989,True
SF1,DIG,1.6671389123736682,0.53605290024021,2.4051730413545114,2.9412259415947215,2.693912525950574,2.2908273601906752,True
QRSL1P3,DIG,-1.1383145342863412,0.560714954474479,-1.6422407335867344,-1.0815257791122552,-1.3203573887087277,-1.7565864147505565,True
CEND1,NEUTRAL,-0.025156954498156463,0.13750352374993502,-0.03629381349835963,0.10120971025157538,-0.15063949466219284,-0.15063949466219265,False
SLC6A1,DIG,-1.0185147505897238,0.45943161863729726,-1.469406179748054,-1.0099745611107567,-1.2586211084089614,-1.583751860911888,True
OSBPL1A,NEUTRAL,0.0713183819184936,0.13750352374993502,0.10289067591803583,0.24039419966797085,-0.011455005245799144,-0.011455005245798983,False
DNAAF4-CCPG1,NEUTRAL,0.03286317966946882,0.13750352374993502,0.047411546336985674,0.1849150700869207,-0.06693413482684728,-0.06693413482684778,False
ANP32E,DCG,-0.9652323759645348,1.1210154009613662,-1.392535962109506,-0.2715205611481397,-0.5306181171924576,-1.5068816432733403,True
IZUMO1,DIG,-0.5808199334284945,0.560714954474479,-0.8379460376067469,-0.27723108313226785,-0.5388200541771535,-0.9522917187705812,True
LINC00402,NEUTRAL,-0.031079132748179455,0.13750352374993502,-0.04483771069092828,0.09266581305900673,-0.15918339185476202,-0.1591833918547615,False
ANKRD40,DSG,-0.012326299460869175,1.3645724322958561,-0.017783091104708264,1.3467893411911478,1.0954389286938357,-0.13212877226854147,False
PACSIN1,DIG,1.4453676086577585,0.4854268271702419,2.0852246812720883,2.5706515084423303,2.30461683279915,1.9708790001082528,True
ELMOD2,NEUTRAL,0.015419390924286479,0.13750352374993502,0.022245478819996393,0.1597490025699314,-0.09210020234383742,-0.09210020234383794,False
KIF26B,DCG,-0.8901036643980457,1.4329594072761063,-1.2841481425041548,0.1488112647719515,-0.10464172135318744,-1.3984938236679894,True
ARHGDIB,DIG,-1.1718651008976115,0.632268215499513,-1.690643969655829,-1.0583757541563161,-1.308832201532796,-1.804989650819665,True
CEP89,DSG,-0.029259322720550873,1.0874628412503395,-0.04221227978870852,1.045250561461631,0.781877384296267,-0.15655796095254262,False
BAZ1A,DIG,-0.6316687954049958,0.560714954474479,-0.9113054386150926,-0.35059048414061356,-0.5971789777535716,-1.0256511197789289,True
COL5A1,NEUTRAL,0.03580377759477304,0.13750352374993502,0.051653932381070446,0.18915745613100546,-0.06269174878276484,-0.06269174878276501,False
CCN4,DCG,2.0794415416798357,-3.321928094887362,3.0,-0.3219280948873622,-0.5737772998011312,2.885654318836167,True
LINC02666,NEUTRAL,0.024230187713720104,0.13750352374993502,0.03495677165439268,0.1724602954043277,-0.07938890950944047,-0.07938890950944064,False
AFF3,NEUTRAL,-0.012792491005194797,0.13750352374993502,-0.018455663333811205,0.11904786041612381,-0.13280134449764505,-0.13280134449764505,False
C6orf120,NEUTRAL,-0.023393063119204242,0.13750352374993502,-0.033749056153278466,0.10375446759665655,-0.1480947373171127,-0.1480947373171129,False
MIR3681HG,NEUTRAL,-0.011249147303630198,0.13750352374993502,-0.016229089029176743,0.12127443472075827,-0.1305747701930104,-0.1305747701930109,False
FUT10,NEUTRAL,0.055102200379488334,0.13750352374993502,0.07949567122955778,0.2169991949794928,-0.03485000993427529,-0.034850009934275616,False
MUSTN1,NEUTRAL,-0.05654742238422147,0.13750352374993502,-0.08158068584876987,0.055922837901165146,-0.19592636701260419,-0.19592636701260474,False
KCNJ15,DIG,-0.628461346320944,0.53605290024021,-0.9066780677276273,-0.37062516748741725,-0.6200081670153158,-1.0210237488914613,True
KCTD9,NEUTRAL,-0.012180144292203075,0.13750352374993502,-0.01757223376767339,0.11993128998226163,-0.1319179149315081,-0.1319179149315081,False
RAD51AP2,NEUTRAL,-0.001863287884130155,0.13750352374993502,-0.0026881561901830643,0.13481536755975196,-0.11703383735401662,-0.11703383735401628,False
WDSUB1,NEUTRAL,0.023567731081541005,0.13750352374993502,0.034001048756343896,0.17150457250627893,-0.08034463240748907,-0.08034463240748874,False
DAB1,NEUTRAL,-0.05159704443359181,0.13750352374993502,-0.0744388001288704,0.06306472362106462,-0.18878448129270434,-0.1887844812927045,False
ATP6V0D1,NEUTRAL,0.04593573072029371,0.13750352374993502,0.06627125090977855,0.20377477465971355,-0.04807443025405611,-0.04807443025405611,False
NUCB2,NEUTRAL,0.03461901929618344,0.13750352374993502,0.04994468745904318,0.1874482112089782,-0.0644009937047907,-0.06440099370479037,False
NECAP1P1,DIG,-1.1116663428396025,0.53605290024021,-1.6037955199378648,-1.067742619697655,-1.2962077749323897,-1.7181412011016932,True
LINC02204,NEUTRAL,0.01690073829774621,0.13750352374993502,0.024382611329520642,0.16188613507945565,-0.08996306983431356,-0.08996306983431304,False
M6PR,DIG,-0.8504774063387883,0.53605290024021,-1.2269795365130778,-0.6909266362728678,-0.9480071386211116,-1.3413252176769124,True
SYNJ2BP-COX16,NEUTRAL,0.011686417799451955,0.13750352374993502,0.01685993700502585,0.15436346075496088,-0.09748574415880915,-0.09748574415880933,False
POMT2,NEUTRAL,0.03803685359605059,0.13750352374993502,0.05487558005404173,0.19237910380397674,-0.05947010110979202,-0.05947010110979202,False
LARGE1,NEUTRAL,0.03047050794206608,0.13750352374993502,0.04395965070138651,0.18146317445132154,-0.07038603046244704,-0.07038603046244739,False
RAMACL,NEUTRAL,0.03879134154160915,0.13750352374993502,0.055964076071509564,0.19346759982144457,-0.05838160509232447,-0.058381605092324304,False
UIMC1,DIG,-1.1538313498042956,0.37851162325372983,-1.6646267663848762,-1.2861151431311464,-1.5590399065329135,-1.7789724475487119,True
HNRNPKP1,NEUTRAL,0.021792930818929742,0.13750352374993502,0.031440553218906195,0.16894407696884123,-0.08290512794492856,-0.08290512794492891,False
METTL21EP,NEUTRAL,-0.05880818197290154,0.13750352374993502,-0.08484227249600079,0.05266125125393423,-0.19918795365983485,-0.1991879536598343,False
LINC02828,DIG,-1.008805134184129,0.4329594072761063,-1.4553981643107683,-1.022438757034662,-1.2906237132570075,-1.5697438454745936,True
ALAD,NEUTRAL,-0.002868323513648187,0.13750352374993502,-0.004138116108805446,0.13336540764112959,-0.11848379727264048,-0.11848379727264083,False
SLC47A1P1,NEUTRAL,-0.005144464140165084,0.13750352374993502,-0.007421892903047272,0.13008163084688776,-0.12176757406688044,-0.12176757406688096,False
NEMP2,NEUTRAL,-0.011171088662164076,0.13750352374993502,-0.016116474214235038,0.12138704953569998,-0.13046215537807018,-0.13046215537807018,False
CCL15,NEUTRAL,0.011466939958934223,0.13750352374993502,0.016543297412925897,0.15404682116286092,-0.09780238375090806,-0.09780238375090806,False
VANGL1,NEUTRAL,0.004611690849589831,0.13750352374993502,0.0066532635188162595,0.14415678726875128,-0.10769241764501775,-0.10769241764501775,False
KRBA2,NEUTRAL,0.03772844076611316,0.13750352374993502,0.05443063439374446,0.19193415814367948,-0.059915046770089894,-0.05991504677008956,False
OSMR,DSG,-0.030276696182184235,-3.321928094887362,-0.04368003943653901,-3.3656081343239013,-3.6174573392376708,-0.1580257206003735,False
HSPB2-C11orf52,NEUTRAL,-0.02272258346633746,0.13750352374993502,-0.032781758483070605,0.10472176526686441,-0.1471274396469059,-0.1471274396469057,False
SNORD98,NEUTRAL,-0.008904951202571142,0.13750352374993502,-0.012847128939307596,0.12465639481062743,-0.1271928101031407,-0.12719281010314124,False
HBD,NEUTRAL,-0.00026109580996566223,0.13750352374993502,-0.0003766816302343481,0.13712684211970066,-0.11472236279406785,-0.11472236279406785,False
TPTE2,NEUTRAL,-0.0396909200983831,0.13750352374993502,-0.05726189359425739,0.08024163015567763,-0.1716075747580916,-0.1716075747580916,False
LTN1,DIG,1.2811340370394257,0.45943161863729726,1.8482857219508373,2.3077173405881344,2.054302213604008,1.7339400407870018,True
AP2A2,NEUTRAL,0.05080120975191019,0.13750352374993502,0.07329065338024088,0.2107941771301759,-0.041055027783592934,-0.041055027783592934,False
PSTPIP1,NEUTRAL,0.033903507229155146,0.13750352374993502,0.04891242174824525,0.18641594549818027,-0.06543325941558871,-0.06543325941558921,False
LINC01915,NEUTRAL,-0.021402669803760068,0.13750352374993502,-0.030877525587668615,0.10662599816226641,-0.14522320675150271,-0.14522320675150252,False
PHAX,NEUTRAL,0.041710610666032225,0.13750352374993502,0.06017569116033499,0.19767921491027002,-0.054169990003499535,-0.054169990003500035,False
EXD2,NEUTRAL,-0.016565534314506435,0.13750352374993502,-0.02389901420521439,0.11360450954472062,-0.13824469536904985,-0.13824469536904932,False
BCS1L,NEUTRAL,-0.0486720838247582,0.13750352374993502,-0.07021897396371059,0.06728454978622443,-0.18456465512754464,-0.18456465512754516,False
CFDP1,NEUTRAL,0.035291955907640796,0.13750352374993502,0.050915529771225335,0.18841905352116034,-0.06343015139260974,-0.06343015139260991,False
KIF1C,NEUTRAL,-0.037664268361225266,0.13750352374993502,-0.05433805318345078,0.08316547056648424,-0.16868373434728606,-0.1686837343472859,False
PARS2,NEUTRAL,-0.03367212036830632,0.13750352374993502,-0.04857860107157179,0.08892492267836323,-0.1629242822354062,-0.162924282235406,False
CAP2,DIG,0.9655875098197656,0.560714954474479,1.393048311961299,1.9537632664357782,1.7005715031392068,1.2787026307974638,True
LINC02620,NEUTRAL,-0.03201622631487474,0.13750352374993502,-0.04618965093244852,0.0913138728174865,-0.16053533209628262,-0.16053533209628246,False
ANTKMT,DSG,-0.07429061942689501,1.2630344058337937,-0.10717870823175071,1.1558556976020429,0.9093174911974823,-0.22152438939558555,False
RPS17P5,DIG,-0.9794877893210125,0.5109619192773794,-1.4131021762647187,-0.9021402569873392,-1.1502770049281126,-1.5274478574285402,True
RPA2P2,NEUTRAL,0.02785669570189042,0.13750352374993502,0.040188716744670214,0.17769224049460525,-0.07415696441916346,-0.0741569644191633,False
C2CD2L,NEUTRAL,0.06291905331416547,0.13750352374993502,0.09077300619377483,0.22827652994370984,-0.02357267497005802,-0.02357267497005802,False
GGT5,NEUTRAL,0.021768346331543512,0.13750352374993502,0.031405085300871285,0.1689086090508063,-0.08294059586296343,-0.08294059586296376,False
RASAL2,DCG,-0.9260416018703143,1.232660756790275,-1.3359956266751742,-0.10333486988489926,-0.3612643854892002,-1.45034130783901,True
SUB1,DSG,0.033969216958348675,1.185866545311334,0.04900722084869091,1.2348737661600249,0.9895063162493573,-0.06533846031514318,False
NAMPT,DIG,-1.019949465961426,0.560714954474479,-1.471476036499896,-0.910761082025417,-1.166324980458797,-1.5858217176637321,True
RIOK1,DIG,-0.7264520491236197,0.560714954474479,-1.0480487687142719,-0.48733381423979283,-0.7522842862904036,-1.1623944498781065,True
FGF17,NEUTRAL,-0.009642124935965895,0.13750352374993502,-0.013910645828749811,0.1235928779211852,-0.12825632699258527,-0.1282563269925851,False
CDC14C,DIG,-1.5310566649673967,0.5109619192773794,-2.2088478578684585,-1.697885938591079,-1.927991659464038,-2.3231935390322906,True
F12,DIG,1.0733331668557764,0.608809242675524,1.5484924370444748,2.157301679719999,1.887838722834909,1.4341467558806402,True
SNX4,DIG,0.5594398286270531,0.5109619192773794,0.8071010664360211,1.3180629857134005,1.0433120087066283,0.6927553852721852,True
ZNF570,DSG,0.021538775691375873,1.2479275134435854,0.031073884876767727,1.2790013983203532,1.0230187128807038,-0.08327179628706748,False
PF4,DIG,1.561366259414936,0.560714954474479,2.252575359469279,2.813290313943758,2.5505587303877775,2.138229678305443,True
MRPS23,DSG,-0.014131472749652783,-0.7369655941662062,-0.020387405656381596,-0.7573529998225879,-1.0092022047363585,-0.13473308682021704,False
LHX4,DCG,-0.8702243948852875,1.2779847472997656,-1.2554684189616032,0.022516328338162417,-0.24033628042637656,-1.3698141001254378,True
DCAF4,NEUTRAL,-0.004017921145297896,0.13750352374993502,-0.005796634911004179,0.13170688883893084,-0.12014231607483782,-0.12014231607483798,False
VCAM1,NEUTRAL,0.0301014528703339,0.13750352374993502,0.04342721677958357,0.18093074052951857,-0.07091846438425094,-0.07091846438425077,False
LINC02610,NEUTRAL,-0.014345207949363014,0.13750352374993502,-0.020695760369066958,0.11680776338086807,-0.13504144153290124,-0.1350414415329009,False
CSRP2,DIG,-1.4522424160024665,0.5109619192773794,-2.0951429317353654,-1.5841810124579858,-1.8416502379905733,-2.2094886128992,True
LINC01140,NEUTRAL,0.03308147340585057,0.13750352374993502,0.047726477627920746,0.18523000137785578,-0.06661920353591294,-0.06661920353591294,False
MIR3605,NEUTRAL,-0.031071592590426193,0.13750352374993502,-0.04482683254273013,0.0926766912072049,-0.15917251370656318,-0.15917251370656318,False
SIK3,NEUTRAL,0.036776886001393935,0.13750352374993502,0.05305783105354977,0.1905613548034848,-0.061287850110283225,-0.061287850110282725,False
OTUD4,NEUTRAL,0.059789774586310934,0.13750352374993502,0.08625841129153976,0.2237619350414748,-0.028087269872295487,-0.028087269872294998,False
HELLPAR,NEUTRAL,0.007687760169521123,0.13750352374993502,0.011091093472111822,0.14859461722204684,-0.10325458769172245,-0.10325458769172297,False
RPL13AP2,NEUTRAL,0.006698369998825692,0.13750352374993502,0.009663705179345238,0.14716722892928025,-0.10468197598448897,-0.10468197598448879,False
LINC00958,NEUTRAL,0.0037116176511709223,0.13750352374993502,0.005354732379020232,0.14285825612895525,-0.10899094878481476,-0.10899094878481476,False
RN7SL689P,NEUTRAL,-0.026463659039966395,0.13750352374993502,-0.03817898966073591,0.09932453408919911,-0.15252467082456972,-0.15252467082456955,False
CACTIN-AS1,NEUTRAL,0.03748523044165948,0.13750352374993502,0.05407975606476215,0.19158327981469717,-0.06026592509907256,-0.06026592509907306,False
SPATA20,DSG,0.1088024318016756,1.1210154009613662,0.15696872879693705,1.2779841297583032,1.0246688560060568,0.04262304763310303,False
RN7SL809P,DIG,-0.8541877948637211,0.405992359675837,-1.2323324956377697,-0.8263401359619327,-1.0841835624668623,-1.3466781768016007,True
DPH2,NEUTRAL,-0.019493400188804702,0.13750352374993502,-0.02812303178245253,0.1093804919674825,-0.14246871294628738,-0.1424687129462872,False
SLC35F1,DIG,-1.0362814426585325,0.4329594072761063,-1.4950380982887257,-1.0620786910126194,-1.3222777196897646,-1.60938377945256,True
HYAL2,NEUTRAL,-0.029850348884458287,0.13750352374993502,-0.043064950304413374,0.09443857344552165,-0.15741063146824863,-0.15741063146824827,False
ZFP69B,NEUTRAL,0.022112373853348244,0.13750352374993502,0.03190141210050829,0.1694049358504433,-0.08244426906332555,-0.08244426906332555,False
KIF2A,NEUTRAL,-0.0029879061029344568,0.13750352374993502,-0.0043106373173454095,0.1331928864325896,-0.11865631848117865,-0.118656318481179,False
MYLK4,DIG,1.057794400963742,0.4329594072761063,1.5260747365505025,1.9590341438266088,1.6832745897407322,1.4117290553866668,True
COG7,DSG,-0.02451149429314894,-3.321928094887362,-0.035362611261504105,-3.3572907061488664,-3.6091399110626354,-0.14970829242533806,False
NDUFV2,NEUTRAL,0.05850321868796699,0.13750352374993502,0.08440230347717251,0.22190582722710753,-0.029943377686660753,-0.029943377686661242,False
PTPRO,DIG,0.712677404919245,0.560714954474479,1.0281761578306106,1.5888911123050895,1.3282220907202777,0.9138304766667762,True
SCRN1,DSG,-0.03715017141724259,1.2016338611696507,-0.053596368071830804,1.1480374930978199,0.8985100457964474,-0.16794204923566425,False
SLC1A3,DSG,0.052317812916902344,1.2479275134435854,0.07547864924537157,1.323406162688957,1.080540890385901,-0.038867031918462996,False
KIF2C,NEUTRAL,-0.03301459336098076,0.13750352374993502,-0.04762999011885264,0.08987353363108239,-0.1619756712826878,-0.1619756712826876,False
ZNF236,NEUTRAL,-0.019910911184720666,0.13750352374993502,-0.0287253728257771,0.10877815092415792,-0.14307105398961015,-0.14307105398960998,False
MMP11,NEUTRAL,-0.015551839368050113,0.13750352374993502,-0.022436561532987648,0.11506696221694737,-0.13678224269682324,-0.13678224269682254,False
HERC2,NEUTRAL,0.03000070901145331,0.13750352374993502,0.04328187411397653,0.18078539786391154,-0.07106380704985771,-0.07106380704985737,False
PTGIS,DCG,-0.8673536768042353,1.2630344058337937,-1.251326848222279,0.011707557611514652,-0.23773019761592493,-1.3656725293861138,True
ELFN2,NEUTRAL,0.005029435087350104,0.13750352374993502,0.007255941058992946,0.14475946480892796,-0.10708974010484151,-0.10708974010484135,False
CRBN,DIG,1.6353527873745592,0.560714954474479,2.35931535644922,2.920030310923699,2.665023582279328,2.244969675285385,True
PTPRM,NEUTRAL,-0.0034426653825313834,0.13750352374993502,-0.004966716274818133,0.1325368074751169,-0.11931239743865167,-0.11931239743865114,False
THBS4,NEUTRAL,-0.03433004078305565,0.13750352374993502,-0.04952777959123025,0.08797574415870477,-0.1638734607550643,-0.16387346075506445,False
KLRK1-AS1,DIG,-1.6126186247874692,0.53605290024021,-2.3265168928260618,-1.7904639925858516,-2.0441881182563426,-2.4408625739898957,True
SHOX2,DSG,0.07286005299667886,1.4594316186372973,0.10511483713721564,1.564546455774513,1.317393459252406,-0.009230844026617948,False
ZSCAN1,DIG,-1.3275677476005359,0.560714954474479,-1.9152754059074242,-1.354560451432945,-1.6056402182870846,-2.0296210870712588,True
LINC02012,DSG,-0.2235047203094222,1.3362833878644325,-0.3224491516056782,1.0138342362587542,0.7565926564254598,-0.4367948327695109,True
GATAD1,DIG,1.4746398953120554,0.45943161863729726,2.1274556640637226,2.58688728270102,2.338575331709402,2.0131099828998873,True
LINC01143,DIG,1.3739901297350503,0.4854268271702419,1.9822487463991405,2.4676755735693825,2.2213652851137873,1.8679030652353052,True
IFNGR2,DIG,-0.7980508302838716,0.632268215499513,-1.1513439752278614,-0.5190757597283484,-0.7807648193868757,-1.2656896563916973,True
EFHC1,DIG,0.8521506702963909,0.4854268271702419,1.2293935461268093,1.714820373297051,1.448964079836884,1.115047864962974,True
PSMD10P1,DCG,2.0794415416798357,-3.321928094887362,3.0,-0.3219280948873622,-0.5737772998011292,2.8856543188361674,True
ERBB3,DIG,-0.5559911987263247,0.4329594072761063,-0.8021257451803788,-0.3691663379042725,-0.6229455794607561,-0.9164714263442137,True
FLVCR2,NEUTRAL,0.010440358314654294,0.13750352374993502,0.015062253165655607,0.15256577691559062,-0.09928342799817948,-0.09928342799817966,False
RPL12P28,DSG,0.00682428779097462,1.1375035237499351,0.009845366153638183,1.1473488899035733,0.8964045247263231,-0.10450031501019624,False
RBM38,DCG,-0.8643977960361549,1.2630344058337937,-1.2470624136967103,0.015971992137083335,-0.241070871397953,-1.3614080948605443,True
MPV17L2,DIG,0.636332929718664,0.5109619192773794,0.9180343620594619,1.4289962813368413,1.184878265146087,0.8036886808956273,True
SERPINB6,DIG,-0.6883138182835395,0.608809242675524,-0.9930269322130096,-0.3842176895374856,-0.6359391075086602,-1.1073726133768451,True
RSL24D1P6,DSG,-0.07713119742611957,1.3074285251922473,-0.11127679602449028,1.196151729167757,0.9478061851465145,-0.2256224771883232,False
NFKBID,DIG,1.5654887646960867,0.53605290024021,2.2585228773944337,2.794575777634644,2.5511331132574995,2.1441771962305975,True
GAPDHP63,NEUTRAL,-0.05662113324302748,0.13750352374993502,-0.08168702813922897,0.05581649561070605,-0.19603270930306227,-0.19603270930306207,False
GNG8,DIG,-0.861064568197191,0.4854268271702419,-1.242253582423284,-0.7568267552530422,-1.0013809858612028,-1.3565992635871131,True
NFIA,NEUTRAL,-0.06665108184265758,0.13750352374993502,-0.09615718524428653,0.04134633850564849,-0.21050286640811994,-0.21050286640812013,False
NPDC1,NEUTRAL,0.053252857146471974,0.13750352374993502,0.07682763291838351,0.21433115666831853,-0.03751804824545094,-0.03751804824545061,False
ERO1B,DCG,-1.0869713245330614,1.3504972470841334,-1.568168139492356,-0.21767089240822246,-0.47693245474671264,-1.682513820656191,True
NKILA,DCG,-0.909699680448732,1.2630344058337937,-1.3124192176816603,-0.04938481184786658,-0.2930273504870686,-1.4267648988454946,True
CFL1P2,NEUTRAL,-0.0006494181869877515,0.13750352374993502,-0.0009369123978303307,0.13656661135210468,-0.11528259356166481,-0.11528259356166465,False
SIT1,DIG,1.3636239761477285,0.4854268271702419,1.9672935480256182,2.45272037519586,2.205334309621284,1.852947866861783,True
GAS2L3,NEUTRAL,-0.04333038522196257,0.13750352374993502,-0.06251253187953383,0.07499099187040119,-0.17685821304336702,-0.17685821304336719,False
PDZD7,NEUTRAL,0.03441865629989491,0.13750352374993502,0.049655624757920076,0.1871591485078551,-0.06469005640591387,-0.0646900564059137,False
RETREG3,NEUTRAL,-0.03905133211479626,0.13750352374993502,-0.05633916318212448,0.08116436056781054,-0.17068484434595865,-0.170684844345959,False
HOXC9,NEUTRAL,0.0405280631125078,0.13750352374993502,0.058469635669249925,0.19597315941918494,-0.05587604549458471,-0.05587604549458521,False
UNK,DSG,0.0035864948121243174,1.070389327891398,0.005174218279625747,1.0755635461710238,0.825769593396237,-0.10917146288420908,False
LINC01569,DCG,-1.0530351243502898,1.4724877714627438,-1.519208551782056,-0.04672078031931215,-0.29238459036406755,-1.6335542329458905,True
ICMT,NEUTRAL,0.0502633472918012,0.13750352374993502,0.0725146818763613,0.2100182056262963,-0.04183099928747216,-0.04183099928747183,False
PPIL4,NEUTRAL,0.0067680861131762735,0.13750352374993502,0.009764284271788869,0.1472678080217239,-0.10458139689204532,-0.10458139689204515,False
MACC1,DSG,0.11564487727291835,1.3785116232537298,0.1668402909458521,1.545351914199582,1.2934633739374866,0.05249460978201822,False
IL20RB,DIG,0.5625009205250113,0.560714954474479,0.8115172885369107,1.3722322430113898,1.1161973579922735,0.6971716073730748,True
FAXC,DIG,1.5535385378238689,0.37851162325372983,2.241282344348387,2.619793967602117,2.373204810083622,2.126936663184552,True
REPIN1,DIG,0.9828367619109393,0.53605290024021,1.417933722412279,1.9539866226524891,1.7057073539404806,1.3035880412484424,True
PBXIP1,DCG,2.0794415416798357,-3.321928094887362,3.0,-0.3219280948873622,-0.5737772998011309,2.8856543188361665,True
WDR3,DIG,1.2367584531320257,0.5849625007211562,1.784265287111079,2.369227787832235,2.127973726776125,1.669919605947244,True
KRT8P12,DSG,-0.03381068002726674,1.1538053360790355,-0.04877850040442125,1.1050268356746142,0.8489804792084086,-0.16312418156825734,False
ZC3H13,NEUTRAL,0.06589439393535328,0.13750352374993502,0.09506551535291796,0.23256903910285298,-0.01928016581091504,-0.019280165810914875,False
PM20D1,DCG,-0.8701339471078074,1.0179219079972623,-1.2553379304015735,-0.23741602240431114,-0.4794608384574494,-1.3696836115654056,True
ATP10B,NEUTRAL,0.05421390492565473,0.13750352374993502,0.07821413178346782,0.21571765553340283,-0.03613154938036568,-0.03613154938036519,False
POLR1D,NEUTRAL,0.017222279977513643,0.13750352374993502,0.024846497916360222,0.16235002166629525,-0.08949918324747383,-0.0894991832474735,False
CC2D1A,DIG,0.9800293809125905,0.5849625007211562,1.4138835277680752,1.9988460284892313,1.774494856362173,1.29953784660424,True
MIR6717,NEUTRAL,-0.04012766633061253,0.13750352374993502,-0.057891985217621726,0.07961153853231329,-0.17223766638145538,-0.17223766638145482,False
CSP2,DIG,1.1839168161731415,0.4854268271702419,1.7080309195180416,2.1934577466882836,1.9126970330420705,1.593685238354207,True
TSPEAR-AS1,DIG,-1.0707025776523291,0.37851162325372983,-1.5446972990460455,-1.1661856757923157,-1.422480987551592,-1.6590429802098803,True
DHH,DIG,0.6200016273926833,0.45943161863729726,0.894473273182511,1.3539048918198082,1.0984002865379674,0.7801275920186767,True
ZFAT,DCG,-0.8847247789526858,1.2630344058337937,-1.2763880511466241,-0.013353645312830453,-0.2722259605936238,-1.3907337323104585,True
ISCA2,NEUTRAL,0.017985641012516446,0.13750352374993502,0.025947795095966633,0.16345131884590164,-0.08839788606786601,-0.08839788606786618,False
CBLIF,DIG,1.5223907797974257,0.45943161863729726,2.196345628308828,2.6557772469461254,2.4200850838107186,2.081999947144993,True
GABRG3,NEUTRAL,-0.049511706717392454,0.13750352374993502,-0.07143029374713088,0.06607323000280414,-0.18577597491096365,-0.185775974910964,False
PPP2R3A,DIG,1.039451049879457,0.5849625007211562,1.4996108749079191,2.084573375629075,1.8251367599368735,1.3852651937440834,True
LGALSL,DIG,1.4231377278382422,0.53605290024021,2.0531537424542194,2.5892066426944296,2.3621738685772957,1.9388080612903835,True
FAM151B,NEUTRAL,-0.022223211972587465,0.13750352374993502,-0.032061317705476176,0.10544220604445884,-0.14640699886930944,-0.14640699886931033,False
UBE3D,NEUTRAL,-0.010476243617651947,0.13750352374993502,-0.015114024714331119,0.1223894990356039,-0.12945970587816377,-0.12945970587816413,False
URGCP,DIG,-1.5908816862305217,0.560714954474479,-2.2951571193658458,-1.7344421648913668,-1.9651691476036173,-2.4095028005296824,True
OAS3,NEUTRAL,0.059584327901272174,0.13750352374993502,0.08596201437786727,0.2234655381278023,-0.028383666785967484,-0.028383666785967484,False
SIM2,DIG,1.0635191662460262,0.4854268271702419,1.534333827033507,2.0197606542037487,1.7524248264325315,1.4199881458696721,True
SYN3,NEUTRAL,0.01823820076284718,0.13750352374993502,0.026312161795296937,0.16381568554523196,-0.08803351936853779,-0.08803351936853847,False
BIRC5,DSG,0.054508712869082016,1.1699250014423124,0.07863944974146504,1.2485644511837775,0.9961813859633395,-0.035706231422370505,False
B4GALT3,DCG,-1.0690772548204852,1.3645724322958561,-1.5423524538567008,-0.17778002156084471,-0.4305169755144409,-1.6566981350205348,True
ABCA8,DSG,-0.023686627514398078,1.3074285251922473,-0.03417258005040618,1.273255945141841,1.025359957810397,-0.14851826121423983,False
INPP4B,NEUTRAL,-0.07587222753120622,0.13750352374993502,-0.10946048640047029,0.028043037349464728,-0.2238061675643045,-0.2238061675643047,False
HOXA6,DSG,0.0883528766052153,1.3074285251922473,0.12746625692661864,1.434894782118866,1.1800571277257041,0.013120575762784735,False
MSANTD1,NEUTRAL,0.06072033134891837,0.13750352374993502,0.0876009209182192,0.2251044446681542,-0.026744760245615683,-0.026744760245615357,False
FLT3,NEUTRAL,-0.05007793185602099,0.13750352374993502,-0.07224718394665693,0.0652563398032781,-0.18659286511049167,-0.18659286511049167,False
ACTG1P19,NEUTRAL,0.026116420336000378,0.13750352374993502,0.03767803010451942,0.17518155385445444,-0.07666765105931424,-0.07666765105931389,False
VN2R19P,DIG,-1.687913535273854,0.560714954474479,-2.4351444867889476,-1.8744295323144686,-2.1226942592515834,-2.5494901679527753,True
PPP1R10,DIG,0.754836358204373,0.5109619192773794,1.0889986706641341,1.5999605899415137,1.3333529801941186,0.9746529895003003,True
HCAR3,NEUTRAL,-0.09101491648063861,0.13750352374993502,-0.13130676865354052,0.006196755096394502,-0.24565244981737414,-0.24565244981737414,False
MIR6865,NEUTRAL,-0.007381855444958548,0.13750352374993502,-0.01064976624300089,0.12685375750693412,-0.12499544740683527,-0.12499544740683474,False
MINDY4B,DSG,-0.005919584065129869,-3.321928094887362,-0.008540154574888192,-3.33046824946225,-3.5823174543760015,-0.12288583573872078,False
SLC35G5,NEUTRAL,0.05093934643047937,0.13750352374993502,0.07348994248137751,0.21099346623131254,-0.040855738682456594,-0.04085573868245643,False
RPS15AP1,DSG,-0.0582525792180923,1.1375035237499351,-0.08404070715693325,1.0534628165930018,0.7959049038982454,-0.1983863883207674,False
SNX21,DCG,-0.9785007825592259,1.3785116232537298,-1.4116782265041652,-0.03316660325043541,-0.2831754509509364,-1.5260239076680013,True
WHSC1L2P,NEUTRAL,-0.06372791429126376,0.13750352374993502,-0.09193994591420313,0.045563577835731894,-0.20628562707803663,-0.20628562707803644,False
SERPINA12,NEUTRAL,-0.012462216673123888,0.13750352374993502,-0.01797917819279959,0.11952434555713543,-0.13232485935663332,-0.13232485935663352,False
G2E3,DIG,1.6033970647929228,0.35049724708413343,2.3132129939526695,2.663710241036803,2.4018983498698976,2.198867312788834,True
PPIEL,NEUTRAL,-0.001830546913896553,0.13750352374993502,-0.0026409209547931536,0.13486260279514187,-0.116986602118628,-0.11698660211862784,False
CTNNA2,DIG,1.716072485272852,0.53605290024021,2.4757692643091422,3.0118221645493524,2.7704040830921026,2.361423583145306,True
KCNAB2,NEUTRAL,-0.0007481393201830055,0.13750352374993502,-0.0010793368871220624,0.13642418686281296,-0.11542501805095684,-0.115425018050957,False
RNPEPL1,NEUTRAL,0.026010193854211616,0.13750352374993502,0.03752477768603169,0.1750283014359667,-0.07682090347780166,-0.07682090347780182,False
TBILA,DIG,1.4387756384791703,0.53605290024021,2.075714478585751,2.611767378825961,2.3359610802512325,1.961368797421915,True
SH3GLB1,NEUTRAL,0.007898744501537486,0.13750352374993502,0.011395479521617098,0.14889900327155212,-0.10295020164221795,-0.10295020164221812,False
UQCRFS1P1,NEUTRAL,0.0274830432126281,0.13750352374993502,0.03964965015139565,0.17715317390133067,-0.07469603101243734,-0.07469603101243785,False
ARMC9,NEUTRAL,0.04263074873102557,0.13750352374993502,0.061503169783634064,0.1990066935335691,-0.05284251138020124,-0.05284251138020124,False
AP3B2,NEUTRAL,0.06467015513736248,0.13750352374993502,0.09329931211019277,0.2308028358601278,-0.02104636905364175,-0.02104636905364224,False
XRCC4,NEUTRAL,0.042720345988854845,0.13750352374993502,0.061632431303181606,0.19913595505311663,-0.05271324986065283,-0.052713249860652664,False
TSFM,DIG,0.5804951342098571,0.45943161863729726,0.8374774513847341,1.2969090700220314,1.037005140934631,0.7231317702208983,True
CCT5P1,NEUTRAL,-0.01942119394691149,0.13750352374993502,-0.028018860195351963,0.10948466355458306,-0.1423645413591856,-0.14236454135918614,False
MCRS1,DIG,1.1239589898510818,0.4854268271702419,1.6215300608207244,2.1069568879909664,1.8550071888921458,1.5071843796568882,True
FAM43B,NEUTRAL,-0.02793826742733287,0.13750352374993502,-0.04030639986844279,0.09719712388149224,-0.15465208103227585,-0.154652081032276,False
PACSIN3,DIG,0.9790782052385473,0.4329594072761063,1.412511271340119,1.8454706786162252,1.5966226264722931,1.2981655901762839,True
ULBP3,NEUTRAL,0.001790625081898359,0.13750352374993502,0.002583325925746157,0.14008684967568116,-0.11176235523808657,-0.11176235523808675,False
VPS54,DIG,1.0877477946901808,0.5109619192773794,1.5692883491374303,2.08025026841481,1.8452367384616113,1.4549426679735946,True
KCNIP2-AS1,NEUTRAL,0.05221489497362192,0.13750352374993502,0.0753301700389824,0.21283369378891742,-0.03901551112485188,-0.039015511124851715,False
DMAC2,DIG,0.6499187241749798,0.4854268271702419,0.9376345203481253,1.423061347518367,1.17228299707496,0.8232888391842887,True
POLR3G,NEUTRAL,-0.031358449157200756,0.13750352374993502,-0.04524067908906223,0.09226284466087278,-0.1595863602528971,-0.15958636025289694,False
GLT8D1,NEUTRAL,0.029829498167391368,0.13750352374993502,0.04303486907830195,0.18053839282823697,-0.07131081208553185,-0.07131081208553235,False
LINC00452,NEUTRAL,-0.037719955997066124,0.13750352374993502,-0.05441839345951721,0.08308513029041781,-0.16876407462335125,-0.16876407462335108,False
RSU1P2,DIG,-1.5554025429166247,0.4854268271702419,-2.2439715352518976,-1.7585447080816556,-2.0225427569872045,-2.3583172164157067,True
RPL29P14,NEUTRAL,-0.025766189337699186,0.13750352374993502,-0.0371727535801047,0.10033077016983032,-0.15151843474393817,-0.15151843474393833,False
KRR1,DIG,1.123660696073041,0.608809242675524,1.6210997138664172,2.229908956541941,1.9750230924178518,1.50675403270258,True
PLCG1,DSG,-0.07814644909563778,1.3219280948873624,-0.11274149457335846,1.209186600314004,0.9597947033351379,-0.2270871757371917,False
PDHX,DIG,1.606285358505774,0.45943161863729726,2.317379920968831,2.776811539606128,2.5259430042682305,2.2030342398049965,True
CDKL3,NEUTRAL,0.06817106135339983,0.13750352374993502,0.09835005214668721,0.23585357589662223,-0.015995629017146594,-0.01599562901714643,False
MRPS31P4,NEUTRAL,-0.05784358253554597,0.13750352374993502,-0.08345064967128363,0.05405287407865139,-0.19779633083511627,-0.19779633083511608,False
LAYN,NEUTRAL,-0.039081063208897815,0.13750352374993502,-0.056382056084144996,0.08112146766579002,-0.1707277372479781,-0.1707277372479781,False
ARPP19P2,NEUTRAL,-0.01509562496807123,0.13750352374993502,-0.02177838328055598,0.11572514046937904,-0.13612406444439096,-0.1361240644443906,False
WDR81,NEUTRAL,0.02449082480750381,0.13750352374993502,0.035332791497066154,0.17283631524700116,-0.07901288966676724,-0.07901288966676757,False
HCCAT5,NEUTRAL,-0.020485991734780978,0.13750352374993502,-0.02955503868346081,0.10794848506647421,-0.14390071984729477,-0.1439007198472944,False
DLX2,NEUTRAL,-0.015784504638060647,0.13750352374993502,-0.02277222656421894,0.11473129718571608,-0.13711790772805338,-0.13711790772805338,False
UGT1A1,NEUTRAL,0.05998133029843453,0.13750352374993502,0.08653476776747443,0.22403829151740945,-0.027810913396359608,-0.027810913396359608,False
MIR4707,DIG,-1.1717287899155946,0.5109619192773794,-1.6904473144780545,-1.179485395200675,-1.428362405618376,-1.8047929956418882,True
RNF26,NEUTRAL,0.03673461163191523,0.13750352374993502,0.05299684203034613,0.19050036578028115,-0.06134883913348695,-0.06134883913348695,False
ITGBL1,NEUTRAL,0.014597595908823592,0.13750352374993502,0.02105987922656082,0.15856340297649585,-0.09328580193727387,-0.09328580193727405,False
NKIRAS2,NEUTRAL,0.06083116760869927,0.13750352374993502,0.08776082384055578,0.2252643475904908,-0.02658485732327918,-0.02658485732327918,False
GCC2,NEUTRAL,0.001596066774998998,0.13750352374993502,0.0023026376212186956,0.1398061613711537,-0.11204304354261525,-0.11204304354261525,False
RPL35AP7,DCG,0.7828160461110252,-0.7369655941662062,1.1293648276526822,0.392399233486476,0.14055002857270793,1.015019146488847,True
ZNF585A,DSG,0.07037594722991015,1.4329594072761063,0.10153103006645477,1.534490437342561,1.2881187632325644,-0.012814651097379153,False
CHRNA10,NEUTRAL,-0.0588898738625788,0.13750352374993502,-0.08496012898011902,0.052543394769815996,-0.19930581014395385,-0.1993058101439533,False
IRAK3,DIG,-1.5510237486387788,0.560714954474479,-2.2376542704621762,-1.6769393159876973,-1.9300157407948688,-2.351999951626011,True
PAX5,NEUTRAL,0.008000248988567422,0.13750352374993502,0.011541919541683165,0.14904544329161817,-0.10280376162215032,-0.10280376162215084,False
INPP4A,NEUTRAL,0.03944355982385215,0.13750352374993502,0.05690502815287865,0.19440855190281367,-0.057440653010955973,-0.057440653010955973,False
ADGRG1,NEUTRAL,-0.023473378545796286,0.13750352374993502,-0.03386492682092969,0.10363859692900533,-0.14821060798476385,-0.14821060798476404,False
LRRC8C-DT,NEUTRAL,0.005134613343530541,0.13750352374993502,0.007407681207593811,0.14491120495752882,-0.10693799995623975,-0.10693799995624008,False
SDR16C5,DCG,-0.873635797913601,1.232660756790275,-1.260390033193025,-0.027729276402749914,-0.2723062259367074,-1.3747357143568586,True
RPL10P19,NEUTRAL,0.018531288381701743,0.13750352374993502,0.02673499784956437,0.1642385215994994,-0.08761068331426976,-0.08761068331426891,False
PRKAA2,NEUTRAL,-0.044528250087910184,0.13750352374993502,-0.06424068558129158,0.07326283816864344,-0.17858636674512698,-0.17858636674512698,False
PRSS55,NEUTRAL,-0.008950829612450875,0.13750352374993502,-0.01291331749372496,0.12459020625621006,-0.12725899865755905,-0.1272589986575592,False
SLC25A26,NEUTRAL,0.012293349850370266,0.13750352374993502,0.017735554865042264,0.1552390786149773,-0.09661012629879112,-0.09661012629879147,False
SNORC,NEUTRAL,-0.03994450236017921,0.13750352374993502,-0.057627735465808044,0.07987578828412698,-0.17197341662964138,-0.17197341662964102,False
MMP3,NEUTRAL,0.012800787177559952,0.13750352374993502,0.018467632180540774,0.15597115593047578,-0.09587804898329143,-0.09587804898329143,False
PRECSIT,NEUTRAL,0.00523090118099652,0.13750352374993502,0.007546595193203902,0.14505011894313893,-0.10679908597063124,-0.10679908597063056,False
TRIM71,NEUTRAL,0.05040144070327681,0.13750352374993502,0.0727139085562766,0.21021743230621162,-0.04163177260755791,-0.04163177260755775,False
MUL1,NEUTRAL,-0.02219675131348654,0.13750352374993502,-0.03202314304381262,0.1054803807061224,-0.1463688242076476,-0.14636882420764744,False
PRELID1P4,NEUTRAL,0.018924000252327662,0.13750352374993502,0.02730156131781461,0.16480508506774963,-0.08704411984601866,-0.0870441198460185,False
CMTM8,NEUTRAL,-0.03050569939834219,0.13750352374993502,-0.04401042124083771,0.09349310250909731,-0.15835610240467077,-0.15835610240467093,False
ELP1,NEUTRAL,0.024237005895507976,0.13750352374993502,0.034966608211445926,0.17247013196138095,-0.07937907295238861,-0.07937907295238844,False
NPC1L1,DIG,0.9608517514319779,0.5849625007211562,1.3862160568203894,1.9711785575415455,1.739514844048835,1.2718703756565537,True
GOLGA5,NEUTRAL,-0.014145160682005213,0.13750352374993502,-0.02040715316850647,0.11709637058142855,-0.1347528343323412,-0.13475283433234103,False
METTL6,DIG,-1.0004990095451902,0.4854268271702419,-1.4434149594851655,-0.9579881323149236,-1.1940625121111463,-1.5577606406490014,True
NIPAL4,NEUTRAL,0.02689097267118631,0.13750352374993502,0.03879547291740113,0.17629899666733614,-0.07555020824643288,-0.07555020824643272,False
GTPBP10,DIG,1.6120627711168833,0.5109619192773794,2.3257149654920477,2.8366768847694273,2.598346093081127,2.211369284328213,True
STON2,NEUTRAL,0.07771475535752859,0.13750352374993502,0.1121186921582055,0.24962221590814052,-0.0022269890056293893,-0.002226989005629229,False
EML2-AS1,DIG,0.9522627193961879,0.5109619192773794,1.3738247028963189,1.8847866221736984,1.632706796288118,1.2594790217324843,True
PPP4R3B,DIG,-0.6010174039091851,0.4854268271702419,-0.8670848281077406,-0.3816580009374987,-0.617797838612719,-0.9814305092715772,True
UBP1,NEUTRAL,0.030494832723888792,0.13750352374993502,0.04399474394349284,0.18149826769342786,-0.0703509372203411,-0.07035093722034093,False
ZBED2,DIG,1.3856834131337947,0.45943161863729726,1.9991185883702185,2.458550207007516,2.167500572058824,1.8847729072063826,True
ZAP70,NEUTRAL,-0.009157161137520575,0.13750352374993502,-0.013210990961722072,0.12429253278821295,-0.12755667212555696,-0.12755667212555732,False
MXI1,NEUTRAL,0.007515708705406796,0.13750352374993502,0.010842875678056396,0.1483463994279914,-0.10350280548577742,-0.1035028054857776,False
ANAPC1P6,NEUTRAL,-0.010857710773470418,0.13750352374993502,-0.015664365488292444,0.12183915826164257,-0.13001004665212548,-0.130010046652126,False
MYOZ1,DIG,0.9620108245570701,0.405992359675837,1.3878882458699877,1.7938806055458247,1.5393171726879167,1.273542564706154,True
SYCP1,NEUTRAL,0.01837222341301821,0.13750352374993502,0.02650551560806548,0.16400903935800049,-0.08784016555576867,-0.08784016555576867,False
FAM124B,NEUTRAL,-0.030084417243816768,0.13750352374993502,-0.04340263956568887,0.09410088418424614,-0.1577483207295226,-0.15774832072952297,False
FLACC1,NEUTRAL,-0.020460928454639267,0.13750352374993502,-0.029518880013491955,0.10798464373644306,-0.14386456117732582,-0.143864561177326,False
TPT1P5,DSG,0.10841091934642495,1.3923174227787602,0.15640389571930066,1.5487213184980608,1.2944971118732431,0.042058214555466183,False
UBE2E2,NEUTRAL,-0.028947174838513966,0.13750352374993502,-0.04176194558726988,0.09574157816266514,-0.15610762675110337,-0.1561076267511039,False
TMEM14A,DIG,0.9201019706521821,0.4329594072761063,1.3274265501720657,1.760385957448172,1.4984505209706471,1.2130808690082298,True
GGTA1,NEUTRAL,-0.00407872120766656,0.13750352374993502,-0.005884350859469189,0.13161917289046582,-0.12023003202330208,-0.12023003202330208,False
GPR162,DIG,1.6425598464253082,0.53605290024021,2.3697129448011296,2.9057658450413397,2.6598842094664965,2.2553672636372943,True
TIRAP,NEUTRAL,-0.002490177309426986,0.13750352374993502,-0.0035925664552445345,0.1339109572946905,-0.11793824761907959,-0.11793824761907959,False
UBE2F-SCLY,NEUTRAL,0.00026219348901243756,0.13750352374993502,0.0003782652463516186,0.13788178899628664,-0.11396741591748205,-0.11396741591748188,False
YPEL2,DSG,-0.052402701890359005,1.446256229889564,-0.07560111814640365,1.3706551117431605,1.1262560255665952,-0.18994679931024028,False
ACOT12,NEUTRAL,0.04744581216452358,0.13750352374993502,0.06844983792070743,0.20595336167064243,-0.04589584324312653,-0.04589584324312604,False
RYR2,DCG,-0.8535975748200932,1.0531113364595626,-1.2314809881077944,-0.17836965164823182,-0.4257351837112907,-1.345826669271628,True
RAD1P2,DCG,-0.7793649509443609,1.1375035237499351,-1.1243859497700996,0.013117573979835484,-0.24163320862173104,-1.2387316309339282,True
WDR7,NEUTRAL,-0.0435724185794798,0.13750352374993502,-0.06286171220415364,0.07464181154578138,-0.1772073933679873,-0.17720739336798694,False
GTSE1,NEUTRAL,-0.0266885010664255,0.13750352374993502,-0.03850336813729188,0.09900015561264314,-0.15284904930112647,-0.15284904930112628,False
HPCAL1,DIG,-1.3226648323592234,0.405992359675837,-1.9082019944028838,-1.5022096347270468,-1.7546223876289695,-2.0225476755667176,True
UBTD2,DIG,-1.0083962193073155,0.4854268271702419,-1.4548082248458436,-0.9693813976756017,-1.2224010775913212,-1.5691539060096782,True
TCTA,NEUTRAL,-0.0013993947505048664,0.13750352374993502,-0.002018899866799419,0.1354846238831356,-0.1163645810306338,-0.11636458103063396,False
DNAJC7,NEUTRAL,0.0009387207222496304,0.13750352374993502,0.0013542877307692479,0.13885781148070428,-0.11299139343306504,-0.1129913934330652,False
TMEM256-PLSCR3,NEUTRAL,0.03224190821609418,0.13750352374993502,0.04651524109215619,0.1840187648420912,-0.06783044007167895,-0.06783044007167845,False
IPO11,NEUTRAL,-0.01793930021095761,0.13750352374993502,-0.02588093945136688,0.11162258429856814,-0.1402266206152024,-0.14022662061520205,False
MIR6852,DIG,0.9142722059737292,0.35049724708413343,1.319015977580912,1.6695132246650455,1.4178643691940171,1.204670296417078,True
TRIM26,DIG,1.4676365402355986,0.4854268271702419,2.117351958425334,2.602778785595576,2.336801896149213,2.0030062772614996,True
SLC25A2,NEUTRAL,-0.04992459475122668,0.13750352374993502,-0.07202596526598591,0.06547755848394911,-0.18637164642981952,-0.18637164642981932,False
SNORD11,NEUTRAL,0.0211195751185987,0.13750352374993502,0.030469106289284287,0.1679726300392193,-0.08387657487454914,-0.0838765748745493,False
ST7-AS2,DIG,-1.457614429405548,0.5109619192773794,-2.10289310883158,-1.5919311895542005,-1.843780250138818,-2.217238789995414,True
CLDN24,NEUTRAL,0.028742616477830035,0.13750352374993502,0.041466830254738796,0.17897035400467382,-0.07287885090909572,-0.07287885090909488,False
VPS72,DCG,-0.8579969309312457,1.2172307162206693,-1.2378279173524587,-0.020597201131789422,-0.27292950165013535,-1.3521735985162924,True
LINC02373,DSG,-0.03926427465955643,1.2927817492278462,-0.05664637433544426,1.236135374892402,0.989458816727457,-0.1709920554992774,False
PRDM2,NEUTRAL,0.07992677059227667,0.13750352374993502,0.1153099555677474,0.2528134793176824,0.0009642744039133261,0.0009642744039133261,False
CAB39L,NEUTRAL,0.022334511233743845,0.13750352374993502,0.03222188859760109,0.1697254123475361,-0.0821237925662326,-0.08212379256623294,False
KBTBD11,NEUTRAL,0.003021820747003443,0.13750352374993502,0.0043595658061572505,0.14186308955609228,-0.109986115357677,-0.10998611535767734,False
UPK3A,NEUTRAL,0.043092498142910364,0.13750352374993502,0.06216933337029365,0.19967285712022867,-0.0521763477935413,-0.052176347793541134,False
AGPAT3,DIG,-1.2041411329829286,0.4854268271702419,-1.737208441084889,-1.251781613914647,-1.5291367180611484,-1.851554122248725,True
RPL4P2,DCG,-0.8792417044841869,1.1538053360790355,-1.268477646802096,-0.1146723107230605,-0.3616009786249128,-1.3828233279659277,True
CD96,DIG,0.5548641537527604,0.5109619192773794,0.8004997629861589,1.3114616822635383,1.036556355412384,0.6861540818223227,True
NLN,NEUTRAL,0.00686985747743521,0.13750352374993502,0.009911109314309743,0.14741463306424477,-0.10443457184952482,-0.10443457184952482,False
ZMAT2,NEUTRAL,0.06588568818521015,0.13750352374993502,0.09505295561035926,0.23255647936029428,-0.01929272555347455,-0.01929272555347455,False
PAM16,DCG,-0.7573626481692832,1.1375035237499351,-1.0926433366683577,0.04486018708157746,-0.1958971072833719,-1.2069890178321936,True
SF3B1,NEUTRAL,-0.016646913980945015,0.13750352374993502,-0.024016420246414524,0.1134871035035205,-0.138362101410249,-0.13836210141024935,False
ELF2,NEUTRAL,-0.022653796392710885,0.13750352374993502,-0.03268251971307228,0.10482100403686273,-0.14702820087690516,-0.147028200876905,False
LIX1,NEUTRAL,-0.024374409566033203,0.13750352374993502,-0.03516483980551261,0.10233868394442242,-0.14951052096934683,-0.1495105209693463,False
CDH5,NEUTRAL,-0.05234487442273653,0.13750352374993502,-0.07551769074563754,0.06198583300429748,-0.18986337190947214,-0.1898633719094716,False
PVT1,DCG,-0.8550995134580942,1.1538053360790355,-1.233647827532558,-0.07984249145352251,-0.32107001509512273,-1.3479935086963932,True
BAALC-AS1,DCG,-0.7671741537475372,1.0179219079972623,-1.106798347109759,-0.08887643911249676,-0.33124142302380055,-1.2211440282735926,True
RAET1K,NEUTRAL,-0.006858772930951585,0.13750352374993502,-0.009895117694067312,0.1276084060558677,-0.1242407988579009,-0.12424079885790125,False
DCAF8,DCG,0.7439251856986864,-0.7369655941662062,1.0732571761998961,0.3362915820336899,0.08444237711991912,0.9589114950360605,True
KHDRBS3,DCG,-0.8383787525954769,1.3362833878644325,-1.2095248687561697,0.12675851910826275,-0.12303174629978791,-1.3238705499200036,True
AACSP1,DIG,-1.6222217496920395,0.4329594072761063,-2.3403712735029227,-1.9074118662268165,-2.173709025937094,-2.454716954666752,True
SLMAP,NEUTRAL,-0.0037082512820780945,0.13750352374993502,-0.005349875735024208,0.1321536480149108,-0.11969555689885727,-0.1196955568988571,False
COX5BP7,NEUTRAL,0.023185994181762353,0.13750352374993502,0.033450318824108906,0.17095384257404392,-0.08089536233972462,-0.08089536233972462,False
LRCH3,DSG,-0.01189160637726421,1.3785116232537298,-0.01715596154868265,1.361355661705047,1.1103257254618741,-0.13150164271251621,False
TMEM120A,DIG,-1.2900226799368848,0.4854268271702419,-1.8611093229792344,-1.3756824958089924,-1.6111327014903227,-1.9754550041430687,True
RPS24,DIG,-1.5444909406476424,0.45943161863729726,-2.228229420770284,-1.7687978021329869,-2.0297803227606064,-2.34257510193412,True
NUP210P3,DIG,1.194080386804374,0.5109619192773794,1.7226938524654456,2.233655771742825,1.9551115760954887,1.608348171301612,True
TSC2,DCG,-0.8875747408816095,1.3219280948873624,-1.2804996770882047,0.041428417799157735,-0.20348609794993827,-1.3948453582520388,True
ERVE-1,DIG,1.6555872794530115,0.5109619192773794,2.3885075578257102,2.8994694771030898,2.6333837763777033,2.2741618766618763,True
ZNF146,DIG,-1.076332850104405,0.5849625007211562,-1.5528200651915092,-0.967857564470353,-1.2166331771607866,-1.667165746355345,True
PMPCB,DIG,1.5618809654582564,0.53605290024021,2.253317923325493,2.789370823565703,2.537612369416535,2.1389722421616573,True
FUT4,NEUTRAL,0.02439689297925878,0.13750352374993502,0.035197276514275413,0.17270080026421042,-0.0791484046495595,-0.07914840464956,False
RBM7,NEUTRAL,-0.028644363812423596,0.13750352374993502,-0.041325081621602804,0.09617844212833221,-0.15567076278543676,-0.15567076278543693,False
CCDC136,DIG,-1.542013753858745,0.53605290024021,-2.2246555956745864,-1.6886026954343762,-1.9441078535699543,-2.339001276838421,True
MT1JP,NEUTRAL,0.06654990249701176,0.13750352374993502,0.09601121430408291,0.23351473805401793,-0.018334466859750247,-0.01833446685975041,False
MIR4648,DIG,-0.6526838112952102,0.53605290024021,-0.9416236978241078,-0.4055707975838978,-0.6372545281491225,-1.0559693789879352,True
DSE,DIG,1.1295622933243756,0.45943161863729726,1.6296139189542416,2.089045537591539,1.8636098578935274,1.5152682377904076,True
IL20,DCG,-0.8459719590874126,1.2630344058337937,-1.2204795501065313,0.042554855727262364,-0.21484175987434864,-1.3348252312703661,True
ASF1A,DIG,1.2050919063394476,0.4329594072761063,1.7385801170913482,2.1715395243674545,1.9200592229968947,1.6242344359275134,True
CLIC5,DIG,-1.3421359240527218,0.53605290024021,-1.936292841829788,-1.4002399415895779,-1.6583853666731065,-2.050638522993623,True
ZCCHC7,NEUTRAL,-0.03765453415272028,0.13750352374993502,-0.054324009689113655,0.08317951406082136,-0.16866969085294728,-0.1686696908529478,False
ASIP,DSG,0.10584588126590777,1.4059923596758368,0.15270332800084718,1.558695687676684,1.3009753596453482,0.03835764683701088,False
SOX30,NEUTRAL,0.04492088883981962,0.13750352374993502,0.06480714356153215,0.20231066731146718,-0.04953853760230143,-0.0495385376023016,False
KIF23,NEUTRAL,0.03640760825086409,0.13750352374993502,0.05252507587414973,0.19002859962408475,-0.06182060528968496,-0.06182060528968513,False
TATDN3,DCG,-0.7433557826736362,1.1375035237499351,-1.072435701279389,0.0650678224705461,-0.181524989988792,-1.1867813824432225,True
SLC38A1,DIG,1.0155146784668148,0.5109619192773794,1.4650779905740239,1.9760399098514032,1.7344646292998116,1.3507323094101886,True
EMID1,NEUTRAL,0.010801153217123423,0.13750352374993502,0.015582770182225836,0.15308629393216086,-0.09876291098160801,-0.09876291098160801,False
TNPO1P1,NEUTRAL,-0.0029990701825582068,0.13750352374993502,-0.004326743679654683,0.13317678007028033,-0.11867242484348882,-0.11867242484348882,False
SNORD19C,NEUTRAL,-0.01808368344449434,0.13750352374993502,-0.026089240426377835,0.11141428332355718,-0.14043492159021218,-0.140434921590212,False
KRT223P,DIG,-1.004010850739451,0.4854268271702419,-1.4484814753605153,-0.9630546481902734,-1.2204446197840697,-1.5628271565243506,True
LINC02306,NEUTRAL,-0.0018889972489987055,0.13750352374993502,-0.002725246963383327,0.1347782767865517,-0.11707092812721778,-0.11707092812721709,False
LINC02848,DSG,-0.023591969743683983,-3.321928094887362,-0.03403601775401535,-3.3559641126413777,-3.607813317555113,-0.14838169891784841,False
BLM,NEUTRAL,0.07955198951291863,0.13750352374993502,0.11476926076313854,0.25227278451307356,0.00042357959930438524,0.00042357959930438524,False
TREM1,DIG,-1.4720628036285794,0.5109619192773794,-2.1237377066720557,-1.6127757873946762,-1.8851773519354973,-2.2380833878358906,True
ZC3HC1,DIG,1.1709250558513047,0.608809242675524,1.68928777132931,2.298097014004834,2.0545689361385002,1.574942090165474,True
ATXN2,NEUTRAL,0.10163032736048382,0.13750352374993502,0.14662156928689193,0.284125093036827,0.032275888123057934,0.03227588812305731,False
DMPK,DIG,1.3522623597719003,0.53605290024021,1.950902200423728,2.486955100663938,2.2280067573278597,1.8365565192598932,True
ARID3A,NEUTRAL,0.010774024541450941,0.13750352374993502,0.015543631776367263,0.15304715552630227,-0.09880204938746659,-0.09880204938746626,False
UOX,NEUTRAL,0.04771880793603902,0.13750352374993502,0.06884368756645641,0.20634721131639144,-0.04550199359737798,-0.04550199359737798,False
PCDHB1,NEUTRAL,-0.02629544165898647,0.13750352374993502,-0.03793630327940484,0.09956722047053018,-0.15228198444323932,-0.15228198444323876,False
HSPA14,DSG,0.029222107497177283,1.3923174227787602,0.042158589570501864,1.4344760123492621,1.1789597769032445,-0.07218709159333143,False
ARMH3,NEUTRAL,-0.02259339549994158,0.13750352374993502,-0.03259537964460874,0.10490814410532628,-0.14694106080844171,-0.14694106080844155,False
TPM2,DIG,-1.435910358659744,0.4329594072761063,-2.0715807535995054,-1.6386213463233992,-1.8863262748240541,-2.18592643476334,True
TLE6,NEUTRAL,-0.014803317432131077,0.13750352374993502,-0.02135667264804065,0.11614685110189438,-0.1357023538118744,-0.13570235381187423,False
NDUFB8,NEUTRAL,-0.030061859032523605,0.13750352374993502,-0.0433700949461249,0.09413342880381012,-0.15771577610995835,-0.15771577610995852,False
TLX2,DIG,-0.8699003041057779,0.5849625007211562,-1.255000854801207,-0.6700383540800509,-0.9052244833229448,-1.369346535965038,True
NDUFA3P1,DIG,-1.434139231163343,0.560714954474479,-2.0690255567436657,-1.5083106022691868,-1.766195249490294,-2.1833712379074686,True
THAP5,DIG,0.5915785942060098,0.5109619192773794,0.8534675041570747,1.364429423434454,1.117111641816244,0.7391218229932383,True
LINC02363,NEUTRAL,-0.024539479634286765,0.13750352374993502,-0.03540298557438123,0.10210053817555378,-0.1497486667382153,-0.1497486667382153,False
HTR2B,NEUTRAL,0.04232050695219615,0.13750352374993502,0.061055585507840286,0.1985591092577753,-0.05329009565599367,-0.053290095655993505,False
CCDC30,DIG,1.2322394628054567,0.53605290024021,1.7777457621771127,2.3137986624173226,2.0665918969921817,1.6634000810132767,True
SESN1,DIG,1.2803905703173601,0.5109619192773794,1.847213126197847,2.3581750454752264,2.129259495500199,1.7328674450340122,True
CEACAM4,DIG,0.7367419360767586,0.560714954474479,1.0628939375928734,1.6236088920673524,1.3805568425622283,0.9485482564290391,True
IDH3A,NEUTRAL,0.0022605918171098786,0.13750352374993502,0.0032613446040185923,0.1407648683539536,-0.11108433655981406,-0.1110843365598139,False
CDC42EP5,DIG,0.5959610681351317,0.5109619192773794,0.8597900775614442,1.3707519968388238,1.118672170953244,0.7454443963976098,True
DCLK2,NEUTRAL,-0.01823157939918676,0.13750352374993502,-0.02630260918678013,0.1112009145631549,-0.1406482903506136,-0.14064829035061396,False
PGBD5,DCG,0.8757737993260133,-0.7369655941662062,1.2634745172281256,0.5265089230619194,0.27465971814815066,1.1491288360642917,True
LINC01412,NEUTRAL,-0.03395467226544754,0.13750352374993502,-0.04898623729237119,0.08851728645756382,-0.1633319184562041,-0.1633319184562041,False
LCMT1-AS1,DSG,0.10632500690233641,1.1699250014423124,0.15339456018048556,1.323319561622798,1.0635889041464635,0.03904887901665195,False
AQP4,NEUTRAL,-0.07289598932984709,0.13750352374993502,-0.1051666823068652,0.03233684144306982,-0.21951236347069927,-0.21951236347069927,False
PAN2,DIG,1.3383063802844148,0.37851162325372983,1.9307679780263844,2.3092796012801142,2.064807194644436,1.8164222968625492,True
HOXD3,NEUTRAL,0.03862584156953364,0.13750352374993502,0.055725310082528956,0.19322883383246398,-0.05862037108130527,-0.05862037108130494,False
PDE4C,DIG,-1.5908229949376114,0.5109619192773794,-2.2950724457286205,-1.784110526451241,-2.0219446746888012,-2.4094181268924553,True
OSER1-DT,DCG,-0.7685844051374792,1.1699250014423124,-1.1088329097964351,0.061092091645877256,-0.19810722915177795,-1.2231785909602708,True
TMPRSS11CP,NEUTRAL,-0.042928983783752046,0.13750352374993502,-0.061933432015221807,0.07557009173471321,-0.17627911317905515,-0.17627911317905534,False
AADACP1,DSG,0.002271031870090517,1.2016338611696507,0.0032764064166803776,1.204910267586331,0.9493645505565697,-0.11106927474715239,False
CIP2A,DIG,1.0464367151982317,0.608809242675524,1.5096890596206256,2.1184983022961497,1.8384851275240919,1.3953433784567895,True
ALDH6A1,NEUTRAL,-0.01760837581291042,0.13750352374993502,-0.02540351646339503,0.11210000728653999,-0.13974919762722893,-0.13974919762722873,False
TFF2,DIG,1.7133255458408236,0.53605290024021,2.4718062684129327,3.007859168653143,2.752199899365734,2.357460587249098,True
CIITA,DCG,-0.9522718315289843,1.4329594072761063,-1.3738378489251162,0.05912155835099009,-0.19839363440203361,-1.4881835300889505,True
IARS2,DCG,-0.8693006031907761,1.2016338611696507,-1.2541356692651173,-0.05250180809546667,-0.30543004981657285,-1.3684813504289521,True
KRT18P12,DCG,-0.8734661087653909,1.2630344058337937,-1.2601452235004094,0.0028891823333843103,-0.2454651627438023,-1.3744909046642417,True
LINC01398,NEUTRAL,-0.022314006257318525,0.13750352374993502,-0.032192306169798734,0.10531121758013628,-0.14653798733363232,-0.14653798733363216,False
FRMD4B,NEUTRAL,-0.028534585829671565,0.13750352374993502,-0.041166705470287654,0.09633681827964737,-0.1555123866341214,-0.15551238663412195,False
ZNF469,NEUTRAL,0.03160456021724443,0.13750352374993502,0.04559574229489516,0.18309926604483018,-0.06874993886893838,-0.06874993886893854,False
FBN2,NEUTRAL,-0.056294045212425585,0.13750352374993502,-0.08121513985954548,0.05628838389038954,-0.19556082102337918,-0.19556082102337902,False
LINC02346,NEUTRAL,0.0398351590460725,0.13750352374993502,0.05746998640879193,0.19497351015872694,-0.056875694755042075,-0.05687569475504174,False
DDN,DIG,-0.9213525406474037,0.4329594072761063,-1.3292307413024564,-0.8962713340263502,-1.153385601099219,-1.4435764224662913,True
AKAP6,DIG,-1.482578526851153,0.37851162325372983,-2.1389086884166235,-1.7603970651628937,-2.009308125072909,-2.2532543695804583,True
TNFRSF10B,NEUTRAL,0.01675618768245889,0.13750352374993502,0.024174068873688174,0.1616775926236232,-0.09017161229014523,-0.0901716122901459,False
RPS3AP29,DIG,-0.767366552131601,0.560714954474479,-1.107075919304323,-0.5463609648298439,-0.792002698710277,-1.2214216004681535,True
GALNT10,NEUTRAL,0.0047295762594610265,0.13750352374993502,0.006823336215030597,0.1443268599649656,-0.10752234494880371,-0.10752234494880406,False
SLC25A18,NEUTRAL,0.06232055534912911,0.13750352374993502,0.08990955614763473,0.22741307989756976,-0.024436125016197907,-0.024436125016197907,False
RGR,NEUTRAL,0.022705603757311243,0.13750352374993502,0.032757261941062744,0.17026078569099776,-0.08158841922277126,-0.0815884192227721,False
TTC32,DIG,1.6657425560212957,0.5849625007211562,2.40315852496963,2.988121025690786,2.7520691322819495,2.2888128438057955,True
KLHL28,NEUTRAL,0.03909167731514453,0.13750352374993502,0.0563973690025906,0.19390089275252562,-0.05794831216124213,-0.05794831216124196,False
SOX10,NEUTRAL,0.012935459386265216,0.13750352374993502,0.018661923108185423,0.15616544685812045,-0.0956837580556493,-0.09568375805564913,False
NHLRC3,NEUTRAL,-0.020323401236016028,0.13750352374993502,-0.029320470177196953,0.10818305357273807,-0.14366615134103108,-0.14366615134103108,False
RND1,DIG,-1.477872188723665,0.4329594072761063,-2.13211887773935,-1.6991594704632436,-1.9660772795486545,-2.246464558903186,True
LINC01587,NEUTRAL,-0.01939898543979525,0.13750352374993502,-0.027986820092269812,0.10951670365766521,-0.14233250125610392,-0.14233250125610375,False
THEMIS2,NEUTRAL,0.06404736761945637,0.13750352374993502,0.09240081964658209,0.2299043433965171,-0.021944861517250912,-0.021944861517250426,False
MESTIT1,DIG,-1.6066058579157088,0.4329594072761063,-2.3178423038781517,-1.8848828966020454,-2.121181279458855,-2.432187985041985,True
EDC4,NEUTRAL,0.05978335239468104,0.13750352374993502,0.08624914602752368,0.2237526697774587,-0.028096535136309747,-0.028096535136309417,False
ADGRD1-AS1,NEUTRAL,0.016519167171984605,0.13750352374993502,0.023832120558637954,0.16133564430857297,-0.09051356060519616,-0.09051356060519668,False
CDK5P1,DCG,-0.75491330074454,1.232660756790275,-1.0891096752852665,0.1435510815050085,-0.10311842575121893,-1.2034553564490962,True
PEG13,DCG,-0.9703485100685438,1.3923174227787602,-1.3999169834098826,-0.007599560631122326,-0.24944947103000473,-1.5142626645737163,True
ZC3H4,DIG,-0.618757436198832,0.53605290024021,-0.892678284717224,-0.356625384477014,-0.6169455994468696,-1.00702396588106,True
ZNF554,NEUTRAL,-0.03887987333999555,0.13750352374993502,-0.0560918004580026,0.08141172329193241,-0.1704374816218367,-0.17043748162183633,False
MTSS2,NEUTRAL,-0.013555898469210095,0.13750352374993502,-0.019557027496323695,0.11794649625361132,-0.13390270866015763,-0.1339027086601578,False
ANKRD30BP3,DIG,-0.6023899566938767,0.4854268271702419,-0.8690650032035735,-0.3836381760333316,-0.6509999685092989,-0.9834106843674023,True
HSPA12A,NEUTRAL,-0.03603345696745091,0.13750352374993502,-0.05198528967302729,0.08551823407690773,-0.16633097083686035,-0.16633097083686052,False
RILPL1,NEUTRAL,0.04698138369366188,0.13750352374993502,0.06777980926894761,0.20528333301888263,-0.046565871894885806,-0.046565871894885806,False
MIR3189,DIG,1.6423467721840237,0.5109619192773794,2.3694055436498873,2.880367462927267,2.6458741001209822,2.255059862486047,True
PRR33,NEUTRAL,-0.019716277849626516,0.13750352374993502,-0.02844457627844509,0.10905894747148993,-0.14279025744227905,-0.1427902574422794,False
ACADM,NEUTRAL,-0.031908080081230354,0.13750352374993502,-0.046033628897478945,0.09146989485245607,-0.16037931006131256,-0.1603793100613124,False
LINC-PINT,DIG,-1.224271757282525,0.53605290024021,-1.7662507929319156,-1.2301978926917054,-1.475345073304534,-1.8805964740957504,True
MYH1,NEUTRAL,0.017981123885022952,0.13750352374993502,0.025941278258532704,0.16344480200846773,-0.08840440290529998,-0.08840440290529998,False
PRPF40B,DIG,-0.9799873411925297,0.560714954474479,-1.4138228772724233,-0.8531079227979442,-1.1143500498443193,-1.5281685584362585,True
PTGES3P4,NEUTRAL,0.004749064521197934,0.13750352374993502,0.006851451833593979,0.144354975583529,-0.10749422933024004,-0.10749422933024022,False
HOXA1,DSG,0.08242837421198651,1.1375035237499351,0.11891900670417266,1.256422530454108,0.9991866006421509,0.004573325540337177,False
CYP4X1,NEUTRAL,0.06022570391012851,0.13750352374993502,0.08688732436518946,0.2243908481151245,-0.027458356798643724,-0.027458356798643394,False
CNNM3-DT,NEUTRAL,-0.008416933983209756,0.13750352374993502,-0.012143068917066506,0.1253604548328685,-0.12648875008090024,-0.12648875008089971,False
RPS6KA4,DIG,1.170052853364267,0.4329594072761063,1.6880294491266095,2.120988856402716,1.8835720449606734,1.573683767962773,True
TLE4,NEUTRAL,-0.06009086269548795,0.13750352374993502,-0.08669278961352007,0.050810734136414945,-0.20103847077735307,-0.2010384707773527,False
CHCHD3,DIG,1.5007633915739094,0.53605290024021,2.165143902571381,2.701196802811591,2.4741872022376152,2.0507982214075433,True
IKBIP,NEUTRAL,-0.06083103510070634,0.13750352374993502,-0.0877606326719315,0.04974289107800352,-0.2021063138357661,-0.20210631383576574,False
MIR4271,NEUTRAL,0.07016240450541633,0.13750352374993502,0.1012229530368096,0.23872647678674463,-0.013122728127024228,-0.013122728127023581,False
SLC5A1,NEUTRAL,0.0038410803522113952,0.13750352374993502,0.005541507575791413,0.14304503132572643,-0.10880417358804234,-0.108804173588042,False
CACYBP,DCG,-1.0239243409144017,1.4195388915137848,-1.4772105688827077,-0.05767167736892298,-0.31872140764323575,-1.5915562500465426,True
COA7,NEUTRAL,-0.009546892763190946,0.13750352374993502,-0.013773254845354311,0.1237302689045807,-0.12811893600918925,-0.12811893600918925,False
LRRC3,DIG,-0.9925358106266902,0.53605290024021,-1.4319264918958332,-0.8958735916556232,-1.1709378333413538,-1.5462721730596678,True
MC4R,NEUTRAL,0.045753380746782216,0.13750352374993502,0.06600817550728728,0.2035116992572223,-0.04833750565654691,-0.04833750565654757,False
NDUFS2,DCG,-0.8703458800152795,1.3923174227787602,-1.2556436849561845,0.13667373782257575,-0.11447937993603738,-1.369989366120018,True
ASB4,DIG,-0.909924692454674,0.4854268271702419,-1.3127438413867734,-0.8273170142165315,-1.0696759320151932,-1.4270895225506062,True
DCP1B,DSG,-0.06349737700412163,-0.7369655941662062,-0.09160735091330317,-0.8285729450795094,-1.0804221499932796,-0.20595303207713825,False
DUSP15,DSG,-0.04865408896030288,1.070389327891398,-0.07019301286199943,1.0001963150293987,0.7467838592910166,-0.18453869402583448,False
EML5,NEUTRAL,0.013817236128390567,0.13750352374993502,0.019934058041220892,0.1574375817911559,-0.0944116231226122,-0.09441162312261255,False
TRIM59,DSG,-0.09113890372984758,-0.7369655941662062,-0.13148564444310776,-0.868451238609314,-1.1203004435230832,-0.245831325606942,False
ITPRIP-AS1,NEUTRAL,0.015825855130956773,0.13750352374993502,0.022831882715258496,0.1603354064651935,-0.09151379844857545,-0.0915137984485751,False
IRF2,NEUTRAL,-0.021293566835491832,0.13750352374993502,-0.030720123276401765,0.10678340047353325,-0.1450658044402365,-0.1450658044402365,False
DAZAP1,NEUTRAL,0.04398981926717946,0.13750352374993502,0.06346389410636158,0.2009674178562966,-0.050881787057471185,-0.050881787057471685,False
UBE2D2,NEUTRAL,0.008882384720678432,0.13750352374993502,0.012814572387790674,0.1503180961377257,-0.10153110877604324,-0.10153110877604324,False
DAGLA,DIG,0.6447474556541728,0.35049724708413343,0.930173956898052,1.2806712039821855,1.0410470643224161,0.8158282757342171,True
SNORA53,NEUTRAL,0.011382728547540223,0.13750352374993502,0.016421806027321514,0.15392532977725654,-0.09792387513651313,-0.09792387513651296,False
WWP1P1,DIG,-1.5164408634677005,0.608809242675524,-2.1877617135262293,-1.5789524708507052,-1.8460145720981653,-2.302107394690064,True
H2BC8,DIG,-0.7987467974696738,0.4854268271702419,-1.1523480436354396,-0.6669212164651978,-0.932896090475712,-1.2666937247992747,True
LAP3P2,DIG,-1.6790689187265575,0.5109619192773794,-2.4223844023575984,-1.911422483080219,-2.171735722928854,-2.536730083521433,True
SLC17A5,DIG,-0.8448022891421211,0.35049724708413343,-1.2187920730769823,-0.8682948259928489,-1.1317762282307529,-1.3331377542408178,True
IPO7P2,NEUTRAL,-0.024480395964613936,0.13750352374993502,-0.03531774585714672,0.1021857778927883,-0.14966342702098115,-0.14966342702098187,False
SMARCAL1,NEUTRAL,-0.010070030161105926,0.13750352374993502,-0.014527982575029809,0.12297554117490521,-0.12887366373886486,-0.128873663738864,False
PSKH1,NEUTRAL,0.03948622910701255,0.13750352374993502,0.056966586916092445,0.19447011066602746,-0.05737909424774173,-0.057379094247741395,False
ARL2BP,NEUTRAL,0.004118389098429563,0.13750352374993502,0.0059415795287555,0.14344510327869053,-0.10840410163507784,-0.10840410163507784,False
NASP,NEUTRAL,-0.06328246698500999,0.13750352374993502,-0.09129730129449347,0.04620622245544155,-0.20564298245832693,-0.20564298245832677,False
DNMBP,NEUTRAL,-0.007799028748925912,0.13750352374993502,-0.01125162009982587,0.12625190365010916,-0.12559730126365923,-0.12559730126365923,False
CCT5,DSG,-0.0021691561759915275,1.3923174227787602,-0.0031294308580166446,1.3891879919207437,1.1331167237566588,-0.11747511202185133,False
PERCC1,DSG,-0.016769930162568798,1.2927817492278462,-0.024193895081592254,1.2685878541462539,1.0213472702978466,-0.1385395762454259,False
RNF126P1,DSG,-0.06363719677134703,-3.321928094887362,-0.09180906819809753,-3.4137371630854596,-3.665586367999217,-0.20615474936193018,False
ENO1,NEUTRAL,-0.02481891723431082,0.13750352374993502,-0.035806128814173846,0.10169739493576117,-0.1501518099780083,-0.1501518099780085,False
RARS1,DIG,1.3090329827680454,0.53605290024021,1.888535392599547,2.424588292839757,2.1542564942034863,1.7741897114357112,True
TPCN2,DSG,0.09016342910706875,-0.7369655941662062,0.1300783320423117,-0.6068872621238945,-0.8587364670376648,0.015732650878476664,False
DGKA,DIG,-1.5817920131289875,0.4854268271702419,-2.2820434930589606,-1.7966166658887186,-2.054585916983663,-2.396389174222796,True
RPS6P12,NEUTRAL,-0.047267089757308096,0.13750352374993502,-0.0681919959901219,0.06931152775981311,-0.18253767715395475,-0.18253767715395475,False
PRSS16,DIG,0.6656291605041237,0.560714954474479,0.9602998889303831,1.521014843404862,1.2474006609903068,0.8459542077665467,True
CAVIN2,NEUTRAL,0.009424976094459619,0.13750352374993502,0.013597366271973924,0.15110089002190893,-0.10074831489185979,-0.10074831489185962,False
CHMP6,DSG,0.06037671912966589,-3.321928094887362,0.08710519327351479,-3.2348229016138474,-3.4866721065276165,-0.027240487890319607,False
HLA-F,DIG,0.8241359357791272,0.4854268271702419,1.1889768275669321,1.6744036547371741,1.3988147794158026,1.074631146403097,True
SETX,NEUTRAL,0.022737245746964695,0.13750352374993502,0.03280291168261964,0.17030643543255466,-0.08154276948121367,-0.081542769481214,False
FBXL13,DIG,-0.8286382075854472,0.560714954474479,-1.195472232774644,-0.634757278300165,-0.8823417873291051,-1.30981791393848,True
LINC01562,NEUTRAL,-0.05705079420748769,0.13750352374993502,-0.08230689788191929,0.05519662586801573,-0.19665257904575276,-0.1966525790457522,False
C10orf71,NEUTRAL,-0.05776211740105023,0.13750352374993502,-0.08333312032574126,0.054170403424193755,-0.19767880148957465,-0.19767880148957445,False
TMEM200C,NEUTRAL,-0.018394293021366904,0.13750352374993502,-0.0265373553225845,0.11096616842735052,-0.14088303648641778,-0.14088303648641726,False
GULP1,NEUTRAL,-0.012382229691003395,0.13750352374993502,-0.01786378137035868,0.11963974237957634,-0.13220946253419222,-0.13220946253419222,False
DIRAS2,NEUTRAL,-0.007947802011705113,0.13750352374993502,-0.011466254548254295,0.12603726920168073,-0.12581193571208787,-0.1258119357120877,False
RPL13AP25,NEUTRAL,0.014428922706334099,0.13750352374993502,0.020816535233798367,0.15832005898373339,-0.0935291459300368,-0.09352914593003697,False
APOC4-APOC2,DIG,-1.4568413313435842,0.560714954474479,-2.101777764091464,-1.5410628096169852,-1.7863486864859113,-2.2161234452553,True
ETS2,DIG,-0.8956922669816288,0.5109619192773794,-1.2922107917369894,-0.7812488724596099,-1.0398403442552864,-1.4065564729008235,True
MIR29B2,DCG,-0.9099132447454618,1.3362833878644325,-1.3127273258334633,0.02355606203096916,-0.22956549676083465,-1.42707300699729,True
MDM4,DCG,-0.8113099646763273,1.1043366598147357,-1.1704728626623375,-0.0661362028476018,-0.32296434158496806,-1.284818543826173,True
ZNF223,DIG,-1.2538225557195037,0.45943161863729726,-1.808883583291254,-1.3494519646539567,-1.5987067410202058,-1.9232292644550888,True
PRKCE,DIG,0.7964406169870429,0.4329594072761063,1.1490209284897532,1.5819803357658595,1.3344206537647456,1.0346752473259189,True
RPP38-DT,DSG,0.057474829450843645,-0.7369655941662062,0.08291865142467107,-0.6540469427415352,-0.9058961476553025,-0.031427029739161436,False
MAP3K5-AS1,DIG,-1.1401568926342067,0.35049724708413343,-1.6448986948387403,-1.2944014477546069,-1.5416252704469655,-1.759244376002565,True
DHRS7C,NEUTRAL,-0.052232482100794064,0.13750352374993502,-0.07535554290013714,0.062147980849797876,-0.18970122406397066,-0.1897012240639703,False
ST3GAL1P1,NEUTRAL,-0.02138337049542821,0.13750352374993502,-0.030849682571245658,0.10665384117868937,-0.14519536373507932,-0.14519536373507932,False
TMEM181,NEUTRAL,-0.04948138108833293,0.13750352374993502,-0.07138654311247486,0.06611698063746016,-0.185732224276308,-0.18573222427630853,False
MRGPRX3,NEUTRAL,-0.05905094551488416,0.13750352374993502,-0.08519250625412775,0.05231101749580727,-0.19953818741796192,-0.19953818741796117,False
NCOA1,DIG,-0.596500732554325,0.4854268271702419,-0.8605686487427586,-0.37514182157251674,-0.6031894443385352,-0.9749143299065944,True
TPSD1,DSG,0.1319271451492768,1.1699250014423124,0.19033063806550013,1.3602556395078125,1.1181611676816936,0.07598495690166557,False
LSS,DIG,1.0130633859926812,0.4854268271702419,1.4615415230778228,1.9469683502480648,1.6647084471194595,1.3471958419139891,True
ELAVL2,NEUTRAL,-0.05646052461536096,0.13750352374993502,-0.0814553188685705,0.05604820488136451,-0.19580100003240364,-0.19580100003240383,False
EGFLAM,DSG,0.19147371862943757,1.232660756790275,0.27623818432725833,1.5088989411175333,1.2517258574807975,0.16189250316342294,True
ISL1,DIG,1.3177781409959326,0.45943161863729726,1.9011519890067092,2.3605836076440063,2.087445853758822,1.786806307842873,True
TENT5A,NEUTRAL,-0.03832158677732901,0.13750352374993502,-0.05528636320264864,0.08221716054728638,-0.16963204436648216,-0.16963204436648271,False
LARGE-AS1,NEUTRAL,0.041663900526134535,0.13750352374993502,0.06010830267314537,0.1976118264230804,-0.054237378490688416,-0.054237378490688916,False
KRT1,DIG,1.6899493587703371,0.4329594072761063,2.438081559251449,2.8710409665275556,2.609358708352353,2.323735878087613,True
RPS29P17,DIG,0.8354407241887415,0.45943161863729726,1.2052861897437817,1.664717808381079,1.414848347045546,1.090940508579946,True
SDHAF3,DIG,-1.2833602391941772,0.4329594072761063,-1.8514974527595134,-1.4185380454834071,-1.6461759007904346,-1.9658431339233484,True
PCBP4,NEUTRAL,0.03299836828380517,0.13750352374993502,0.04760658228047337,0.1851101060304084,-0.06673909888336144,-0.0667390988833616,False
PSAP,NEUTRAL,0.02877852431307348,0.13750352374993502,0.04151863431057357,0.17902215806050858,-0.07282704685326001,-0.07282704685326034,False
RPL39P40,DIG,-1.3880137451782828,0.4854268271702419,-2.002480546854426,-1.517053719684184,-1.7631359753748939,-2.1168262280182457,True
ENPP7P11,NEUTRAL,0.06710220151750998,0.13750352374993502,0.09680801336204353,0.23431153711197855,-0.01753766780179113,-0.017537667801790807,False
HTR5BP,NEUTRAL,0.003695554494352664,0.13750352374993502,0.005331558142337509,0.14283508189227254,-0.109014123021496,-0.109014123021496,False
INTS6P1,DSG,0.019329645965462803,1.2779847472997656,0.027886784376512548,1.3058715316762781,1.0555658956607845,-0.08645889678732108,False
RPL28P2,NEUTRAL,0.03532829086472647,0.13750352374993502,0.05096795003362375,0.18847147378355877,-0.06337773113020821,-0.06337773113020838,False
CYP1B1,DIG,-1.6992035182034437,0.4854268271702419,-2.451432489173188,-1.9660056620029458,-2.2027577098101556,-2.5657781703370226,True
LINC00592,DIG,-1.6350467589491946,0.5849625007211562,-2.3588738507575755,-1.7739113500364194,-2.0263844045840296,-2.473219531921395,True
ATP1B3P1,DIG,-1.327312644698396,0.405992359675837,-1.9149073702155908,-1.5089150105397537,-1.7531504676057743,-2.029253051379425,True
KCNJ3,NEUTRAL,0.043746320674755486,0.13750352374993502,0.06311259989460807,0.2006161236445431,-0.05123308126922719,-0.051233081269226856,False
PPP2R2C,NEUTRAL,-0.0469732287014283,0.13750352374993502,-0.06776804410209374,0.06973547964784128,-0.182113725265929,-0.18211372526592812,False
APMAP,DSG,0.040018916090874046,1.3219280948873624,0.05773509178605553,1.379663186673418,1.1278884078720917,-0.056610589377778506,False
SCARNA4,DCG,-0.957231153511692,1.232660756790275,-1.38099263815574,-0.14833188136546505,-0.4022977308641365,-1.4953383193195686,True
CRCT1,DCG,-1.0079493429199995,1.3362833878644325,-1.4541635184979727,-0.11788013063354019,-0.36740796644043516,-1.5685091996618028,True
TGFB1,DIG,-0.7861063444857197,0.560714954474479,-1.134111724800899,-0.5733967703264199,-0.8267717019769353,-1.2484574059647349,True
ZDHHC1,NEUTRAL,-0.011186259186982897,0.13750352374993502,-0.016138360655158834,0.12136516309477619,-0.13048404181899376,-0.13048404181899342,False
ALDH1L1,DIG,0.6254931961194238,0.53605290024021,0.9023959321512806,1.4384488323914906,1.1664552814883666,0.7880502509874445,True
RSAD2,NEUTRAL,-0.0007339047374416938,0.13750352374993502,-0.0010588007251920485,0.13644472302474298,-0.11540448188902479,-0.11540448188902479,False
ST3GAL6,DIG,1.35499554689237,0.5109619192773794,1.9548453559282513,2.4658072752056306,2.2010753214078247,1.8404996747644167,True
TMEM51-AS1,NEUTRAL,-0.0028770706104665213,0.13750352374993502,-0.004150735502007433,0.1333527882479276,-0.11849641666584183,-0.11849641666584183,False
SNORA27,NEUTRAL,-0.051641988381531806,0.13750352374993502,-0.0745036405396814,0.06299988321025361,-0.18884932170351446,-0.18884932170351465,False
MFAP1,NEUTRAL,0.04736888922485397,0.13750352374993502,0.06833886157711548,0.20584238532705051,-0.04600681958671801,-0.046006819586717845,False
PANTR1,NEUTRAL,-0.023217563307508765,0.13750352374993502,-0.033495863445268455,0.10400766030466657,-0.1478415446091021,-0.14784154460910226,False
ABHD1,DIG,1.6861329947813708,0.5109619192773794,2.43257570985034,2.9435376291277198,2.705187480098709,2.3182300286865054,True
DDX27,DCG,-1.0215248818852387,1.3504972470841334,-1.4737488812405182,-0.12325163415638474,-0.37611267897410033,-1.5880945624043514,True
ANKLE1,DIG,0.7219274537000562,0.5849625007211562,1.0415211573346679,1.626483658055824,1.3870599340381593,0.9271754761708318,True
PPARG,DIG,-1.3815342140344067,0.4854268271702419,-1.9931325594058702,-1.5077057322356282,-1.7601151365476555,-2.1074782405697046,True
RO60,DCG,-0.8425214413269569,1.2016338611696507,-1.2155015052450227,-0.013867644075371999,-0.268228190189561,-1.3298471864088572,True
FAM13B,NEUTRAL,0.06788748424743525,0.13750352374993502,0.09794093686220247,0.23544446061213747,-0.01640474430163056,-0.016404744301631045,False
PDZRN4,DIG,1.154374554199861,0.45943161863729726,1.6654104446725473,2.1248420633098446,1.8928295456217097,1.5510647635087134,True
BEND5,NEUTRAL,0.008557605612823628,0.13750352374993502,0.012346015179504207,0.14984953892943922,-0.10199966598432966,-0.10199966598432983,False
MAP9,NEUTRAL,-0.03591209648917544,0.13750352374993502,-0.051810203512859365,0.08569332023707565,-0.1661558846766932,-0.16615588467669357,False
VN1R82P,DIG,-0.7123235304921308,0.608809242675524,-1.0276656249495155,-0.41885638227399147,-0.6639594492582461,-1.142011306113348,True
AGT,DCG,-0.8302362218044286,1.1043366598147357,-1.1977776799636386,-0.09344102014890288,-0.3417831655494056,-1.312123361127473,True
CRMP1,NEUTRAL,-0.018606980303833308,0.13750352374993502,-0.02684419821025893,0.11065932553967608,-0.14118987937409214,-0.14118987937409214,False
YWHABP2,DIG,-1.2024868710538201,0.560714954474479,-1.7348218456034328,-1.1741068911289538,-1.4200724982235682,-1.849167526767266,True
CCDC34,DIG,-1.0922476405040518,0.5109619192773794,-1.5757802543778667,-1.0648183351004872,-1.3164654468424866,-1.690125935541702,True
LINC02732,NEUTRAL,-0.00851333181361701,0.13750352374993502,-0.012282141588947505,0.12522138216098752,-0.12662782275278123,-0.1266278227527816,False
PIK3C2A,NEUTRAL,-0.0014642773677861973,0.13750352374993502,-0.0021125056969910918,0.13539101805294393,-0.11645818686082485,-0.11645818686082468,False
ADAMTSL4,DCG,-0.8388115674594753,1.232660756790275,-1.2101492886140832,0.022511468176191762,-0.2304718248777518,-1.3244949697779171,True
GATA6-AS1,NEUTRAL,0.020326629898599763,0.13750352374993502,0.029325128152695213,0.16682865190263024,-0.0850205530111387,-0.0850205530111387,False
LINC00861,DCG,-1.0247757411707383,1.3504972470841334,-1.478438879810336,-0.12794163272620263,-0.3857389403648971,-1.5927845609741713,True
ADCY4,NEUTRAL,-0.05991172931040012,0.13750352374993502,-0.08643435476719621,0.051069168982738805,-0.2007800359310304,-0.20078003593102983,False
SENP7,DIG,-1.275989798889111,0.6780719051126378,-1.840864155082226,-1.1627922499695882,-1.4441491517495,-1.9552098362460608,True
ABCA9-AS1,DSG,0.023911789654418123,1.2172307162206693,0.034497420353209046,1.2517281365738784,1.0026022917981994,-0.07984826081062531,False
MMP2,NEUTRAL,0.02504908356114081,0.13750352374993502,0.036138188632471105,0.1736417123824061,-0.07820749253136167,-0.07820749253136183,False
GATM,NEUTRAL,0.012946702854087843,0.13750352374993502,0.01867814400345552,0.15618166775339054,-0.09566753716037932,-0.09566753716037966,False
E2F5,DCG,-0.9261848057013686,1.3074285251922473,-1.3362022261320727,-0.028773700939825453,-0.2917085243366898,-1.450547907295906,True
RABGAP1L,DCG,-0.9435802911001799,1.2927817492278462,-1.3612986066507942,-0.068516857422948,-0.3341727101727624,-1.4756442878146283,True
OAF,NEUTRAL,0.031873072340790884,0.13750352374993502,0.04598312340395419,0.1834866471538892,-0.06836255775988045,-0.06836255775988062,False
SPATS1,DIG,1.323294327204148,0.53605290024021,1.9091101634939216,2.4451630637341317,2.1949977129402196,1.7947644823300841,True
CYP11B1,DCG,2.0794415416798357,-3.321928094887362,3.0,-0.3219280948873622,-0.57377729980113,2.885654318836165,True
DPH5,NEUTRAL,-0.022971017700247995,0.13750352374993502,-0.03314017332032038,0.10436335042961464,-0.1474858544841551,-0.1474858544841551,False
TRIM24,DIG,1.0012245236633723,0.53605290024021,1.4444616551055618,1.980514555345772,1.7282463783616866,1.330115973941727,True
HDGFL3,NEUTRAL,0.011148942610505495,0.13750352374993502,0.016084524215331932,0.15358804796526696,-0.09826115694850208,-0.09826115694850174,False
CLIP1-AS1,NEUTRAL,0.022840833038905148,0.13750352374993502,0.03295235655500125,0.17045588030493627,-0.08139332460883232,-0.08139332460883299,False
SNRPB,DSG,0.04935727868880155,1.0874628412503395,0.07120750119610851,1.158670342446448,0.9065595577508311,-0.0431381799677251,False
CYP2B7P,DIG,1.4229047929682208,0.608809242675524,2.0528176884723894,2.6616269311479135,2.4028435120473994,1.9384720073085546,True
RERGL,DIG,-1.0557997972752649,0.4854268271702419,-1.5231971317005977,-1.0377703045303557,-1.2890493569467592,-1.6375428128644325,True
EXOG,NEUTRAL,0.026904228254710456,0.13750352374993502,0.038814596682015506,0.17631812043195053,-0.07553108448181758,-0.07553108448181707,False
PRRT1B,NEUTRAL,0.041085084284481856,0.13750352374993502,0.059273247351727065,0.19677677110166208,-0.055072433812108884,-0.05507243381210855,False
AAMP,NEUTRAL,0.00336739007257273,0.13750352374993502,0.004858116958439404,0.14236164070837443,-0.10948756420539466,-0.109487564205395,False
PRR5,NEUTRAL,-0.007279420663736788,0.13750352374993502,-0.01050198409211771,0.1270015396578173,-0.12484766525595214,-0.12484766525595231,False
TFAP2B,DIG,0.8016499258426981,0.53605290024021,1.156536372542266,1.692589272782476,1.4484112228373298,1.04219069137843,True
PROZ,NEUTRAL,-0.03976633264695837,0.13750352374993502,-0.05737069090410773,0.08013283284582728,-0.17171637206794152,-0.17171637206794135,False
ODR4,DCG,-0.9400028712210543,1.3074285251922473,-1.356137480732002,-0.04870895553975463,-0.29741919815104084,-1.4704831618958358,True
PPIAP51,NEUTRAL,-0.0043766888340295,0.13750352374993502,-0.006314227276368459,0.13118929647356656,-0.12065990844020218,-0.12065990844020236,False
SELENOK,NEUTRAL,-0.05665860897993706,0.13750352374993502,-0.08174109419902209,0.05576242955091293,-0.1960867753628566,-0.1960867753628566,False
RAD54B,DCG,-0.7987250209505985,1.1043366598147357,-1.1523166267593619,-0.04797996694462614,-0.30849674566366264,-1.2666623079231971,True
GKN1,DIG,-1.0688727533068598,0.5109619192773794,-1.5420574205371391,-1.0310955012597596,-1.2644517202300665,-1.6564031017009722,True
CFAP36,DIG,-0.5677217360330273,0.4329594072761063,-0.8190493331797216,-0.3860899259036153,-0.6354926648915487,-0.9333950143435563,True
APOA1-AS,NEUTRAL,0.009413739000763352,0.13750352374993502,0.013581154572624314,0.15108467832255934,-0.10076452659120973,-0.10076452659120956,False
MIR3934,DIG,-0.5998269162910332,0.560714954474479,-0.865367317524793,-0.30465236305031396,-0.5665326231442501,-0.9797129986886255,True
C4orf36,NEUTRAL,0.014426526003894574,0.13750352374993502,0.020813077523074378,0.1583166012730094,-0.09353260364075926,-0.09353260364075874,False
SPATC1L,DIG,1.689831898790486,0.37851162325372983,2.437912100321015,2.816423723574745,2.5429145198780345,2.3235664191571797,True
NOD2,NEUTRAL,-0.020981492204900202,0.13750352374993502,-0.030269894754459965,0.10723362899547506,-0.14461557591829363,-0.1446155759182938,False
MALINC1,NEUTRAL,0.02081575083119032,0.13750352374993502,0.03003078049653859,0.16753430424647361,-0.08431490066729587,-0.08431490066729604,False
AHCYL2,DIG,-0.9362844021370461,0.53605290024021,-1.3507728638248044,-0.8147199635845944,-1.0678713088382557,-1.4651185449886395,True
FBXW7-AS1,NEUTRAL,0.017309165996989836,0.13750352374993502,0.024971847945781105,0.16247537169571613,-0.08937383321805356,-0.0893738332180534,False
IRS2,NEUTRAL,-0.05120920578830872,0.13750352374993502,-0.07387926723865539,0.06362425651127963,-0.1882249484024902,-0.1882249484024902,False
TERF2IP,NEUTRAL,0.03538391226442663,0.13750352374993502,0.051048194751138476,0.1885517185010735,-0.06329748641269446,-0.06329748641269463,False
PDRG1,DSG,0.03823359449323476,1.1538053360790355,0.055159417170749375,1.208964753249785,0.961477436077263,-0.05918626399308501,False
LINC01985,NEUTRAL,0.027295923928160288,0.13750352374993502,0.03937969408763924,0.17688321783757427,-0.07496598707619487,-0.0749659870761947,False
RAB3IL1,DIG,0.7956199510201032,0.5109619192773794,1.1478369577690228,1.6587988770464022,1.4335350265956737,1.0334912766051885,True
DDX56,DIG,-1.3136143310551724,0.632268215499513,-1.8951448810539704,-1.2628766655544574,-1.5055622638704504,-2.0094905622178056,True
EIF3J,NEUTRAL,0.03365482541056471,0.13750352374993502,0.04855364972180558,0.1860571734717406,-0.06579203144202805,-0.06579203144202789,False
GP5,DSG,-0.07821345939985873,1.4329594072761063,-0.11283817000694647,1.3201212372691598,1.066328974909739,-0.2271838511707793,False
TARBP2,NEUTRAL,0.08705442719781906,0.13750352374993502,0.12559299040572286,0.2630965141556579,0.011247309241888406,0.011247309241888406,False
ANAPC5,NEUTRAL,-0.010653353572614882,0.13750352374993502,-0.015369540368048211,0.1221339833818868,-0.12971522153188142,-0.12971522153188159,False
IGHMBP2,DSG,0.014699544083645478,-0.7369655941662062,0.021206959352804033,-0.7157586348134022,-0.9676078397271712,-0.09313872181102975,False
KIF14,DCG,-0.92603210526292,1.2016338611696507,-1.3359819259667813,-0.13434806479713068,-0.38541171134797564,-1.4503276071306146,True
MEF2B,DIG,1.5090188332701018,0.5849625007211562,2.1770539873668255,2.7620164880879816,2.5293662238459644,2.0627083062029885,True
ADAMTSL1,NEUTRAL,0.02620881611312879,0.13750352374993502,0.03781132903398166,0.17531485278391667,-0.07653435212985141,-0.07653435212985174,False
ANKS6,NEUTRAL,0.01684245974881598,0.13750352374993502,0.02429853315598879,0.1618020569059238,-0.09004714800784591,-0.09004714800784558,False
CYP4F11,DIG,0.5788893465503894,0.4854268271702419,0.8351607894916994,1.3205876166619412,1.0780185159802045,0.720815108327863,True
FTH1P24,NEUTRAL,0.006847198305789576,0.13750352374993502,0.009878419039745933,0.14738194278968095,-0.10446726212408819,-0.10446726212408801,False
EIF1B,NEUTRAL,0.07887451404606997,0.13750352374993502,0.11379187026679205,0.25129539401672707,-0.0005538108970407936,-0.0005538108970406334,False
LINC01303,NEUTRAL,0.0159346380491614,0.13750352374993502,0.02298882329188574,0.16049234704182075,-0.09135685787194735,-0.0913568578719477,False
ANKRD45,DCG,0.8774776503364474,-0.7369655941662062,1.2659326546312926,0.5289670604650863,0.27711785555131674,1.151586973467458,True
LARP1,NEUTRAL,-0.04095557269583519,0.13750352374993502,-0.05908640162504887,0.07841712212488615,-0.173432082788884,-0.173432082788884,False
ASPM,DCG,-0.7141200028912039,1.0874628412503395,-1.030257386770752,0.05720545447958747,-0.1951457546597107,-1.144603067934586,True
MTCO1P28,DSG,0.0018655733922750709,1.185866545311334,0.0026914534814496457,1.1885579987927837,0.9354395887570789,-0.11165422768238281,False
NUDT13,NEUTRAL,0.037796471671484005,0.13750352374993502,0.05452878224355017,0.1920323059934852,-0.05981689892028323,-0.0598168989202834,False
IBTK,NEUTRAL,0.014246974006521853,0.13750352374993502,0.020554038746883045,0.15805756249681807,-0.0937916424169515,-0.09379164241695116,False
ZP2,DSG,0.014288649597763277,-0.7369655941662062,0.02061416391569316,-0.7163514302505131,-0.9682006351642833,-0.09373151724814215,False
GPATCH4,DCG,-0.8291277930814083,1.2172307162206693,-1.1961785553417583,0.02105216087891093,-0.2257455509482929,-1.3105242365055927,True
STRADB,NEUTRAL,-0.07049921115202022,0.13750352374993502,-0.10170886231560348,0.035794661434331534,-0.21605454347943742,-0.2160545434794376,False
HOTTIP,DSG,0.13110772265431564,1.232660756790275,0.18914846129562676,1.4218092180859017,1.1675848137711105,0.07480278013179334,False
DCTN1-AS1,DIG,-1.004961867703623,0.5109619192773794,-1.4498535028185273,-0.9388915835411479,-1.1803677879093868,-1.564199183982361,True
TNK1,NEUTRAL,0.006446942039784015,0.13750352374993502,0.009300971309694978,0.14680449505963,-0.10504470985413923,-0.10504470985414009,False
ERCC8-AS1,NEUTRAL,-0.011945389708682334,0.13750352374993502,-0.017233554494202063,0.12026996925573295,-0.1315792356580359,-0.1315792356580359,False
RPP25L,DIG,-0.6236207935788481,0.32192809488736235,-0.8996946262914441,-0.5777665314040819,-0.8310126994759205,-1.0140403074552786,True
PPP1R42,DCG,-0.829630517433718,1.2016338611696507,-1.1969038332717696,0.004730027897881017,-0.24709518214718357,-1.3112495144356033,True
MEOX1,NEUTRAL,0.08739063047730779,0.13750352374993502,0.12607802920977185,0.26358155295970687,0.011732348045939152,0.011732348045938834,False
TAF3,DSG,0.015140849895206934,-0.7369655941662062,0.021843629058659227,-0.715121965107547,-0.9669711700213168,-0.09250205210517508,False
GNMT,DIG,-0.8354025783450448,0.53605290024021,-1.20523115692425,-0.66917825668404,-0.9370077756210362,-1.319576838088085,True
AKIRIN2,DIG,-0.8755663154935117,0.32192809488736235,-1.263175181331911,-0.9412470864445486,-1.1932971612510614,-1.377520862495745,True
SGPP2,NEUTRAL,0.03178812610862689,0.13750352374993502,0.045860571896069,0.18336409564600403,-0.06848510926776598,-0.06848510926776531,False
MKNK2P1,DIG,-0.918107668488368,0.5109619192773794,-1.324549380330297,-0.8135874610529176,-1.0585050100829436,-1.4388950614941278,True
PLA2G2A,NEUTRAL,0.04407993247438527,0.13750352374993502,0.063593899983516,0.20109742373345102,-0.05075178118031751,-0.05075178118031734,False
TMEM204,DSG,-0.013563309726717999,1.1699250014423124,-0.0195677196807771,1.1503572817615353,0.8999108471925911,-0.13391340084461292,False
EMX2,NEUTRAL,-0.038551277514179236,0.13750352374993502,-0.05561773688964059,0.08188578686029443,-0.16996341805347384,-0.1699634180534733,False
C22orf31,NEUTRAL,0.050844486518828745,0.13750352374993502,0.07335308855725999,0.210856612307195,-0.040992592606574264,-0.0409925926065741,False
P3H4,NEUTRAL,-0.0018154138645593333,0.13750352374993502,-0.0026190885795608185,0.1348844351703742,-0.11696476974339445,-0.11696476974339445,False
LRRC1,DIG,0.5620821524052475,0.37851162325372983,0.8109131338472451,1.1894247571009748,0.9321254310756848,0.6965674526834105,True
PSMC4,DSG,0.0022764236586662037,1.5109619192773793,0.0032841851233200423,1.5142461044006994,1.2648210587088686,-0.11106149604051586,False
RMDN2,DIG,-1.2697397896741933,0.608809242675524,-1.8318472977823541,-1.22303805510683,-1.450065611407086,-1.9461929789461905,True
TMEM68,DCG,-0.7496418802665672,1.1210154009613662,-1.0815046231032546,0.039510777858111634,-0.2163444084920561,-1.1958503042670903,True
XPOTP1,DSG,0.19380585217962257,1.2016338611696507,0.279602741834801,1.4812366030044517,1.2318080328230863,0.1652570606709659,True
RAB4B,DIG,0.734547061393004,0.4854268271702419,1.0597274027712478,1.5451542299414895,1.2943758794980824,0.9453817216074126,True
WNT4,NEUTRAL,-0.014019170433543116,0.13750352374993502,-0.020225387661849833,0.11727813608808518,-0.13457106882568518,-0.13457106882568481,False
LINC00200,DSG,-0.039342566180836175,1.2172307162206693,-0.05675932512493819,1.1604713910957312,0.9066435755287465,-0.17110500628877104,False
FURIN,NEUTRAL,-0.077081814641112,0.13750352374993502,-0.11120555172545457,0.026297972024480448,-0.22555123288928747,-0.22555123288928802,False
SLC9A8,DCG,-1.062075943035054,1.3785116232537298,-1.5322516960641415,-0.1537400728104117,-0.40088847505240927,-1.646597377227977,True
RICTOR,DSG,0.05195910006422361,1.2630344058337937,0.07496113599170882,1.3379955418255025,1.0755207456360731,-0.03938454517212588,False
NXPE2,NEUTRAL,-0.014941042858489077,0.13750352374993502,-0.021555368437651653,0.11594815531228336,-0.13590104960148575,-0.13590104960148608,False
MAF,NEUTRAL,0.014681489078391737,0.13750352374993502,0.021180911486261236,0.15868443523619624,-0.0931647696775732,-0.09316476967757302,False
SPOP,DSG,-0.05952607491399976,1.3362833878644325,-0.0858779730820124,1.2504054147824202,0.9917216539875222,-0.20022365424584765,False
GATA6,NEUTRAL,0.005066213216296498,0.13750352374993502,0.007309000683237083,0.1448125244331721,-0.10703668048059607,-0.10703668048059574,False
PPIAP35,NEUTRAL,0.01982924491371144,0.13750352374993502,0.028607553301584196,0.16611107705151923,-0.08573812786224973,-0.0857381278622499,False
GLG1,NEUTRAL,-0.0646901414074518,0.13750352374993502,-0.0933281462029365,0.04417537754699852,-0.2076738273667701,-0.20767382736677065,False
PCDHGC3,NEUTRAL,-0.021361636592622024,0.13750352374993502,-0.030818327177448007,0.10668519657248701,-0.14516400834128335,-0.14516400834128335,False
LRRC42,NEUTRAL,-0.025269681261539653,0.13750352374993502,-0.036456443840868026,0.101047079909067,-0.15080212500470153,-0.15080212500470136,False
SMIM12,NEUTRAL,-0.02628354555844105,0.13750352374993502,-0.037919140834142044,0.09958438291579297,-0.152264821997975,-0.15226482199797517,False
NIFK,NEUTRAL,0.000909322509527486,0.13750352374993502,0.0013118750750640113,0.13881539882499902,-0.11303380608877077,-0.11303380608877112,False
CCDC124,DIG,1.503369805453858,0.6553518286125543,2.168904162950487,2.824255991563041,2.571273421531724,2.05455848178665,True
RPL21P4,NEUTRAL,-0.019525721221835313,0.13750352374993502,-0.028169661176522198,0.10933386257341282,-0.14251534234035582,-0.14251534234035526,False
H2AZP1,DIG,-1.1392568796228268,0.4854268271702419,-1.6436002505304872,-1.1581734233602452,-1.4010091779104572,-1.7579459316943165,True
CDKN2B,NEUTRAL,-0.056892175590983717,0.13750352374993502,-0.08207805959049634,0.05542546415943868,-0.19642374075432903,-0.19642374075432922,False
ALG14,NEUTRAL,0.01141566504410669,0.13750352374993502,0.016469323347582214,0.15397284709751724,-0.09787635781625176,-0.09787635781625194,False
ATP6V1E2,DIG,1.143792743448692,0.5849625007211562,1.6501441187782107,2.235106619499367,2.00058635774166,1.5357984376143754,True
FPR1,DIG,1.0264696537779887,0.632268215499513,1.4808826791285157,2.1131508946280286,1.8435760458653816,1.36653699796468,True
NAV1,DCG,-0.7885780642030138,1.2172307162206693,-1.1376776625795066,0.07955305364116261,-0.17016662769171892,-1.2520233437433412,True
OVAAL,DCG,-1.025763468364049,1.3362833878644325,-1.4798638689338768,-0.14358048106944432,-0.3921771580090084,-1.5942095500976996,True
CCNG2,NEUTRAL,-0.001838502722955656,0.13750352374993502,-0.0026523987610689807,0.13485112498886603,-0.11699807992490334,-0.11699807992490334,False
POLR1A,DIG,1.2198560947686268,0.405992359675837,1.7598803385208754,2.1658726981967122,1.910056268551023,1.6455346573570406,True
GLDCP1,NEUTRAL,0.002171581674863589,0.13750352374993502,0.0031329301132110494,0.14063645386314608,-0.11121275105062281,-0.11121275105062299,False
TTC28,NEUTRAL,0.018767787155480144,0.13750352374993502,0.02707619345767079,0.1645797172076058,-0.08726948770616229,-0.08726948770616245,False
RNF215,NEUTRAL,0.02395908738853927,0.13750352374993502,0.034565656559670914,0.17206918030960594,-0.0797800246041638,-0.0797800246041638,False
SLC10A7,NEUTRAL,-0.05151916610214287,0.13750352374993502,-0.07432644544629631,0.06317707830363871,-0.1886721266101297,-0.18867212661013022,False
EIF4A2P3,DIG,-0.7755712646597939,0.4329594072761063,-1.1189128173806664,-0.6859534101045601,-0.9235283599229677,-1.233258498544498,True
COL6A4P1,DIG,-0.8597562602715195,0.5849625007211562,-1.2403660930669622,-0.655403592345806,-0.8899826516276489,-1.3547117742307917,True
TAS2R5,DIG,-1.5353880532920259,0.7004397181410922,-2.215096730324565,-1.514657012183473,-1.7745273744024852,-2.329442411488399,True
ITPRIP,NEUTRAL,0.018253380328273356,0.13750352374993502,0.026334061279060128,0.16383758502899515,-0.08801161988477389,-0.08801161988477356,False
GNPTAB,NEUTRAL,-0.01945671638573397,0.13750352374993502,-0.028070108241681435,0.10943341550825358,-0.1424157894055163,-0.14241578940551647,False
PKDCC,DIG,1.2576639045435383,0.560714954474479,1.8144254781900133,2.3751404326644923,2.1421288491028307,1.700079797026177,True
MTND5P25,NEUTRAL,-0.00386865052470679,0.13750352374993502,-0.005581282926926973,0.13192224082300805,-0.11992696409076083,-0.11992696409076048,False
TMIE,NEUTRAL,-0.015586915943457662,0.13750352374993502,-0.02248716633437949,0.11501635741555553,-0.13683284749821492,-0.1368328474982146,False
IL22RA1,NEUTRAL,0.05515370050678054,0.13750352374993502,0.0795699702078074,0.21707349395774242,-0.034775710956026516,-0.034775710956026516,False
CCL23,NEUTRAL,0.06963400263211758,0.13750352374993502,0.10046063027460506,0.23796415402454008,-0.013885050889229218,-0.013885050889228895,False
PVRIG,DSG,-0.050475649302471406,1.3362833878644325,-0.07282096893432596,1.2634624189301065,1.0150024694535633,-0.18716665009816125,False
LRRC3B,NEUTRAL,-0.011440289931594258,0.13750352374993502,-0.016504849550642974,0.12099867419929204,-0.1308505307144775,-0.1308505307144775,False
SOSTDC1,DIG,-1.5461763045557955,0.560714954474479,-2.23066088692267,-1.669945932448191,-1.910987124570798,-2.3450065680865047,True
LCMT1,DSG,-0.1429750104156614,1.3362833878644325,-0.2062693384977226,1.13001404936671,0.8835476312309485,-0.3206150196615567,False
HLA-DPA3,DIG,-1.7111114103017202,0.632268215499513,-2.468611946050812,-1.836343730551299,-2.0944605418991875,-2.58295762721461,True
EFNB2,NEUTRAL,-0.015810641983009948,0.13750352374993502,-0.0228099347821593,0.11469358896777572,-0.13715561594599196,-0.13715561594599232,False
CYP27A1,NEUTRAL,0.03627443922634936,0.13750352374993502,0.05233295358288231,0.18983647733281733,-0.06201272758095027,-0.06201272758095077,False
DNAJA2,NEUTRAL,0.02484966371603504,0.13750352374993502,0.035850486610882165,0.17335401036081718,-0.07849519455295242,-0.07849519455295292,False
RPS14P8,NEUTRAL,0.04375031676513627,0.13750352374993502,0.06311836503438338,0.20062188878431841,-0.05122731612945114,-0.051227316129450806,False
IGIP,NEUTRAL,0.02357983066142337,0.13750352374993502,0.034018504760237024,0.17152202851017204,-0.08032717640359606,-0.0803271764035964,False
LPAL2,NEUTRAL,-0.060523335571463374,0.13750352374993502,-0.0873167160870088,0.050186807662926214,-0.2016623972508434,-0.20166239725084303,False
YIPF7,NEUTRAL,0.024586270811962418,0.13750352374993502,0.03547049097437125,0.17297401472430626,-0.07887519018946282,-0.07887519018946298,False
FERMT1,DSG,0.04500594281222901,1.3074285251922473,0.06492985050573509,1.3723583756979825,1.1199104599462273,-0.049415830658098195,False
GBP7,NEUTRAL,0.052329160716711974,0.13750352374993502,0.07549502065988192,0.21299854440981694,-0.03885066050395152,-0.03885066050395185,False
TEX19,DSG,0.057888386363876394,-0.7369655941662062,0.08351528793222877,-0.6534503062339775,-0.9052995111477457,-0.03083039323160464,False
MAN2A2,NEUTRAL,0.008069149629162362,0.13750352374993502,0.011641322154183557,0.14914484590411858,-0.10270435900964912,-0.10270435900964964,False
THORLNC,NEUTRAL,0.02148519137273138,0.13750352374993502,0.030996579045989903,0.16850010279592492,-0.08334910211784426,-0.08334910211784426,False
PCDHGB7,NEUTRAL,-0.0498843554260987,0.13750352374993502,-0.07196791219117506,0.06553561155875996,-0.18631359335500766,-0.18631359335500786,False
DCHS1,NEUTRAL,0.0077533467738780245,0.13750352374993502,0.01118571494096627,0.14868923869090128,-0.10315996622286727,-0.10315996622286779,False
SEPTIN7P3,DIG,0.8165833254154573,0.53605290024021,1.1780807140494989,1.7141336142897088,1.4851744497529358,1.0637350328856638,True
TFPI2,DIG,-1.2623978676761618,0.5109619192773794,-1.8212551433252004,-1.310293224047821,-1.562386387999307,-1.935600824489036,True
AREG,DIG,1.0552466772646267,0.4854268271702419,1.5223991482042334,2.0078259753744754,1.7635417013476269,1.4080534670403992,True
CD8B2,NEUTRAL,-0.010384328297328318,0.13750352374993502,-0.014981418937518498,0.12252210481241652,-0.12932710010135337,-0.12932710010135373,False
MMP7,NEUTRAL,-0.029947723378443744,0.13750352374993502,-0.043205432003995264,0.09429809174593975,-0.15755111316782897,-0.1575511131678286,False
GIMAP4,DIG,-1.5127840114670317,0.5109619192773794,-2.1824859912795995,-1.67152407200222,-1.9160016103298851,-2.2968316724434343,True
FKBP3,NEUTRAL,0.009106923989941522,0.13750352374993502,0.013138514078041367,0.1506420378279764,-0.10120716708579283,-0.10120716708579267,False
MYT1L,DIG,-0.9478014730712435,0.37851162325372983,-1.3673884849471374,-0.9888768616934076,-1.2463154843701028,-1.4817341661109702,True
CA11,DIG,0.7683618099122147,0.53605290024021,1.1085117727688205,1.6445646730090306,1.3856163296729511,0.9941660916049845,True
TNNC2,DCG,-0.799969568852915,1.3645724322958561,-1.1541121298461827,0.2104603024496734,-0.03576152837528963,-1.2684578110100184,True
COL4A2-AS2,NEUTRAL,-0.0308463157018705,0.13750352374993502,-0.044501826692783936,0.09300169705715108,-0.15884750785661803,-0.15884750785661786,False
MGAT3,NEUTRAL,0.036303019314640236,0.13750352374993502,0.05237418593452773,0.18987770968446274,-0.06197149522930564,-0.06197149522930547,False
LMO7DN,NEUTRAL,-0.0035660554831722082,0.13750352374993502,-0.005144730561107441,0.13235879318882757,-0.11949041172494138,-0.11949041172494138,False
AZI2,NEUTRAL,-0.014540942902385962,0.13750352374993502,-0.0209781462151218,0.11652537753481322,-0.13532382737895582,-0.1353238273789553,False
ZNF738,DIG,-1.2517637881646602,0.608809242675524,-1.8059134095495382,-1.197104166874014,-1.4367279763381198,-1.9202590907133723,True
S100A4,DCG,-0.7632354706107172,1.2630344058337937,-1.1011160284806358,0.16191837735315784,-0.08131757061997337,-1.2154617096444693,True
RXRG,DCG,-0.826537755932488,1.2927817492278462,-1.192441921591293,0.10033982763655325,-0.15861727616277782,-1.3067876027551273,True
MRPL18,NEUTRAL,-0.02796724118839921,0.13750352374993502,-0.0403482001698491,0.09715532358008591,-0.15469388133368317,-0.15469388133368334,False
FOS,NEUTRAL,-0.03399892866438096,0.13750352374993502,-0.04905008577964003,0.08845343797029498,-0.16339576694347452,-0.16339576694347452,False
SMARCE1P5,NEUTRAL,-0.041712809564319574,0.13750352374993502,-0.06017886349998958,0.07732466024994544,-0.17452454466382372,-0.17452454466382444,False
PCLAF,NEUTRAL,0.06607865965179377,0.13750352374993502,0.09533135458823251,0.23283487833816752,-0.019014326575601533,-0.019014326575601693,False
TIFAB,NEUTRAL,0.03783468494999867,0.13750352374993502,0.054583912350959385,0.1920874361008944,-0.0597617688128742,-0.0597617688128737,False
PIP4P2,DCG,2.0794415416798357,-3.321928094887362,3.0,-0.3219280948873622,-0.5737772998011305,2.8856543188361665,True
FAF1,NEUTRAL,0.030787449487480443,0.13750352374993502,0.044416900697207495,0.18192042444714251,-0.06992878046662707,-0.0699287804666269,False
TMEM132C,NEUTRAL,-0.06071545436175518,0.13750352374993502,-0.08759388491302439,0.04990963883691063,-0.20193956607685876,-0.20193956607685876,False
CNN1,DIG,-1.0138725326741402,0.5849625007211562,-1.4627088749825157,-0.8777463742613595,-1.1036883456095399,-1.5770545561463516,True
PDZPH1P,NEUTRAL,-0.0031407901052512414,0.13750352374993502,-0.004531202309319092,0.13297232144061594,-0.11887688347315316,-0.11887688347315369,False
RPL35AP36,NEUTRAL,-0.006786640881269891,0.13750352374993502,-0.009791053143702377,0.12771247060623264,-0.12413673430753645,-0.12413673430753645,False
MTHFD2,DIG,1.1071938169289255,0.37851162325372983,1.5973430289862838,1.9758546522400136,1.7520258723855284,1.4829973478224483,True
TNIP1,NEUTRAL,0.00020972239560357125,0.13750352374993502,0.0003025654601006256,0.13780608921003565,-0.1140431157037344,-0.11404311570373422,False
MYOM2,NEUTRAL,0.03751682847204493,0.13750352374993502,0.05412534238650109,0.1916288661364361,-0.06022033877733297,-0.0602203387773333,False
RBFOX3,DSG,0.032545130963903525,1.3504972470841334,0.046952699046705466,1.397449946130839,1.1414154194030437,-0.06739298211712887,False
FCHO1,DIG,-0.5633165342223275,0.53605290024021,-0.81269397037331,-0.2766410701331,-0.5230259302610998,-0.927039651537145,True
PHYH,DSG,-0.055122628461493794,1.2927817492278462,-0.07952514272216193,1.2132566065056842,0.9635591436123018,-0.19387082388599586,False
H2BC17,DIG,-0.5617491409096071,0.560714954474479,-0.8104326998139258,-0.2497177453394468,-0.51733960998855,-0.9247783809777597,True
HDAC5,NEUTRAL,-0.012878140454667671,0.13750352374993502,-0.01857922936982059,0.11892429438011443,-0.13292491053365404,-0.13292491053365332,False
GGTA2P,DIG,0.7568174124786564,0.560714954474479,1.0918567278413747,1.6525716823158536,1.390068390674991,0.9775110466775392,True
ELP2,NEUTRAL,0.03030076043106733,0.13750352374993502,0.04371475680906537,0.18121828055900038,-0.07063092435476769,-0.07063092435476802,False
CASC2,NEUTRAL,-0.01928623834978119,0.13750352374993502,-0.027824160424631872,0.10967936332530315,-0.14216984158846627,-0.14216984158846646,False
ZNFX1,DCG,-0.9297611052981042,1.3645724322958561,-1.3413617358250163,0.023210696470839842,-0.23206193886717247,-1.45570741698885,True
RGS16,DCG,0.9218519630502594,-0.7369655941662062,1.3299512555263653,0.5929856613601591,0.34113645644639073,1.2156055743625318,True
CDK19,DIG,1.5343183688470579,0.4329594072761063,2.2135535018804937,2.6465129091566,2.415191612498394,2.09920782071666,True
OR10Q1,DIG,1.4903801640022396,0.405992359675837,2.150164071645311,2.5561564313211482,2.3161925327904114,2.035818390481473,True
EEF1DP3,NEUTRAL,0.07287147199177701,0.13750352374993502,0.1051313112648157,0.24263483501475072,-0.009214369899018198,-0.009214369899018037,False
PER2,NEUTRAL,-0.0453202910508019,0.13750352374993502,-0.06538335915063638,0.07212016459929864,-0.17972904031446954,-0.17972904031446973,False
GALNT13,NEUTRAL,0.061243148134742215,0.13750352374993502,0.08835518610242077,0.2258587098523558,-0.025990495061412128,-0.025990495061411965,False
EEF1A1P6,DSG,-0.1506702239571145,1.3785116232537298,-0.21737118491255855,1.1611404383411712,0.908539309602513,-0.3317168660763927,False
EAPP,DIG,0.9175272015217474,0.5109619192773794,1.3237119435161535,1.834673862793533,1.5850020537794798,1.2093662623523171,True
ADGRL2,NEUTRAL,0.03364859677772748,0.13750352374993502,0.048544663704099794,0.1860481874540348,-0.06580101745973466,-0.06580101745973416,False
CEBPZ,DIG,-1.3263963612332819,0.405992359675837,-1.913585452604422,-1.507593092928585,-1.7420107045265265,-2.0279311337682575,True
ARIH2,NEUTRAL,-0.09909481152075433,0.13750352374993502,-0.1429635931588188,-0.005460069408883772,-0.25730927432265216,-0.2573092743226516,False
HNRNPA3P10,DIG,-1.2601860566201455,0.5109619192773794,-1.8180641744833024,-1.307102255205923,-1.5566282394792779,-1.9324098556471376,True
ZSCAN12,DIG,0.7335551652269372,0.560714954474479,1.0582963990913865,1.6190113535658655,1.3480442528889662,0.9439507179275507,True
RPL10P6,NEUTRAL,-0.036431433887171204,0.13750352374993502,-0.052559449001496034,0.08494407474843899,-0.166905130165331,-0.16690513016533082,False
RSL1D1,DCG,-1.0343902243502852,1.3923174227787602,-1.4923096470141788,-0.09999222423541854,-0.3454673686276401,-1.6066553281780145,True
MTAP,NEUTRAL,-0.00816043225661641,0.13750352374993502,-0.011773015148130828,0.12573050860180418,-0.12611869631196498,-0.12611869631196534,False
HAGLR,NEUTRAL,-0.0033744074681267256,0.13750352374993502,-0.00486824092020511,0.13263528282972992,-0.1192139220840378,-0.1192139220840378,False
PHACTR2,DIG,-0.7053942357258006,0.45943161863729726,-1.017668765753273,-0.5582371471159757,-0.7971332577495096,-1.1320144469171067,True
CEP152,NEUTRAL,-0.05846646686232821,0.13750352374993502,-0.08434928180057982,0.053154241949355197,-0.1986949629644126,-0.19869496296441297,False
ETS1,NEUTRAL,-0.0027113710019934056,0.13750352374993502,-0.003911681498586026,0.13359184225134899,-0.11825736266241953,-0.11825736266241953,False
RPL7P17,NEUTRAL,-0.023237554716805848,0.13750352374993502,-0.03352470495232174,0.10397881879761328,-0.1478703861161558,-0.14787038611615475,False
KIAA0232,NEUTRAL,0.005171258839397992,0.13750352374993502,0.007460549482752699,0.14496407323268773,-0.10688513168108064,-0.10688513168108046,False
MAP2K5,NEUTRAL,-0.04732219011910262,0.13750352374993502,-0.06827148900883405,0.06923203474110097,-0.18261717017266751,-0.18261717017266732,False
ARHGAP11A,NEUTRAL,-0.010493617733474089,0.13750352374993502,-0.015139090265067554,0.12236443348486746,-0.12948477142890108,-0.12948477142890055,False
CNTN3,NEUTRAL,-0.003407544303818378,0.13750352374993502,-0.00491604726872821,0.1325874764812068,-0.11926172843256305,-0.11926172843256305,False
SS18L2,NEUTRAL,-0.008932041416179582,0.13750352374993502,-0.012886211856137118,0.1246173118937979,-0.12723189301997215,-0.1272318930199725,False
ARL15,DIG,-1.6305941284592034,0.45943161863729726,-2.352450062830754,-1.8930184441934568,-2.1447403589399623,-2.4667957439945885,True
ZNF708,DIG,-1.2859175579449489,0.53605290024021,-1.855186883839224,-1.3191339835990141,-1.5701046459923729,-1.9695325650030593,True
GNA12,DIG,-1.052948559691844,0.5109619192773794,-1.5190836653786,-1.0081217461012204,-1.2474376356458545,-1.633429346542435,True
SYTL1,NEUTRAL,-0.01803511423102415,0.13750352374993502,-0.02601916986296451,0.1114843538869705,-0.14036485102679797,-0.14036485102679816,False
BNIP1,DIG,0.9399608369542123,0.560714954474479,1.3560768381036816,1.9167917925781608,1.6578380603791045,1.2417311569398455,True
PIGM,DCG,-0.9343583946361188,1.3219280948873624,-1.3479942223545016,-0.02606612746713921,-0.2837432278985034,-1.4623399035183366,True
ZSCAN29,NEUTRAL,-0.07074815341027017,0.13750352374993502,-0.10206801007704838,0.03543551367288664,-0.21641369124088086,-0.21641369124088122,False
MAPK13,DIG,1.4169263483994727,0.53605290024021,2.044192616140827,2.580245516381037,2.318641521439645,1.9298469349769918,True
FAM210B,DCG,-0.8750818444457836,1.0531113364595626,-1.2624762373538994,-0.2093649008943368,-0.4590825062955405,-1.3768219185177353,True
WFDC13,DCG,-1.0016978364784217,1.3923174227787602,-1.4451445011566229,-0.0528270783778626,-0.30010054935648756,-1.5594901823204483,True
MIR1469,DIG,-1.6360622632215165,0.5109619192773794,-2.360338913735256,-1.8493769944578764,-2.0909069177869575,-2.474684594899062,True
THEM4,DCG,-0.8259412464617794,1.3219280948873624,-1.1915813403360582,0.13034675455130418,-0.11584489879562297,-1.3059270214998924,True
LINC00944,NEUTRAL,0.005576414262038252,0.13750352374993502,0.008045065201785075,0.1455485889517201,-0.10630061596204911,-0.10630061596204876,False
SP3,NEUTRAL,-0.06399338223749919,0.13750352374993502,-0.09232293520375197,0.04518058854618305,-0.20666861636758507,-0.20666861636758527,False
SRRM3,DIG,0.9226728577255161,0.45943161863729726,1.3311355562034501,1.7905671748407475,1.5623068446045434,1.2167898750396144,True
POLI,NEUTRAL,0.07962369306308278,0.13750352374993502,0.1148727071193745,0.2523762308693095,0.0005270259555396812,0.0005270259555396812,False
SMAP2,NEUTRAL,0.005162057819518233,0.13750352374993502,0.007447275217001051,0.14495079896693608,-0.10689840594683248,-0.10689840594683248,False
TMBIM4,DIG,0.833881825466198,0.4329594072761063,1.20303717428752,1.6359965815636264,1.3803647622667403,1.0886914931236855,True
WWP1,DCG,-0.920391853529884,1.2630344058337937,-1.3278447627621648,-0.06481035692837112,-0.3121295696017748,-1.442190443925999,True
LEMD1-DT,DCG,-0.9636789891119225,1.3785116232537298,-1.39029489860066,-0.011783275346930244,-0.26140610042988044,-1.5046405797644902,True
TXNDC9,NEUTRAL,-0.004047582345592599,0.13750352374993502,-0.005839426977576161,0.13166409677235885,-0.12018510814140965,-0.12018510814140879,False
LINC02301,NEUTRAL,-0.001249561513497579,0.13750352374993502,-0.001802736198808665,0.13570078755112636,-0.11614841736264263,-0.11614841736264175,False
HDDC3,NEUTRAL,-0.00800990463945659,0.13750352374993502,-0.011555849701337523,0.1259476740485975,-0.1259015308651711,-0.1259015308651711,False
TRIM54,DIG,0.7631661020922931,0.560714954474479,1.1010159508631117,1.6617309053375906,1.418989891586667,0.9866702696992772,True
RALGPS2,DCG,-0.8093068943738695,1.1043366598147357,-1.1675830430704297,-0.06324638325569398,-0.3118772998636182,-1.2819287242342627,True
PAK6,NEUTRAL,0.004121095570551068,0.13750352374993502,0.0059454841426635,0.1434490078925985,-0.10840019702117115,-0.10840019702117168,False
LHCGR,DIG,1.6089154682392894,0.5109619192773794,2.3211743672383673,2.832136286515747,2.5796360285029243,2.2068286860745308,True
TEDDM1,DCG,1.0351530477530972,-0.7369655941662062,1.4934101685544898,0.7564445743882836,0.5045953694745151,1.3790644873906552,True
ARHGEF4,NEUTRAL,0.004393939594253988,0.13750352374993502,0.006339114862595894,0.1438426386125309,-0.108006566301239,-0.10800656630123918,False
NOLC1,NEUTRAL,-0.05541514860902421,0.13750352374993502,-0.07994716008836417,0.05755636366157085,-0.1942928412521974,-0.1942928412521976,False
SPATA17-AS1,DCG,-0.791348932820047,1.3074285251922473,-1.1416751809922554,0.16575334419999188,-0.08115834927501606,-1.2560208621560873,True
SDC1,DIG,0.7437069194998845,0.53605290024021,1.072942284637291,1.608995184877501,1.373268159057821,0.9585966034734548,True
ZNF571,DSG,-0.02705966079521284,1.2630344058337937,-0.03903883843739107,1.2239955673964027,0.9784047348378054,-0.1533845196012265,False
NPR1,DCG,-0.7862147977470867,1.0531113364595626,-1.1342681897832414,-0.08115685332367883,-0.33697557646011456,-1.2486138709470769,True
SAXO1,NEUTRAL,0.04222276769797065,0.13750352374993502,0.06091457757046897,0.198418101320404,-0.05343110359336452,-0.05343110359336452,False
MTHFD1,NEUTRAL,-0.01665047288753177,0.13750352374993502,-0.024021554663298222,0.1134819690866368,-0.1383672358271325,-0.13836723582713284,False
RUFY3,NEUTRAL,-0.007283846695418657,0.13750352374993502,-0.01050836950607596,0.12699515424385907,-0.12485405066990986,-0.12485405066991039,False
IL2RA,DSG,-0.10841868139241924,1.4059923596758368,-0.15641509398456377,1.249577265691273,1.010034323700219,-0.2707607751483975,False
HNRNPH1,DIG,-0.9945994836312875,0.608809242675524,-1.4349037427055822,-0.8260945000300581,-1.0977399541782065,-1.549249423869417,True
LINC01537,DIG,-1.6507507597629485,0.560714954474479,-2.3815299348536945,-1.8208149803792155,-2.056160934306601,-2.4958756160175284,True
NCOA7,DIG,0.6411571501045177,0.35049724708413343,0.9249942408862883,1.2754914879704218,1.036350381936043,0.810648559722453,True
FAM110A,DSG,-0.04129484256090065,-0.7369655941662062,-0.05957586457690187,-0.7965414587431081,-1.0483906636568767,-0.17392154574073493,False
BRD3OS,NEUTRAL,-0.018549038802525203,0.13750352374993502,-0.026760606293660068,0.11074291745627496,-0.14110628745749512,-0.14110628745749457,False
PA2G4P5,DIG,-1.6302840026645538,0.4854268271702419,-2.3520026458847614,-1.8665758187145194,-2.117898815561332,-2.4663483270485966,True
RPL10P12,DSG,0.020856482367971916,1.2479275134435854,0.030089543682661188,1.2780170571262466,1.04108886110435,-0.08425613748117423,False
TMEM45A,DIG,-0.6856174630223689,0.560714954474479,-0.9891369138492438,-0.4284219593747648,-0.6978627676871317,-1.10348259501308,True
NRDE2,NEUTRAL,0.06629634597939521,0.13750352374993502,0.09564540957353244,0.23314893332346748,-0.018700271590300934,-0.01870027159030061,False
SYT1,DIG,0.9279829838221165,0.5849625007211562,1.3387964487895108,1.9237589495106668,1.6754861698149153,1.2244507676256762,True
ACVR1B,DIG,0.6200361221373049,0.37851162325372983,0.8945230385795134,1.2730346618332433,1.0161424257666616,0.7801773574156796,True
ESRRA,DIG,-0.7069896607948668,0.45943161863729726,-1.0199704775885248,-0.5605388589512275,-0.8109042826594421,-1.134316158752359,True
ZNF829,DIG,-0.8396590300781276,0.560714954474479,-1.2113719187313516,-0.6506569642568726,-0.9011714037439084,-1.3257175998951871,True
AFG1L,DIG,0.6405124345679222,0.405992359675837,0.924064112978858,1.330056472654695,1.090469439231774,0.8097184318150235,True
BICDL1,NEUTRAL,-0.043067186319436235,0.13750352374993502,-0.06213281612809166,0.07537070762184336,-0.1764784972919265,-0.1764784972919263,False
UTS2R,DSG,0.09195146398093153,1.1210154009613662,0.13265792108777005,1.2536733220491363,1.001718945007803,0.018312239923937178,False
CYP3A7-CYP3A51P,DSG,0.020805291514664644,1.3785116232537298,0.030015690892455912,1.4085273141461856,1.1527496521421836,-0.08432999027137984,False
HNRNPA3P8,NEUTRAL,0.03894420762422146,0.13750352374993502,0.05618461521081446,0.1936881389607495,-0.0581610659530189,-0.05816106595301873,False
MUC6,NEUTRAL,0.008314186024778026,0.13750352374993502,0.011994834946975582,0.1494983586969106,-0.10235084621685824,-0.1023508462168579,False
AKIRIN1,NEUTRAL,-0.013579522793941133,0.13750352374993502,-0.019591110192457514,0.1179124135574775,-0.13393679135629166,-0.1339367913562915,False
TUBB8P2,DIG,-1.3379744169893966,0.37851162325372983,-1.9302890562269046,-1.5517774329731748,-1.7853069220354398,-2.044634737390725,True
LRRC2,NEUTRAL,0.01889228965458264,0.13750352374993502,0.027255812595704244,0.16475933634563927,-0.08708986856813014,-0.08708986856813064,False
ETFBKMT,DIG,-0.9737423827388529,0.5109619192773794,-1.4048133066807462,-0.8938513874033668,-1.1600223804947853,-1.5191589878445826,True
IRGM,NEUTRAL,0.017550609711891808,0.13750352374993502,0.02532017759592399,0.162823701345859,-0.08902550356790992,-0.08902550356791025,False
SNORD2,DSG,-0.009695428696931232,1.446256229889564,-0.013987546900355233,1.4322686829892088,1.1887021349715738,-0.1283332280641882,False
RHOBTB1,DIG,1.3448655120876485,0.37851162325372983,1.9402308049514467,2.3187424282051765,2.0717617426374866,1.8258851237876137,True
HNRNPD,NEUTRAL,0.01564034690887524,0.13750352374993502,0.022564250923217333,0.16006777467315236,-0.09178143024061783,-0.0917814302406175,False
KRT77,DIG,-1.0882528137455516,0.5109619192773794,-1.5700169376241682,-1.0590550183467888,-1.3070593628119027,-1.684362618788003,True
CASP8,NEUTRAL,0.01935238887996254,0.13750352374993502,0.02791959546647668,0.1654231192164117,-0.08642608569735723,-0.08642608569735723,False
MICAL1,DIG,-1.7064416070124087,0.45943161863729726,-2.4618748440033955,-2.002443225366098,-2.246492385618171,-2.5762205251672294,True
INMT,DIG,1.7307364033553254,0.5849625007211562,2.4969248262067287,3.081887326927885,2.844580124168479,2.3825791450428917,True
IRGC,DIG,-1.5391352224042423,0.5849625007211562,-2.220502752620132,-1.6355402518989761,-1.8911275512541323,-2.334848433783951,True
MKRN2,DIG,-1.4430885318337499,0.35049724708413343,-2.081936668440286,-1.7314394213561526,-1.9828854634843167,-2.196282349604121,True
MIR4800,NEUTRAL,-0.019306307968488295,0.13750352374993502,-0.02785311476401314,0.10965040898592188,-0.14219879592784737,-0.14219879592784754,False
MIR6728,NEUTRAL,0.01658690117094512,0.13750352374993502,0.023929840063037867,0.16143336381297288,-0.0904158411007963,-0.09041584110079612,False
SNORA17B,NEUTRAL,-0.04535098945679174,0.13750352374993502,-0.0654276475887211,0.07207587616121391,-0.1797733287525544,-0.17977332875255456,False
TRMU,NEUTRAL,-0.018505336942856155,0.13750352374993502,-0.026697557837437907,0.11080596591249711,-0.14104323900127283,-0.14104323900127336,False
RNA5SP244,DIG,-1.2967987761386726,0.45943161863729726,-1.87088516336614,-1.4114535447288428,-1.6520713490472134,-1.9852308445299742,True
ZNF705A,DIG,0.648926257353396,0.608809242675524,0.9362026933863797,1.5450119360619037,1.3016327616480097,0.8218570122225445,True
TIGD7,DSG,0.039960122377719884,1.2927817492278462,0.05765027038765257,1.3504320196154986,1.1099205589534442,-0.05669541077618276,False
SLC43A3,DIG,1.167340104638508,0.4854268271702419,1.684115779992779,2.169542607163021,1.9363649350370458,1.5697700988289447,True
MXD1,DIG,1.4229790322749094,0.560714954474479,2.052924793151988,2.613639747626467,2.3789138755429566,1.9385791119881528,True
LINC01948,NEUTRAL,-0.0273185290965134,0.13750352374993502,-0.03941230645192074,0.09809121729801429,-0.1537579876157545,-0.1537579876157545,False
SLC2A11,NEUTRAL,-0.026640547197956787,0.13750352374993502,-0.03843418532906063,0.0990693384208744,-0.15277986649289424,-0.1527798664928944,False
LINGO1-AS1,NEUTRAL,-0.005854061212708113,0.13750352374993502,-0.008445625080634426,0.1290578986693006,-0.12279130624446781,-0.12279130624446798,False
CALN1,DIG,-1.1504937830058977,0.5109619192773794,-1.6598116753161918,-1.1488497560388122,-1.3745970209479133,-1.7741573564800257,True
EIF2A,DSG,0.05239920090091651,1.3785116232537298,0.07559606728629675,1.4541076905400265,1.1980357638959875,-0.038749613877537566,False
CLMAT3,NEUTRAL,-0.044346186596414434,0.13750352374993502,-0.06397802348498373,0.07352550026495129,-0.17832370464881656,-0.17832370464881692,False
USP4,NEUTRAL,0.0006660182399018806,0.13750352374993502,0.0009608612118480391,0.13846438496178307,-0.1133848199519846,-0.11338481995198478,False
SERTM1,NEUTRAL,0.006909552999218425,0.13750352374993502,0.009968377846731886,0.1474719015966669,-0.10437730331710238,-0.10437730331710238,False
LBR,DCG,-0.8091607465414864,1.2016338611696507,-1.167372196317414,0.034261664852236695,-0.22139591472997885,-1.281717877481249,True
IGF1,NEUTRAL,0.09349533115416736,0.13750352374993502,0.13488525060238865,0.27238877435232367,0.02053956943855563,0.02053956943855563,False
MRGPRF-AS1,DSG,-0.007963800512243541,-3.321928094887362,-0.011489335505642743,-3.333417430393005,-3.5852666353067724,-0.12583501666947663,False
LRRC20,NEUTRAL,0.01312815291425526,0.13750352374993502,0.018939921105428057,0.15644344485536307,-0.09540576005840555,-0.09540576005840538,False
SPTLC3,DSG,-0.05227689947439984,-3.321928094887362,-0.0754196236247675,-3.3973477185121297,-3.6491969234258987,-0.1897653047886016,False
LPL,NEUTRAL,0.0200679647769097,0.13750352374993502,0.02895195326438202,0.16645547701431704,-0.08539372789945125,-0.08539372789945177,False
SLC25A22,NEUTRAL,0.04673463153454615,0.13750352374993502,0.0674238211526627,0.20492734490259773,-0.04692186001117098,-0.04692186001117081,False
TIGD1,NEUTRAL,0.01430843249133489,0.13750352374993502,0.020642704598143363,0.15814622834807837,-0.09370297656569095,-0.09370297656569043,False
PCDHGA2,NEUTRAL,0.019679217194448165,0.13750352374993502,0.028391109055007187,0.1658946328049422,-0.08595457210882768,-0.08595457210882784,False
NPAP1,NEUTRAL,-0.01028499013558433,0.13750352374993502,-0.01483810426419942,0.1226654194857356,-0.12918378542803344,-0.12918378542803344,False
TMEM241,NEUTRAL,-0.03212722077651905,0.13750352374993502,-0.046349782091828905,0.09115374165810611,-0.16069546325566364,-0.1606954632556642,False
SLC22A3,NEUTRAL,0.016423084952874176,0.13750352374993502,0.02369350321760973,0.16119702696754476,-0.09065217794622335,-0.09065217794622385,False
MRPL27,DSG,-0.04795170295587445,1.4329594072761063,-0.06917968405662071,1.3637797232194855,1.1119633527196897,-0.18352536522045526,False
IFT122,DIG,0.6281626261229482,0.608809242675524,0.9062471055793654,1.5150563482548893,1.2493955504979248,0.7919014244155302,True
SPATA7,NEUTRAL,-0.004458596865668031,0.13750352374993502,-0.006432395587422344,0.13107112816251268,-0.12077807675125553,-0.12077807675125553,False
WEE2,DIG,0.9761182728828067,0.608809242675524,1.4082409916091252,2.0170502342846492,1.7510960487212655,1.293895310445292,True
VPS35L,DSG,-0.016473492079937417,-0.7369655941662062,-0.023766225329849327,-0.7607318194960555,-1.0125810244098248,-0.13811190649368338,False
RAET1L,NEUTRAL,-0.030849042983024766,0.13750352374993502,-0.04450576132778031,0.09299776242215471,-0.1588514424916141,-0.15885144249161426,False
ACTC1,NEUTRAL,0.050722836137437784,0.13750352374993502,0.073177584155305,0.21068110790524003,-0.04116809700852987,-0.04116809700852987,False
ZNF890P,DIG,-1.0448690986626008,0.53605290024021,-1.5074274670186554,-0.9713745667784454,-1.2093155282322783,-1.6217731481824882,True
CT75,NEUTRAL,0.0271095979896218,0.13750352374993502,0.039110882580120784,0.17661440633005582,-0.07523479858371387,-0.07523479858371321,False
ZBTB8OS,NEUTRAL,0.023276791855285656,0.13750352374993502,0.03358131217742523,0.17108483592736023,-0.0807643689864083,-0.08076436898640779,False
ENPEP,NEUTRAL,-0.010859827821395851,0.13750352374993502,-0.01566741974283579,0.12183610400709922,-0.13001310090666934,-0.13001310090666882,False
LIPT1,NEUTRAL,-0.005390531529561426,0.13750352374993502,-0.007776893105453867,0.12972663064448114,-0.12212257426928888,-0.12212257426928888,False
ARRB1,DIG,-1.2917438555529641,0.6553518286125543,-1.8635924545050508,-1.2082406258924965,-1.442634139681011,-1.9779381356688857,True
PALM2AKAP2,NEUTRAL,0.0008900562329182077,0.13750352374993502,0.0012840797133434104,0.13878760346327843,-0.11306160145048934,-0.11306160145048985,False
AATBC,DIG,0.9775082008102997,0.4854268271702419,1.4102462337373123,1.895673060907554,1.6530710163350497,1.2959005525734781,True
SSBP2,NEUTRAL,0.04643688386974566,0.13750352374993502,0.06699426207321876,0.20449778582315378,-0.04735141909061597,-0.047351419090615306,False
MYL12A,NEUTRAL,-0.013749834390123984,0.13750352374993502,-0.019836817887676397,0.11766670586225862,-0.13418249905151056,-0.1341824990515102,False
MEF2AP1,DCG,-0.8853352489066538,1.2016338611696507,-1.2772687731218255,-0.07563491195217487,-0.33094403551261103,-1.3916144542856514,True
RPS28,NEUTRAL,0.021917900189827113,0.13750352374993502,0.03162084591056285,0.16912436966049788,-0.08272483525327148,-0.08272483525327148,False
GGN,DSG,-0.015301318862179947,-0.7369655941662062,-0.022075136841527766,-0.759040731007734,-1.0108899359215033,-0.13642081800536254,False
SBK3,DIG,1.3433274944445819,0.5849625007211562,1.9380119145249948,2.522974415246151,2.2580513386473937,1.8236662333611584,True
ZNF337,DSG,-0.009984224468726226,-0.7369655941662062,-0.014404191128153571,-0.7513697852943598,-1.0032189902081285,-0.12874987229198717,False
MACIR,NEUTRAL,-0.01960726844237391,0.13750352374993502,-0.02828730894719151,0.10921621480274352,-0.14263299011102665,-0.14263299011102681,False
LRP2BP,NEUTRAL,0.0067840102441341825,0.13750352374993502,0.009787257936552312,0.14729078168648732,-0.10455842322728172,-0.10455842322728137,False
RPL12P8,NEUTRAL,-0.024789539246490397,0.13750352374993502,-0.035763745336834026,0.101739778413101,-0.1501094265006692,-0.15010942650066883,False
TFEB,DIG,-1.5071981040019091,0.5849625007211562,-2.1744272302808025,-1.5894647295596465,-1.8492443906835994,-2.2887729114446387,True
LCN15,NEUTRAL,0.02062015224083221,0.13750352374993502,0.02974859138022408,0.16725211513015908,-0.08459708978360964,-0.0845970897836093,False
LINC01779,NEUTRAL,0.007393250478618753,0.13750352374993502,0.01066620580155323,0.14816972955148824,-0.1036794753622804,-0.10367947536228023,False
SNU13,NEUTRAL,-0.0023157172269531786,0.13750352374993502,-0.0033408737594264933,0.13416264999050853,-0.11768655492326023,-0.1176865549232597,False
RPS18,DIG,-1.4276406821634726,0.53605290024021,-2.0596501323285787,-1.5235972320883686,-1.7825251430169584,-2.173995813492414,True
MIR6084,NEUTRAL,0.0492418893230505,0.13750352374993502,0.07104102953036816,0.2085445532803032,-0.04330465163346464,-0.04330465163346464,False
ZNF627,DIG,-1.3584507215506791,0.560714954474479,-1.9598301192731988,-1.3991151647987197,-1.627740322257502,-2.074175800437033,True
MAN1A2,DIG,0.8663514775093114,0.5109619192773794,1.24988098026951,1.7608428995468892,1.5259026759448282,1.1355352991056757,True
OLIG1,DIG,0.8357789527173826,0.45943161863729726,1.2057741503647392,1.6652057690020365,1.394912697754542,1.0914284692009053,True
SULT1C4,NEUTRAL,0.04249794828149589,0.13750352374993502,0.06131157923366977,0.19881510298360477,-0.05303410193016574,-0.053034101930165244,False
CMAHP,DIG,-0.8700604748373426,0.560714954474479,-1.255231932321331,-0.694516977846852,-0.9620839341511258,-1.3695776134851672,True
AZGP1,DSG,-0.013353061623088212,-0.7369655941662062,-0.019264395784314096,-0.7562299899505203,-1.0080791948642889,-0.13361007694814755,False
SDCBPP1,DSG,0.014460342859735787,1.2779847472997656,0.020861864933294953,1.2988466122330606,1.0549067697144612,-0.09348381623053793,False
C1orf87,NEUTRAL,0.021600468026093576,0.13750352374993502,0.03116288810212582,0.16866641185206083,-0.08318279306170791,-0.08318279306170773,False
FADS6,DSG,0.09895670122024547,-3.321928094887362,0.14276434211317898,-3.1791637527741834,-3.4310129576879382,0.028418660949345413,False
CPE,NEUTRAL,-0.008695932839285657,0.13750352374993502,-0.0125455791831409,0.12495794456679413,-0.12689126034697573,-0.12689126034697504,False
DNAI3,NEUTRAL,0.06837787211176374,0.13750352374993502,0.09864841700218131,0.23615194075211632,-0.01569726416165204,-0.01569726416165172,False
LTBR,DIG,-1.4294216648129396,0.6553518286125543,-2.062219547164874,-1.40686771855232,-1.6340646387389817,-2.1765652283287102,True
LINC01623,DIG,-0.6870068185687449,0.5109619192773794,-0.9911413302060321,-0.4801794109286527,-0.7527612652468729,-1.1054870113698598,True
LINC00324,NEUTRAL,-0.0029643701670934762,0.13750352374993502,-0.004276682139424946,0.13322684161051007,-0.11862236330325934,-0.11862236330325934,False
LINC01819,DIG,-1.416914379453895,0.4329594072761063,-2.0441753486023972,-1.611215941326291,-1.8497751119392398,-2.1585210297662307,True
PRRC2C,DCG,-0.877761563897737,1.3504972470841334,-1.2663422553182062,0.08415499176592722,-0.16867652737218783,-1.3806879364820408,True
CNTN2,DCG,-1.0083339730802805,1.2927817492278462,-1.4547184225227863,-0.1619366732949401,-0.40979405380863865,-1.5690641036866222,True
CMAS,DIG,-1.2759574970241585,0.53605290024021,-1.8408175533418478,-1.3047646531016377,-1.5514387720731453,-1.9551632345056833,True
IMPDH1P11,DSG,-0.007427319551238691,1.3645724322958561,-0.010715357083669701,1.3538570752121863,1.1040653681569006,-0.12506103824750373,False
PCM1,NEUTRAL,0.017537869621870504,0.13750352374993502,0.025301797531229776,0.1628053212811648,-0.08904388363260443,-0.08904388363260443,False
TRAF3IP2,DIG,-0.5711839654122064,0.37851162325372983,-0.8240442743354833,-0.4455326510817535,-0.6844512507346608,-0.9383899554993183,True
PGAP4,NEUTRAL,0.005394703266790476,0.13750352374993502,0.00778291165006611,0.14528643540000113,-0.10656276951376932,-0.10656276951376932,False
DBX2,DIG,-0.9151559347107291,0.560714954474479,-1.3202909286472728,-0.7595759741727938,-1.0096672461332235,-1.4346366098111043,True
SMIM7,DIG,0.8839755157213351,0.560714954474479,1.2753070927984342,1.8360220472729134,1.5873499704780822,1.1609614116345992,True
DCAF11,NEUTRAL,0.0048643358914114134,0.13750352374993502,0.007017753267757442,0.14452127701769246,-0.10732792789607562,-0.10732792789607562,False
TCERG1L,NEUTRAL,-0.003012420380188828,0.13750352374993502,-0.004346003943571268,0.13315751980636376,-0.1186916851074048,-0.11869168510740462,False
MAGEL2,NEUTRAL,-0.043891483523400554,0.13750352374993502,-0.06332202561646963,0.07418149813346539,-0.17766770678030452,-0.1776677067803047,False
LUZP2,DIG,1.6712104185322447,0.53605290024021,2.4110469830984385,2.9470998833386486,2.6922392551345498,2.2967013019346014,True
GUCY2D,NEUTRAL,0.03120764724275728,0.13750352374993502,0.045023117914938064,0.1825266416648731,-0.06932256324889537,-0.06932256324889553,False
RPL23AP18,DCG,0.6317544179598009,-0.7369655941662062,0.9114289658502983,0.1744633716840921,-0.07738583322967751,0.7970832846864634,True
SPTA1,DCG,-0.9619367399478007,1.4059923596758368,-1.3877813643715886,0.01821099530424819,-0.23296707257403523,-1.5021270455354225,True
RPL6P6,NEUTRAL,0.02706585960862262,0.13750352374993502,0.039047781434756755,0.17655130518469178,-0.0752978997290765,-0.0752978997290765,False
ABCB5,DSG,-0.034883636619825235,1.3219280948873624,-0.05032644955959451,1.2716016453277679,1.0251285125107945,-0.16467213072342976,False
ANKRA2,NEUTRAL,-0.008001767928749728,0.13750352374993502,-0.011544110909151585,0.12595941284078344,-0.1258897920729858,-0.12588979207298617,False
RPS15AP24,NEUTRAL,0.03712361053917742,0.13750352374993502,0.05355804882476452,0.19106157257469952,-0.060787632339069565,-0.0607876323390689,False
RPL35AP5,DCG,-0.9437513314927919,1.4594316186372973,-1.3615453657770071,0.09788625286029018,-0.15036112860834153,-1.475891046940838,True
BMP3,NEUTRAL,0.019427727734749895,0.13750352374993502,0.028028286458664647,0.16553181020859967,-0.08631739470517025,-0.0863173947051699,False
NXPE4,NEUTRAL,-0.029595878873967044,0.13750352374993502,-0.042697827682222696,0.09480569606771233,-0.15704350884605595,-0.15704350884605595,False
GRM4,DIG,-0.6941188020820017,0.608809242675524,-1.0014017535514919,-0.3925925108759678,-0.6444941667373136,-1.1157474347153276,True
QPCT,DIG,1.1362253820765469,0.37851162325372983,1.639226724054002,2.017738347307732,1.7846296433365558,1.5248810428901685,True
CCDC92,NEUTRAL,-0.020694361820784823,0.13750352374993502,-0.029855653173208166,0.10764787057672685,-0.14420133433704316,-0.14420133433704316,False
ZNF532,NEUTRAL,0.021306874488087057,0.13750352374993502,0.03073932216080677,0.1682428459107418,-0.08360635900302812,-0.08360635900302812,False
FILIP1,DIG,0.695876587129844,0.405992359675837,1.0039377013229627,1.4099300609987997,1.163302015745799,0.8895920201591274,True
MKRN1,DIG,1.486090065413754,0.560714954474479,2.143974767686778,2.704689722161257,2.4476018412709837,2.0296290865229416,True
NPM1,DIG,-1.119787174037845,0.405992359675837,-1.6155114028354656,-1.2095190431596285,-1.4754702232648396,-1.7298570839992995,True
DAXX,DIG,1.1334416870876098,0.5109619192773794,1.635210701098115,2.1461726203754945,1.8760497455748977,1.5208650199342792,True
EDRF1-AS1,NEUTRAL,-0.02278143950493628,0.13750352374993502,-0.032866669798083496,0.10463685395185152,-0.14721235096191684,-0.14721235096191632,False
KCNAB3,NEUTRAL,0.07728803993550498,0.13750352374993502,0.1115030719349812,0.24900659568491623,-0.002842609228852953,-0.002842609228853274,False
PHACTR4,NEUTRAL,-0.008780229492432352,0.13750352374993502,-0.012667193546599176,0.12483633020333584,-0.12701287471043265,-0.12701287471043302,False
CYYR1,DIG,-0.9702173369448425,0.4854268271702419,-1.3997277405948207,-0.9143009134245789,-1.1439195721745132,-1.5140734217586553,True
ALOX15B,NEUTRAL,0.07430123826555564,0.13750352374993502,0.10719402797762641,0.2446975517275614,-0.007151653186208292,-0.007151653186208775,False
MIR4426,DCG,-0.9021542382944666,1.3785116232537298,-1.3015334457043872,0.07697817754934255,-0.17636714112765153,-1.4158791268682216,True
NPL,DCG,-0.8588960324664809,1.0356239097307214,-1.2391250466785981,-0.20350113694787675,-0.45792904170388254,-1.353470727842433,True
HEXD-IT1,DSG,-0.04628955283894461,1.2479275134435854,-0.06678170832571304,1.1811458051178725,0.9230305411097045,-0.18112738948954732,False
CLN8,NEUTRAL,-0.04690826088108579,0.13750352374993502,-0.06767431534986823,0.06982920840006679,-0.18201999651370226,-0.18201999651370226,False
C1QTNF7-AS1,NEUTRAL,-0.04256154329515309,0.13750352374993502,-0.06140332744449827,0.07610019630543674,-0.1757490086083335,-0.17574900860833334,False
MSL2,DIG,1.39465805459135,0.608809242675524,2.01206625909479,2.620875501770314,2.360499048025258,1.8977205779309543,True
SF3A3,NEUTRAL,0.04819521349435892,0.13750352374993502,0.06953099550289647,0.2070345192528315,-0.04481468566093609,-0.044814685660936424,False
LRPAP1,NEUTRAL,0.04619753878391545,0.13750352374993502,0.06664896010483037,0.2041524838547654,-0.04769672105900509,-0.047696721059005256,False
PCNPP1,NEUTRAL,0.0068519431956872694,0.13750352374993502,0.0098852644688709,0.1473887882188059,-0.10446041669496312,-0.10446041669496346,False
TIMP4,DIG,-0.8979800877060615,0.53605290024021,-1.2955114193505715,-0.7594585191103614,-1.0024042619299083,-1.4098571005144065,True
PRL,DIG,1.442793397061122,0.4854268271702419,2.0815108789674217,2.5669377061376637,2.3038350388119797,1.9671651978035858,True
PRKAR1B,DIG,0.7386850034832256,0.53605290024021,1.0656971913042963,1.6017500915445062,1.3681574483274945,0.9513515101404618,True
CARD8-AS1,DIG,1.447724711679973,0.53605290024021,2.0886252621131014,2.6246781623533115,2.383073471011951,1.9742795809492657,True
LOH12CR2,DIG,-0.6916505052404041,0.5109619192773794,-0.997840753938677,-0.48687883466129755,-0.7400802389112955,-1.112186435102511,True
ARPC3,NEUTRAL,-0.012917674475572192,0.13750352374993502,-0.018636264905725942,0.11886725884420908,-0.13298194606955996,-0.13298194606955996,False
LMBR1,DIG,-1.6063317646783053,0.560714954474479,-2.3174468709238085,-1.7567319164493296,-1.9950482716398825,-2.431792552087644,True
HEPACAM2,DIG,0.57070627041442,0.5109619192773794,0.8233551061311195,1.3343170254084988,1.0785062763961653,0.7090094249672824,True
RNU1-123P,NEUTRAL,0.005219890257807877,0.13750352374993502,0.007530709788924037,0.14503423353885905,-0.10681497137490899,-0.10681497137490917,False
CLCF1,DSG,0.06937091853221447,1.0874628412503395,0.10008108014833811,1.1875439213986776,0.9350572427141748,-0.014264601015496047,False
CCDC8,DIG,-1.3194929316242312,0.560714954474479,-1.9036259089423186,-1.3429109544678397,-1.6006219877065722,-2.0179715901061535,True
PKDREJ,NEUTRAL,-0.038493955472058486,0.13750352374993502,-0.05553503866373936,0.08196848508619567,-0.16988071982757197,-0.16988071982757252,False
DYDC1,NEUTRAL,0.04848692874056921,0.13750352374993502,0.06995185164195575,0.20745537539189077,-0.04439382952187749,-0.04439382952187782,False
CHCHD3P1,DSG,-0.021697931510209698,1.2630344058337937,-0.03130349818732791,1.2317309076464658,0.9847190012012695,-0.1456491793511612,False
CD40,DCG,-0.9589932793525824,1.446256229889564,-1.383534848367815,0.06272138152174911,-0.19145293675100353,-1.4978805295316484,True
LINC00858,NEUTRAL,0.01955673760141565,0.13750352374993502,0.02821440835352908,0.1657179321034641,-0.08613127281030428,-0.08613127281030394,False
STAB2,NEUTRAL,0.012661445437259113,0.13750352374993502,0.018266604542819916,0.15577012829275494,-0.09607907662101234,-0.09607907662101302,False
TCFL5,DCG,-0.836292533977484,1.3645724322958561,-1.2065150915017813,0.15805734079407485,-0.09560074732209745,-1.320860772665617,True
MAP3K5,DIG,1.619979510968118,0.35049724708413343,2.337136406815432,2.6876336538995655,2.443454449188624,2.2227907256515977,True
LINC01340,NEUTRAL,0.008908837562761961,0.13750352374993502,0.012852735771882002,0.15035625952181703,-0.10149294539195072,-0.10149294539195072,False
NFU1,DIG,-1.6957580048968948,0.53605290024021,-2.4464616642125128,-1.9104087639723026,-2.151904244888693,-2.560807345376348,True
MAT1A,NEUTRAL,-0.010862994293754487,0.13750352374993502,-0.015671987996804707,0.12183153575313031,-0.13001766916063823,-0.1300176691606384,False
TRPC4AP,DCG,-1.140937969373147,1.4059923596758368,-1.646025550376563,-0.24003319070072626,-0.4888069144998851,-1.7603712315403968,True
HPR,NEUTRAL,-0.03708841019403665,0.13750352374993502,-0.05350726546139235,0.08399625828854267,-0.16785294662522474,-0.16785294662522526,False
TPM1,NEUTRAL,-0.0023679850953163173,0.13750352374993502,-0.0034162803539118307,0.13408724339602318,-0.11776196151774684,-0.11776196151774614,False
BHLHE40,DIG,-1.6737788224105679,0.5109619192773794,-2.4147524066366954,-1.9037904873593159,-2.145966934219422,-2.5290980878005307,True
NDUFAF6,DCG,-1.0760228152879023,1.4329594072761063,-1.552372779499238,-0.11941337222313164,-0.37573182657427223,-1.6667184606630732,True
SLC6A9,NEUTRAL,-0.014199876231388195,0.13750352374993502,-0.020486091020260812,0.11701743272967421,-0.1348317721840939,-0.13483177218409337,False
ARRDC1,NEUTRAL,-0.032992279672362054,0.13750352374993502,-0.04759779827093849,0.08990572547899653,-0.16194347943477183,-0.16194347943477203,False
DIMT1,NEUTRAL,-0.031936493567393746,0.13750352374993502,-0.04607462089306124,0.09142890285687377,-0.1604203020568944,-0.1604203020568942,False
VPS29,NEUTRAL,0.05986546885336899,0.13750352374993502,0.08636761503524815,0.22387113878518317,-0.027978066128585957,-0.02797806612858612,False
BDNF-AS,DIG,-0.9985735416038238,0.5849625007211562,-1.4406370964347657,-0.8556745957136095,-1.1080097467271475,-1.5549827775986007,True
MIMT1,DIG,0.9627332071223481,0.5849625007211562,1.388930423614539,1.9738929243356953,1.7214198697880732,1.2745847424507029,True
SETP17,NEUTRAL,0.07124040100959592,0.13750352374993502,0.10277817324748513,0.24028169699742014,-0.01156750791634911,-0.011567507916349272,False
LYPD1,NEUTRAL,-0.0006926195696271485,0.13750352374993502,-0.0009992388183237353,0.1365042849316113,-0.1153449199821571,-0.11534491998215675,False
HYLS1,NEUTRAL,0.008282409283278665,0.13750352374993502,0.011948990799598845,0.14945251454953387,-0.10239669036423445,-0.10239669036423461,False
CPLX2,DIG,1.5371375468040498,0.37851162325372983,2.2176207159384296,2.5961323391921596,2.326992005884796,2.1032750347745957,True
KLHL9,NEUTRAL,0.06912577405866137,0.13750352374993502,0.09972741143204171,0.23723093518197674,-0.014618269731791061,-0.014618269731790577,False
BUD13,NEUTRAL,0.02375208941200401,0.13750352374993502,0.03426702160544944,0.17177054535538447,-0.08007865955838599,-0.08007865955838564,False
TMEM45B,NEUTRAL,0.039028642041129956,0.13750352374993502,0.056306428325368696,0.19380995207530372,-0.0580392528384655,-0.0580392528384655,False
ZXDC,DIG,0.7945384130134447,0.5109619192773794,1.1462766282502839,1.6572385475276632,1.3722492863550202,1.0319309470864486,True
KCNH1-IT1,DCG,0.8500658767893456,-0.7369655941662062,1.2263858248729176,0.48942023070671137,0.23757102579294298,1.1120401437090832,True
B4GALT5,DCG,0.8362028479270326,-0.7369655941662062,1.206385701881558,0.4694201077153518,0.21757090280158062,1.0920400207177223,True
TBC1D22B,DIG,1.5096278607083178,0.5849625007211562,2.177932628231705,2.762895128952861,2.5057386929535115,2.0635869470678685,True
ARHGAP22,NEUTRAL,0.001622491973436528,0.13750352374993502,0.002340761123959027,0.13984428487389405,-0.11200492003987385,-0.11200492003987385,False
SCNN1B,DSG,0.08146551697986242,1.3362833878644325,0.11752989735030316,1.4538132852147356,1.2037976371708818,0.003184216186468844,False
RN7SL614P,NEUTRAL,-0.032070768923004624,0.13750352374993502,-0.046268339282714656,0.09123518446722037,-0.16061402044654743,-0.16061402044654688,False
PTPRJ,DIG,-1.3546330878221264,0.45943161863729726,-1.9543224380250854,-1.4948908193877881,-1.7461550648627036,-2.06866811918892,True
ZNF516-DT,NEUTRAL,-0.0015193507434944809,0.13750352374993502,-0.002191959783010447,0.13531156396692456,-0.11653764094684488,-0.11653764094684453,False
RPL9P25,NEUTRAL,0.023853794758828026,0.13750352374993502,0.03441375140494434,0.17191727515487937,-0.07993192975888957,-0.07993192975888941,False
NKAIN4,DCG,-0.5660851311552865,1.2016338611696507,-0.8166882114387102,0.3849456497309405,0.12352337184977373,-0.9310338926025429,True
PRKCD,NEUTRAL,-0.00031355691777735335,0.13750352374993502,-0.00045236701031381617,0.1370511567396212,-0.11479804817414858,-0.11479804817414806,False
FBLN5,NEUTRAL,-0.06785521606494271,0.13750352374993502,-0.09789438371534198,0.03960914003459304,-0.2122400648791767,-0.2122400648791769,False
C2CD4B,NEUTRAL,0.011532923688900784,0.13750352374993502,0.01663849181292801,0.15414201556286303,-0.09770718935090668,-0.09770718935090651,False
LINC00612,DIG,-1.6759206091355134,0.53605290024021,-2.417842351723416,-1.8817894514832059,-2.1294742900828805,-2.5321880328872464,True
TMEM87A,NEUTRAL,0.07730332975534217,0.13750352374993502,0.11152513048223639,0.2490286542321714,-0.00282055068159833,-0.0028205506815981696,False
CYB5B,NEUTRAL,-0.0440283918827074,0.13750352374993502,-0.06351954262749786,0.07398398112243716,-0.1778652237913308,-0.1778652237913308,False
UBE2J1,DIG,-1.062440284737657,0.405992359675837,-1.532777330031676,-1.126784970355839,-1.36111352072197,-1.647123011195512,True
IGFBP4,DIG,1.4199759497514406,0.5109619192773794,2.0485922608879994,2.559554180165379,2.3094793945664778,1.9342465797241644,True
EPHA1,DIG,1.3174401434554146,0.560714954474479,1.9006643616311714,2.4613793161056505,2.201711687134333,1.7863186804673348,True
DAB2IP,NEUTRAL,-0.04462724386576374,0.13750352374993502,-0.06438350341367977,0.07312002033625525,-0.17872918457751336,-0.17872918457751336,False
PSME4,DIG,1.6837230409650539,0.560714954474479,2.429098881430768,2.989813835905247,2.754674527746436,2.314753200266933,True
SMARCE1P3,NEUTRAL,-0.024053015857607073,0.13750352374993502,-0.034701166696193324,0.10280235705374169,-0.14904684786002667,-0.14904684786002703,False
SMAD9,NEUTRAL,-0.003936415604195198,0.13750352374993502,-0.005679047271050345,0.13182447647888468,-0.1200247284348847,-0.12002472843488488,False
RPL10P1,DIG,-1.6286276621884366,0.5109619192773794,-2.3496130516938436,-1.838651132416464,-2.0897674354816167,-2.463958732857672,True
JDP2,NEUTRAL,0.047790972695626106,0.13750352374993502,0.06894779930723964,0.20645132305717467,-0.04539788185659349,-0.04539788185659382,False
SCAPER,NEUTRAL,-0.038811271041786846,0.13750352374993502,-0.05599282826258332,0.08151069548735171,-0.17033850942641762,-0.17033850942641762,False
ATP5MGL,NEUTRAL,0.021933824026814458,0.13750352374993502,0.03164381915121641,0.16914734290115144,-0.08270186201261773,-0.08270186201261688,False
ZBTB21,DIG,1.6198730502415837,0.53605290024021,2.3369828164532116,2.8730357166934217,2.6147885877754766,2.2226371352893763,True
RPL7AP30,NEUTRAL,0.08407260372256813,0.13750352374993502,0.12129112846517205,0.25879465221510706,0.006945447301337577,0.006945447301337577,False
WAKMAR2,DIG,-1.3703701661871488,0.37851162325372983,-1.9770262429403842,-1.5985146196866544,-1.835117994075985,-2.0913719241042195,True
CHID1,NEUTRAL,-0.04335583174263517,0.13750352374993502,-0.06254924344871607,0.07495428030121895,-0.17689492461255077,-0.17689492461255077,False
AIM2,DCG,-0.7571429773083783,1.2927817492278462,-1.0923264186067023,0.20045533062114385,-0.06800974561197794,-1.2066720997705365,True
LINC00517,DIG,-1.7214892066975778,0.45943161863729726,-2.4835839414464713,-2.024152322809174,-2.2683504706922935,-2.597929622610299,True
LINC02289,NEUTRAL,-0.056251359248584064,0.13750352374993502,-0.08115355703119576,0.056349966718739264,-0.19549923819502962,-0.19549923819503018,False
SLC27A3,DCG,-0.8796554999672246,1.3074285251922473,-1.2690746274934166,0.038353897698830686,-0.21622091599649162,-1.3834203086572512,True
DAZAP2P1,NEUTRAL,0.03240047159096417,0.13750352374993502,0.04674399968674774,0.18424752343668277,-0.0676016814770854,-0.06760168147708573,False
LINC02718,DIG,1.4772719915649142,0.560714954474479,2.1312529762748644,2.6919679307493434,2.4461172020785087,2.0169072951110265,True
ZNF597,DSG,0.016321792292103638,1.0531113364595626,0.023547368798237624,1.0766587052578003,0.8268640665563521,-0.09079831236559754,False
RPL23P2,DIG,-1.2829755750779879,0.4329594072761063,-1.8509424997466792,-1.417983092470573,-1.6591618601626783,-1.9652881809105123,True
FMOD,DCG,-0.9086750748683355,1.2016338611696507,-1.3109410242919552,-0.1093071631223046,-0.36211625928659186,-1.4252867054557907,True
ENSAP2,NEUTRAL,0.014656631474454703,0.13750352374993502,0.021145049544332897,0.1586485732942679,-0.09320063161950025,-0.09320063161950025,False
GIMAP5,DIG,0.7187008694041912,0.4854268271702419,1.0368661801720132,1.5222930073422551,1.283682901325006,0.9225204990081783,True
NR3C2,NEUTRAL,0.025936542164777848,0.13750352374993502,0.037418520758932504,0.17492204450886753,-0.0769271604049003,-0.07692716040490047,False
FARS2,DIG,-1.239011026851713,0.5849625007211562,-1.7875150640457085,-1.2025525633245522,-1.4618258991845186,-1.9018607452095446,True
KLK9,DIG,-0.9605870888749394,0.608809242675524,-1.385834229461841,-0.777024986786317,-1.0375615023836042,-1.5001799106256646,True
LINC00582,DCG,-0.8351142559445444,1.1538053360790355,-1.2048151956268707,-0.05100985954783521,-0.306513003617048,-1.3191608767907004,True
LIPC,NEUTRAL,-0.08725067868553923,0.13750352374993502,-0.12587612145382385,0.011627402296111172,-0.24022180261765685,-0.24022180261765724,False
GRIA2,NEUTRAL,-0.08692983446916144,0.13750352374993502,-0.12541324109395768,0.012090282655977336,-0.23975892225779233,-0.23975892225779213,False
PNP,NEUTRAL,0.0026876335247304913,0.13750352374993502,0.003877435557855605,0.14138095930779063,-0.11046824560597765,-0.1104682456059773,False
HIBADH,DIG,-1.039988003617939,0.608809242675524,-1.500385535403614,-0.8915762927280899,-1.1327636209858374,-1.6147312165674497,True
TMEM238,DIG,-0.6002528629216772,0.4854268271702419,-0.8659818286165065,-0.38055500144626464,-0.6376444356927837,-0.9803275097803404,True
SNORD56,DSG,0.11768190882023727,1.3645724322958561,0.16977910625730347,1.5343515385531596,1.2837040075896347,0.05543342509346974,False
CNTLN,DIG,0.5677773679102812,0.32192809488736235,0.8191295930131512,1.1410576879005137,0.8865343687161378,0.7047839118493169,True
LINC02688,NEUTRAL,0.04235245433462371,0.13750352374993502,0.06110167583803791,0.19860519958797293,-0.053244005325794944,-0.053244005325794784,False
EGLN2,DIG,-0.8118690181483819,0.560714954474479,-1.1712794063340624,-0.6105644518595833,-0.8729420909411313,-1.285625087497898,True
WEE2-AS1,DIG,-0.9266125665516128,0.632268215499513,-1.3368193545894065,-0.7045511390898935,-0.9642798517463246,-1.4511650357532426,True
KLF3-AS1,NEUTRAL,-0.008114802495479478,0.13750352374993502,-0.011707185318021628,0.1257963384319134,-0.1260528664818549,-0.1260528664818551,False
SLC16A8,NEUTRAL,-0.007183797313855421,0.13750352374993502,-0.010364028759450673,0.12713949499048435,-0.12470970992328421,-0.12470970992328456,False
DNAJC30,DIG,-0.743482515085633,0.5109619192773794,-1.0726185375016968,-0.5616566182243173,-0.8027824468633545,-1.1869642186655318,True
POU6F2,DIG,0.9158014820508404,0.5849625007211562,1.3212222565935106,1.9061847573146666,1.669357870430352,1.2068765754296766,True
PAIP1,DSG,0.11585327162305424,1.4724877714627438,0.16714094044134242,1.6396287119040862,1.396870548473635,0.05279525927750771,False
OSR1,DIG,-1.4228197834579241,0.4329594072761063,-2.052695045673456,-1.6197356383973498,-1.8483635258107378,-2.1670407268372918,True
CAPN11,DIG,0.8677170677636066,0.6780719051126378,1.2518511105572678,1.9299230156699057,1.6755304754441538,1.137505429393433,True
SND1,DIG,-0.9763043041484128,0.45943161863729726,-1.4085093779934654,-0.9490777593561681,-1.1933334363573398,-1.5228550591572996,True
GMPPA,NEUTRAL,0.020038367637257578,0.13750352374993502,0.028909253617781405,0.16641277736771642,-0.08543642754605342,-0.08543642754605307,False
SLC10A1,NEUTRAL,0.03240441172182143,0.13750352374993502,0.04674968409399598,0.184253207843931,-0.06759599706983757,-0.06759599706983808,False
OPA1,DSG,0.06612517691390901,1.3074285251922473,0.09539846481160191,1.4028269900038493,1.1478322712700257,-0.01894721635223271,False
LINC01094,NEUTRAL,0.01778528292634335,0.13750352374993502,0.0256587394786427,0.16316226322857771,-0.08868694168519081,-0.08868694168519098,False
PDGFD,NEUTRAL,0.014027418707275979,0.13750352374993502,0.02023728740546013,0.15774081115539515,-0.09410839375837458,-0.09410839375837458,False
LINC01359,NEUTRAL,-0.04809912724271372,0.13750352374993502,-0.06939237234415033,0.06811115140578469,-0.18373805350798267,-0.18373805350798303,False
HRH4,NEUTRAL,0.004983060894022686,0.13750352374993502,0.007189037240254254,0.14469256099018926,-0.10715664392357967,-0.10715664392357967,False
WDR41,NEUTRAL,-0.003611848539637569,0.13750352374993502,-0.005210795976577165,0.13229272777335785,-0.11955647714041184,-0.11955647714041202,False
LIN7A,DIG,-1.480926369432646,0.608809242675524,-2.1365251291021754,-1.5277158864266513,-1.774215924690103,-2.2508708102660124,True
PLEKHA3,NEUTRAL,0.0005410705476775888,0.13750352374993502,0.0007805997959055328,0.13828412354584055,-0.1135650813679283,-0.11356508136792795,False
DSTNP3,DCG,-0.921991868411623,1.4059923596758368,-1.3301530962973982,0.0758392633784386,-0.18349875406781221,-1.4444987774612343,True
CLEC12A,DIG,1.1981996065098695,0.7224660244710913,1.728636630306896,2.4511026547779875,2.200747169989236,1.6142909491430588,True
FAM131B,DIG,0.9019865297799133,0.53605290024021,1.3012914934621262,1.8373443937023364,1.598005000584547,1.1869458122982903,True
TAX1BP1-AS1,DSG,0.05771590803052283,1.2630344058337937,0.0832664542960388,1.3463008601298325,1.0887520031204114,-0.031079226867794595,False
MUC21,DIG,1.7324331089647373,0.632268215499513,2.499372654975276,3.131640870474789,2.861436441006921,2.3850269738114407,True
SNX25P1,DCG,-1.071956489265716,1.446256229889564,-1.546506311112392,-0.10025008122282797,-0.35818201138093075,-1.660851992276226,True
MUC13,DIG,-1.2572233066978062,0.5109619192773794,-1.8137898298629493,-1.3028279105855698,-1.590768238448789,-1.9281355110267833,True
CTTNBP2,DIG,-0.9346535756194453,0.4329594072761063,-1.3484200784953115,-0.9154606712192053,-1.1572590077243141,-1.4627657596591452,True
PRKD2,DIG,1.2646720754632517,0.608809242675524,1.824536131621586,2.43334537429711,2.1622157454396493,1.7101904504577494,True
SYT13,DIG,-1.238597154981246,0.35049724708413343,-1.7869179731506226,-1.4364207260664892,-1.690982344574531,-1.901263654314457,True
MSR1,NEUTRAL,-0.08083641460960836,0.13750352374993502,-0.11662229448052613,0.020881229269408885,-0.2309679756443604,-0.2309679756443604,False
RHBDD1,NEUTRAL,0.05111133161886811,0.13750352374993502,0.0737380646597723,0.2112415884097073,-0.04060761650406173,-0.040607616504062055,False
F3,NEUTRAL,0.021208265762271892,0.13750352374993502,0.03059705984108485,0.16810058359101987,-0.08374862132274857,-0.08374862132274839,False
HMGN3,NEUTRAL,-0.009051829916164317,0.13750352374993502,-0.013059030131020622,0.1244444936189144,-0.12740471129485398,-0.12740471129485414,False
IL12B,NEUTRAL,0.06865239074073487,0.13750352374993502,0.09904446366682959,0.2365479874167646,-0.015301217497003802,-0.015301217497003963,False
KRT74,DIG,-0.5728316317161088,0.53605290024021,-0.8264213543411634,-0.29036845410095335,-0.5354180791262767,-0.9407670355049919,True
KLRB1,DIG,-1.1983046271930426,0.53605290024021,-1.7287881431257008,-1.1927352428854907,-1.4463180394659862,-1.8431338242895368,True
CCM2,DIG,-0.9407127172836945,0.4854268271702419,-1.3571615721263677,-0.8717347449561258,-1.1003435725728674,-1.4715072532902038,True
RAET1E,NEUTRAL,0.03097651221970648,0.13750352374993502,0.04468966056340692,0.18219318431334194,-0.0696560206004281,-0.06965602060042826,False
EXTL1,NEUTRAL,0.04547009610679669,0.13750352374993502,0.06559948216202015,0.20310300591195518,-0.04874619900181297,-0.0487461990018133,False
NEFH,NEUTRAL,0.011361754321411677,0.13750352374993502,0.016391546615299377,0.1538950703652344,-0.09795413454853473,-0.09795413454853473,False
RPL12P16,NEUTRAL,0.014246907206811066,0.13750352374993502,0.02055394237527156,0.15805746612520657,-0.09379173878856249,-0.09379173878856249,False
IFNA5,NEUTRAL,-0.006281468625340933,0.13750352374993502,-0.009062243635278978,0.12844128011465605,-0.12340792479911182,-0.12340792479911131,False
GAREM2,DIG,-1.3514329314481162,0.45943161863729726,-1.9497055882942316,-1.4902739696569343,-1.7326336433944507,-2.0640512694580657,True
GABBR2,NEUTRAL,0.001460703661302401,0.13750352374993502,0.002107349928369326,0.13961087367830435,-0.11223833123546355,-0.1122383312354639,False
THBS1,NEUTRAL,0.017021137015063192,0.13750352374993502,0.02455630996192324,0.16205983371185825,-0.08978937120190916,-0.08978937120190933,False
KIAA1328,NEUTRAL,-0.01751054848474156,0.13750352374993502,-0.025262381462182404,0.11224114228775262,-0.13960806262601705,-0.13960806262601633,False
MYH13,NEUTRAL,-0.051996455036390714,0.13750352374993502,-0.07501502782480685,0.062488495925128174,-0.18936070898864094,-0.18936070898864055,False
ACSL5,NEUTRAL,0.02030290536721771,0.13750352374993502,0.029290900888922913,0.16679442463885794,-0.08505478027490945,-0.08505478027490945,False
KCTD15,DSG,0.061637650233969166,1.2479275134435854,0.08892433232459578,1.3368518457681813,1.0846882505874502,-0.025421348839238283,False
DNAJC6,NEUTRAL,0.011350032806650865,0.13750352374993502,0.016374636044082246,0.15387815979401726,-0.09797104511975252,-0.09797104511975269,False
ASCC3,DIG,0.8434798780327565,0.37851162325372983,1.2168842371274855,1.5953958603812153,1.332772838887384,1.1025385559636502,True
NDUFB1,NEUTRAL,0.01486924355531261,0.13750352374993502,0.02145178393901968,0.1589553076889547,-0.09289389722481535,-0.09289389722481518,False
ESF1,DSG,0.0019950279395812595,1.3074285251922473,0.0028782169148688095,1.3103067421071162,1.0482544348980185,-0.11146746424896739,False
DDX11,DIG,-1.5572219481151315,0.560714954474479,-2.246596382109151,-1.6858814276346719,-1.959417811147306,-2.360942063272986,True
RNF19A,DCG,-0.8576456756804681,1.2172307162206693,-1.2373211631440757,-0.020090446923406446,-0.2783660336298101,-1.3516668443079092,True
POMGNT1,NEUTRAL,0.020031547469466702,0.13750352374993502,0.028899414195531478,0.1664029379454665,-0.08544626696830261,-0.08544626696830278,False
ATF7-NPFF,DIG,1.483839922889889,0.5849625007211562,2.140728498226305,2.725690998947461,2.4581411434444953,2.0263828170624683,True
SLC11A2,DIG,1.147607627972674,0.45943161863729726,1.6556478337625231,2.1150794523998204,1.8633184848646347,1.5413021525986876,True
RPS13P2,NEUTRAL,-0.017013511442350953,0.13750352374993502,-0.024545308585987358,0.11295821516394766,-0.13889098974982042,-0.13889098974982025,False
GSEC,NEUTRAL,0.0445477481823253,0.13750352374993502,0.06426881538541104,0.20177233913534606,-0.050076865778423775,-0.05007686577842411,False
RPS4XP13,DIG,-1.6319401104849718,0.4329594072761063,-2.354391904424456,-1.9214324971483496,-2.1718098770623415,-2.4687375855882916,True
CFAP206,NEUTRAL,-0.03524435788231844,0.13750352374993502,-0.05084686033613666,0.08665666341379835,-0.16519254149997073,-0.16519254149997056,False
CAMK2B,DIG,-1.2423947280752958,0.5849625007211562,-1.7923967130208216,-1.2074342122996655,-1.4447414150590683,-1.9067423941846557,True
FEM1B,NEUTRAL,-0.024115523165402317,0.13750352374993502,-0.03479134567916884,0.10271217807076619,-0.1491370268430032,-0.1491370268430034,False
FNBP4,DIG,0.908232888291338,0.5109619192773794,1.3103030839101732,1.8212650031875528,1.5686323108712712,1.195957402746337,True
TTC7A,DIG,1.1462080981383247,0.4854268271702419,1.6536287390109314,2.1390555661811734,1.9034299303759707,1.5392830578470977,True
NAALADL2,DSG,-0.047805323742923726,1.4195388915137848,-0.06896850349200748,1.3505703880217772,1.094027853186671,-0.18331418465584332,False
CALU,DIG,1.562929684292467,0.4854268271702419,2.2548309047868953,2.7402577319571373,2.5040822065826642,2.140485223623061,True
MMP20,NEUTRAL,0.02462031798286054,0.13750352374993502,0.035519610658982265,0.17302313440891728,-0.07882607050485214,-0.07882607050485198,False
SUPT3H,DIG,-1.4694697513804789,0.5849625007211562,-2.119996723052955,-1.5350342223317988,-1.783784843024944,-2.234342404216791,True
ALG1,DSG,0.06415314619937107,1.2630344058337937,0.0925534258792573,1.355587831713051,1.11126994479106,-0.02179225528457639,False
PRRX2,NEUTRAL,-0.027760623536712322,0.13750352374993502,-0.040050113908400305,0.09745340984153472,-0.1543957950722351,-0.15439579507223494,False
ZNF32,DIG,-0.7337948936106671,0.53605290024021,-1.058642254041754,-0.5225893538015439,-0.7769505456882344,-1.1729879352055899,True
WASL,DIG,-1.2076112152425673,0.5849625007211562,-1.7422147115523465,-1.1572522108311905,-1.4083767901484667,-1.8565603927161816,True
LIPE-AS1,DIG,1.109245654448818,0.5109619192773794,1.6003032048009427,2.1112651240783222,1.8529884418266713,1.4859575236371079,True
DNAAF3,DIG,1.158703151890078,0.5109619192773794,1.671655291094227,2.1826172103716064,1.9274978604841322,1.557309609930392,True
HLA-F-AS1,DIG,-1.5721760140448735,0.560714954474479,-2.2681705388671163,-1.7074555843926373,-1.975079364182828,-2.382516220030953,True
TESC,NEUTRAL,-0.005587348089683685,0.13750352374993502,-0.008060839380707075,0.12944268436922796,-0.12240652054454125,-0.1224065205445409,False
DCAF5,NEUTRAL,0.05888013913751978,0.13750352374993502,0.08494608474055196,0.22244960849048698,-0.02939959642328283,-0.029399596423282666,False
FGFR3,NEUTRAL,-0.11980159860686908,0.13750352374993502,-0.17283717220070016,-0.03533364845076514,-0.287182853364535,-0.28718285336453436,False
ZFP62,DIG,-0.675181448219649,0.5109619192773794,-0.9740809270467161,-0.4631190077693367,-0.7207886278234042,-1.0884266082105503,True
ME1,NEUTRAL,0.0013095904933415428,0.13750352374993502,0.0018893397103391747,0.13939286346027419,-0.11245634145349374,-0.11245634145349374,False
ZNF567,DSG,0.0827257085206949,1.4594316186372973,0.1193479694368324,1.5787795880741298,1.3223788248336916,0.005002288272996934,False
PTPRS,NEUTRAL,-0.03729798459816613,0.13750352374993502,-0.05380961741492721,0.08369390633500781,-0.16815529857875988,-0.16815529857876024,False
PLXNC1,DIG,-1.4533793498865317,0.37851162325372983,-2.096783180611725,-1.7182715573579952,-1.961021065269156,-2.21112886177556,True
RAP1B,DSG,0.07402265360521762,1.3362833878644325,0.10679211526968901,1.4430755031341214,1.1892384973099495,-0.007553565894145991,False
LINC02518,DIG,-0.8166160963925356,0.37851162325372983,-1.178127992575615,-0.7996163693218852,-1.0350976641991447,-1.2924736737394455,True
HSPE1P2,NEUTRAL,-0.026383187293359676,0.13750352374993502,-0.03806289347097472,0.0994406302789603,-0.1524085746348096,-0.15240857463480925,False
G3BP2,DIG,0.6363393797022986,0.45943161863729726,0.9180436674188652,1.3774752860561625,1.120041260833101,0.8036979862550313,True
COG3,NEUTRAL,0.016352068650548824,0.13750352374993502,0.023591048350422673,0.16109457210035769,-0.09075463281341012,-0.09075463281340977,False
UCHL1,NEUTRAL,-0.0025327897190479936,0.13750352374993502,-0.003654043167285091,0.13384948058264992,-0.11799972433111869,-0.11799972433111922,False
RPSAP29,DIG,0.932301004519274,0.6553518286125543,1.3450260358357558,2.00037786444831,1.7139016695740026,1.2306803546719223,True
REC114,NEUTRAL,0.024020687140099004,0.13750352374993502,0.03465452621576613,0.17215804996570117,-0.07969115494806778,-0.07969115494806743,False
SEPTIN7-DT,DIG,1.707983639114505,0.53605290024021,2.4640995260699814,3.0001524263101915,2.771193261773416,2.3497538449061444,True
WDR86-AS1,DIG,-1.638109513929292,0.4854268271702419,-2.36329247217882,-1.877865645008578,-2.111390454693256,-2.477638153342655,True
TP53INP2,DCG,-0.783761359651121,1.1043366598147357,-1.1307286268090637,-0.026391966994327998,-0.2880872661115463,-1.245074307972899,True
AOC2,NEUTRAL,0.030475130892199245,0.13750352374993502,0.043966320208617904,0.18146984395855292,-0.0703793609552161,-0.07037936095521577,False
MYSM1,NEUTRAL,-0.02829332718360588,0.13750352374993502,-0.040818642818037106,0.09668488093189792,-0.15516432398187158,-0.15516432398187158,False
RIOK3,NEUTRAL,0.0023364846439492795,0.13750352374993502,0.0033708348089388413,0.14087435855887387,-0.11097484635489435,-0.11097484635489505,False
REXO4,NEUTRAL,0.03565250046887673,0.13750352374993502,0.051435685621739904,0.1889392093716749,-0.06290999554209509,-0.06290999554209525,False
H6PD,NEUTRAL,0.014521729678365214,0.13750352374993502,0.020950427392107576,0.15845395114204258,-0.09339525377172517,-0.09339525377172535,False
POP1,DCG,-0.7701309491639401,1.2479275134435854,-1.1110641011939268,0.1368634122496586,-0.12725819005896177,-1.2254097823577617,True
ZFP64,DCG,-0.91720119302335,1.2927817492278462,-1.323241612672228,-0.030459863444381785,-0.28892322298675666,-1.4375872938360632,True
SCARB1,NEUTRAL,0.04500269658670964,0.13750352374993502,0.06492516719227669,0.20242869094221172,-0.04942051397155623,-0.04942051397155623,False
SLC2A6,NEUTRAL,0.012499253078498966,0.13750352374993502,0.01803261043116657,0.1555361341811016,-0.09631307073266782,-0.09631307073266765,False
IMPA2,NEUTRAL,-0.011425634906127457,0.13750352374993502,-0.01648370681807792,0.1210198169318571,-0.13082938798191066,-0.13082938798191066,False
SLC25A5P5,DSG,-0.06172779135833346,1.3645724322958561,-0.08905437847769629,1.2755180538181599,1.0279772505436913,-0.20340005964153018,False
MIR6071,DIG,-1.5845004720907063,0.4854268271702419,-2.2859509733714836,-1.8005241462012416,-2.0615223247395447,-2.4002966545352744,True
FGD4,DIG,-1.2806172798742022,0.5849625007211562,-1.8475401989512252,-1.2625776982300692,-1.5190703400747216,-1.9618858801150596,True
METTL8P1,DIG,-1.622190631443075,0.5849625007211562,-2.3403263793594604,-1.7553638786383043,-2.007093492233955,-2.4546720605232903,True
ZNRF3-AS1,NEUTRAL,-0.0719151028559995,0.13750352374993502,-0.10375156225537022,0.0337519614945648,-0.21809724341920367,-0.21809724341920403,False
UGT1A4,NEUTRAL,-0.012348282424330309,0.13750352374993502,-0.017814805817077683,0.11968871793285733,-0.13216048698091168,-0.132160486980912,False
SPATA13,NEUTRAL,-0.02542553344082051,0.13750352374993502,-0.03668129100702825,0.10082223274290678,-0.15102697217086228,-0.15102697217086244,False
METTL24,DIG,0.9839827784940967,0.405992359675837,1.4195870748535766,1.8255794345294136,1.5925278843073671,1.3052413936897422,True
TTC7B,NEUTRAL,0.03416900716346392,0.13750352374993502,0.04929545718682886,0.1867989809367639,-0.06505022397700601,-0.06505022397700601,False
PCDHA13,NEUTRAL,-0.0015091723609605347,0.13750352374993502,-0.002177275481004452,0.13532624826893055,-0.11652295664483722,-0.11652295664483722,False
SMAD2,NEUTRAL,-0.03594401638542815,0.13750352374993502,-0.05185625418888883,0.08564726956104618,-0.1662019353527236,-0.1662019353527236,False
TRIQK,DCG,2.0794415416798357,-3.321928094887362,3.0,-0.3219280948873622,-0.5737772998011309,2.8856543188361665,True
SIK2,NEUTRAL,0.004476162804334626,0.13750352374993502,0.006457737880025201,0.14396126162996023,-0.1078879432838099,-0.1078879432838099,False
ITGB4,DSG,0.05105459090136257,-0.7369655941662062,0.07365620510801058,-0.6633093890581956,-0.9151585939719661,-0.04068947605582442,False
CAMSAP2,DCG,-0.8531108018170386,1.1538053360790355,-1.230778723110249,-0.07697338703121348,-0.32845775321453663,-1.3451244042740835,True
APOC3,NEUTRAL,0.025800422044271066,0.13750352374993502,0.03722214093611216,0.17472566468604717,-0.07712354022772039,-0.07712354022772039,False
OR2H2,DIG,-0.6177526593966204,0.4854268271702419,-0.8912286982074732,-0.4058018710372313,-0.6812335659667371,-1.0055743793713035,True
GPRIN3,NEUTRAL,0.00191376087619078,0.13750352374993502,0.0027609733255277557,0.14026449707546276,-0.11158470783830653,-0.11158470783830618,False
CCDC68,NEUTRAL,-0.023482157223464434,0.13750352374993502,-0.03387759177566709,0.10362593197426792,-0.14822327293950088,-0.14822327293950036,False
RDH5,DIG,1.0065614475996332,0.45943161863729726,1.452161208802007,1.9115928274393044,1.6666661665806086,1.3378155276381722,True
C5orf22,DSG,-0.054006340564696956,-3.321928094887362,-0.07791467970924876,-3.399842774596611,-3.6516919795103804,-0.19226036087308276,False
NFE2,NEUTRAL,0.011072753747493789,0.13750352374993502,0.015974606920493975,0.15347813067042898,-0.09837107424334082,-0.09837107424334066,False
TXNRD1,NEUTRAL,0.004369196661210388,0.13750352374993502,0.006303418355796843,0.14380694210573186,-0.1080422628080365,-0.10804226280803685,False
COL14A1,DCG,-0.8129142637967679,1.070389327891398,-1.1727873770474997,-0.10239804915610162,-0.35172993173612893,-1.2871330582113352,True
HHIPL2,DCG,-0.9134321599964407,1.070389327891398,-1.3178040474153592,-0.2474147195239611,-0.4947291219210315,-1.4321497285791942,True
LINC00663,DIG,-0.9563920521933709,0.608809242675524,-1.3797820708449948,-0.7709728281694708,-1.0156758383804954,-1.4941277520088296,True
HPDL,NEUTRAL,0.025551118825490396,0.13750352374993502,0.03686247241869963,0.17436599616863466,-0.07748320874513419,-0.07748320874513452,False
LINC02237,DCG,-1.0057437598368633,1.3219280948873624,-1.4509815347216632,-0.12905343983430084,-0.37272860503113514,-1.5653272158854956,True
ZBTB16,NEUTRAL,0.06601055829776639,0.13750352374993502,0.09523310510249938,0.2327366288524344,-0.01911257606133555,-0.01911257606133555,False
HUS1,DIG,-1.0996182617080552,0.5849625007211562,-1.5864138130371537,-1.0014513123159974,-1.2422843671162078,-1.7007594942009898,True
CEP295NL,DSG,-0.03086166354785211,1.4329594072761063,-0.04452396895406993,1.3884354383220363,1.1439113086058372,-0.15886965011790602,False
TLE1,NEUTRAL,0.03371199301693181,0.13750352374993502,0.04863612514401089,0.1861396488939459,-0.06570955601982428,-0.06570955601982445,False
GGT7,DCG,-0.8524933935478898,1.1043366598147357,-1.229887991262144,-0.12555133144740838,-0.3765343689540922,-1.3442336724259798,True
RPSAP47,DCG,-0.8949231410089444,1.2479275134435854,-1.2911011775103787,-0.04317366406679324,-0.29986359859295963,-1.4054468586742142,True
GRAP2,NEUTRAL,0.008947969580286643,0.13750352374993502,0.012909191339504841,0.15041271508943987,-0.10143648982432804,-0.10143648982432804,False
SNTN,NEUTRAL,-0.016418105042406768,0.13750352374993502,-0.023686318725474328,0.11381720502446069,-0.13803199988930795,-0.13803199988930742,False
NKX6-1,NEUTRAL,-0.049398275513630914,0.13750352374993502,-0.07126664711198204,0.06623687663795298,-0.18561232827581672,-0.18561232827581672,False
MRPL37,NEUTRAL,0.06500873846886102,0.13750352374993502,0.09378778460347338,0.2312913083534084,-0.02055789656035959,-0.02055789656035959,False
ADH1A,NEUTRAL,0.01362323592900163,0.13750352374993502,0.019654174915631,0.15715769866556603,-0.09469150624820281,-0.09469150624820281,False
VXN,DCG,-0.7801879442096097,1.1699250014423124,-1.1255732780725591,0.04435172336975324,-0.2087401301837716,-1.2399189592363942,True
KNOP1P4,DIG,1.4257970028084472,0.37851162325372983,2.0569902652660943,2.4355018885198243,2.1709463856711237,1.9426445841022557,True
GGACT,NEUTRAL,-0.011095650837188045,0.13750352374993502,-0.016007640438246668,0.12149588331168835,-0.13035332160208019,-0.13035332160208019,False
DDX18P4,NEUTRAL,0.027360426678057367,0.13750352374993502,0.03947275188503946,0.17697627563497448,-0.07487292927879409,-0.07487292927879492,False
CYP39A1,DIG,-1.1603002923801287,0.560714954474479,-1.673959477758826,-1.1132445232843469,-1.3727024927365432,-1.7883051589226606,True
IGSF22,DIG,-0.8347665342314258,0.405992359675837,-1.2043135392357451,-0.7983211795599081,-1.0548453515912908,-1.318659220399579,True
MCM4,DCG,-0.9706007702537903,1.4594316186372973,-1.4002809179281515,0.059150700709145854,-0.2036499820996801,-1.5146265990919865,True
SLC17A8,NEUTRAL,0.04435132912185244,0.13750352374993502,0.06398544258093078,0.2014889663308658,-0.050360238582902984,-0.050360238582902984,False
PNO1,DIG,1.1476172200132244,0.4854268271702419,1.6556616721518573,2.141088499322099,1.903875024835876,1.5413159909880212,True
MPDZ,DIG,-0.9998700989364095,0.4854268271702419,-1.4425076332687152,-0.9570808060984733,-1.1931615747317201,-1.556853314432549,True
CYP51A1P1,NEUTRAL,-0.009565199993122607,0.13750352374993502,-0.013799666595189131,0.12370385715474588,-0.12814534775902314,-0.12814534775902384,False
RNU6ATAC18P,NEUTRAL,-0.0349690427998422,0.13750352374993502,-0.050449664631966255,0.08705385911796876,-0.16479534579579974,-0.1647953457958001,False
GINS2,NEUTRAL,0.006466955605686593,0.13750352374993502,0.00932984478197313,0.14683336853190815,-0.10501583638186035,-0.10501583638186103,False
PIMREGP1,NEUTRAL,0.019826125237132217,0.13750352374993502,0.028603052559654174,0.1661065763095892,-0.08574262860418055,-0.08574262860418039,False
CRNKL1,DSG,-0.018952795703750813,1.3785116232537298,-0.02734310437278295,1.3511685188809468,1.104945196695698,-0.14168878553661704,False
BACH1-IT1,DIG,-1.0523406354876788,0.37851162325372983,-1.5182066161440146,-1.1396949928902849,-1.3835651263576356,-1.632552297307845,True
COLCA1,NEUTRAL,0.017897186370475934,0.13750352374993502,0.025820182022551177,0.1633237057724862,-0.08852549914128269,-0.08852549914128285,False
ECI2,DIG,-1.1423977965058185,0.4854268271702419,-1.6481316357414235,-1.1627048085711817,-1.4040820803985765,-1.7624773169052586,True
ABCA9,DSG,0.02473407570863678,1.070389327891398,0.035683728365822454,1.1060730562572205,0.8543795692020522,-0.07866195279801305,False
RPS27AP1,NEUTRAL,0.045799349681270266,0.13750352374993502,0.06607449466110814,0.20357801841104317,-0.048271186502727235,-0.048271186502727235,False
GAPDHP44,DIG,1.4439646084311115,0.608809242675524,2.0832005798027384,2.6920098224782625,2.4360206536557634,1.9688548986389018,True
CHMP7,NEUTRAL,-0.03197535604504968,0.13750352374993502,-0.04613068759685212,0.09137283615308289,-0.16047636876068677,-0.16047636876068694,False
SPATA17,DCG,2.0794415416798357,-3.321928094887362,3.0,-0.3219280948873622,-0.5737772998011305,2.8856543188361674,True
NSG2,DIG,-1.0235553692256125,0.4854268271702419,-1.4766782552570632,-0.9912514280868213,-1.2584849430223328,-1.591023936420898,True
PTCD1,DSG,-0.00782067191506484,1.1699250014423124,-0.011282844588283636,1.1586421568540288,0.9013946631405315,-0.12562852575211877,False
APLNR,DIG,0.9750123048290905,0.37851162325372983,1.4066454169826472,1.785157040236377,1.529352418627173,1.2922997358188133,True
RPLP2,NEUTRAL,0.006026008041117294,0.13750352374993502,0.008693691917276937,0.14619721566721194,-0.10565198924655778,-0.1056519892465576,False
CPA1,DIG,-1.0782146613000216,0.560714954474479,-1.5555349448713147,-0.9948199903968357,-1.2438672909644748,-1.669880626035151,True
FAM230I,NEUTRAL,0.05307476049266483,0.13750352374993502,0.07657069375913703,0.21407421750907205,-0.0377749874046969,-0.03777498740469673,False
OVCH1,DIG,-0.7560232840231429,0.608809242675524,-1.0907110426567765,-0.4819017999812525,-0.7443335947202211,-1.205056723820609,True
DISC1,DCG,-0.9256095333529302,1.070389327891398,-1.33537228356782,-0.2649829556764218,-0.518534973966533,-1.4497179647316536,True
CHGB,DSG,0.037259366920051926,1.2927817492278462,0.053753903882221205,1.3465356531100674,1.093920138711076,-0.06059177728161327,False
ZNF75A,DSG,0.10579730993098149,1.185866545311334,0.15263325437681968,1.3384997996881536,1.0901801379928928,0.0382875732129848,False
LINC02172,NEUTRAL,0.0383641863607185,0.13750352374993502,0.05534782141034859,0.1928513451602836,-0.0589978597534851,-0.0589978597534851,False
FUCA2,DIG,1.5343335998574996,0.37851162325372983,2.213575475583726,2.592087098837456,2.3543131756718823,2.09922979441989,True
RASIP1,DIG,1.3027055795582467,0.560714954474479,1.8794068793670657,2.4401218338415447,2.1798826792325965,1.7650611982032294,True
FOLR3,DIG,-1.554687833524675,0.5109619192773794,-2.242940427556455,-1.7319785082790755,-1.9693130560609007,-2.3572861087202845,True
SIAH1,NEUTRAL,0.06674263201693133,0.13750352374993502,0.09628926422670378,0.2337927879766388,-0.018056416937130802,-0.01805641693713048,False
OSTN-AS1,DSG,0.12911984892900116,1.1043366598147357,0.1862805657302021,1.2906172255449377,1.0391905246254634,0.07193488456636897,False
TTLL7,NEUTRAL,-0.04767357430542353,0.13750352374993502,-0.06877842923188604,0.06872509451804898,-0.18312411039572093,-0.1831241103957211,False
PTPRK,DIG,1.5104194055804494,0.4329594072761063,2.1790745860933702,2.6120339933694767,2.375347152024097,2.064728904929536,True
RN7SL737P,DIG,0.6319855110836178,0.5109619192773794,0.9117623627540123,1.4227242820313917,1.1660913635673478,0.7974166815901789,True
RPS6KA2,NEUTRAL,0.01487488024660081,0.13750352374993502,0.02145991596558819,0.1589634397155232,-0.09288576519824464,-0.0928857651982443,False
ABTB2,DIG,-0.7072562299437333,0.608809242675524,-1.0203550555776484,-0.41154581290212433,-0.6579400641651515,-1.1347007367414832,True
DPH7,NEUTRAL,0.009179455368863705,0.13750352374993502,0.013243154738721237,0.15074667848865625,-0.10110252642511232,-0.10110252642511197,False
RAD54L2,NEUTRAL,0.0363404005359426,0.13750352374993502,0.05242811563712301,0.18993163938705804,-0.06191756552671034,-0.06191756552671001,False
RPUSD4,NEUTRAL,-0.050902276591651474,0.13750352374993502,-0.07343646200873395,0.06406706174120107,-0.18778214317256825,-0.18778214317256825,False
ERRFI1,NEUTRAL,0.02718578108706511,0.13750352374993502,0.03922079155700181,0.17672431530693683,-0.07512488960683299,-0.07512488960683282,False
SAMD12,DCG,-0.849048810160538,1.232660756790275,-1.2249185078912832,0.007742248898991777,-0.24012137466293607,-1.3392641890551171,True
AQP10,DCG,-0.7946544778871035,1.1375035237499351,-1.1464440744679327,-0.008940550717997597,-0.2648794186734826,-1.260789755631755,True
NUP88,NEUTRAL,0.06754638254884215,0.13750352374993502,0.0974488311332034,0.23495235488313843,-0.01689685003062993,-0.016896850030630253,False
TCF19,DIG,-1.519018834624428,0.4854268271702419,-2.191480939729595,-1.706054112559353,-1.985718626027166,-2.305826620893429,True
INA,NEUTRAL,-0.026493135046907902,0.13750352374993502,-0.038221514549775626,0.0992820092001594,-0.15256719571360844,-0.15256719571360824,False
VPS37A,NEUTRAL,-0.047093691365263146,0.13750352374993502,-0.06794183498982054,0.06956168876011448,-0.1822875161536556,-0.18228751615365577,False
TFAP4,DCG,0.8295306007870238,-0.7369655941662062,1.1967596840210817,0.45979408985487547,0.20794488494110583,1.082414002857247,True
MACORIS,DIG,1.4014002726778951,0.632268215499513,2.0217932236928404,2.654061439192353,2.4033300929522006,1.9074475425290045,True
ZBTB8OSP2,NEUTRAL,-0.024806451231752732,0.13750352374993502,-0.03578814417410359,0.10171537957583143,-0.1501338253379368,-0.15013382533793698,False
LINC02511,NEUTRAL,-0.0304356952936884,0.13750352374993502,-0.043909426666211816,0.09359409708372321,-0.1582551078300458,-0.15825510783004507,False
RPL7AP50,DIG,1.6263043214287265,0.37851162325372983,2.3462611795015147,2.7247728027552447,2.470461265698598,2.2319154983376794,True
RPL4,NEUTRAL,-0.01635537002703586,0.13750352374993502,-0.023595811229908628,0.11390771252002639,-0.1379414923937422,-0.1379414923937422,False
PLPP7,NEUTRAL,-0.0221128427499928,0.13750352374993502,-0.031902088575372085,0.10560143517456294,-0.1462477697392054,-0.14624776973920575,False
KRT18P55,DIG,-1.4820805912951984,0.4854268271702419,-2.1381903192593654,-1.6527634920891234,-1.9252083970375802,-2.2525360004231945,True
CCDC82,NEUTRAL,0.04690938481114875,0.13750352374993502,0.06767593683819637,0.20517946058813138,-0.046669744325636794,-0.046669744325636295,False
RETSAT,DIG,-0.9509257630753478,0.4854268271702419,-1.3718958826423577,-0.8864690554721159,-1.1358486741643994,-1.486241563806194,True
TACR1,DIG,-1.70774625858502,0.405992359675837,-2.46375705835729,-2.057764698681453,-2.3027034882393513,-2.5781027395211247,True
RRAS2,NEUTRAL,0.03904362061731165,0.13750352374993502,0.0563280378429456,0.19383156159288062,-0.05801764332088801,-0.05801764332088818,False
DDX50,NEUTRAL,0.027333645759441735,0.13750352374993502,0.03943411518656224,0.17693763893649725,-0.07491156597727265,-0.07491156597727214,False
PNPLA8,DIG,-1.6615583563362453,0.4854268271702419,-2.3971220008339182,-1.9116951736636763,-2.1575583634881035,-2.511467681997753,True
LINC01234,NEUTRAL,0.02910057940548869,0.13750352374993502,0.04198326159529403,0.17948678534522905,-0.07236241956853989,-0.07236241956854024,False
ZFP1,NEUTRAL,-0.03825055737186891,0.13750352374993502,-0.05518388943163406,0.08231963431830096,-0.16952957059546875,-0.16952957059546894,False
MRTFA,NEUTRAL,-0.04858490414300746,0.13750352374993502,-0.07009320026918252,0.0674103234807525,-0.18443888143301645,-0.1844388814330163,False
TMEM98,NEUTRAL,-0.035287805520534885,0.13750352374993502,-0.05090954202832987,0.08659398172160515,-0.1652552231921629,-0.16525522319216202,False
RPL12P27,NEUTRAL,-0.010331200750848169,0.13750352374993502,-0.014904772089676988,0.12259875166025803,-0.12925045325351023,-0.12925045325350953,False
PRKN,NEUTRAL,-0.03307663297830018,0.13750352374993502,-0.04771949436709801,0.089784029382837,-0.16206517553093255,-0.1620651755309322,False
HS3ST4,DSG,-0.03425169283733753,1.0874628412503395,-0.04941474739847889,1.0380480938518606,0.7979580879684931,-0.1637604285623128,False
RBM42,DIG,-0.6723897204231996,0.5849625007211562,-0.9700533151992666,-0.38509081447811044,-0.6315694397906849,-1.0843989963631018,True
GLI4,DCG,-0.9655908278928496,1.3362833878644325,-1.3930530989288827,-0.05676971106445028,-0.3052296605409935,-1.507398780092718,True
TFPI,NEUTRAL,-0.019665825259990468,0.13750352374993502,-0.028371788577577158,0.10913173517235786,-0.14271746974141006,-0.14271746974141022,False
PPP3CC,NEUTRAL,0.03955071926860024,0.13750352374993502,0.057059626552401134,0.19456315030233615,-0.05728605461143253,-0.057286054611432366,False
RNF157,DSG,0.07546711087018668,1.3645724322958561,0.1088760266026359,1.473448458898492,1.2143600816456424,-0.0054696545611980125,False
LINC01990,DIG,1.697187902424384,0.560714954474479,2.448524570284401,3.00923952475888,2.7237037000770856,2.3341788891205644,True
ZNF418,DIG,1.0238857121755736,0.608809242675524,1.4771548393927645,2.0859640820682888,1.8263371399604236,1.3628091582289286,True
ATP13A5-AS1,DSG,0.10272894998452846,1.2630344058337937,0.14820654669840957,1.4112409525322032,1.1676487998307803,0.03386086553457562,False
ARG2,NEUTRAL,0.0009390511947107664,0.13750352374993502,0.001354764501750079,0.13885828825168509,-0.11299091666208287,-0.11299091666208305,False
PIF1,NEUTRAL,0.02152998046265372,0.13750352374993502,0.031061196043906798,0.16856471979384183,-0.08328448511992625,-0.08328448511992607,False
VAC14,NEUTRAL,-0.017168631169242898,0.13750352374993502,-0.024769099046718417,0.1127344247032166,-0.13911478021055304,-0.13911478021055218,False
ACACB,NEUTRAL,0.010619067219687507,0.13750352374993502,0.01532007561670972,0.15282359936664475,-0.09902560554712404,-0.09902560554712404,False
PTPRK-AS1,DIG,-0.5746823520226384,0.45943161863729726,-0.829091379349466,-0.3696597607121687,-0.6085558713457029,-0.9434370605133,True
LINC01752,DSG,0.01809206530256628,1.3219280948873624,0.026101332891451653,1.348029427778814,1.0941683147441066,-0.08824434827238135,False
CTBS,NEUTRAL,-0.00024183839641625616,0.13750352374993502,-0.000348899055206272,0.13715462469472875,-0.1146945802190403,-0.1146945802190403,False
SLBP,NEUTRAL,-0.0052752693592372805,0.13750352374993502,-0.007610604943925125,0.1298929188060099,-0.1219562861077604,-0.12195628610776056,False
NEDD9,DSG,-0.0752703904072984,1.3785116232537298,-0.1085922189663856,1.2699194042873443,1.0272086257776831,-0.22293790013022066,False
SUCLA2,NEUTRAL,0.04378408403236483,0.13750352374993502,0.06316708090335839,0.2006706046532934,-0.05117860026047449,-0.05117860026047432,False
NXNL2,NEUTRAL,-0.020588121992973395,0.13750352374993502,-0.02970238150047972,0.1078011422494553,-0.14404806266431466,-0.1440480626643143,False
CNGA3,NEUTRAL,-0.023258078370210863,0.13750352374993502,-0.03355431432531008,0.10394920942462493,-0.14789999548914404,-0.14789999548914404,False
FAP,NEUTRAL,-0.006631615125629468,0.13750352374993502,-0.009567398254829874,0.12793612549510514,-0.12391307941866375,-0.12391307941866306,False
DOHH,NEUTRAL,0.01669489848173196,0.13750352374993502,0.024085647247739383,0.1615891709976744,-0.09026003391609347,-0.09026003391609347,False
TRIM62,NEUTRAL,0.06105778014292423,0.13750352374993502,0.08808775661988541,0.22559128036982043,-0.02625792454394871,-0.02625792454394822,False
FKTN,NEUTRAL,0.026382362344816744,0.13750352374993502,0.038061703321802844,0.17556522707173786,-0.07628397784203067,-0.07628397784203034,False
PTMAP1,DIG,1.3575365679302815,0.4854268271702419,1.9585112743784407,2.4439381015486825,2.1685043779288007,1.844165593214604,True
GAPDHP46,NEUTRAL,0.03929665370598906,0.13750352374993502,0.056693087425161326,0.19419661117509635,-0.05765259373867236,-0.05765259373867253,False
GFRA2,NEUTRAL,-0.025704613289958645,0.13750352374993502,-0.03708391812139188,0.10041960562854313,-0.15142959928522548,-0.15142959928522548,False
NAP1L1,DIG,0.8981340678558483,0.608809242675524,1.295733565749064,1.9045428084245881,1.6524870262011169,1.181387884585228,True
CYP27B1,DIG,-0.7026772850532287,0.4329594072761063,-1.0137490344916136,-0.5807896272155073,-0.8470591450689801,-1.1280947156554482,True
LCK,NEUTRAL,-0.0326739678017168,0.13750352374993502,-0.0471385713137025,0.09036495243623252,-0.16148425247753656,-0.16148425247753673,False
GLIPR2,DIG,1.1067645104288102,0.32192809488736235,1.596723670627546,1.9186517655149085,1.6603899363315409,1.4823779894637115,True
DHFRP1,NEUTRAL,-0.08127944413699123,0.13750352374993502,-0.11726145098264878,0.020242072767286234,-0.23160713214648185,-0.23160713214648185,False
PMS2,DIG,-0.6645025504717594,0.6553518286125543,-0.9586745342236755,-0.3033227056111213,-0.5338801029161234,-1.073020215387511,True
ZFP2,DIG,-1.6460688619728585,0.4329594072761063,-2.3747753841299826,-1.9418159768538763,-2.195520644132985,-2.489121065293818,True
MYBPC3,DIG,0.575965085951161,0.37851162325372983,0.8309419732269256,1.2094535964806554,0.9740000088798031,0.7165962920630905,True
PEG10,DIG,-1.703608240353365,0.53605290024021,-2.457787159975373,-1.921734259735163,-2.175753661622065,-2.572132841139208,True
PMF1-BGLAP,DCG,-0.8438032974265338,1.1375035237499351,-1.2173508326830154,-0.07984730893308023,-0.32590114409012777,-1.3316965138468506,True
RFLNA,NEUTRAL,-0.04458823548282417,0.13750352374993502,-0.06432722621305975,0.07317629753687527,-0.1786729073768925,-0.17867290737689234,False
RNU6-1,NEUTRAL,0.015495976164200377,0.13750352374993502,0.022355967965825466,0.15985949171576047,-0.09198971319800729,-0.09198971319800713,False
GART,DIG,0.6220438902827571,0.4329594072761063,0.8974196357262122,1.3303790430023186,1.0648678606872968,0.7830739545623779,True
SCT,NEUTRAL,-0.00511810267548427,0.13750352374993502,-0.007383861348681692,0.13011966240125333,-0.12172954251251596,-0.12172954251251578,False
AMD1P3,DSG,0.02371632677200255,1.0874628412503395,0.03421542702207024,1.1216782682724098,0.8692244131256278,-0.08013025414176644,False
LTBP1,DIG,-0.8104965304508547,0.4329594072761063,-1.1692993251391588,-0.7363399178630525,-0.984255485415662,-1.2836450063029943,True
MAFTRR,NEUTRAL,0.034742844835164606,0.13750352374993502,0.050123329950066714,0.18762685370000173,-0.06422235121376639,-0.06422235121376639,False
RPS27AP5,DCG,-1.0006338667925765,1.3219280948873624,-1.4436095173671977,-0.12168142247983527,-0.37665412815515564,-1.5579551985310316,True
FAM184B,NEUTRAL,0.014577338605772747,0.13750352374993502,0.021030654115907578,0.1585341778658426,-0.09331502704792748,-0.09331502704792766,False
SNORD12C,DCG,0.8947938479648041,-0.7369655941662062,1.290914647076776,0.5539490529105698,0.30209984799680034,1.1765689659129406,True
SIAE,NEUTRAL,-0.0344071221377893,0.13750352374993502,-0.04963898447944949,0.08786453927048553,-0.1639846656432845,-0.16398466564328362,False
COL1A1,DSG,-0.028676587786806967,-3.321928094887362,-0.041371570989643426,-3.3632996658770056,-3.615148870790777,-0.15571725215348023,False
RPL22P16,DIG,1.3169273732744613,0.6553518286125543,1.899924590633994,2.5552764192465482,2.315274454763456,1.7855789094701593,True
UTP25,DCG,-0.9130303219026131,1.3504972470841334,-1.317224317590154,0.03327292949397953,-0.22621785680612427,-1.4315699987539898,True
TSPAN8,DIG,1.293366991585449,0.53605290024021,1.865934144809805,2.401987045050015,2.143725290172228,1.75158846364597,True
PITPNB,NEUTRAL,0.06805537633649474,0.13750352374993502,0.09818315394649307,0.2356866776964281,-0.0161625272173395,-0.016162527217339823,False
LINC00294,DIG,1.724673110066929,0.632268215499513,2.488177343048104,3.120445558547617,2.8715842940960563,2.3738316618842683,True
CPSF6,DSG,0.06921488742257138,1.3219280948873624,0.09985597484023162,1.421784069727594,1.174418836563571,-0.014489706323603009,False
FANCM,NEUTRAL,0.029824397054815155,0.13750352374993502,0.04302750972848523,0.18053103347842026,-0.07131817143534863,-0.0713181714353483,False
SFXN3,NEUTRAL,-0.00747287233413794,0.13750352374993502,-0.010781075857657139,0.12672244789227788,-0.1251267570214898,-0.12512675702149012,False
FOXP4,DIG,-0.6578980161895172,0.53605290024021,-0.9491462053673034,-0.4130933051270934,-0.686309425957069,-1.0634918865311378,True
DNAH10OS,NEUTRAL,-0.032083322159135994,0.13750352374993502,-0.04628644977422849,0.09121707397570653,-0.16063213093806414,-0.1606321309380636,False
RN7SL605P,DIG,-1.5869967271385166,0.45943161863729726,-2.2895523081497533,-1.830120689512456,-2.068944207974528,-2.4038979893135473,True
LINC00907,NEUTRAL,0.00814969236935928,0.13750352374993502,0.011757520766045259,0.14926104451598027,-0.10258816039778869,-0.10258816039778816,False
HNF1A,NEUTRAL,-0.011592282486990579,0.13750352374993502,-0.016724128456565287,0.12077939529336973,-0.13106980962039916,-0.13106980962039896,False
FUT7,NEUTRAL,-0.009415585287344016,0.13750352374993502,-0.013583818201118298,0.12391970554881672,-0.12792949936495251,-0.12792949936495324,False
HNRNPA1P51,NEUTRAL,-0.00044381326201862944,0.13750352374993502,-0.0006402871921950308,0.13686323655774,-0.11498596835602788,-0.11498596835602788,False
FARSB,NEUTRAL,0.010916188352353752,0.13750352374993502,0.015748730801350624,0.15325225455128563,-0.09859695036248245,-0.09859695036248296,False
FAM200B,NEUTRAL,-0.05624380572018918,0.13750352374993502,-0.08114265959323924,0.05636086415669578,-0.19548834075707353,-0.19548834075707336,False
ZNF205,DCG,-0.939802633870483,1.2172307162206693,-1.355848599299332,-0.13861788307866285,-0.38786052939159277,-1.4701942804631676,True
FNTB,NEUTRAL,0.031985046103056115,0.13750352374993502,0.046144667395483924,0.18364819114541894,-0.06820101376834964,-0.0682010137683498,False
PARVB,NEUTRAL,0.06711010633767964,0.13750352374993502,0.09681941760690141,0.23432294135683643,-0.017526263556932542,-0.01752626355693222,False
TMEM273,NEUTRAL,-0.017729898190484036,0.13750352374993502,-0.025578836194877524,0.1119246875550575,-0.139924517358712,-0.13992451735871217,False
COMMD7,DSG,-0.019448603585859175,1.232660756790275,-0.028058403945534344,1.2046023528447407,0.9479480242424234,-0.14240408510936922,False
TULP3,DIG,-1.006338410112066,0.5849625007211562,-1.4518394337247615,-0.8668769330036054,-1.121012727528275,-1.566185114888598,True
LINC02829,DIG,1.2030571522825118,0.560714954474479,1.735644587503978,2.296359541978457,2.037866931186611,1.6212989063401413,True
MLH3,NEUTRAL,-0.052231841357497664,0.13750352374993502,-0.07535461850296095,0.06214890524697407,-0.18970029966679572,-0.1897002996667959,False
PRDM15,DIG,1.1532723014620478,0.5849625007211562,1.663820230113898,2.248782730835054,1.9729756355593697,1.5494745489500619,True
KRT8P46,NEUTRAL,0.008668425989479991,0.13750352374993502,0.012505895187335789,0.15000941893727082,-0.1018397859764979,-0.1018397859764972,False
RGS20,DCG,-0.7831164884589412,1.2779847472997656,-1.1297982743380937,0.14818647296167198,-0.0945401690905543,-1.2441439555019262,True
ZDHHC6,NEUTRAL,-0.029611465325844646,0.13750352374993502,-0.04272031417905157,0.09478320957088346,-0.15706599534288523,-0.1570659953428856,False
YARS1,NEUTRAL,-0.009007324734932378,0.13750352374993502,-0.012994822726763439,0.12450870102317158,-0.12734050389059756,-0.12734050389059756,False
AARSD1,NEUTRAL,-0.029810062064570413,0.13750352374993502,-0.04300682870914795,0.09449669504078706,-0.15735250987298083,-0.1573525098729812,False
INTS14,NEUTRAL,4.8009406170559684e-05,0.13750352374993502,6.926293219829046e-05,0.1375727866821333,-0.11427641823163423,-0.1142764182316344,False
MGST1,DIG,0.6624555526809214,0.5109619192773794,0.9557213406621228,1.466683259939502,1.2151912236681313,0.8413756594982872,True
NSD2,NEUTRAL,-0.053221137491628656,0.13750352374993502,-0.07678187112964235,0.060721652620292665,-0.19112755229347778,-0.19112755229347725,False
CEP83,DIG,1.3512998494190902,0.5109619192773794,1.9495135915109245,2.460475510788304,2.215746353560006,1.8351679103470895,True
SLC35E4,NEUTRAL,0.01027769810497973,0.13750352374993502,0.014827584087808153,0.15233110783774317,-0.09951809707602445,-0.09951809707602463,False
SIRPB3P,DSG,-0.05150402751730017,1.185866545311334,-0.07430460508501767,1.1115619402263164,0.8590738297072682,-0.1886502862488495,False
SGK3,DCG,-0.8144415112038169,1.2016338611696507,-1.1749907293078599,0.026643131861790792,-0.23206150364025352,-1.2893364104716953,True
LINC00885,DSG,0.10658234672452527,1.3785116232537298,0.15376582306578065,1.5322774463195104,1.2732617615735324,0.03942014190194701,False
HOGA1,NEUTRAL,-0.0020433135998345103,0.13750352374993502,-0.0029478783974622243,0.1345556453524728,-0.11729355956129656,-0.11729355956129638,False
DEPDC7,DIG,-0.6355114011116929,0.5109619192773794,-0.9168491468122363,-0.40588722753485684,-0.6636521091545257,-1.0311948279760705,True
HCRTR2,DIG,1.727946285726412,0.4329594072761063,2.4928995373399987,2.925858944616105,2.664336563118273,2.378553856176164,True
CAVIN2-AS1,NEUTRAL,0.03350287719287656,0.13750352374993502,0.04833443478167498,0.18583795853161,-0.06601124638215872,-0.06601124638215855,False
CCDC42,NEUTRAL,-0.001100265084711815,0.13750352374993502,-0.0015873469813770108,0.135916176768558,-0.11593302814521038,-0.11593302814521055,False
ATP6V1B1,DIG,1.3418215161307332,0.5109619192773794,1.935839247079919,2.4468011663572984,2.207363095117255,1.8214935659160822,True
EFCAB6,NEUTRAL,-0.032496189052227384,0.13750352374993502,-0.04688209079343867,0.09062143295649636,-0.1612277719572737,-0.1612277719572735,False
ANKFY1,NEUTRAL,0.017011200323488126,0.13750352374993502,0.024541974346265052,0.16204549809620006,-0.08980370681756937,-0.08980370681756972,False
MKLN1,DIG,-0.8913811804376647,0.5849625007211562,-1.2859912085591692,-0.701028707838013,-0.9511447616986626,-1.4003368897230033,True
PRSS45P,NEUTRAL,-0.03160474392125784,0.13750352374993502,-0.045596007323764294,0.09190751642617073,-0.15994168848759974,-0.15994168848759918,False
RBM46,NEUTRAL,-0.07676057334152143,0.13750352374993502,-0.11074209849560655,0.026761425254328466,-0.22508777965944002,-0.22508777965943966,False
HSPA8P9,DIG,-0.892007996368939,0.5109619192773794,-1.2868955127947688,-0.7759335935173893,-1.0279872586332741,-1.4012411939586038,True
C2orf72,NEUTRAL,0.046728485882328426,0.13750352374993502,0.06741495485068516,0.20491847860062018,-0.046930726313149033,-0.04693072631314937,False
SYT5,DIG,-1.5543091907220856,0.4854268271702419,-2.242394161462891,-1.756967334292649,-2.005046342776001,-2.356739842626725,True
LINC02712,NEUTRAL,0.038346260929795234,0.13750352374993502,0.055321960480049795,0.1928254842299848,-0.059023720683784066,-0.059023720683784565,False
LIN52,NEUTRAL,-0.014820331004399626,0.13750352374993502,-0.02138121804438029,0.11612230570555473,-0.13572689920821324,-0.13572689920821376,False
RPS24P16,NEUTRAL,0.020717897436159118,0.13750352374993502,0.02988960788879293,0.16739313163872796,-0.08445607327504065,-0.08445607327503997,False
MLLT3,DIG,-0.9685626360588641,0.37851162325372983,-1.397340511832465,-1.0188288885787353,-1.2640306305948574,-1.5116861929963008,True
USE1,DIG,0.6398385074914599,0.53605290024021,0.9230918417277251,1.459144741967935,1.2291541643349146,0.8087461605638894,True
MIR6732,NEUTRAL,0.011598328915804324,0.13750352374993502,0.01673285160942997,0.154236375359365,-0.09761282955440423,-0.09761282955440406,False
ABCA17P,DSG,0.05027711508368416,1.2927817492278462,0.07253454460143484,1.365316293829281,1.110579550361474,-0.04181113656239962,False
CTRC,NEUTRAL,0.03971141464774301,0.13750352374993502,0.05729146097898419,0.1947949847289192,-0.057054220184850415,-0.057054220184850415,False
RNU6-100P,DIG,0.566489296486169,0.45943161863729726,0.8172712987572737,1.276702917394571,1.052048458085973,0.7029256175934374,True
TGM1,NEUTRAL,-0.0027765383850316683,0.13750352374993502,-0.004005698158923039,0.13349782559101198,-0.11835137932275687,-0.11835137932275669,False
PPP1R26,NEUTRAL,-0.0011455508500884625,0.13750352374993502,-0.0016526805305087612,0.13585084321942625,-0.11599836169434265,-0.11599836169434281,False
ANKFN1,DSG,0.06751543613570361,1.1210154009613662,0.09740418489643513,1.2184195858578013,0.9619730490624668,-0.01694149626739895,False
SAMD9,DIG,1.0798943809771193,0.53605290024021,1.557958268119547,2.094011168359757,1.8506751022003707,1.4436125869557122,True
OGFRP1,NEUTRAL,0.07045471698865108,0.13750352374993502,0.10164467080676232,0.23914819455669734,-0.01270101035707133,-0.01270101035707149,False
SCUBE3,DIG,0.8618601719868133,0.405992359675837,1.2434013960650847,1.6493937557409217,1.3780937955433565,1.1290557149012483,True
XPR1,DCG,-0.9397179495332543,1.3074285251922473,-1.3557264256259711,-0.04829790043372384,-0.2999194044008254,-1.470072106789805,True
OR2B6,DIG,0.7151855021857572,0.45943161863729726,1.0317945773190749,1.4912261959563722,1.219222358318913,0.9174488961552416,True
NAGLU,NEUTRAL,-0.03711303748605463,0.13750352374993502,-0.053542795133457215,0.0839607286164778,-0.1678884762972914,-0.16788847629729176,False
NWD1,DIG,1.426124840194658,0.608809242675524,2.0574632346373987,2.6662724773129227,2.4301721712519004,1.9431175534735632,True
INAFM2,NEUTRAL,-0.061143411100182996,0.13750352374993502,-0.0882112959772692,0.049292227772665814,-0.2025569771411026,-0.2025569771411026,False
CCDC57,DSG,-0.06410153669806777,1.3923174227787602,-0.09247896910766427,1.299838453671096,1.050369575108354,-0.20682465027149977,False
CELF2-AS1,DSG,0.031727594466917086,1.4329594072761063,0.04577324319675739,1.4787326504728637,1.2264373393039143,-0.06857243796707756,False
POU4F3,NEUTRAL,0.014545704043907922,0.13750352374993502,0.0209850150903845,0.15848853884031952,-0.09336066607344996,-0.0933606660734498,False
VN1R1,DIG,0.7027479291535872,0.5109619192773794,1.0138509523848689,1.5248128716622484,1.2725540398111876,0.899505271221032,True
USF2,DSG,0.033054983888149106,-3.321928094887362,0.047688261332097304,-3.274239833555265,-3.5260890384690335,-0.06665741983173626,False
TPMTP1,NEUTRAL,-0.030675625863626647,0.13750352374993502,-0.04425557330961939,0.09324795044031563,-0.15860125447345247,-0.15860125447345227,False
ASTN2,NEUTRAL,0.03092490575769708,0.13750352374993502,0.04461520817658813,0.18211873192652314,-0.06973047298724583,-0.06973047298724667,False
ENC1,NEUTRAL,0.05219092718202954,0.13750352374993502,0.07529559182491102,0.21279911557484604,-0.03905008933892202,-0.03905008933892202,False
VPS41,DIG,1.658906660203683,0.5849625007211562,2.3932964119735263,2.9782589126946823,2.7465951992019733,2.278950730809692,True
PPIL1,DIG,-1.0528006857078873,0.5109619192773794,-1.5188703283152691,-1.0079084090378898,-1.2746786906172642,-1.6332160094791028,True
RUVBL1,DIG,-1.2297101818937968,0.45943161863729726,-1.774096781148846,-1.3146651625115486,-1.5952216719823042,-1.8884424623126805,True
HBE1,NEUTRAL,0.047486121877759926,0.13750352374993502,0.06850799254409316,0.2060115162940282,-0.045837688619740934,-0.04583768861974126,False
CHD5,NEUTRAL,-0.014660947556767834,0.13750352374993502,-0.02115127633488212,0.1163522474150529,-0.13549695749871649,-0.135496957498717,False
SNHG12,NEUTRAL,-0.0366170115126246,0.13750352374993502,-0.052827180921437594,0.08467634282849743,-0.1671728620852726,-0.1671728620852724,False
KIRREL1-IT1,DCG,-1.0547155786733335,1.3504972470841334,-1.5216329349003517,-0.17113568781621824,-0.4125317917982202,-1.63597861606417,True
CDIP1,DCG,-0.9530359559260987,1.4329594072761063,-1.3749402474034553,0.05801915987265094,-0.19970942608359804,-1.4892859285672901,True
ZNF827,NEUTRAL,0.0028247014470418586,0.13750352374993502,0.0040751827696391685,0.1415787065195742,-0.11027049839419548,-0.11027049839419496,False
ZNF573,DSG,-0.0025055098809766666,1.1375035237499351,-0.003614686680183334,1.1338888370697517,0.8778490593234468,-0.11796036784401669,False
SPTLC1P2,DIG,1.7060024880125126,0.608809242675524,2.4612413291998854,3.0700505718754094,2.798013755334741,2.3468956480360483,True
PLPPR5,NEUTRAL,-0.039946896772263714,0.13750352374993502,-0.057631189872248204,0.07987233387768682,-0.1719768710360823,-0.17197687103608247,False
CLOCK,NEUTRAL,0.006821116112963224,0.13750352374993502,0.009840790389499846,0.14734431413943486,-0.10450489077433432,-0.10450489077433398,False
HRC,DIG,1.4299099672582904,0.53605290024021,2.062924018681236,2.598976918921446,2.340254581278119,1.948578337517399,True
RORA-AS1,NEUTRAL,-0.019442471673962458,0.13750352374993502,-0.028049557466649784,0.10945396628328524,-0.14239523863048295,-0.1423952386304826,False
BLACAT1,DCG,-0.8124785324089666,1.1538053360790355,-1.172158749535159,-0.018353413456123624,-0.27324885143141336,-1.286504430698994,True
LCORL,NEUTRAL,-0.015528770652798134,0.13750352374993502,-0.02240328041189394,0.11510024333804109,-0.13674896157572833,-0.1367489615757278,False
MRGPRE,NEUTRAL,0.006150476825820903,0.13750352374993502,0.00887326241571431,0.14637678616564934,-0.10547241874812027,-0.10547241874812062,False
DEFB131B,DIG,1.6325789437029075,0.5109619192773794,2.355313545939927,2.8662754652173064,2.640963632669475,2.2409678647760907,True
FBXL18,DIG,1.17129629682721,0.608809242675524,1.6898233588442233,2.2986326015197474,2.0632356962277227,1.5754776776803872,True
PKHD1L1,DCG,-0.931224023404346,1.3362833878644325,-1.343472280522118,-0.0071888926576855194,-0.2605001813412795,-1.4578179616859512,True
PRSS23,NEUTRAL,0.01804238974422694,0.13750352374993502,0.0260296662097821,0.1635331899597171,-0.08831601495405114,-0.08831601495405114,False
PDAP1,DSG,0.005621017970014783,-0.7369655941662062,0.008109414750088076,-0.7288561794161181,-0.9807053843298882,-0.10623626641374703,False
WWP2,NEUTRAL,-0.04755931771250159,0.13750352374993502,-0.06861359181188868,0.06888993193804634,-0.18295927297572231,-0.18295927297572231,False
TATDN2P2,NEUTRAL,0.046888455812016915,0.13750352374993502,0.0676457426749381,0.20514926642487313,-0.04669993848889643,-0.04669993848889577,False
FLG2,DCG,-0.9232382587333624,1.3785116232537298,-1.3319512574335837,0.04656036582014611,-0.20282330301114182,-1.4462969385974171,True
AP1S1,DIG,1.4378762298230345,0.4854268271702419,2.0744169061778113,2.5598437333480533,2.310723160005972,1.9600712250139758,True
TEX26,NEUTRAL,-0.061667229876074654,0.13750352374993502,-0.08896700672757263,0.04853651702236239,-0.20331268789140602,-0.20331268789140583,False
RAB3A,DIG,1.7250726797983442,0.560714954474479,2.488753800318106,3.049468754792585,2.808867931303784,2.3744081191542703,True
FCF1P6,NEUTRAL,0.044089457406746954,0.13750352374993502,0.06360764155619901,0.20111116530613404,-0.05073803960763551,-0.05073803960763501,False
KCNQ4,NEUTRAL,-0.040039955849967716,0.13750352374993502,-0.05776544574216146,0.07973807800777355,-0.17211112690599636,-0.17211112690599656,False
LINC02847,DCG,-0.8837316276402114,1.3504972470841334,-1.274955236673265,0.07554201041086839,-0.18174552616483522,-1.389300917837084,True
MTMR12,DSG,0.12256970206800616,1.2630344058337937,0.17683070133675022,1.439865107170544,1.1903631321391137,0.06248502017291485,False
INTS10,NEUTRAL,0.02894092842610748,0.13750352374993502,0.041752933919067696,0.17925645766900272,-0.07259274724476518,-0.07259274724476551,False
STK32A,NEUTRAL,0.03644380329788943,0.13750352374993502,0.05257729428899793,0.19008081803893295,-0.061768386874836684,-0.061768386874836684,False
SLC25A32,DCG,-0.9899049196266659,1.3362833878644325,-1.4281309184969788,-0.09184753063254636,-0.3399385741014581,-1.5424765996608132,True
JPH3,NEUTRAL,-0.005580094090940822,0.13750352374993502,-0.008050374072694133,0.1294531496772409,-0.12239605523652877,-0.12239605523652895,False
AUNIP,NEUTRAL,-0.0257114495587848,0.13750352374993502,-0.03709378077252556,0.10040974297740946,-0.15143946193635918,-0.1514394619363583,False
ITFG2,DIG,-1.6673272926615659,0.7441610955704102,-2.4054448166616624,-1.661283721091252,-1.900187444662036,-2.519790497825499,True
MIR2117HG,NEUTRAL,0.033809528563143273,0.13750352374993502,0.048776839192840565,0.18628036294277558,-0.0655688419709929,-0.06556884197099325,False
TUB,NEUTRAL,-0.014094268418148804,0.13750352374993502,-0.020333731151821216,0.1171697925981138,-0.13467941231565367,-0.13467941231565456,False
INHBC,DIG,-1.4393999011206633,0.405992359675837,-2.0766150992028454,-1.6706227395270083,-1.9192139168171587,-2.190960780366665,True
FGD5,DIG,0.7544284035715728,0.4329594072761063,1.0884101165384856,1.521369523814592,1.2762396026604375,0.9740644353746516,True
KAT7,DSG,-0.0008534390380153673,1.1375035237499351,-0.001231252267845818,1.1362722714820892,0.8860906522653312,-0.115576933431681,False
PRSS3,DIG,0.9426046284732601,0.4854268271702419,1.3598910230173562,1.8453178501875982,1.597931784613022,1.2455453418535214,True
MAP7D1,NEUTRAL,-0.015193409694865339,0.13750352374993502,-0.021919456820976523,0.11558406692895849,-0.13626513798480994,-0.1362651379848094,False
SGTB,NEUTRAL,0.012411271163693071,0.13750352374993502,0.017905679358988187,0.1554092031089232,-0.09644000180484624,-0.09644000180484658,False
TRIM3,NEUTRAL,0.06589013315154185,0.13750352374993502,0.09505936834124291,0.23256289209117792,-0.019286312822589576,-0.019286312822590225,False
MFAP3L,NEUTRAL,-0.008744978256047694,0.13750352374993502,-0.012616336762681825,0.1248871869872532,-0.12696201792651468,-0.12696201792651468,False
TBC1D19,NEUTRAL,-0.01549576335254166,0.13750352374993502,-0.02235566094350079,0.11514786280643423,-0.1367013421073346,-0.13670134210733423,False
FLNC,DIG,-1.607354539517317,0.5109619192773794,-2.3189224231119967,-1.8079605038346171,-2.0483054790289867,-2.433268104275832,True
NSG1,NEUTRAL,-0.07393401054949102,0.13750352374993502,-0.106664230372783,0.03083929337715202,-0.22100991153661814,-0.22100991153661795,False
GSTM2P1,DIG,-1.373201007023513,0.405992359675837,-1.9811102829765528,-1.5751179233007158,-1.8116978128809098,-2.095455964140388,True
CTU1,DIG,-1.5633597360391733,0.6553518286125543,-2.2554513383091943,-1.6000995096966402,-1.869899689799716,-2.3697970194730287,True
RUNX1T1,DCG,0.7714003748977168,-0.7369655941662062,1.1128954954048234,0.37592990123861714,0.1240806963248468,0.998549814240988,True
ELFN1-AS1,DIG,-0.6473613650745256,0.5849625007211562,-0.9339450310561279,-0.34898253033497173,-0.5856135411887858,-1.048290712219962,True
CPEB4,DIG,1.082016346803739,0.560714954474479,1.561019617694547,2.121734572169026,1.8616424061388386,1.4466739365307117,True
DPY19L1P2,DIG,-1.5222724478620302,0.5849625007211562,-2.196174911412454,-1.611212410691298,-1.8452005524003254,-2.310520592576285,True
MAD1L1,DIG,1.5063106298167201,0.560714954474479,2.1731468756749135,2.7338618301493924,2.4980864956928,2.0588011945110787,True
SEC11B,DCG,-0.9876076732235389,1.3362833878644325,-1.4248166925034875,-0.08853330463905507,-0.33904750073173595,-1.539162373667323,True
ODC1,DIG,1.0253010393774835,0.405992359675837,1.4791967249281952,1.8851890846040322,1.6233466750682957,1.3648510437643606,True
ZNF263,DSG,-0.014459661301879303,1.1210154009613662,-0.020860881653155323,1.100154519308211,0.8469958191699195,-0.13520656281699017,False
LHFPL6,NEUTRAL,0.016115391697944723,0.13750352374993502,0.023249595684608024,0.16075311943454304,-0.09109608547922615,-0.09109608547922632,False
FAR1,NEUTRAL,0.034148123966739066,0.13750352374993502,0.04926532910247601,0.18676885285241102,-0.06508035206135762,-0.06508035206135779,False
TPI1,DIG,-0.962322754354369,0.560714954474479,-1.3883382654416563,-0.8276233109671772,-1.0748586652585317,-1.5026839466054926,True
ARHGAP29-AS1,NEUTRAL,0.06093242508489907,0.13750352374993502,0.08790690749932217,0.2254104312492572,-0.026438773664511406,-0.026438773664512062,False
LY86-AS1,DIG,1.2862326894833882,0.5109619192773794,1.8556415225469582,2.3666034418243376,2.1213278191049803,1.7412958413831234,True
LINC02273,NEUTRAL,0.0110475706587042,0.13750352374993502,0.015938275403182968,0.15344179915311798,-0.09840740576065156,-0.09840740576065156,False
NHEJ1,NEUTRAL,0.0075091135950846296,0.13750352374993502,0.010833360945100491,0.1483368846950355,-0.10351232021873372,-0.1035123202187339,False
DMRTA1,NEUTRAL,0.028697166232829877,0.13750352374993502,0.04140125941166988,0.1789047831616049,-0.07294442175216453,-0.07294442175216453,False
PTS,NEUTRAL,-0.03349506840852007,0.13750352374993502,-0.04832316908720848,0.08918035466272653,-0.16266885025104227,-0.16266885025104227,False
RMI1,NEUTRAL,-0.02099609555300596,0.13750352374993502,-0.03029096293235252,0.1072125608175825,-0.14463664409618596,-0.1446366440961865,False
NDUFA4,DIG,1.218006611395426,0.53605290024021,1.7572120980301518,2.2932649982703617,2.056239649605509,1.6428664168663158,True
FBXO45,DSG,0.06412114256000839,1.3645724322958561,0.09250725438745837,1.4570796866833144,1.211867752250917,-0.021838426776376544,False
YWHAZP5,NEUTRAL,-0.027302907761109222,0.13750352374993502,-0.039389769628801065,0.09811375412113396,-0.15373545079263531,-0.15373545079263568,False
ZNF213,DCG,-0.9615258091109952,1.4329594072761063,-1.3871885164911808,0.045770890784925466,-0.2036764276691975,-1.5015341976550156,True
MTX1,DCG,-0.820882660791951,1.232660756790275,-1.184283343876285,0.04837741291399,-0.20068420719291616,-1.2986290250401213,True
PI4K2B,NEUTRAL,-0.033074734002871135,0.13750352374993502,-0.04771675472466376,0.08978676902527126,-0.1620624358884986,-0.16206243588849878,False
SERPINA11,NEUTRAL,0.013525883389506124,0.13750352374993502,0.01951372488968289,0.1570172486396179,-0.09483195627415013,-0.09483195627415013,False
TRPV5,DIG,-1.0884860821196642,0.5849625007211562,-1.5703534727506967,-0.9853909720295405,-1.229447285583731,-1.6846991539145266,True
RBM45,NEUTRAL,0.03920063695541535,0.13750352374993502,0.05655456453526636,0.19405808828520138,-0.05779111662856727,-0.057791116628567105,False
TOMM34,DCG,-0.8600194083465014,1.2479275134435854,-1.240745735489758,0.007181777953827462,-0.2357749771813346,-1.3550914166535923,True
EN2,DIG,1.5112877980734685,0.4854268271702419,2.1803274116365943,2.6657542388068363,2.4348984874417074,2.0659817304727577,True
CYP7B1,DCG,0.9109830837293643,-0.7369655941662062,1.3142707772300892,0.577305183063883,0.3254559781501138,1.199925096066255,True
CDK4,DIG,1.534684911283353,0.5109619192773794,2.2140823108356122,2.725044230112992,2.460099145375161,2.0997366296717774,True
CHRM1,DIG,1.3917684752346904,0.45943161863729726,2.007897477286682,2.4673290959239793,2.226080123834009,1.8935517961228456,True
MYBPH,DCG,-0.9479703525766223,1.3785116232537298,-1.3676321265720552,0.010879496681674539,-0.23591549801669387,-1.4819778077358876,True
ORC3,DIG,0.9320428429696606,0.37851162325372983,1.3446535874483803,1.72316521070211,1.469073235234923,1.2303079062845466,True
RPL31P52,NEUTRAL,-0.046022998189640923,0.13750352374993502,-0.0663971512550367,0.07110637249489832,-0.1807428324188701,-0.1807428324188703,False
CCNI,NEUTRAL,-0.033320017950733694,0.13750352374993502,-0.048070624659854747,0.08943289909008027,-0.16241630582368885,-0.16241630582368957,False
SLC9C2,DCG,-0.8832486458173414,1.232660756790275,-1.274258441192571,-0.04159768440229605,-0.2952999191056591,-1.3886041223563979,True
CCL5,NEUTRAL,-0.03406130852567321,0.13750352374993502,-0.04914008089617772,0.0883634428537573,-0.1634857620600125,-0.1634857620600125,False
MARK2,DIG,-1.3201715799256295,0.405992359675837,-1.9046049914812535,-1.4986126318054165,-1.7635081388694969,-2.018950672645088,True
TNFRSF1A,DIG,0.793406882272232,0.53605290024021,1.1446441744613227,1.6806970747015328,1.4281204809113295,1.0302984932974868,True
ZNF680,DSG,-0.041860337076919454,1.3362833878644325,-0.0603917007108121,1.2758916871536203,1.017561122908343,-0.17473738187464594,False
SLC25A35,NEUTRAL,-0.013700739893985535,0.13750352374993502,-0.019765989501562515,0.11773753424837251,-0.13411167066539675,-0.13411167066539728,False
NDUFB1P1,NEUTRAL,-0.021712769687203093,0.13750352374993502,-0.03132490515169211,0.1061786185982429,-0.14567058631552518,-0.14567058631552537,False
CYP4F3,DIG,-1.4270077155049956,0.608809242675524,-2.058736954469346,-1.4499277117938218,-1.6847439648512792,-2.1730826356331794,True
REX1BD,DIG,-1.3318858871225834,0.5849625007211562,-1.9215051643817487,-1.3365426636605924,-1.580160232251,-2.035850845545584,True
TRMT9B,NEUTRAL,0.03958295293712276,0.13750352374993502,0.057106129906128233,0.19460965365606325,-0.05723955125770607,-0.05723955125770674,False
STX11,DIG,-1.120621998992587,0.405992359675837,-1.616715800657682,-1.210723440981845,-1.444393060253596,-1.731061481821516,True
RNF186,NEUTRAL,0.007470846594352365,0.13750352374993502,0.010778153332914358,0.14828167708284937,-0.10356752783091878,-0.10356752783091913,False
FAM187B2P,DSG,0.1866923948718978,1.2927817492278462,0.2693401922533711,1.5621219414812173,1.2979627648852083,0.15499451108953718,True
PLAAT1,DSG,-0.019276637204351233,1.4329594072761063,-0.027810308899733217,1.405149098376373,1.1524371345602533,-0.1421559900635678,False
GRSF1,NEUTRAL,0.020860201647362724,0.13750352374993502,0.03009490946859399,0.16759843321852902,-0.08425077169523988,-0.08425077169523988,False
PRKRIP1,DIG,1.1734460226191286,0.5849625007211562,1.6929247575834951,2.277887258304651,2.0265019889687577,1.5785790764196583,True
RAB11A,NEUTRAL,0.0013574632581795161,0.13750352374993502,0.0019584055107645625,0.13946192926069959,-0.11238727565307016,-0.11238727565307051,False
SFXN4,NEUTRAL,0.048496044728376465,0.13750352374993502,0.06996500323235809,0.20746852698229312,-0.04438067793147691,-0.04438067793147691,False
ELOC,DCG,-0.9141393263176457,1.3645724322958561,-1.3188242727600454,0.045748159535810684,-0.1989064529015854,-1.4331699539238796,True
NAE1,NEUTRAL,-0.044927160857993136,0.13750352374993502,-0.06481619217104745,0.07268733157888757,-0.1791618733348815,-0.1791618733348817,False
PRKAR1AP1,NEUTRAL,0.05673442045621203,0.13750352374993502,0.08185046703988645,0.21935399078982148,-0.03249521412394773,-0.03249521412394773,False
TAF4,DCG,-0.9503405919435091,1.2016338611696507,-1.3710516591523825,-0.16941779798273182,-0.4269161944687774,-1.485397340316216,True
ZNF728,DIG,1.2451458993360742,0.608809242675524,1.7963658141553829,2.405175056830907,2.16294150045442,1.6820201329915478,True
ANKRD39,NEUTRAL,-0.02059483149851265,0.13750352374993502,-0.02971206127084802,0.107791462479087,-0.14405774243468114,-0.14405774243468078,False
PAQR6,DCG,-0.9077698835144217,1.2927817492278462,-1.3096351092146081,-0.016853359986761962,-0.2746854008735587,-1.4239807903784416,True
HNRNPCP2,NEUTRAL,0.0008226339619455616,0.13750352374993502,0.001186809937365702,0.13869033368730072,-0.11315887122646842,-0.1131588712264686,False
ZNF19,NEUTRAL,-0.026713821278508566,0.13750352374993502,-0.03853989748169838,0.09896362626823664,-0.15288557864553318,-0.152885578645533,False
ITGB1-DT,DIG,-1.408205854431295,0.5109619192773794,-2.0316116027388347,-1.5206496834614551,-1.7729132609316032,-2.1459572839026615,True
SYNPO2L,DIG,0.9694500182537032,0.405992359675837,1.3986207337243328,1.8046130934001698,1.5427091848331365,1.284275052560498,True
FOXRED2,NEUTRAL,-0.002785790950219225,0.13750352374993502,-0.00401904678883463,0.13348447696110038,-0.11836472795266756,-0.11836472795266756,False
IER3IP1,NEUTRAL,-0.0016126671651500717,0.13750352374993502,-0.0023265869217664716,0.13517693682816856,-0.11667226808559979,-0.11667226808559962,False
ITCH,DSG,-0.030456486263513414,1.4329594072761063,-0.04393942169527364,1.3890199855808327,1.1390659806551313,-0.158285102859109,False
TUBBP1,NEUTRAL,0.02518404719659021,0.13750352374993502,0.0363329000000343,0.17383642374996933,-0.07801278116379838,-0.07801278116379871,False
GCOM1,NEUTRAL,0.07625498063579984,0.13750352374993502,0.11001268240635237,0.2475162061562874,-0.004332998757480472,-0.00433299875748015,False
PPP2R1A,DIG,-1.4377976797914642,0.560714954474479,-2.0743035824368032,-1.5135886279623243,-1.7777833520406232,-2.1886492636006376,True
KCNS3,DIG,-1.731268606735804,0.560714954474479,-2.4976926333844895,-1.9369776789100106,-2.1807350708071214,-2.612038314548326,True
NLRC5,NEUTRAL,0.05223019664544275,0.13750352374993502,0.07535224568503562,0.21285576943497064,-0.038993435478798306,-0.038993435478798306,False
THRB,NEUTRAL,-0.05292381494138217,0.13750352374993502,-0.07635292536085729,0.06115059838907773,-0.19069860652469045,-0.19069860652469045,False
SMG5,DCG,-0.8578720757117185,1.0874628412503395,-1.2376477893464177,-0.15018494809607819,-0.40638106236318583,-1.351993470510252,True
GTPBP8,DIG,1.3749903585485361,0.5109619192773794,1.9836917715481108,2.49465369082549,2.2226244250410625,1.869346090384277,True
ZNF470,DIG,0.5924517050394553,0.5849625007211562,0.854727136826633,1.4396896375477892,1.1872165830001669,0.7403814556627968,True
KRT8P30,NEUTRAL,0.06038383977222462,0.13750352374993502,0.08711546618922221,0.22461898993915724,-0.02723021497461139,-0.02723021497461139,False
ARF6,DIG,1.451569396408854,0.4329594072761063,2.09417196970524,2.5271313769813464,2.267324383224724,1.9798262885414035,True
PLEKHH1,NEUTRAL,0.004155170447844867,0.13750352374993502,0.005994643799154162,0.14349816754908917,-0.10835103736467971,-0.10835103736467971,False
PANDAR,DIG,-1.357376361516284,0.5849625007211562,-1.9582801453794476,-1.3733176446582913,-1.6447350312438052,-2.072625826543282,True
DCTN2,DIG,0.6245973909547339,0.53605290024021,0.9011035584825796,1.4371564587227896,1.1803354484677917,0.7867578773187431,True
LASTR,DSG,-0.03591966672467598,1.3219280948873624,-0.05182112505407435,1.270106969833288,1.027771408773701,-0.1661668062179077,False
POLD2P1,NEUTRAL,0.08397608088418688,0.13750352374993502,0.12115187544490691,0.25865539919484193,0.006806194281073555,0.006806194281073555,False
PPP1R37,DIG,0.6675112553671143,0.5849625007211562,0.9630151778557023,1.5479776785768586,1.295334522529368,0.848669496691868,True
LBX2-AS1,DIG,1.7260477346104597,0.405992359675837,2.49016050706014,2.896152866735977,2.6702662303504194,2.3758148258963043,True
STARD13-AS,NEUTRAL,-0.0001541172178834201,0.13750352374993502,-0.00022234414595601406,0.137281179603979,-0.11456802530979006,-0.11456802530979024,False
SPATA2,DCG,-0.8672938039848962,1.3504972470841334,-1.2512404700027344,0.09925677708139902,-0.1554865187562252,-1.3655861511665692,True
NFE2L3,DSG,0.03359321499430459,1.4982508675278254,0.0484647646798,1.5467156322076254,1.2955784000836879,-0.0658809164840345,False
LRRN3,DIG,0.5832569192771774,0.45943161863729726,0.8414618650053582,1.3008934836426556,1.0592452591097046,0.727116183841523,True
AHSA2P,DIG,1.4168408518332056,0.53605290024021,2.0440692706686603,2.5801221709088704,2.338464451158549,1.929723589504825,True
FAM161B,NEUTRAL,-0.06487030364543493,0.13750352374993502,-0.09358806537023023,0.043915458379704786,-0.2079337465340645,-0.20793374653406413,False
TMEM165,NEUTRAL,0.016446022565858143,0.13750352374993502,0.02372659519811153,0.16123011894804656,-0.0906190859657211,-0.09061908596572162,False
DHRS4-AS1,NEUTRAL,-0.023931699202629053,0.13750352374993502,-0.034526143759679294,0.10297737999025572,-0.1488718249235137,-0.1488718249235137,False
ZNF704,DCG,0.7608396089436945,-0.7369655941662062,1.0976595307349664,0.36069393656876014,0.10884473165499042,0.9833138495711314,True
MRPS33,DIG,-0.9218066830079904,0.5109619192773794,-1.3298859302339325,-0.8189240109565531,-1.0680957602504746,-1.4442316113977667,True
RPL23AP32,DIG,-1.2804141302318834,0.608809242675524,-1.8472471159696937,-1.2384378732941697,-1.4804784042140273,-1.9615927971335185,True
MIR4263,DIG,-0.5725457825352316,0.560714954474479,-0.8260089611454695,-0.26529400667099046,-0.5147318526101637,-0.9403546423093002,True
ARFGAP3,NEUTRAL,-0.10010681072858912,0.13750352374993502,-0.14442359939734561,-0.006920075647410595,-0.25876928056117854,-0.25876928056117837,False
MICOS10,NEUTRAL,0.01400156916645538,0.13750352374993502,0.020199994401108992,0.157703518151044,-0.09414568676272617,-0.09414568676272617,False
TRAPPC4,NEUTRAL,-0.048867125279108005,0.13750352374993502,-0.07050035930266882,0.0670031644472662,-0.1848460404665025,-0.18484604046650213,False
SCP2,NEUTRAL,-0.029369814404565,0.13750352374993502,-0.04237168559329517,0.09513183815663985,-0.15671736675712822,-0.15671736675712822,False
ERI3-IT1,NEUTRAL,0.0030989128622253533,0.13750352374993502,0.004470786218479541,0.14197430996841456,-0.10987489494535368,-0.10987489494535403,False
RNMT,NEUTRAL,-0.033135858806568025,0.13750352374993502,-0.047804939175832575,0.08969858457410244,-0.16215062033966765,-0.16215062033966746,False
HAS1,DIG,-0.9190448173966281,0.608809242675524,-1.3259014004128185,-0.7170921577372944,-0.9803746099796772,-1.4402470815766542,True
GABRB3,NEUTRAL,0.019805384052073195,0.13750352374993502,0.028573129354827365,0.16607665310476238,-0.08577255180900599,-0.0857725518090065,False
POMP,NEUTRAL,0.022070517426858702,0.13750352374993502,0.031841026041582496,0.16934454979151753,-0.08250465512225275,-0.08250465512225257,False
ARHGAP29,NEUTRAL,-0.030632815386740328,0.13750352374993502,-0.044193810846917404,0.09330971290301762,-0.15853949201075113,-0.15853949201075113,False
RPSAP39,NEUTRAL,0.01256603402493917,0.13750352374993502,0.018128954971421724,0.15563247872135674,-0.09621672619241235,-0.09621672619241235,False
FRAT2,NEUTRAL,0.050810643773957186,0.13750352374993502,0.07330426379706372,0.21080778754699875,-0.041041417366770465,-0.04104141736677013,False
GABRP,DIG,-1.692718801234436,0.53605290024021,-2.442077020160432,-1.9060241199202217,-2.1733222739188185,-2.5564227013242675,True
MRPL9P1,DCG,-0.8854522435165647,1.3923174227787602,-1.2774375606653547,0.1148798621134055,-0.13556003129543598,-1.391783241829176,True
BBOX1-AS1,DIG,1.6493240942929281,0.53605290024021,2.3794716916550884,2.9155245918952986,2.6626585376757252,2.2651260104912536,True
PROSER2,DSG,0.09577451678888656,1.2479275134435854,0.1381734204148634,1.386100933858449,1.138741520370134,0.023827739251027907,False
ANP32AP1,NEUTRAL,0.0461998076023717,0.13750352374993502,0.06665223331796588,0.2041557570679009,-0.047693447845867674,-0.04769344784586701,False
XRCC2,DIG,-0.7044573975259544,0.405992359675837,-1.0163171939282396,-0.6103248342524026,-0.8391727940452685,-1.1306628750920757,True
FTSJ3,DCG,0.7492278213051432,-0.7369655941662062,1.0809072622929725,0.3439416681267663,0.09209246321299534,0.9665615811291363,True
ATP5PD,DSG,0.08100146755507079,1.185866545311334,0.1168604155464289,1.302726960857763,1.056677920927185,0.002514734382594404,False
IL10RB,DIG,-1.4113271237080431,0.53605290024021,-2.0361146424456784,-1.5000617422054683,-1.7601046434802559,-2.1504603236095132,True
L3MBTL3,DIG,1.1154591043846087,0.4329594072761063,1.6092673182101196,2.042226725486226,1.8156033488200716,1.4949216370462848,True
MS4A14,DIG,-1.5897091215109045,0.632268215499513,-2.2934654660597324,-1.6611972505602195,-1.920862042887484,-2.4078111472235664,True
DDB2,DIG,1.34236700788387,0.405992359675837,1.9366262253270154,2.3426185850028522,2.0812488290004283,1.8222805441631813,True
EBPL,NEUTRAL,-0.026906700958628325,0.13750352374993502,-0.0388181640396954,0.09868535971023962,-0.15316384520352966,-0.15316384520352933,False
ACOX3,NEUTRAL,0.00441177187329705,0.13750352374993502,0.006364841403139067,0.14386836515307408,-0.1079808397606951,-0.1079808397606951,False
SNORD1A,DSG,-0.00767399128157547,1.2016338611696507,-0.011071229165754072,1.1905626320038967,0.94051532627499,-0.12541691032958757,False
RNU6-890P,DIG,1.0375965962889202,0.45943161863729726,1.4969354639092929,1.9563670825465902,1.6939686619191492,1.382589782745454,True
SAP30L,NEUTRAL,0.053331190212804115,0.13750352374993502,0.07694064364471852,0.21444416739465355,-0.03740503751911615,-0.03740503751911582,False
SRF,DIG,0.5583007865322007,0.5109619192773794,0.8054577760544138,1.3164196953317933,1.0654463770395122,0.6911120948905773,True
CDKN2A,NEUTRAL,0.04486379683844697,0.13750352374993502,0.0647247772142774,0.2022283009642124,-0.04962090394955635,-0.04962090394955585,False
SYNDIG1L,NEUTRAL,0.004939594235064058,0.13750352374993502,0.00712632810693063,0.14462985185686564,-0.10721935305690343,-0.10721935305690308,False
VN1R84P,DIG,-0.8100009144703677,0.608809242675524,-1.168584302421925,-0.5597750597464008,-0.8057531922294073,-1.2829299835857477,True
SCARNA21,NEUTRAL,-0.02367945182236478,0.13750352374993502,-0.0341622277150948,0.10334129603484021,-0.1485079088789288,-0.1485079088789288,False
LINC02388,DIG,-0.8734107136023123,0.45943161863729726,-1.2600653051733466,-0.8006336865360493,-1.060748202044034,-1.3744109863371772,True
SV2A,DCG,0.8454799835048528,-0.7369655941662062,1.2197697793733338,0.48280418520712753,0.23095498029335895,1.1054240982095003,True
LACTB,NEUTRAL,0.018121096965394604,0.13750352374993502,0.02614321672744284,0.16364674047737787,-0.0882024644363906,-0.0882024644363906,False
DTD2,DIG,0.8786803989786487,0.4854268271702419,1.2676678541328323,1.7530946813030743,1.5111485903810131,1.153322172968997,True
SIAH2,DSG,0.007474466570968213,-3.321928094887362,0.010783375855226176,-3.311144719032136,-3.5629939239459048,-0.10356230530860719,False
TK1,DSG,0.06072522956563074,1.0874628412503395,0.08760798755117934,1.1750708288015188,0.9263533101311553,-0.02673769361265672,False
RPL30,DCG,-1.0143245514035955,1.4059923596758368,-1.4633610001618895,-0.057368640486052724,-0.3138554984091343,-1.5777066813257237,True
EIF2AK2,DIG,-0.6133070341030401,0.5109619192773794,-0.8848150166427744,-0.37385309736539496,-0.618814615695756,-0.9991606978066087,True
NT5DC1,DIG,-1.5196491364791629,0.4854268271702419,-2.192390273089684,-1.7069634459194418,-1.9240987809063828,-2.306735954253519,True
LDHAL6B,NEUTRAL,0.02887222481558142,0.13750352374993502,0.04165381556087058,0.1791573393108056,-0.07269186560296383,-0.07269186560296399,False
R3HCC1L,NEUTRAL,-0.01747751660381248,0.13750352374993502,-0.025214726531374784,0.11228879721856024,-0.13956040769520833,-0.13956040769520817,False
REXO5,DSG,0.000992618134992136,1.0531113364595626,0.0014320452608496063,1.0545433817204122,0.8013740287587243,-0.11291363590298512,False
TTC1,NEUTRAL,0.08190102805208366,0.13750352374993502,0.11815820701444897,0.255661730764384,0.0038125258506146115,0.0038125258506149307,False
EIF5AP3,DIG,0.8742013683241676,0.5849625007211562,1.2612059788196228,1.8461684795407791,1.5877990036222551,1.1468602976557853,True
EMX1,DIG,-1.0022450924954,0.4329594072761063,-1.4459340246984143,-1.012974617422308,-1.2488320146970402,-1.5602797058622486,True
POU2F1,DCG,0.8498370087163781,-0.7369655941662062,1.2260556380390295,0.4890900438728233,0.23724083895905287,1.111709956875194,True
TMEM135,NEUTRAL,-0.0038008726395207843,0.13750352374993502,-0.00548350010808718,0.13202002364184784,-0.11982918127192221,-0.11982918127192205,False
MIR205,DCG,-1.0037960066099727,1.3923174227787602,-1.448171520800353,-0.05585409802159269,-0.31077447818160686,-1.5625172019641866,True
FKBP4,DIG,-0.8744680495392275,0.7441610955704102,-1.261590718486088,-0.5174296229156777,-0.749384776291935,-1.375936399649925,True
STK16P1,NEUTRAL,-0.02089845496243903,0.13750352374993502,-0.03015009733655214,0.10735342641338289,-0.14449577850038584,-0.14449577850038547,False
RFX2,NEUTRAL,0.032079934750187146,0.13750352374993502,0.04628156277613653,0.18378508652607156,-0.0680641183876961,-0.0680641183876961,False
AGRP,NEUTRAL,0.020473902602768917,0.13750352374993502,0.029537597752658358,0.16704112150259337,-0.08480808341117609,-0.08480808341117592,False
PARP16,NEUTRAL,-0.01915173512675112,0.13750352374993502,-0.027630113291782804,0.10987341045815222,-0.14197579445561676,-0.14197579445561676,False
CALHM2,NEUTRAL,-0.02031115031031771,0.13750352374993502,-0.029302795827445688,0.10820072792248933,-0.1436484769912803,-0.14364847699128047,False
KRT36,NEUTRAL,-0.01473956121516812,0.13750352374993502,-0.02126469187000235,0.11623883187993267,-0.13561037303383602,-0.13561037303383672,False
H2BC12,DIG,1.4364614620599048,0.4854268271702419,2.0723758277419346,2.5578026549121766,2.2846931550763134,1.9580301465780994,True
CHP1P1,NEUTRAL,0.025381066168878853,0.13750352374993502,0.03661713829431616,0.1741206620442512,-0.07772854286951777,-0.07772854286951794,False
HHATL,NEUTRAL,-0.01205138529170723,0.13750352374993502,-0.017386473796188216,0.12011704995374681,-0.1317321549600225,-0.13173215496002266,False
PDE9A,DIG,0.8760416095043787,0.45943161863729726,1.263860885644353,1.7232925042816503,1.4574183741491897,1.1495152044805172,True
CPEB1,NEUTRAL,0.0732146413661689,0.13750352374993502,0.10562640001943582,0.24312992376937084,-0.008719281144397507,-0.008719281144397347,False
TEX35,DCG,-0.7038445474449249,1.2172307162206693,-1.0154330381555299,0.20179767806513937,-0.053684449518293785,-1.129778719319362,True
SUN2,NEUTRAL,-0.07458824894751402,0.13750352374993502,-0.10760809686516992,0.029895426884765097,-0.2219537780290028,-0.2219537780290024,False
C22orf15,NEUTRAL,-0.02200579623758246,0.13750352374993502,-0.03174765310277323,0.1057558706471618,-0.14609333426660723,-0.1460933342666076,False
LYRM4,DIG,-0.7270511786400429,0.608809242675524,-1.0489131298964658,-0.44010388722094174,-0.6828183371938598,-1.1632588110603013,True
ACBD7,DSG,-0.062389028394243914,1.070389327891398,-0.09000834187025643,0.9803809860211417,0.7380630206766564,-0.2043540230340924,False
NCOA4P1,NEUTRAL,0.0395906061749387,0.13750352374993502,0.05711717119437204,0.19462069494430706,-0.05722850996946139,-0.05722850996946139,False
MFNG,NEUTRAL,-0.026199989798516916,0.13750352374993502,-0.037798595353661785,0.09970492839627323,-0.15214427651749565,-0.152144276517496,False
ZMYND19P1,NEUTRAL,-0.00020509649769000804,0.13750352374993502,-0.00029589170012106936,0.13720763204981395,-0.11464157286395467,-0.11464157286395502,False
PDE3A,DIG,1.6667603829451327,0.560714954474479,2.4046269388251327,2.9653418932996116,2.708397475608434,2.2902812576612983,True
CEBPA,DSG,0.07501131815728555,1.1699250014423124,0.10821845671606012,1.2781434581583726,1.0213061272753978,-0.006127224447774422,False
KRBOX1-AS1,NEUTRAL,0.012483431187506859,0.13750352374993502,0.01800978426749477,0.1555133080174298,-0.09633589689633963,-0.09633589689633947,False
MCM3,DIG,0.8828074188264289,0.5849625007211562,1.2736218852008752,1.8585843859220312,1.5982763314790207,1.1592762040370406,True
ERVFRD-1,DIG,0.7658186958776211,0.405992359675837,1.1048428347626973,1.5108351944385343,1.234946295122375,0.9904971535988639,True
DNAJB7,NEUTRAL,0.026208441797146233,0.13750352374993502,0.037810789010169904,0.17531431276010492,-0.07653489215366302,-0.07653489215366319,False
PWRN1,NEUTRAL,0.02770330291196555,0.13750352374993502,0.03996741772733748,0.1774709414772725,-0.07437826343649644,-0.07437826343649678,False
LINC02600,NEUTRAL,0.055036517353290286,0.13750352374993502,0.07940091065339128,0.2169044344033263,-0.03494477051044295,-0.03494477051044295,False
LINC01497,DSG,0.05544442196533128,1.3923174227787602,0.07998939261433856,1.4723068153930987,1.2195746218171526,-0.034356288549495656,False
SCARNA8,NEUTRAL,0.06629810319943515,0.13750352374993502,0.0956479447061698,0.23315146845610482,-0.018697736457663695,-0.018697736457663372,False
OXGR1,NEUTRAL,0.020186585858257357,0.13750352374993502,0.02912308731018717,0.1666266110601222,-0.08522259385364708,-0.08522259385364708,False
YAF2,DIG,-0.7958428476458483,0.53605290024021,-1.1481585296256163,-0.6121056293854062,-0.8487898960392847,-1.2625042107894529,True
RSPO2,DCG,-0.8982777477944901,1.2779847472997656,-1.2959408520840179,-0.017956104784252247,-0.2739166218496927,-1.4102865332478471,True
PARP11-AS1,DIG,1.1584551044114493,0.560714954474479,1.6712974342269042,2.232012388701383,1.9904948330341965,1.5569517530630674,True
GAN,NEUTRAL,-0.0343546551946047,0.13750352374993502,-0.049563290680706466,0.08794023306922855,-0.16390897184454065,-0.16390897184454065,False
ISM1,DSG,-0.0006193320152417021,-0.7369655941662062,-0.0008935072270529716,-0.7378591013932592,-0.9897083063070301,-0.11523918839088841,False
ASNSP1,DCG,-0.9435885275988223,1.2172307162206693,-1.3613104894065398,-0.1440797731858705,-0.3945860162357508,-1.4756561705703706,True
HMGB3P4,NEUTRAL,0.0024487749810368693,0.13750352374993502,0.0035328355213948568,0.14103635927132988,-0.11081284564243891,-0.11081284564243891,False
ERP29,NEUTRAL,0.012490771416011976,0.13750352374993502,0.018020373978758095,0.15552389772869313,-0.0963253071850764,-0.09632530718507588,False
SERPINB10,NEUTRAL,0.03242586884311848,0.13750352374993502,0.04678064017648298,0.184284163926418,-0.06756504098735149,-0.06756504098735115,False
NUBPL,DIG,-0.6104223357870164,0.405992359675837,-0.8806532766877863,-0.47466091701194923,-0.7322889817703874,-0.9949989578516198,True
ABI2,NEUTRAL,0.05966063318695033,0.13750352374993502,0.08607209963510876,0.22357562338504378,-0.02827358152872433,-0.028273581528724168,False
STK31,DSG,-0.006359013378042152,-0.7369655941662062,-0.009174117065447988,-0.7461397112316542,-0.9979889161454227,-0.12351979822928215,False
H2BC4,DIG,-1.3065670139282617,0.53605290024021,-1.8849777515834043,-1.3489248513431944,-1.615803934869743,-1.9993234327472404,True
CCL25,NEUTRAL,0.0036472110146355116,0.13750352374993502,0.0052618132438902575,0.14276533699382526,-0.10908386791994285,-0.10908386791994336,False
PTP4A2P1,NEUTRAL,-0.0036123696140231273,0.13750352374993502,-0.005211547728009145,0.13229197602192588,-0.11955722889184357,-0.11955722889184375,False
C2CD6,NEUTRAL,0.05595407462207269,0.13750352374993502,0.08072466597479527,0.2182281897247303,-0.033621015189039684,-0.03362101518904001,False
RGS10,NEUTRAL,0.008214282028863908,0.13750352374993502,0.011850703947505294,0.1493542276974403,-0.10249497721632997,-0.10249497721632962,False
PPP2R1B,NEUTRAL,-0.009025124831541553,0.13750352374993502,-0.013020502837868842,0.12448302091206617,-0.12736618400170321,-0.12736618400170305,False
G6PC3,NEUTRAL,0.06113326973530133,0.13750352374993502,0.08819666508044659,0.22570018883038162,-0.026149016083388446,-0.026149016083388446,False
PARP10,DCG,-0.9645990522055118,1.4329594072761063,-1.3916222690630862,0.0413371382130201,-0.20604583793845613,-1.5059679502269216,True
LINC00562,NEUTRAL,-0.03488454179535149,0.13750352374993502,-0.050327755451837375,0.08717576829809764,-0.16467343661567097,-0.1646734366156717,False
DLGAP3,NEUTRAL,-0.012245125341377047,0.13750352374993502,-0.01766598160506844,0.11983754214486658,-0.13201166276890114,-0.1320116627689015,False
RPL36AP15,DIG,1.722454322287242,0.5109619192773794,2.4849763089215644,2.995938228198944,2.7516206067661972,2.3706306277577256,True
COMMD8,NEUTRAL,0.019523063907513485,0.13750352374993502,0.028165827482328015,0.16566935123226303,-0.08617985368150606,-0.0861798536815064,False
RNU4-32P,NEUTRAL,-0.03345571206877358,0.13750352374993502,-0.04826638989102869,0.08923713385890633,-0.16261207105486217,-0.16261207105486217,False
CIB3,DIG,-1.0537245930200836,0.5109619192773794,-1.520203244812816,-1.0092413255354367,-1.2593520860550385,-1.634548925976647,True
CEP85,NEUTRAL,0.011457803691046162,0.13750352374993502,0.01653011656455156,0.15403364031448658,-0.097815564599282,-0.097815564599282,False
EBF2,NEUTRAL,-0.0038112540617357862,0.13750352374993502,-0.005498477334434138,0.13200504641550087,-0.11984415849826807,-0.11984415849826807,False
CD84,DCG,-0.806731193669677,1.3504972470841334,-1.163867092437677,0.18663015464645638,-0.06048318469303869,-1.2782127736015116,True
SRSF3P1,DIG,-0.8816681143623442,0.4329594072761063,-1.2719782163004774,-0.8390188090243711,-1.0865575099760878,-1.3863238974643133,True
PARP11,DIG,-1.0722380038439914,0.53605290024021,-1.5469124507984078,-1.0108595505581977,-1.2383938155079055,-1.661258131962242,True
LINC02794,NEUTRAL,0.01272031394245734,0.13750352374993502,0.018351533843333944,0.15585505759326895,-0.0959941473204991,-0.0959941473204991,False
NGF,NEUTRAL,0.026459575029026062,0.13750352374993502,0.03817309767840535,0.17567662142834037,-0.07617258348542791,-0.07617258348542859,False
RPL23AP65,NEUTRAL,0.055784198603505454,0.13750352374993502,0.08047958668524235,0.21798311043517737,-0.03386609447859072,-0.03386609447859171,False
RALGAPA2,DSG,-0.01260861263376138,1.3923174227787602,-0.018190382919217474,1.3741270398595429,1.1281298348119606,-0.13253606408305119,False
TBXT,NEUTRAL,-0.06971015716809831,0.13750352374993502,-0.10057049804600567,0.036933025703929354,-0.21491617920983982,-0.21491617920984,False
TRPM7,NEUTRAL,-0.025518190954489085,0.13750352374993502,-0.03681496754249901,0.10068855620743601,-0.15116064870633372,-0.15116064870633408,False
COQ2,NEUTRAL,-0.045657198540061936,0.13750352374993502,-0.06586941391463018,0.07163410983530484,-0.18021509507846248,-0.18021509507846267,False
LSR,DSG,0.05195563273919684,1.185866545311334,0.07495613369908755,1.2608226790104216,0.9976739024827,-0.039389547464746634,False
MLLT1,NEUTRAL,0.0199749776975811,0.13750352374993502,0.028817801266167894,0.16632132501610292,-0.08552787989766582,-0.08552787989766633,False
AGO1,NEUTRAL,0.04791657556203183,0.13750352374993502,0.06912900593972461,0.20663252968965962,-0.045216675224108924,-0.045216675224108265,False
ZNF385B,NEUTRAL,-0.004572585007346923,0.13750352374993502,-0.006596845714142631,0.1309066780357924,-0.12094252687797673,-0.1209425268779769,False
ACTG1P3,DSG,0.09946407082288565,-0.7369655941662062,0.14349632172280577,-0.5934692724434004,-0.8453184773571686,0.0291506405589725,False
CCDC9,DIG,-1.279905317137961,0.53605290024021,-1.8465130538423524,-1.3104601536021425,-1.5700696205988716,-1.960858735006189,True
FXYD6,NEUTRAL,-0.05222920157493177,0.13750352374993502,-0.0753508101017441,0.062152713648190916,-0.18969649126557778,-0.18969649126557742,False
MAFB,DSG,0.008082018365920478,1.4329594072761063,0.011659887816886996,1.4446192950929932,1.1995978525384092,-0.10268579334694812,False
SGK2,DCG,-0.8493505498002336,1.2927817492278462,-1.2253538261731116,0.06742792305473455,-0.18076342714805152,-1.3396995073369453,True
EVX1-AS,DSG,-0.09181481250961013,1.3219280948873624,-0.1324607746877645,1.189467320199598,0.9462182322872448,-0.24680645585159688,False
SASS6,NEUTRAL,-0.0359314073133959,0.13750352374993502,-0.0518380631431977,0.08566546060673733,-0.16618374430703056,-0.16618374430703056,False
IL1R1-AS1,NEUTRAL,-0.0384939338064172,0.13750352374993502,-0.05553500740682611,0.08196851634310891,-0.16988068857065966,-0.16988068857065966,False
C6orf118,NEUTRAL,0.04541867217486366,0.13750352374993502,0.06552529311043735,0.20302881686037239,-0.04882038805339608,-0.04882038805339591,False
LINC01229,NEUTRAL,-0.021164792007419626,0.13750352374993502,-0.030534340470550664,0.10696918327938436,-0.1448800216343843,-0.1448800216343843,False
IPO8,DIG,1.022748262314094,0.4854268271702419,1.4755138461183481,1.9609406732885901,1.7049864746719159,1.3611681649545135,True
EMSLR,DIG,-1.3138440117924182,0.5109619192773794,-1.8954762403145824,-1.3845143210372028,-1.6196175832034512,-2.0098219214784168,True
CCP110,DSG,-0.009732731284413283,1.4329594072761063,-0.014041363158327914,1.4189180441177784,1.1691589764743069,-0.1283870443221635,False
TPRG1,DSG,0.13265690141522643,1.232660756790275,0.19138345381144328,1.4240442106017182,1.166064959055537,0.07703777264760778,False
DUSP28,NEUTRAL,0.04922068901772506,0.13750352374993502,0.07101044395500981,0.20851396770494485,-0.04333523720882469,-0.04333523720882469,False
FAM171A1,DSG,-0.08321377941086992,1.4059923596758368,-0.12005210688969017,1.2859402527861465,1.0379318357130372,-0.23439778805352568,False
SNORD118,NEUTRAL,-0.0035651249928727955,0.13750352374993502,-0.005143388147366883,0.13236013560256812,-0.11948906931120123,-0.11948906931120105,False
ZNF506,DIG,1.4752903208794879,0.4329594072761063,2.128394029804325,2.5613534370804314,2.32739422059667,2.014048348640489,True
NBPF18P,DCG,0.7558691830612171,-0.7369655941662062,1.09048872196321,0.3535231277970038,0.1016739228832353,0.9761430407993732,True
WASHC5-AS1,DCG,-0.8420203767058005,1.1699250014423124,-1.2147786218009153,-0.044853620358602964,-0.3018112510808245,-1.3291243029647497,True
OAT,NEUTRAL,0.019872405737709414,0.13750352374993502,0.028669821208326753,0.16617334495826178,-0.08567585995550688,-0.08567585995550704,False
MAP4K1,DSG,-0.031147371148045094,1.2779847472997656,-0.044936157892012635,1.233048589407753,0.9844050017436289,-0.15928183905584664,False
IMMP2L,DIG,-0.8762263878401589,0.5109619192773794,-1.264127464433047,-0.7531655451556675,-0.9999742157678527,-1.3784731455968822,True
LINC02608,DCG,-0.9756741554971201,1.3645724322958561,-1.4076002656592226,-0.04302783336336646,-0.29337426723669024,-1.5219459468230538,True
UBE2F,NEUTRAL,0.012378684253094756,0.13750352374993502,0.017858666384670107,0.15536219013460512,-0.09648701477916351,-0.09648701477916351,False
SERPINC1,DCG,-0.8512782407884065,1.1210154009613662,-1.228134896402115,-0.10711949544074884,-0.35903718580496385,-1.3424805775659472,True
NPM1P27,NEUTRAL,-0.08204035501946841,0.13750352374993502,-0.11835921333935706,0.019144310410577958,-0.2327048945031918,-0.2327048945031918,False
UBE2N,DIG,1.1428226127697119,0.5849625007211562,1.6487445160586316,2.2337070167797877,1.9888945639503353,1.5343988348947948,True
ERAP1,NEUTRAL,-0.03952932069473977,0.13750352374993502,-0.05702875493601054,0.08047476881392449,-0.17137443609984476,-0.1713744360998444,False
HNRNPA1P7,NEUTRAL,0.06864863189139919,0.13750352374993502,0.09903904079353355,0.23654256454346856,-0.015306640370300344,-0.015306640370300183,False
EMILIN2,NEUTRAL,0.008559726512081381,0.13750352374993502,0.012349074990345592,0.14985259874028062,-0.10199660617348906,-0.1019966061734889,False
SNORD50B,NEUTRAL,-0.037904890919136354,0.13750352374993502,-0.054685198154475124,0.0828183255954599,-0.16903087931830818,-0.16903087931830837,False
CYB561D2,NEUTRAL,-0.0017540152476837917,0.13750352374993502,-0.002530509099477033,0.134973014650458,-0.11687619026331114,-0.11687619026331149,False
LINC01579,DIG,-1.0854650938544526,0.37851162325372983,-1.565995107961892,-1.1874834847081621,-1.4588899567150264,-1.6803407891257218,True
PLA2G2D,NEUTRAL,-0.001783124022140706,0.13750352374993502,-0.002572504184032379,0.13493101956590264,-0.11691818534786773,-0.11691818534786791,False
RBPJ,NEUTRAL,-0.007871585994114678,0.13750352374993502,-0.011356298077640267,0.12614722567229475,-0.1257019792414751,-0.12570197924147494,False
IL20RA,DIG,-0.7444931280782705,0.32192809488736235,-1.0740765438544329,-0.7521484489670704,-0.9900978231078293,-1.188422225018267,True
SLC35A1,DIG,0.9919342230544079,0.5109619192773794,1.4310585844886412,1.9420205037660208,1.7166406570709596,1.3167129033248057,True
PSMC1P10,NEUTRAL,-0.02555665323600052,0.13750352374993502,-0.03687045688529683,0.10063306686463819,-0.1512161380491304,-0.15121613804913003,False
UBXN2A,DIG,-0.8619511177002117,0.53605290024021,-1.2435326029947946,-0.7074797027545846,-0.9565573561384578,-1.3578782841586303,True
HK2,DIG,0.9424487474903503,0.4329594072761063,1.3596661342963434,1.7926255415724497,1.5533514401720985,1.2453204531325097,True
SNORD116-21,NEUTRAL,0.0162839465687184,0.13750352374993502,0.02349276896079089,0.1609962927107259,-0.09085291220304342,-0.09085291220304308,False
KLHL5,NEUTRAL,0.0016195147900164273,0.13750352374993502,0.0023364659562030306,0.13983998970613806,-0.11200921520763087,-0.11200921520763035,False
MED25,DIG,0.5801717225093317,0.560714954474479,0.8370108669282206,1.3977258214026995,1.1258115932790456,0.7226651857643862,True
PROX2,NEUTRAL,-0.010585820132612968,0.13750352374993502,-0.015272110209063279,0.12223141354087175,-0.12961779137289794,-0.12961779137289758,False
FOXL1,NEUTRAL,0.007371305456701545,0.13750352374993502,0.010634545827261076,0.1481380695771961,-0.10371113533657339,-0.1037111353365739,False
LINC01611,NEUTRAL,0.07132982901825739,0.13750352374993502,0.10290719059209762,0.24041071434203265,-0.011438490571736798,-0.011438490571736636,False
MDC1-AS1,DIG,1.4402394795501434,0.560714954474479,2.0778263548394937,2.6385413093139727,2.368331589699455,1.9634806736756587,True
ELAVL3,DIG,-0.5667401960688272,0.560714954474479,-0.8176332703409358,-0.25691831586645675,-0.4964947433600129,-0.9319789515047703,True
LY9,DCG,-1.038377851051228,1.3923174227787602,-1.4980625762805455,-0.10574515350178526,-0.3616528369514238,-1.6124082574443799,True
ZSCAN32,DSG,0.06513695373632157,1.4059923596758368,0.09397276013400496,1.4999651198098418,1.2590869657482546,-0.02037292102983067,False
NFAT5,NEUTRAL,0.0009741703629473104,0.13750352374993502,0.0014054307516050864,0.13890895450154012,-0.112940250412228,-0.11294025041222781,False
ARHGAP33,DIG,1.4459191009997576,0.560714954474479,2.0860203165389786,2.6467352710134575,2.411280050415025,1.971674635375143,True
MRPS14,DCG,0.8790510431868576,-0.7369655941662062,1.2682025806939494,0.5312369865277432,0.27938778161397304,1.1538568995301144,True
DUSP10,DCG,0.8664225559128386,-0.7369655941662062,1.2499835247297928,0.5130179305635866,0.26116872564981836,1.135637843565959,True
TGFBR1,NEUTRAL,0.0008097619193468785,0.13750352374993502,0.0011682395053424703,0.1386717632552775,-0.11317744165849021,-0.11317744165849038,False
ERBB4,NEUTRAL,0.04229304887603398,0.13750352374993502,0.061015971877528774,0.1985194956274638,-0.053329709286303956,-0.05332970928630429,False
SCPEP1,DSG,-0.020017015481393213,-0.7369655941662062,-0.028878448968403594,-0.7658440431346099,-1.0176932480483796,-0.14322413013223848,False
LACTB2-AS1,DCG,-0.8649217164920292,1.0531113364595626,-1.2478182711402206,-0.19470693468065803,-0.45111433553245095,-1.3621639523040545,True
YTHDF1,DCG,0.8381703526862379,-0.7369655941662062,1.2092242112405889,0.47225861707438266,0.2204094121606125,1.0948785300767536,True
NXNL1,DIG,1.5359406663929511,0.560714954474479,2.2158939825048005,2.7766089369792795,2.5489568101429843,2.1015483013409657,True
PRELP,DCG,-0.8983277234020024,1.2779847472997656,-1.2960129516451413,-0.018028204345375665,-0.2716824718543873,-1.4103586328089774,True
ZNF423,NEUTRAL,-0.033784158991005106,0.13750352374993502,-0.04874023863692735,0.08876328511300767,-0.16308591980076276,-0.16308591980076276,False
SPOCK1,NEUTRAL,-0.0001202545283181407,0.13750352374993502,-0.000173490611649023,0.13733003313828598,-0.11451917177548204,-0.11451917177548239,False
RPS3,DIG,0.6574824728229169,0.560714954474479,0.948546703013035,1.5092616574875142,1.2743340803688576,0.8342010218491988,True
RBPMS,NEUTRAL,-0.041303286525844744,0.13750352374993502,-0.05958804664325216,0.07791547710668287,-0.17393372780708527,-0.1739337278070851,False
SRPK2,DIG,-1.4055563495555867,0.5109619192773794,-2.0277891751938393,-1.5168272559164597,-1.7714931092723474,-2.142134856357675,True
LINC00484,NEUTRAL,0.02370865370369877,0.13750352374993502,0.03420435712447997,0.171707880874415,-0.08014132403935474,-0.08014132403935441,False
SELENOW,DIG,-0.9053575280126455,0.53605290024021,-1.3061548158953344,-0.7701019156551244,-1.024490758013615,-1.4205004970591701,True
POC1A,NEUTRAL,0.003084730058169772,0.13750352374993502,0.004450324757402654,0.14195384850733767,-0.10989535640643144,-0.10989535640643144,False
MIA-RAB4B,DIG,-0.6965715894537706,0.4854268271702419,-1.004940377729098,-0.5195135505588561,-0.7702919010022614,-1.119286058892932,True
IL24,DCG,2.0794415416798357,-3.321928094887362,3.0,-0.3219280948873622,-0.5737772998011309,2.885654318836166,True
PLEKHB2,NEUTRAL,0.011901699527265776,0.13750352374993502,0.017170522886136855,0.15467404663607187,-0.09717515827769688,-0.09717515827769653,False
MYL12AP1,DCG,-0.8593697735789494,1.1043366598147357,-1.2398085106322216,-0.13547185081748592,-0.3784831265089739,-1.354154191796056,True
CLDN10,NEUTRAL,-0.05117745307432884,0.13750352374993502,-0.07383345775566186,0.06367006599427316,-0.18817913891949606,-0.18817913891949642,False
FIGNL2,DIG,-1.4668299923180075,0.45943161863729726,-2.1161883557443857,-1.6567567371070884,-1.9264031096787475,-2.230534036908221,True
CLDN4,DIG,1.3386253975523918,0.560714954474479,1.931228222656853,2.491943177131332,2.247967793031208,1.8168825414930165,True
WWTR1-AS1,DSG,0.01630359897867465,1.1375035237499351,0.02352112139517629,1.1610246451451114,0.9031623266251956,-0.09082455976865751,False
DYNLL1,NEUTRAL,-0.0009818708394256207,0.13750352374993502,-0.0014165401908328267,0.1360869835591022,-0.11576222135466589,-0.11576222135466555,False
RPS2P35,NEUTRAL,0.048382391208677794,0.13750352374993502,0.06980103586310923,0.20730455961304425,-0.04454464530072445,-0.044544645300724287,False
DMWD,DIG,1.4787720131678554,0.560714954474479,2.133417050002654,2.694132004477133,2.4243675520770407,2.0190713688388184,True
VAMP5,DIG,-1.036140463134775,0.37851162325372983,-1.4948347078289337,-1.116323084575204,-1.3738818098336294,-1.6091803889927678,True
SLC12A2,NEUTRAL,-0.024677220253349737,0.13750352374993502,-0.035601703282432354,0.10190182046750267,-0.1499473844462671,-0.14994738444626654,False
KCNQ3,DCG,-0.8921477978850569,1.1043366598147357,-1.287097203748781,-0.18276054393404517,-0.4419974611254825,-1.4014428849126157,True
ELOB,DCG,-0.8294748588553964,1.2016338611696507,-1.1966792654127534,0.004954595756897273,-0.2423981993978413,-1.3110249465765889,True
DYNLL1P4,NEUTRAL,-0.004255105953338909,0.13750352374993502,-0.00613882025733915,0.13136470349259588,-0.1204845014211731,-0.12048450142117294,False
CLDN23,NEUTRAL,0.006080380904204941,0.13750352374993502,0.00877213537721242,0.14627565912714743,-0.10557354578662151,-0.1055735457866222,False
MIR4500HG,NEUTRAL,0.049840249767509746,0.13750352374993502,0.07190428117625362,0.20940780492618866,-0.04244139998758022,-0.042441399987580876,False
PPP2R5D,DIG,-1.630578536367988,0.5109619192773794,-2.3524275681980806,-1.841465648920701,-2.1079266650397046,-2.466773249361916,True
RAE1,DCG,-0.8290439445175316,1.1210154009613662,-1.1960575874344679,-0.07504218647310168,-0.3293273596617391,-1.3104032685983018,True
FIZ1,DIG,-0.7431153550098175,0.5109619192773794,-1.0720888374811053,-0.5611269182037258,-0.806975303750827,-1.1864345186449397,True
PIP4K2C,DIG,-1.2449204468961732,0.45943161863729726,-1.7960405550383811,-1.3366089364010838,-1.5869952993807808,-1.9103862362022173,True
LYSMD3,NEUTRAL,-0.009727695668869734,0.13750352374993502,-0.014034098300755414,0.1234694254491796,-0.12837977946458984,-0.12837977946458964,False
DGKD,NEUTRAL,0.021114758809225396,0.13750352374993502,0.030462157823636034,0.16796568157357106,-0.08388352334019748,-0.0838835233401973,False
KIF6,DIG,1.1435587119442086,0.4854268271702419,1.6498064826872803,2.1352333098575222,1.8652658303035279,1.5354608015234463,True
CSN1S1,DIG,1.5107773965605107,0.45943161863729726,2.1795910579049877,2.639022676542285,2.369593279191261,2.0652453767411516,True
DPP9,NEUTRAL,-0.0351405127697067,0.13750352374993502,-0.05069704350715115,0.08680648024278387,-0.16504272467098427,-0.16504272467098427,False
TTR,NEUTRAL,-0.00927033395337809,0.13750352374993502,-0.01337426482192315,0.12412925892801187,-0.12771994598575662,-0.12771994598575642,False
CA3-AS1,DCG,0.8619561604632094,-0.7369655941662062,1.243539878163964,0.5065742839977577,0.2547250790839886,1.1291941970001298,True
C10orf105,NEUTRAL,-0.005383886334898114,0.13750352374993502,-0.007767306116067366,0.12973621763386767,-0.122112987279903,-0.12211298727990212,False
RAG1,DIG,-1.5118135762543479,0.560714954474479,-2.1810859492107566,-1.6203709947362777,-1.8552342570551994,-2.2954316303745896,True
CORIN,NEUTRAL,-0.027779320741304264,0.13750352374993502,-0.04007708827274359,0.09742643547719143,-0.15442276943657796,-0.1544227694365776,False
KMT2D,DIG,1.1988903251901908,0.4329594072761063,1.729633126721645,2.1625925339977514,1.9188795230910187,1.6152874455578086,True
MYOC,DCG,-0.8586145825799192,1.3645724322958561,-1.2387190003229969,0.12585343197285925,-0.13625997694401912,-1.3530646814868315,True
VIM-AS1,DSG,-0.12355863870614475,1.446256229889564,-0.17825743532034616,1.267998794569218,1.015006691312105,-0.2926031164841808,False
LINC00993,DIG,-1.3458255974224786,0.608809242675524,-1.9416159153028365,-1.3328066726273124,-1.5857195773663553,-2.0559615964666724,True
KIN,DSG,-0.07766708167436717,1.3219280948873624,-0.1120499135719276,1.209878181315435,0.9457364070126277,-0.2263955947357614,False
DEPDC5,NEUTRAL,-0.021413045298086762,0.13750352374993502,-0.03089249426188051,0.10661102948805451,-0.14523817542571318,-0.14523817542571318,False
BRI3BP,NEUTRAL,-0.06580799018881071,0.13750352374993502,-0.09494086109626677,0.042562662653668246,-0.20928654226010057,-0.20928654226010002,False
SCD5,NEUTRAL,-0.0023662514853006094,0.13750352374993502,-0.003413779283339333,0.1340897444665957,-0.11775946044717299,-0.11775946044717299,False
GAPDHP14,DIG,-1.6323394511734928,0.560714954474479,-2.35496803125541,-1.7942530767809313,-2.0449227346495733,-2.469313712419207,True
LSM14A,DSG,-0.06676623116529631,1.0874628412503395,-0.09632331060101915,0.9911395306493204,0.7431587605819072,-0.21066899176485374,False
SIGLEC1,DSG,-0.030050586182590475,1.4059923596758368,-0.043353831661429684,1.362638528014407,1.113235768914971,-0.1576995128252635,False
TP53INP1,DCG,-0.8895791871709483,1.2479275134435854,-1.2833914818095622,-0.03546396836597676,-0.2868678284021432,-1.3977371629733968,True
ROGDI,DSG,-0.09473259779866514,-0.7369655941662062,-0.13667024905466293,-0.8736358432208692,-1.125485048134638,-0.2510159302184965,False
CLPSL1,DIG,-1.6721069858325195,0.4854268271702419,-2.412340456296368,-1.9269136291261262,-2.1928885031366394,-2.526686137460201,True
MFSD4A,DCG,-0.796704390136126,1.185866545311334,-1.149401472703855,0.03646507260747889,-0.20979860088885208,-1.26374715386769,True
HAUS8,DIG,-0.9754575907821899,0.5109619192773794,-1.4072878288189612,-0.8963259095415818,-1.1272964369221397,-1.521633509982796,True
LAMB3,DCG,-0.7896539665065299,1.0874628412503395,-1.1392298614972702,-0.051767020246930695,-0.30826419318801174,-1.2535755426611044,True
UBE3C,DIG,0.6508112846056228,0.560714954474479,0.9389222128551078,1.499637167329587,1.249723608651276,0.824576531691273,True
PIP4P1,NEUTRAL,-0.026950914889575964,0.13750352374993502,-0.03888195125861177,0.09862157249132325,-0.15322763242244716,-0.15322763242244697,False
IRAK4,DIG,0.7433394949689008,0.560714954474479,1.07241220308854,1.633127157563019,1.380580666398411,0.9580665219247035,True
STK17B,NEUTRAL,0.038546289926101915,0.13750352374993502,0.055610541321055446,0.19311406507099046,-0.05873513984277944,-0.05873513984278011,False
CCDC112,NEUTRAL,0.08536416295324736,0.13750352374993502,0.12315445456228735,0.26065797831222237,0.008808773398453526,0.008808773398453526,False
RPS29P5,DCG,-0.9655731018802369,1.4059923596758368,-1.3930275256983917,0.012964833977445078,-0.2324972994782242,-1.5073732068622254,True
ARL11,NEUTRAL,-0.0038114008934685634,0.13750352374993502,-0.005498689167846861,0.13200483458208817,-0.11984437033168059,-0.11984437033168042,False
TAF7,NEUTRAL,0.06005153690705722,0.13750352374993502,0.086636054493572,0.22413957824350703,-0.027709626670262257,-0.02770962667026193,False
NAAA,DIG,0.8807191903821635,0.4329594072761063,1.2706092083800902,1.7035686156561964,1.4410103836624213,1.1562635272162565,True
ABCA13,DIG,-1.2894995175813706,0.53605290024021,-1.8603545592433541,-1.3243016590031442,-1.5561873267002317,-1.9747002404071898,True
CALD1,DIG,-1.6753589922427066,0.53605290024021,-2.417032109817284,-1.8809792095770739,-2.1115791679441225,-2.53137779098112,True
REV3L,DIG,0.9904668378838366,0.35049724708413343,1.428941595179984,1.7794388422641174,1.535259637553176,1.3145959140161496,True
AK3P3,DSG,-0.0260175763759723,-0.7369655941662062,-0.03753542841356509,-0.7745010225797713,-1.026350227493538,-0.15188110957739853,False
CIAPIN1,NEUTRAL,0.07785398233981265,0.13750352374993502,0.11231955423510465,0.24982307798503967,-0.0020261269287302364,-0.002026126928729755,False
CPOX,DIG,1.1790418623000631,0.608809242675524,1.7009978477407892,2.3098070904163133,2.053632522116257,1.5866521665769546,True
CDCP2,NEUTRAL,0.013811913125391897,0.13750352374993502,0.019926378571192074,0.15742990232112708,-0.09441930259264161,-0.09441930259264196,False
CD226,NEUTRAL,0.050478178885952935,0.13750352374993502,0.07282461835187028,0.21032814210180528,-0.04152106281196361,-0.04152106281196328,False
CFL2,DIG,-1.7290603105848605,0.4329594072761063,-2.4945067354787094,-2.061547328202603,-2.295183060419597,-2.608852416642545,True
WIPF1,NEUTRAL,-0.021259132039151196,0.13750352374993502,-0.030670444366487106,0.10683307938344791,-0.1450161255303219,-0.1450161255303217,False
PRM2,DSG,-0.03461260154880746,-0.7369655941662062,-0.04993542860673018,-0.7869010227729364,-1.0387502276867069,-0.16428110977056554,False
NUAK1,NEUTRAL,-0.04540498288051651,0.13750352374993502,-0.06550554363336945,0.07199798011656557,-0.17985122479720234,-0.1798512247972027,False
SNORA81,DSG,0.029125098789758122,1.0874628412503395,0.04201863558938519,1.1294814768397248,0.860528446546267,-0.07232704557445067,False
ZNF543,DIG,-1.6784577669422966,0.5109619192773794,-2.421502696709215,-1.9105407774318355,-2.1688174596834853,-2.53584837787305,True
PTCH2,NEUTRAL,-0.011495771544404725,0.13750352374993502,-0.016584892598305156,0.12091863115162986,-0.1309305737621397,-0.13093057376214023,False
SLC26A4-AS1,DIG,-1.4833683153568584,0.45943161863729726,-2.1400481123771558,-1.6806164937398584,-1.9108771899239914,-2.254393793540987,True
DISP3,NEUTRAL,-0.002529766276123748,0.13750352374993502,-0.0036496812611718716,0.13385384248876314,-0.11799536242500681,-0.11799536242500629,False
FBXO43,DCG,-0.7925566163680242,1.1210154009613662,-1.1434175000578852,-0.022402099096519024,-0.2720374957273834,-1.2577631812217198,True
PCDH1,NEUTRAL,0.005143852966136245,0.13750352374993502,0.007421011165306746,0.14492453491524177,-0.10692466999852875,-0.10692466999852858,False
CDC42P6,NEUTRAL,-0.043900159095360415,0.13750352374993502,-0.06333454182111299,0.07416898192882203,-0.17768022298494604,-0.1776802229849462,False
TBP,NEUTRAL,-0.12799700884963677,0.13750352374993502,-0.18466064991599174,-0.04715712616605672,-0.2990063310798248,-0.2990063310798248,False
BPGM,DIG,1.0854978227588536,0.5109619192773794,1.5660423257899652,2.0770042450673447,1.833419979309684,1.4516966446261295,True
ZFYVE27,NEUTRAL,0.049473545209719985,0.13750352374993502,0.07137523832925896,0.20887876207919398,-0.042970442834574886,-0.04297044283457538,False
CT70,NEUTRAL,-0.02615318406158203,0.13750352374993502,-0.03773106894910067,0.09977245480083435,-0.15207675011293365,-0.15207675011293365,False
ATCAY,NEUTRAL,0.04477914181875003,0.13750352374993502,0.06460264583717426,0.20210616958710928,-0.0497430353266603,-0.04974303532665997,False
MIER2,NEUTRAL,0.02311261387311813,0.13750352374993502,0.03334445341672899,0.170847977166664,-0.0810012277471039,-0.0810012277471039,False
TESC-AS1,NEUTRAL,-0.001986135436088117,0.13750352374993502,-0.0028653877441781653,0.13463813600575686,-0.11721106890801132,-0.1172110689080115,False
NAPG,NEUTRAL,-0.04382353337973053,0.13750352374993502,-0.06322399428116919,0.07427952946876583,-0.1775696754450042,-0.1775696754450042,False
PDE1C,DIG,-1.479790151126114,0.5849625007211562,-2.1348859125859745,-1.5499234118648184,-1.7872306146242216,-2.2492315937498093,True
PPL,DSG,0.05819404888946004,1.2927817492278462,0.08395626574207389,1.37673801496992,1.1336120530601603,-0.030389415421761056,False
SIRT2,DSG,0.04734331992057317,1.3219280948873624,0.06830197286863059,1.390230067755993,1.13573178708819,-0.046043708295203954,False
RPL18AP7,NEUTRAL,-0.07126403341597731,0.13750352374993502,-0.10281226760297585,0.03469125614695917,-0.21715794876680897,-0.2171579487668086,False
HTT-AS,NEUTRAL,-0.007528199875364877,0.13750352374993502,-0.010860896627009821,0.1266426271229252,-0.12520657779084238,-0.1252065777908427,False
P2RY13,DSG,-0.037506006686520064,-0.7369655941662062,-0.0541097298501908,-0.791075324016397,-1.0429245289301672,-0.1684554110140255,False
TTC5,NEUTRAL,0.005307908963642267,0.13750352374993502,0.007657693939336775,0.1451612176892718,-0.10668798722449718,-0.10668798722449702,False
KANSL1L,NEUTRAL,0.008111034824564796,0.13750352374993502,0.011701749717877314,0.14920527346781234,-0.10264393144595728,-0.1026439314459578,False
ZNF286B,NEUTRAL,0.0171211496342255,0.13750352374993502,0.02470059767161502,0.16220412142155005,-0.08964508349221799,-0.08964508349221764,False
ALAS1,NEUTRAL,-0.004067981740125963,0.13750352374993502,-0.005868857082906583,0.13163466666702844,-0.12021453824674139,-0.12021453824674155,False
PTP4A1,DIG,1.4013726763219607,0.4329594072761063,2.0217534105669874,2.454712817843094,2.2122756530890886,1.9074077294031517,True
NOL9,NEUTRAL,0.02740841138961944,0.13750352374993502,0.03954197919044855,0.17704550294038357,-0.0748037019733867,-0.07480370197338654,False
NPM1P26,NEUTRAL,-0.049567616629618734,0.13750352374993502,-0.07151095470023626,0.06599256904969876,-0.18585663586406959,-0.18585663586406959,False
NODAL,NEUTRAL,-0.011779449629785341,0.13750352374993502,-0.016994153565292647,0.12050937018464238,-0.13133983472912633,-0.1313398347291258,False
ITGB7,NEUTRAL,0.011491216718812907,0.13750352374993502,0.016578321374011728,0.15408184512394674,-0.09776735978982187,-0.09776735978982187,False
PIK3CD-AS1,NEUTRAL,-0.007261099195775037,0.13750352374993502,-0.010475551801147487,0.12702797194878754,-0.12482123296498077,-0.1248212329649806,False
AP2S1,DIG,1.3051864138781173,0.5109619192773794,1.88298596673761,2.3939478860149896,2.144241560863525,1.7686402855737737,True
ZNF385A,NEUTRAL,-0.03377805060209348,0.13750352374993502,-0.048731426094536734,0.08877209765539829,-0.1630771072583702,-0.16307710725837038,False
ZNF467,DIG,0.6566011442185302,0.5849625007211562,0.9472752146060927,1.5322377153272488,1.2843054609736568,0.8329295334422575,True
RPS26P39,NEUTRAL,0.014293231418293454,0.13750352374993502,0.02062077408545029,0.1581242978353853,-0.09372490707838457,-0.09372490707838474,False
STRN3,DIG,0.5903142026299664,0.405992359675837,0.8516433727005752,1.2576357323764122,1.0151747329416785,0.7372976915367392,True
HERC5,NEUTRAL,0.0024882776130761004,0.13750352374993502,0.003589825772739917,0.14109334952267494,-0.11075585539109542,-0.11075585539109507,False
MFN2,NEUTRAL,-0.008448633418827574,0.13750352374993502,-0.01218880153563131,0.1253147222143037,-0.1265344826994657,-0.12653448269946624,False
TDRD1,NEUTRAL,-0.0035733232330417567,0.13750352374993502,-0.0051552157078026606,0.13234830804213235,-0.11950089687163644,-0.11950089687163591,False
ZBTB40-IT1,NEUTRAL,-0.014062507576619672,0.13750352374993502,-0.020287909943252677,0.11721561380668234,-0.13463359110708645,-0.13463359110708664,False
NT5DC2,NEUTRAL,-0.02232356424754296,0.13750352374993502,-0.032206095434896394,0.10529742831503863,-0.1465517765987306,-0.1465517765987306,False
APLP2,NEUTRAL,0.026189744134471858,0.13750352374993502,0.03778381398495337,0.1752873377348884,-0.07656186717888044,-0.07656186717888078,False
LINC01778,NEUTRAL,-0.0026433581283867194,0.13750352374993502,-0.003813559663117052,0.13368996408681796,-0.11815924082695042,-0.11815924082695026,False
PAM,NEUTRAL,-0.036395977263037026,0.13750352374993502,-0.052508295905690984,0.08499522784424404,-0.16685397706952568,-0.1668539770695248,False
GRAMD2A,NEUTRAL,-0.023151063153685415,0.13750352374993502,-0.033399924003129154,0.10410359974680586,-0.14774560516696364,-0.1477456051669631,False
GSPT1,DCG,-1.003201700939036,1.3074285251922473,-1.44731411895612,-0.13988559376387277,-0.3986477870303296,-1.5616598001199542,True
TPSP2,DSG,-0.01796749071142564,1.4195388915137848,-0.025921609746592286,1.3936172817671926,1.143643802496929,-0.14026729091042733,False
MAP4K2,DIG,1.1639143205051554,0.5109619192773794,1.6791734182124354,2.190135337489815,1.9337901301817793,1.5648277370485995,True
NELL2,DIG,-0.8663247116579289,0.608809242675524,-1.2498423653084552,-0.6410331226329311,-0.8954436836182683,-1.3641880464722913,True
CCDC83,NEUTRAL,-0.06183281093094923,0.13750352374993502,-0.08920588969430535,0.048297634055629673,-0.20355157085813896,-0.20355157085813824,False
TXNDC12,NEUTRAL,-0.009964795827102784,0.13750352374993502,-0.014376161523232223,0.1231273622267028,-0.1287218426870651,-0.12872184268706527,False
H1-10,DIG,0.5658079361683102,0.632268215499513,0.8162883036056403,1.4485565191051533,1.1827526401383213,0.7019426224418049,True
HSPE1-MOB4,NEUTRAL,0.025082753806458198,0.13750352374993502,0.036186764528416016,0.17369028827835103,-0.07815891663541737,-0.07815891663541737,False
SFT2D3,NEUTRAL,-0.030786911425408046,0.13750352374993502,-0.044416124437723956,0.09308739931221106,-0.15876180560155911,-0.15876180560155964,False
SNF8P1,NEUTRAL,-0.03229547269877755,0.13750352374993502,-0.04659251830569128,0.09091100544424374,-0.16093819946952426,-0.1609381994695241,False
SNX18P3,NEUTRAL,0.013087872782525668,0.13750352374993502,0.01888180915913542,0.15638533290907045,-0.09546387200469834,-0.09546387200469834,False
ELOVL7,NEUTRAL,-0.01941548145146179,0.13750352374993502,-0.02801061880649558,0.10949290494343944,-0.14235629997032995,-0.1423562999703301,False
BCAP29,DIG,-0.7672571453014927,0.4854268271702419,-1.1069180786130863,-0.6214912514428445,-0.8767330424323041,-1.2212637597769211,True
C1orf220,DCG,2.0794415416798357,-3.321928094887362,3.0,-0.3219280948873622,-0.5737772998011312,2.8856543188361665,True
MALLP2,DIG,-1.6067838014073201,0.4329594072761063,-2.318099022071058,-1.8851396147949517,-2.125181672037482,-2.4324447032348817,True
SPG21,NEUTRAL,-0.045210720740359416,0.13750352374993502,-0.06522528260713234,0.07227824114280268,-0.17957096377096557,-0.17957096377096557,False
SLC23A1,NEUTRAL,0.00692333058046632,0.13750352374993502,0.00998825469487367,0.14749177844480868,-0.10435742646896023,-0.10435742646895989,False
PRRC1,NEUTRAL,0.019171920386611713,0.13750352374993502,0.02765923446608274,0.16516275821601775,-0.08668644669775179,-0.08668644669775145,False
NUFIP1P1,DIG,-1.1190962456274343,0.4329594072761063,-1.6145146038441567,-1.1815551965680504,-1.4186913190313568,-1.7288602850079913,True
ACTR3B,DIG,1.4792144006096655,0.4329594072761063,2.134055280171105,2.5670146874472115,2.346174315421752,2.0197095990072693,True
STX8,NEUTRAL,-0.09440547553115901,0.13750352374993502,-0.1361983113815675,0.001305212368367531,-0.250543992545402,-0.250543992545402,False
AKR1B1P2,NEUTRAL,-0.005809454279097993,0.13750352374993502,-0.008381270878725844,0.12912225287120918,-0.12272695204255957,-0.12272695204255973,False
MRPL30P1,DIG,1.1679453494597762,0.5109619192773794,1.6849889636949467,2.195950882972326,1.9470560520457063,1.5706432825311105,True
HIGD2AP2,NEUTRAL,-0.056316270200005264,0.13750352374993502,-0.0812472037389105,0.05625632001102451,-0.19559288490274382,-0.19559288490274454,False
KBTBD13,NEUTRAL,0.022490988312284185,0.13750352374993502,0.03244763730282403,0.16995116105275904,-0.08189804386101006,-0.08189804386101006,False
ATP6V1H,DCG,-0.7583297167319241,1.1375035237499351,-1.0940385216878792,0.043465002062055946,-0.20314653672811267,-1.2083842028517129,True
DRC1,DIG,1.3910436790588516,0.5109619192773794,2.006851817438144,2.5178137367155236,2.266600191484582,1.8925061362743087,True
CAMK2D,NEUTRAL,-0.02737898700631168,0.13750352374993502,-0.03949952877856923,0.09800399497136579,-0.15384520994240375,-0.15384520994240322,False
CFAP58-DT,NEUTRAL,-0.044033405605448044,0.13750352374993502,-0.06352677590043218,0.07397674784950284,-0.17787245706426594,-0.17787245706426574,False
COX8C,NEUTRAL,0.0006287787826929467,0.13750352374993502,0.0009071360316073133,0.13841065978154232,-0.11343854513222547,-0.1134385451322253,False
ETHE1,DIG,1.0871929535906624,0.560714954474479,1.5684878826346735,2.1292028371091525,1.8714918038704182,1.454142201470838,True
MRS2P2,DIG,0.716569308697739,0.608809242675524,1.0337909881114609,1.642600230786985,1.3848140267937026,0.9194453069476264,True
AGMO,DIG,1.26972961595769,0.53605290024021,1.8318326202120074,2.3678855204522176,2.1362017898869876,1.7174869390481717,True
DPAGT1,NEUTRAL,0.008099722142310225,0.13750352374993502,0.011685428967289493,0.14918895271722452,-0.10266025219654482,-0.10266025219654465,False
VSIG10L,DIG,-1.5735337179813043,0.560714954474479,-2.2701292916032005,-1.7094143371287216,-1.960955307000858,-2.384474972767035,True
SERBP1P3,NEUTRAL,0.0470827102156761,0.13750352374993502,0.06792599253976805,0.20542951628970307,-0.046419688624065494,-0.046419688624065494,False
GFOD1-AS1,DIG,-0.8601550271903583,0.45943161863729726,-1.2409413921232415,-0.7815097734859442,-1.0374734847167062,-1.3552870732870756,True
FOSB,DIG,1.3305503244930292,0.560714954474479,1.9195783547992944,2.4802933092737733,2.2172156294716814,1.8052326736354587,True
HOMER1,NEUTRAL,0.009451361218917912,0.13750352374993502,0.01363543196018314,0.15113895571011815,-0.1007102492036506,-0.10071024920365043,False
LINC01987,DSG,0.04433180912127792,1.4059923596758368,0.06395728117290377,1.4699496408487405,1.215774112857991,-0.050388399990928985,False
TMEM140,DIG,1.0832581988068106,0.5849625007211562,1.5628112314208966,2.1477737321420527,1.8983155053822558,1.4484655502570596,True
HLCS-IT1,DIG,-1.1553267147469,0.53605290024021,-1.6667841219718906,-1.1307312217316805,-1.4039165559092264,-1.7811298031357068,True
HOPX,NEUTRAL,0.009744314074895996,0.13750352374993502,0.01405807359271698,0.151561597342652,-0.10028760757111772,-0.10028760757111807,False
S100A8,DCG,0.9416856241932267,-0.7369655941662062,1.3585651800999963,0.62159958593379,0.36975038102002006,1.2442194989361612,True
GPT2,NEUTRAL,0.0846059909642516,0.13750352374993502,0.12206064359362223,0.25956416734355725,0.0077149624297871994,0.007714962429787518,False
PIGU,DSG,0.17630862457971672,1.4059923596758368,0.2543595783471113,1.6603519380229481,1.4144154252444774,0.1400138971832767,True
TANK,NEUTRAL,-0.05988065395676244,0.13750352374993502,-0.08638952250860926,0.05111400124132576,-0.2007352036724432,-0.20073520367244302,False
ITSN1,DIG,-1.23551300399019,0.4329594072761063,-1.7824684838104734,-1.3495090765343671,-1.6017638064523283,-1.8968141649743087,True
BPHL,DIG,-0.6481605155710158,0.405992359675837,-0.9350979615143383,-0.5291056018385013,-0.8006331190090613,-1.0494436426781737,True
RANBP3L,DSG,-0.06713718111377592,1.232660756790275,-0.0968584782521087,1.1358022785381663,0.8812737359578584,-0.21120415941594278,False
RNA5SP82,DCG,-0.9286391391138689,1.3362833878644325,-1.3397430807749748,-0.003459692910542378,-0.25688929748338185,-1.454088761938803,True
ITPK1,NEUTRAL,-0.009267752678772473,0.13750352374993502,-0.013370540829850452,0.12413298292008457,-0.127716221993684,-0.12771622199368382,False
NREP,NEUTRAL,0.03729282203839902,0.13750352374993502,0.053802169415552915,0.19130569316548793,-0.060543511748280945,-0.06054351174828145,False
COL11A2,DIG,0.8940799536130462,0.608809242675524,1.2898847152357762,1.8986939579113002,1.6267455766015753,1.1755390340719403,True
MIR214,DCG,-0.7564448885739935,1.2779847472997656,-1.091319289451505,0.18666545784826072,-0.06108791860685837,-1.205664970615337,True
FUCA1,NEUTRAL,0.038607416465218175,0.13750352374993502,0.05569872827590518,0.19320225202584018,-0.058646952887928074,-0.05864695288792841,False
GNAT1,NEUTRAL,-0.03232834628492017,0.13750352374993502,-0.04663994486539548,0.09086357888453954,-0.16098562602922936,-0.16098562602922936,False
ARL6IP1P2,DIG,1.0820247967436991,0.632268215499513,1.5610318083810233,2.1933000238805365,1.945572450962757,1.4466861272171876,True
SYMPK,DIG,0.7896698739828626,0.5849625007211562,1.1392528111344886,1.724215311855645,1.4592922352568884,1.0249071299706534,True
PITPNA-AS1,NEUTRAL,0.09491092023278735,0.13750352374993502,0.1369275139460503,0.2744310376959853,0.02258183278221812,0.02258183278221749,False
MAST1,DIG,-1.6931555873396693,0.608809242675524,-2.442707169308381,-1.833897926632857,-2.0564211803886407,-2.557052850472216,True
CLCA4,NEUTRAL,0.008883590263535121,0.13750352374993502,0.0128163116184916,0.1503198353684266,-0.10152936954534228,-0.10152936954534228,False
DMC1,NEUTRAL,0.02603829765207155,0.13750352374993502,0.03756532289583437,0.17506884664576938,-0.07678035826799953,-0.0767803582679997,False
TUBB8P1,NEUTRAL,-0.008930561034870046,0.13750352374993502,-0.012884076117363225,0.1246194476325718,-0.1272297572811973,-0.12722975728119748,False
USP53,NEUTRAL,0.051749412754631526,0.13750352374993502,0.07465862115002297,0.212162144899958,-0.03968706001381164,-0.03968706001381115,False
AMTN,DIG,-1.5952014526525802,0.53605290024021,-2.301389224960748,-1.765336324720538,-2.035969246634425,-2.4157349061245785,True
ARHGAP8,NEUTRAL,-0.05223123988085992,0.13750352374993502,-0.07535375075559846,0.06214977299433656,-0.18969943191943128,-0.18969943191943145,False
DAPP1,NEUTRAL,-0.018201278357117948,0.13750352374993502,-0.02625889402365368,0.11124462972628134,-0.1406045751874878,-0.14060457518748798,False
SNAPC3,DIG,1.0453809081399765,0.37851162325372983,1.508165852013545,1.8866774752672748,1.649607897301258,1.3938201708497113,True
EGLN3,DIG,1.063270923695582,0.45943161863729726,1.5339756887370435,1.9934073073743408,1.7391092700511093,1.419630007573208,True
CDKN2C,NEUTRAL,-0.03891668281547293,0.13750352374993502,-0.056144905305731546,0.08135861844420347,-0.1704905864695643,-0.17049058646956394,False
CCNB2P1,DIG,1.2583508008899231,0.632268215499513,1.8154164601425475,2.4476846756420603,2.2001553571207597,1.7010707789787116,True
C2CD2,DIG,0.8650614133940348,0.4329594072761063,1.2480198111679714,1.6809792184440777,1.4154680361290544,1.1336741300041362,True
CKLF-CMTM1,NEUTRAL,-0.02614121796448467,0.13750352374993502,-0.037713805520159516,0.0997897182297755,-0.1520594866839933,-0.15205948668399313,False
IQCH,NEUTRAL,0.00337296658828051,0.13750352374993502,0.004866162169996458,0.1423696859199315,-0.10947951899383804,-0.10947951899383787,False
SYNPO,NEUTRAL,-0.026463944221152197,0.13750352374993502,-0.03817940109021842,0.0993241226597166,-0.15252508225405276,-0.15252508225405312,False
FAM53B-AS1,NEUTRAL,0.02164875957416383,0.13750352374993502,0.031232558079043626,0.16873608182897865,-0.083113123084791,-0.08311312308479066,False
LALBA,DIG,-1.0714110781798276,0.45943161863729726,-1.5457194492435349,-1.0862878306062376,-1.3535675553198092,-1.6600651304073706,True
UGGT2,NEUTRAL,-0.0036366983357050517,0.13750352374993502,-0.005246646654130825,0.1322568770958042,-0.1195923278179655,-0.1195923278179655,False
SLC26A6,NEUTRAL,0.031055979693887206,0.13750352374993502,0.04480430789431942,0.18230783164425443,-0.06954137326951415,-0.06954137326951448,False
NDRG2,NEUTRAL,0.013509965970590431,0.13750352374993502,0.019490760908349468,0.1569942846582845,-0.09485492025548535,-0.0948549202554857,False
UBD,DIG,-0.9950193717550497,0.45943161863729726,-1.4355095132194622,-0.9760778945821649,-1.2383197803927317,-1.549855194383296,True
ZFP91-CNTF,DIG,1.478242990275251,0.37851162325372983,2.1326538312989767,2.5111654545527067,2.2625725756166086,2.018308150135141,True
DOCK3,NEUTRAL,0.019111119078280777,0.13750352374993502,0.027571516720074137,0.16507504047000915,-0.08677416444376115,-0.08677416444376064,False
SLC45A3,DCG,0.8242160289895042,-0.7369655941662062,1.1890923776443518,0.4521267834781456,0.2002775785643758,1.0747466964805168,True
COG8,NEUTRAL,-0.021062133940321172,0.13750352374993502,-0.03038623618624048,0.10711728756369454,-0.14473191735007362,-0.14473191735007435,False
SDR39U1,NEUTRAL,0.009275068384356992,0.13750352374993502,0.013381095162017843,0.15088461891195287,-0.10096458600181675,-0.10096458600181708,False
ERN2,DSG,0.03482186710943255,1.4329594072761063,0.05023733499327285,1.483196742269379,1.2298240182684548,-0.06410834617056177,False
ACSF2,DSG,-0.05283766177239114,1.1210154009613662,-0.07622863261119706,1.044786768350169,0.8022022533463995,-0.19057431377503276,False
MARK1,DCG,-0.9008305120267637,1.3504972470841334,-1.2996237123824776,0.05087353470165579,-0.19673945115667657,-1.4139693935463118,True
MAP3K20-AS1,NEUTRAL,-0.03634092432512036,0.13750352374993502,-0.05242887130517224,0.08507465244476278,-0.16677455246900622,-0.16677455246900658,False
ANKRD53,DIG,0.6257845473225122,0.5109619192773794,0.9028162630871333,1.4137781823645126,1.1675873148186198,0.7884705819232978,True
ARHGAP28,NEUTRAL,0.012331620687011987,0.13750352374993502,0.017790768011275947,0.15529429176121096,-0.09655491315255672,-0.0965549131525569,False
RASSF8-AS1,DSG,0.08179669416035407,1.4594316186372973,0.11800768502625406,1.5774393036635515,1.3230208660748566,0.003662003862420183,False
SNORA31B,NEUTRAL,-0.029048354801954886,0.13750352374993502,-0.04190791741876342,0.09559560633117159,-0.15625359858259663,-0.15625359858259646,False
ATRAID,DIG,1.1009404743201985,0.5109619192773794,1.5883213626156936,2.099283281893073,1.843222243741902,1.4739756814518583,True
STRADA,DCG,-0.8269584118816927,1.1210154009613662,-1.193048799843131,-0.07203339888176474,-0.32359224200241815,-1.3073944810069653,True
NOP53,DIG,-1.0434106782276535,0.5109619192773794,-1.5053234110896256,-0.9943614918122462,-1.2535405930684438,-1.6196690922534607,True
KCNK5,DIG,-1.2862945437795599,0.560714954474479,-1.8557307594333026,-1.2950158049588234,-1.5576077745749217,-1.9700764405971378,True
SLC2A9-AS1,NEUTRAL,-0.008744501863178574,0.13750352374993502,-0.01261564947305203,0.12488787427688298,-0.12696133063688586,-0.12696133063688603,False
CHURC1-FNTB,NEUTRAL,-0.03645360645321578,0.13750352374993502,-0.052591437252572315,0.0849120864973627,-0.1669371184164075,-0.16693711841640732,False
SP100,NEUTRAL,0.05474265590948659,0.13750352374993502,0.07897695820570722,0.21648048195564223,-0.03536872295812799,-0.035368722958127666,False
RPSAP19,NEUTRAL,-0.043690925938814046,0.13750352374993502,-0.063032682183774,0.07447084156616102,-0.17737836334760715,-0.17737836334760698,False
TMED8,NEUTRAL,0.002390466888355328,0.13750352374993502,0.0034487147252395033,0.14095223847517452,-0.11089696643859388,-0.11089696643859388,False
MTDHP4,DIG,1.1655700725746982,0.608809242675524,1.6815621635121063,2.2903714061876306,2.051413774680857,1.567216482348268,True
GPLD1,DIG,-1.6329129482402431,0.45943161863729726,-2.3557954126295755,-1.8963637939922782,-2.1689737872623085,-2.47014109379341,True
PLA2G12A,NEUTRAL,0.0020650620490219583,0.13750352374993502,0.0029792547772519804,0.140482778527187,-0.11136642638658226,-0.11136642638658174,False
RPL34P18,DCG,-0.7855431568226795,1.0356239097307214,-1.133299216752341,-0.09767530702161964,-0.3618634488333597,-1.247644897916176,True
SEL1L,NEUTRAL,-0.0321962162883536,0.13750352374993502,-0.046449321574596206,0.09105420217533881,-0.16079500273842967,-0.16079500273842984,False
KLHL40,NEUTRAL,-0.03730104212000517,0.13750352374993502,-0.05381402848652181,0.08368949526341321,-0.1681597096503564,-0.16815970965035568,False
IPO4,NEUTRAL,-0.01336804010965767,0.13750352374993502,-0.019286005172607874,0.11821751857732715,-0.13363168633644168,-0.13363168633644135,False
ZNF556,NEUTRAL,-0.055369140493982553,0.13750352374993502,-0.07988078440895292,0.057622739340982096,-0.19422646557278742,-0.19422646557278794,False
SLC25A19,DSG,-0.06878871108945864,-0.7369655941662062,-0.09924113235790562,-0.8362067265241119,-1.088055931437882,-0.21358681352174044,False
SESN2,NEUTRAL,0.029548566352343604,0.13750352374993502,0.042629570141904605,0.18013309389183962,-0.07171611102193057,-0.07171611102193007,False
AGO3,NEUTRAL,-0.01088799074615119,0.13750352374993502,-0.015708050254717245,0.12179547349521777,-0.13005373141854987,-0.1300537314185495,False
TMED4,DIG,-1.4121151245279806,0.53605290024021,-2.0372514873208187,-1.5011985870806086,-1.7330842547776963,-2.1515971684846544,True
CRHBP,NEUTRAL,0.026965739540754985,0.13750352374993502,0.03890333870935065,0.17640686245928566,-0.07544234245448417,-0.07544234245448367,False
WDR76,NEUTRAL,0.00839831528548847,0.13750352374993502,0.012116207814196193,0.14961973156413122,-0.10222947334963807,-0.10222947334963842,False
FETUB,DSG,0.00859570635061585,-3.321928094887362,0.012400982924971257,-3.309527111962391,-3.5613763168761263,-0.1019446982388621,False
TMEM120B,NEUTRAL,-4.581551639983618e-05,0.13750352374993502,-6.609781830581063e-05,0.13743742593162922,-0.11441177898213921,-0.1144117789821387,False
KCNE4,NEUTRAL,-0.010367029813385342,0.13750352374993502,-0.014956462500519067,0.12254706124941595,-0.12930214366435414,-0.1293021436643543,False
NAP1L4P3,NEUTRAL,0.005725976848368946,0.13750352374993502,0.008260838403386895,0.14576436215332192,-0.10608484276044636,-0.10608484276044636,False
NIBAN3,DIG,0.6879877937375227,0.53605290024021,0.9925565782172632,1.528609478457473,1.2865911136086485,0.878210897053429,True
CDC42EP1,NEUTRAL,0.05956362739354083,0.13750352374993502,0.08593214985801938,0.2234356736079544,-0.02841353130581561,-0.028413531305815448,False
LYRM9,DIG,-1.2040710510056614,0.560714954474479,-1.7371073341638297,-1.1763923796893505,-1.4416440607667573,-1.8514530153276638,True
NRG3,NEUTRAL,-0.02460367060814133,0.13750352374993502,-0.035495593574031044,0.10200793017590398,-0.14984127473786368,-0.14984127473786368,False
SDC2,DCG,-0.9558803230327222,1.1210154009613662,-1.3790438017226487,-0.25802840076128253,-0.5133043853396664,-1.4933894828864849,True
CEP112,DSG,-0.02630831744028433,1.485426827170242,-0.037954879105230835,1.4474719480650111,1.1919817550390084,-0.15230056026906497,False
PCDHA7,NEUTRAL,-0.009538985904674281,0.13750352374993502,-0.013761847659783309,0.12374167609015171,-0.1281075288236175,-0.1281075288236173,False
RNF145,NEUTRAL,-0.00984301919001088,0.13750352374993502,-0.0142004749728036,0.12330304877713141,-0.1285461561366387,-0.12854615613663833,False
CLIC4,NEUTRAL,-0.022019958724287463,0.13750352374993502,-0.03176808525210919,0.10573543849782582,-0.14611376641594342,-0.1461137664159436,False
CDKL2,DIG,-1.2478342427426992,0.560714954474479,-1.8002442738563271,-1.2395293193818482,-1.490438632607341,-1.9145899550201604,True
RPS10P5,DSG,-0.1512018239562499,1.185866545311334,-0.2181381215950478,0.9677284237162862,0.7041108613662761,-0.3324838027588818,False
ADH1B,NEUTRAL,0.06688969737830687,0.13750352374993502,0.09650143469424682,0.23400495844418184,-0.01784424646958595,-0.01784424646958563,False
IL17RC,DIG,-1.0042820023482457,0.4329594072761063,-1.4488726644418524,-1.015913257165746,-1.2698738744550049,-1.5632183456056878,True
GALNT12,NEUTRAL,-0.05649885569096187,0.13750352374993502,-0.08151061892125189,0.05599290482868313,-0.19585630008508534,-0.19585630008508498,False
MFSD4B,DIG,-0.7064239193828852,0.45943161863729726,-1.0191542852590334,-0.5597226666217361,-0.7907808861404498,-1.133499966422868,True
DDX50P2,DSG,0.03394276055200853,1.1375035237499351,0.04896905232246424,1.1864725760723993,0.9229432069849948,-0.06537662884136967,False
USP54,DIG,-0.8494935370150003,0.405992359675837,-1.2255601131187661,-0.8195677534429291,-1.0717344099640163,-1.3399057942826011,True
FAM86FP,DIG,0.7194478064477526,0.632268215499513,1.0379437825406155,1.6702119980401284,1.4128393867463105,0.9235981013767787,True
MBOAT2,DIG,1.208022785030127,0.4329594072761063,1.7428084812438387,2.175767888519945,1.9224133297768542,1.6284628000800052,True
PYCR2,DCG,-0.8033662188208673,1.1043366598147357,-1.159012459910583,-0.05467580009584738,-0.31512267597148436,-1.2733581410744184,True
OR52N4,NEUTRAL,0.019784031453309668,0.13750352374993502,0.02854232406648113,0.16604584781641615,-0.08580335709735273,-0.0858033570973529,False
ABRAXAS2,NEUTRAL,0.035089216171876964,0.13750352374993502,0.050623038159847714,0.18812656190978272,-0.06372264300398751,-0.06372264300398718,False
INTS7,DCG,-0.7171233272013208,1.185866545311334,-1.034590267859139,0.15127627745219496,-0.09401130889489687,-1.1489359490229738,True
TOMM7,DSG,0.11972845757819221,1.1375035237499351,0.17273165200134255,1.3102351757512776,1.0543703623489122,0.05838597083750841,False
ADAM12,NEUTRAL,-0.006150465200182481,0.13750352374993502,-0.008873245643463411,0.1286302781064716,-0.12321892680729689,-0.12321892680729671,False
PIK3R4,DIG,1.0022106762927745,0.560714954474479,1.44588437261356,2.006599327088039,1.72969537358935,1.3315386914497251,True
ATXN7L1,DIG,-1.6542204881306983,0.4854268271702419,-2.386535694763079,-1.901108867592837,-2.1275980518369106,-2.5008813759269146,True
CDPF1P1,DIG,-1.3207518029275376,0.560714954474479,-1.905442076328716,-1.3447271218542372,-1.5865951743177353,-2.0197877574925505,True
SPAG9,DSG,-0.00572215640958056,1.4982508675278254,-0.00825532667529287,1.4899955408525325,1.2450584358928565,-0.12260100783912793,False
MYL6,DIG,1.1876884676633466,0.37851162325372983,1.713472262418922,2.091983885672652,1.8400772461834443,1.5991265812550886,True
PSMC1P9,DIG,-1.502681949366657,0.53605290024021,-2.1679117963846366,-1.6318588961444265,-1.8821725262333187,-2.282257477548472,True
SEC31B,NEUTRAL,0.02296469138417779,0.13750352374993502,0.0331310463754988,0.17063457012543382,-0.0812146347883343,-0.08121463478833447,False
TMC5,DSG,-0.08662925770977442,1.4059923596758368,-0.12497960049378357,1.2810127591820533,1.0308003988929493,-0.23932528165761724,False
RPL37A-DT,NEUTRAL,-0.014572249884752017,0.13750352374993502,-0.021023312643326506,0.11648021110660851,-0.1353689938071603,-0.135368993807161,False
ZNF214,NEUTRAL,0.0021931743698572785,0.13750352374993502,0.003164081787197873,0.1406676055371329,-0.11118159937663574,-0.11118159937663574,False
KY,DIG,1.486282767294225,0.45943161863729726,2.1442527777341036,2.603684396371401,2.3545740966990127,2.0299070965702692,True
GLCE,NEUTRAL,-0.00320342989015108,0.13750352374993502,-0.00462157241635644,0.13288195133357858,-0.1189672535801906,-0.1189672535801906,False
DDX52,DIG,-0.8263983035614285,0.4854268271702419,-1.192240734347125,-0.7068139071768832,-0.9488092035052046,-1.3065864155109588,True
MUCL3,DIG,1.2949156112579492,0.5109619192773794,1.868168330731544,2.3791302500089233,2.104921317109611,1.7538226495677094,True
KRTAP3-1,DIG,-1.4523220725977535,0.4854268271702419,-2.09525785191036,-1.6098310247401182,-1.8631102125852026,-2.20960353307417,True
ELF1,NEUTRAL,0.01685367325232853,0.13750352374993502,0.024314710821897338,0.16181823457183236,-0.0900309703419378,-0.0900309703419378,False
RPE,NEUTRAL,0.03845298207568758,0.13750352374993502,0.055475926547986665,0.19297945029792168,-0.05886975461584678,-0.05886975461584711,False
ELOA,NEUTRAL,0.06295034814048321,0.13750352374993502,0.09081815508450891,0.22832167883444393,-0.02352752607932601,-0.023527526079325848,False
SLC16A10,DIG,-1.3291798005748179,0.405992359675837,-1.9176011067390712,-1.5116087470632342,-1.747569319806062,-2.0319467879029043,True
THAP8,DIG,0.9185833837107821,0.4854268271702419,1.3252356923225492,1.8106625194927912,1.5734001185873978,1.210890011158714,True
CCDC183-AS1,NEUTRAL,-0.04214329240833763,0.13750352374993502,-0.06079991896424221,0.07670360478569281,-0.175145600128075,-0.17514560012807537,False
RPL8P2,DIG,-1.4131470973973201,0.405992359675837,-2.0387403094617467,-1.6327479497859096,-1.8996158055127386,-2.153085990625576,True
TMEM123,NEUTRAL,0.03524017221022793,0.13750352374993502,0.050840821687768906,0.18834434543770393,-0.06350485947606446,-0.06350485947606463,False
FAM229B,DIG,-1.3439979846014078,0.5109619192773794,-1.9389792273492126,-1.428017308071833,-1.6769286158221914,-2.0533249085130483,True
ARHGEF28,NEUTRAL,-0.003028651542022337,0.13750352374993502,-0.004369420560256338,0.1331341031896787,-0.11871510172409049,-0.11871510172409065,False
USP49,DIG,-0.7480675695092818,0.5109619192773794,-1.0792333727809007,-0.5682714535035213,-0.8391070918641835,-1.1935790539447348,True
NAA35,NEUTRAL,-0.03281301421471185,0.13750352374993502,-0.04733917288418385,0.09016435086575117,-0.1616848540480179,-0.16168485404801808,False
PRKXP1,DIG,-0.8955174742349352,0.37851162325372983,-1.2919586191081511,-0.9134469958544214,-1.1844301757490403,-1.4063043002719857,True
UBR7,NEUTRAL,-0.025501995735098412,0.13750352374993502,-0.036791602779797976,0.10071192097013704,-0.1511372839436317,-0.1511372839436317,False
BTBD7,NEUTRAL,-0.0020717990224708425,0.13750352374993502,-0.0029889741754372864,0.13451454957449774,-0.11733465533927057,-0.11733465533927075,False
ZNF391,DIG,1.3167135422823304,0.560714954474479,1.8996160977220586,2.460331052196538,2.1894829040465438,1.785270416558224,True
RPL7L1P9,NEUTRAL,-0.031473296438882956,0.13750352374993502,-0.04540636869280471,0.09209715505713031,-0.15975204985663868,-0.15975204985663904,False
MTDHP3,DIG,0.9407446228494867,0.4854268271702419,1.3572076021279127,1.8426344292981547,1.602960318259559,1.2428619209640734,True
SLC24A5,NEUTRAL,0.041425744400654635,0.13750352374993502,0.05976471601195819,0.1972682397618932,-0.05458096515187516,-0.05458096515187516,False
ZNF284,DIG,-1.4644724570679155,0.5109619192773794,-2.112787151330357,-1.6018252320529776,-1.8541339724681447,-2.2271328324941915,True
KIAA1614-AS1,DCG,0.8638876855975928,-0.7369655941662062,1.246326479896691,0.5093608857304849,0.2575116808167154,1.131980798732857,True
LINC01615,NEUTRAL,0.006472650146103494,0.13750352374993502,0.009338060267192735,0.14684158401712777,-0.1050076208966416,-0.10500762089664212,False
JOSD1,NEUTRAL,-0.020630752433044734,0.13750352374993502,-0.029763884224961554,0.10773963952497347,-0.1441095653887954,-0.14410956538879505,False
CERK,NEUTRAL,0.03942727451109201,0.13750352374993502,0.05688153341292027,0.19438505716285528,-0.057464147750912443,-0.05746414775091278,False
TUBA1A,DIG,0.6350284446116353,0.45943161863729726,0.9161523878646382,1.3755840065019354,1.120275534738487,0.8018067067008023,True
HOXC11,NEUTRAL,-0.002875920174685905,0.13750352374993502,-0.004149075774011877,0.13335444797592313,-0.11849475693784582,-0.11849475693784582,False
PA2G4,DIG,1.0123742655231476,0.405992359675837,1.4605473323938516,1.8665396920696886,1.6147788313971658,1.3462016512300172,True
INTS9-AS1,NEUTRAL,0.0068386223915887345,0.13750352374993502,0.00986604661085729,0.14736957036079232,-0.1044796345529758,-0.10447963455297599,False
PLEKHG6,DIG,-1.4625817208010634,0.632268215499513,-2.110059395494541,-1.4777911799950278,-1.7237288179996653,-2.224405076658376,True
SBNO1,NEUTRAL,0.06063840817953113,0.13750352374993502,0.08748273076801032,0.22498625451794535,-0.026862950395821827,-0.026862950395822153,False
RBM12B-AS1,DCG,-0.8050518447263705,1.2172307162206693,-1.1614443040452465,0.055786412175422795,-0.18897837706270304,-1.2757899852090817,True
DYSF,DIG,-0.5966824020090771,0.5109619192773794,-0.8608307423642103,-0.34986882308683087,-0.5908131982586406,-0.9751764235280442,True
LINC02611,NEUTRAL,-0.08045435520902362,0.13750352374993502,-0.11607109927797753,0.021432424471957492,-0.23041678044181277,-0.23041678044181257,False
SLC26A2,NEUTRAL,-0.04030475726018395,0.13750352374993502,-0.05814747342350082,0.0793560503264342,-0.17249315458733575,-0.17249315458733502,False
CNOT6LP1,NEUTRAL,0.007060784257605898,0.13750352374993502,0.01018655843323489,0.14769008218316992,-0.10415912273059919,-0.10415912273059919,False
TRNP1,NEUTRAL,-0.04120232474383711,0.13750352374993502,-0.05944238958103043,0.07806113416890459,-0.17378807074486463,-0.173788070744865,False
FZD6,DCG,-0.9281590424639038,1.3074285251922473,-1.339050447718923,-0.03162192252667562,-0.28073074222468025,-1.4533961288827566,True
LYSMD2,NEUTRAL,0.07363755269371776,0.13750352374993502,0.10623653209442635,0.24374005584436137,-0.008109149069406782,-0.008109149069406782,False
ZNF230,DIG,-1.5640482709076355,0.53605290024021,-2.256444684149404,-1.7203917839091938,-1.9740727936889129,-2.3707903653132387,True
NR4A2,NEUTRAL,0.0070577482261080845,0.13750352374993502,0.010182178365649013,0.14768570211558404,-0.10416350279818479,-0.10416350279818495,False
CLIP1,NEUTRAL,-0.03411813266778496,0.13750352374993502,-0.0492220608042051,0.08828146294572992,-0.1635677419680398,-0.1635677419680398,False
DHX38,NEUTRAL,-0.048605356067320464,0.13750352374993502,-0.07012270615896553,0.06738081759096949,-0.18446838732279883,-0.18446838732279847,False
SLC45A1,NEUTRAL,-0.04502568569451793,0.13750352374993502,-0.06495833346410616,0.07254519028582886,-0.17930401462794177,-0.17930401462794157,False
ROBO4,NEUTRAL,0.02636445381604972,0.13750352374993502,0.03803586677616104,0.17553939052609607,-0.07630981438767134,-0.07630981438767168,False
TERB1,NEUTRAL,-0.007763579877356551,0.13750352374993502,-0.011200478188607643,0.12630304556132738,-0.12554615935244137,-0.12554615935244137,False
SLC29A4,DIG,0.9814550713526452,0.632268215499513,1.415940364295785,2.048208579795298,1.8151874401037624,1.301594683131949,True
THSD1,NEUTRAL,-0.024970901226445446,0.13750352374993502,-0.03602539536592098,0.10147812838401404,-0.15037107652975581,-0.15037107652975581,False
ATP10D,NEUTRAL,-0.0023031087536162483,0.13750352374993502,-0.0033226835774701233,0.1341808401724649,-0.11766836474130285,-0.11766836474130302,False
GATAD2A,DIG,-0.8456587245164642,0.4329594072761063,-1.220027648144389,-0.7870682408682828,-1.0292333040003536,-1.3343733293082252,True
UGT1A6,NEUTRAL,-0.01265625930087935,0.13750352374993502,-0.01825912252958346,0.11924440122035156,-0.13260480369341715,-0.13260480369341732,False
BAHCC1,DSG,-0.21519722937222566,1.3785116232537298,-0.31046397562835476,1.068047647625375,0.8096250091618826,-0.4248096567921903,True
ACKR1,DCG,-0.7357778902766962,1.1375035237499351,-1.0615031134979334,0.07600041025200177,-0.17845500058259914,-1.1758487946617675,True
ESRRB,NEUTRAL,-0.0011070107732618574,0.13750352374993502,-0.0015970789527955385,0.13590644479713948,-0.11594276011662906,-0.11594276011662871,False
ULK4,NEUTRAL,0.008694539074276954,0.13750352374993502,0.01254356840527468,0.1500470921552097,-0.10180211275855916,-0.10180211275855933,False
MEGF8,DIG,1.0413996187375851,0.560714954474479,1.5024220655363714,2.0631370200108505,1.8171593489222535,1.3880763843725366,True
IGSF9B,NEUTRAL,-0.022713337344493965,0.13750352374993502,-0.03276841914893954,0.10473510460099547,-0.14711410031277203,-0.14711410031277256,False
MIR5006,NEUTRAL,-0.03397162936882442,0.13750352374993502,-0.049010701221320854,0.08849282252861417,-0.1633563823851551,-0.1633563823851553,False
KASH5,DIG,-1.7067304325677979,0.560714954474479,-2.4622915311998375,-1.9015765767253585,-2.176352417019796,-2.576637212363666,True
TBC1D7,DIG,0.722090225236751,0.405992359675837,1.0417559870234554,1.4477483466992924,1.1821452313491951,0.9274103058596214,True
AUTS2,DIG,1.4976074173728497,0.608809242675524,2.1605907942423386,2.7694000369178626,2.529916428757277,2.046245113078502,True
ANXA7,NEUTRAL,-0.018017566321063366,0.13750352374993502,-0.025993853580286122,0.1115096701696489,-0.14033953474412036,-0.1403395347441202,False
IHO1,NEUTRAL,-0.03252443293056807,0.13750352374993502,-0.046922838096656254,0.09058068565327876,-0.16126851926049027,-0.16126851926049046,False
USP6NL,DSG,-0.20223036902966146,-3.321928094887362,-0.2917567505162376,-3.6136848454035997,-3.8655340503173696,-0.4061024316800727,True
HUNK,DIG,0.7116823754296141,0.560714954474479,1.0267406337203817,1.5874555881948607,1.328628702442886,0.9123949525565466,True
TTC39A,NEUTRAL,0.033722519063295216,0.13750352374993502,0.048651311018899544,0.18615483476883457,-0.06569437014493518,-0.06569437014493552,False
KIF13B,NEUTRAL,0.04716865035999438,0.13750352374993502,0.06804997795978932,0.20555350170972433,-0.04629570320404465,-0.046295703204044816,False
ZFP91P1,NEUTRAL,0.039943008118853825,0.13750352374993502,0.057625579731258016,0.19512910348119303,-0.05672010143257522,-0.056720101432575054,False
LINC02561,DSG,-0.018017370205565233,1.3923174227787602,-0.025993570645429526,1.3663238521333307,1.1060107587366697,-0.14033925180926263,False
RN7SL449P,DSG,0.04799186160147332,-3.321928094887362,0.06923762073547503,-3.252690474151887,-3.5045396790655623,-0.045108060428358174,False
HNRNPA1P45,NEUTRAL,0.022126970678723577,0.13750352374993502,0.031922470868090004,0.16942599461802502,-0.0824232102957448,-0.08242321029574429,False
MPZL1,DCG,-0.9380681295899007,1.446256229889564,-1.3533462385753352,0.09290999131422883,-0.15269103485938978,-1.46769191973917,True
TIMP3,NEUTRAL,0.016705052581999242,0.13750352374993502,0.02410029651783968,0.1616038202677747,-0.09024538464599476,-0.09024538464599492,False
ZMIZ2,DIG,-1.5554115793012924,0.5109619192773794,-2.243984571999245,-1.7330226527218655,-1.9572179849840021,-2.3583302531630808,True
CTNNB1,NEUTRAL,0.037328162218402614,0.13750352374993502,0.053853154517988215,0.19135667826792324,-0.0604925266458457,-0.06049252664584537,False
CDYL,DIG,1.6603218305624665,0.45943161863729726,2.3953380712321564,2.8547696898694537,2.587863553884714,2.2809923900683216,True
PLCXD3,DSG,-0.03718903659883235,1.1375035237499351,-0.0536524386765736,1.0838510850733616,0.8311294640343344,-0.16799811984040786,False
DNAJC16,NEUTRAL,-0.05343536166079395,0.13750352374993502,-0.07709093127613567,0.06041259247379935,-0.19143661243997007,-0.1914366124399695,False
MIS18A,DIG,1.6203160744616611,0.608809242675524,2.337621965298511,2.946431207974035,2.6877213677319625,2.2232762841346743,True
FAM24B,NEUTRAL,-0.016573073369313827,0.13750352374993502,-0.023909890762198002,0.11359363298773702,-0.1382555719260315,-0.13825557192603097,False
GIGYF2,NEUTRAL,-0.005803056636475998,0.13750352374993502,-0.00837204103144171,0.1291314827184933,-0.12271772219527426,-0.12271772219527444,False
STARD6,NEUTRAL,0.04289276903147211,0.13750352374993502,0.06188118517170052,0.19938470892163554,-0.05246449599213263,-0.0524644959921328,False
TRIM33,NEUTRAL,0.004048911281012909,0.13750352374993502,0.0058413442261167035,0.14334486797605173,-0.10850433693771826,-0.10850433693771791,False
ADAM21,NEUTRAL,-0.0026831401831751214,0.13750352374993502,-0.0038709530362766526,0.13363257071365836,-0.11821663420011122,-0.11821663420011105,False
SYNGR4,DIG,0.9492314683604073,0.5849625007211562,1.3694515320593086,1.9544140327804649,1.6953040361032794,1.2551058508954736,True
SPTY2D1,DIG,-0.9162963741249254,0.4329594072761063,-1.3219362349345682,-0.888976827658462,-1.140548259054186,-1.4362819160984037,True
NDUFA7,NEUTRAL,-0.011003999956793516,0.13750352374993502,-0.015875416167608375,0.12162810758232664,-0.13022109733144166,-0.13022109733144202,False
RPL7AP60,NEUTRAL,-0.055448241010488404,0.13750352374993502,-0.07999490233184767,0.05750862141808735,-0.1943405834956812,-0.1943405834956808,False
SNRK,NEUTRAL,-0.05763158099966372,0.13750352374993502,-0.08314479610680546,0.05435872764312956,-0.19749047727063895,-0.19749047727063895,False
USP15,DIG,1.694889714310926,0.5849625007211562,2.445208985690085,3.0301714864112412,2.768625168448552,2.3308633045262503,True
RRAGA,NEUTRAL,-0.027022614993165595,0.13750352374993502,-0.038985392642491755,0.09851813110744326,-0.15333107380632682,-0.153331073806327,False
MSH6,DIG,1.5572392560074397,0.4329594072761063,2.2466213521195524,2.679580759395659,2.4395387021531203,2.1322756709557176,True
F2RL2,NEUTRAL,0.01722909425746214,0.13750352374993502,0.024856328844249147,0.16235985259418417,-0.08948935231958396,-0.08948935231958413,False
RPAIN,NEUTRAL,0.011278554913248758,0.13750352374993502,0.016271515241737835,0.15377503899167286,-0.09807416592209584,-0.098074165922096,False
BBIP1P1,NEUTRAL,0.030642849271722825,0.13750352374993502,0.044208286683022506,0.18171181043295753,-0.0701373944808111,-0.07013739448081145,False
FAM120B,NEUTRAL,-0.05131539608595686,0.13750352374993502,-0.07403246745446289,0.06347105629547213,-0.18837814861829782,-0.18837814861829782,False
PCDHGA8,NEUTRAL,0.0006868190008074691,0.13750352374993502,0.0009908703664532486,0.13849439411638828,-0.11335481079738136,-0.11335481079738136,False
LAMA3,NEUTRAL,-0.07938118872636021,0.13750352374993502,-0.11452284731539078,0.02298067643454424,-0.22886852847922481,-0.228868528479225,False
C12orf43,NEUTRAL,0.044479659129796484,0.13750352374993502,0.0641705836469889,0.20167410739692393,-0.05017509751684406,-0.05017509751684423,False
NINL,DSG,0.0379361479133518,-3.321928094887362,0.05473029246502284,-3.267197802422339,-3.51904700733611,-0.05961538869881222,False
SH3GL3,NEUTRAL,-0.03407689017349204,0.13750352374993502,-0.049162560462214816,0.0883409632877202,-0.1635082416260484,-0.1635082416260484,False
EIF3LP2,DIG,1.7036642243923796,0.4854268271702419,2.4578679278708284,2.9432947550410704,2.679061770532431,2.3435222467069936,True
DDX46,NEUTRAL,-0.039184361325589646,0.13750352374993502,-0.05653108376482947,0.08097243998510555,-0.1708767649286652,-0.17087676492866483,False
EIF3E,DCG,2.0794415416798357,-3.321928094887362,3.0,-0.3219280948873622,-0.5737772998011307,2.8856543188361665,True
WDR35,DIG,-1.5647668813471167,0.608809242675524,-2.2574814198667745,-1.6486721771912505,-1.8858152381320696,-2.3718271010306102,True
ITGB3,NEUTRAL,-0.037548491873045084,0.13750352374993502,-0.054171023018101686,0.08333250073183333,-0.16851670418193465,-0.168516704181935,False
LAMP1,NEUTRAL,0.03562593807797847,0.13750352374993502,0.05139736419211682,0.18890088794205184,-0.06294831697171546,-0.06294831697171581,False
SPINK7,NEUTRAL,-0.022252590514801752,0.13750352374993502,-0.032103701982637275,0.10539982176729774,-0.1464493831464704,-0.1464493831464704,False
NPRL2,NEUTRAL,-0.0189586423390895,0.13750352374993502,-0.02735153928459196,0.11015198446534306,-0.14169722044842656,-0.1416972204484264,False
MUTYH,NEUTRAL,-0.022297074630673708,0.13750352374993502,-0.032167878996004075,0.10533564475393095,-0.1465135601598375,-0.14651356015983766,False
PFKFB4,NEUTRAL,-0.015935526991706653,0.13750352374993502,-0.02299010576488741,0.1145134179850476,-0.13733578692872042,-0.13733578692872042,False
FEZ2,DIG,0.9995080241635192,0.4854268271702419,1.4419852697894355,1.9274120969596775,1.6888442082024098,1.3276395886256005,True
UBL5P2,NEUTRAL,-0.008979721547611532,0.13750352374993502,-0.012954999745302925,0.1245485240046321,-0.12730068090913643,-0.12730068090913607,False
CDK7,NEUTRAL,0.007965653324702301,0.13750352374993502,0.011492008548988695,0.1489955322989237,-0.10285367261484579,-0.10285367261484665,False
SNX24,NEUTRAL,0.01843683481134287,0.13750352374993502,0.026598730152013368,0.16410225390194838,-0.08774695101182056,-0.0877469510118209,False
PNLIPRP1,NEUTRAL,-0.09200830432489965,0.13750352374993502,-0.1327399243701353,0.004763599379799727,-0.2470856055339687,-0.24708560553396908,False
ATP6V1E1,NEUTRAL,0.04439382397174145,0.13750352374993502,0.06404674969012898,0.201550273440064,-0.05029893147370411,-0.05029893147370411,False
CHST8,DSG,0.017954539365462863,1.3074285251922473,0.02590292490399895,1.3333314500962463,1.0859000085782133,-0.08844275625983651,False
CNTN4-AS1,DIG,-1.1895677935142486,0.608809242675524,-1.716183556504233,-1.1073743138287089,-1.3441911482962399,-1.8305292376680649,True
RSC1A1,NEUTRAL,0.0060555424097869185,0.13750352374993502,0.008736301004492391,0.1462398247544274,-0.10560938015934208,-0.10560938015934278,False
NAV3,DIG,-1.5392246295607446,0.6553518286125543,-2.220631739881438,-1.5652799112688838,-1.8305554169846274,-2.3349774210452727,True
MCRIP2,DSG,-0.029072500981264168,1.185866545311334,-0.04194275299190934,1.1439237923194245,0.9006400227099952,-0.15628843415574456,False
AUP1,DIG,-1.2548151699529646,0.4329594072761063,-1.8103156229233839,-1.3773562156472776,-1.60414993770727,-1.9246613040872185,True
MEF2D,DCG,-0.8760108671143838,1.2630344058337937,-1.2638165337507623,-0.0007821279169686335,-0.2519898912130348,-1.3781622149145956,True
SEC11C,NEUTRAL,-0.01787974062365728,0.13750352374993502,-0.0257950131301313,0.11170851061980372,-0.14014069429396517,-0.14014069429396533,False
POLR3D,NEUTRAL,-0.028797209448952976,0.13750352374993502,-0.04154559126344526,0.09595793248648976,-0.1558912724272797,-0.155891272427279,False
VPS4A,NEUTRAL,-0.023933414451840537,0.13750352374993502,-0.03452861834121059,0.10297490540872442,-0.14887429950504563,-0.14887429950504547,False
TUSC2,NEUTRAL,0.041392836180417884,0.13750352374993502,0.05971723948581814,0.19722076323575316,-0.05462844167801597,-0.0546284416780158,False
LINC01956,NEUTRAL,-0.0018551911131875444,0.13750352374993502,-0.002676475018896946,0.13482704873103807,-0.11702215618273194,-0.11702215618273212,False
HTR2A,NEUTRAL,-0.017268077567551488,0.13750352374993502,-0.024912569872392487,0.11259095387754253,-0.13925825103622683,-0.1392582510362272,False
NME1-NME2,DSG,0.06292915918053332,1.4329594072761063,0.0907875858770676,1.523746993153174,1.2739681205518598,-0.023558095286765605,False
TMC4,DIG,0.9658840369799268,0.560714954474479,1.3934761102247526,1.9541910646992315,1.6880975325256289,1.2791304290609176,True
MED17,NEUTRAL,-0.004000414894089306,0.13750352374993502,-0.00577137872920099,0.13173214502073402,-0.12011705989303373,-0.1201170598930339,False
PTP4A2P2,NEUTRAL,0.03276248651950094,0.13750352374993502,0.04726627682887553,0.18476980057881054,-0.06707940433495956,-0.06707940433495939,False
RN7SL32P,NEUTRAL,-0.01945424504489917,0.13750352374993502,-0.02806654285051472,0.1094369808994203,-0.14241222401434867,-0.14241222401434814,False
KIAA1614,DCG,-0.989513488556672,1.3074285251922473,-1.4275662028334488,-0.12013767764120153,-0.36787993299363814,-1.541911883997283,True
CCDC121,DIG,0.6041027955325299,0.4854268271702419,0.8715361073019403,1.356962934472182,1.1108337714970202,0.7571904261381057,True
MIR1244-1,NEUTRAL,0.032980067492888454,0.13750352374993502,0.047580179820173485,0.1850837035701085,-0.06676550134366124,-0.06676550134366108,False
MAPRE3-AS1,DIG,1.0727080386827976,0.53605290024021,1.5475905677293986,2.0836434679696088,1.8383073954790636,1.4332448865655623,True
LINC01544,NEUTRAL,-0.009417357192181607,0.13750352374993502,-0.013586374519440418,0.1239171492304946,-0.12793205568327426,-0.12793205568327373,False
SMURF2P1,DIG,0.8644000543787331,0.45943161863729726,1.2470656717963486,1.706497290433646,1.448754358416744,1.1327199906325123,True
SUCNR1,DSG,0.043965255442329786,1.1375035237499351,0.0634284559980657,1.200931979748001,0.9537707703956412,-0.05091722516576791,False
DEPP1,DIG,-1.6777103038990606,0.4854268271702419,-2.4204243354834905,-1.9349975083132485,-2.197447161234234,-2.5347700166473244,True
CAMK4,NEUTRAL,0.04683887476886505,0.13750352374993502,0.0675742123498608,0.20507773609979582,-0.04677146881397337,-0.04677146881397304,False
RNU6-418P,DCG,0.7215732843817131,-0.7369655941662062,1.0410101990154592,0.304044604849253,0.05219539993548467,0.9266645178516241,True
SLC14A2-AS1,NEUTRAL,-0.05274903464243312,0.13750352374993502,-0.0761007706903184,0.06140275305961662,-0.19044645185415224,-0.19044645185415224,False
DDX11-AS1,DIG,-0.792633406816208,0.608809242675524,-1.1435282852566675,-0.5347190425811434,-0.7974186433114062,-1.2578739664205028,True
VPS45,DCG,-1.017421202766809,1.4329594072761063,-1.46782852372696,-0.034869116450853666,-0.29438219417508843,-1.5821742048907934,True
ZNF12,DIG,1.1944216004852783,0.6553518286125543,1.7231861197507699,2.378537948363324,2.1385359838802307,1.6088404385869333,True
QARS1,NEUTRAL,-0.039013399048483915,0.13750352374993502,-0.05628443733546995,0.08121908641446507,-0.17063011849930407,-0.1706301184993039,False
C10orf143,NEUTRAL,0.02680736863163966,0.13750352374993502,0.03867485778414889,0.1761783815340839,-0.0756708233796863,-0.07567082337968596,False
SYNE2,NEUTRAL,-0.037761523214995284,0.13750352374993502,-0.054478362278687166,0.08302516147124786,-0.16882404344252028,-0.16882404344252028,False
AARS2,DIG,1.6730218524771847,0.45943161863729726,2.4136603298677013,2.8730919485049986,2.619805830821794,2.299314648703865,True
ECE1-AS1,NEUTRAL,0.020821697074397367,0.13750352374993502,0.03003935911212532,0.16754288286206034,-0.08430632205170752,-0.08430632205170803,False
ZBTB40,NEUTRAL,-0.014036301383763232,0.13750352374993502,-0.02025010239877811,0.1172534213511569,-0.13459578356261206,-0.13459578356261173,False
SLCO5A1,DCG,2.0794415416798357,-3.321928094887362,3.0,-0.3219280948873622,-0.5737772998011312,2.8856543188361665,True
LMNA,DCG,0.9310132314911332,-0.7369655941662062,1.3431681720742665,0.6062025779080603,0.3543533729942914,1.2288224909104328,True
RBMS1,NEUTRAL,0.028699987904745657,0.13750352374993502,0.041405330223749794,0.1789088539736848,-0.07294035094008348,-0.07294035094008398,False
SKP2,DSG,0.017182065652348966,-0.7369655941662062,0.024788480908872444,-0.7121771132573338,-0.9640263181711032,-0.08955720025496183,False
CARS1-AS1,NEUTRAL,-0.03559564106699355,0.13750352374993502,-0.051353654844615126,0.08614986890531989,-0.16569933600844974,-0.1656993360084501,False
TMEM150B,DIG,-1.5600499060588726,0.5109619192773794,-2.250676263010429,-1.7397143437330493,-1.994654332399159,-2.3650219441742633,True
SURF1,NEUTRAL,-0.03087129308893699,0.13750352374993502,-0.04453786144523913,0.09296566230469588,-0.1588835426090738,-0.15888354260907364,False
PDCD6IP,NEUTRAL,-0.03243058616554715,0.13750352374993502,-0.0467874458341571,0.09071607791577792,-0.16113312699799195,-0.16113312699799215,False
FASLG,DCG,-0.938689813372876,1.3074285251922473,-1.354243138686035,-0.04681461349378768,-0.30448834915413553,-1.4685888198498698,True
RAB27A,NEUTRAL,-0.026774840759751343,0.13750352374993502,-0.03862792998468495,0.09887559376525007,-0.15297361114851885,-0.15297361114851885,False
ANKRD52,DIG,-1.1537346696178157,0.45943161863729726,-1.6644872863592894,-1.2050556677219921,-1.4712754283120952,-1.7788329675231243,True
ZNF763,DIG,1.6252081309595794,0.5109619192773794,2.344679710947806,2.8556416302251857,2.6274724882965548,2.2303340297839727,True
TMEM132A,DIG,-0.7592883918619887,0.53605290024021,-1.095421597543847,-0.559368697303637,-0.8047061578201506,-1.2097672787076812,True
TNFAIP8,NEUTRAL,0.004247823977419867,0.13750352374993502,0.006128314586792874,0.14363183833672788,-0.10821736657704228,-0.10821736657704176,False
FAM221A,DSG,-0.06022391105714665,-3.321928094887362,-0.08688473782508348,-3.408812832712446,-3.660662037626214,-0.20123041898891758,False
PAX2,NEUTRAL,-0.008504857897997618,0.13750352374993502,-0.012269916312906498,0.12523360743702852,-0.12661559747674134,-0.1266155974767415,False
HAUS6P1,DIG,-0.8584639911436659,0.4854268271702419,-1.2385017428047138,-0.7530749156344719,-0.9753313773459515,-1.3528474239685482,True
IQCK,DSG,0.16473739173034185,1.2479275134435854,0.23766581809834675,1.4855933315419323,1.2330461826998662,0.12332013693451148,False
CBLN3,NEUTRAL,-0.022330963201082573,0.13750352374993502,-0.03221676986847576,0.10528675388145925,-0.14656245103230853,-0.14656245103230783,False
MINK1,NEUTRAL,-0.027912686439682137,0.13750352374993502,-0.040269494304418035,0.09723402944551698,-0.15461517546825276,-0.15461517546825296,False
IGSF9,DCG,-0.8985283115820245,1.1538053360790355,-1.2963023392177202,-0.14249700313868474,-0.39544325677536835,-1.4106480203815555,True
SNORD58B,NEUTRAL,-0.015174265073697072,0.13750352374993502,-0.021891836970957368,0.11561168677897765,-0.13623751813479043,-0.13623751813479026,False
ZNF212,DIG,-0.8070642789666775,0.4854268271702419,-1.1643476329438527,-0.6789208057736108,-0.9226323441908489,-1.2786933141076882,True
CDHR4,NEUTRAL,0.01574570944027012,0.13750352374993502,0.022716256924756238,0.16021978067469125,-0.09162942423907676,-0.09162942423907693,False
YIPF4,DIG,1.1657089832803802,0.53605290024021,1.6817625692983202,2.21781546953853,1.9722477742561844,1.5674168881344848,True
SILC1,DIG,-1.692950896895904,0.4854268271702419,-2.4424118634202436,-1.9569850362500016,-2.205777295619223,-2.5567575445840744,True
GAU1,DIG,1.2697494290087497,0.53605290024021,1.8318612044025162,2.3679141046427263,2.112703958423871,1.7175155232386796,True
CLEC9A,DIG,-1.55561986451504,0.560714954474479,-2.2442850640442096,-1.6835701095697306,-1.9517067878123435,-2.358630745208041,True
MRPL50,NEUTRAL,0.00958619404743696,0.13750352374993502,0.013829954613236604,0.15133347836317163,-0.1005157265505982,-0.10051572655059855,False
FAM111B,DIG,-1.6303340995804465,0.405992359675837,-2.3520749204568836,-1.9460825607810466,-2.197565314330607,-2.466420601620719,True
KRTAP5-9,DSG,-0.040980959445773464,1.4594316186372973,-0.059123026963289096,1.4003085916740081,1.1573623863660063,-0.17346870812712287,False
FLOT1,DIG,0.7183930042308352,0.5849625007211562,1.0364220246131501,1.6213845253343062,1.362142337519244,0.9220763434493144,True
COL9A2,NEUTRAL,-0.015338952009102185,0.13750352374993502,-0.022129429995965524,0.1153740937539695,-0.1364751111598001,-0.13647511115979974,False
OTUB1,DIG,-0.6257499715592248,0.405992359675837,-0.9027663808049037,-0.49677402112906666,-0.7456079182976895,-1.0171120619687382,True
SLC4A3,NEUTRAL,-0.06842623044706908,0.13750352374993502,-0.09871818333271196,0.03878534041722306,-0.21306386449654482,-0.2130638644965452,False
RNF112,NEUTRAL,0.0032262207008090307,0.13750352374993502,0.004654452605870505,0.14215797635580552,-0.10969122855796438,-0.1096912285579642,False
C11orf96,DIG,0.9137587190897682,0.4329594072761063,1.31827517259986,1.7512345798759663,1.4968973822458616,1.2039294914360255,True
GCATP1,NEUTRAL,-0.053366390255593886,0.13750352374993502,-0.0769914265718904,0.06051209717804462,-0.19133710773572324,-0.191337107735724,False
NSA2P4,NEUTRAL,-0.014559705361613556,0.13750352374993502,-0.02100521472200433,0.1164983090279307,-0.13535089588583876,-0.1353508958858386,False
KRT71,DIG,-1.1781784128440729,0.45943161863729726,-1.6997521534925737,-1.2403205348552764,-1.494942081210526,-1.8140978346563972,True
ZNF23,NEUTRAL,-0.056767964582416695,0.13750352374993502,-0.08189886098441289,0.05560466276552213,-0.1962445421482461,-0.19624454214824646,False
ASCL2,NEUTRAL,-0.02662683899813127,0.13750352374993502,-0.038414408577152837,0.09908911517278218,-0.15276008974098756,-0.15276008974098756,False
ITK,NEUTRAL,-0.01623743600394616,0.13750352374993502,-0.023425668399645033,0.11407785535028998,-0.1377713495634787,-0.13777134956347886,False
C3orf62,NEUTRAL,0.0383374961800012,0.13750352374993502,0.05530931561898731,0.19281283936892232,-0.05903636554484727,-0.059036365544847605,False
ARHGEF15,NEUTRAL,-0.04353238084394184,0.13750352374993502,-0.06280394996164461,0.07469957378829041,-0.17714963112547927,-0.1771496311254789,False
GANAB,DIG,1.2662334541050495,0.560714954474479,1.8267887248450578,2.3875036793195368,2.13916640751041,1.7124430436812232,True
PLET1,NEUTRAL,-0.03639312041731824,0.13750352374993502,-0.052504174348539906,0.08499934940139511,-0.1668498555123734,-0.16684985551237377,False
TMEM26-AS1,DIG,-0.7970405086782827,0.53605290024021,-1.1498863892577753,-0.6138334890175653,-0.8647701498837508,-1.2642320704216095,True
IGSF23,DIG,-1.3705395129061917,0.5849625007211562,-1.9772705586121382,-1.392308057890982,-1.6478953572461434,-2.0916162397759654,True
BTF3P5,DIG,-0.9803561014774691,0.4854268271702419,-1.414354885906782,-0.9289280587365402,-1.1700560644607991,-1.5287005670706164,True
SCAMP5,NEUTRAL,0.08050671815997326,0.13750352374993502,0.11614664304763889,0.2536501667975739,0.0018009618838059527,0.0018009618838062725,False
TOX4,NEUTRAL,-0.018498616538680804,0.13750352374993502,-0.026687862343661356,0.11081566140627366,-0.14103354350749508,-0.14103354350749508,False
CORO1C,NEUTRAL,-0.010186965718003796,0.13750352374993502,-0.014696684923069955,0.12280683882686506,-0.12904236608690473,-0.12904236608690453,False
JPH1,DCG,-0.8109359582425717,1.232660756790275,-1.1699332854350977,0.06272747135517731,-0.19186566102892383,-1.284278966598932,True
PCDHGB5,NEUTRAL,0.010725233759027978,0.13750352374993502,0.01547324155652456,0.15297676530645957,-0.0988724396073102,-0.0988724396073102,False
CASKIN1,DSG,0.004711387994894797,-0.7369655941662062,0.00679709609593852,-0.7301684980702677,-0.9820177029840367,-0.1075485850678949,False
PRDX2P3,DIG,-1.0299255039907689,0.5109619192773794,-1.4858684170925485,-0.974906497815169,-1.2557785088689588,-1.6002140982563706,True
GAS5,DCG,-0.7697669421810431,1.1699250014423124,-1.1105389501248524,0.05938605131746,-0.17860946518284385,-1.2248846312886872,True
CXCL12,DIG,-1.3221226232078227,0.45943161863729726,-1.9074197519490335,-1.4479881333117361,-1.71262324681882,-2.0217654331128694,True
CEACAM16,DIG,-0.7517890841698636,0.560714954474479,-1.0846023835263177,-0.5238874290518386,-0.7841265836607824,-1.198948064690148,True
NOP9,NEUTRAL,-0.03365543635076584,0.13750352374993502,-0.04855453112220403,0.08894899262773098,-0.16290021228603896,-0.16290021228603896,False
SCN2A,NEUTRAL,-0.02486621524105081,0.13750352374993502,-0.03587436541394156,0.10162915833599345,-0.15022004657777552,-0.15022004657777532,False
FAM86GP,NEUTRAL,0.06695864139856089,0.13750352374993502,0.09660089989036624,0.23410442364030126,-0.01774478127346834,-0.017744781273468502,False
SAFB,NEUTRAL,0.02156758315326373,0.13750352374993502,0.031115445259173938,0.16861896900910894,-0.08323023590466029,-0.08323023590466029,False
CAST,NEUTRAL,-0.037884048048163185,0.13750352374993502,-0.05465512824788424,0.08284839550205078,-0.16900080941171747,-0.16900080941171802,False
GAPDHP61,NEUTRAL,-0.04036043149829804,0.13750352374993502,-0.05822779437073329,0.07927572937920173,-0.1725734755345678,-0.17257347553456745,False
ZNF219,NEUTRAL,0.0068205890867644,0.13750352374993502,0.009840030051416383,0.1473435538013514,-0.10450565111241723,-0.1045056511124174,False
LAP3,NEUTRAL,0.023206018136349447,0.13750352374993502,0.03347920728409069,0.17098273103402573,-0.08086647387974356,-0.08086647387974322,False
LINC01353,DCG,-0.8197326951588503,1.3785116232537298,-1.1826242941602176,0.19588732909351214,-0.0540076906320837,-1.2969699753240485,True
RGS4,DCG,-0.8287478233772931,1.1538053360790355,-1.1956303749339434,-0.04182503885490796,-0.3065836487134504,-1.309976056097778,True
CFAP92,DIG,1.3218695713268402,0.6553518286125543,1.9070546752552524,2.5624065038678068,2.292041507384403,1.7927089940914154,True
CUTA,DIG,-1.2909066269456877,0.405992359675837,-1.8623845889452428,-1.4563922292694058,-1.7276921894669706,-1.9767302701090776,True
NARF-AS1,DSG,0.016490852683949175,1.232660756790275,0.02379127138716393,1.256452028177439,0.9972253007338766,-0.09055440977666883,False
EIF4G3,NEUTRAL,0.019667548468781635,0.13750352374993502,0.02837427464235459,0.1658777983922896,-0.08597140652147944,-0.08597140652147926,False
NOX4,NEUTRAL,0.028743969076689125,0.13750352374993502,0.04146878164240512,0.17897230539234013,-0.07287689952142858,-0.07287689952142824,False
NDC1,NEUTRAL,-0.05538838792354982,0.13750352374993502,-0.07990855258013947,0.05759497116979555,-0.19425423374397394,-0.19425423374397338,False
PPIAP59,DIG,1.5563206745767975,0.5849625007211562,2.245296119244912,2.830258619966068,2.5714333312529187,2.1309504380810758,True
EFCAB10,DIG,0.655510314861185,0.45943161863729726,0.9457014805017947,1.405133099139092,1.1755764652092084,0.8313557993379602,True
ZNF451,DIG,-0.6604592248442004,0.560714954474479,-0.9528412483920967,-0.39212629391761766,-0.6429343332973764,-1.0671869295559313,True
BAG3,NEUTRAL,0.012820969861786245,0.13750352374993502,0.018496749638985874,0.1560002733889209,-0.09584893152484728,-0.09584893152484728,False
ANGPT2,NEUTRAL,0.05714660629284132,0.13750352374993502,0.08244512550231621,0.21994864925225122,-0.03190055566151821,-0.031900555661517886,False
LINC02568,NEUTRAL,-0.0011791339793590797,0.13750352374993502,-0.0017011307445650135,0.13580239300537,-0.11604681190839962,-0.11604681190839962,False
ZFYVE1,NEUTRAL,-0.029169437468501112,0.13750352374993502,-0.04208260278132728,0.09542092096860774,-0.15642828394516256,-0.15642828394516275,False
LINC00920,NEUTRAL,0.0227539480808177,0.13750352374993502,0.03282700805684064,0.17033053180677565,-0.08151867310699423,-0.08151867310699423,False
IGFL2-AS1,DIG,-0.598818299943051,0.4854268271702419,-0.8639121917213995,-0.37848536455115767,-0.6329680468399054,-0.9782578728852326,True
GNPDA2,NEUTRAL,-0.016538710499548578,0.13750352374993502,-0.023860315620396963,0.11364320812953806,-0.13820599678423004,-0.13820599678422968,False
TTLL7-IT1,NEUTRAL,-0.07727790748455368,0.13750352374993502,-0.11148845389824172,0.0260150698516933,-0.2258341350620747,-0.22583413506207486,False
TEX21P,NEUTRAL,0.05887333782060148,0.13750352374993502,0.08493627251436241,0.22243979626429744,-0.029409408649471166,-0.029409408649471,False
PDCL3P5,NEUTRAL,0.0008736263862129696,0.13750352374993502,0.0012603764549791974,0.13876390020491422,-0.11308530470885526,-0.11308530470885526,False
SNCAIP,NEUTRAL,0.017049991861022684,0.13750352374993502,0.024597938705094618,0.16210146245502963,-0.08974774245874044,-0.08974774245874044,False
COL3A1,NEUTRAL,-0.018254177350278292,0.13750352374993502,-0.02633521113875413,0.11116831261118089,-0.14068089230258923,-0.14068089230258923,False
CHST10,NEUTRAL,0.024646282746483155,0.13750352374993502,0.03555706989469847,0.1730605936446335,-0.07878861126913549,-0.07878861126913615,False
LINC01619,DIG,0.695735346134401,0.53605290024021,1.0037339336392668,1.539786833879477,1.2783690478895886,0.8893882524754296,True
SHROOM1,NEUTRAL,-0.005411344760996269,0.13750352374993502,-0.007806920251229791,0.12969660349870524,-0.12215260141506501,-0.12215260141506501,False
HS3ST6,DCG,-0.9389720135925396,1.1375035237499351,-1.3546502675434813,-0.21714674379354615,-0.4719800530373066,-1.4689959487073125,True
CSPG4BP,DIG,1.3649523647156705,0.37851162325372983,1.9692100076249615,2.3477216308786915,2.0754440446794495,1.854864326461123,True
SLC35B3,DIG,-1.0491345069709261,0.37851162325372983,-1.5135811504324428,-1.135069527178713,-1.40717179887537,-1.6279268315962774,True
NRG4,NEUTRAL,-0.018318638143025326,0.13750352374993502,-0.026428208404782046,0.11107531534515297,-0.14077388956861597,-0.14077388956861545,False
PLXNA4,DIG,-0.813926831165208,0.45943161863729726,-1.1742482029685142,-0.7148165843312169,-0.9427648456508366,-1.2885938841323499,True
CXCL10,DIG,0.671240116492703,0.560714954474479,0.9683947873097527,1.5291097417842319,1.2663781582282516,0.8540491061459178,True
ATP13A4,DSG,-0.08253865394625821,1.3074285251922473,-0.11907810672991699,1.1883504184623304,0.9413786147829336,-0.23342378789375184,False
MAP2K4,NEUTRAL,0.06790613185804316,0.13750352374993502,0.09796783967755092,0.23547136342748592,-0.016377841486282695,-0.016377841486282695,False
FCRL1,DCG,-0.7755729417834442,1.1043366598147357,-1.1189152369586397,-0.014578577143903981,-0.27587832725110767,-1.2332609181224725,True
HEATR1,DCG,-0.8670756140406508,1.2016338611696507,-1.2509256884521998,-0.049291827282549106,-0.3052980209626132,-1.3652713696160343,True
HADHAP2,DIG,-1.6469217285778677,0.560714954474479,-2.376005810551569,-1.8152908560770902,-2.072516486585496,-2.490351491715404,True
ITPR1,DIG,-0.6905956940647334,0.4329594072761063,-0.9963189830864627,-0.5633595758103564,-0.8039420611866831,-1.1106646642502966,True
INSYN2B,DIG,-1.045435557283455,0.4854268271702419,-1.5082446940618306,-1.0228178668915886,-1.297784865258588,-1.6225903752256647,True
TIAM1,DIG,-1.551712435484609,0.35049724708413343,-2.238647835559381,-1.8881505884752476,-2.129187885922528,-2.3529935167232154,True
TMEM139,DIG,0.7835865474373037,0.4329594072761063,1.1304764260951026,1.5634358333712088,1.3131044223873594,1.016130744931268,True
MIR4653,DIG,-1.4044939239029712,0.560714954474479,-2.0262564189734977,-1.4655414644990188,-1.7065899878377389,-2.140602100137321,True
ANKRD44,NEUTRAL,0.058300520570073275,0.13750352374993502,0.08410987190768972,0.22161339565762472,-0.030235809256143973,-0.030235809256144303,False
MAML3,NEUTRAL,0.027261058402327776,0.13750352374993502,0.03932939376642269,0.1768329175163577,-0.07501628739741138,-0.07501628739741138,False
CD93,DSG,0.08736308418418547,1.4594316186372973,0.1260382883092894,1.5854699069465867,1.340730223274823,0.011692607145453266,False
RPS6KA5,NEUTRAL,0.011504034631528505,0.13750352374993502,0.016596813713121068,0.1541003374630561,-0.09774886745071293,-0.09774886745071311,False
CCDC102B,NEUTRAL,-0.033747542868235225,0.13750352374993502,-0.04868741273819067,0.08881611101174436,-0.16303309390202522,-0.1630330939020247,False
TMX4,DSG,0.027629939398676043,-0.7369655941662062,0.03986157655053252,-0.6971040176156738,-0.9489532225294447,-0.07448410461330296,False
MIR1-1HG,DCG,-0.9026648980543941,1.3074285251922473,-1.3022701720076162,0.005158353184631093,-0.23920087307922597,-1.4166158531714435,True
MRAP,DIG,1.5463448020477297,0.5109619192773794,2.2309039774186856,2.741865896696065,2.473792005349252,2.116558296254849,True
OPTC,DCG,-0.7779788742137442,1.1043366598147357,-1.1223862637445474,-0.018049603929811697,-0.2552615311822647,-1.2367319449083711,True
PLA2G4E-AS1,NEUTRAL,-0.0022902858831847775,0.13750352374993502,-0.003304184085888678,0.13419933966404635,-0.11764986524972303,-0.11764986524972285,False
RAB40C,DSG,0.003738767141052738,1.3219280948873624,0.005393900813435393,1.3273219957007978,1.076043839149991,-0.1089517803503986,False
LGI4,DSG,-0.06301029288755637,-3.321928094887362,-0.09090463707383871,-3.412832731961201,-3.66468193687497,-0.2052503182376726,False
GABPB2,DCG,-0.8509997753795053,1.1375035237499351,-1.227733155737634,-0.09022963198769895,-0.3427350389531983,-1.3420788369014705,True
TNIK,DSG,-0.07946592239416501,1.1210154009613662,-0.1146450921577291,1.006370308803637,0.7487182584031729,-0.22899077332156428,False
SRL,DCG,-0.9059073235386441,1.3219280948873624,-1.3069480031741956,0.014980091713166832,-0.2360447208213584,-1.4212936843380295,True
S100A12,DCG,-0.9104151634905976,1.3219280948873624,-1.313451441518,0.00847665336936232,-0.24331937538700862,-1.4277971226818342,True
TSPOAP1,DSG,-0.0752329429365138,1.1210154009613662,-0.10853819368599082,1.0124772072753754,0.7563451296454532,-0.22288387484982658,False
GALE,NEUTRAL,-0.022471833109772313,0.13750352374993502,-0.03242000218715293,0.10508352156278208,-0.14676568335098714,-0.14676568335098733,False
TNKS,NEUTRAL,-0.034025386943819215,0.13750352374993502,-0.04908825700817607,0.08841526674175895,-0.1634339381720096,-0.16343393817200924,False
TREH,NEUTRAL,-0.01552547308853433,0.13750352374993502,-0.022398523032283537,0.11510500071765148,-0.13674420419611655,-0.13674420419611671,False
UBQLN1,NEUTRAL,0.026186245576898366,0.13750352374993502,0.03777876663329183,0.17528229038322685,-0.07656691453054228,-0.07656691453054228,False
CDC14A,NEUTRAL,-0.05097928883237588,0.13750352374993502,-0.0735475671865148,0.06395595656342022,-0.18789324835034918,-0.1878932483503497,False
TFAMP1,DIG,-1.6910070709059948,0.53605290024021,-2.4396075153042505,-1.9035546150640403,-2.1371472582810194,-2.553953196468034,True
SIRPA,DSG,0.09801864886506213,1.4195388915137848,0.14141101863226177,1.5609499101460464,1.304408587802261,0.027065337468428236,False
HAT1,NEUTRAL,0.07117625741820695,0.13750352374993502,0.10268563360628347,0.24018915735621849,-0.01166004755755007,-0.011660047557550231,False
KLHL29,DIG,-0.7491272464722151,0.560714954474479,-1.0807621634802689,-0.5200472090057898,-0.7641919132778425,-1.195107844644103,True
GNL3LP1,NEUTRAL,0.0030549892303246484,0.13750352374993502,0.0044074178125585615,0.1419109415624936,-0.10993826335127493,-0.10993826335127528,False
SBDS,DIG,0.6685796968165181,0.608809242675524,0.9645566130362373,1.5733658557117614,1.3361773193371937,0.8502109318724019,True
SALL1,NEUTRAL,0.02267682693606307,0.13750352374993502,0.03271574576375546,0.17021926951369049,-0.08162993540007833,-0.08162993540007833,False
PSMC1P1,NEUTRAL,0.020400735368350877,0.13750352374993502,0.02943203974640789,0.16693556349634292,-0.08491364141742538,-0.08491364141742504,False
UBOX5,DSG,-0.0898316336145958,1.4329594072761063,-0.12959965233073167,1.3033597549453746,1.0481142438291657,-0.24394533349456646,False
CGN,DCG,-0.9102893973042157,1.1538053360790355,-1.3132699992645953,-0.15946466318555985,-0.4168124598173376,-1.4276156804284292,True
PSME3IP1,NEUTRAL,0.01982203619963883,0.13750352374993502,0.028597153325540456,0.1661006770754755,-0.08574852783829419,-0.08574852783829401,False
ZFAND1,DCG,-0.9531298200452858,1.3923174227787602,-1.375075664702724,0.01724175807603623,-0.2389489923404654,-1.4894213458665582,True
AIFM2,NEUTRAL,0.001457386589560813,0.13750352374993502,0.002102564405417464,0.13960608815535247,-0.11224311675841636,-0.11224311675841636,False
KDELR2,DIG,-1.6551554205503272,0.6553518286125543,-2.3878845171284437,-1.7325326885158896,-1.972534652998983,-2.5022301982922803,True
RSPO3,DIG,1.5213136416460404,0.4329594072761063,2.194791646439472,2.6277510537155786,2.389979602996073,2.0804459652756377,True
ADCK2,DIG,0.896765432428075,0.632268215499513,1.2937590422046308,1.9260272577041437,1.6826132154953999,1.179413361040796,True
OCSTAMP,DCG,-0.8589088614627033,1.2779847472997656,-1.2391435550078278,0.03884119229193783,-0.20669458565632864,-1.3534892361716553,True
SNORD14C,NEUTRAL,-0.0019061972798426901,0.13750352374993502,-0.0027500613625850807,0.13475346238734995,-0.11709574252641947,-0.11709574252641895,False
KRT8P32,NEUTRAL,-0.04889554188836937,0.13750352374993502,-0.07054135580392908,0.06696216794600594,-0.1848870369677623,-0.1848870369677623,False
TSPO2,DIG,1.2153895931732934,0.560714954474479,1.753436538819165,2.314151493293644,2.0459906630416542,1.6390908576553294,True
GPALPP1,NEUTRAL,0.0020666925466140073,0.13750352374993502,0.0029816070880422114,0.14048513083797723,-0.1113640740757905,-0.11136407407579085,False
MUC19,DIG,-1.2979496735912281,0.53605290024021,-1.8725455574135137,-1.3364926571733036,-1.591203212529438,-1.9868912385773483,True
SLC7A6OS,NEUTRAL,0.03567044998375521,0.13750352374993502,0.051461581297841445,0.18896510504777647,-0.06288409986599351,-0.06288409986599267,False
OR52N2,NEUTRAL,0.04970137424550242,0.13750352374993502,0.07170392614935278,0.2092074498992878,-0.04264175501448026,-0.042641755014480594,False
SYT7,DIG,-1.1069073488783712,0.5109619192773794,-1.5969297429503757,-1.0859678236729962,-1.3262576219171043,-1.7112754241142114,True
CLLU1,DIG,-1.4378978284452177,0.45943161863729726,-2.0744480664029252,-1.615016447765628,-1.8618403482485577,-2.1887937475667494,True
MTFP1,NEUTRAL,0.010242294966467554,0.13750352374993502,0.014776508155444732,0.15228003190537975,-0.09956917300838984,-0.09956917300839001,False
AOC1,DIG,1.6916269389494174,0.560714954474479,2.440501795856502,3.001216750330981,2.7552417390012467,2.3261561146926653,True
LINC02266,NEUTRAL,-0.0036154318654233026,0.13750352374993502,-0.005215965622918133,0.1322875581270169,-0.1195616467867521,-0.11956164678675194,False
AKAP3,DSG,-0.033821307509927956,1.1538053360790355,-0.048793832620953714,1.1050115034580816,0.8551293246294912,-0.1631395137847891,False
COPS5P1,DIG,-0.622778926785161,0.45943161863729726,-0.8984800692431026,-0.4390484506058054,-0.678473465169711,-1.012825750406934,True
BANP,NEUTRAL,-0.06058714948483127,0.13750352374993502,-0.08740878010336439,0.05009474364657063,-0.2017544612671988,-0.2017544612671988,False
HMGB1P3,NEUTRAL,-0.02143859521857497,0.13750352374993502,-0.03092935500546395,0.10657416874447107,-0.1452750361692979,-0.14527503616929774,False
RMI2,DSG,-0.03312287339818504,1.4059923596758368,-0.04778620519155452,1.3582061544842823,1.1034532688218042,-0.1621318863553879,False
OPCML,NEUTRAL,0.007473282593752895,0.13750352374993502,0.010781667737169112,0.14828519148710412,-0.1035640134266667,-0.10356401342666602,False
PHACTR1,DIG,-1.6660012099812025,0.5109619192773794,-2.4035316837548937,-1.8925697644775141,-2.154717650028076,-2.517877364918727,True
ZBTB5,NEUTRAL,0.01616763299919865,0.13750352374993502,0.023324963950856648,0.16082848770079167,-0.0910207172129766,-0.0910207172129766,False
GORAB,DCG,-0.8662694422069391,1.2479275134435854,-1.2497626283455996,-0.0018351149020141566,-0.24906622938741416,-1.3641083095094335,True
KIF5B,DIG,-1.671870747992536,0.5109619192773794,-2.411999637136154,-1.9010377178587743,-2.1459552668888033,-2.526345318299988,True
ACTR6,NEUTRAL,-0.07734159040523794,0.13750352374993502,-0.11158032893210222,0.025923194817832798,-0.22592601009593635,-0.22592601009593635,False
TPX2,DSG,0.0814438124579349,-0.7369655941662062,0.11749858434415346,-0.6194670098220527,-0.8713162147358214,0.0031529031803198392,False
MORF4,NEUTRAL,-0.01018069986552753,0.13750352374993502,-0.014687645208775505,0.12281587854115951,-0.12903332637260934,-0.1290333263726088,False
EPN3,DSG,-0.07751382294546223,1.2479275134435854,-0.11182880796376352,1.136098705479822,0.8913005529064304,-0.22617448912759888,False
MEST,DIG,-1.6315034274409297,0.4854268271702419,-2.353761903962376,-1.868335076792134,-2.118952030741471,-2.4681075851262113,True
MTG1,NEUTRAL,0.012384551058831395,0.13750352374993502,0.017867130396212214,0.15537065414614723,-0.09647855076762141,-0.09647855076762192,False
CHRNG,NEUTRAL,0.04736997572234533,0.13750352374993502,0.0683404290616582,0.20584395281159323,-0.04600525210217552,-0.04600525210217552,False
LINC01411,DIG,0.9027861959925,0.5849625007211562,1.3024451679413915,1.8874076686625476,1.618317964248925,1.188099486777555,True
TK2,NEUTRAL,-0.02954137042605959,0.13750352374993502,-0.04261918861474006,0.09488433513519495,-0.15696486977857388,-0.1569648697785737,False
PPP1R2B,NEUTRAL,0.0006965208316585452,0.13750352374993502,0.0010048671497096397,0.13850839089964465,-0.11334081401412444,-0.11334081401412512,False
ZNF37CP,DIG,0.6258696010381913,0.632268215499513,0.9029389696609528,1.5352071851604658,1.2760911441045653,0.7885932884971167,True
TMEM222,NEUTRAL,-0.0014214834137573499,0.13750352374993502,-0.002050767071733643,0.13545275667820136,-0.11639644823556818,-0.11639644823556765,False
PTPRG,NEUTRAL,0.01053463739042177,0.13750352374993502,0.015198269120724939,0.15270179287065996,-0.0991474120431104,-0.09914741204311023,False
ARL6IP5,NEUTRAL,-0.07838984954662329,0.13750352374993502,-0.11309264719694537,0.024410876552989652,-0.22743832836077857,-0.22743832836077837,False
PTMAP10,DIG,0.5742567444790458,0.5109619192773794,0.82847735745696,1.3394392767343395,1.0910919911599313,0.7141316762931234,True
ZNF527,DSG,-0.02856854901123778,1.232660756790275,-0.041215703983906046,1.191445052806369,0.9446592486631412,-0.155561385147741,False
HROB,NEUTRAL,-0.03175289611736258,0.13750352374993502,-0.045809745762381414,0.0916937779875536,-0.1601554269262148,-0.16015542692621515,False
CYB5D2,NEUTRAL,-0.017377797114860042,0.13750352374993502,-0.02507086171918312,0.1124326620307519,-0.13941654288301597,-0.13941654288301597,False
SNCG,NEUTRAL,0.004274284115930878,0.13750352374993502,0.006166488497403946,0.14367001224733897,-0.10817919266642942,-0.10817919266642977,False
MIR4458,DSG,0.021087126391985272,-0.7369655941662062,0.030422292672315932,-0.7065433014938903,-0.9583925064076536,-0.08392338849151665,False
SIGLEC6,DIG,1.4964784214200861,0.6553518286125543,2.1589619973801026,2.814313825992657,2.5467565822932596,2.0446163162162665,True
YTHDC1,NEUTRAL,-0.016295948252849125,0.13750352374993502,-0.023510083730968603,0.11399344001896641,-0.13785576489480358,-0.13785576489480342,False
ZNF384,DIG,0.6977279140340279,0.6553518286125543,1.006608601466693,1.6619604300792474,1.4187711627575221,0.8922629203028568,True
ZFHX4,DCG,-0.7629544153957177,1.1538053360790355,-1.1007105515157403,0.053094784563295194,-0.201457345481039,-1.2150562326795757,True
PCDHB8,NEUTRAL,-0.022334257187526723,0.13750352374993502,-0.03222152208638349,0.10528200166355153,-0.14656720325021808,-0.14656720325021788,False
KCTD5P1,NEUTRAL,0.0519333979854016,0.13750352374993502,0.07492405573005177,0.2124275794799868,-0.03942162543378191,-0.03942162543378125,False
CAPN12,DSG,-0.09083604548846647,1.1210154009613662,-0.13104871236017487,0.9899666886011913,0.7443218695992683,-0.2453943935240083,False
MVK,NEUTRAL,-0.007572384108508016,0.13750352374993502,-0.010924641001050908,0.12657888274888413,-0.1252703221648851,-0.1252703221648851,False
LY96,DCG,-1.045854373012109,1.3504972470841334,-1.5088489174366058,-0.15835167035247233,-0.40939604145255404,-1.62319459860044,True
SLC14A2,NEUTRAL,0.022885492983316786,0.13750352374993502,0.033016787235330296,0.17052031098526532,-0.0813288939285037,-0.08132889392850319,False
MARCHF7,NEUTRAL,-0.01819742610637935,0.13750352374993502,-0.026253336400616847,0.11125018734931817,-0.14059901756445067,-0.14059901756445067,False
TVP23A,DCG,-0.8124744761808428,1.0531113364595626,-1.1721528976349602,-0.11904156117539766,-0.3722480755636212,-1.2864985787987941,True
ESRP1,DCG,-1.0378347352998214,1.446256229889564,-1.4972790258793625,-0.05102279598979842,-0.30349279064156315,-1.6116247070431968,True
CHRNA9,NEUTRAL,0.014402128272134978,0.13750352374993502,0.02077787903645587,0.15828140278639088,-0.09356780212737813,-0.09356780212737846,False
IL27RA,DIG,0.5601357852946786,0.632268215499513,0.8081051196690779,1.4403733351685908,1.2164596184196743,0.6937594385052416,True
CGNL1,NEUTRAL,-0.019494229756589588,0.13750352374993502,-0.028124228595781866,0.10937929515415315,-0.1424699097596142,-0.1424699097596149,False
PINK1-AS,NEUTRAL,0.0444658356771954,0.13750352374993502,0.06415064062047335,0.20165416437040837,-0.05019504054336023,-0.050195040543360395,False
ULBP2,NEUTRAL,-0.013432440092417982,0.13750352374993502,-0.019378914708369513,0.1181246090415655,-0.13372459587220242,-0.13372459587220278,False
MCTP1,NEUTRAL,-0.023126005885954884,0.13750352374993502,-0.03336377400723609,0.10413974974269893,-0.1477094551710695,-0.14770945517106934,False
NUP93,NEUTRAL,-0.019456380497854517,0.13750352374993502,-0.028069623657903456,0.10943390009203156,-0.14241530482173853,-0.1424153048217378,False
SLAMF1,DCG,-1.0539533354116482,1.3923174227787602,-1.520533250326767,-0.12821582754800676,-0.36928610110525534,-1.6348789314906023,True
DLGAP2,NEUTRAL,-0.0030054444620349605,0.13750352374993502,-0.004335939821045036,0.13316758392888997,-0.118681620984879,-0.11868162098487882,False
CENPS-CORT,NEUTRAL,-0.10612004452199963,0.13750352374993502,-0.15309886197080488,-0.015595338220869864,-0.267444543134638,-0.267444543134638,False
ACKR2,NEUTRAL,0.005375747530052576,0.13750352374993502,0.007755564302677945,0.14525908805261295,-0.10659011686115576,-0.10659011686115558,False
CCNY,DIG,-0.9499292795066466,0.53605290024021,-1.370458260739465,-0.8344053604992551,-1.0869389934902547,-1.4848039419032997,True
SNORD58A,NEUTRAL,-0.04565734907377688,0.13750352374993502,-0.06586963108887421,0.07163389266106081,-0.18021531225270876,-0.18021531225270876,False
NFE2L3P1,NEUTRAL,-0.058954538736052366,0.13750352374993502,-0.08505342067239904,0.052450103077535976,-0.1993991018362322,-0.1993991018362322,False
SYNRG,DIG,1.1543595884198694,0.4854268271702419,1.6653888536159704,2.1508156807862124,1.9232900974742244,1.5510431724521345,True
SLC22A7,DIG,-1.7163747009482526,0.608809242675524,-2.476205269365322,-1.8673960266897978,-2.1191355173576714,-2.5905509505291384,True
LINC01117,NEUTRAL,0.0583009286671135,0.13750352374993502,0.08411046066726585,0.22161398441720087,-0.030235220496567444,-0.03023522049656761,False
SEPTIN9-DT,DSG,0.04055133318826782,1.2016338611696507,0.05850320729215003,1.2601370684618007,1.0168311244997834,-0.05584247387168322,False
RNF138,NEUTRAL,0.06472419346487042,0.13750352374993502,0.09337727293730641,0.23088079668724143,-0.020968408226526944,-0.020968408226526944,False
MIR4724,NEUTRAL,-0.0008212570145585484,0.13750352374993502,-0.001184823422198893,0.13631870032773613,-0.11553050458603224,-0.11553050458603224,False
ADCY8,DCG,-0.829716858328092,1.1210154009613662,-1.197028396851909,-0.07601299589054289,-0.3132297281376668,-1.3113740780157408,True
MRPL14,DIG,1.23705111282074,0.4329594072761063,1.7846875057926552,2.2176469130687617,1.955711476591238,1.6703418246288213,True
SYNC,NEUTRAL,0.04065367289961656,0.13750352374993502,0.05865085228619885,0.19615437603613387,-0.05569482887763615,-0.05569482887763615,False
GMPSP1,NEUTRAL,0.015855837433122792,0.13750352374993502,0.022875138033907845,0.16037866178384286,-0.09147054312992718,-0.09147054312992718,False
LINC01132,DCG,-0.9558029016098246,1.3362833878644325,-1.378932106219776,-0.04264871835534345,-0.2927175696100854,-1.4932777873836114,True
MRC2,DCG,-0.7544139914889325,1.0874628412503395,-1.0883893242983316,-0.0009264830479920327,-0.2504396880864867,-1.2027350054621675,True
WDR48,NEUTRAL,-0.03531890602974479,0.13750352374993502,-0.05095441057873611,0.0865491131711989,-0.16530009174257057,-0.16530009174257146,False
PMAIP1,NEUTRAL,-0.015300169565009496,0.13750352374993502,-0.02207347875619945,0.11543004499373558,-0.13641915992003256,-0.13641915992003223,False
NCAPD2,DIG,-0.9694005484885547,0.53605290024021,-1.398549363939479,-0.862496463699269,-1.0987973913872138,-1.5128950451033139,True
PLAGL1,DIG,-1.3652119424458065,0.4329594072761063,-1.969584499128954,-1.5366250918528477,-1.7596756235065822,-2.0839301802927896,True
SPATA21,NEUTRAL,0.005775333319093952,0.13750352374993502,0.008332044738937642,0.14583556848887266,-0.10601363642489779,-0.10601363642489796,False
MROH6,DCG,-0.8581438733912053,1.1043366598147357,-1.2380399105107385,-0.13370325069600275,-0.3671347971209949,-1.3523855916745726,True
RAB38,NEUTRAL,0.015443944596630066,0.13750352374993502,0.0222809022813221,0.15978442603125712,-0.09206477888251313,-0.0920647788825128,False
JUN,NEUTRAL,0.007841803965452813,0.13750352374993502,0.011313331692582182,0.14881685544251722,-0.1030323494712507,-0.10303234947125087,False
RHOBTB2,NEUTRAL,-0.02475765655225621,0.13750352374993502,-0.035717748331972186,0.10178577541796283,-0.15006342949580548,-0.15006342949580515,False
LINC01800,DIG,0.8273675160256725,0.45943161863729726,1.1936390123628577,1.653070631000155,1.4273089050650258,1.0792933311990194,True
HTR3A,NEUTRAL,-0.03885444512594121,0.13750352374993502,-0.05605511529968774,0.08144840845024728,-0.17040079646352294,-0.1704007964635233,False
TTC4P1,DIG,-1.0215576629060146,0.560714954474479,-1.4737961742566266,-0.9130812197821475,-1.1425358268193246,-1.5881418554204587,True
KDM4D,NEUTRAL,-0.005611422354171481,0.13750352374993502,-0.008095571202696668,0.12940795254723836,-0.12244125236653013,-0.1224412523665296,False
STK32B,NEUTRAL,-0.03412602586264,0.13750352374993502,-0.04923344827727923,0.08827007547265578,-0.16357912944111394,-0.16357912944111414,False
RCN1,DIG,-1.0412952545374115,0.5109619192773794,-1.5022714998223345,-0.9913095805449551,-1.2459904062158464,-1.6166171809861696,True
LINC02562,DIG,1.1852253979480865,0.560714954474479,1.7099188039553526,2.2706337584298315,2.0077542947286755,1.595573122791518,True
DUSP18,NEUTRAL,0.04599795555833478,0.13750352374993502,0.06636102237504052,0.20386454612497554,-0.04798465878879388,-0.04798465878879371,False
TGM5,NEUTRAL,-0.035881523757777006,0.13750352374993502,-0.051766096384884414,0.0857374273650506,-0.16611177754871762,-0.16611177754871745,False
MAGOHB,DIG,-1.3433102032845579,0.4329594072761063,-1.9379869686541769,-1.5050275613780706,-1.7619788366957752,-2.052332649818012,True
MYL6P1,DIG,0.5589632195019228,0.4329594072761063,0.8064134648147533,1.2393728720908597,0.9728197404529862,0.6920677836509187,True
HIGD1C,DIG,0.837938589575262,0.5109619192773794,1.208889847749723,1.7198517670271025,1.46566808453583,1.0945441665858864,True
BSDC1,NEUTRAL,-0.00926540595092045,0.13750352374993502,-0.013367155217216023,0.12413636853271899,-0.12771283638104902,-0.12771283638104972,False
DIAPH3,NEUTRAL,0.04332046557060271,0.13750352374993502,0.06249822084770962,0.20000174459764464,-0.05184746031612549,-0.05184746031612499,False
CHD6,DSG,-0.12270836190784566,1.3645724322958561,-0.17703074520005713,1.1875416870957989,0.938946834407766,-0.2913764263638912,False
ZNF385C,NEUTRAL,-0.011546035706962506,0.13750352374993502,-0.016657408456361704,0.12084611529357331,-0.1310030896201948,-0.13100308962019497,False
ATP6AP1L,NEUTRAL,-0.0008346794420678185,0.13750352374993502,-0.0012041878918032085,0.1362993358581318,-0.11554986905563741,-0.11554986905563741,False
BTBD18,DIG,1.0692621786923637,0.4854268271702419,1.5426192426096017,2.0280460697798435,1.7686345816617464,1.4282735614457658,True
TPI1P2,DIG,-1.414829676192745,0.560714954474479,-2.041167757545811,-1.4804528030713322,-1.7244659865831125,-2.155513438709646,True
A2ML1-AS1,DIG,-0.9781229618792715,0.6553518286125543,-1.4111331464828496,-0.7557813178702953,-0.9967349316916868,-1.525478827646684,True
VAT1L,NEUTRAL,-0.031883125071683914,0.13750352374993502,-0.04599762642896096,0.09150589732097406,-0.16034330759279375,-0.1603433075927941,False
ILDR2,DCG,-0.7960526371091405,1.1043366598147357,-1.1484611918439387,-0.04412453202920297,-0.2933051465035828,-1.2628068730077722,True
NPC2,NEUTRAL,-0.0011727609422851996,0.13750352374993502,-0.0016919363955831255,0.1358115873543519,-0.11603761755941758,-0.1160376175594174,False
ALG3P1,DSG,-0.05311746421883008,-3.321928094887362,-0.07663230221310312,-3.398560397100465,-3.650409602014137,-0.19097798337693453,False
ACER2P1,NEUTRAL,0.01888828770364503,0.13750352374993502,0.027250039000932674,0.1647535627508677,-0.0870956421629007,-0.08709564216290086,False
TBC1D4,NEUTRAL,-0.061848966169365464,0.13750352374993502,-0.08922919677665282,0.0482743269732822,-0.20357487794048787,-0.2035748779404877,False
TMEM63A,DCG,-0.8455035243486567,1.2779847472997656,-1.219803741631948,0.05818100566781759,-0.1887271147642641,-1.334149422795782,True
ZNF22,DIG,-0.7737033222373092,0.5109619192773794,-1.1162179461110817,-0.6052560268337023,-0.8668285564790978,-1.2305636272749176,True
SSTR3,NEUTRAL,0.016607744906251835,0.13750352374993502,0.023959911216598465,0.16146343496653348,-0.09038576994723545,-0.09038576994723511,False
RPS23P1,DCG,-0.8623404099991805,1.1375035237499351,-1.2440942330639733,-0.10659070931403813,-0.3688887821529203,-1.3584399142278039,True
MATN2,DCG,0.760252279974301,-0.7369655941662062,1.0968121941434519,0.35984659997724566,0.10799739506347601,0.9824665129796172,True
TIMM17A,DCG,2.0794415416798357,-3.321928094887362,3.0,-0.3219280948873622,-0.5737772998011309,2.885654318836166,True
WHAMM,NEUTRAL,-0.05683794841854083,0.13750352374993502,-0.08199982631773156,0.05550369743220346,-0.1963455074815642,-0.196345507481564,False
DCXR,DSG,0.051420329656428086,1.3923174227787602,0.0741838545962045,1.4665012773749648,1.2140966265264364,-0.04016182656762945,False
CAGE1,DIG,-1.451474568721868,0.45943161863729726,-2.094035162271486,-1.6346035436341886,-1.8951079170848595,-2.2083808434353123,True
RPL23AP58,NEUTRAL,-0.02443360138416941,0.13750352374993502,-0.03525023554799892,0.1022532882019361,-0.14959591671183234,-0.14959591671183217,False
TPTE2P5,NEUTRAL,0.08946395199228824,0.13750352374993502,0.12906919987760254,0.2665727236275376,0.014723518713767916,0.014723518713767916,False
UBE2L5,NEUTRAL,0.015351355014988886,0.13750352374993502,0.022147323751050385,0.1596508475009854,-0.09219835741278323,-0.0921983574127834,False
COL21A1,DIG,-1.661827535675575,0.632268215499513,-2.397510344531879,-1.765242129032366,-2.011041473776912,-2.5118560256957148,True
SETP14,DSG,-0.035646311316025775,1.1699250014423124,-0.05142675656161453,1.118498244880698,0.873189635065333,-0.16577243772544864,False
BTG2,DCG,-0.8549762765714586,1.185866545311334,-1.2334700342873541,-0.04760348897602018,-0.29631112397344117,-1.3478157154511883,True
CAP1P2,DIG,0.8745167785741811,0.5109619192773794,1.2616610196231628,1.7726229389005423,1.515441307387076,1.1473153384593278,True
SCN9A,NEUTRAL,-0.008028077407550346,0.13750352374993502,-0.01158206746374561,0.12592145628618942,-0.12592774862757913,-0.12592774862757897,False
PHB2,DSG,0.004769130323199728,-0.7369655941662062,0.006880400666633427,-0.7300851934995728,-0.9819343984133434,-0.10746528049720262,False
HMMR-AS1,DIG,0.880542011222956,0.4854268271702419,1.2703535928857526,1.7557804200559946,1.4979822784288628,1.1560079117219186,True
MIRLET7B,NEUTRAL,-0.0441858329594998,0.13750352374993502,-0.06374668208821847,0.07375684166171655,-0.17809236325205194,-0.1780923632520523,False
MIR196B,DSG,0.03940065917786886,1.5109619192773793,0.05684313560366763,1.567805054881047,1.321173808271795,-0.05750254556016503,False
H2BC14,DIG,1.0881879149348899,0.53605290024021,1.569923308431867,2.105976208672077,1.8327059694416123,1.4555776272680305,True
BROX,DCG,-0.6735307458352519,1.1699250014423124,-0.9716994669027628,0.1982255345395496,-0.056508292174981024,-1.0860451480665985,True
FGFR2,NEUTRAL,0.001973202819936335,0.13750352374993502,0.0028467299229902685,0.14035025367292528,-0.11149895124084358,-0.11149895124084376,False
CLLU1-AS1,DIG,1.0334626270651432,0.5849625007211562,1.4909714070109623,2.0759339077321184,1.821801875529607,1.3766257258471275,True
HNRNPCP4,DSG,-0.1916891332493353,1.3074285251922473,-0.2765489619311197,1.0308795632611276,0.7811292267211721,-0.3908946430949546,True
ZNF277,DIG,-1.372591637404712,0.45943161863729726,-1.9802311484494404,-1.520799529812143,-1.7660229408706112,-2.0945768296132754,True
LINC01909,NEUTRAL,0.07075934224828712,0.13750352374993502,0.10208415215816874,0.23958767590810376,-0.01226152900566516,-0.01226152900566516,False
EMILIN3,DSG,-0.044331543950228126,1.3362833878644325,-0.06395689861194524,1.2723264892524873,1.0169760529339917,-0.17830257977578054,False
PLEKHG1,NEUTRAL,0.10112077175429285,0.13750352374993502,0.14588643594078307,0.2833899596907181,0.03154075477694835,0.03154075477694867,False
SNHG9,DCG,-0.8384743009673994,1.2779847472997656,-1.2096627159185074,0.06832203138125825,-0.18436320739395212,-1.3240083970823426,True
LDHAP4,DIG,-1.0033745826408136,0.37851162325372983,-1.4475635345299351,-1.0690519112762054,-1.3056420813905374,-1.5619092156937684,True
INO80-AS1,NEUTRAL,-0.03185435737874146,0.13750352374993502,-0.045956123421015065,0.09154740032891995,-0.16030180458484822,-0.16030180458484838,False
TMEM9B,NEUTRAL,0.016633458551903475,0.13750352374993502,0.023997008165663265,0.1615005319155983,-0.09034867299817173,-0.09034867299817173,False
MIR492,DIG,0.9662729917383761,0.5109619192773794,1.3940372533258976,1.9049991726032771,1.6568130380677395,1.2796915721620628,True
WDR33,NEUTRAL,-0.0064755521386608466,0.13750352374993502,-0.009342246957463924,0.1281612767924711,-0.12368792812129725,-0.12368792812129656,False
ARL8B,DIG,-0.698364480675396,0.45943161863729726,-1.0075269730033902,-0.5480953543660929,-0.8028950825159238,-1.121872654167226,True
AKT3-IT1,DCG,-1.0436487103201313,1.4329594072761063,-1.5056668188090157,-0.07270741153290938,-0.3238504434293061,-1.6200124999728336,True
LINC00237,DSG,0.0741868315125449,1.4059923596758368,0.1070289739224136,1.5130213335982503,1.2565371423680185,-0.007316707241419613,False
LINC00487,NEUTRAL,-0.034800365151743506,0.13750352374993502,-0.05020631422554546,0.08729720952438956,-0.16455199538937898,-0.16455199538937898,False
TXN2P1,NEUTRAL,-0.025969318938909233,0.13750352374993502,-0.03746580764842819,0.10003771610150683,-0.15181148881226197,-0.1518114888122616,False
DYNC1LI2,NEUTRAL,-0.020238616565698225,0.13750352374993502,-0.029198151753786056,0.10830537199614897,-0.14354383291762124,-0.14354383291762124,False
LCE2B,DCG,-0.8832385707435296,1.0874628412503395,-1.2742439059335462,-0.18678106468320665,-0.46066501609763616,-1.3885895870973706,True
C3orf18,NEUTRAL,-0.055021665167197795,0.13750352374993502,-0.07937948347816928,0.05812404027176574,-0.1937251646420031,-0.19372516464200365,False
ATG9A,NEUTRAL,-0.039296968789844296,0.13750352374993502,-0.056693541995076736,0.08080998175485829,-0.17103922315891174,-0.1710392231589121,False
MSMB,DIG,-1.6104945661413141,0.4329594072761063,-2.3234525239506967,-1.8904931166745904,-2.1502394920516044,-2.4377982051145315,True
VKORC1L1,DSG,0.02693841228935871,1.4059923596758368,0.038863913819280116,1.444856273495117,1.1874429610432242,-0.07548176734455365,False
TOGARAM2,DIG,-0.9858125913004645,0.608809242675524,-1.4222269367150786,-0.8134176940395546,-1.0618383543223127,-1.536572617878914,True
BPIFB9P,DSG,-0.04183436673707588,1.4059923596758368,-0.06035423343030958,1.3456381262455273,1.0980706741971602,-0.17469991459414283,False
PIGP,DIG,-1.4883731524433599,0.4329594072761063,-2.1472685660223085,-1.7143091587462023,-1.9886902640001185,-2.261614247186144,True
RIPK3,NEUTRAL,-0.033885259835562835,0.13750352374993502,-0.048886096324000476,0.08861742742593454,-0.16323177748783427,-0.16323177748783355,False
PAX9,DIG,-1.237332705659549,0.4854268271702419,-1.7850937583847548,-1.2996669312145128,-1.5354780994650272,-1.8994394395485887,True
LINC01219,NEUTRAL,0.07425523933716278,0.13750352374993502,0.10712766555174782,0.24463118930168284,-0.007218015612086444,-0.007218015612086606,False
ZRSR2P1,NEUTRAL,0.06382781351870283,0.13750352374993502,0.0920840700342181,0.2295875937841531,-0.02226161112961538,-0.022261611129616034,False
ANKRD12,NEUTRAL,-0.018159585136817778,0.13750352374993502,-0.02619874342148794,0.11130478032844708,-0.14054442458532215,-0.14054442458532215,False
PAIP2B,DIG,-0.5981699679233126,0.560714954474479,-0.8629768463316734,-0.3022618918571943,-0.5347892284733291,-0.97732252749551,True
ZBTB48,NEUTRAL,-0.0013409625437046859,0.13750352374993502,-0.0019346000118206003,0.1355689237381144,-0.11628028117565366,-0.11628028117565382,False
CST5,DSG,0.12148332856120309,1.3504972470841334,0.17526339566593227,1.5257606427500656,1.2754815579572394,0.06091771450209733,False
MYO1A,DIG,-0.7026854167526004,0.45943161863729726,-1.0137607660539711,-0.5543291474166738,-0.7986289282298098,-1.128106447217803,True
LINC00485,NEUTRAL,0.006984425262355889,0.13750352374993502,0.010076395689460439,0.14757991943939547,-0.10426928547437288,-0.10426928547437288,False
PTPRA,DSG,-0.07671434387543827,1.3074285251922473,-0.11067540347414542,1.1967531217181018,0.9441461539003445,-0.22502108463797912,False
WFIKKN1,DSG,-0.052649330545204834,1.3785116232537298,-0.07595692808369084,1.3025546951700389,1.0557868662377556,-0.19030260924752457,False
WBP11P2,NEUTRAL,-0.0004378419739073631,0.13750352374993502,-0.0006316724444491876,0.13687185130548582,-0.11497735360828244,-0.11497735360828244,False
RPS26P19,NEUTRAL,-0.04631611681503876,0.13750352374993502,-0.06682003204229035,0.07068349170764467,-0.18116571320612446,-0.1811657132061243,False
ZNF587,DIG,-0.8015167752285889,0.560714954474479,-1.1563442768115992,-0.5956293223371202,-0.8467090891912596,-1.2706899579754334,True
CCDC174,DIG,-0.7068632829285916,0.4329594072761063,-1.0197881528675714,-0.5868287455914651,-0.8259685090450434,-1.1341338340314058,True
PPM1B,DIG,-1.565088881971328,0.45943161863729726,-2.2579459685704872,-1.79851434993319,-2.0391568234164477,-2.372291649734321,True
ATP1B1,DCG,-0.8798272264555319,1.2479275134435854,-1.269322376446487,-0.0213948630029015,-0.26458125732535603,-1.3836680576103217,True
FHOD3,NEUTRAL,0.0391210879972088,0.13750352374993502,0.05643979964775389,0.1939433233976889,-0.05790588151607945,-0.057905881516079116,False
GRAMD1B,NEUTRAL,-0.017676942085719252,0.13750352374993502,-0.025502436685148573,0.11200108706478645,-0.13984811784898302,-0.13984811784898285,False
EREG,DIG,0.942656587931718,0.608809242675524,1.3599659846704006,1.9687752273459247,1.719524388725864,1.2456203035065663,True
KDM4A-AS1,NEUTRAL,-0.007868875582047644,0.13750352374993502,-0.011352387779592391,0.12615113597034264,-0.12569806894342656,-0.12569806894342672,False
DCK,DIG,1.5771402472163556,0.37851162325372983,2.27533241344543,2.65384403669916,2.3948325937109867,2.160986732281596,True
LRRC66,NEUTRAL,-0.07728182690037799,0.13750352374993502,-0.11149410842001461,0.026009415329920405,-0.22583978958384907,-0.22583978958384926,False
NBPF22P,NEUTRAL,0.03440660523509925,0.13750352374993502,0.04963823874650194,0.18714176249643696,-0.06470744241733255,-0.06470744241733238,False
NBL1,NEUTRAL,-0.02510749246451905,0.13750352374993502,-0.036222454867718655,0.10128106888221636,-0.15056813603155286,-0.15056813603155234,False
CDC26,NEUTRAL,0.005263583901750942,0.13750352374993502,0.007593746392359065,0.1450972701422941,-0.10675193477147434,-0.10675193477147452,False
SERTAD2,DIG,-1.666462426761792,0.45943161863729726,-2.404197078917025,-1.9447654602797275,-2.170007388909161,-2.5185427600808588,True
HOXA11-AS,DSG,0.05310141807036929,-0.7369655941662062,0.07660915251429337,-0.6603564416519129,-0.9122056465656826,-0.03773652864954158,False
TSSC2,NEUTRAL,0.00015365096304114094,0.13750352374993502,0.00022167148240726742,0.13772519523234228,-0.11412400968142658,-0.11412400968142693,False
RNA5SP290,NEUTRAL,-0.064206106683007,0.13750352374993502,-0.09262983170636192,0.044873692043573096,-0.20697551287019408,-0.20697551287019444,False
COPZ1,NEUTRAL,-0.02962475858032644,0.13750352374993502,-0.042739492291369724,0.0947640314585653,-0.15708517345520265,-0.15708517345520248,False
CAP2P1,NEUTRAL,-0.014351691269329466,0.13750352374993502,-0.020705113822631054,0.11679840992730396,-0.13505079498646458,-0.1350507949864644,False
JAKMIP1,NEUTRAL,-0.010996904480733819,0.13750352374993502,-0.015865179559484303,0.12163834419045072,-0.1302108607233187,-0.1302108607233187,False
OR7E53P,DIG,0.6847080192282591,0.53605290024021,0.9878248637975143,1.5238777640377243,1.2446452858485373,0.8734791826336786,True
ZBTB1,NEUTRAL,0.0018702737378661586,0.13750352374993502,0.0026982346467243723,0.14020175839665938,-0.11164744651710944,-0.11164744651710909,False
PRSS12,NEUTRAL,-0.005958281531312454,0.13750352374993502,-0.008595983217444777,0.12890754053249023,-0.12294166438127793,-0.12294166438127777,False
ALOX12B,NEUTRAL,0.008024740521555272,0.13750352374993502,0.011577253354868505,0.14908077710480352,-0.10276842780896596,-0.10276842780896596,False
MTOR,NEUTRAL,0.015763545234515237,0.13750352374993502,0.022741988536663985,0.160245512286599,-0.09160369262717043,-0.09160369262717026,False
PGC,DIG,-0.6123419536376167,0.608809242675524,-0.8834226998412492,-0.27461345716572516,-0.5353669939222105,-0.9977683810050835,True
CCNP,DSG,0.0914339250171811,1.4594316186372973,0.1319112701913005,1.5913428888285979,1.3406122077170446,0.01756558902746634,False
SYT14,DCG,0.9225109811939074,-0.7369655941662062,1.330902017734062,0.5939364235678558,0.34208721865408703,1.216556336570228,True
GNG10,NEUTRAL,0.04765835380690948,0.13750352374993502,0.06875647069415995,0.20625999444409499,-0.04558921046967415,-0.04558921046967432,False
SOCS1,DSG,0.024112975377109595,1.0874628412503395,0.0347876699976337,1.1222505112479733,0.865907988471241,-0.07955801116620148,False
PPIC-AS1,NEUTRAL,0.010482111057004985,0.13750352374993502,0.015122489639988463,0.1526260133899235,-0.09922319152384543,-0.0992231915238456,False
SSBP4,DIG,-0.611263284134434,0.6780719051126378,-0.8818665086982493,-0.20379460358561152,-0.44442336476224087,-0.9962121898620855,True
EXOC3L1,NEUTRAL,-0.03934693045488992,0.13750352374993502,-0.05676562144147262,0.0807379023084624,-0.17111130260530713,-0.17111130260530677,False
SEMA3F,NEUTRAL,-0.0606032927842838,0.13750352374993502,-0.08743206996142815,0.05007145378850687,-0.20177775112526325,-0.2017777511252627,False
DPP4,NEUTRAL,-0.11899087411058121,0.13750352374993502,-0.17166754399037845,-0.03416402024044343,-0.2860132251542127,-0.2860132251542127,False
SPINK1,NEUTRAL,-0.01632610498640275,0.13750352374993502,-0.023553590700915825,0.1139499330490192,-0.13789927186475004,-0.1378992718647502,False
TMPRSS4,NEUTRAL,-0.028242843073337593,0.13750352374993502,-0.04074580964250936,0.09675771410742566,-0.15509149080634418,-0.15509149080634366,False
TTF1,NEUTRAL,0.025412391077805865,0.13750352374993502,0.03666233058508146,0.17416585433501647,-0.0776833505787523,-0.0776833505787523,False
PRKAB1,NEUTRAL,-0.03782472166167907,0.13750352374993502,-0.05456953836430975,0.08293398538562527,-0.1689152195281431,-0.16891521952814254,False
HM13,DSG,0.0008039020419248821,1.4982508675278254,0.001159785489245539,1.499410653017071,1.246008683891811,-0.11318589567458937,False
MED19,DIG,-1.5944678339816718,0.4329594072761063,-2.300330836942325,-1.8673714296662187,-2.0994246123669207,-2.414676518106159,True
EIF3EP1,DIG,1.6125206528335048,0.35049724708413343,2.3263755491739313,2.6768727962580647,2.4332035972661803,2.212029868010096,True
FBXO2,NEUTRAL,0.017033151105187144,0.13750352374993502,0.024573642630165857,0.1620771663801009,-0.08977203853366869,-0.08977203853366886,False
DSG1-AS1,NEUTRAL,0.10251597860560324,0.13750352374993502,0.14789929394618287,0.28540281769611786,0.03355361278234802,0.03355361278234865,False
SPRYD4,DIG,1.3238086468338908,0.5849625007211562,1.9098521698731834,2.4948146705943395,2.245738795296077,1.7955064887093481,True
MTBP,DCG,-0.8993860304062937,1.0874628412503395,-1.2975397659119705,-0.21007692466163097,-0.4594739429834789,-1.4118854470758058,True
AP3B1,NEUTRAL,-0.04753229306026291,0.13750352374993502,-0.06857460348012219,0.06892892026981283,-0.18292028464395582,-0.182920284643956,False
STIMATE,NEUTRAL,0.019114242403626622,0.13750352374993502,0.027576022726061668,0.16507954647599668,-0.08676965843777298,-0.08676965843777282,False
MCEE,DIG,-0.894940215081649,0.53605290024021,-1.2911258101903973,-0.7550729099501873,-0.9810253987997108,-1.4054714913542319,True
COPS2,NEUTRAL,-0.01877843927340532,0.13750352374993502,-0.027091561215376404,0.11041196253455862,-0.14143724237920904,-0.14143724237920904,False
ZFC3H1,DIG,-1.2072902535139813,0.53605290024021,-1.7417516616582005,-1.2056987614179904,-1.4708326930032871,-1.8560973428220362,True
LINC02147,NEUTRAL,0.024715026051169795,0.13750352374993502,0.035656245519464204,0.17315976926939922,-0.07868943564437011,-0.07868943564436978,False
SPCS3,NEUTRAL,-0.022166759537790345,0.13750352374993502,-0.03197987405774826,0.10552364969218675,-0.14632555522158097,-0.14632555522158097,False
ETV7,DIG,-0.5765065877832585,0.560714954474479,-0.8317231952347249,-0.2710082407602459,-0.5332686409940721,-0.9460688763985607,True
CAMKK2,NEUTRAL,0.026640344636598617,0.13750352374993502,0.03843389309479372,0.17593741684472874,-0.07591178806903999,-0.07591178806904032,False
FKBP5,DIG,-0.8731844358804339,0.405992359675837,-1.259738855426129,-0.853746495750292,-1.1250464559478568,-1.3740845365899645,True
FAM182B,DSG,0.017682533143038096,1.1538053360790355,0.0255105028758158,1.1793158389548513,0.9298467740675188,-0.08883517828801944,False
CEACAM7,DIG,1.401611874044118,0.560714954474479,2.0220984999345353,2.582813454409014,2.3350195614416536,1.9077528187706998,True
RANBP17,DIG,1.090776549369713,0.608809242675524,1.5736579184936605,2.1824671611691846,1.9160931366625735,1.4593122373298237,True
CCDC192,NEUTRAL,0.032325458891259505,0.13750352374993502,0.046635779236880136,0.18413930298681516,-0.0677099019269542,-0.0677099019269542,False
HADHA,DIG,1.3631768491900138,0.4329594072761063,1.9666484801810753,2.3996078874571816,2.152450470320018,1.8523027990172403,True
RASL11A,NEUTRAL,-0.03677753470451179,0.13750352374993502,-0.05305876693432091,0.08444475681561411,-0.1674044480981562,-0.167404448098156,False
MRPL45P2,NEUTRAL,0.04904068530621531,0.13750352374993502,0.07075075349307308,0.2082542772430081,-0.04359492767076094,-0.04359492767076078,False
ZNF83,DIG,1.4228730423601286,0.6553518286125543,2.0527718820275496,2.7081237106401037,2.4489198900616724,1.9384262008637143,True
LINC01447,DIG,1.700180081252846,0.5849625007211562,2.452841371841676,3.037803872562832,2.803883130282342,2.3384956906778336,True
JHY,NEUTRAL,-0.023717027589402535,0.13750352374993502,-0.034216438087857765,0.10328708566207725,-0.14856211925169133,-0.14856211925169116,False
SNRPGP2,NEUTRAL,0.01987758905676157,0.13750352374993502,0.028677299157018644,0.16618082290695366,-0.08566838200681509,-0.08566838200681492,False
SPRED2,DIG,1.0496623347570886,0.4854268271702419,1.5143426449619828,1.9997694721322246,1.7610014605142355,1.3999969637981489,True
ZPLD2P,NEUTRAL,-0.0600988553864889,0.13750352374993502,-0.0867043206291905,0.05079920312074451,-0.20105000179302418,-0.20105000179302399,False
FKBP8,DIG,-0.7807759984994799,0.5109619192773794,-1.1264216610803284,-0.6154597418029489,-0.857142625389042,-1.240767342244165,True
L3MBTL2-AS1,NEUTRAL,0.026453913623341638,0.13750352374993502,0.03816492999649997,0.175668453746435,-0.07618075116733312,-0.07618075116733312,False
LINC02447,NEUTRAL,-0.027659674369620767,0.13750352374993502,-0.039904475045655446,0.09759904870427957,-0.15425015620949026,-0.15425015620949042,False
RERG-IT1,DIG,-1.422691937267351,0.45943161863729726,-2.0525106026083195,-1.5930789839710222,-1.8506222392971219,-2.1668562837721512,True
FAM133EP,DIG,-0.9165459194557436,0.560714954474479,-1.3222962527458166,-0.7615812982713376,-1.007672486297244,-1.4366419339096386,True
CCT3,DCG,-0.8962659534070487,1.2630344058337937,-1.293038446297968,-0.030004040464174375,-0.2686511053603422,-1.4073841274618029,True
NVL,DCG,-0.8359293787990585,1.070389327891398,-1.2059911693267935,-0.13560184143539544,-0.3805675974132027,-1.3203368504906277,True
MARCHF11,DSG,0.055997566479580235,-3.321928094887362,0.08078741146194046,-3.2411406834254217,-3.492989888339184,-0.033558269701893,False
MSH2-OT1,DIG,0.7743978249023824,0.608809242675524,1.117219901661867,1.726029144337391,1.4870194475952245,1.0028742204980297,True
FBXW8,NEUTRAL,-0.01396413390131527,0.13750352374993502,-0.020145986729736994,0.11735753702019802,-0.13449166789357003,-0.13449166789356967,False
SNORD19B,NEUTRAL,-0.051279979894891366,0.13750352374993502,-0.07398137269124552,0.0635221510586895,-0.18832705385507945,-0.18832705385507945,False
CYP1A2,NEUTRAL,-0.010497187505463666,0.13750352374993502,-0.015144240357414018,0.122359283392521,-0.12948992152124764,-0.12948992152124728,False
EEF1A1P12,NEUTRAL,-0.05787690088201005,0.13750352374993502,-0.08349871788449797,0.054004805865437044,-0.19784439904833087,-0.19784439904833087,False
RPL12P6,DIG,-0.8150272879614149,0.53605290024021,-1.1758358265311144,-0.6397829262909044,-0.8864595909446183,-1.2901815076949494,True
LINC00882,DIG,0.8316256234771431,0.560714954474479,1.1997821628666667,1.7604971173411457,1.475356607727509,1.0854364817028308,True
RPL14,NEUTRAL,-0.04780125901186216,0.13750352374993502,-0.06896263932466241,0.0685408844252726,-0.1833083204884966,-0.1833083204884966,False
ADAT2,DIG,0.8421346997109493,0.5109619192773794,1.214943555033503,1.7259054743108826,1.4969899243358558,1.1005978738696687,True
FIBIN,DIG,-1.3130425058992712,0.37851162325372983,-1.8943199117372962,-1.5158082884835664,-1.7618540873749626,-2.0086655929011292,True
FIS1,DIG,-1.190277959812642,0.45943161863729726,-1.7172081099011316,-1.2577764912638343,-1.4990357058276886,-1.8315537910649666,True
ZC3H12A,NEUTRAL,-0.023722542661607973,0.13750352374993502,-0.034224394655178694,0.10327912909475633,-0.14857007581901144,-0.1485700758190118,False
LYPLA2P1,DIG,1.630959975578733,0.5109619192773794,2.352977868655823,2.8639397879332025,2.603473735270754,2.238632187491988,True
NPEPPS,DIG,1.0597580986277049,0.5109619192773794,1.5289077534321067,2.0398696727094863,1.791598025697683,1.4145620722682724,True
ITGAV,NEUTRAL,-0.02323234771837652,0.13750352374993502,-0.03351719284150983,0.10398633090842518,-0.1478628740053441,-0.1478628740053441,False
PTBP1,NEUTRAL,-0.01006143975773496,0.13750352374993502,-0.01451558924268728,0.12298793450724774,-0.1288612704065203,-0.12886127040652065,False
FBXO15,NEUTRAL,0.011862495213912146,0.13750352374993502,0.017113963017680117,0.15461748676761514,-0.09723171814615493,-0.09723171814615458,False
SORCS1,NEUTRAL,0.026002129419308226,0.13750352374993502,0.037513143165789,0.175016666915724,-0.07683253799804597,-0.07683253799804614,False
HYAL1,NEUTRAL,0.007293585735149318,0.13750352374993502,0.010522419970398406,0.14802594372033342,-0.10382326119343459,-0.10382326119343459,False
E2F3P1,NEUTRAL,-0.003682443173384506,0.13750352374993502,-0.005312642504597244,0.1321908812453378,-0.11965832366843156,-0.11965832366843138,False
SMARCD3,DIG,1.6339245966411018,0.4854268271702419,2.3572549127606175,2.8426817399308595,2.6040716339136094,2.2429092315967813,True
OPN4,NEUTRAL,0.03676579359948957,0.13750352374993502,0.05304182810033079,0.1905453518502658,-0.06130385306350373,-0.06130385306350373,False
RPS2P2,NEUTRAL,0.017491683108022245,0.13750352374993502,0.025235164476744943,0.16273868822667997,-0.08911051668708905,-0.08911051668708905,False
GXYLT1,DIG,1.060241845525819,0.53605290024021,1.5296056526830613,2.065658552923271,1.8237232838313806,1.4152599715192267,True
OTUD7A,NEUTRAL,-0.0030787382038205136,0.13750352374993502,-0.00444168033884725,0.13306184341108776,-0.11878736150268064,-0.11878736150268064,False
NICN1,NEUTRAL,-0.030473108034623365,0.13750352374993502,-0.043963401842024755,0.09354012190791026,-0.15830908300585902,-0.15830908300585883,False
LINC01252,DIG,-1.1998112206880434,0.5109619192773794,-1.730961698089574,-1.2199997788121943,-1.4921755097761566,-1.8453073792534087,True
PGBD4P3,NEUTRAL,0.04190869759948352,0.13750352374993502,0.06046147019689008,0.1979649939468251,-0.05388421096694405,-0.05388421096694405,False
HS6ST1,NEUTRAL,-0.04584528289484474,0.13750352374993502,-0.06614076228054414,0.07136276146939088,-0.1804864434443791,-0.18048644344437892,False
DCBLD1,DIG,1.2755640613312287,0.53605290024021,1.8402499456187493,2.3763028458589592,2.133403940503118,1.7259042644549147,True
INS-IGF2,NEUTRAL,0.015815676134915475,0.13750352374993502,0.022817197528148484,0.1603207212780835,-0.09152848363568647,-0.09152848363568562,False
LINC02607,NEUTRAL,0.00496235328956926,0.13750352374993502,0.007159162482000606,0.14466268623193562,-0.10718651868183347,-0.10718651868183329,False
CYP2F2P,DIG,1.2086345266639997,0.560714954474479,1.743691037865332,2.3044059923398112,2.041551124701032,1.6293453567014982,True
MORN4,NEUTRAL,-0.06427510405975999,0.13750352374993502,-0.09272937387963781,0.04477414987029721,-0.2070750550434719,-0.20707505504347173,False
GPR75,DIG,0.6706709259291321,0.4329594072761063,0.9675736189063683,1.4005330261824747,1.1511895267033738,0.8532279377425329,True
PRSS29P,DSG,0.07861913108523685,1.1375035237499351,0.11342343053567056,1.2509269542856056,0.9888801739634039,-0.0009222506281627311,False
NAT8B,DIG,1.5177762557243792,0.4329594072761063,2.189688277312581,2.6226476845886877,2.3923761932722005,2.0753425961487473,True
ANK3-DT,DIG,-0.9902536316148846,0.35049724708413343,-1.4286340035530805,-1.078136756468947,-1.3302994164193165,-1.5429796847169055,True
SMIM3,NEUTRAL,-0.008431722659039305,0.13750352374993502,-0.012164404466347109,0.1253391192835879,-0.1265100856301819,-0.1265100856301821,False
UGT1A8,NEUTRAL,0.08389392857676481,0.13750352374993502,0.1210333547183915,0.2585368784683265,0.006687673554558955,0.0066876735545583176,False
PAXIP1-AS2,DIG,1.0979232005196569,0.5109619192773794,1.583968356666648,2.0949302759440274,1.8665709862171316,1.4696226755028137,True
MTG2,DCG,-0.8477005285249974,1.2630344058337937,-1.2229733486619672,0.04006105717182651,-0.20690721954140048,-1.3373190298258022,True
NPEPL1,DCG,-0.9078775927466123,1.3504972470841334,-1.3097905007897475,0.040706746294385976,-0.2058755445994143,-1.4241361819535814,True
SLCO1B3,DIG,-1.6085202286454088,0.4854268271702419,-2.3206041570363127,-1.8351773298660707,-2.0971678472572886,-2.4349498382001395,True
HSPA8,NEUTRAL,-0.008372052552317466,0.13750352374993502,-0.012078318699290198,0.12542520505064483,-0.12642399986312466,-0.1264239998631245,False
BLOC1S3,DIG,-0.8909218648936058,0.5849625007211562,-1.2853285563015522,-0.700366055580396,-0.964647683432557,-1.399674237465388,True
TYW3,NEUTRAL,-0.021336442964817137,0.13750352374993502,-0.030781980455551895,0.10672154329438313,-0.14512766161938512,-0.14512766161938495,False
SST,DSG,-0.06036676090686543,1.3219280948873624,-0.0870908265948645,1.234837268292498,0.9939049050537248,-0.20143650775869804,False
SNORD108,NEUTRAL,-0.03209746162928007,0.13750352374993502,-0.04630684871768615,0.09119667503224888,-0.1606525298815194,-0.16065252988151887,False
HLA-P,DIG,0.8913130329416213,0.53605290024021,1.2858928925045785,1.8219457927447884,1.5550667092182393,1.171547211340743,True
MIR4435-2HG,NEUTRAL,-0.004959358548007776,0.13750352374993502,-0.007154841983201109,0.13034868176673392,-0.1215005231470364,-0.12150052314703605,False
HLA-DOA,DIG,1.472055423095346,0.5109619192773794,2.1237270588133605,2.63468897809074,2.373480656607281,2.0093813776495257,True
TUBA1C,DIG,-1.1550187532927843,0.45943161863729726,-1.666339827509253,-1.2069082088719556,-1.4579839376334756,-1.780685508673089,True
KLRA1P,DIG,0.7895706674675167,0.560714954474479,1.1391096863867751,1.6998246408612543,1.437394757926923,1.0247640052229403,True
ERVK3-1,DIG,0.9445524013028906,0.560714954474479,1.3627010652194425,1.9234160196939216,1.6742855045516207,1.2483553840556074,True
PRC1,NEUTRAL,-0.05861150287508026,0.13750352374993502,-0.08455852453692751,0.05294499921300751,-0.1989042057007628,-0.198904205700763,False
KCTD19,NEUTRAL,0.02720057152096854,0.13750352374993502,0.03924212964264688,0.17674565339258191,-0.07510355152118643,-0.0751035515211866,False
C1orf198,DCG,-0.9570143814383816,1.3219280948873624,-1.380679902160572,-0.05875180727320961,-0.3241596780746676,-1.4950255833244075,True
CENPH,NEUTRAL,-0.010804040016653822,0.13750352374993502,-0.015586934953592382,0.12191658879634264,-0.1299326161174256,-0.12993261611742576,False
ART4,DIG,0.7097244564197704,0.6553518286125543,1.023915953674418,1.6792677822869724,1.4353316645810577,0.9095702725105831,True
HLA-V,DIG,1.0991563186462538,0.53605290024021,1.5857473700727198,2.1218002703129297,1.8516711631598464,1.4714016889088832,True
C19orf53,DIG,0.9153110293435166,0.6553518286125543,1.320514682904864,1.975866511517418,1.7367771432800256,1.206169001741029,True
PLSCR2,DSG,-0.09353232379739816,1.2479275134435854,-0.1349386197053271,1.1129888937382584,0.8624400509580166,-0.24928430086916073,False
RPL12P35,NEUTRAL,0.006733435538404764,0.13750352374993502,0.00971429405940206,0.14721781780933707,-0.1046313871044325,-0.10463138710443284,False
DHTKD1,DSG,-0.06039670027058439,1.4059923596758368,-0.08713401996642922,1.3188583397094076,1.0659614687028625,-0.20147970113026278,False
FAM83A,DCG,0.7760808108611362,-0.7369655941662062,1.119647937158447,0.3826823429922407,0.13083313807847186,1.0053022559946128,True
USP12,NEUTRAL,0.0034424946215580354,0.13750352374993502,0.0049664699188087065,0.14246999366874372,-0.1093792112450257,-0.10937921124502553,False
H3-3A,DCG,-0.8241942202889535,1.2927817492278462,-1.189060914340219,0.10372083488762707,-0.14866812187536385,-1.3034065955040537,True
ADCY2,DSG,-0.03667543227404938,1.2172307162206693,-0.05291146426423008,1.1643192519564391,0.9167880047046368,-0.1672571454280655,False
MIR181A1HG,DCG,-0.9703908867988496,1.3645724322958561,-1.3999781201085437,-0.0354056878126876,-0.2796967067433005,-1.5143238012723728,True
FAM98B,NEUTRAL,0.03730731469920309,0.13750352374993502,0.05382307790542423,0.19132660165535925,-0.06052260325840886,-0.06052260325840886,False
PCDHGA7,NEUTRAL,-0.0200482516928224,0.13750352374993502,-0.028923513295728644,0.10858001045420637,-0.14326919445956177,-0.14326919445956196,False
RDH14,DIG,0.8881760585832736,0.53605290024021,1.2813671951543943,1.8174200953946045,1.5848093763153621,1.1670215139905584,True
BTRC,NEUTRAL,0.01889342270226768,0.13750352374993502,0.027257447237980542,0.16476097098791556,-0.08708823392585288,-0.08708823392585238,False
SEPTIN10P1,DCG,-0.8510825635899386,1.2630344058337937,-1.2278525938782703,0.03518181195552339,-0.21267961147428505,-1.3421982750421053,True
RPL4P3,DCG,0.8301035562047064,-0.7369655941662062,1.197586283960823,0.4606206897946167,0.20877148488084663,1.0832406027969887,True
SNX19P2,NEUTRAL,-0.011320744260070728,0.13750352374993502,-0.016332381603176238,0.12117114214675878,-0.1306780627670103,-0.13067806276701013,False
AIRE,DIG,-0.7632313943702185,0.4854268271702419,-1.1011101477086829,-0.615683320538441,-0.860279633043274,-1.2154558288725155,True
ZNF490,DIG,-1.6471795577078727,0.608809242675524,-2.3763777793588243,-1.7675685366833003,-2.0034961631481205,-2.4907234605226587,True
KCNH2,DIG,1.5986380452602824,0.5109619192773794,2.306347180073436,2.8173090993508154,2.576520093847098,2.1920014989095997,True
MAP1A,NEUTRAL,0.005535310752557417,0.13750352374993502,0.007985765372493943,0.14548928912242895,-0.10635991579133972,-0.10635991579133953,False
NOP58,NEUTRAL,4.844597315791443e-05,0.13750352374993502,6.989276522596299e-05,0.13757341651516097,-0.1142757883986069,-0.11427578839860776,False
PPM1M,NEUTRAL,0.006365424968000882,0.13750352374993502,0.009183367034485662,0.14668689078442068,-0.10516231412934812,-0.10516231412934812,False
RAD51B,NEUTRAL,0.01738407204250685,0.13750352374993502,0.025079914526181107,0.16258343827611613,-0.0892657666376531,-0.08926576663765258,False
CNPY4,DSG,-0.0478924434909034,1.4059923596758368,-0.06909419072038125,1.3368981689554555,1.0871992091016496,-0.18343987188421612,False
SRD5A1,DSG,-0.023412503699262482,1.4329594072761063,-0.03377710298172049,1.3991823042943858,1.1433865378908834,-0.1481227841455549,False
FUT8,NEUTRAL,0.031895594325444476,0.13750352374993502,0.04601561575952491,0.18351913950945992,-0.06833006540430939,-0.06833006540430889,False
NAT10,DIG,0.5936580858687955,0.5849625007211562,0.8564675764665457,1.441430077187702,1.194313799719062,0.7421218953027116,True
WIPI1,DCG,-0.9586111626299166,1.3362833878644325,-1.3829835704669844,-0.04670018260255193,-0.30148093085522054,-1.4973292516308185,True
RRAGC,NEUTRAL,-0.04133322910697431,0.13750352374993502,-0.059631244656559196,0.07787227909337582,-0.1739769258203942,-0.1739769258203942,False
RPL7AP64,NEUTRAL,-0.021992259636420312,0.13750352374993502,-0.0317281239154061,0.10577539983452891,-0.14607380507923912,-0.14607380507923964,False
ACAT1,NEUTRAL,-0.012202813292941414,0.13750352374993502,-0.0176049382226205,0.11989858552731453,-0.13195061938645405,-0.13195061938645372,False
TMEM126A,NEUTRAL,-0.0029346232257946316,0.13750352374993502,-0.004233766374731488,0.13326975737520352,-0.11857944753856493,-0.11857944753856477,False
KPNA2P3,DSG,0.17408344741003118,-0.7369655941662062,0.25114932627930664,-0.4858162678868996,-0.7376654728006705,0.13680364511547052,True
TMPRSS11B,NEUTRAL,-0.04942164917071792,0.13750352374993502,-0.07130036817114889,0.06620315557878613,-0.185646049334982,-0.185646049334982,False
BATF,NEUTRAL,-0.020940876673252236,0.13750352374993502,-0.030211298928368376,0.10729222482156664,-0.14455698009220308,-0.1445569800922029,False
ZBTB8B,NEUTRAL,0.027208669002983247,0.13750352374993502,0.039253811839793186,0.1767573355897282,-0.0750918693240393,-0.07509186932403913,False
LINC00844,DIG,0.9230686487834108,0.35049724708413343,1.3317065619999031,1.6822038090840365,1.430041149133659,1.2173608808360679,True
POGZ,DCG,-0.9555632148625544,1.4059923596758368,-1.3785863113381223,0.02740604833771454,-0.22225571426786359,-1.4929319925019562,True
RGS12,NEUTRAL,-0.02684208530127123,0.13750352374993502,-0.03872494335126254,0.09877858039867249,-0.15307062451509781,-0.15307062451509748,False
TMEM239,DSG,0.013070239569009193,1.4329594072761063,0.018856369809440266,1.4518157770855464,1.1991702286302042,-0.09548931135439347,False
CHORDC1P1,DIG,-1.3631782725637767,0.5109619192773794,-1.9666505336753444,-1.4556886143979648,-1.687195357252705,-2.0809962148391743,True
KRT80,DIG,-1.4161156967358428,0.53605290024021,-2.0430230930058197,-1.5069701927656096,-1.7665190524439736,-2.1573687741696563,True
BCCIP,NEUTRAL,0.012346718548505503,0.13750352374993502,0.01781254962118067,0.1553160733711157,-0.096533131542654,-0.09653313154265417,False
NRADDP,NEUTRAL,-0.0179355944255465,0.13750352374993502,-0.025875593133131675,0.11162793061680334,-0.14022127429696596,-0.1402212742969656,False
SPINT1,NEUTRAL,0.036518439908410784,0.13750352374993502,0.05268497215686585,0.19018849590680087,-0.06166070900696763,-0.06166070900696763,False
VWA5A,NEUTRAL,0.029059439811387068,0.13750352374993502,0.04192390970689944,0.17942743345683446,-0.0724217714569337,-0.07242177145693404,False
SLTM,NEUTRAL,-0.08585103454394055,0.13750352374993502,-0.12385686179173012,0.013646661958204895,-0.23820254295556503,-0.23820254295556428,False
COQ5,NEUTRAL,-0.041455440683141415,0.13750352374993502,-0.0598075586914347,0.07769596505850032,-0.17415323985526737,-0.1741532398552681,False
GNG11,DIG,-0.7859726627627032,0.4329594072761063,-1.1339188628420456,-0.7009594555659393,-0.9354299764398257,-1.2482645440058802,True
C21orf91-OT1,DIG,1.5772779425891628,0.53605290024021,2.2755310658769323,2.8115839661171425,2.5622558446299943,2.161185384713095,True
PDCD4-AS1,NEUTRAL,0.06361091288129128,0.13750352374993502,0.09177114856025882,0.22927467231019383,-0.022574532603574896,-0.02257453260357571,False
HCN1,DSG,-0.10052349141687686,1.1043366598147357,-0.14502474255997252,0.9593119172547632,0.7182103384044803,-0.25937042372380587,False
PIDD1,NEUTRAL,0.07529755753185739,0.13750352374993502,0.10863141284226208,0.2461349365921971,-0.0057142683215708695,-0.005714268321571191,False
SLC26A8,DIG,1.2370900208545454,0.5109619192773794,1.7847436382200772,2.2957055574974565,2.025832822006989,1.6703979570562413,True
ZNF648,DCG,-0.7208172648014493,1.1043366598147357,-1.0399194933161977,0.06441716649853801,-0.19681350132238232,-1.1542651744800305,True
TTC39A-AS1,NEUTRAL,-0.09526952180373352,0.13750352374993502,-0.13744486665410932,5.8657095825698224e-05,-0.25179054781794197,-0.25179054781794197,False
GRXCR2,NEUTRAL,0.019686205731055784,0.13750352374993502,0.02840119138211407,0.16590471513204907,-0.08594448978172012,-0.08594448978172012,False
GTF2IRD1P1,DIG,-0.9329256082465124,0.53605290024021,-1.3459271485355633,-0.8098742482953533,-1.0421700158581377,-1.4602728296993974,True
LINC00384,NEUTRAL,-0.07645932052522077,0.13750352374993502,-0.11030748255147574,0.02719604119845928,-0.22465316371530822,-0.22465316371530802,False
SLC51A,DSG,0.052874131444305285,1.3219280948873624,0.07628124722601044,1.3982093421133728,1.1422596759339947,-0.03806443393782373,False
RUBCNL,NEUTRAL,-0.04496984751040023,0.13750352374993502,-0.06487777599278731,0.07262574775714771,-0.1792234571566207,-0.17922345715662122,False
SPDL1,DIG,-1.3466658493674946,0.4854268271702419,-1.9428281426170082,-1.4574013154467664,-1.7218938364624254,-2.057173823780844,True
ZNF335,DCG,-0.9629215882088815,1.3504972470841334,-1.389202200073878,-0.03870495298974452,-0.2859792514733284,-1.5035478812377132,True
ABCA3,DCG,-0.921948667186335,1.3362833878644325,-1.3300907701039149,0.006192617760517605,-0.2526299460966869,-1.444436451267749,True
CMC2,NEUTRAL,-0.06357516413297486,0.13750352374993502,-0.09171957401834473,0.04578394973159029,-0.20606525518217755,-0.20606525518217736,False
MBNL1,DSG,0.12092867528994893,1.2779847472997656,0.17446320014208105,1.4524479474418466,1.1848715046312763,0.06011751897824699,False
PPDPFL,DCG,2.0794415416798357,-3.321928094887362,3.0,-0.3219280948873622,-0.5737772998011309,2.8856543188361656,True
SINHCAFP2,NEUTRAL,-0.02660363147867102,0.13750352374993502,-0.0383809272039162,0.09912259654601882,-0.15272660836775093,-0.15272660836775093,False
MTMR6,NEUTRAL,-0.05636642128649995,0.13750352374993502,-0.08131955646269158,0.05618396728724344,-0.19566523762652488,-0.19566523762652505,False
GNA15,NEUTRAL,-0.03528503408711328,0.13750352374993502,-0.05090554369507636,0.08659798005485866,-0.16525122485891072,-0.1652512248589109,False
PLD5,DCG,-0.8616439038441691,1.2779847472997656,-1.2430893870881896,0.03489536021157602,-0.2146567473098959,-1.3574350682520253,True
CYP1B1-AS1,DIG,1.1917425375047799,0.4329594072761063,1.7193210488745754,2.152280456150682,1.9221295634134472,1.6049753677107406,True
ST6GALNAC1,DSG,0.005269016241060922,1.4982508675278254,0.007601583601341999,1.5058524511291673,1.247839657709246,-0.10674409756249423,False
SNORA80E,DCG,0.5999268262249562,-0.7369655941662062,0.8655114570909993,0.1285458629247931,-0.1233033419889749,0.7511657759271632,True
HMGA1P2,DIG,-0.8097284410233035,0.5109619192773794,-1.1681912063310715,-0.6572292870536921,-0.9309944298635299,-1.282536887494907,True
RCN2,NEUTRAL,-0.04582406167504826,0.13750352374993502,-0.06611014653198213,0.07139337721795289,-0.18045582769581636,-0.180455827695816,False
ENTPD6,DSG,0.041326198439904184,1.1210154009613662,0.05962110154804298,1.1806365025094092,0.9351473900893398,-0.054724579615792364,False
RXFP2,NEUTRAL,-0.038313330572170956,0.13750352374993502,-0.05527445201641055,0.08222907173352448,-0.1696201331802447,-0.16962013318024452,False
SUGT1P3,NEUTRAL,-0.06143065200501856,0.13750352374993502,-0.08862569700621593,0.048877826743719086,-0.20297137817004965,-0.20297137817004965,False
WTIP,DSG,0.07200279225410337,1.446256229889564,0.10387807131515321,1.5501343012047173,1.3036981589368994,-0.01046760984868132,False
PTMS,DIG,-1.5033608842103152,0.560714954474479,-2.168891292316669,-1.60817633784219,-1.846362372975267,-2.2832369734805034,True
TMA7,NEUTRAL,-0.024152471163534556,0.13750352374993502,-0.034844650372844996,0.10265887337709002,-0.14919033153667824,-0.14919033153667804,False
MEIS1-AS2,DIG,0.7652541025195334,0.45943161863729726,1.1040282987248653,1.5634599173621626,1.338681875260812,0.9896826175610297,True
ASTL,NEUTRAL,-0.012889093541870567,0.13750352374993502,-0.018595031334410633,0.11890849241552438,-0.1329407124982446,-0.13294071249824424,False
MTRR,DSG,0.06565859981840483,1.4329594072761063,0.09472533634972564,1.5276847436258318,1.2706369253037757,-0.019620344814108168,False
BTN3A1,DIG,1.3001908396013973,0.45943161863729726,1.8757788765021937,2.3352104951394907,2.0662198853900486,1.761433195338358,True
RPS20P15,NEUTRAL,0.007435589306746899,0.13750352374993502,0.010727287818930757,0.14823081156886578,-0.10361839334490361,-0.1036183933449031,False
MIR199A2,DCG,-0.7456785854742731,1.070389327891398,-1.0757867973608308,-0.0053974694694327585,-0.25724667438320115,-1.1901324785246608,True
ILF2,DCG,-1.0101554092260234,1.3362833878644325,-1.4573461994175456,-0.12106281155311316,-0.3689401578684213,-1.571691880581379,True
CNIH3-AS1,DCG,-0.9625187457253835,1.3785116232537298,-1.388621021220676,-0.01010939796694621,-0.2720097539045862,-1.5029667023845075,True
NLE1,NEUTRAL,-0.035560116133674095,0.13750352374993502,-0.051302403199487236,0.08620112055044779,-0.16564808436332043,-0.1656480843633206,False
PCDHGB3,NEUTRAL,-0.06551929189231863,0.13750352374993502,-0.09452435749560456,0.04297916625433046,-0.20887003865943807,-0.20887003865943826,False
SMAD7,NEUTRAL,0.004260087972034737,0.13750352374993502,0.0061460077910052355,0.14364953154094026,-0.10819967337282803,-0.10819967337282803,False
INTS1,DIG,-1.3379204196267966,0.4854268271702419,-1.9302111544996605,-1.4447843273294185,-1.666145462812782,-2.044556835663495,True
NMRAL1,DCG,2.0794415416798357,-3.321928094887362,3.0,-0.3219280948873622,-0.5737772998011309,2.8856543188361665,True
ITPR1-DT,DIG,-0.732320409771451,0.608809242675524,-1.056515023519046,-0.44770578084352186,-0.6894258556645727,-1.1708607046828785,True
HK3,DIG,1.2303052955391287,0.560714954474479,1.7749553486537315,2.3356703031282104,2.076946390571223,1.6606096674898958,True
DUSP2,NEUTRAL,0.0021415319215431637,0.13750352374993502,0.0030895774831157354,0.14059310123305074,-0.11125610368071812,-0.1112561036807176,False
TMCO4,NEUTRAL,-0.019337155943145626,0.13750352374993502,-0.02789761898407274,0.10960590476586228,-0.14224330014790548,-0.14224330014790512,False
SRSF12,DIG,-0.6044070418533339,0.4329594072761063,-0.8719750419601731,-0.43901563468406674,-0.6805520770067617,-0.9863207231240075,True
LEMD3,DIG,-1.71749192754189,0.405992359675837,-2.4778170866315117,-2.0718247269556747,-2.30588505682507,-2.592162767795346,True
LY86,DIG,-1.5206785663680211,0.405992359675837,-2.1938754264852824,-1.7878830668094454,-2.057538668086081,-2.308221107649117,True
LNPK,NEUTRAL,-0.08623040474179948,0.13750352374993502,-0.12440417729484227,0.013099346455092753,-0.238749858458677,-0.2387498584586766,False
ZNF724,DIG,-1.360752647562951,0.6553518286125543,-1.963151096515597,-1.3077992679030426,-1.5551945139384407,-2.077496777679432,True
CSRNP2,DIG,-1.2647750725656104,0.4329594072761063,-1.824684725030385,-1.3917253177542788,-1.6318668461900834,-1.9390304061942203,True
LINC00641,NEUTRAL,-0.027264446786497195,0.13750352374993502,-0.03933428217146054,0.09816924157847448,-0.15367996333529318,-0.153679963335293,False
GRHL3-AS1,NEUTRAL,0.0454700761008982,0.13750352374993502,0.0655994532996096,0.2031029770495446,-0.04874622786422469,-0.04874622786422402,False
AREL1,NEUTRAL,0.02225793388881398,0.13750352374993502,0.03211141084182633,0.16961493459176136,-0.08223427032200899,-0.08223427032200864,False
BCL2L13,NEUTRAL,0.029261512311845237,0.13750352374993502,0.04221543870121047,0.1797189624511455,-0.07213024246262446,-0.07213024246262446,False
ADGRG7,DIG,-0.8121992463234313,0.5849625007211562,-1.171755824884568,-0.5867933241634119,-0.8506201757072408,-1.2861015060484027,True
SNORD62B,NEUTRAL,-0.058012055717616216,0.13750352374993502,-0.08369370509557915,0.05380981865435587,-0.1980393862594122,-0.19803938625941275,False
HRNR,DCG,-0.7952829857651756,1.232660756790275,-1.147350819666787,0.085309937123488,-0.17454938700158804,-1.2616965008306227,True
USP43,NEUTRAL,0.021382637949382777,0.13750352374993502,0.030848625730698687,0.1683521494806337,-0.08349705543313538,-0.08349705543313453,False
LINC02169,NEUTRAL,-0.03981030921617831,0.13750352374993502,-0.05743413568243665,0.08006938806749836,-0.1717798168462694,-0.17177981684626958,False
ACRV1,NEUTRAL,0.020517121872782727,0.13750352374993502,0.02959994997917812,0.16710347372911313,-0.08474573118465543,-0.08474573118465527,False
PTGIR,DIG,-0.5768003274686195,0.608809242675524,-0.8321469720221075,-0.22333772934658347,-0.48296467145444855,-0.9464926531859442,True
KLHL35,DIG,-0.7931899708369922,0.608809242675524,-1.1443312374093901,-0.5355219947338661,-0.7606709945323117,-1.2586769185732272,True
CEP63,DIG,1.1945822099627252,0.5849625007211562,1.7234178302474024,2.3083803309685584,2.054944841141726,1.6090721490835664,True
DNAJB12P1,DIG,-1.3855994660912692,0.4854268271702419,-1.9989974783882694,-1.5135706512180276,-1.7414000059383883,-2.113343159552083,True
ZNF415,DIG,1.3283177857166304,0.560714954474479,1.9163574821779914,2.4770724366524703,2.227178158344362,1.8020118010141548,True
EPC2,NEUTRAL,0.06867970812222274,0.13750352374993502,0.0990838743176322,0.23658739806756723,-0.015261806846200782,-0.015261806846200782,False
NAPA,DIG,-1.719553161362431,0.560714954474479,-2.480790818442519,-1.92007586396804,-2.1803150185769855,-2.5951364996063537,True
TMC2,DSG,-0.04914579291695738,-0.7369655941662062,-0.07090239172185035,-0.8078679858880565,-1.0597171908018272,-0.18524807288568623,False
TEX29,NEUTRAL,0.02226176104838474,0.13750352374993502,0.032116932265959755,0.16962045601589476,-0.0822287488978746,-0.0822287488978746,False
CCDC12,NEUTRAL,0.05918596962868106,0.13750352374993502,0.08538730487350296,0.22289082862343798,-0.028958376290331142,-0.028958376290331142,False
TSPAN18,DIG,-0.9391924234858792,0.560714954474479,-1.354968251803565,-0.794253297329086,-1.0370115278851846,-1.469313932967401,True
MARVELD1,NEUTRAL,0.01897498115970149,0.13750352374993502,0.027375111220062854,0.16487863496999788,-0.08697056994377118,-0.08697056994377135,False
ZFHX4-AS1,DCG,-0.8236657337654775,1.2630344058337937,-1.1882984694536236,0.07473593638017006,-0.17519001342129503,-1.3026441506174598,True
PALB2,DSG,-0.0949372870277456,1.1043366598147357,-0.1369655531903807,0.967371106624355,0.7115719431973989,-0.251311234354215,False
RPL29P33,DSG,0.09175542275285728,1.3923174227787602,0.13237509338021755,1.5246925161589777,1.267255941503791,0.018029412216383687,False
COX18,DIG,-0.9713433926983086,0.53605290024021,-1.4013522956461109,-0.8652993954059008,-1.1435105772006633,-1.5156979768099457,True
RNA5SP203,DIG,-0.940468573179947,0.4854268271702419,-1.3568093466386288,-0.871382519468387,-1.1280351299067888,-1.4711550278024486,True
STK4,DCG,-1.1007580791138598,1.3504972470841334,-1.5880582219560269,-0.23756097487189343,-0.48164691656429676,-1.7024039031198606,True
ST8SIA6,DSG,-0.0011741823724222597,1.232660756790275,-0.0016939870857928321,1.2309667697044822,0.9865002713459107,-0.11603966824962678,False
CARF,NEUTRAL,0.05823443479429615,0.13750352374993502,0.08401453028670276,0.22151805403663777,-0.03033115087713228,-0.030331150877132444,False
RPL37P6,DCG,-0.7189458593532164,1.2016338611696507,-1.0372196259565396,0.16441423521311105,-0.0754072280432699,-1.1515653071203733,True
SGPL1,NEUTRAL,0.021491479194758096,0.13750352374993502,0.031005650455645836,0.16850917420558087,-0.08334003070818892,-0.08334003070818807,False
ZFP82,DSG,-0.03972751428117098,1.3074285251922473,-0.05731468784029085,1.2501138373519565,0.9941911042740328,-0.17166036900412604,False
NFKB2,NEUTRAL,-0.010628722958970107,0.13750352374993502,-0.015334005903888843,0.12216951784604618,-0.12967968706772207,-0.1296796870677219,False
MECR,NEUTRAL,0.024105268922430815,0.13750352374993502,0.034776551933685784,0.1722800756836208,-0.07956912923014713,-0.07956912923014746,False
RALY,DSG,-0.04755933103667637,1.1210154009613662,-0.06861361103460956,1.0524017899267566,0.8096425013875672,-0.1829592921984445,False
CREG2,NEUTRAL,-0.02864804976655543,0.13750352374993502,-0.041330399329349746,0.09617312442058527,-0.15567608049318385,-0.15567608049318385,False
SLC35E1,DIG,-1.056557653702403,0.560714954474479,-1.5242904874097358,-0.9635755329352568,-1.2069328667708865,-1.6386361685735729,True
CAND1,DIG,-0.824993104472415,0.4854268271702419,-1.1902134605899437,-0.7047866334197018,-0.9671517357186683,-1.30455914175378,True
ZNF285,DIG,-1.6367005677726938,0.5109619192773794,-2.361259792545816,-1.8502978732684365,-2.105469847600412,-2.4756054737096513,True
MASP2,NEUTRAL,-0.017652074250691183,0.13750352374993502,-0.025466559982875937,0.11203696376705909,-0.13981224114670915,-0.13981224114670932,False
SGK1,DIG,-0.9259045568809724,0.405992359675837,-1.335797912548672,-0.9298055528728351,-1.1550030261681477,-1.4501435937125071,True
C5,NEUTRAL,0.030806230110775674,0.13750352374993502,0.04444399540930033,0.18194751915923535,-0.06990168575453445,-0.06990168575453479,False
ZFAS1,DCG,-1.022911779120331,1.3785116232537298,-1.4757497510038085,-0.09723812775007867,-0.3474578148981178,-1.590095432167644,True
GRN,NEUTRAL,0.00784767172078948,0.13750352374993502,0.011321797074107541,0.14882532082404257,-0.10302388408972674,-0.10302388408972674,False
COX6B1,DIG,0.6631281578452135,0.5849625007211562,0.9566917047971233,1.5416542055182796,1.3043931399279698,0.8423460236332873,True
ABAT,DCG,-0.8482115367602846,1.2479275134435854,-1.2237105777088693,0.024216935734716172,-0.21625712688325469,-1.3380562588727047,True
HINT1,NEUTRAL,0.018507944979430303,0.13750352374993502,0.026701320438869885,0.1642048441888049,-0.08764436072496523,-0.08764436072496506,False
MAK16,NEUTRAL,0.048965161950609966,0.13750352374993502,0.07064179632246996,0.208145320072405,-0.04370388484136346,-0.0437038848413633,False
CACNA1I,NEUTRAL,-0.0415096056372549,0.13750352374993502,-0.059885702202124205,0.07761782154781081,-0.17423138336595895,-0.17423138336595875,False
PRXL2A,NEUTRAL,0.02016850682513629,0.13750352374993502,0.029097004778759334,0.16660052852869436,-0.08524867638507466,-0.08524867638507398,False
ZMYND15,NEUTRAL,-0.03141568313308155,0.13750352374993502,-0.04532325026223581,0.09218027348769921,-0.15966893142606953,-0.15966893142607005,False
RPL21P18,DIG,1.5308175092683072,0.5109619192773794,2.2085028291273816,2.719464748404761,2.468270442640802,2.0941571479635477,True
MATR3,NEUTRAL,0.03200489980172246,0.13750352374993502,0.046173310228093165,0.1836768339780282,-0.06817237093574201,-0.06817237093574167,False
CIAO2A,NEUTRAL,0.04487730745775076,0.13750352374993502,0.06474426891774632,0.20224779266768134,-0.049601412246086975,-0.049601412246086815,False
SBF2-AS1,NEUTRAL,0.02165817824492489,0.13750352374993502,0.031246146348642374,0.1687496700985774,-0.08309953481519147,-0.08309953481519114,False
SIKE1,NEUTRAL,-0.0073081355439910105,0.13750352374993502,-0.010543410907460199,0.12696011284247483,-0.12488909207129287,-0.12488909207129323,False
MARCHF10,DCG,-0.9052526865555393,1.4594316186372973,-1.3060035616450878,0.15342805699220952,-0.09841002447304961,-1.4203492428089226,True
PNMA8C,DIG,-1.5385139711537554,0.5849625007211562,-2.219606476521909,-1.6346439758007527,-1.887970872245192,-2.3339521576857387,True
ZNF334,DCG,-0.9090498813541159,1.4059923596758368,-1.3114817557502836,0.09451060392555322,-0.16000577538746605,-1.4258274369141186,True
TP53BP1,NEUTRAL,-0.033936187570845336,0.13750352374993502,-0.04895956951513624,0.08854395423479877,-0.16330525067896912,-0.16330525067896948,False
TGFBR3,NEUTRAL,-0.025565266486716857,0.13750352374993502,-0.03688288317939122,0.10062064057054379,-0.15122856434322612,-0.15122856434322593,False
PLA2G3,NEUTRAL,-0.005448818519296909,0.13750352374993502,-0.007860983456493595,0.1296425402934414,-0.12220666462032603,-0.12220666462032603,False
TBK1,DIG,0.5611435526153306,0.45943161863729726,0.8095590205849525,1.2689906392222499,1.0173107708285383,0.6952133394211176,True
SUPT6H,DIG,0.96052133694646,0.37851162325372983,1.385739369480695,1.7642509927344248,1.5114526166993447,1.27139368831686,True
UGT8,NEUTRAL,-0.0936178997868382,0.13750352374993502,-0.13506207976091142,0.0024414439890236006,-0.24940776092474598,-0.24940776092474654,False
SF3B4,DCG,0.7745585220704947,-0.7369655941662062,1.1174517386693874,0.3804861445031812,0.12863693958941125,1.0031060575055524,True
TMTC3,DIG,0.6741439950508095,0.5849625007211562,0.9725841985048768,1.557546699226033,1.3034030833305852,0.8582385173410402,True
AZU1,NEUTRAL,-0.03693801910348745,0.13750352374993502,-0.05329029698086314,0.08421322676907188,-0.16763597814469688,-0.16763597814469722,False
PRADC1,DIG,-1.1584455007266663,0.608809242675524,-1.6712835790384934,-1.0624743363629694,-1.29878653956564,-1.785629260202328,True
HLA-L,DIG,-1.6468674846099407,0.5109619192773794,-2.375927553048043,-1.8649656337706633,-2.1252529043020396,-2.4902732342118763,True
SLC35G2,DIG,-1.1223895729677238,0.560714954474479,-1.6192658708660166,-1.0585509163915376,-1.3196597348268102,-1.7336115520298514,True
IPO8P1,DCG,-0.9621661331691377,1.4059923596758368,-1.388112308834425,0.017880050841411865,-0.23138498661947013,-1.5024579899982595,True
TBC1D9,NEUTRAL,0.0521850526047889,0.13750352374993502,0.07528711660145863,0.21279064035139367,-0.03905856456237383,-0.039058564562374,False
LINC01625,DIG,-0.7593236633577947,0.32192809488736235,-1.095472483555931,-0.7735443886685687,-1.0092279281585632,-1.209818164719763,True
SEL1L2,DSG,0.0699689878538218,1.3074285251922473,0.10094391179272884,1.4083724369849762,1.1594214456012715,-0.013401769371104101,False
P2RX4,NEUTRAL,-0.013262947426495862,0.13750352374993502,-0.01913438847977662,0.1183691352701584,-0.13348006964361048,-0.13348006964361014,False
UBE2Q1-AS1,DCG,-0.9459940601068584,1.232660756790275,-1.3647809392265806,-0.13212018243630563,-0.384961615344519,-1.4791266203904152,True
MICU1,NEUTRAL,-0.05127696977074647,0.13750352374993502,-0.07397703000006922,0.0635264937498658,-0.1883227111639036,-0.18832271116390395,False
DUSP6,DIG,0.7881933012219874,0.53605290024021,1.1371225669348621,1.673175467175072,1.4212806583057145,1.0227768857710267,True
SMAD9-IT1,NEUTRAL,-0.013229346925464035,0.13750352374993502,-0.019085913203566618,0.1184176105463684,-0.13343159436740143,-0.1334315943674007,False
NPY5R,NEUTRAL,-0.03931204980861394,0.13750352374993502,-0.05671529930606726,0.08078822444386777,-0.17106098046990262,-0.17106098046990242,False
RMDN1,DCG,-0.999914156418244,1.070389327891398,-1.4425711947792719,-0.3721818668878738,-0.6212846807660285,-1.556916875943107,True
PRDX6,DCG,-0.8857560888046636,1.2779847472997656,-1.2778759167556926,0.00010883054407306858,-0.25096466500794645,-1.392221597919527,True
SHTN1,NEUTRAL,0.020017986698168545,0.13750352374993502,0.028879850138028997,0.166383373887964,-0.0854658310258066,-0.08546583102580592,False
FBLL1,DIG,1.2526452637416863,0.5109619192773794,1.8071851099931786,2.318147029270558,2.037670933431546,1.6928394288293425,True
SDK1-AS1,DIG,1.006050239370899,0.5109619192773794,1.4514236912255507,1.9623856105029303,1.7329881185842722,1.337078010061716,True
GAS1,NEUTRAL,-0.024857589096734634,0.13750352374993502,-0.035861920518314626,0.10164160323162039,-0.1502076016821486,-0.1502076016821488,False
MRPL23-AS1,NEUTRAL,-0.014811484820151181,0.13750352374993502,-0.02136845569823427,0.11613506805170075,-0.13571413686206915,-0.13571413686206935,False
TM6SF1,NEUTRAL,0.002557230598466734,0.13750352374993502,0.0036893039028174732,0.14119282765275248,-0.11065637726101787,-0.11065637726101736,False
CDH12,DSG,0.03836983853088878,-3.321928094887362,0.055355975768223514,-3.2665721191191386,-3.518421324032905,-0.05898970539561059,False
CRY2,DIG,1.2796420508624693,0.37851162325372983,1.846133240892267,2.224644864145997,1.9884657648551642,1.7317875597284318,True
COPS4,NEUTRAL,0.012787570123967855,0.13750352374993502,0.018448564002868293,0.1559520877528033,-0.09589711716096688,-0.09589711716096688,False
SLC7A11-AS1,NEUTRAL,0.04522770084489684,0.13750352374993502,0.06524977971974226,0.2027533034696773,-0.04909590144409183,-0.04909590144409249,False
TAPBP,DIG,-1.4253413611044674,0.560714954474479,-2.0563329132393404,-1.4956179587648615,-1.7523597527531958,-2.170678594403175,True
EPS15-AS1,NEUTRAL,0.012660008232688418,0.13750352374993502,0.01826453109491303,0.15576805484484804,-0.09608115006892046,-0.09608115006892046,False
OR7E101P,NEUTRAL,0.07351529013724731,0.13750352374993502,0.10606014451052002,0.24356366826045506,-0.008285536653314034,-0.008285536653314196,False
IQCH-AS1,NEUTRAL,0.037735123193994934,0.13750352374993502,0.05444027509931059,0.19194379884924562,-0.05990540606452322,-0.05990540606452322,False
BTF3P12,DCG,-0.8860737281886635,1.1375035237499351,-1.2783341735197802,-0.14083064976984505,-0.3976812119717858,-1.3926798546836132,True
FOXI3,DIG,1.4178105308001439,0.37851162325372983,2.0454682217055167,2.4239798449592467,2.1939966994060742,1.9311225405416823,True
KIAA1958,NEUTRAL,0.025403117964573497,0.13750352374993502,0.036648952310607524,0.17415247606054254,-0.07769672885322607,-0.07769672885322555,False
NDUFS1,NEUTRAL,0.007029921440484221,0.13750352374993502,0.010142032800025584,0.14764555654996062,-0.10420364836380852,-0.10420364836380887,False
KLF13,NEUTRAL,-0.015054316050703584,0.13750352374993502,-0.021718787110325186,0.11578473663960984,-0.1360644682741588,-0.13606446827415863,False
LRRFIP1,NEUTRAL,0.0016548633613777282,0.13750352374993502,0.002387463164808489,0.1398909869147435,-0.11195821799902594,-0.11195821799902594,False
CLDN9,DCG,-0.7399904606286752,1.1210154009613662,-1.0675805678541295,0.053434833107236734,-0.19375158515601562,-1.1819262490179645,True
NUGGC,NEUTRAL,-0.06344374825006789,0.13750352374993502,-0.0915299809757808,0.04597354277415422,-0.20587566213961403,-0.20587566213961384,False
PLGLA,NEUTRAL,0.0020252094043480768,0.13750352374993502,0.002921759564414662,0.14042528331434967,-0.1114239215994195,-0.11142392159941897,False
HMGCL,NEUTRAL,0.009268463750874983,0.13750352374993502,0.013371566690046459,0.15087509043998149,-0.10097411447378787,-0.10097411447378753,False
SLC7A10,DSG,0.06585348536350875,-0.7369655941662062,0.09500649675918801,-0.6419590974070182,-0.8938083023207886,-0.019339184404647315,False
RPS4XP5,DIG,0.788914513940649,0.37851162325372983,1.1381630569475014,1.5166746802012312,1.276794143796849,1.0238173757836648,True
RBAK,DIG,-1.006160224640331,0.53605290024021,-1.451582366428331,-0.9155294661881209,-1.149122109405133,-1.5659280475921658,True
GALM,DIG,-1.150683615943137,0.632268215499513,-1.6600855463533444,-1.0278173308538314,-1.2561668681449973,-1.77443122751718,True
FER1L4,DCG,-0.8569346105722563,1.185866545311334,-1.2362953130387093,-0.05042876772737537,-0.2964173469572625,-1.3506409942025444,True
CALML5,DSG,0.026319490579002937,1.232660756790275,0.03797099853705133,1.2706317553273263,1.0210431238118678,-0.07637468262678378,False
NPLOC4,DSG,-0.04624900671666526,1.1210154009613662,-0.06672321263617333,1.0542921883251928,0.7944666073919876,-0.18106889380000896,False
PPWD1,NEUTRAL,0.002614865278350644,0.13750352374993502,0.003772453169669213,0.14127597691960422,-0.11057322799416335,-0.11057322799416386,False
ANKRD27,DSG,0.11674115254680835,-0.7369655941662062,0.1684218818469424,-0.5685437123192638,-0.8203929172330335,0.05407620068310779,False
SNORA29,NEUTRAL,0.04036926803588793,0.13750352374993502,0.05824054279969287,0.1957440665496279,-0.05610513836414066,-0.05610513836414133,False
SLIT2,NEUTRAL,-0.029546464650788744,0.13750352374993502,-0.04262653802749398,0.09487698572244105,-0.1569722191913286,-0.15697221919132842,False
CASKIN2,DSG,0.032151288854020674,1.2172307162206693,0.04638450498788423,1.2636152212085534,1.018713669109434,-0.06796117617595039,False
SNORD45C,NEUTRAL,0.040362113489989235,0.13750352374993502,0.058230220971805004,0.19573374472174002,-0.056115460192029294,-0.056115460192029294,False
ZNF441,DIG,1.6949600320795741,0.53605290024021,2.4453104327862,2.98136333302641,2.7631396600905926,2.3309647516223655,True
GSTA1,DIG,-0.7849154357299489,0.5849625007211562,-1.1323936066447973,-0.5474311059236411,-0.8016157345428916,-1.2467392878086339,True
SLC35E3,DSG,-0.03778767453397891,1.3785116232537298,-0.054516090656897546,1.3239955325968322,1.0742101623091966,-0.16886177182073192,False
CYTL1,NEUTRAL,0.03570885337475156,0.13750352374993502,0.05151698567958521,0.18902050942952023,-0.06282869548424808,-0.06282869548424841,False
DGUOK,DIG,-1.0104895009830155,0.5849625007211562,-1.4578281919385598,-0.8728656912174036,-1.1072428580135427,-1.5721738731023938,True
RAB27B,NEUTRAL,-0.0874328062992681,0.13750352374993502,-0.1261388760589594,0.011364647690975616,-0.24048455722279444,-0.24048455722279424,False
SLC12A1,NEUTRAL,0.04701358727043422,0.13750352374993502,0.06782626920945595,0.20532979295939097,-0.046519411954377136,-0.046519411954377136,False
PPFIBP1,DSG,-0.08611964741400219,1.3074285251922473,-0.12424438824728701,1.1831841369449603,0.9348043838631996,-0.23859006941112074,False
NIFK-AS1,NEUTRAL,0.0009232319918888831,0.13750352374993502,0.0013319422162881315,0.13883546596622315,-0.11301373894754582,-0.11301373894754582,False
OR13E1P,DIG,-0.862945722686565,0.45943161863729726,-1.24496751467625,-0.7855358960389527,-1.0308133569233622,-1.3593131958400821,True
ST3GAL6-AS1,DIG,1.4584368488889552,0.6553518286125543,2.1040796093418224,2.7594314379543765,2.4789430355068935,1.989733928177988,True
GBE1,NEUTRAL,-0.02231273386073953,0.13750352374993502,-0.03219047048956417,0.10531305326037085,-0.1465361516533968,-0.14653615165339698,False
LINC00431,NEUTRAL,-0.06727496719879,0.13750352374993502,-0.09705726155366201,0.04044626219627301,-0.21140294271749513,-0.21140294271749513,False
POLR2J4,DIG,-0.6227935457690931,0.560714954474479,-0.8985011599787243,-0.3377862055042452,-0.5742487876466604,-1.01284684114256,True
FLRT1,DIG,1.5082057805824782,0.45943161863729726,2.1758810002864095,2.635312618923707,2.4006140937507308,2.061535319122575,True
TUBA5P,DCG,-0.8553711132232121,1.3645724322958561,-1.2340396631668002,0.13053276912905587,-0.12234422428515203,-1.3483853443306342,True
RASA1,NEUTRAL,0.02837556345647074,0.13750352374993502,0.04093728468108043,0.17844080843101545,-0.07340839648275244,-0.0734083964827526,False
GNG13,DSG,-0.03768506180916478,-0.7369655941662062,-0.0543680517876761,-0.7913336459538823,-1.0431828508676533,-0.16871373295151218,False
NGB,NEUTRAL,-0.03926377783336194,0.13750352374993502,-0.05664565756675728,0.08085786618317774,-0.17099133873059122,-0.1709913387305914,False
STAG1,DIG,-0.9801230606324804,0.560714954474479,-1.4140186790353924,-0.8533037245609133,-1.1240429461574213,-1.528364360199229,True
NTRK2,NEUTRAL,0.004037469463266724,0.13750352374993502,0.005824837172395527,0.14332836092233053,-0.10852084399143834,-0.10852084399143867,False
PTBP3,NEUTRAL,-0.01673977926390659,0.13750352374993502,-0.024150396529613944,0.11335312722032108,-0.13849607769344716,-0.13849607769344732,False
TARS2,DCG,0.7779081012449319,-0.7369655941662062,1.122284159933413,0.3853185657672068,0.1334693608534377,1.0079384787695793,True
KATNA1,NEUTRAL,0.01558954862594326,0.13750352374993502,0.022490964492345698,0.1599944882422807,-0.09185471667148824,-0.09185471667148791,False
TUBB2B,DIG,-1.0748429227494172,0.45943161863729726,-1.5506705543851835,-1.0912389357478862,-1.3447057354168164,-1.6650162355490175,True
DOK1,DIG,-1.6395920891957787,0.45943161863729726,-2.365431376163525,-1.9059997575262275,-2.1353049114351146,-2.4797770573273588,True
OFCC1,DIG,1.6228056738616532,0.4854268271702419,2.3412136980066798,2.8266405251769218,2.562778935877864,2.2268680168428427,True
LRRTM4,DIG,-0.6277446257480381,0.4854268271702419,-0.905644058511393,-0.4202172313411511,-0.6654505821870152,-1.0199897396752242,True
LINC01524,DCG,-0.9153332231960334,1.1538053360790355,-1.3205467018658281,-0.16674136578679266,-0.41111323438518915,-1.4348923830296516,True
BBOX1,DIG,0.7906356029664054,0.5849625007211562,1.1406460635498885,1.7256085642710448,1.479438343609986,1.0263003823860535,True
SPATA20P1,DIG,1.1413200900343499,0.53605290024021,1.6465768339595017,2.1826297341997116,1.923952620437601,1.5322311527956674,True
RAP2A,NEUTRAL,0.0551338204449252,0.13750352374993502,0.07954128934115613,0.21704481309109114,-0.03480439182267653,-0.03480439182267653,False
TSPAN14,NEUTRAL,0.004643888116434874,0.13750352374993502,0.006699714356023782,0.1442032381059588,-0.10764596680780959,-0.10764596680780976,False
MIR2052HG,DCG,-1.0051476955901009,1.4059923596758368,-1.4501215957888078,-0.04412923611297104,-0.2916977394205359,-1.5644672769526384,True
CTLA4,NEUTRAL,-0.0024887885418239447,0.13750352374993502,-0.0035905628871106795,0.13391296086282434,-0.11793624405094441,-0.11793624405094423,False
WDCP,DIG,-1.0016017364465821,0.4329594072761063,-1.4450058581172587,-1.0120464508411524,-1.2432360052614955,-1.5593515392810942,True
AURKA,DCG,0.7452175638790658,-0.7369655941662062,1.0751216837916826,0.3381560896254764,0.08630688471170729,0.9607760026278486,True
TUFT1,DCG,-1.0270028920747656,1.4059923596758368,-1.4816519793748877,-0.07565961969905088,-0.3353493262750823,-1.5959976605387225,True
GTF2IP5,DSG,-0.0947780528175055,1.3074285251922473,-0.13673582678492743,1.1706926984073198,0.9212170022847656,-0.2510815079487608,False
HSP90B3P,NEUTRAL,0.027681549187757958,0.13750352374993502,0.03993603373730232,0.17743955748723733,-0.07440964742653094,-0.07440964742653178,False
FAM21EP,DIG,-1.245956163317093,0.405992359675837,-1.7975347779826094,-1.3915424183067724,-1.6566770787898926,-1.9118804591464436,True
DCAF7,DSG,0.04464790643200776,1.3219280948873624,0.06441331319553205,1.3863414080828944,1.1397778517169617,-0.04993236796830227,False
NSUN7,NEUTRAL,-0.05778538044027691,0.13750352374993502,-0.0833666817970696,0.05413684195286542,-0.1977123629609047,-0.1977123629609047,False
APH1B,NEUTRAL,-0.10282376547483996,0.13750352374993502,-0.14834333653608142,-0.010839812786146402,-0.26268901769991504,-0.26268901769991526,False
SNX8,DIG,-0.8141261336705226,0.632268215499513,-1.1745357357045683,-0.5422675202050553,-0.7897968387263552,-1.2888814168684029,True
SEC61A2,DSG,0.09043686995574869,1.3219280948873624,0.13047282379867872,1.4524009186860412,1.1973376273228158,0.016127142634844445,False
ROR1,NEUTRAL,0.026956756322677317,0.13750352374993502,0.038890378665178776,0.1763939024151138,-0.07545530249865459,-0.07545530249865459,False
MIR4709,NEUTRAL,0.029680092901233242,0.13750352374993502,0.042819322841732926,0.18032284659166795,-0.07152635832210208,-0.07152635832210208,False
ALKBH2,NEUTRAL,-0.010418647005275,0.13750352374993502,-0.015030930367282895,0.12247259338265212,-0.12937661153111743,-0.12937661153111796,False
MIR210,NEUTRAL,-0.04417791571855964,0.13750352374993502,-0.06373525992397658,0.07376826382595844,-0.17808094108781078,-0.17808094108781006,False
BTG3,DIG,1.2490522350900322,0.53605290024021,1.802001465375665,2.338054365615875,2.0847315648800775,1.6876557842118287,True
APOBEC3D,NEUTRAL,-0.0706382543204369,0.13750352374993502,-0.10190945920514771,0.03559406454478731,-0.21625514036898225,-0.21625514036898205,False
LURAP1,NEUTRAL,-0.008627472637657648,0.13750352374993502,-0.012446811989753913,0.1250567117601811,-0.12679249315358762,-0.12679249315358762,False
CDH18,DSG,0.062350448134940804,1.2927817492278462,0.08995268232148362,1.3827344315493297,1.119249975022652,-0.024392998842350515,False
LSM6,NEUTRAL,-0.0013202204426633276,0.13750352374993502,-0.001904675485510615,0.1355988482644244,-0.1162503566493438,-0.11625035664934415,False
ACAP2,DSG,-0.09591346792438438,1.4594316186372973,-0.138373884528972,1.3210577341083254,1.0745290399226868,-0.25271956569280796,False
RHBDL2,NEUTRAL,-0.005252312864175588,0.13750352374993502,-0.007577485722343429,0.1299260380275916,-0.12192316688617787,-0.12192316688617821,False
PHLDB1,NEUTRAL,-0.02523496002068404,0.13750352374993502,-0.036406351678872115,0.1010971720710629,-0.1507520328427071,-0.1507520328427069,False
CARMIL1,DIG,1.2600489447982264,0.45943161863729726,1.8178663639377723,2.2772979825750697,1.9985295222696418,1.7035206827739375,True
COL6A2,DIG,-0.894967385000946,0.405992359675837,-1.2911650080982284,-0.8851726484223914,-1.1410879745809002,-1.4055106892620637,True
CAPN10,NEUTRAL,-0.04479809351154501,0.13750352374993502,-0.06462998735038604,0.07287353639954898,-0.17897566851422012,-0.17897566851422028,False
NABP1,NEUTRAL,0.022932836882126408,0.13750352374993502,0.033085090043359286,0.17058861379329432,-0.08126059112047335,-0.08126059112047385,False
CENPK,NEUTRAL,-0.010038186060208964,0.13750352374993502,-0.014482041248584194,0.12302148250135082,-0.1288277224124181,-0.12882772241241758,False
NR1H3,DIG,-1.0904198383260097,0.37851162325372983,-1.5731432932398794,-1.1946316699861497,-1.4463055081331433,-1.6874889744037147,True
CREG1,DCG,-0.9353849429188544,1.2927817492278462,-1.3494752184712375,-0.05669346924339136,-0.30101223949878547,-1.4638208996350723,True
SRGAP2,DCG,-0.9562960767064419,1.2927817492278462,-1.3796436074859555,-0.08686185825810933,-0.32470400270329647,-1.49398928864979,True
NCOR2,NEUTRAL,0.013907437178212414,0.13750352374993502,0.020064190648481847,0.15756771439841688,-0.09428149051535087,-0.09428149051535069,False
MYBPC1,NEUTRAL,0.01825410819336026,0.13750352374993502,0.02633511136641144,0.16383863511634647,-0.08801056979742171,-0.08801056979742171,False
LINC01511,DSG,-0.051930963024016716,1.4059923596758368,-0.07492054282333704,1.3310718168524998,1.0822020582236234,-0.1892662239871715,False
TRAPPC10,DIG,1.473403214380772,0.4854268271702419,2.125671510616998,2.61109833778724,2.3509302501341263,2.0113258294531624,True
DKK2,NEUTRAL,0.018182312235451952,0.13750352374993502,0.026231531693981253,0.16373505544391628,-0.08811414946985378,-0.08811414946985378,False
GNPDA1,NEUTRAL,0.03235382461715381,0.13750352374993502,0.04667670232895907,0.1841802260788941,-0.06766897883487538,-0.0676689788348752,False
GSTCD,NEUTRAL,-0.036366211288764744,0.13750352374993502,-0.052465352682221134,0.08503817106771389,-0.16681103384605622,-0.1668110338460557,False
PNKD,NEUTRAL,0.04876108135041711,0.13750352374993502,0.07034737025263009,0.20785089400256512,-0.04399831091120446,-0.04399831091120396,False
ASPHD2,NEUTRAL,-0.0362038350143377,0.13750352374993502,-0.05223109323634722,0.0852724305135878,-0.16657677440018037,-0.16657677440018037,False
PCAT14,NEUTRAL,0.0012477095252383765,0.13750352374993502,0.0018000643445313287,0.13930358809446636,-0.11254561681930374,-0.11254561681930339,False
PDE11A-AS1,NEUTRAL,-0.002296470707007289,0.13750352374993502,-0.0033131069005461877,0.13419041684938884,-0.117658788064379,-0.11765878806437952,False
FSBP,DCG,-0.9319853170429878,1.3504972470841334,-1.3445705950792468,0.005926652004886623,-0.240107977291609,-1.4589162762430823,True
FCF1P2,NEUTRAL,-0.004515733199781706,0.13750352374993502,-0.006514825893302718,0.1309886978566323,-0.12086050705713634,-0.12086050705713618,False
DHX33,NEUTRAL,0.05897143780180719,0.13750352374993502,0.0850778008707592,0.22258132462069422,-0.029267880293075522,-0.029267880293075196,False
C1RL-AS1,DIG,-1.6824085656833854,0.5849625007211562,-2.427202494460534,-1.842239993739378,-2.089421825709672,-2.5415481756243685,True
RPS5P2,DIG,-0.9627262724156374,0.53605290024021,-1.3889204189475572,-0.8528675187073472,-1.115692996773999,-1.503266100111384,True
MT2A,NEUTRAL,0.033246856659313914,0.13750352374993502,0.047965075227538394,0.18546859897747342,-0.06638060593629537,-0.06638060593629486,False
HSD17B4,NEUTRAL,0.07048184194719771,0.13750352374993502,0.10168380384994187,0.23918732759987688,-0.012661877313892844,-0.012661877313892844,False
CNOT7,NEUTRAL,-0.048559426544319086,0.13750352374993502,-0.07005644386390104,0.06744707988603398,-0.18440212502773473,-0.1844021250277351,False
TEKT2,NEUTRAL,-0.02651013205418927,0.13750352374993502,-0.03824603604789041,0.09925748770204461,-0.15259171721172554,-0.15259171721172518,False
TRMT112,DIG,0.7830016363118207,0.37851162325372983,1.1296325777150076,1.5081442009687374,1.250441063843511,1.015286896551174,True
PRKCSH,DIG,-1.5192729367656876,0.560714954474479,-2.191847531628669,-1.6311325771541902,-1.8540531479271198,-2.306193212792505,True
WDR31,NEUTRAL,0.05870793123748278,0.13750352374993502,0.08469764125716668,0.2222011650071017,-0.029648039906665688,-0.029648039906665688,False
C2orf88,NEUTRAL,0.030404043814384822,0.13750352374993502,0.04386376323398375,0.18136728698391877,-0.07048191792985103,-0.07048191792985153,False
ATF3,DCG,-0.8342535356253776,1.2479275134435854,-1.2035734386908166,0.04435407475276887,-0.21570554420147472,-1.3179191198546512,True
CREM,DIG,-1.4284516807618064,0.560714954474479,-2.0608201559845627,-1.5001052015100838,-1.7566367837415136,-2.175165837148399,True
RPL17P50,NEUTRAL,0.002419332111035515,0.13750352374993502,0.0034903584388543646,0.1409938821887894,-0.11085532272498003,-0.1108553227249802,False
MIR1226,NEUTRAL,0.04114044350425801,0.13750352374993502,0.0593531138235656,0.1968566375735006,-0.054992567340268556,-0.05499256734026872,False
TMEM192,NEUTRAL,0.03038477540459691,0.13750352374993502,0.04383596479473691,0.18133948854467194,-0.07050971636909636,-0.07050971636909686,False
MS4A3,DIG,-0.8473633113748866,0.5109619192773794,-1.2224868471517996,-0.7115249278744201,-0.9684472079097539,-1.3368325283156226,True
ZDHHC20P1,DIG,-1.0730430902321577,0.4854268271702419,-1.5480739449381025,-1.0626471177678605,-1.3316350950010836,-1.6624196261019288,True
GZMM,NEUTRAL,-0.006836160747269829,0.13750352374993502,-0.009862495208805973,0.12764102854112905,-0.12420817637263949,-0.12420817637263984,False
PPP3CA,NEUTRAL,-0.028061546949828386,0.13750352374993502,-0.04048425462419023,0.0970192691257448,-0.15482993578802468,-0.15482993578802431,False
INAFM1,DIG,1.4148663663006935,0.560714954474479,2.041220690182598,2.601935644657077,2.3416964900481294,1.9268750090187616,True
EFCAB3,DCG,-1.0919603544532974,1.4059923596758368,-1.5753657882171268,-0.16937342854129,-0.4294240631257376,-1.6897114693809525,True
C1QC,NEUTRAL,-0.03204773820980197,0.13750352374993502,-0.04623511298698904,0.09126841076294598,-0.16058079415082163,-0.160580794150822,False
PRDX3P4,NEUTRAL,-0.0067213489095347256,0.13750352374993502,-0.009696856739870191,0.12780666701006482,-0.12404253790370381,-0.12404253790370398,False
TRABD2B,NEUTRAL,0.03246862124382999,0.13750352374993502,0.04684231885297557,0.1843458426029106,-0.06750336231085892,-0.06750336231085909,False
CD8B,DIG,1.280507987544447,0.4854268271702419,1.8473825234490802,2.332809350619322,2.088577823075606,1.7330368422852442,True
HBEGF,NEUTRAL,-0.0016643213275624076,0.13750352374993502,-0.0024011081257200215,0.135102415624215,-0.11674678928955265,-0.116746789289553,False
REM2,DIG,-1.3629418462308414,0.4854268271702419,-1.966309442577283,-1.4808826154070411,-1.7339256469033522,-2.0806551237411184,True
RNU6-388P,DSG,0.10504542084927766,-3.321928094887362,0.15154850772734701,-3.1703795871600153,-3.4222287920737267,0.037202826563513654,False
PLA2G4A,DCG,-0.9177823396619599,1.2630344058337937,-1.3240800300457798,-0.061045624211986116,-0.30513381480151536,-1.4384257112096142,True
TIGAR,DSG,-0.006262773940127029,1.3504972470841334,-0.0090352729056299,1.3414619741785034,1.09244226004958,-0.12338095406946542,False
RIOX1,NEUTRAL,-0.033641760009193805,0.13750352374993502,-0.04853480033204055,0.08896872341789447,-0.16288048149587567,-0.1628804814958753,False
SNRPA,DIG,1.728086222667216,0.5849625007211562,2.4931014236705336,3.0780639243916896,2.8205512790947345,2.3787557425066974,True
SPSB2,DIG,1.48968272458004,0.6780719051126378,2.149157879249583,2.827229784362221,2.589516657180519,2.0348121980857488,True
LINC00639,DIG,-1.6160957787421424,0.37851162325372983,-2.3315333655928763,-1.9530217423391465,-2.2019328022491624,-2.4458790467567115,True
KCNT2,DCG,-0.8182783155088253,1.2479275134435854,-1.180526067851557,0.06740144559202843,-0.18922998480399414,-1.2948717490153916,True
CSNK1G1,NEUTRAL,-0.041636124020718084,0.13750352374993502,-0.06006822964652783,0.07743529410340719,-0.17441391081036126,-0.17441391081036145,False
FTH1P15,DIG,-1.6600995308225823,0.4329594072761063,-2.3950173604998346,-1.9620579532237283,-2.213709951422074,-2.509363041663658,True
SNAP25-AS1,DSG,-0.02144458583502966,1.2479275134435854,-0.030937997638115,1.2169895158054704,0.9678889016250627,-0.1452836788019485,False
TSSK1B,NEUTRAL,0.08603355807468044,0.13750352374993502,0.1241201875843741,0.2616237113343091,0.009774506420539902,0.009774506420539902,False
DCAKD,NEUTRAL,0.03328825597955179,0.13750352374993502,0.04802480182154175,0.18552832557147678,-0.06632087934229296,-0.06632087934229296,False
RBKS,DIG,-1.266142970135043,0.5109619192773794,-1.8266581840702496,-1.3156962647928703,-1.5649017396328175,-1.9410038652340837,True
CACNA1E,DCG,-0.9076772268883275,1.2927817492278462,-1.3095014339596367,-0.01671968473179053,-0.2763245398773835,-1.423847115123469,True
CTNNBL1,DSG,0.002495883510511304,1.1375035237499351,0.003600798763251196,1.1411043225131863,0.8869574968041356,-0.11074488240058472,False
MRO,NEUTRAL,-0.029808079371411805,0.13750352374993502,-0.04300396828756042,0.0944995554623746,-0.15734964945139443,-0.15734964945139443,False
KRT18P34,DSG,-0.08152257029577732,-0.7369655941662062,-0.11761220788623986,-0.854577802052446,-1.1064270069662143,-0.23195788905007317,False
MFRP,NEUTRAL,0.014914660562537508,0.13750352374993502,0.02151730683011506,0.15902083058005007,-0.09282837433371936,-0.09282837433371936,False
KCNMB1,DIG,0.609776126877449,0.4329594072761063,0.8797209942985751,1.3126804015746814,1.0575591880641253,0.7653753131347404,True
NUS1,DIG,1.2043598480813684,0.4329594072761063,1.7375239802727758,2.1704833875488823,1.9107410194476548,1.6231782991089416,True
FILNC1,DIG,-1.5908311944506912,0.45943161863729726,-2.2950842751254785,-1.8356526564881812,-2.0675244706789973,-2.4094299562892942,True
FH,DCG,-0.8636546741486215,1.3362833878644325,-1.24599031543479,0.09029307242964246,-0.16191562713870314,-1.3603359965986248,True
IDH3B,DSG,0.07501690222469279,1.1538053360790355,0.10822651282241653,1.262031848901452,0.9943322183400362,-0.006119168341418007,False
SNORD63B,NEUTRAL,0.028154339417782445,0.13750352374993502,0.0406181258575394,0.17812164960747442,-0.07372755530629424,-0.07372755530629424,False
CCDC88B,DIG,1.6189085454178178,0.405992359675837,2.335591330127051,2.741583689802888,2.479390514788312,2.221245648963215,True
MGAT2,NEUTRAL,0.0012851200403715365,0.13750352374993502,0.00185403630919104,0.13935756005912606,-0.11249164485464287,-0.11249164485464253,False
SERPINA3,NEUTRAL,-0.008226851809638502,0.13750352374993502,-0.011868838307893863,0.12563468544204115,-0.12621451947172796,-0.1262145194717278,False
EAF1-AS1,DIG,1.3889243100685598,0.4854268271702419,2.003794214306036,2.489221041476278,2.2531466616800575,1.889448533142202,True
ZNF414,DIG,1.4790861312574566,0.5849625007211562,2.133870226612775,2.718832727333931,2.4890903339243495,2.0195245454489408,True
ZNF547,DIG,1.1759367378493562,0.5109619192773794,1.6965181000944112,2.2074800193717907,1.959159394910099,1.5821724189305768,True
MIR186,NEUTRAL,0.014515396657225425,0.13750352374993502,0.020941290773915357,0.15844481452385037,-0.0934043903899186,-0.09340439038991792,False
DIO2,NEUTRAL,0.021519136917022386,0.13750352374993502,0.031045552114398814,0.16854907586433382,-0.08330012904943443,-0.08330012904943392,False
ATF1,DIG,0.8412788345952568,0.53605290024021,1.2137088026754235,1.7497617029156336,1.4800855134888138,1.0993631215115875,True
CCNB2,NEUTRAL,-0.028441252588578908,0.13750352374993502,-0.041032054066213186,0.09647146968372183,-0.15537773523004644,-0.15537773523004625,False
ITGA2B,NEUTRAL,0.007184084111530119,0.13750352374993502,0.010364442521033697,0.1478679662709687,-0.10398123864279904,-0.1039812386427992,False
ZNF589,NEUTRAL,-0.019416947234564906,0.13750352374993502,-0.028012733484509462,0.10949079026542556,-0.14235841464834237,-0.14235841464834256,False
C1RL,DIG,0.6130387929082126,0.632268215499513,0.8844280264012346,1.5166962419007475,1.2763223257168594,0.7700823452374004,True
HMSD,NEUTRAL,-0.002408537704644254,0.13750352374993502,-0.0034747854022843523,0.13402873834765067,-0.11782046656611858,-0.11782046656611858,False
RASGRP1,NEUTRAL,0.03370331031948798,0.13750352374993502,0.04862359865946713,0.18612712240940216,-0.06572208250436616,-0.0657220825043665,False
HLA-DMB,DIG,0.9229973409181276,0.5849625007211562,1.3316036864962826,1.9165661872174389,1.650766424107002,1.2172580053324482,True
ADHFE1,DCG,-0.8729246964499102,1.1699250014423124,-1.2593641306377892,-0.08943912919547681,-0.3473401689842992,-1.373709811801624,True
HMMR,DIG,1.6886155182034146,0.405992359675837,2.4361572340802136,2.8421495937560506,2.583085069046045,2.321811552916379,True
SPRR1B,DCG,-0.8362024729225225,1.1210154009613662,-1.206385160864411,-0.08536975990304474,-0.32452554074993495,-1.3207308420282455,True
TCAM1P,DCG,-0.8192153221752293,1.2479275134435854,-1.1818778827224579,0.06604963072112757,-0.19052945466433596,-1.2962235638862933,True
KRTAP5-AS1,NEUTRAL,0.03181712233757394,0.13750352374993502,0.04590240461177539,0.1834059283617104,-0.06844327655206009,-0.06844327655205941,False
FBXL21P,NEUTRAL,0.02958215927405709,0.13750352374993502,0.04267803448346962,0.18018155823340465,-0.07166764668036268,-0.07166764668036336,False
ATP5MFP2,DIG,1.460054874754788,0.4329594072761063,2.106413927234489,2.5393733345105955,2.298675086032059,1.992068246070653,True
GRWD1,DIG,-1.343326664340997,0.4854268271702419,-1.9380107169386693,-1.4525838897684276,-1.7094905106611173,-2.0523563981025057,True
FZD4-DT,NEUTRAL,0.023667008827805456,0.13750352374993502,0.03414427626855025,0.17164780001848529,-0.08020140489528284,-0.08020140489528335,False
RBM26,NEUTRAL,-0.0737511293144806,0.13750352374993502,-0.10640038852196183,0.031103135227973186,-0.2207460696857963,-0.22074606968579555,False
BLCAP,DSG,-0.006482562157406947,1.3219280948873624,-0.009352360276745462,1.312575734610617,1.0618753951107387,-0.12369804144058025,False
SLC11A1,NEUTRAL,0.050435690459748335,0.13750352374993502,0.07276332051008973,0.21026684426002473,-0.04158236065374463,-0.04158236065374446,False
TBCB,DSG,0.016753314383167902,1.3074285251922473,0.024169923579050078,1.3315984487712973,1.088050189329109,-0.09017575758478423,False
NCOA4,DIG,-0.8438442972078298,0.4854268271702419,-1.2174099828641687,-0.7319831556939268,-0.9865987924553421,-1.3317556640280044,True
CD164L2,NEUTRAL,0.05024594602900043,0.13750352374993502,0.07248957716081342,0.20999310091074844,-0.041856104003019465,-0.04185610400301913,False
ST3GAL5-AS1,DIG,1.5627406091888945,0.53605290024021,2.254558127072616,2.790611027312826,2.542668963473636,2.14021244590878,True
MEMO1P2,DIG,1.175570129614317,0.405992359675837,1.6959891962117712,2.1019815558876083,1.865859387669083,1.5816435150479362,True
DENND3,DCG,-1.0015166900999528,1.2927817492278462,-1.444883162174731,-0.15210141294688473,-0.39734966267391336,-1.5592288433385653,True
FOXCUT,DIG,1.5089901372338343,0.560714954474479,2.177012587737609,2.737727542212088,2.485419387857326,2.0626669065737753,True
RASL11B,NEUTRAL,0.0020136093062526994,0.13750352374993502,0.0029050241604186354,0.14040854791035365,-0.11144065700341439,-0.11144065700341439,False
POLR2C,NEUTRAL,-0.08228518711362234,0.13750352374993502,-0.11871243138744339,0.01879109236249163,-0.23305811255127837,-0.23305811255127856,False
CLCA2,NEUTRAL,3.084217418944436e-05,0.13750352374993502,4.4495851753344965e-05,0.13754801960168836,-0.11430118531208093,-0.11430118531208162,False
A2ML1,DIG,0.9703780424410657,0.5109619192773794,1.3999595896172656,1.9109215088946452,1.675058347856604,1.2856139084534304,True
MIR6516,DSG,-0.10375472814889927,1.185866545311334,-0.14968643176919952,1.0361801135421345,0.7855190430579551,-0.26403211293303175,False
MRLN,DIG,1.623959778710058,0.45943161863729726,2.342878719348139,2.8023103379854364,2.5487842647369403,2.2285330381843003,True
FYN,DIG,0.7407639659691818,0.405992359675837,1.0686965001729796,1.4746888598488166,1.2375432740002774,0.9543508190091441,True
MIR4658,DSG,-0.09731194365931407,1.3785116232537298,-0.14039145853655863,1.2381201647171711,0.9955073491817147,-0.2547371397003925,False
OR9A3P,DIG,1.4010696719806592,0.632268215499513,2.021316267706424,2.653584483205937,2.410006857424715,1.9069705865425828,True
KCTD8,NEUTRAL,0.032166641024606465,0.13750352374993502,0.046406653488255234,0.18391017723819025,-0.06793902767557791,-0.06793902767557808,False
LNPEP,NEUTRAL,-0.00600228509103539,0.13750352374993502,-0.008659466934838517,0.1288440568150965,-0.1230051480986732,-0.12300514809867302,False
KCNK12,DIG,-0.6226289067367777,0.5109619192773794,-0.8982636360632662,-0.38730171678588676,-0.6333770651590921,-1.0126093172270998,True
PKIB,DIG,-1.3702964241513975,0.405992359675837,-1.9769198556711007,-1.5709274959952637,-1.8105166203391476,-2.0912655368349364,True
GUCY1A2,NEUTRAL,0.007137100500742003,0.13750352374993502,0.010296659498746625,0.14780018324868163,-0.10404902166508685,-0.1040490216650872,False
SCARNA17,NEUTRAL,-0.027199094942290343,0.13750352374993502,-0.039239999389910366,0.09826352436002465,-0.15358568055374405,-0.1535856805537439,False
DANCR,NEUTRAL,-0.06857987369484461,0.13750352374993502,-0.09893984368434379,0.03856368006559123,-0.21328552484817728,-0.21328552484817728,False
FLYWCH2,DCG,0.8192462650280918,-0.7369655941662062,1.1819225238228335,0.44495692965662725,0.19310772474285717,1.0675768426589982,True
ST3GAL3,NEUTRAL,-0.0261464907625713,0.13750352374993502,-0.03772141255981071,0.09978211119012431,-0.15206709372364421,-0.15206709372364421,False
NEIL3,NEUTRAL,-0.03021304724862104,0.13750352374993502,-0.043588213435729516,0.0939153103142055,-0.15793389459956333,-0.15793389459956297,False
TNRC6C,DSG,-0.03551790691121771,-0.7369655941662062,-0.05124150816356963,-0.7882071023297759,-1.0400563072435465,-0.16558718932740524,False
BPIFB2,DSG,0.05267650913377544,-3.321928094887362,0.07599613849864001,-3.245931956388722,-3.497781161302491,-0.03834954266519423,False
LINC01767,NEUTRAL,0.0198922830958528,0.13750352374993502,0.028698498174346193,0.1662020219242812,-0.08564718298948727,-0.08564718298948744,False
ATP6V0B,NEUTRAL,-0.033002483146803346,0.13750352374993502,-0.04761251877291478,0.08989100497702024,-0.1619581999367498,-0.16195819993674998,False
RPS4XP21,DSG,-0.054306898903016466,1.1375035237499351,-0.07834829373344014,1.059155230016495,0.7963457646412898,-0.19269397489727264,False
ZDHHC5,DIG,-1.5039103172104555,0.405992359675837,-2.169683956581272,-1.763691596905435,-2.000465676081534,-2.284029637745106,True
RN7SKP161,DIG,-0.7035392398954444,0.632268215499513,-1.0149925724679485,-0.38272435696843554,-0.6296087992746309,-1.1293382536317778,True
SEPTIN4-AS1,DSG,0.013431112155044236,-0.7369655941662062,0.0193769988997058,-0.7175885952665004,-0.9694378001802689,-0.09496868226412791,False
RPL7AP2,NEUTRAL,0.025817087415551405,0.13750352374993502,0.03724618398461288,0.1747497077345479,-0.07709949717922158,-0.07709949717922208,False
XPOT,DIG,1.2515270795287152,0.4329594072761063,1.805571911174325,2.2385313184504314,2.003359596810392,1.69122623001049,True
C2orf69,NEUTRAL,0.018088293398221638,0.13750352374993502,0.026095891183758935,0.16359941493369395,-0.08824978998007452,-0.0882497899800747,False
ZNF90P1,DIG,-0.8518597580874657,0.5849625007211562,-1.228973848525659,-0.6440113478045028,-0.9052664218014957,-1.3433195296894862,True
ABCB8,DIG,-1.1555316603117787,0.5109619192773794,-1.6670797959219934,-1.1561178766446139,-1.4060794309595939,-1.7814254770858282,True
PYCR3,DCG,-0.8179186039301908,1.0874628412503395,-1.1800071137409105,-0.09254427249057096,-0.3426685690964025,-1.294352794904744,True
FN1,NEUTRAL,0.07721768680995854,0.13750352374993502,0.11140157382964432,0.24890509757957935,-0.0029441073341881607,-0.0029441073341884816,False
TLE3,NEUTRAL,0.04701296223696708,0.13750352374993502,0.06782536747677252,0.20532889122670755,-0.04652031368706016,-0.046520313687060326,False
FXYD6-FXYD2,NEUTRAL,0.04451498932232695,0.13750352374993502,0.06422155434054624,0.20172507809048126,-0.05012412682328779,-0.050124126823287624,False
ZNF786,DIG,1.133573245811566,0.4854268271702419,1.635400500216752,2.1208273273869938,1.8842011458519439,1.5210548190529183,True
UST,NEUTRAL,0.011967282498738362,0.13750352374993502,0.017265139113847118,0.15476866286378213,-0.09708054204998756,-0.09708054204998773,False
MTND4LP30,NEUTRAL,-0.04405354295633116,0.13750352374993502,-0.06355582795668789,0.07394769579324713,-0.17790150912052155,-0.1779015091205221,False
POU2F3,NEUTRAL,0.016013096508132194,0.13750352374993502,0.02310201492155869,0.1606055386714937,-0.0912436662422752,-0.0912436662422747,False
PSMD8,DSG,0.07670675554175455,1.1043366598147357,0.11066445582277129,1.2150011156375071,0.9531020589415884,-0.00368122534106247,False
COPG2,DIG,-0.7101515654056652,0.608809242675524,-1.0245321416902875,-0.41572289901476345,-0.6639513012529676,-1.138877822854123,True
GNAL,NEUTRAL,-0.03891699950269224,0.13750352374993502,-0.05614536218881236,0.08135816156112266,-0.170491043352647,-0.1704910433526468,False
LINC01515,NEUTRAL,-0.014896276581917106,0.13750352374993502,-0.02149078435244221,0.1160127393974928,-0.13583646551627546,-0.13583646551627526,False
BEND7,DSG,0.22708157060810735,1.1210154009613662,0.32760945579359346,1.4486248567549596,1.189477367260973,0.2132637746297579,True
GPC2,DSG,0.05361031019087091,1.0179219079972623,0.07734332865288852,1.095265236650151,0.8472537606863806,-0.03700235251094592,False
GPS2,NEUTRAL,-0.03227221403356927,0.13750352374993502,-0.0465589631447376,0.09094456060519743,-0.16090464430857052,-0.16090464430857035,False
BCLAF1P1,NEUTRAL,-0.03361960524743769,0.13750352374993502,-0.048502837767122935,0.08900068598281208,-0.16284851893095728,-0.16284851893095728,False
LINC02765,DCG,-0.8756516265371904,1.3362833878644325,-1.2632982591515594,0.0729851287128731,-0.17694610283878023,-1.3776439403153886,True
RPL10P4,DCG,-0.8482579783136479,1.1538053360790355,-1.2237775787075977,-0.06997224262856228,-0.3188558247311477,-1.3381232598714334,True
SIX2,DIG,-1.1033487186990742,0.4329594072761063,-1.5917957248383463,-1.15883631756224,-1.4028001546996802,-1.7061414060021807,True
MACROH2A2,NEUTRAL,0.010952957808585725,0.13750352374993502,0.015801777913512675,0.1533053016634477,-0.09854390325032125,-0.09854390325032107,False
TXNDC11,DCG,-0.7985141416150396,1.1210154009613662,-1.1520123921877252,-0.030996991226359016,-0.28690496554802214,-1.2663580733515587,True
PCDH17,NEUTRAL,0.04221418512026453,0.13750352374993502,0.0609021955281743,0.19840571927810932,-0.0534434856356582,-0.053443485635658365,False
ALG9,NEUTRAL,0.05066251751901588,0.13750352374993502,0.07309056278363445,0.21059408653356948,-0.04125511838020041,-0.04125511838020074,False
ADAMTSL4-AS1,DCG,-0.9665755329253001,1.4329594072761063,-1.3944737279959374,0.03848567928016888,-0.2148342189455263,-1.5088194091597738,True
NAP1L4P1,NEUTRAL,0.01737805273803807,0.13750352374993502,0.0250712305054744,0.1625747542554094,-0.08927445065835816,-0.08927445065835868,False
GLIPR1,DIG,-1.5148096850735808,0.53605290024021,-2.1854084205462274,-1.6493555203060173,-1.889650658973061,-2.299754101710065,True
NFYC-AS1,NEUTRAL,0.041433947613252045,0.13750352374993502,0.05977655074609183,0.19728007449602686,-0.054569130417743264,-0.0545691304177431,False
DUSP26,NEUTRAL,0.07752069363664767,0.13750352374993502,0.11183872027586422,0.24934224402579924,-0.0025069608879696973,-0.0025069608879693763,False
LDLRAD3,DIG,-1.002827651948418,0.632268215499513,-1.4467744803323062,-0.8145062648327932,-1.0643426618736966,-1.5611201614961425,True
GFM1,DSG,0.038826027854180135,1.3923174227787602,0.056014117842642444,1.4483315406214028,1.195941975215485,-0.05833156332119324,False
CDKAL1,DIG,1.5084025787761153,0.4854268271702419,2.1761649200644255,2.6615917472346675,2.385944699421553,2.0618192389005903,True
DENND4A,NEUTRAL,-0.03733359121754832,0.13750352374993502,-0.053860986908132714,0.08364253684180231,-0.1682066680719661,-0.16820666807196663,False
SPATA1,NEUTRAL,0.004477685517944516,0.13750352374993502,0.006459934691398883,0.1439634584413339,-0.10788574647243547,-0.1078857464724353,False
HSPB8,NEUTRAL,-0.06065646235371993,0.13750352374993502,-0.08750877743557985,0.04999474631435517,-0.20185445859941342,-0.20185445859941342,False
TRIT1,NEUTRAL,-0.03641485564380092,0.13750352374993502,-0.05253553165199907,0.08496799209793596,-0.1668812128158335,-0.16688121281583443,False
RESF1,DIG,-0.7802920319040225,0.5109619192773794,-1.1257234448731062,-0.6147615255957267,-0.8748285685629883,-1.2400691260369407,True
HSD17B1,NEUTRAL,0.032059054583250306,0.13750352374993502,0.04625143906284381,0.18375496281277884,-0.06809424210099044,-0.0680942421009901,False
TSC22D1-AS1,NEUTRAL,0.02807611873998771,0.13750352374993502,0.04050527727358996,0.17800880102352498,-0.07384040389024443,-0.07384040389024478,False
NRIP2,DIG,-1.7215489227968892,0.53605290024021,-2.483670093566809,-1.9476171933265989,-2.1991807085520834,-2.598015774730645,True
TM4SF4,DSG,0.0535741725092495,1.1699250014423124,0.07729119299882409,1.2472161944411364,0.9967179430951779,-0.03705448816500867,False
FPGT,NEUTRAL,0.04994683482458276,0.13750352374993502,0.07205805090952573,0.20956157465946074,-0.04228763025430775,-0.04228763025430758,False
H1-7,DIG,0.7450417801567116,0.608809242675524,1.0748680814871732,1.6836773241626972,1.4240503820548336,0.9605224003233379,True
ADAM11,NEUTRAL,0.031641231540492795,0.13750352374993502,0.045648647831088414,0.18315217158102343,-0.06869703333274631,-0.06869703333274664,False
EXOSC10,NEUTRAL,-0.022092279492387647,0.13750352374993502,-0.031872422065600606,0.10563110168433441,-0.14621810322943374,-0.1462181032294341,False
SOX5,DIG,-1.137415411318746,0.608809242675524,-1.6409435733402353,-1.0321343306647113,-1.284930715261679,-1.7552892545040717,True
ZNF511-PRAP1,NEUTRAL,0.006402127201253777,0.13750352374993502,0.009236317164389163,0.14673984091432418,-0.10510936399944527,-0.10510936399944493,False
MRAS,DIG,1.5925197193370537,0.608809242675524,2.2975203016054513,2.9063295442809753,2.6312128062245277,2.183174620441615,True
GASK1B,NEUTRAL,-0.0728430663761203,0.13750352374993502,-0.10509033062397435,0.032413193125960665,-0.21943601178780714,-0.21943601178780714,False
POLR1C,DIG,-0.9793985810352049,0.53605290024021,-1.4129734759131778,-0.8769205756729678,-1.1344025109819362,-1.5273191570770137,True
RIMBP2,NEUTRAL,0.019310764586087263,0.13750352374993502,0.02785954430412231,0.16536306805405732,-0.08648613685971124,-0.0864861368597109,False
NLRP2,DIG,-1.5587798814686886,0.5849625007211562,-2.2488440048323635,-1.6638815041112074,-1.9286330252484043,-2.363189685996197,True
YBX1,DIG,-0.961646716675865,0.45943161863729726,-1.3873629492354245,-0.9279313305981272,-1.173236799967462,-1.50170863039926,True
FBXO17,DSG,0.08934878420559685,1.1375035237499351,0.1289030478828727,1.266406571632808,1.0205146963495786,0.014557366719038746,False
DPRXP4,NEUTRAL,0.02890522529671281,0.13750352374993502,0.04170142519134579,0.1792049489412808,-0.07264425597248812,-0.07264425597248779,False
ZNF875,DSG,0.08771308770553923,1.4059923596758368,0.12654323665384015,1.532535596329677,1.2794196435540568,0.012197555490005993,False
ACSL1,NEUTRAL,0.061407617099278826,0.13750352374993502,0.08859246466193788,0.2260959884118729,-0.025753216501895708,-0.02575321650189587,False
ATRNL1,NEUTRAL,-0.01956550632484021,0.13750352374993502,-0.02822705894732862,0.1092764648026064,-0.14257274011116208,-0.14257274011116228,False
RAD18,DIG,-1.3488944375639915,0.405992359675837,-1.9460433157562782,-1.5400509560804412,-1.8004024126483387,-2.0603889969201132,True
TM9SF4,DSG,-0.0338946587235879,1.2779847472997656,-0.04889965605314411,1.2290850912466216,0.9916970194791022,-0.16324533721697887,False
FNDC3A,NEUTRAL,0.014789890743900625,0.13750352374993502,0.021337302031515015,0.15884082578145003,-0.09300837913231924,-0.09300837913231941,False
NBEAP2,NEUTRAL,0.017587936695325684,0.13750352374993502,0.02537402904981539,0.1628775527997504,-0.08897165211401753,-0.08897165211401753,False
ATOX1,NEUTRAL,-0.04171139220558358,0.13750352374993502,-0.06017681868356999,0.07732670506636502,-0.17452249984740345,-0.17452249984740345,False
RAD52,DSG,0.015783316368943517,-3.321928094887362,0.022770512254256414,-3.299157582633106,-3.551006787546874,-0.09157516890957662,False
GABBR1,DIG,-1.052848855908127,0.4854268271702419,-1.5189398232242737,-1.0335129960540317,-1.2995164230117018,-1.6332855043881096,True
HOXA3,DSG,0.09637109407530459,1.2016338611696507,0.1390340995074857,1.3406679606771363,1.0886781598566668,0.024688418343652214,False
GNA11,NEUTRAL,0.04837488230553848,0.13750352374993502,0.06979020280578763,0.20729372655572265,-0.044555478358046706,-0.044555478358047206,False
RNGTTP1,DIG,1.5140713523776204,0.608809242675524,2.1843432316272393,2.7931524743027634,2.534038673755899,2.0699975504634,True
DGKB,DIG,1.7009011073535845,0.608809242675524,2.453881592621563,3.062690835297087,2.8170606975770105,2.339535911457727,True
FAM201A,NEUTRAL,-0.013524424387620734,0.13750352374993502,-0.01951161999489819,0.11799190375503683,-0.13385730115873165,-0.13385730115873198,False
EEF1A1P22,NEUTRAL,-0.03360553869314329,0.13750352374993502,-0.048482544019000005,0.08902097973093501,-0.16282822518283316,-0.1628282251828337,False
FOXE3,NEUTRAL,0.06989051759011573,0.13750352374993502,0.10083070313242284,0.23833422688235786,-0.013514978031411171,-0.013514978031411332,False
AASDHPPT,NEUTRAL,0.004578770478936346,0.13750352374993502,0.00660576946333025,0.14410929321326527,-0.10773991170050394,-0.10773991170050376,False
NME6,NEUTRAL,-0.0027337367779998933,0.13750352374993502,-0.0039439484927162195,0.1335595752572188,-0.11828962965654954,-0.11828962965654954,False
C12orf57,DSG,0.05038835538475429,1.4059923596758368,0.07269503043213571,1.4786873901079725,1.228772224201956,-0.04165065073169831,False
SRSF3,DIG,-1.2791539255571576,0.4329594072761063,-1.8454290249349616,-1.4124696176588554,-1.6747304804094423,-1.959774706098796,True
SCG3,NEUTRAL,-0.04732209890787597,0.13750352374993502,-0.0682713574188497,0.06923216633108532,-0.18261703858268266,-0.1826170385826821,False
INSIG2,NEUTRAL,0.009683275606539508,0.13750352374993502,0.013970013697115617,0.15147353744705064,-0.10037566746671797,-0.10037566746671883,False
GFRA1,NEUTRAL,-0.019184195750018836,0.13750352374993502,-0.027676944071995304,0.10982657967793971,-0.14202262523582784,-0.1420226252358282,False
CD6,DIG,0.8804590620552513,0.45943161863729726,1.2702339225328592,1.7296655411701565,1.4623831122910602,1.155888241369025,True
IRAK1BP1,NEUTRAL,-0.021079285700042385,0.13750352374993502,-0.03041098094493279,0.10709254280500223,-0.14475666210876528,-0.14475666210876545,False
DNAH6,DIG,1.577570911164972,0.45943161863729726,2.2759537301883888,2.735385348825686,2.476924952698247,2.161608049024554,True
ZSCAN25,DSG,-0.04454992298734117,1.2927817492278462,-0.06427195296582235,1.2285097962620237,0.9699007820376447,-0.17861763412965773,False
LINC01875,DIG,-1.122252437361459,0.4854268271702419,-1.619068026006929,-1.133641198836687,-1.37946846051635,-1.7334137071707447,True
COL10A1,DIG,1.5473651886410813,0.4329594072761063,2.2323760840967033,2.66533549137281,2.4354961872398926,2.1180304029328676,True
LINC02817,DCG,-0.9384921866353931,1.3504972470841334,-1.3539580235719213,-0.0034607764877878644,-0.25671243430250207,-1.4683037047357521,True
KPRP,DCG,-1.0389785674084775,1.3504972470841334,-1.49892922679013,-0.14843197970599653,-0.3885404894335321,-1.6132749079539586,True
KIAA0408,DIG,-1.4608465176160461,0.292781749227846,-2.1075560264645814,-1.8147742772367355,-2.05518993146097,-2.2219017076284153,True
ADAM22,DIG,-1.7133089207789294,0.45943161863729726,-2.4717822835185834,-2.012350664881286,-2.253425773552909,-2.5861279646824187,True
KLK12,DIG,1.3949396169656154,0.560714954474479,2.0124724677358437,2.5731874222103226,2.321646452338186,1.8981267865720077,True
AJAP1,NEUTRAL,0.03071421635252346,0.13750352374993502,0.0443112476165763,0.1818147713665113,-0.07003443354725827,-0.07003443354725827,False
RFWD3,NEUTRAL,-0.017158309787524546,0.13750352374993502,-0.024754208440498228,0.1127493153094368,-0.13909988960433173,-0.13909988960433137,False
EED,NEUTRAL,-0.016204465242135684,0.13750352374993502,-0.02337810164508673,0.11412542210484829,-0.13772378280892142,-0.13772378280892159,False
NR2F2,DIG,0.7647089928831948,0.45943161863729726,1.1032418717557788,1.5626734903930761,1.3205185835997217,0.9888961905919443,True
SYK,NEUTRAL,-0.018902727670744388,0.13750352374993502,-0.027270871469857516,0.1102326522800775,-0.14161655263369086,-0.1416165526336907,False
ERCC3,NEUTRAL,-0.02124142344700182,0.13750352374993502,-0.030644896268412075,0.10685862748152294,-0.14499057743224614,-0.14499057743224597,False
MALSU1,DSG,-0.05120232878266205,1.3219280948873624,-0.07386934581671278,1.2480587490706496,0.9910545403740284,-0.18821502698054657,False
TP53I3,DIG,1.2395413102020696,0.4329594072761063,1.788280101205534,2.2212395084816405,1.9817155557442785,1.6739344200416986,True
RAI14,DSG,-0.04105900311516089,1.1375035237499351,-0.059235620178087124,1.078267903571848,0.8285643713505583,-0.173581301341921,False
SUCLG2P2,DIG,1.532878174136006,0.5109619192773794,2.211475740112945,2.7224376593903243,2.467965898965631,2.0971300589491086,True
ADD3,NEUTRAL,-0.0011783718679630253,0.13750352374993502,-0.0017000312502333211,0.1358034924997017,-0.1160457124140681,-0.1160457124140681,False
CRPPA-AS1,DIG,1.5222956080164862,0.632268215499513,2.196208324452434,2.8284765399519474,2.578365541999013,2.081862643288598,True
UTP11,NEUTRAL,-0.029480913690058543,0.13750352374993502,-0.04253196798152301,0.09497155576841201,-0.15687764914535654,-0.15687764914535726,False
CDK18,DCG,0.9248299941228023,-0.7369655941662062,1.3342476461863362,0.59728205202013,0.3454328471063603,1.2199019650225023,True
NOA1,NEUTRAL,0.06319703998634996,0.13750352374993502,0.09117405618716862,0.22867757993710364,-0.023171624976664182,-0.023171624976663693,False
XPC-AS1,DIG,1.6504232166461927,0.37851162325372983,2.3810573900234737,2.7595690132772037,2.5169565830425427,2.266711708859639,True
C7,DSG,-0.016989853090226995,1.1043366598147357,-0.024511176798702516,1.0798254830160332,0.8225589964743565,-0.13885685796253666,False
MRS2,DIG,1.6373942564291184,0.53605290024021,2.362260573730361,2.898313473970571,2.621778765195727,2.2479148925665253,True
PPARD,DIG,-1.6613504986201917,0.53605290024021,-2.3968221255377573,-1.8607692252975472,-2.1133391724756394,-2.5111678067015912,True
ZNF544,DIG,1.4508370769578514,0.4854268271702419,2.0931154560649317,2.5785422832351736,2.3207179957392827,1.9787697749010964,True
IFT20,DIG,1.6646528966001348,0.560714954474479,2.401586478726463,2.962301433200942,2.68418957837726,2.287240797562628,True
PUS1,NEUTRAL,-0.016982111212563145,0.13750352374993502,-0.02450000763018971,0.11300351611974531,-0.13884568879402417,-0.13884568879402365,False
NLGN2,NEUTRAL,-0.06289962530915415,0.13750352374993502,-0.09074497750729062,0.0467585462426444,-0.20509065867112394,-0.20509065867112358,False
SF3B4P1,NEUTRAL,-0.008388718350726142,0.13750352374993502,-0.01210236236400685,0.12540116138592816,-0.12644804352784156,-0.12644804352784123,False
POFUT1,DCG,-0.9888379455925548,1.2779847472997656,-1.4265916003492094,-0.14860685304944377,-0.4056629307651622,-1.540937281513045,True
GPR83,NEUTRAL,0.009710831769774286,0.13750352374993502,0.014009768837160359,0.15151329258709537,-0.10033591232667406,-0.10033591232667458,False
C3AR1,DIG,1.217784463758117,0.7224660244710913,1.756891606735461,2.479357631206552,2.2356867862186913,1.6425459255716244,True
SFMBT1,NEUTRAL,-0.024829420711687016,0.13750352374993502,-0.03582128212889658,0.10168224162103845,-0.15016696329272955,-0.15016696329272955,False
OGDH,DIG,-0.9390314000758563,0.53605290024021,-1.354735944128458,-0.8186830438882481,-1.0452460544402504,-1.4690816252922945,True
PNLIPRP2,NEUTRAL,0.054230323359764986,0.13750352374993502,0.07823781857693786,0.21574134232687286,-0.036107862586897126,-0.036107862586897126,False
TMEM117,DIG,1.5309974457879694,0.5849625007211562,2.208762422651973,2.793724923373129,2.553090570788567,2.0944167414881374,True
RRP15,DCG,-0.9139953958842385,1.0874628412503395,-1.3186166250375357,-0.2311537837871962,-0.48070455923651506,-1.4329623062013708,True
ZG16B,DCG,2.0794415416798357,-3.321928094887362,3.0,-0.3219280948873622,-0.5737772998011309,2.8856543188361665,True
FAM81A,NEUTRAL,-0.06613219380703694,0.13750352374993502,-0.09540858804852002,0.042094935701414996,-0.2097542692123546,-0.2097542692123546,False
SH3PXD2A-AS1,NEUTRAL,0.04764761918587052,0.13750352374993502,0.06874098390962123,0.20624450765955626,-0.04560469725421327,-0.04560469725421327,False
CNTN5,NEUTRAL,0.07655899492087366,0.13750352374993502,0.11045128230778777,0.2479548060577228,-0.00389439885604644,-0.0038943988560459584,False
FKBP6,DIG,-0.9230516834615959,0.5109619192773794,-1.3316820862142538,-0.8207201669368743,-1.0697850477423667,-1.4460277673780857,True
WHRN,NEUTRAL,-0.011531426765023625,0.13750352374993502,-0.016636332208273846,0.12086719154166117,-0.13098201337210685,-0.13098201337210685,False
FOXF1,NEUTRAL,-0.011917318163784609,0.13750352374993502,-0.017193055815588023,0.12031046793434699,-0.13153873697942317,-0.131538736979423,False
RAB4A,DCG,2.0794415416798357,-3.321928094887362,3.0,-0.3219280948873622,-0.5737772998011309,2.885654318836166,True
SHISA5,NEUTRAL,-0.034274093822328086,0.13750352374993502,-0.049447065188435786,0.08805645856149924,-0.16379274635226956,-0.1637927463522694,False
COMMD2,DSG,0.051246475157283124,1.1699250014423124,0.07393303557245183,1.2438580370147643,0.9823285936519136,-0.040412645591383065,False
HS6ST3,NEUTRAL,-0.06968036051541904,0.13750352374993502,-0.10052751056295017,0.036976013186984846,-0.21487319172678318,-0.21487319172678318,False
CMTR2,NEUTRAL,0.03598570800996512,0.13750352374993502,0.05191640248885493,0.18941992623878995,-0.06242927867497854,-0.06242927867497854,False
TGIF1,NEUTRAL,-0.05732031892109892,0.13750352374993502,-0.08269573984964323,0.054807783900291784,-0.19704142101347613,-0.19704142101347577,False
MIR3936HG,NEUTRAL,0.027075697072548924,0.13750352374993502,0.03906197389517816,0.17656549764511317,-0.07528370726865566,-0.07528370726865549,False
CEP120,NEUTRAL,-0.00031095036406206895,0.13750352374993502,-0.0004486065481949646,0.13705491720174007,-0.11479428771202903,-0.11479428771202868,False
LIFR,DSG,-0.028898777673739714,1.1043366598147357,-0.04169212323765698,1.0626445365770787,0.8232192846965738,-0.1560378044014928,False
CALCA,NEUTRAL,0.014324009175362706,0.13750352374993502,0.020665177002943787,0.1581687007528788,-0.09368050416088938,-0.09368050416089006,False
MLEC,NEUTRAL,-0.010574253897013199,0.13750352374993502,-0.015255423658321738,0.12224810009161328,-0.1296011048221566,-0.1296011048221566,False
GRINA,DCG,-0.9700238711437094,1.3785116232537298,-1.3994486284429444,-0.020937005189214597,-0.28060539131234913,-1.5137943096067792,True
CDCA7,NEUTRAL,-0.0068053196367325935,0.13750352374993502,-0.009818000891578395,0.12768552285835663,-0.12416368205541302,-0.1241636820554132,False
SLC7A9,DSG,-0.02287049904096723,1.185866545311334,-0.03299515554905921,1.1528713897622747,0.9033899302197523,-0.14734083671289486,False
CEACAM19,DIG,-0.7549866799450281,0.5109619192773794,-1.089215539093915,-0.5782536198165357,-0.8305124516675965,-1.2035612202577515,True
DDX59,DCG,-0.8639643739252296,1.2630344058337937,-1.2464371177666669,0.016597288067126792,-0.22945071503164832,-1.3607827989305012,True
HM13-AS1,DSG,0.012699918165915775,-0.7369655941662062,0.01832210895766235,-0.7186434852085438,-0.9704926901223125,-0.09602357220617187,False
EVA1C,DIG,-0.5837241797776082,0.560714954474479,-0.842135979412133,-0.281421024937654,-0.5422443547773407,-0.9564816605759682,True
ARAP2,NEUTRAL,-0.05007284397134577,0.13750352374993502,-0.07223984368066737,0.06526368006926765,-0.18658552484450236,-0.1865855248445022,False
B4GALT7,DIG,-1.1864024587155153,0.4854268271702419,-1.7116169436873472,-1.2261901165171052,-1.4885346122836394,-1.8259626248511813,True
TRIP4,NEUTRAL,0.005346176160167219,0.13750352374993502,0.007712901833992048,0.14521642558392706,-0.10663277932984257,-0.10663277932984275,False
CRYZL2P-SEC16B,DCG,-0.9025412736572125,1.0531113364595626,-1.3020918197028692,-0.24898048324330668,-0.5024952001847967,-1.4164375008667034,True
PARP2,NEUTRAL,0.007582574631256071,0.13750352374993502,0.010939342817683594,0.14844286656761863,-0.10340633834615062,-0.10340633834615044,False
AP4S1,DIG,-0.7765114567655061,0.405992359675837,-1.1202692278690605,-0.7142768681932234,-0.9707581026211328,-1.2346149090328962,True
NCOA4P2,NEUTRAL,-0.04596749795092492,0.13750352374993502,-0.06631708133587297,0.07118644241406205,-0.1806627624997065,-0.18066276249970634,False
NDUFS5,NEUTRAL,0.0247275393522091,0.13750352374993502,0.03567429839681876,0.17317782214675378,-0.07867138276701496,-0.0786713827670143,False
ITPKC,DIG,-1.634880536447231,0.560714954474479,-2.3586340423783083,-1.7979190879038294,-2.0549326790210793,-2.4729797235421427,True
ETNPPL,NEUTRAL,0.05499147341249551,0.13750352374993502,0.07933592598338456,0.2168394497333196,-0.035009755180450304,-0.03500975518044998,False
EIF5B,NEUTRAL,-0.013584092764600205,0.13750352374993502,-0.019597703266464366,0.11790582048347065,-0.1339433844302971,-0.1339433844302973,False
SH3PXD2A,NEUTRAL,-0.0252963148909186,0.13750352374993502,-0.036494868045893906,0.1010086557040411,-0.15084054920972687,-0.15084054920972703,False
METTL1,DIG,-1.598087410689189,0.4854268271702419,-2.3055527823083772,-1.8201259551381352,-2.0757240455047157,-2.4198984634722125,True
OSTCP2,NEUTRAL,0.021291712999685977,0.13750352374993502,0.030717448756678034,0.16822097250661305,-0.0836282324071566,-0.0836282324071566,False
CIBAR1P1,NEUTRAL,0.04857238517446656,0.13750352374993502,0.07007513921535152,0.20757866296528654,-0.04427054194848262,-0.044270541948482456,False
LINC00964,DCG,0.7926047607545436,-0.7369655941662062,1.1434869577255633,0.4065213635593571,0.15467215864558748,1.0291412765617285,True
CLEC12B,DIG,1.0496268526028807,0.6780719051126378,1.514291455034067,2.1923633601467047,1.930288103125479,1.3999457738702326,True
LINC00472,DIG,1.7209161457689535,0.4329594072761063,2.482757189286618,2.9157165965627243,2.6633638583142623,2.3684115081227826,True
DNER,NEUTRAL,-0.011672709211380593,0.13750352374993502,-0.016840159692997705,0.12066336405693731,-0.1311858408568308,-0.13118584085683113,False
TMPRSS5,NEUTRAL,0.012606214622080699,0.13750352374993502,0.018186923319657763,0.15569044706959279,-0.09615875784417717,-0.09615875784417717,False
ZC2HC1A,DCG,-0.8065677287487729,1.185866545311334,-1.1636312624069294,0.022235282904404574,-0.2344287480514914,-1.2779769435707637,True
TRAF3IP2-AS1,DIG,0.7370960001094641,0.405992359675837,1.0634047440170147,1.4693971036928517,1.2395273839766447,0.9490590628531795,True
PGGT1B,NEUTRAL,-0.01563898766778524,0.13750352374993502,-0.022562289952837423,0.1149412337970976,-0.136907971116671,-0.13690797111667083,False
PPTC7,NEUTRAL,-0.02029916387540351,0.13750352374993502,-0.029285503057237035,0.10821802069269798,-0.14363118422107077,-0.14363118422107113,False
CD83,DIG,0.7067195411984379,0.45943161863729726,1.01958077738631,1.4790123960236072,1.208407338617939,0.905235096222476,True
TRIM6-TRIM34,NEUTRAL,-0.08406696547145512,0.13750352374993502,-0.12128299418825202,0.016220529561683003,-0.23562867535208643,-0.23562867535208643,False
TIAL1,NEUTRAL,-0.02283682334121507,0.13750352374993502,-0.03294657178402831,0.10455695196590671,-0.14729225294786288,-0.14729225294786305,False
MIR1281,NEUTRAL,-0.037002812448928536,0.13750352374993502,-0.0533837740190136,0.08411974973092143,-0.16772945518284707,-0.16772945518284726,False
BPTF,DCG,-1.0095746536977903,1.3645724322958561,-1.4565083462969948,-0.09193591400113865,-0.3423495443576964,-1.5708540274608285,True
FAM180A,DIG,0.6484405475403626,0.560714954474479,0.9355019622478054,1.4962169167222843,1.2342249187032284,0.8211562810839697,True
LINC02812,NEUTRAL,-0.05611395314781511,0.13750352374993502,-0.0809553219310285,0.05654820181890652,-0.19530100309486154,-0.19530100309486173,False
TUBAL3,DSG,-0.03386799498462415,1.3219280948873624,-0.048861188409169545,1.2730669064781928,1.0225300875929164,-0.16320686957300284,False
TRAF2,NEUTRAL,0.026625916496595743,0.13750352374993502,0.03841307768876232,0.17591660143869733,-0.07593260347507234,-0.07593260347507234,False
CPLX3,NEUTRAL,-0.020090507089904393,0.13750352374993502,-0.02898447494754963,0.10851904880238539,-0.14333015611138306,-0.1433301561113829,False
BMF-AS1,NEUTRAL,-0.024616776958227705,0.13750352374993502,-0.03551450204030481,0.1019890217096302,-0.14986018320413882,-0.1498601832041383,False
MYCBP2,NEUTRAL,-0.040743500401957254,0.13750352374993502,-0.05878044597836122,0.07872307777157381,-0.1731261271421953,-0.1731261271421951,False
ARF4P1,NEUTRAL,0.023105406523385545,0.13750352374993502,0.03333405540901183,0.17083757915894685,-0.08101162575482254,-0.08101162575482289,False
RNA5SP216,DIG,1.0482208408492957,0.35049724708413343,1.5122630088497382,1.8627602559338716,1.6198242292908707,1.397917327685902,True
RGMB,NEUTRAL,-0.0041589329563774275,0.13750352374993502,-0.006000071951555391,0.13150345179837963,-0.12034575311538943,-0.12034575311538925,False
HSP90B1,NEUTRAL,-0.04623163597806275,0.13750352374993502,-0.06669815195773492,0.0708053717922001,-0.18104383312156697,-0.18104383312156733,False
FHDC1,NEUTRAL,-0.010574989690846835,0.13750352374993502,-0.01525648518443664,0.12224703856549837,-0.12960216634827057,-0.12960216634827004,False
SBSN,DSG,-0.013643146395517756,1.2016338611696507,-0.019682899646935603,1.181950961522715,0.9371212354183386,-0.1340285808107705,False
CEACAM20,DIG,-0.8428145457486269,0.5849625007211562,-1.2159243655406284,-0.6309618648194723,-0.8865491641746347,-1.3302700467044573,True
TAFA4,NEUTRAL,0.009298170839774137,0.13750352374993502,0.013414424959880517,0.15091794870981554,-0.10093125620395262,-0.10093125620395245,False
RPN1,DIG,-0.8474476916639048,0.4854268271702419,-1.2226085821763149,-0.737181755006073,-1.008329727305902,-1.3369542633401506,True
THAP12P7,DCG,-0.8299429228688072,1.1699250014423124,-1.1973545390437197,-0.027429537601407317,-0.277741272964487,-1.3117002202075554,True
KHDC1,DIG,-1.2139932395072655,0.37851162325372983,-1.7514220263098594,-1.3729104030561297,-1.61409674465855,-1.865767707473695,True
LIFR-AS1,DSG,-0.07124101248733644,1.1210154009613662,-0.10277905542338901,1.0182363455379773,0.7616721759571803,-0.2171247365872233,False
PLCZ1,DIG,-0.6720794658770181,0.6780719051126378,-0.9696057125040773,-0.2915338073914395,-0.5499173876599491,-1.0839513936679093,True
ZRANB3,NEUTRAL,-0.01963067385379714,0.13750352374993502,-0.02832107581818177,0.10918244793175325,-0.14266675698201556,-0.1426667569820154,False
COX10,NEUTRAL,0.0016721730679926578,0.13750352374993502,0.002412435792701091,0.1399159595426361,-0.11193324537113246,-0.11193324537113264,False
PACRG-AS1,NEUTRAL,-0.02273448932215947,0.13750352374993502,-0.03279893500222256,0.10470458874771246,-0.14714461616605634,-0.14714461616605615,False
FAM178B,NEUTRAL,0.02136605022445123,0.13750352374993502,0.03082469470220031,0.16832821845213533,-0.08352098646163403,-0.08352098646163403,False
KPNB1,DIG,-1.1333239521410108,0.608809242675524,-1.6350408454745173,-1.0262316027989933,-1.2769700341337098,-1.7493865266383515,True
TMED10P2,DIG,1.3399994925595171,0.4854268271702419,1.9332106227093429,2.4186374498795846,2.140307235247213,1.8188649415455092,True
RABGAP1L-DT,DCG,-0.8107245262583141,1.1043366598147357,-1.169628253559924,-0.06529159374518834,-0.31843221710638914,-1.2839739347237522,True
ANKRD10-IT1,NEUTRAL,0.039197517467871555,0.13750352374993502,0.05655006406605682,0.19405358781599183,-0.057795617097777974,-0.057795617097777974,False
IL5,NEUTRAL,0.00711596861290034,0.13750352374993502,0.010266172628952836,0.14776969637888784,-0.10407950853488006,-0.10407950853488024,False
TAS2R14,DIG,1.6774092109865597,0.608809242675524,2.4199899502317788,3.028799192907303,2.756586009450506,2.305644269067944,True
ATP6V1C1,DCG,-0.7680460050631726,1.2016338611696507,-1.1080561626792187,0.09357769849043196,-0.1485593172445293,-1.2224018438430544,True
TMEM201,NEUTRAL,-0.016137049368196158,0.13750352374993502,-0.023280841098076977,0.11422268265185805,-0.13762652226190977,-0.1376265222619101,False
PPP2R2D,NEUTRAL,0.0031295765426810783,0.13750352374993502,0.004515024558208419,0.14201854830814345,-0.10983065660562467,-0.10983065660562502,False
UBN2,DIG,0.9718907747427422,0.560714954474479,1.4021420010070869,1.9628569554815658,1.7201892227743898,1.2877963198432523,True
DGLUCY,NEUTRAL,-0.016640092984657653,0.13750352374993502,-0.024006579628896827,0.1134969441210382,-0.13835226079273022,-0.1383522607927299,False
VEGFA,DIG,1.6484692187908079,0.4854268271702419,2.378238367007602,2.863665194177844,2.597654775644994,2.263892685843768,True
MTCO1P2,DIG,1.577516043245643,0.405992359675837,2.2758745725132687,2.6818669321891058,2.432412428619423,2.1615288913494317,True
PARD3,DIG,-1.0536657842815267,0.6553518286125543,-1.520118401737339,-0.8647665731247848,-1.1277471998100659,-1.6344640829011754,True
ANKRD42,NEUTRAL,0.04361601653031459,0.13750352374993502,0.06292461075161591,0.20042813450155095,-0.05142107041221754,-0.05142107041221754,False
MIR5685,DIG,-0.9697309177717981,0.45943161863729726,-1.3990259860660763,-0.939594367428779,-1.1925629562520634,-1.5133716672299065,True
ERLEC1,DIG,1.6377802898146046,0.405992359675837,2.3628175021812194,2.7688098618570565,2.5374616790774938,2.2484718210173824,True
PCDHGA3,NEUTRAL,0.014279903332618856,0.13750352374993502,0.020601545722343007,0.15810506947227804,-0.09374413544148957,-0.09374413544148992,False
RPS15AP16,DIG,-0.9612598400947568,0.53605290024021,-1.3868048043104237,-0.8507519040702137,-1.1112499922741144,-1.501150485474251,True
FCAR,DIG,-1.0481253571974005,0.560714954474479,-1.5121252550586632,-0.9514103005841842,-1.2157320553831603,-1.6264709362224956,True
SNORA70F,NEUTRAL,-0.011395187147860126,0.13750352374993502,-0.016439779988219456,0.12106374376171557,-0.13078546115205303,-0.13078546115205286,False
SCGB2B3P,DSG,0.03321613870328694,-0.7369655941662062,0.04792075858471204,-0.6890448355814942,-0.9408940404952597,-0.0664249225791216,False
TRH,DIG,-1.0582099923209445,0.608809242675524,-1.5266743081405747,-0.9178650654650506,-1.1744670887908533,-1.6410199893044108,True
TMUB2,NEUTRAL,-0.02023427622090621,0.13750352374993502,-0.029191889959878866,0.10831163379005615,-0.14353757112371282,-0.14353757112371246,False
EWSAT1,NEUTRAL,-0.01602244844162385,0.13750352374993502,-0.02311550690962983,0.1143880168403052,-0.1374611880734652,-0.13746118807346536,False
MIR6796,DSG,0.07674852985301094,1.1538053360790355,0.11072472341445745,1.264530059493493,1.012030914868135,-0.003620957749376283,False
KRT8,DIG,1.105956496511362,0.4854268271702419,1.595557952955874,2.080984780126116,1.8346862015056948,1.4812122717920397,True
SYNPO2,NEUTRAL,0.022691484768790928,0.13750352374993502,0.03273689254634212,0.17024041629627715,-0.08160878861749263,-0.08160878861749245,False
KANK4,NEUTRAL,0.006843197780607473,0.13750352374993502,0.009872647501904763,0.14737617125183977,-0.10447303366192846,-0.10447303366192846,False
SENP8,NEUTRAL,-0.008649818939652361,0.13750352374993502,-0.012479050888823893,0.12502447286111112,-0.12682473205265749,-0.12682473205265732,False
PPA2,NEUTRAL,-0.025243518034204535,0.13750352374993502,-0.036418698282538,0.10108482546739703,-0.15076437944637058,-0.1507643794463704,False
SEPSECS-AS1,NEUTRAL,-0.09487557978619963,0.13750352374993502,-0.1368765284590154,0.000626995290919613,-0.2512222096228494,-0.251222209622849,False
WDR11,NEUTRAL,0.0046854883404617315,0.13750352374993502,0.006759730792927199,0.1442632545428622,-0.10758595037090632,-0.10758595037090667,False
GET4,DIG,0.712594641719947,0.5109619192773794,1.0280567557734153,1.5390186750507948,1.3096211831321374,0.9137110746095803,True
TANGO6,NEUTRAL,-0.011588396129648359,0.13750352374993502,-0.016718521628100544,0.12078500212183448,-0.13106420279193376,-0.1310642027919336,False
RNF150,NEUTRAL,-0.05204230223139173,0.13750352374993502,-0.07508117134567349,0.06242235240426153,-0.18942685250950844,-0.18942685250950753,False
SAPCD2,NEUTRAL,-0.10828618657098295,0.13750352374993502,-0.15622394436273418,-0.01872042061279916,-0.2705696255265672,-0.2705696255265672,False
DR1,NEUTRAL,-0.004228663348832485,0.13750352374993502,-0.006100671642949543,0.1314028521069855,-0.12044635280678424,-0.12044635280678442,False
LINC02660,DSG,-0.04525161827030054,-3.321928094887362,-0.065284285270763,-3.3872123801581253,-3.639061585071877,-0.17962996643459567,False
ASS1P2,DIG,-1.15689998776937,0.632268215499513,-1.6690538751593724,-1.0367856596598595,-1.2649977999590907,-1.7833995563232028,True
SERP1,DSG,0.09266562659393272,1.1210154009613662,0.1336882399479352,1.2547036409093013,1.0063090009789712,0.019342558784100187,False
HHIP-AS1,NEUTRAL,-0.037506691815934246,0.13750352374993502,-0.05411071828299901,0.083392805466936,-0.1684563994468337,-0.1684563994468337,False
MAP3K6,NEUTRAL,0.02757370737188747,0.13750352374993502,0.03978045088434551,0.17728397463428053,-0.07456523027948819,-0.07456523027948803,False
GJA9,NEUTRAL,-0.012544389020573114,0.13750352374993502,-0.018097727830962793,0.11940579591897223,-0.13244340899479587,-0.13244340899479604,False
TMEM169,NEUTRAL,-0.0013025266500650496,0.13750352374993502,-0.0018791487386745612,0.13562437501126046,-0.11622482990250824,-0.11622482990250807,False
TMEM125,NEUTRAL,0.06752512135929535,0.13750352374993502,0.09741815772048082,0.23492168147041584,-0.016927523443352514,-0.016927523443352514,False
ECHDC3,DSG,-0.11405835548980511,1.2016338611696507,-0.16455142383709231,1.0370824373325584,0.789924246390724,-0.27889710500092624,False
ING3,DIG,1.3221040771914097,0.4854268271702419,1.9073929957031261,2.392819822873368,2.1674725345393675,1.793047314539291,True
ACTR1A,NEUTRAL,0.0016135594430972298,0.13750352374993502,0.002327874206735931,0.13983139795667096,-0.11201780695709836,-0.11201780695709818,False
MIR6757,DIG,-0.9800061335908469,0.560714954474479,-1.4138499889722818,-0.8531350344978027,-1.1168047427662011,-1.5281956701361143,True
B3GNT2,DIG,1.4947512944000638,0.53605290024021,2.1564702797933313,2.6925231800335414,2.4541703523570786,2.0421245986294965,True
SETD9,NEUTRAL,0.03987164966209558,0.13750352374993502,0.05752263123956741,0.19502615498950243,-0.056823049924265755,-0.05682304992426542,False
ITPK1-AS1,NEUTRAL,0.011159547145876953,0.13750352374993502,0.016099823325923267,0.1536033470758583,-0.09824585783791015,-0.09824585783790998,False
PDCD4,NEUTRAL,-0.0019487343041339293,0.13750352374993502,-0.002811429316584225,0.13469209443335078,-0.11715711048041873,-0.11715711048041942,False
PPP1R14C,NEUTRAL,-0.021450101917835068,0.13750352374993502,-0.030945955663423494,0.10655756808651153,-0.1452916368272582,-0.1452916368272582,False
EMC1,NEUTRAL,0.014133544725738863,0.13750352374993502,0.020390394886005823,0.15789391863594085,-0.09395528627782704,-0.0939552862778272,False
HNRNPA1P54,DCG,-1.101722241523741,1.3923174227787602,-1.589449214283374,-0.1971317915046138,-0.4526480269506311,-1.7037948954472053,True
PPARA,NEUTRAL,-0.016170860811027907,0.13750352374993502,-0.023329620698975644,0.11417390305095937,-0.13767530186281066,-0.1376753018628103,False
SKA3,NEUTRAL,-0.02848212162870369,0.13750352374993502,-0.0410910156277271,0.09641250812220792,-0.15543669679156086,-0.15543669679156086,False
ALDH16A1,DIG,0.9724218794892437,0.6553518286125543,1.4029082231910572,2.0582600518036114,1.7858965408702099,1.2885625420272206,True
HNRNPA3P15,NEUTRAL,-0.0020276464019915123,0.13750352374993502,-0.0029252754088295047,0.13457824834110552,-0.11727095657266252,-0.11727095657266236,False
SCGB2A1,DIG,1.2761554399820816,0.5109619192773794,1.8411031246656224,2.3520650439430018,2.11411781819618,1.7267574435017876,True
RCBTB2,NEUTRAL,0.02584984512770271,0.13750352374993502,0.03729344337348443,0.17479696712341947,-0.07705223779035043,-0.07705223779035077,False
SNAP25,DSG,-0.007584435338036556,1.2927817492278462,-0.010942027250128349,1.2818397219777178,1.0195702071349897,-0.12528770841396386,False
EZR-AS1,NEUTRAL,-0.03012150993621661,0.13750352374993502,-0.04345615300906734,0.09404737074086768,-0.15780183417290206,-0.15780183417290206,False
NSA2P1,DCG,-0.8441726175390123,1.2172307162206693,-1.2178836489777887,-0.0006529327571194177,-0.2491739825419874,-1.332229330141619,True
PPP1R14BP2,NEUTRAL,-0.06550761379105123,0.13750352374993502,-0.09450750955681908,0.04299601419311594,-0.2088531907206525,-0.2088531907206525,False
RALGDS,NEUTRAL,0.021091939404102623,0.13750352374993502,0.030429236381029373,0.1679327601309644,-0.08391644478280381,-0.08391644478280365,False
TNFSF13B,NEUTRAL,0.0711682303981959,0.13750352374993502,0.10267405306432041,0.24017757681425544,-0.011671628099512428,-0.011671628099512428,False
MME-AS1,DSG,0.051870018124897686,-0.7369655941662062,0.07483261791961054,-0.6621329762465957,-0.9139821811603647,-0.03951306324422324,False
LPXN,DIG,1.7270105180507218,0.37851162325372983,2.491549509954856,2.870061133208586,2.6275646784113036,2.3772038287910218,True
MIR4763,NEUTRAL,-0.001539752861416078,0.13750352374993502,-0.002221393817359567,0.13528212993257546,-0.116567074981193,-0.11656707498119281,False
EPHA1-AS1,DIG,0.643200542150684,0.5109619192773794,0.9279422324578845,1.4389041517352639,1.1951127037353249,0.813596551294051,True
C2orf74,DIG,1.4250557571617384,0.45943161863729726,2.0559208738475068,2.515352492484804,2.2742424736132345,1.941575192683671,True
RN7SKP268,DIG,-0.8010224837120448,0.405992359675837,-1.1556311648919275,-0.7496388052160905,-0.9788772563801573,-1.2699768460557574,True
LCMT1-AS2,DSG,-0.13258640328699922,1.4059923596758368,-0.19128174651145793,1.2147106131643788,0.9716839508910996,-0.3056274276752918,False
CIDEB,NEUTRAL,-0.02828537598230379,0.13750352374993502,-0.04080717165934947,0.09669635209058555,-0.1551528528231832,-0.15515285282318284,False
MPZL3,NEUTRAL,-0.03270832748281683,0.13750352374993502,-0.047188141855232034,0.09031538189470298,-0.1615338230190665,-0.1615338230190665,False
OBI1,NEUTRAL,-0.02749946467980847,0.13750352374993502,-0.03967334132066089,0.09783018242927413,-0.15401902248449456,-0.1540190224844942,False
CHI3L1,DCG,-0.8363543812783053,1.2630344058337937,-1.2066043182959685,0.05643008753782519,-0.19406418161280703,-1.3209499994598024,True
RAB6A,DIG,-1.289292531009863,0.53605290024021,-1.8600559407431096,-1.3240030405028995,-1.5373475746417893,-1.974401621906945,True
PLEKHA5,DIG,0.8099211521116775,0.5109619192773794,1.168469229662593,1.6794311489399725,1.4143904259988724,1.0541235484987572,True
SSRP1,DIG,1.7197474586740564,0.45943161863729726,2.481071130210459,2.940502748847756,2.692547887140168,2.3667254490466245,True
ZNF233,DIG,1.6621511100059618,0.5849625007211562,2.397977163613687,2.982939664334843,2.730466609787221,2.2836314824498505,True
YBX1P10,DIG,0.7922331993894706,0.292781749227846,1.1429509079867866,1.4357326572146325,1.179632868434232,1.0286052268229509,True
PITPNM2,NEUTRAL,-0.030233571445374415,0.13750352374993502,-0.04361782359260384,0.09388570015733118,-0.15796350475643647,-0.15796350475643647,False
PRPF4,NEUTRAL,0.050660444397519024,0.13750352374993502,0.07308757190153177,0.21059109565146678,-0.04125810926230268,-0.04125810926230285,False
ZNF788P,DIG,-0.7684883223329846,0.5849625007211562,-1.1086942916108762,-0.52373179088972,-0.7584348594487443,-1.2230399727747117,True
MRNIP,DIG,-1.3937243226177591,0.632268215499513,-2.010719168606971,-1.378450953107458,-1.6355980500904672,-2.1250648497708067,True
HYPK,NEUTRAL,0.01880473100662911,0.13750352374993502,0.027129492168514742,0.16463301591844975,-0.08721618899532023,-0.08721618899531972,False
CEP68,DIG,0.607834076433913,0.4329594072761063,0.8769192077545295,1.3098786150306359,1.060535115551537,0.7625735265906955,True
CCDC194,DIG,-1.368426057943048,0.53605290024021,-1.9742214876176687,-1.4381685873774588,-1.6857831904701432,-2.088567168781499,True
FABP4,DCG,-0.8983223358495035,1.1375035237499351,-1.2960051790498686,-0.15850165529993343,-0.4043133287611504,-1.4103508602137027,True
MED28P7,DSG,0.061922339325921456,1.485426827170242,0.08933505186575053,1.5747618790359925,1.3226759668214798,-0.02501062929808291,False
LINC02821,DSG,-0.08914738790870912,1.4594316186372973,-0.1286124944440994,1.330819124193198,1.0837414482931569,-0.24295817560793198,False
MMP27,NEUTRAL,0.008035081039869177,0.13750352374993502,0.011592171569360196,0.14909569531929523,-0.10275350959447319,-0.10275350959447319,False
SLC22A11,NEUTRAL,-0.025700490416063756,0.13750352374993502,-0.03707797007166951,0.1004255536782655,-0.15142365123550344,-0.15142365123550344,False
DEDD,DCG,-1.015316779986358,1.2927817492278462,-1.4647924834176695,-0.17201073418982338,-0.4264034515067167,-1.5791381645815044,True
A4GNT,DIG,1.0697809931353497,0.5109619192773794,1.543367733633639,2.0543296529110187,1.7948720908535285,1.4290220524698038,True
LINC02145,DSG,0.002291536961229343,1.4195388915137848,0.0033059890099793377,1.4228448805237641,1.1747700688940905,-0.11103969215385599,False
LPAR1,NEUTRAL,-0.04934097872467048,0.13750352374993502,-0.07118398531868995,0.06631953843124506,-0.18552966648252348,-0.18552966648252275,False
UQCC1,DCG,-0.772535783396168,1.1043366598147357,-1.114533543614922,-0.01019688380018624,-0.2766924967296753,-1.2288792247787579,True
TFPT,DIG,-0.8787288245563788,0.5849625007211562,-1.2677377174736757,-0.6827752167525195,-0.9441005570463006,-1.3820833986375116,True
METTL22,DCG,-0.9454365468903208,1.185866545311334,-1.3639766176738517,-0.17811007236251775,-0.42003180851385513,-1.4783222988376858,True
IKBKE,DCG,-0.9002725973832018,1.4329594072761063,-1.2988188116929715,0.13414059558313474,-0.11270853527016755,-1.4131644928568063,True
SLC25A23,NEUTRAL,-0.0255185400584958,0.13750352374993502,-0.03681547119311825,0.10068805255681676,-0.15116115235695204,-0.15116115235695204,False
TBC1D5,NEUTRAL,0.010366392613111623,0.13750352374993502,0.01495554321484412,0.15245906696477915,-0.0993901379489906,-0.09939013794899025,False
SLC30A5,NEUTRAL,0.03202174030349107,0.13750352374993502,0.04619760593648082,0.18370112968641583,-0.06814807522735272,-0.06814807522735222,False
SNRPEP4,NEUTRAL,-0.027668716178595305,0.13750352374993502,-0.03991751961862368,0.09758600413131134,-0.15426320078245784,-0.154263200782458,False
GKAP1,NEUTRAL,-0.04011121620913195,0.13750352374993502,-0.05786825270893967,0.07963527104099535,-0.17221393387277384,-0.17221393387277364,False
MMP25,DSG,0.12198376565003323,-3.321928094887362,0.17598537377226442,-3.1459427211150977,-3.397791926028868,0.06163969260842903,False
FIGNL1,DIG,-0.6274431644288164,0.608809242675524,-0.905209141761132,-0.29639989908560793,-0.5371135120736473,-1.019554822924968,True
FAM222B,DIG,-1.4865989039828595,0.45943161863729726,-2.14470886656704,-1.6852772479297427,-1.9446640155118422,-2.2590545477308734,True
ACLY,NEUTRAL,-0.0240705379389192,0.13750352374993502,-0.03472644571600838,0.10277707803392663,-0.14907212687984092,-0.14907212687984092,False
COL20A1,DCG,-0.9098695093023162,1.3923174227787602,-1.3126642289265262,0.07965319385223402,-0.167748924431834,-1.4270099100903562,True
RPL31P15,NEUTRAL,-0.018595585730559902,0.13750352374993502,-0.026827759315904344,0.11067576443403068,-0.14117344047973732,-0.1411734404797368,False
RN7SKP296,DSG,-0.015748857735025115,1.4059923596758368,-0.02272079895398653,1.3832715607218502,1.1415481085452361,-0.13706648011782036,False
KLF3,NEUTRAL,-0.02338853510205644,0.13750352374993502,-0.03374252360539427,0.10376100014454075,-0.14808820476922682,-0.148088204769227,False
ARHGAP17,DSG,0.09793719184718463,1.1375035237499351,0.1412935009965243,1.2787970247464595,1.0144506965815412,0.02694781983269072,False
DIAPH1,NEUTRAL,-0.00413398642747185,0.13750352374993502,-0.005964081718015921,0.13153944203191908,-0.12030976288185051,-0.12030976288185086,False
TMEM17,DIG,-1.3865950778626468,0.4329594072761063,-2.0004338425534867,-1.5674744352773804,-1.8179972474855506,-2.1147795237173197,True
YIPF1,NEUTRAL,-0.016281660632978326,0.13750352374993502,-0.02348947105263489,0.11401405269730013,-0.1378351522164696,-0.13783515221646925,False
WRAP53,NEUTRAL,-0.016904174658401567,0.13750352374993502,-0.024387568949996826,0.11311595479993819,-0.1387332501138311,-0.1387332501138313,False
BRDT,NEUTRAL,-0.06655314415001903,0.13750352374993502,-0.09601589102080078,0.041487632729134236,-0.21036157218463447,-0.2103615721846341,False
VAX2,DIG,1.1677168958505915,0.4854268271702419,1.6846593748059027,2.1700862019761447,1.9374961062652416,1.5703136936420687,True
ST7,DIG,-1.5123716851345597,0.5849625007211562,-2.181891130124514,-1.596928629403358,-1.8585418562549347,-2.296236811288349,True
PRR15,DIG,-0.6947565636765354,0.5849625007211562,-1.002321849041195,-0.41735934832003874,-0.6513474900290689,-1.1166675302050295,True
NUDC,NEUTRAL,0.004010589518723396,0.13750352374993502,0.005786057609703498,0.1432895813596385,-0.10855962355413083,-0.1085596235541317,False
LILRB1,DIG,-0.6778159650455087,0.632268215499513,-0.9778817314065223,-0.3456135159070094,-0.6120313027250658,-1.0922274125703584,True
UTP20,NEUTRAL,0.009648170271006751,0.13750352374993502,0.013919367403633767,0.15142289115356877,-0.10042631376020039,-0.10042631376020072,False
RNU6-343P,DIG,-1.1637656302671142,0.4854268271702419,-1.6789589035433847,-1.1935320763731427,-1.4551649926005363,-1.7933045847072144,True
TTC4,NEUTRAL,-0.0027068534287683606,0.13750352374993502,-0.0039051640180974008,0.13359835973183762,-0.11825084518193024,-0.11825084518193042,False
PARP8,DIG,0.8914629174944106,0.405992359675837,1.2861091302055934,1.6921014898814304,1.4397590466746046,1.171763449041757,True
ASB16-AS1,NEUTRAL,-0.02070516072771357,0.13750352374993502,-0.02987123270268129,0.10763229104725373,-0.14421691386651514,-0.1442169138665146,False
RNU6-882P,DIG,-0.7924797417029656,0.45943161863729726,-1.1433065933598352,-0.6838749747225379,-0.9242677058675872,-1.2576522745236662,True
EBNA1BP2,NEUTRAL,0.02598717897130045,0.13750352374993502,0.03749157422858911,0.17499509797852414,-0.07685410693524469,-0.07685410693524453,False
CYP4Z1,NEUTRAL,-0.04619586660497396,0.13750352374993502,-0.066646547660564,0.07085697608937101,-0.18099222882439753,-0.18099222882439717,False
IQCA1L,DIG,-1.5526053835784746,0.53605290024021,-2.2399360873461722,-1.703883187105962,-1.9577421050519028,-2.3542817685099853,True
PRCC,DCG,-1.029485148999219,1.3074285251922473,-1.4852331191300088,-0.1778045939377615,-0.438774748002933,-1.599578800293844,True
ANK2,NEUTRAL,-0.015451269123127699,0.13750352374993502,-0.022291469339377094,0.11521205441055793,-0.1366371505032112,-0.13663715050321137,False
SRP68,DSG,0.011916360686045329,1.485426827170242,0.017191674467201802,1.5026185016374438,1.257660950015276,-0.0971540066966328,False
JADE2,NEUTRAL,0.02273894906790671,0.13750352374993502,0.03280536905529573,0.17030889280523076,-0.08154031210853728,-0.08154031210853728,False
TEX52,DIG,1.3311810074474126,0.608809242675524,1.9204882379699566,2.5292974806454804,2.286311636457984,1.806142556806121,True
SRI,DIG,1.3186935567382747,0.4854268271702419,1.9024726547585378,2.3878994819287795,2.150440902125099,1.7881269735947025,True
CHST3,NEUTRAL,0.087378704508924,0.13750352374993502,0.12606082367432678,0.2635643474242618,0.011715142510491725,0.011715142510491725,False
XIRP1,NEUTRAL,-0.0053936145161275345,0.13750352374993502,-0.00778134091488392,0.1297221828350511,-0.122127022078719,-0.12212702207871952,False
ELOVL5,DIG,-1.1438085535063511,0.560714954474479,-1.6501669278699915,-1.0894519733955126,-1.3489327890029368,-1.7645126090338277,True
PLSCR3,NEUTRAL,-0.017623181564662773,0.13750352374993502,-0.025424876648024786,0.11207864710191023,-0.13977055781185857,-0.13977055781185804,False
AKR1C4,DSG,-0.06791799597396517,-0.7369655941662062,-0.09798495597875613,-0.8349505501449623,-1.0867997550587278,-0.21233063714258904,False
SPINK2,NEUTRAL,0.016382779898870034,0.13750352374993502,0.02363535531607519,0.1611388790660102,-0.09071032584775864,-0.0907103258477588,False
TAC1,DIG,1.3586474769738566,0.560714954474479,1.960113977346485,2.5208289318209642,2.276643775023631,1.84576829618265,True
LINC02614,DIG,1.3225739746029552,0.53605290024021,1.9080709143684895,2.4441238146086994,2.1683117498103854,1.7937252332046538,True
PCBP1-AS1,DIG,1.671752349788321,0.5109619192773794,2.4118288246340827,2.922790743911462,2.675994203159286,2.297483143470248,True
TRAPPC13,NEUTRAL,0.00946069535556798,0.13750352374993502,0.013648898272839173,0.15115242202277418,-0.10069678289099467,-0.100696782890995,False
SNRNP40,NEUTRAL,-0.04393159573668704,0.13750352374993502,-0.06337989530765713,0.07412362844227789,-0.17772557647149154,-0.17772557647149134,False
PPP4R1,NEUTRAL,0.02159621950987382,0.13750352374993502,0.03115675878884444,0.16866028253877946,-0.08318892237498905,-0.08318892237498955,False
LINC02449,DIG,-1.0855979567741525,0.5849625007211562,-1.5661867886372611,-0.9812242879161049,-1.2260125934907193,-1.680532469801095,True
BOD1L1,NEUTRAL,0.00792151827850531,0.13750352374993502,0.01142833513671089,0.1489318588866459,-0.10291734602712223,-0.10291734602712223,False
LMNB1,NEUTRAL,0.04208687682294335,0.13750352374993502,0.06071852847896502,0.19822205222890005,-0.05362715268486992,-0.05362715268486992,False
RPS20P21,DCG,-0.9304056953370581,1.1375035237499351,-1.3422916826776214,-0.20478815892768631,-0.45191607504343284,-1.4566373638414554,True
ZSWIM9,DIG,-1.148408264242717,0.4854268271702419,-1.6568029077388702,-1.1713760805686282,-1.4228860758460307,-1.771148588902705,True
FBLN1,NEUTRAL,-0.001654175752533395,0.13750352374993502,-0.0023864711549386984,0.13511705259499632,-0.11673215231877214,-0.11673215231877163,False
CCL19,DIG,1.426997818559008,0.405992359675837,2.0587226761944497,2.4647150358702867,2.2077098480598103,1.9443769950306136,True
SLC15A1,DIG,-0.9279236158456409,0.26303440583379406,-1.3387107989042617,-1.0756763930704676,-1.3199441434256203,-1.4530564800680965,True
TPT1-AS1,NEUTRAL,-0.021000472356175217,0.13750352374993502,-0.030297277324579753,0.10720624642535527,-0.14464295848841224,-0.14464295848841277,False
COL26A1,DIG,-1.1742796478599653,0.5849625007211562,-1.6941274245844102,-1.1091649238632542,-1.3621597945351043,-1.808473105748245,True
SPACA3,DIG,1.0901400386664364,0.4854268271702419,1.5727396276585706,2.0581664548288123,1.7871745252632747,1.4583939464947322,True
RPS6KA2-IT1,NEUTRAL,-0.039787141952868664,0.13750352374993502,-0.05740071238654885,0.08010281136338618,-0.1717463935503827,-0.17174639355038215,False
VIP,NEUTRAL,0.009450736497277191,0.13750352374993502,0.013634530677370136,0.15113805442730516,-0.10071115048646453,-0.10071115048646453,False
ARL14EPP1,DIG,-1.3113191802148052,0.405992359675837,-1.8918336783184804,-1.4858413186426433,-1.7275578269092524,-2.006179359482314,True
ATP13A3,DSG,-0.043515146402296805,1.2016338611696507,-0.06277908591815082,1.1388547752515,0.8959234598891425,-0.17712476708198582,False
JPH2,DCG,-0.744827160831998,1.1699250014423124,-1.0745584512517299,0.09536655019058249,-0.16612284267728084,-1.1889041324155636,True
MS4A2,DIG,-0.9864051389646151,0.37851162325372983,-1.4230818022916392,-1.0445701790379094,-1.2930078607219555,-1.5374274834554744,True
TMPO-AS1,NEUTRAL,0.03428688652079237,0.13750352374993502,0.049465521151069794,0.1869690449010048,-0.06488016001276388,-0.06488016001276371,False
IVD,NEUTRAL,0.06647294564537318,0.13750352374993502,0.0959001890358615,0.23340371278579652,-0.018445492127972907,-0.01844549212797307,False
EPS8,DIG,-1.314978946564789,0.608809242675524,-1.8971136050824142,-1.2883043624068902,-1.5361488211800696,-2.0114592862462493,True
RPL41,DIG,0.6738140200569603,0.4854268271702419,0.9721081452176332,1.457534972387875,1.2117441107434197,0.8577624640537984,True
GGCT,DIG,1.1899855709302747,0.4854268271702419,1.716786281910529,2.202213109080771,1.9799566473692887,1.6024406007466923,True
C15orf62,NEUTRAL,-0.05181426552635318,0.13750352374993502,-0.07475218392217371,0.06275133982776131,-0.18909786508600718,-0.18909786508600757,False
SH3TC2-DT,NEUTRAL,-0.0025451503310784736,0.13750352374993502,-0.0036718757609638174,0.1338316479889712,-0.11801755692479803,-0.11801755692479803,False
TXNDC15,NEUTRAL,0.009272947503651395,0.13750352374993502,0.013378035377941562,0.15088155912787657,-0.10096764578589194,-0.10096764578589194,False
SCN2B,NEUTRAL,-0.004626090581660354,0.13750352374993502,-0.006674037940864533,0.1308294858090705,-0.12101971910469703,-0.12101971910469703,False
ZFAND3,DIG,1.1045625348011134,0.608809242675524,1.5935468913093094,2.2023561339848334,1.9363650396608976,1.4792012101454735,True
PBX4,DIG,0.5606783140712703,0.608809242675524,0.8088878232446064,1.4176970659201305,1.1687606809656184,0.6945421420807698,True
RN7SL244P,DIG,1.0616377629289317,0.6553518286125543,1.531619535798023,2.186971364410577,1.9392437493004822,1.417273854634187,True
COBLL1,NEUTRAL,-0.02856452780754072,0.13750352374993502,-0.0412099026132739,0.09629362113666112,-0.1555555837771084,-0.15555558377710804,False
KIAA0895LP1,NEUTRAL,0.024652583513792053,0.13750352374993502,0.03556615998044881,0.17306968373038384,-0.07877952118338571,-0.0787795211833859,False
JAML,NEUTRAL,0.04007809121551142,0.13750352374993502,0.05782046344491385,0.19532398719484886,-0.056525217718920814,-0.056525217718920315,False
POU5F1B,DCG,-0.9395764524153151,1.2172307162206693,-1.3555222884356202,-0.13829157221495092,-0.38991541870418633,-1.4698679695994539,True
ZNF878,DIG,0.755118616646634,0.5849625007211562,1.0894058835190332,1.6743683842401893,1.4396653156811654,0.9750602023551984,True
MIR205HG,DCG,-0.9911748040258471,1.3923174227787602,-1.4299629744221798,-0.03764555164341954,-0.2845933863750491,-1.5443086555860153,True
NEK7,DCG,-0.8999837908527293,1.2779847472997656,-1.2984021519436826,-0.020417404643916948,-0.27359742993921005,-1.4127478331075176,True
KIF4B,NEUTRAL,-0.025353202542039294,0.13750352374993502,-0.03657693957805355,0.10092658417188147,-0.15092262074188725,-0.15092262074188692,False
SLA2,DSG,-0.07528305957400079,-0.7369655941662062,-0.10861049671035934,-0.8455760908765656,-1.097425295790336,-0.22295617787419528,False
PDP2,NEUTRAL,0.02535214154171734,0.13750352374993502,0.03657540887815069,0.17407893262808571,-0.07777027228568362,-0.07777027228568378,False
KRT40,DIG,-1.5747904466023976,0.45943161863729726,-2.271942367752595,-1.8125107491152979,-2.074600836306742,-2.386288048916425,True
KIAA0930,NEUTRAL,0.022739357905207824,0.13750352374993502,0.03280595888284257,0.1703094826327776,-0.08153972228099228,-0.08153972228099228,False
GTPBP2,DIG,0.7997082989395848,0.608809242675524,1.1537351970378877,1.7625444397134118,1.5133708818087155,1.039389515874052,True
ITIH2,DSG,-0.052284304354430995,1.2779847472997656,-0.07543030660846683,1.2025544406912987,0.9543139095467578,-0.1897759877723009,False
HAGLROS,NEUTRAL,0.0022146662809809877,0.13750352374993502,0.0031950880607952746,0.1406986118107303,-0.11115059310303899,-0.1111505931030388,False
PART1,NEUTRAL,-0.011745909231927492,0.13750352374993502,-0.016945764999633687,0.12055775875030134,-0.13129144616346888,-0.13129144616346855,False
TMEM132E,NEUTRAL,0.02952087676276287,0.13750352374993502,0.04258962250833223,0.18009314625826725,-0.07175605865550078,-0.07175605865550094,False
USP5,DIG,-1.4231350612821725,0.7004397181410922,-2.0531498954270013,-1.3527101772859091,-1.5984433448262014,-2.167495576590837,True
RNF103,DIG,0.6280055069959184,0.4329594072761063,0.9060204305939707,1.338979837870077,1.0887562057825937,0.7916747494301363,True
MRPS18C,NEUTRAL,0.021160914716434723,0.13750352374993502,0.03052874672207466,0.1680322704720097,-0.08381693444175964,-0.08381693444175999,False
ZC3H12C,NEUTRAL,0.03583007809340648,0.13750352374993502,0.05169187598002181,0.18919539972995683,-0.06265380518381274,-0.06265380518381189,False
MAB21L3,NEUTRAL,0.0014089052997736545,0.13750352374993502,0.00203262068906563,0.13953614443900064,-0.11231306047476841,-0.11231306047476841,False
RPL7P9,NEUTRAL,-0.0982641195381619,0.13750352374993502,-0.14176515795502648,-0.004261634205091458,-0.25611083911885907,-0.2561108391188596,False
SERPINE2,NEUTRAL,-0.044932871283806165,0.13750352374993502,-0.06482443057404927,0.07267909317588575,-0.17917011173788153,-0.17917011173788208,False
MPEG1,DIG,-1.3353485081380798,0.45943161863729726,-1.9265006705492835,-1.4670690519119862,-1.7220709737150772,-2.040846351713117,True
INKA1,NEUTRAL,0.005530493200194574,0.13750352374993502,0.007978815113590845,0.14548233886352585,-0.10636686605024388,-0.10636686605024405,False
SLC7A7,DIG,1.4977250295525644,0.32192809488736235,2.160760472750761,2.482688567638123,2.2298518665039597,2.0464147915869257,True
LINC02609,NEUTRAL,0.022469303007228002,0.13750352374993502,0.03241635202075931,0.16991987577069434,-0.08192932914307519,-0.0819293291430757,False
EOGT,NEUTRAL,0.005053039191435421,0.13750352374993502,0.007289994582901459,0.1447935183328365,-0.1070556865809311,-0.10705568658093162,False
WDR87,DSG,0.039651543393509216,1.3785116232537298,0.057205085017409285,1.435716708271139,1.1816587294574799,-0.057140596146424076,False
LPCAT4,NEUTRAL,-0.011825241821023881,0.13750352374993502,-0.017060217732503928,0.12044330601743108,-0.13140589889633753,-0.1314058988963372,False
BCL2L1,DSG,0.11229147013488047,-0.7369655941662062,0.1620023470977232,-0.574963247068483,-0.8268124519822516,0.04765666593388959,False
GPR45,NEUTRAL,0.0598869912557397,0.13750352374993502,0.08639866529841639,0.2239021890483514,-0.027947015865417993,-0.02794701586541783,False
DPH3,NEUTRAL,-0.04149581484162438,0.13750352374993502,-0.059865806289658145,0.07763771746027687,-0.17421148745349252,-0.17421148745349288,False
TAS2R13,DIG,1.3802661794722948,0.5849625007211562,1.9913031722314356,2.5762656729525917,2.3047872786616894,1.8769574910675983,True
ABHD14A,NEUTRAL,-0.037664685507535295,0.13750352374993502,-0.05433865499836358,0.08316486875157145,-0.1686843361621964,-0.16868433616219677,False
TEDC2,DSG,-0.01664280478247285,1.4329594072761063,-0.024010491926156705,1.4089489153499495,1.1593681558382152,-0.13835617308999115,False
SFPQ,NEUTRAL,-0.026594166788419877,0.13750352374993502,-0.038367272542227326,0.09913625120770769,-0.1527129537060629,-0.15271295370606236,False
GABRB2,DIG,1.108100882074742,0.53605290024021,1.5986516473739165,2.1347045476141266,1.8671712175761717,1.4843059662100815,True
PHF21A,DIG,-0.848260969405795,0.35049724708413343,-1.2237818939414051,-0.8732846468572717,-1.1174354301837728,-1.338127575105239,True
HNRNPM,NEUTRAL,0.03708990843886838,0.13750352374993502,0.05350942697178113,0.19101295072171615,-0.0608362541920518,-0.060836254192051964,False
MUCL1,DIG,-0.836254901218453,0.405992359675837,-1.2064607989069522,-0.8004684392311152,-1.0504178750462279,-1.320806480070787,True
PLEKHG5,NEUTRAL,0.044909799189236335,0.13750352374993502,0.06479114457763045,0.20229466832756549,-0.04955453658620366,-0.04955453658620349,False
TMEM14EP,DSG,0.05517586063834359,1.1043366598147357,0.07960194051971886,1.1839386003344545,0.9311899051162754,-0.034743740644114084,False
GPATCH8,NEUTRAL,-0.06448732814154319,0.13750352374993502,-0.09303554850998365,0.04446797523995137,-0.2073812296738185,-0.20738122967381906,False
TMPRSS2,DIG,-1.2905054585385107,0.560714954474479,-1.8618058252736474,-1.3010908707991682,-1.5485941072589633,-1.976151506437484,True
USP37,NEUTRAL,0.039009937406064475,0.13750352374993502,0.05627944324111809,0.1937829669910531,-0.0580662379227164,-0.058066237922716736,False
AIRN,NEUTRAL,0.025986679223053498,0.13750352374993502,0.037490853244271545,0.17499437699420656,-0.07685482791956214,-0.07685482791956214,False
LINC00336,DIG,-1.30455326163462,0.45943161863729726,-1.882072521135789,-1.4226409024984916,-1.6916016864839845,-1.9964182022996024,True
HEXA,NEUTRAL,0.11284478843907411,0.13750352374993502,0.16280061667121645,0.3003041404211515,0.04845493550738376,0.048454935507383445,False
BTG3-AS1,DIG,1.4600623581275551,0.5109619192773794,2.1064247234592695,2.617386642736649,2.3567740712246867,1.9920790422954333,True
NUDT3,DIG,1.3555830981747667,0.53605290024021,1.9556930132496329,2.4917459134898428,2.221439904078513,1.8413473320857983,True
CNIH4,DCG,-0.908074826557735,1.3504972470841334,-1.3100750490309498,0.04042219805318359,-0.20482730720032175,-1.4244207301947844,True
PNPLA3,NEUTRAL,0.01895816318809033,0.13750352374993502,0.027350848015821622,0.16485437176575665,-0.0869948331480125,-0.08699483314801267,False
PNMA8B,DIG,-1.7008071556984334,0.560714954474479,-2.453746049034593,-1.893031094560114,-2.1561087743622043,-2.5680917301984274,True
SOX7,NEUTRAL,-0.012135082493452043,0.13750352374993502,-0.01750722333408174,0.11999630041585328,-0.13185290449791687,-0.13185290449791687,False
PITHD1,NEUTRAL,-0.05020969153110469,0.13750352374993502,-0.07243727297648932,0.0650662507734457,-0.18678295414032353,-0.18678295414032353,False
GPR157,NEUTRAL,-0.016704620368749493,0.13750352374993502,-0.024099672965927663,0.11340385078400736,-0.13844535412976092,-0.13844535412976108,False
GLTP,NEUTRAL,0.02733200729651507,0.13750352374993502,0.03943175138422326,0.17693527513415827,-0.07491392977961127,-0.07491392977961127,False
SLC15A4,NEUTRAL,-0.0780768579591341,0.13750352374993502,-0.11264109578583477,0.02486242796410025,-0.22698677694966868,-0.22698677694966868,False
PHF14,DIG,1.4909998594572003,0.608809242675524,2.1510581032050444,2.7598673458805685,2.5193469177740413,2.0367124220412096,True
TMEM168,DIG,-1.0764084332024462,0.4329594072761063,-1.5529291085522283,-1.119969701276122,-1.347547403397559,-1.6672747897160647,True
PPP6R3,DSG,-0.08002653292440058,1.3219280948873624,-0.11545388218957008,1.2064742126977923,0.9563111225816523,-0.22979956335340393,False
FAM174B,DIG,-1.506294640196429,0.5109619192773794,-2.173123807529014,-1.6621618882516342,-1.8973260403679235,-2.2874694886928495,True
NECAB2,NEUTRAL,-0.03351164560392909,0.13750352374993502,-0.04834708492481692,0.08915643882511809,-0.16269276608864988,-0.16269276608865021,False
TLK2,DCG,-0.8569058985337803,1.3219280948873624,-1.236253890323186,0.08567420456417629,-0.16630034421156667,-1.3505995714870203,True
CDRT15P3,NEUTRAL,0.020707712859916263,0.13750352374993502,0.029874914651153807,0.16737843840108882,-0.08447076651267944,-0.08447076651267961,False
ZBED3,NEUTRAL,-0.016965562534623245,0.13750352374993502,-0.02447613293459255,0.11302739081534247,-0.13882181409842775,-0.13882181409842792,False
HMHB1,NEUTRAL,0.03158782794453369,0.13750352374993502,0.045571602728032574,0.1830751264779676,-0.06877407843580145,-0.06877407843580145,False
EIF2S2P4,NEUTRAL,0.04579189155157801,0.13750352374993502,0.06606373485438681,0.20356725860432184,-0.048281946309445864,-0.048281946309446024,False
NLRP11,DIG,-1.4795175774658553,0.53605290024021,-2.1344926719180424,-1.5984397716778322,-1.8611039361793662,-2.2488383530818394,True
ORMDL1,NEUTRAL,-0.026285467985260838,0.13750352374993502,-0.037921914309781424,0.0995816094401536,-0.1522675954736154,-0.15226759547361504,False
ITGA1,DIG,1.5088830942948583,0.5109619192773794,2.1768581574203862,2.687820076697766,2.4286915273390095,2.062512476256552,True
PDCD11,NEUTRAL,0.043443682805228694,0.13750352374993502,0.06267598574105657,0.2001795094909916,-0.05166969542277659,-0.05166969542277659,False
RBM39,DCG,-0.9259280666673315,1.185866545311334,-1.3358318300008647,-0.14996528468953074,-0.40536548189128074,-1.4501775111647002,True
PRKAR1A,DCG,-0.9204510699766122,1.3219280948873624,-1.3279301940361987,-0.006002099148836315,-0.2697792904755614,-1.4422758752000342,True
CNGA4,NEUTRAL,-0.01645589438672113,0.13750352374993502,-0.023740837225115104,0.11376268652481991,-0.13808651838894845,-0.13808651838894845,False
LILRP1,DIG,-0.7720009852699173,0.53605290024021,-1.1137619930103035,-0.5777090927700935,-0.8434402822697079,-1.2281076741741321,True
LIVAR,NEUTRAL,-0.04606618923359468,0.13750352374993502,-0.0664594627599596,0.07104406098997541,-0.18080514392379338,-0.18080514392379354,False
IRF6,DCG,0.8908710948442177,-0.7369655941662062,1.2852553106030742,0.548289716436868,0.2964405115230991,1.170909629439241,True
TRPM4,DIG,1.7213102659677761,0.5849625007211562,2.4833257845429735,3.0682882852641296,2.7893295540539897,2.3689801033791387,True
CHGA,NEUTRAL,-0.03590876840148966,0.13750352374993502,-0.05180540209725945,0.08569812165267557,-0.16615108326109237,-0.16615108326109293,False
OPN1SW,DIG,0.57236163499962,0.5849625007211562,0.8257432924090508,1.410705793130207,1.1509740564938749,0.7113976112452147,True
ASS1P8,NEUTRAL,-0.022725828668225485,0.13750352374993502,-0.03278644031974114,0.10471708343019387,-0.14713212148357557,-0.14713212148357524,False
PPM1L,DSG,0.08904399030650417,1.4594316186372973,0.1284633232361585,1.5878949418734558,1.337336879466631,0.01411764207232297,False
RARG,NEUTRAL,-0.03667958460401481,0.13750352374993502,-0.05291745481007934,0.08458606893985568,-0.16726313597391262,-0.16726313597391262,False
CHTOP,DCG,-0.8615211513805314,1.0531113364595626,-1.2429122927176426,-0.18980095625808002,-0.44242313211603335,-1.3572579738814772,True
SLC20A2,DCG,-0.9334477813129197,1.3362833878644325,-1.3466804850289549,-0.010397097164522418,-0.2508170864130376,-1.461026166192789,True
KRT8P33,NEUTRAL,-0.01867433356557843,0.13750352374993502,-0.026941368426966313,0.1105621553229687,-0.1412870495907991,-0.14128704959079927,False
CCNI2,NEUTRAL,-0.0404682593152434,0.13750352374993502,-0.058383357027510255,0.07912016672242476,-0.1727290381913446,-0.17272903819134477,False
MAPK6P5,DCG,-0.8645432292413944,1.2172307162206693,-1.24727222946069,-0.03004151324002069,-0.30174808823069765,-1.3616179106245208,True
TAS2R4,DIG,-0.9424020940331765,0.53605290024021,-1.3595988275850384,-0.8235459273448283,-1.0743227812360026,-1.4739445087488725,True
ZNF493,DIG,-1.4475229272903458,0.608809242675524,-2.0883341487748575,-1.4795249060993334,-1.7221846638915326,-2.2026798299386927,True
TNS2,DIG,-1.7092308587002158,0.5109619192773794,-2.465898883581186,-1.9549369643038066,-2.2298650754030054,-2.5802445647450223,True
ABL1,NEUTRAL,0.028674444949900086,0.13750352374993502,0.04136847952946444,0.17887200327939945,-0.07297720163437023,-0.0729772016343699,False
SLC36A2,NEUTRAL,0.034118454670049744,0.13750352374993502,0.049222525355275666,0.18672604910521068,-0.06512315580855836,-0.0651231558085587,False
RNU4-1,NEUTRAL,0.02063228595598428,0.13750352374993502,0.02976609663090153,0.16726962038083654,-0.0845795845329307,-0.08457958453293105,False
ANKRD18EP,DIG,-1.4822823719354306,0.608809242675524,-2.138481427188376,-1.5296721845128518,-1.7866426484164177,-2.2528271083522124,True
SKINT1L,NEUTRAL,-0.037938797216665376,0.13750352374993502,-0.054734114601775144,0.08276940914815988,-0.16907979576560897,-0.16907979576560933,False
RPSAP36,NEUTRAL,0.02758853548999209,0.13750352374993502,0.03980184333680076,0.17730536708673578,-0.07454383782703244,-0.07454383782703228,False
FAAH,NEUTRAL,0.04066632135629559,0.13750352374993502,0.05866910015192459,0.1961726239018596,-0.05567658101190865,-0.055676581011908484,False
FOXI1,DIG,0.999232238947981,0.45943161863729726,1.4415873958266279,1.9010190144639252,1.6308052545173894,1.3272417146627922,True
CYP2T3P,DIG,0.6651920974887934,0.5109619192773794,0.9596693402856101,1.4706312595629896,1.2190417292845417,0.845323659121776,True
COL27A1,NEUTRAL,0.008971481873312221,0.13750352374993502,0.012943112408052768,0.15044663615798778,-0.10140256875578119,-0.10140256875578238,False
KATNAL1,NEUTRAL,0.03181013595583601,0.13750352374993502,0.04589232539348832,0.18339584914342333,-0.06845335577034713,-0.0684533557703468,False
ITGA7,DIG,0.9831110399593136,0.4854268271702419,1.4183294219924933,1.9037562491627353,1.6425085097557244,1.3039837408286576,True
OSBPL10-AS1,NEUTRAL,0.016865897704165817,0.13750352374993502,0.02433234697794058,0.16183587072787559,-0.09001333418589282,-0.09001333418589265,False
NAGA,NEUTRAL,-0.03156087811014768,0.13750352374993502,-0.045532722335611106,0.09197080141432391,-0.15987840349944468,-0.1598784034994438,False
DDX1,NEUTRAL,-0.025764739537513286,0.13750352374993502,-0.037170661960566224,0.10033286178936879,-0.1515163431243994,-0.15151634312439924,False
BTC,DIG,1.2604046463208503,0.560714954474479,1.8183795327604986,2.3790944872349775,2.1201319222734187,1.704033851596664,True
PEX19,DCG,-0.6775826429856918,1.2479275134435854,-0.9775451188278946,0.2703823946156908,0.012518616413391984,-1.09189079999173,True
EIF4HP1,DSG,0.04576679632406357,-0.7369655941662062,0.06602753009410176,-0.6709380640721044,-0.9227872689858746,-0.0483181510697334,False
WFDC3,DCG,-0.8072428747285791,1.3074285251922473,-1.1646052921638719,0.1428232330283754,-0.1050809420216762,-1.278950973327707,True
NSMCE2,DCG,-0.9562040589728972,1.185866545311334,-1.3795108539580967,-0.19364430864676274,-0.4220396573265365,-1.4938565351219315,True
ANTXR2,NEUTRAL,-0.012959199295582402,0.13750352374993502,-0.01869617255762848,0.11880735119230654,-0.1330418537214634,-0.13304185372146377,False
UBTF,NEUTRAL,-0.000279661510003746,0.13750352374993502,-0.0004034662736099236,0.1371000574763251,-0.11474914743744329,-0.11474914743744347,False
ACYP2,DIG,-1.2085289859377988,0.4854268271702419,-1.7435387747830302,-1.2581119476127882,-1.5009390150231494,-1.8578844559468644,True
ADAMTS2,DIG,1.6116789359160315,0.4854268271702419,2.3251612083512603,2.8105880355215023,2.543947115383067,2.2108155271874255,True
HBS1L,DIG,-1.427333216850968,0.37851162325372983,-2.059206553646983,-1.6806949303932532,-1.9209982319348395,-2.173552234810818,True
CDS1,NEUTRAL,-0.00038410454275854164,0.13750352374993502,-0.0005541457190206708,0.13694937803091434,-0.11489982688285495,-0.11489982688285512,False
BRCA1,NEUTRAL,0.015821571653437307,0.13750352374993502,0.0228257029634834,0.16032922671341843,-0.09151997820035192,-0.09151997820035158,False
ADAM19,NEUTRAL,-0.04055262516863905,0.13750352374993502,-0.05850507122582452,0.0789984525241105,-0.17285075238965755,-0.17285075238965772,False
HOXD-AS2,NEUTRAL,0.03883982303939124,0.13750352374993502,0.05603402008793465,0.19353754383786967,-0.05831166107589935,-0.05831166107590035,False
ZYG11A,NEUTRAL,-0.0076312272590062045,0.13750352374993502,-0.011009533722464928,0.12649399002747008,-0.12535521488629894,-0.1253552148862991,False
DBF4B,NEUTRAL,-0.06561129662609162,0.13750352374993502,-0.09465709226875715,0.042846431481177866,-0.20900277343259058,-0.20900277343259113,False
LRP10,DIG,-0.8832165429224681,0.4854268271702419,-1.274212126505339,-0.7887852993350971,-1.04435614871898,-1.3885578076691747,True
SKP1P2,DIG,1.419669338316604,0.53605290024021,2.0481499140914807,2.584202814331691,2.327937242262503,1.9338042329276453,True
TRAM2,DIG,-1.6286698903447612,0.5849625007211562,-2.349673974045559,-1.764711473324403,-2.0217295543255953,-2.464019655209395,True
DUTP1,DIG,1.0587485749912853,0.632268215499513,1.5274513186881842,2.159719534187697,1.8790195805326342,1.4131056375243471,True
B3GNT7,NEUTRAL,-0.021853744451631837,0.13750352374993502,-0.031528288745223954,0.10597523500471107,-0.14587396990905696,-0.14587396990905696,False
OXR1,DCG,-0.8518402072010988,1.3504972470841334,-1.2289456425588523,0.12155160452528113,-0.13993581371492142,-1.3432913237226858,True
TSGA13,DIG,0.6667699858918086,0.5849625007211562,0.9619457520597163,1.5469082527808724,1.3021722572843686,0.847600070895883,True
ALDH1A3,DIG,1.6444904003493184,0.4854268271702419,2.3724981453734677,2.8579249725437097,2.615812202872182,2.258152464209634,True
ATP6V0E1,DIG,1.7074597860043732,0.4329594072761063,2.46334376578584,2.8963031730619466,2.622930181561268,2.3489980846220044,True
SMAD6,NEUTRAL,0.009672982858343249,0.13750352374993502,0.013955164400335757,0.15145868815027078,-0.10039051676349951,-0.10039051676349951,False
SCNN1G,DSG,0.032954713964519614,1.4982508675278254,0.047543602410526714,1.5457944699383521,1.2925506398780902,-0.06680207875330811,False
MICD,DIG,0.6581324704883796,0.560714954474479,0.9494844514215874,1.5101994058960666,1.242723993331731,0.8351387702577523,True
PURB,DIG,-1.534070990621592,0.53605290024021,-2.2131966105413903,-1.6771437103011801,-1.9056088655359202,-2.3275422917052255,True
SNORA10,DCG,-0.9085024772073685,1.1699250014423124,-1.3106920185024091,-0.14076701706009676,-0.39432348707862463,-1.4250376996662433,True
MAP7,DIG,-0.6233269827501473,0.35049724708413343,-0.899270746865918,-0.5487734997817846,-0.7879146058161617,-1.0136164280297515,True
LNCSRLR,DSG,0.05819744581656809,1.4059923596758368,0.08396116647196694,1.4899535261478039,1.2331376596704633,-0.030384514691866142,False
DRD1,DIG,-1.452227550149623,0.53605290024021,-2.0951214848431894,-1.5590685846029793,-1.8324206417330786,-2.2094671660070224,True
TPH1,NEUTRAL,0.046521583169637254,0.13750352374993502,0.06711645733313913,0.20461998108307416,-0.04722922383069467,-0.0472292238306945,False
HNRNPA1P12,NEUTRAL,-0.05796932522719981,0.13750352374993502,-0.08363205802896065,0.05387146572097437,-0.19797773919279413,-0.19797773919279432,False
CCDC168,NEUTRAL,-0.00764201516577016,0.13750352374993502,-0.01102509738205486,0.12647842636788015,-0.12537077854588932,-0.12537077854588966,False
DSG1,NEUTRAL,-0.009172865192107334,0.13750352374993502,-0.013233647123396239,0.12426987662653878,-0.12757932828723118,-0.12757932828723048,False
OR7E47P,DIG,1.241141157139146,0.4854268271702419,1.7905881924478355,2.2760150196180775,2.0219902911772154,1.6762425112840003,True
TMEM225B,DSG,0.020130484379922868,-0.7369655941662062,0.029042149985607463,-0.7079234441805987,-0.9597726490943681,-0.08530353117822731,False
GM2A,NEUTRAL,-0.05983215615647357,0.13750352374993502,-0.08631955497263848,0.05118396877729654,-0.20066523613647141,-0.20066523613647105,False
TAX1BP1,DSG,-0.023874608076703233,-3.321928094887362,-0.03444377867542735,-3.3563718735627894,-3.6082210784765585,-0.14878945983926106,False
SLC41A1,DCG,-0.9326443682008702,1.3074285251922473,-1.345521404916416,-0.03809287972416864,-0.287613676068747,-1.459867086080251,True
KRT18P16,NEUTRAL,-0.021975452471432934,0.13750352374993502,-0.03170387630182741,0.1057996474481076,-0.14604955746566006,-0.14604955746566006,False
PCDHA11,NEUTRAL,-0.04445068793381871,0.13750352374993502,-0.06412878704622314,0.07337473670371188,-0.17847446821005836,-0.17847446821005783,False
UBN1,DSG,0.11517764978921552,1.4724877714627438,0.166166224172147,1.6386539956348907,1.3798597865269182,0.05182054300831161,False
PRANCR,DSG,0.11134720046726106,1.1210154009613662,0.1606400539309868,1.2816554548923529,1.0196891324166493,0.04629437276715171,False
PGDP1,NEUTRAL,-0.0800931441838114,0.13750352374993502,-0.11554998192318944,0.021953541826745582,-0.22989566308702394,-0.229895663087023,False
SLC25A34,NEUTRAL,-0.020996789231224895,0.13750352374993502,-0.030291963698478946,0.10721156005145607,-0.14463764486231262,-0.14463764486231193,False
ASRGL1,DIG,-0.818696546813681,0.5109619192773794,-1.1811294480810166,-0.6701675288036372,-0.9172204208255935,-1.2954751292448532,True
LRRFIP2,NEUTRAL,0.0033821838449377114,0.13750352374993502,0.004879459860466403,0.14238298361040141,-0.1094662213033672,-0.10946622130336736,False
PPP4R3A,NEUTRAL,-0.029942701959365277,0.13750352374993502,-0.04319818762759253,0.09430533612234249,-0.15754386879142682,-0.15754386879142665,False
COL6A1,DIG,0.8168063038562121,0.4854268271702419,1.178402403940201,1.663829231110443,1.3968689805663217,1.064056722776364,True
TANC2,DCG,0.8698849101321618,-0.7369655941662062,1.2549786459918115,0.5180130518256053,0.26616384691183603,1.1406329648279776,True
OSTF1P1,NEUTRAL,0.03925272400710342,0.13750352374993502,0.056629710266431266,0.19413323401636629,-0.057715970897402574,-0.05771597089740241,False
MIR7851,DIG,1.107501453684307,0.560714954474479,1.597786855007668,2.158501809482147,1.9084105375217124,1.4834411738438313,True
PIGT,DCG,2.0794415416798357,-3.321928094887362,3.0,-0.3219280948873622,-0.5737772998011312,2.885654318836166,True
GIT2,NEUTRAL,0.0060842393405507325,0.13750352374993502,0.00877770192419408,0.1462812256741291,-0.10556797923963993,-0.10556797923964062,False
UBC,NEUTRAL,0.026861959023100256,0.13750352374993502,0.03875361507118928,0.17625713882112432,-0.07559206609264335,-0.07559206609264335,False
GOLGA2P11,NEUTRAL,-0.005495014295383656,0.13750352374993502,-0.007927629873563963,0.12957589387637106,-0.12227331103739678,-0.12227331103739643,False
SCLY,NEUTRAL,0.027923482548766854,0.13750352374993502,0.040285069797455456,0.17778859354739046,-0.07406061136637833,-0.07406061136637866,False
ZNF775,DIG,-0.6239935855698123,0.53605290024021,-0.9002324514480913,-0.36417955120788126,-0.6062099574323788,-1.0145781326119254,True
OAZ2,NEUTRAL,-0.04210988638859611,0.13750352374993502,-0.06075172426522527,0.07675179948470975,-0.17509740542905936,-0.17509740542905936,False
RNU6-762P,NEUTRAL,-0.02957340251948711,0.13750352374993502,-0.04266540115707723,0.09483812259285779,-0.15701108232091085,-0.15701108232091085,False
ARPC1B,DSG,-0.06734745524699688,-0.7369655941662062,-0.09716183970133381,-0.8341274338675401,-1.0859766387813103,-0.2115075208651688,False
DYRK1A,DIG,-1.1674158601689888,0.45943161863729726,-1.6842250721209238,-1.2247934534836264,-1.4723614050071216,-1.798570753284758,True
MEI1,NEUTRAL,0.07245633999506665,0.13750352374993502,0.10453240239184731,0.24203592614178232,-0.009813278771985234,-0.009813278771985396,False
FAM114A1,NEUTRAL,-0.02430293874950293,0.13750352374993502,-0.035061729212936106,0.10244179453699892,-0.14940741037677094,-0.14940741037677094,False
LAMB1,DIG,0.9170868118972483,0.53605290024021,1.3230765955888297,1.8591294958290399,1.6135414592166495,1.208730914424993,True
LRFN1,DSG,0.032958695661892475,1.1699250014423124,0.04754934678558087,1.2174743482278934,0.9676327577343143,-0.06679633437825273,False
ASIC2,NEUTRAL,-0.05895197587201444,0.13750352374993502,-0.08504972324116106,0.05245380050877396,-0.1993954044049954,-0.1993954044049952,False
STAT1,NEUTRAL,0.024448910608798988,0.13750352374993502,0.03527232209045187,0.17277584584038688,-0.0790733590733821,-0.07907335907338227,False
HLA-DMA,DIG,-1.236318888714871,0.53605290024021,-1.7836311297062988,-1.2475782294660887,-1.5052313985767836,-1.8979768108701343,True
KRT8P29,DCG,-0.9274067264167333,1.3785116232537298,-1.3379650850884888,0.04054653816524101,-0.20271763827783412,-1.4523107662523034,True
LINC01697,DIG,-1.3954508300509816,0.560714954474479,-2.013209992318939,-1.4524950378444599,-1.7127986682390495,-2.1275556734827736,True
EFCAB13,NEUTRAL,0.024987853026801288,0.13750352374993502,0.03604985164422849,0.17355337539416352,-0.07829582951960705,-0.07829582951960655,False
GID8,DCG,-0.909245728166871,1.4329594072761063,-1.3117643029758193,0.12119510430028702,-0.13424141110823673,-1.426109984139654,True
ZFYVE28,NEUTRAL,0.020011605797393594,0.13750352374993502,0.028870644444124568,0.1663741681940596,-0.0854750367197102,-0.08547503671971036,False
UBE3B,NEUTRAL,0.02561038591208381,0.13750352374993502,0.03694797675061589,0.17445150050055092,-0.07739770441321926,-0.07739770441321876,False
ITPKA,NEUTRAL,0.016406243820775223,0.13750352374993502,0.023669206599847614,0.16117273034978263,-0.09067647456398698,-0.09067647456398664,False
NRXN2,DIG,1.1238619353889487,0.4854268271702419,1.621390040829509,2.106816867999751,1.857994275165956,1.5070443596656733,True
PFDN1,NEUTRAL,-0.060859844870270186,0.13750352374993502,-0.08780219638361042,0.0497013273663246,-0.20214787754744495,-0.2021478775474446,False
MMS22L,DIG,-1.5420656869456213,0.45943161863729726,-2.2247305192814806,-1.7652989006441833,-2.0170745176166602,-2.3390762004453154,True
GOLGA4,NEUTRAL,-0.04217946337776835,0.13750352374993502,-0.060852102642464045,0.07665142110747097,-0.1751977838062989,-0.17519778380629927,False
GALR2,DSG,-0.08103208549620981,1.3074285251922473,-0.1169045878982724,1.1905239372939749,0.9366353337462295,-0.2312502690621053,False
PYY,NEUTRAL,0.009199543923876655,0.13750352374993502,0.013272136397417046,0.15077566014735205,-0.10107354476641568,-0.10107354476641568,False
ABHD14B,NEUTRAL,-0.041983407922921684,0.13750352374993502,-0.06056925441001753,0.07693426933991748,-0.17491493557385235,-0.17491493557385235,False
RCOR2,DIG,-1.2317404761383695,0.4854268271702419,-1.7770258765870364,-1.2915990494167944,-1.5375819102402455,-1.8913715577508718,True
MAP6,DIG,1.1837656626989472,0.632268215499513,1.7078128511504085,2.3400810666499217,2.1077498165365554,1.593467169986574,True
KRT18P59,NEUTRAL,-0.0509676204370874,0.13750352374993502,-0.07353073325049697,0.06397279049943805,-0.1878764144143308,-0.18787641441433042,False
MRPS16,NEUTRAL,0.026786006441701045,0.13750352374993502,0.03864403865866193,0.17614756240859694,-0.07570164250517084,-0.07570164250517049,False
METAP1D,NEUTRAL,-0.01212228735475669,0.13750352374993502,-0.017488763850938466,0.12001475989899656,-0.13183444501477234,-0.13183444501477234,False
FOXM1,DIG,-0.8577447314729014,0.7441610955704102,-1.2374640704445905,-0.4933029748741803,-0.7349197547817368,-1.3518097516084269,True
SPTLC2,NEUTRAL,-0.012247223413449327,0.13750352374993502,-0.017669008483242547,0.11983451526669248,-0.13201468964707702,-0.13201468964707738,False
IGBP1P1,DIG,-1.6828531380408114,0.53605290024021,-2.427843876795909,-1.8917909765556988,-2.126574919044226,-2.542189557959743,True
TMEM230,DSG,0.009131028177843028,-0.7369655941662062,0.013173289070391524,-0.7237923050958147,-0.9756415100095848,-0.1011723920934438,False
SLC10A6,NEUTRAL,-0.08772053889535816,0.13750352374993502,-0.12655398644844065,0.010949537301494366,-0.240899667612274,-0.24089966761227383,False
PTK2B,NEUTRAL,-0.04862353415375866,0.13750352374993502,-0.07014893159412276,0.06735459215581226,-0.18449461275795664,-0.18449461275795664,False
P2RY6,DIG,-1.6846746806905497,0.560714954474479,-2.430471807343454,-1.8697568528689752,-2.1001161905552195,-2.54481748850729,True
TAF1B,DIG,-1.4408110216168464,0.5109619192773794,-2.0786509157447854,-1.567688996467406,-1.814118076729184,-2.1929965969086216,True
RPSAP49,NEUTRAL,0.017997316741128557,0.13750352374993502,0.02596463961173409,0.1634681633616691,-0.08838104155209973,-0.0883810415520999,False
PHLDB2,DIG,-0.7417897213796021,0.560714954474479,-1.0701763524167578,-0.5094613979422787,-0.7892108697697828,-1.1845220335805928,True
ZNF236-DT,NEUTRAL,-0.027867522546206554,0.13750352374993502,-0.040204336579273574,0.09729918717066144,-0.15455001774310628,-0.15455001774310645,False
LEKR1,DSG,0.07244834858080917,-3.321928094887362,0.10452087321812836,-3.2174072216692338,-3.4692564265829993,-0.00982480794570454,False
SKP1P1,DSG,-0.04380450860684142,1.1375035237499351,-0.06319654733566804,1.0743069764142672,0.8267782401011079,-0.17754222849950335,False
PHLDB3,DIG,-1.2404468494332206,0.53605290024021,-1.7895865181636461,-1.253533617923436,-1.4981637225156392,-1.903932199327482,True
MFSD9,NEUTRAL,-0.01588551164645803,0.13750352374993502,-0.022917948874328874,0.11458557487560614,-0.13726363003816217,-0.13726363003816164,False
LINC02066,DSG,-0.031558372260458274,1.4724877714627438,-0.045529107158690976,1.4269586643040528,1.1766589123339575,-0.15987478832252391,False
C8orf88,DCG,-0.7358078013255839,1.2172307162206693,-1.0615462660198316,0.15568445020083765,-0.10497812747537612,-1.1758919471836646,True
RSPH6A,DIG,0.8466862524247494,0.5849625007211562,1.221510057562047,1.806472558283203,1.5539995037355796,1.1071643763982095,True
OSGIN1,NEUTRAL,-0.009624004806156179,0.13750352374993502,-0.013884504007333069,0.12361901974260195,-0.12823018517116683,-0.12823018517116663,False
LBH,DIG,1.5638663904776418,0.35049724708413343,2.256182286155017,2.6066795332391504,2.3623007459408973,2.141836604991183,True
PROM1,NEUTRAL,-0.03767841298257627,0.13750352374993502,-0.05435845955852913,0.08314506419140588,-0.16870414072236234,-0.16870414072236214,False
AMD1,DIG,-0.9155332800276507,0.4854268271702419,-1.3208353228646983,-0.8354084956944564,-1.0628936240793456,-1.4351810040285335,True
BRK1,DIG,-1.0084407595364333,0.4329594072761063,-1.454872482813512,-1.0219130755374057,-1.2784252287822122,-1.5692181639773481,True
PDK1,NEUTRAL,-0.02401575803046038,0.13750352374993502,-0.03464741501373449,0.10285610873620053,-0.14899309617756826,-0.14899309617756773,False
NACC2,NEUTRAL,-0.017057135307259646,0.13750352374993502,-0.02460824451955554,0.11289527923037948,-0.13895392568338946,-0.1389539256833898,False
EPHB2,NEUTRAL,-0.045614085142325816,0.13750352374993502,-0.06580721442952041,0.07169630932041461,-0.1801528955933538,-0.18015289559335396,False
MAPK8IP1,DIG,-0.9244854183303294,0.5109619192773794,-1.333750528399325,-0.8227886091219455,-1.075735297865274,-1.4480962095631604,True
HSPA8P5,DSG,-0.11113641018337364,1.3923174227787602,-0.16033594783375485,1.2319814749450053,0.9927485165701785,-0.27468162899758947,False
SUMO2P15,NEUTRAL,-0.0419896384100366,0.13750352374993502,-0.06057824310288054,0.07692528064705448,-0.17492392426671433,-0.17492392426671416,False
DTL,DCG,-0.7997605566938191,1.2016338611696507,-1.1538105890407695,0.047823272128881156,-0.19611015585145922,-1.2681562702046043,True
RPS3AP44,NEUTRAL,0.02226557787540783,0.13750352374993502,0.0321224387833779,0.1696259625333129,-0.08222324238045708,-0.08222324238045725,False
SLC16A9,DIG,1.520848211671557,0.4329594072761063,2.194120172923404,2.6270795801995104,2.3719827071114987,2.0797744917595695,True
DEPDC1P2,NEUTRAL,0.0021495392789978034,0.13750352374993502,0.003101129658006169,0.14060465340794118,-0.11124455150582795,-0.1112445515058276,False
ZBTB32,DIG,-1.145023704784686,0.560714954474479,-1.651920020593175,-1.0912050661186958,-1.3318883260324146,-1.7662657017570083,True
RPL7P60,DSG,0.011094342389779445,1.0531113364595626,0.016005752747659016,1.0691170892072215,0.8083685911846785,-0.0983399284161739,False
BSND,NEUTRAL,0.01621468598047847,0.13750352374993502,0.023392847053608085,0.1608963708035431,-0.09095283411022535,-0.09095283411022621,False
DUS3L,NEUTRAL,0.02454485224359363,0.13750352374993502,0.03541073661118488,0.1729142603611199,-0.0789349445526494,-0.07893494455264873,False
VPS13B-DT,DCG,-0.9442879746827517,1.2630344058337937,-1.362319578245889,-0.09928517241209533,-0.34532245830102487,-1.4766652594097227,True
FTCD,DIG,-1.0408047076330242,0.45943161863729726,-1.5015637902360517,-1.0421321715987544,-1.3176348988233344,-1.6159094713998856,True
API5P2,NEUTRAL,0.019230193006571455,0.13750352374993502,0.027743304085918265,0.1652468278358533,-0.0866023770779163,-0.08660237707791597,False
H4C2,DIG,-1.189218568114084,0.4854268271702419,-1.7156797307512632,-1.2302529035810212,-1.4969270098480156,-1.8300254119150947,True
KRT8P13,DSG,0.029570862529729933,1.3074285251922473,0.04266173672645064,1.3500902619186979,1.0862306795431969,-0.07168394443738499,False
PPP1R21,DIG,-0.629265668707703,0.37851162325372983,-0.9078384596462805,-0.5293268363925507,-0.7629046704201352,-1.022184140810115,True
KARS1P2,NEUTRAL,-0.012425880694268155,0.13750352374993502,-0.017926756456298577,0.11957676729363645,-0.13227243762013172,-0.13227243762013188,False
HDAC7,DIG,-1.4136096951688184,0.53605290024021,-2.0394076969726136,-1.5033547967324035,-1.7522541011897446,-2.1537533781364484,True
EFR3B,DIG,-1.4435147301483344,0.608809242675524,-2.0825515426351724,-1.4737422999596483,-1.7250031253169655,-2.196897223799008,True
LINC02863,NEUTRAL,-0.07299705886076163,0.13750352374993502,-0.10531249481790057,0.032191028932034446,-0.2196581759817331,-0.2196581759817331,False
PAN3,NEUTRAL,-0.042580629109774566,0.13750352374993502,-0.06143086245460401,0.07607266129533101,-0.17577654361843822,-0.17577654361843878,False
MAPRE1P2,NEUTRAL,0.03425871811863368,0.13750352374993502,0.049424882736965686,0.1869284064869007,-0.06492079842686847,-0.0649207984268688,False
OSR2,DCG,0.8160723521621479,-0.7369655941662062,1.1773435354709225,0.4403779413047163,0.18852873639094725,1.0629978543070886,True
DBNDD2,DCG,-1.0255934903550339,1.3645724322958561,-1.4796186425032103,-0.11504621020735417,-0.3609686626803596,-1.5939643236670447,True
PSTK,NEUTRAL,-0.02666975948987981,0.13750352374993502,-0.03847632975775098,0.09902719399218404,-0.15282201092158382,-0.15282201092158382,False
RPS6KB2,DSG,-0.09164414042324466,1.2630344058337937,-0.13221454691514686,1.130819858918647,0.8691607292787354,-0.24656022807898234,False
RPL35AP19,DCG,-0.7653518263370253,1.0874628412503395,-1.1041692843917374,-0.01670644314139791,-0.2672511016695285,-1.2185149655555638,True
ZNF431,DIG,1.5342585433945686,0.53605290024021,2.2134671919968687,2.749520092237079,2.525490915137279,2.0991215108330326,True
PIGN,NEUTRAL,0.05989722717126144,0.13750352374993502,0.08641343260297855,0.2239169563529136,-0.027932248560856215,-0.027932248560856708,False
SNORA5A,DIG,0.6559963968725826,0.53605290024021,0.9464027486091032,1.4824556488493132,1.2558926382973123,0.8320570674452686,True
LINC01629,NEUTRAL,-0.0349075122080263,0.13750352374993502,-0.0503608947522905,0.08714262899764452,-0.1647065759161243,-0.16470657591612448,False
KCNH8,NEUTRAL,0.030352637616867965,0.13750352374993502,0.04378959976775522,0.18129312351769022,-0.07055608139607784,-0.07055608139607801,False
APBB2,NEUTRAL,0.019679928543113602,0.13750352374993502,0.02839213531419916,0.16589565906413417,-0.08595354584963338,-0.08595354584963373,False
HTATIP2,DIG,1.3709724425110972,0.4854268271702419,1.9778951440061894,2.4633219711764314,2.2190379418298543,1.863549462842356,True
GRHL2,DCG,-0.8748884153507418,1.0874628412503395,-1.2621971781577188,-0.17473433690737927,-0.4280618462919592,-1.3765428593215543,True
CHORDC2P,NEUTRAL,-0.06926474182639536,0.13750352374993502,-0.09992789954139494,0.037575624208540076,-0.21427358070522745,-0.214273580705228,False
QSER1,DIG,1.7075689223103028,0.5849625007211562,2.4635012161931855,3.0484637169143416,2.8045697551888895,2.3491555350293503,True
PRRG2,DIG,0.6359446079703079,0.5849625007211562,0.9174741321988392,1.5024366329199954,1.2324302101923938,0.8031284510350027,True
SUMF1,DIG,1.6024021430757265,0.5109619192773794,2.311777625325198,2.8227395446025776,2.576258616115716,2.1974319441613646,True
TREX1,NEUTRAL,-0.04023188522721967,0.13750352374993502,-0.05804234130292377,0.07946118244701125,-0.1723880224667587,-0.17238802246675833,False
RASSF6,DIG,-0.9483552988664117,0.560714954474479,-1.368187486675343,-0.8074725322008639,-1.0797081769056946,-1.4825331678391784,True
NPPC,NEUTRAL,-0.009211515214154045,0.13750352374993502,-0.01328940731853328,0.12421411643140173,-0.1276350884823678,-0.1276350884823678,False
RBM33,DIG,-1.413393054161371,0.5109619192773794,-2.039095150065516,-1.5281332307881366,-1.7721026592377238,-2.1534408312293523,True
SLC1A7,NEUTRAL,-0.04691050536010073,0.13750352374993502,-0.06767755344861247,0.06982597030132255,-0.18202323461244763,-0.1820232346124471,False
CHCHD2P8,NEUTRAL,0.04072215089996978,0.13750352374993502,0.05874964515771844,0.19625316890765346,-0.055596036006116054,-0.05559603600611572,False
IP6K3,DIG,1.1865589653221869,0.4854268271702419,1.7118427349926584,2.1972695621629,1.9399839340627694,1.5974970538288225,True
NR3C1,NEUTRAL,0.04796763883555988,0.13750352374993502,0.06920267467121509,0.20670619842115012,-0.045143006492618355,-0.04514300649261803,False
PDPN,NEUTRAL,-0.022426652362610797,0.13750352374993502,-0.032354820147279355,0.10514870360265566,-0.14670050131111415,-0.1467005013111143,False
ZNF687-AS1,DCG,-0.901180526119481,1.4195388915137848,-1.3001286759782822,0.11941021553550257,-0.13243581328362136,-1.414474357142116,True
DEPDC4,NEUTRAL,-0.007455050980852301,0.13750352374993502,-0.010755365079650017,0.126748158670285,-0.12510104624348298,-0.12510104624348317,False
PRMT9,NEUTRAL,-0.03882258520799048,0.13750352374993502,-0.056009151154057094,0.08149437259587793,-0.17035483231789053,-0.17035483231789073,False
OGA,NEUTRAL,0.02711217284281844,0.13750352374993502,0.039114597308058593,0.17661812105799363,-0.0752310838557761,-0.07523108385577577,False
OSBP,DIG,0.6439878259313206,0.4329594072761063,0.9290780428639813,1.3620374501400876,1.1199436525423483,0.814732361700146,True
AP1G2,NEUTRAL,-0.060521625675793916,0.13750352374993502,-0.08731424922900605,0.05018927452092897,-0.2016599303928386,-0.20165993039283917,False
PLD1,DSG,-0.023731545023736287,1.2630344058337937,-0.0342373823183775,1.2287970235154162,0.9788386560175693,-0.14858306348221148,False
GINM1,NEUTRAL,0.020534094592542844,0.13750352374993502,0.02962443643780644,0.16712796018774145,-0.084721244726027,-0.08472124472602717,False
MIR922,DSG,0.05406440397936464,1.1210154009613662,0.0779984475096469,1.199013848471013,0.9434126887982971,-0.03634723365418627,False
STRN,DIG,-1.5749684126635046,0.4329594072761063,-2.2721991185064008,-1.8392397112302945,-2.079716856223955,-2.386544799670237,True
TMEM74,DCG,-0.881501300042203,1.3504972470841334,-1.2717375541080604,0.07875969297607299,-0.17306232550646714,-1.3860832352718921,True
WASHC3,NEUTRAL,0.030341965763353393,0.13750352374993502,0.04377420353761265,0.18127772728754768,-0.07057147762622107,-0.07057147762622107,False
ST13P6,DCG,-0.8033583345197913,1.0531113364595626,-1.15900108526852,-0.1058897488089574,-0.3532983286960777,-1.2733467664323541,True
RN7SL749P,NEUTRAL,0.017002884592969045,0.13750352374993502,0.0245299772830838,0.16203350103301883,-0.089815703880749,-0.08981570388074916,False
ADPRM,NEUTRAL,-0.04213942807599102,0.13750352374993502,-0.060794343911129395,0.07670917983880562,-0.17514002507496357,-0.17514002507496373,False
LSP1,NEUTRAL,0.06483451510524864,0.13750352374993502,0.0935364334207828,0.23103995717071782,-0.020809247743051276,-0.02080924774305144,False
GCM1,DIG,-1.038490176760902,0.560714954474479,-1.4982246280248566,-0.9375096735503775,-1.1914530720628866,-1.6125703091886887,True
ABHD17C,NEUTRAL,0.047176259389961415,0.13750352374993502,0.06806095546958874,0.20556447921952375,-0.04628472569424432,-0.04628472569424432,False
FNIP2,NEUTRAL,0.02114769898408632,0.13750352374993502,0.0305096804505539,0.16801320420048893,-0.08383600071328032,-0.08383600071328116,False
MYZAP,NEUTRAL,0.0022427375147652997,0.13750352374993502,0.003235586290567536,0.14073911004050255,-0.111110094873267,-0.11111009487326787,False
CAP1,NEUTRAL,0.008137437473222427,0.13750352374993502,0.011739840688162013,0.14924336443809702,-0.10260584047567278,-0.10260584047567364,False
PPP2R5A,DCG,-0.7279799220480189,1.1375035237499351,-1.050253023405411,0.08725050034452408,-0.16049416122121932,-1.164598704569247,True
LDB3,NEUTRAL,-0.06593929952876079,0.13750352374993502,-0.09513030042983517,0.04237322332009985,-0.20947598159366962,-0.20947598159366998,False
FANCD2P2,DIG,1.1002971274512086,0.37851162325372983,1.5873932092782304,1.9659048325319601,1.7107902765015892,1.4730475281143953,True
DNAH1,NEUTRAL,-0.0537711384019184,0.13750352374993502,-0.07757535471540178,0.05992816903453324,-0.19192103587923642,-0.19192103587923587,False
CCDC40,DSG,-0.06201847559542659,-0.7369655941662062,-0.08947374718501515,-0.8264393413512213,-1.0782885462649907,-0.2038194283488493,False
RIPK1,DIG,0.5943931585858965,0.45943161863729726,0.8575280622302001,1.3169596808674973,1.0479094723278688,0.7431823810663651,True
ATPAF1,NEUTRAL,0.023225808038885097,0.13750352374993502,0.03350775807833855,0.17101128182827358,-0.08083792308549456,-0.08083792308549474,False
ZNF410,NEUTRAL,-0.027515699876350955,0.13750352374993502,-0.03969676375820059,0.09780675999173444,-0.15404244492203503,-0.1540424449220354,False
SNORD1B,DSG,0.057655942204116115,1.3923174227787602,0.08317994189565901,1.4754973646744192,1.233520427617902,-0.03116573926817437,False
OPRD1,NEUTRAL,-0.03469735172779872,0.13750352374993502,-0.05005769726967532,0.0874458264802597,-0.16440337843350875,-0.16440337843350858,False
GCNT7,DCG,-0.8534594440806023,1.1699250014423124,-1.2312817075749365,-0.06135670613262412,-0.3185914101715217,-1.3456273887387689,True
GCNT2,DIG,-1.4104451257285597,0.405992359675837,-2.0348421883346037,-1.6288498286587667,-1.9149975809956976,-2.1491878694984377,True
PAX3,NEUTRAL,-0.01734523169553355,0.13750352374993502,-0.02502387975021632,0.1124796439997187,-0.13936956091404917,-0.139369560914049,False
ZNF24,NEUTRAL,0.0057924092294117996,0.13750352374993502,0.008356680070071865,0.1458602038200069,-0.10598900109376103,-0.1059890010937605,False
TMEM182,NEUTRAL,-0.019404110001938573,0.13750352374993502,-0.027994213272660714,0.1095093104772743,-0.14233989443649364,-0.142339894436494,False
CSF1R,NEUTRAL,0.03563261497983546,0.13750352374993502,0.05140699692531441,0.18891052067524944,-0.06293868423851927,-0.06293868423851927,False
SCUBE2,NEUTRAL,-0.0006666369052464326,0.13750352374993502,-0.0009617537572725941,0.13654176999266243,-0.11530743492110583,-0.11530743492110566,False
ARLNC1,NEUTRAL,-0.032431960380676986,0.13750352374993502,-0.04678942840751003,0.090714095342425,-0.16113510957134378,-0.1611351095713443,False
CXCL9,DIG,-1.456204948936618,0.4854268271702419,-2.100859658348825,-1.615432831178583,-1.8604067369829336,-2.2152053395126594,True
AP2A1,DIG,0.671021784946706,0.608809242675524,0.9680798014710732,1.5768890441465973,1.315197431171842,0.8537341203072379,True
RFC2,DIG,1.5276537850501302,0.4854268271702419,2.203938539887077,2.689365367057319,2.4459475202945273,2.089592858723243,True
QRICH1,NEUTRAL,0.008083326148958372,0.13750352374993502,0.011661774548990325,0.14916529829892533,-0.10268390661484425,-0.10268390661484458,False
