,class,beta1,cn_ratio_log2,truth_log2FC_aware,truth_log2FC_naive,empirical_log2FC_naive,empirical_log2FC_aware,DE_truth
SULT2B1,DIG,1.0620851974296388,0.5728896684205812,1.5322650473333155,2.105154715753897,2.017326858122006,1.5894943571596876,True
MORN2,DIG,-0.9646773547399382,0.45943161863729726,-1.3917352357411923,-0.932303617103895,-0.9993429878347821,-1.3345059259148206,True
PRR7-AS1,DIG,0.5800349219298474,0.4195388915137848,0.836813505410608,1.2563523969243928,1.164850186475706,0.8940428152369814,True
FMO2,DCG,0.9126160177394524,-0.7369655941662062,1.3166266030285423,0.5796610088623361,0.49938679493877386,1.3738559128549148,True
NFYC,DIG,1.5000506521035428,0.4462562298895641,2.164115636872037,2.6103718667616014,2.5285280366486353,2.221344946698409,True
EIF1B,NEUTRAL,-0.04938148647576859,0.13750352374993502,-0.07124242565031677,0.06626109809961825,-0.014013115823943195,-0.014013115823942547,False
TMEM37,NEUTRAL,0.004719027049866369,0.13750352374993502,0.006808116922663085,0.1443116406725981,0.06403742674903623,0.06403742674903623,False
TASOR2,DCG,-0.9696754743429583,1.3074285251922473,-1.3989459981062393,-0.09151747291399204,-0.17346806756682673,-1.3417166882798661,True
THG1L,DIG,1.7151750086076287,0.5109619192773794,2.474474479174911,2.9854363984522907,2.8931778604354186,2.5317037890012832,True
DCTN4,DIG,0.7472818893752463,0.4195388915137848,1.0780998759478029,1.4976387674615876,1.4026948968663546,1.135329185774176,True
IMPACT,DIG,-0.8820934607997153,0.4462562298895641,-1.2725918614963325,-0.8263356316067685,-0.8874831211278239,-1.2153625516699604,True
CORIN,NEUTRAL,0.0343613352626813,0.13750352374993502,0.04957292798179338,0.1870764517317284,0.10680223780816861,0.1068022378081683,False
UBR7,NEUTRAL,-0.052216859132404696,0.13750352374993502,-0.07533300372111784,0.06217052002881718,-0.018103693894743433,-0.01810369389474311,False
RN7SL704P,NEUTRAL,-0.003756570927791232,0.13750352374993502,-0.005419586248272063,0.13208393750166295,0.05180972357810151,0.0518097235781012,False
MARCHF7,NEUTRAL,0.004757499753390167,0.13750352374993502,0.00686362130124646,0.14436714505118148,0.06409293112762056,0.06409293112762056,False
ITM2B,NEUTRAL,-0.011570101893276116,0.13750352374993502,-0.01669212862400946,0.12081139512592556,0.04053718120236333,0.04053718120236333,False
CRTC2,DCG,-0.7693251977713843,1.1538053360790355,-1.109901647655697,0.04390368842333836,-0.03537755201389573,-1.052672337829323,True
EIF5B,DIG,0.6446876700463219,0.4329594072761063,0.9300877044980889,1.3630471117741951,1.294163744453195,0.9873170143244617,True
ASF1B,DIG,1.3486975664247387,0.523561956057013,1.9457592907399839,2.469321246796997,2.3862867010919584,2.0029886005663577,True
HNRNPH1,DIG,0.7300111552510751,0.523561956057013,1.0531834734743493,1.5767454295313623,1.4840530670286463,1.1104127833007218,True
EGFLAM,DSG,-0.14990572267093538,1.4982508675278254,-0.21626824269823472,1.2819826248295907,1.2059908546124458,-0.15903893287186155,False
EPCAM,DIG,-1.6880259288296193,0.632268215499513,-2.435306636414478,-1.8030384209149652,-1.8726522843085807,-2.3780773265881052,True
RMDN3,NEUTRAL,0.031166604747079805,0.13750352374993502,0.044963906109958464,0.18246742985989348,0.10219321593633178,0.10219321593633209,False
LSM10,NEUTRAL,0.021007410146495844,0.13750352374993502,0.030307286440270045,0.16781081019020505,0.08753659626664305,0.08753659626664305,False
FAM98B,NEUTRAL,0.0178185971787241,0.13750352374993502,0.025706801785343333,0.16321032553527837,0.08293611161171745,0.08293611161171745,False
RPL36AP26,DSG,0.018407611928363928,1.2479275134435854,0.026556570443659167,1.2744840838872447,1.1943405159814586,0.08378588027003303,False
TRMT9B,NEUTRAL,0.002460005943379862,0.13750352374993502,0.0035490383750715034,0.14105256212500653,0.06077834820144552,0.06077834820144552,False
CCDC152,DSG,0.011044180058364026,1.2016338611696507,0.015933383800886564,1.2175672449705373,1.1376258576754783,0.07316269362726036,False
RAB6A,DSG,0.046362672811131635,1.3923174227787602,0.06688719814697719,1.4592046209257374,1.381581735015114,0.12411650797335005,False
KCNH1-IT1,DCG,0.9128876368727477,-0.7369655941662062,1.3170184666051579,0.5800528724389516,0.4997786585153902,1.3742477764315304,True
ZNF579,DSG,-0.023852917366955554,1.20945336562895,-0.03441248559604101,1.1750408800329089,1.0960926938890432,0.022816824230332045,False
BECN1,NEUTRAL,0.02546704832728165,0.13750352374993502,0.03674118432784881,0.17424470807778383,0.09397049415422395,0.09397049415422395,False
RPSAP47,DCG,0.7872555306280743,-0.7369655941662062,1.1357696499495322,0.398804055783326,0.31852984185976435,1.1929989597759059,True
HAVCR2,DIG,-0.9305011483599718,0.4329594072761063,-1.342429392280417,-0.9094699850043106,-0.9973425692684094,-1.2852000824540433,True
OLFM1,NEUTRAL,-0.007314802077915671,0.13750352374993502,-0.010553028682893224,0.12695049506704179,0.0466762811434799,0.04667628114347959,False
ARHGEF7-IT1,DIG,-0.7864329400713976,0.4462562298895641,-1.1345829026327328,-0.6883266727431687,-0.7577843214327971,-1.0773535928063527,True
MTOR-AS1,NEUTRAL,-0.03644905816991473,0.13750352374993502,-0.05258487546680934,0.08491864828312568,0.004644434359564938,0.004644434359564619,False
ZNF44,DIG,1.1473505499320626,0.5109619192773794,1.6552769485482117,2.1662388678255913,2.09067940536351,1.7125062583745831,True
PRIMPOL,NEUTRAL,0.07059669758926221,0.13750352374993502,0.10184950551516643,0.23935302926510144,0.15907881534154086,0.15907881534154117,False
CALM2P3,NEUTRAL,-0.03774252159179693,0.13750352374993502,-0.05445094873113006,0.08305257501880496,0.0027783610952437417,0.002778361095243422,False
DDOST,NEUTRAL,-0.0030999674432335782,0.13750352374993502,-0.004472307657270322,0.1330312160926647,0.052757002169103166,0.052757002169103166,False
RAD1,DCG,-1.0644328047523248,1.439623137557117,-1.5356519287757093,-0.09602879121859242,-0.17636229795709138,-1.4784226189493375,True
TMEM156,NEUTRAL,0.020192172435414643,0.13750352374993502,0.029131147037347527,0.16663467078728256,0.08636045686372208,0.08636045686372178,False
PPIAP55,DCG,-0.8200359302275231,1.1043366598147357,-1.1830617698900157,-0.07872511007527994,-0.15490848951964337,-1.125832460063635,True
HSPA12A,NEUTRAL,0.03425015252037048,0.13750352374993502,0.04941252519082913,0.18691604894076413,0.10664183501720159,0.1066418350172019,False
ADGRB2,NEUTRAL,0.0653835830221154,0.13750352374993502,0.09432857098155772,0.23183209473149274,0.15155788080793012,0.15155788080793042,False
GALNT14,DIG,0.8254643644225141,0.523561956057013,1.1908933449829213,1.7144553010399344,1.6453830156617555,1.2481226548092932,True
R3HCC1L,NEUTRAL,0.02688455326774736,0.13750352374993502,0.03878621167589429,0.17628973542582932,0.09601552150226755,0.09601552150226755,False
TNFSF9,NEUTRAL,0.01414000718781868,0.13750352374993502,0.02039971824800031,0.15790324199793532,0.07762902807437505,0.07762902807437505,False
PID1,NEUTRAL,-0.015663416599446468,0.13750352374993502,-0.02259753345139929,0.11490599029853574,0.034631776374974554,0.034631776374974554,False
VPS13B,DCG,-0.8528600727348974,1.20945336562895,-1.230416997506837,-0.02096363187788719,-0.10135592703393709,-1.1731876876804634,True
HNRNPABP1,DSG,0.08554669527827126,1.3575520046180838,0.12341779304240125,1.480969797660485,1.4014910049473763,0.18064710286877414,False
TNFSF4,DCG,2.0794415416798357,-3.321928094887362,3.0,-0.3219280948873622,-0.40220230881092317,3.057229309826374,True
ABRA,DCG,-1.035543003998984,1.399171093819823,-1.4939727564965941,-0.09480166267677115,-0.16975930099160425,-1.4367434466702165,True
CRCT1,DCG,-0.8717924521905944,1.3923174227787602,-1.2577306474597993,0.1345867753189609,0.052672938318522634,-1.200501337633423,True
PIGU,DCG,-0.758081299557839,1.1210154009613662,-1.0936801314627551,0.027335269498611092,-0.047004066970966554,-1.0364508216363824,True
DNAJC25-GNG10,NEUTRAL,-0.014507155833311481,0.13750352374993502,-0.020929401778121873,0.11657412197181315,0.03629990804825273,0.036299908048252415,False
SOSTDC1,DSG,-0.009624288693335642,1.4918530963296748,-0.013884913569959054,1.4779681827597158,1.3891466727888024,0.043344396256412544,False
ZMAT5,NEUTRAL,0.0677466287886277,0.13750352374993502,0.09773772539029865,0.23524124914023367,0.1549670352166725,0.1549670352166725,False
NTN5,DIG,1.4947664942118275,0.5109619192773794,2.156492208486385,2.6674541277637647,2.5807371674493838,2.2137215183127568,True
RASGRF2-AS1,NEUTRAL,-0.08739599306325813,0.13750352374993502,-0.12608576578592876,0.011417757964006264,-0.06885645595955495,-0.06885645595955528,False
ZNF622,DCG,-1.000227261645452,1.3785116232537298,-1.4430229101378411,-0.06451128688411134,-0.14309648676446193,-1.3857936003114695,True
SEC14L5,DCG,-0.9292805886450407,1.1375035237499351,-1.340668496832577,-0.20316497308264192,-0.27659390543943085,-1.2834391870062036,True
SMARCC2,DIG,-0.9381272172268575,0.45943161863729726,-1.3534314840161508,-0.8939998653788535,-0.9701493079932973,-1.296202174189777,True
LMO2,DIG,-1.1135096488442855,0.45943161863729726,-1.606454848369662,-1.1470232297323646,-1.2225201593041113,-1.5492255385432891,True
LYRM9,DSG,0.018620712871057984,1.371558862611963,0.026864010116892646,1.3984228727288557,1.314701824001609,0.08409331994326621,False
RBBP6,DCG,0.7983502383127434,-0.7369655941662062,1.151775929706317,0.4148103355401108,0.3345361216165482,1.2090052395326896,True
PPP1R7,NEUTRAL,0.058168132720676405,0.13750352374993502,0.0839188766138909,0.22142240036382593,0.14114818644026317,0.14114818644026317,False
KLHL2,NEUTRAL,-0.0007203525010541724,0.13750352374993502,-0.0010392489809628164,0.13646427476897222,0.05619006084541164,0.05619006084541164,False
SNX2,NEUTRAL,-0.02036991328167211,0.13750352374993502,-0.029387572874806586,0.10811595087512843,0.027841736951568167,0.027841736951568167,False
OR13A1,DIG,-1.263479679939941,0.5109619192773794,-1.8228158685133278,-1.3118539492359482,-1.386589720570319,-1.7655865586869468,True
SELL,DCG,-0.8022637758516311,1.1292830169449666,-1.1574219709060032,-0.028138953961036606,-0.11142172630575026,-1.1001926610796313,True
ATP4B,DIG,1.1658936525010908,0.405992359675837,1.682028990667244,2.088021350343081,2.0153694696457287,1.7392583004936157,True
TXN2,NEUTRAL,0.02152772050546902,0.13750352374993502,0.031057935614883805,0.1685614593648188,0.08828724544125774,0.08828724544125774,False
EPDR1,DSG,0.006997289343475882,1.0959244199985356,0.010094954635497845,1.1060193746340334,1.0303554230816527,0.06732426446187001,False
AXIN2,DCG,-0.7718232586624868,1.0789513413948222,-1.1135055877151294,-0.034554246320307236,-0.11531253005790876,-1.0562762778887562,True
FAM117A,DSG,0.053989247253320403,1.399171093819823,0.07789001927369343,1.4770611130935163,1.3916727158192592,0.135119329100065,False
RPS3AP53,DIG,1.5488839376024341,0.3923174227787603,2.2345671756916023,2.6268845984703626,2.5466936582401836,2.2917964855179735,True
LINC01544,NEUTRAL,-0.05902391050328945,0.13750352374993502,-0.08515350297696969,0.05235002077296533,-0.027924193150596032,-0.02792419315059587,False
ITGBL1,DIG,-1.4113619452667105,0.405992359675837,-2.036164879335684,-1.630172519659847,-1.7114424501436911,-1.9789355695093112,True
THEM7P,DIG,1.161029588446443,0.523561956057013,1.6750116295770374,2.1985735856340503,2.11787082890924,1.7322409394034075,True
ITPRIP-AS1,NEUTRAL,0.07863752825076128,0.13750352374993502,0.11344997203513907,0.2509534957850741,0.1706792818615119,0.17067928186151218,False
ANKH,DCG,-0.9034234565242942,1.2555007331483865,-1.3033645405503653,-0.04786380740197882,-0.12048963197129321,-1.2461352307239917,True
NPAS2,DIG,-1.3842924016462153,0.3923174227787603,-1.9971117829952678,-1.6047943602165076,-1.6852190943486156,-1.9398824731688953,True
NMD3,DSG,-0.047866423268749354,-3.321928094887362,-0.06905665147491678,-3.390984746362279,-3.47125896028584,-0.011827341648542664,False
AIMP1,NEUTRAL,-0.01875054963341186,0.13750352374993502,-0.02705132497006566,0.11045219877986936,0.0301779848563082,0.0301779848563082,False
CNDP1,NEUTRAL,-0.05230562521735333,0.13750352374993502,-0.07546106611167236,0.06204245763826266,-0.018231756285298155,-0.018231756285298314,False
SNORD116-21,NEUTRAL,-0.008645576497595158,0.13750352374993502,-0.012472930338706709,0.1250305934112283,0.0447563794876668,0.044756379487667114,False
EFCAB13,DIG,-1.3071002802483997,0.4724877714627438,-1.8857470922589408,-1.413259320796197,-1.5054060464643864,-1.8285177824325693,True
TGFA,DIG,0.6395694634598267,0.5728896684205812,0.9227036932375071,1.4955933616580883,1.4191323566119656,0.9799330030638794,True
C4BPB,DCG,-1.0092439833874634,1.4594316186372973,-1.4560312898801167,0.0034003287571806595,-0.07863846236627953,-1.398801980053744,True
TCF12,NEUTRAL,0.02436640490395883,0.13750352374993502,0.03515329151923392,0.17265681526916893,0.09238260134560614,0.09238260134560644,False
RBX1,NEUTRAL,0.06139969423523676,0.13750352374993502,0.08858103438527475,0.22608455813520978,0.1458103442116473,0.1458103442116473,False
EXOC7,DCG,-0.9220995854662235,1.20945336562895,-1.3303084991578895,-0.12085513352893962,-0.201319129080216,-1.2730791893315174,True
RIPK1,DIG,1.0857934911544334,0.53605290024021,1.5664688851180157,2.102521785358226,2.0176140576898143,1.6236981949443876,True
RERGL,DSG,0.061750445127345795,1.1618876823768942,0.08908706095790783,1.250974743334802,1.1719017238307685,0.14631637078428167,False
RGS8,DCG,-1.0630025597834494,1.4724877714627438,-1.5335885214518563,-0.061100749989112524,-0.14573568138937873,-1.476359211625479,True
TEX30,DIG,-1.0251777912984628,0.4724877714627438,-1.479018915535793,-1.0065311440730491,-1.0676230875294275,-1.42178960570942,True
POLH-AS1,DSG,0.04239461655220413,1.3645724322958561,0.06116250306025407,1.4257349353561102,1.3450647882461362,0.11839181288662677,False
UBAP1,DIG,-0.9891339740491332,0.4195388915137848,-1.427018679135477,-1.0074797876216923,-1.0846275818977151,-1.369789369309105,True
SLX4,DCG,-0.8589236583149391,1.2927817492278462,-1.2391649023531692,0.05361684687467694,-0.028615403356285832,-1.1819355925267963,True
PCIF1,DCG,0.8569352081618384,-0.7369655941662062,1.236296175178236,0.49933058101202976,0.41905636708846694,1.2935254850046083,True
BRMS1,DSG,0.07366487833881746,1.1937717433966801,0.10627595466710077,1.300047698063781,1.2183571864539322,0.16350526449347416,False
KRT75,DIG,0.9982110864981553,0.5849625007211562,1.4401141842512728,2.025076684972429,1.9485050878470385,1.4973434940776453,True
EXD3,NEUTRAL,-0.014296693462252447,0.13750352374993502,-0.02062576875910127,0.11687775499083375,0.036603541067271934,0.03660354106727162,False
SPTBN4,DSG,-0.06391643078788095,-0.7369655941662062,-0.09221191772899852,-0.8291775118952047,-0.9094517258187665,-0.03498260790262542,False
KPNA6,NEUTRAL,0.013757599544986116,0.13750352374993502,0.01984802063808773,0.15735154438802273,0.07707733046446165,0.07707733046446105,False
UBQLN1,NEUTRAL,-0.04962728699172672,0.13750352374993502,-0.07159704083573751,0.06590648291419751,-0.0143677310093646,-0.01436773100936476,False
ZNF100,DIG,1.145431876085494,0.45943161863729726,1.652508887304684,2.1119405059419813,2.0248198577119383,1.7097381971310568,True
DOCK4,DIG,-1.3205170957590482,0.45943161863729726,-1.9051034654606753,-1.445671846823378,-1.525773622943501,-1.847874155634302,True
TMEM216,DIG,-1.585006758844382,0.6553518286125543,-2.286681390760279,-1.6313295621477248,-1.7208060573822956,-2.2294520809339082,True
BTF3P12,DCG,-0.8395461451045028,1.20945336562895,-1.2112090601397123,-0.0017556945107624067,-0.07784605163034511,-1.153979750313338,True
RAMP3,DSG,0.03855948926007053,1.232660756790275,0.055629583934715,1.28829034072499,1.202998489224887,0.11285889376108711,False
LINC01187,DIG,-0.655106277626187,0.4724877714627438,-0.9451185779865284,-0.47263080652378464,-0.5578481851335588,-0.8878892681601478,True
RAET1K,DIG,-1.3180920693517069,0.4195388915137848,-1.9016048918887791,-1.4820660003749944,-1.5615194383950157,-1.8443755820624008,True
ATF7IP2,DCG,-0.9657416948388701,1.1699250014423124,-1.3932707539237406,-0.22334575248142818,-0.3070045530098726,-1.3360414440973678,True
TOR1A,NEUTRAL,-0.020135123201509297,0.13750352374993502,-0.029048842390505772,0.10845468135942925,0.02818046743586781,0.02818046743586844,False
INPP1,NEUTRAL,0.008702316024281107,0.13750352374993502,0.012554788172478912,0.15005831192241392,0.06978409799885356,0.06978409799885356,False
POFUT1,DCG,0.8706489731873754,-0.7369655941662062,1.2560809559724946,0.5191153618062884,0.4388411478827259,1.3133102657988671,True
TBX2,DCG,-0.8611618622753839,1.3219280948873624,-1.242393948107401,0.07953414677996151,0.00031904817814001944,-1.1851646382810288,True
SGSM2,NEUTRAL,-0.050120707706979684,0.13750352374993502,-0.07230889645470484,0.06519462729523018,-0.015079586628330264,-0.01507958662832994,False
ORMDL1,NEUTRAL,-0.03699504513040192,0.13750352374993502,-0.05337256814709425,0.08413095560284077,0.0038567416792794967,0.0038567416792794967,False
ARPP21,NEUTRAL,0.0007043482059698304,0.13750352374993502,0.0010161596638117126,0.13851968341374674,0.05824546949018497,0.058245469490185275,False
ZNF236-DT,NEUTRAL,0.03678472008927728,0.13750352374993502,0.053069133253288964,0.19057265700322398,0.11029844307966367,0.11029844307966367,False
TSPYL5,DCG,-0.8927854063191645,1.5235619560570128,-1.288017078274697,0.23554487778231592,0.15527126442295208,-1.230787768448325,True
TTC5,DIG,0.822540914879022,0.4462562298895641,1.1866756988242362,1.6329319287138002,1.5565785075132261,1.2439050086506094,True
ACOT12,NEUTRAL,-0.02172715194141086,0.13750352374993502,-0.03134565435851446,0.10615786939142055,0.02588365546785947,0.02588365546785978,False
COL9A3,DCG,-0.8377638504463317,1.1043366598147357,-1.208637752474966,-0.10430109266023035,-0.18591965357679302,-1.1514084426485918,True
BLNK,NEUTRAL,0.02830693691518069,0.13750352374993502,0.040838277510287915,0.17834180126022292,0.09806758733666172,0.09806758733666113,False
HMGN1P36,DIG,-1.0573737701013073,0.405992359675837,-1.525467894491223,-1.119475534815386,-1.2035318761442273,-1.4682385846648502,True
SEMA4G,NEUTRAL,-0.03482549493235041,0.13750352374993502,-0.05024256883540567,0.08726095491452934,0.00698674099096715,0.006986740990967789,False
KCNS1,DCG,0.9639182837571983,-0.7369655941662062,1.3906401277987108,0.6536745336325046,0.5734003197089431,1.447869437625084,True
ANGPTL5,NEUTRAL,-0.0018254109733229777,0.13750352374993502,-0.002633511358797356,0.13487001239113766,0.05459579846757612,0.05459579846757612,False
ATRAID,DIG,-0.701974899875235,0.4854268271702419,-1.012735706878528,-0.5273088797082862,-0.5977905001059444,-0.9555063970521568,True
UNC80,NEUTRAL,-0.006164331805690012,0.13750352374993502,-0.00889325092646309,0.12861027282347193,0.048336058899910814,0.048336058899910814,False
CATSPER3,NEUTRAL,-0.01132398160538571,0.13750352374993502,-0.01633705210520781,0.12116647164472721,0.04089225772116499,0.04089225772116468,False
POLR2C,NEUTRAL,0.029775201316316426,0.13750352374993502,0.04295653528052024,0.18046005903045526,0.10018584510689532,0.10018584510689532,False
SERTAD2,DIG,-0.8599207129989854,0.4724877714627438,-1.2406033482013379,-0.7681155767385941,-0.8387899794096068,-1.183374038374965,True
COL19A1,DIG,1.1658790933330452,0.4724877714627438,1.6820079862277053,2.154495757690449,2.0759747961862036,1.7392372960540778,True
SLC22A5,NEUTRAL,0.024481025240996285,0.13750352374993502,0.03531865371106288,0.1728221774609979,0.09254796353743697,0.09254796353743697,False
TIGAR,DSG,-0.08988126469582992,1.3923174227787602,-0.1296712548455021,1.2626461679332581,1.1798680919148432,-0.07244194501912893,False
RNA5SP203,DSG,0.013960144192265204,-3.321928094887362,0.020140230796275874,-3.3017878640910863,-3.382062078014574,0.07736954062264974,False
RPL21P88,DIG,-1.5717183978746456,0.45943161863729726,-2.267510338287698,-1.8080787196504007,-1.8843398713709227,-2.210281028461287,True
FOXRED1,NEUTRAL,0.018808237182463928,0.13750352374993502,0.02713455051100412,0.16463807426093913,0.08436386033737753,0.08436386033737753,False
ACVR2B,NEUTRAL,-0.01230239519094052,0.13750352374993502,-0.01774860453302612,0.1197549192169089,0.03948070529334624,0.03948070529334593,False
SDC1,DIG,0.6279661777922035,0.5484366246960424,0.9059636905468091,1.4544003152428515,1.3874837876583945,0.9631930003731806,True
APP,DIG,-1.6432685072687065,0.49825086752782544,-2.3707353262855726,-1.8724844587577472,-1.9581339570593894,-2.3135060164591987,True
CLOCK,DIG,-1.3317858345576874,0.30742852519224734,-1.921360819042545,-1.6139322938502978,-1.6982584722657135,-1.8641315092161712,True
IGBP1P3,NEUTRAL,0.07570648055386854,0.13750352374993502,0.1092213640582229,0.24672488780815793,0.16645067388459608,0.16645067388459608,False
FARSA,DIG,1.5236910351505115,0.4195388915137848,2.1982215002586143,2.617760391772399,2.5433216873901263,2.2554508100849864,True
TMTC3,DIG,1.6750198987840281,0.523561956057013,2.416542901366051,2.940104857423064,2.857396586859007,2.473772211192422,True
FABP4,DCG,-0.9967458502143607,1.3923174227787602,-1.4380002951309117,-0.045682872352151405,-0.12339662893681075,-1.3807709853045378,True
ARAP2,NEUTRAL,0.006879701067911396,0.13750352374993502,0.009925310613474278,0.1474288343634093,0.06715462043984712,0.06715462043984681,False
GRXCR2,DIG,-1.0113592343834463,0.4724877714627438,-1.459082952002257,-0.9865951805395132,-1.0818605395744791,-1.4018536421758698,True
TMA16P2,NEUTRAL,0.033433144569906155,0.13750352374993502,0.04823383187232738,0.1857373556222624,0.10546314169870057,0.10546314169870087,False
PRKCE,DIG,-1.1230867664205406,0.560714954474479,-1.6202717084029357,-1.0595567539284567,-1.12467881849954,-1.5630423985765631,True
HYI-AS1,DIG,1.0443569628685145,0.4462562298895641,1.5066886112482654,1.9529448411378294,1.8794468481080955,1.563917921074638,True
ELAVL4,DIG,1.3579473892991523,0.3645724322958561,1.9591039643300017,2.323676396625858,2.2459501360077314,2.016333274156374,True
SRP54,DIG,1.3078354399974974,0.5484366246960424,1.8868077035832251,2.4352443282792677,2.3540546533943196,1.944037013409597,True
MAS1L,DSG,0.02351210958546334,1.399171093819823,0.03392080389978582,1.4330918977196088,1.352569257585443,0.09115011372616012,False
PEX16,DIG,1.5095143055557918,0.49825086752782544,2.1777688027762885,2.6760196703041137,2.599585481519206,2.2349981126026606,True
FBXO32,DCG,-1.1154343898788674,1.485426827170242,-1.6092316627152488,-0.12380483554500676,-0.20590722493253705,-1.5520023528888758,True
TERF1,DCG,-0.9578378163018564,1.399171093819823,-1.3818678675546021,0.01730322626522085,-0.06460615075351346,-1.3246385577282282,True
AK3P3,DSG,-0.0636214368101999,1.3645724322958561,-0.09178633138030595,1.2727861009155501,1.1926696030130581,-0.034557021553932005,False
NEFL,NEUTRAL,0.045447525973743484,0.13750352374993502,0.06556692034299208,0.2030704440929271,0.12279623016936618,0.12279623016936587,False
PRKD3,DIG,-1.0268794424935204,0.49825086752782544,-1.4814738792762254,-0.9832230117484,-1.056508926404448,-1.4242445694498527,True
TRPC6,NEUTRAL,0.025510549747149572,0.13750352374993502,0.03680394361056389,0.1743074673604989,0.09403325343693782,0.09403325343693782,False
CALM2P2,DIG,1.064539037324262,0.5484366246960424,1.5358051899804241,2.0842418146764663,2.0047354813589946,1.5930344998067971,True
S100PBP,NEUTRAL,-0.0007215953211609567,0.13750352374993502,-0.001041041991367591,0.13646248175856743,0.05618826783500513,0.05618826783500482,False
IGHMBP2,DCG,-1.1376721583975253,1.399171093819823,-1.641313981077553,-0.24214288725773003,-0.3226506260640028,-1.5840846712511794,True
TET2-AS1,NEUTRAL,-0.022243423209107466,0.13750352374993502,-0.03209047635617381,0.1054130473937612,0.02513883347019992,0.025138833470200236,False
HDHD3,NEUTRAL,-0.02106683915911434,0.13750352374993502,-0.03039302438205968,0.10711049936787534,0.02683628544431321,0.02683628544431321,False
MRPS30,DSG,-0.015935771806148333,1.232660756790275,-0.02299045895746836,1.2096702978328067,1.1285148792494357,0.03423885086890431,False
CDKL2,DIG,-1.5252236792663563,0.4462562298895641,-2.200432638323991,-1.7541764084344271,-1.8375073472299674,-2.1432033284976173,True
CADM3,DCG,-0.7095553658278485,1.1043366598147357,-1.0236720075159913,0.08066465229874442,-0.004761930737792468,-0.9664426976896174,True
SSPOP,DIG,-1.5147209626196576,0.4329594072761063,-2.185280421101937,-1.7523210138258307,-1.833587074217598,-2.1280511112755636,True
SESN1,DIG,1.5488578719742918,0.49825086752782544,2.2345295709391437,2.7327804384669694,2.6465162827967106,2.2917588807655167,True
EFCAB12,DIG,-0.6170775990782674,0.4854268271702419,-0.8902547920338844,-0.4048279648636425,-0.4756018152197337,-0.8330254822075126,True
MTFR1,DCG,-0.9236841836708508,1.2854022188622483,-1.332594591129507,-0.0471923722672587,-0.12649625618019256,-1.2753652813031338,True
RPSAP18,DCG,-0.9628377061787107,1.3854310371935206,-1.3890811838849308,-0.003650146691410283,-0.08201763697158003,-1.331851874058557,True
FOLH1B,NEUTRAL,-0.010709303371771764,0.13750352374993502,-0.01545025886583058,0.12205326488410444,0.0417790509605419,0.0417790509605419,False
CP,DSG,-0.07299668176566608,-0.7369655941662062,-0.10531195078467628,-0.8422775449508825,-0.9225517588744447,-0.048082640958303606,False
CAPNS2,NEUTRAL,-0.0799442457256884,0.13750352374993502,-0.11533516685605937,0.022168356893875654,-0.058105857029685244,-0.058105857029685244,False
TMEM67,DCG,-0.9959119852314766,1.4528589647138113,-1.4367972822553339,0.01606168245847739,-0.06279040337811923,-1.3795679724289607,True
STIMATE,NEUTRAL,0.02597893555292496,0.13750352374993502,0.03747968148977882,0.17498320523971383,0.09470899131615121,0.09470899131615151,False
ADAM28,NEUTRAL,-0.04060821303341917,0.13750352374993502,-0.0585852675626764,0.07891825618725862,-0.0013559577363027376,-0.0013559577363028979,False
SFT2D1,NEUTRAL,0.016250392574424923,0.13750352374993502,0.023444360779621674,0.1609478845295567,0.0806736706059965,0.0806736706059965,False
LSM7,NEUTRAL,0.03451880339768746,0.13750352374993502,0.049800106479264805,0.18730363022919982,0.10702941630563949,0.1070294163056398,False
PPP2R5D,DSG,0.02705101917842126,1.1043366598147357,0.039026371219700595,1.1433630310344363,1.0631075482583976,0.09625568104607278,False
RPS28P4,NEUTRAL,0.008954966918071633,0.13750352374993502,0.01291928636402667,0.1504228101139617,0.0701485961904008,0.0701485961904005,False
MTFR2,DIG,1.2055413198149612,0.4854268271702419,1.7392284836837804,2.2246553108540223,2.135508163224437,1.7964577935101518,True
BAG3,NEUTRAL,0.034083839678716754,0.13750352374993502,0.04917258647893914,0.18667611022887415,0.10640189630531315,0.10640189630531285,False
ATRIP,NEUTRAL,0.04083991317038841,0.13750352374993502,0.05891954020125522,0.19642306395119025,0.11614885002762995,0.11614885002762966,False
ZSWIM9,DIG,1.476413043571721,0.53605290024021,2.130013776264703,2.6660666765049132,2.5808325266581775,2.1872430860910757,True
CES3,NEUTRAL,-0.06667190825859265,0.13750352374993502,-0.09618723141127554,0.04131629233865948,-0.03895792158490318,-0.038957921584902855,False
EPPIN,DCG,-0.8784619348283069,1.1699250014423124,-1.2673526769865222,-0.09742767554420984,-0.1781450217242545,-1.2101233671601468,True
AMOTL2,DIG,-1.1417274196481781,0.5109619192773794,-1.647164486373379,-1.1362025670959994,-1.2152948298003539,-1.5899351765470078,True
ZNF300,DIG,1.3078103833790067,0.4724877714627438,1.886771554523987,2.3592593259867307,2.2714292379448584,1.9440008643503597,True
PRIM1,DIG,1.5066307176924618,0.5484366246960424,2.1736086648658945,2.7220452895619367,2.640660536496754,2.2308379746922657,True
ZRSR2P1,NEUTRAL,-0.04724682672899685,0.13750352374993502,-0.06816276261966388,0.06934076113027114,-0.010933452793291597,-0.010933452793291274,False
TRDN,DIG,-1.5539555710737103,0.4854268271702419,-2.241883996149819,-1.7564571689795772,-1.8390142469915225,-2.184654686323446,True
SCYL2P1,NEUTRAL,-0.018051742422209187,0.13750352374993502,-0.02604315927192612,0.1114603644780089,0.031186150554448087,0.031186150554448087,False
KIAA1671-AS1,NEUTRAL,0.048788512459951396,0.13750352374993502,0.07038694497832128,0.20789046872825628,0.127616254804696,0.1276162548046954,False
NPAS2-AS1,NEUTRAL,-0.01878063959744019,0.13750352374993502,-0.02709473561194986,0.11040878813798516,0.03013457421442363,0.03013457421442363,False
CORO2A,NEUTRAL,-0.023389762868911815,0.13750352374993502,-0.03374429489854789,0.10375922885138714,0.02348501492782721,0.023485014927826578,False
HINT1P1,DSG,-0.11707317053129802,1.20945336562895,-0.1689008825466516,1.0405524830822983,0.9571111713840257,-0.11167157272027788,False
PPP3CC,NEUTRAL,0.04548183768302079,0.13750352374993502,0.06561642167581087,0.2031199454257459,0.1228457315021843,0.1228457315021843,False
MZT1,NEUTRAL,0.008802973860172215,0.13750352374993502,0.01270000673314563,0.15020353048308066,0.06992931655951942,0.06992931655951942,False
LINC02848,DSG,-0.012332254239823119,1.1699250014423124,-0.017791682034774707,1.1521333194075376,1.0720478054691749,0.03943762779160009,False
TPSP2,DCG,-0.8967206481463332,1.3001237245690138,-1.293694432143452,0.006429292425561783,-0.07200993526329254,-1.2364651223170782,True
LINC01070,DIG,-1.3970086648341105,0.3923174227787603,-2.015457472835083,-1.623140050056323,-1.6949262040614426,-1.958228163008706,True
RPL7AP3,DIG,-1.4567476381491649,0.49825086752782544,-2.1016425933845104,-1.603391725856685,-1.6787990197187548,-2.044413283558112,True
LRRIQ3,NEUTRAL,0.008707359623185409,0.13750352374993502,0.012562064547606383,0.1500655882975414,0.06979137437398077,0.06979137437398016,False
DDX18P3,DSG,-0.08595217954168742,1.0789513413948222,-0.12400278317839027,0.9549485582164319,0.8772454366104343,-0.0667734733520159,False
SPON1-AS1,DIG,-0.8349471739419599,0.4724877714627438,-1.2045741472503204,-0.7320863757875766,-0.8074108530090238,-1.147344837423947,True
LIN28A,NEUTRAL,-0.028083091181030747,0.13750352374993502,-0.04051533637970564,0.09698818737022938,0.01671397344666735,0.01671397344666735,False
HNRNPKP1,NEUTRAL,-0.0037653102551608673,0.13750352374993502,-0.005432194432528941,0.1320713293174061,0.05179711539384355,0.05179711539384355,False
GTPBP1,NEUTRAL,-0.014761772756544014,0.13750352374993502,-0.021296736350595855,0.11620678739933916,0.03593257347577879,0.03593257347577879,False
ZNF730,DIG,-1.396365994144543,0.5969351423872323,-2.0145302950183197,-1.4175951526310873,-1.5088967666367885,-1.9573009851919463,True
PBX1-AS1,DCG,-0.9242155581417092,1.2630344058337937,-1.3333612024434693,-0.07032679660967567,-0.14911461825050246,-1.2761318926170873,True
ZNF594,NEUTRAL,0.06543787821117614,0.13750352374993502,0.09440690238155977,0.2319104261314948,0.15163621220793289,0.15163621220793316,False
DHX40,DCG,2.0794415416798357,-3.321928094887362,3.0,-0.3219280948873622,-0.40220230881092334,3.057229309826374,True
GRM7,DIG,1.5423010484626984,0.4195388915137848,2.225070074174984,2.644608965688769,2.5630813217002424,2.2822993840013583,True
PDGFRL,NEUTRAL,0.025581735168425022,0.13750352374993502,0.036906642464821574,0.17441016621475658,0.09413595229119465,0.09413595229119434,False
MYH2,NEUTRAL,0.04071199933396143,0.13750352374993502,0.05873499954378093,0.19623852329371594,0.11596430937015434,0.11596430937015434,False
TMX2,DIG,1.4986384016319203,0.5109619192773794,2.162078190120134,2.6730401093975136,2.586077249585845,2.2193074999465057,True
ZNF823,DIG,1.6502820595597147,0.3923174227787603,2.3808537433948254,2.7731711661735856,2.693508047277147,2.438083053221198,True
PREX2,DCG,-0.9994023709399905,1.3785116232537298,-1.4418328444077966,-0.0633212211540668,-0.14419607132899298,-1.3846035345814225,True
NME9,DSG,0.07252805507033727,-0.7369655941662062,0.10463586537529723,-0.632329728790909,-0.7126039427144699,0.16186517520167093,False
OSBPL7,DIG,-0.6935380595490582,0.4462562298895641,-1.0005639191791809,-0.5543076892896168,-0.6407082941305714,-0.943334609352807,True
CNNM3-DT,DIG,-1.2680547867545695,0.5109619192773794,-1.8294163524263296,-1.31845443314895,-1.3909058377585712,-1.7721870425999537,True
CCR5,NEUTRAL,0.021167539156249873,0.13750352374993502,0.030538303768544647,0.16804182751847968,0.0877676135949194,0.0877676135949194,False
CATSPERE,DCG,-0.858836884763021,1.2555007331483865,-1.2390397145801366,0.016461018568249886,-0.06315823924629266,-1.1818104047537625,True
RHBDF1P1,DIG,-1.5852892269636294,0.405992359675837,-2.2870889061151267,-1.8810965464392897,-1.956206615318301,-2.2298595962887457,True
PDZRN3,NEUTRAL,0.021639551744414526,0.13750352374993502,0.031219273988726953,0.16872279773866197,0.08844858381510018,0.08844858381509989,False
CZIB,NEUTRAL,0.004837637260701853,0.13750352374993502,0.006979235285634234,0.14448275903556926,0.06420854511200677,0.06420854511200708,False
NCAM1-AS1,NEUTRAL,0.028301824427004872,0.13750352374993502,0.04083090174895006,0.17833442549888506,0.09806021157532363,0.09806021157532332,False
CABLES1,NEUTRAL,0.02816817720877113,0.13750352374993502,0.04063808956997564,0.17814161331991066,0.09786739939634902,0.09786739939634932,False
C1orf167-AS1,NEUTRAL,0.03024166021319063,0.13750352374993502,0.04362949321781919,0.18113301696775422,0.10085880304419315,0.10085880304419315,False
DDX19A,NEUTRAL,0.0012042129824377547,0.13750352374993502,0.001737312097937057,0.13924083584787209,0.0589666219243113,0.0589666219243116,False
RAB11A,NEUTRAL,0.0016667464541960623,0.13750352374993502,0.0024046068438879228,0.13990813059382295,0.05963391667026182,0.059633916670262126,False
RTN4,DIG,-1.6245451586869462,0.5484366246960424,-2.3437232441378315,-1.7952866194417891,-1.8705840627787143,-2.286493934311458,True
FILNC1,DIG,-1.626141419299448,0.5109619192773794,-2.3460261614074542,-1.8350642421300747,-1.9185341545392873,-2.288796851581062,True
ELOVL2,DSG,-0.02549733678473202,-3.321928094887362,-0.03678488133520864,-3.358712976222571,-3.4389871901461313,0.020444428491166247,False
PLCB4,DSG,-0.015782385606507267,1.145677455195635,-0.02276916944790539,1.1229082857477297,1.0511201056809838,0.034460140378468465,False
PVALEF,DCG,0.8082471658077546,-0.7369655941662062,1.1660541779234073,0.42908858375720105,0.34881436983363845,1.2232834877497767,True
LINC00402,NEUTRAL,-0.0074411423984896705,0.13750352374993502,-0.010735299236849655,0.12676822451308536,0.04649401058952427,0.046494010589524584,False
MORN3,DIG,1.1012376886191364,0.405992359675837,1.5887501522108525,1.9947425118866895,1.9055026135492468,1.6459794620372248,True
LINC02381,DIG,1.091768268699297,0.5109619192773794,1.5750886670524051,2.0860505863297845,2.0136809019209907,1.6323179768787783,True
IFI30,DIG,0.8548637135860777,0.5109619192773794,1.2333076402265575,1.744269559503937,1.6556783167306968,1.2905369500529291,True
TKT,NEUTRAL,-0.024252202823008225,0.13750352374993502,-0.034988532743387285,0.10251499100654773,0.02224077708298562,0.022240777082985937,False
LMNTD2,NEUTRAL,-0.03965187156773707,0.13750352374993502,-0.057205558472740364,0.08029796527719466,2.37513536344335e-05,2.3751353634113163e-05,False
PNKP,DIG,1.4053383018420575,0.6205864104518776,2.027474598838854,2.6480610092907315,2.5579427844129388,2.084703908665226,True
IST1,NEUTRAL,-0.040032932109056944,0.13750352374993502,-0.057755312625981006,0.07974821112395401,-0.0005260027996071747,-0.0005260027996070144,False
MTCO1P2,DIG,1.0678581927606754,0.5109619192773794,1.5405937190684773,2.0515556383458566,1.9831181020675652,1.5978230288948474,True
ZNF804A,NEUTRAL,0.04423113675077357,0.13750352374993502,0.06381204164322261,0.20131556539315765,0.12104135146959588,0.12104135146959588,False
CFAP61-AS1,DSG,-0.009999427260562223,1.3362833878644325,-0.014426124120543032,1.3218572637438895,1.2357464256010473,0.042803185705830395,False
CANX,DIG,1.3816342385758473,0.5484366246960424,1.993276864315774,2.5417134890118165,2.4527295686399935,2.0505061741421455,True
KBTBD2,DSG,0.04709501796204578,1.2016338611696507,0.0679437488644201,1.2695776100340708,1.1858092284426136,0.12517305869079426,False
PGLYRP2,DIG,-0.9656818624384534,0.560714954474479,-1.393184434016375,-0.832469479541896,-0.910940588176949,-1.335955124190002,True
APOB,DIG,0.5806431215266367,0.405992359675837,0.8376909519527664,1.2436833116286035,1.1761220524527045,0.8949202617791381,True
LINC01233,DIG,-0.7225709460525074,0.49825086752782544,-1.0424495205603992,-0.5441986530325738,-0.6310698786260912,-0.9852202107340176,True
TXNDC17,NEUTRAL,0.012442389559086936,0.13750352374993502,0.01795057371370334,0.15545409746363836,0.07517988354007746,0.07517988354007776,False
MX1,DIG,-1.4181691838220032,0.4724877714627438,-2.045985648641553,-1.573497877178809,-1.6546878339056024,-1.9887563388151808,True
RPP25L,DIG,1.4577262656822907,0.5109619192773794,2.1030544544734284,2.614016373750808,2.529910837322968,2.160283764299802,True
MT1L,NEUTRAL,0.028144563458682638,0.13750352374993502,0.040604022129826174,0.1781075458797612,0.09783333195620104,0.09783333195620134,False
WFDC10B,DCG,-1.0103973053333004,1.3923174227787602,-1.4576951817319244,-0.06537775895316411,-0.14608796601917431,-1.400465871905543,True
NFIX,DIG,-0.5608546904438964,0.5849625007211562,-0.809142280562724,-0.22417977984156778,-0.3019295062394107,-0.7519129707363527,True
FIG4,DIG,-1.7093644695387646,0.4724877714627438,-2.4660916432753694,-1.9936038718126257,-2.0734520278479986,-2.4088623334489965,True
RPL7AP34,DIG,-1.3769071533488377,0.53605290024021,-1.9864571219009077,-1.4504042216606976,-1.5342957165080584,-1.929227812074535,True
GRAMD2B,DIG,-1.1970370134466424,0.4195388915137848,-1.7269593630600064,-1.3074204715462217,-1.39703440695203,-1.6697300532336343,True
KCNK6,DSG,-0.00964703894624305,1.4262647547020981,-0.01391773524700754,1.4123470194550907,1.3320815247697204,0.0433115745793656,False
AASDHPPT,NEUTRAL,-0.01578736716003214,0.13750352374993502,-0.02277635631047165,0.11472716743946337,0.03445295351590257,0.03445295351590226,False
CYCSP34,NEUTRAL,0.05799600069469675,0.13750352374993502,0.08367054259363188,0.2211740663435669,0.1408998524200054,0.140899852420006,False
IRAK1BP1,DIG,1.7267918219139786,0.4195388915137848,2.4912339981229152,2.9107728896367,2.821982026119385,2.548463307949288,True
ARHGEF7-AS2,DIG,-1.537892826383284,0.4462562298895641,-2.2187103540418756,-1.7724541241523115,-1.8484476966304173,-2.1614810442155017,True
INS,NEUTRAL,0.01771107765217462,0.13750352374993502,0.025551683897591666,0.16305520764752668,0.08278099372396544,0.08278099372396544,False
FBXO30,DIG,1.429258464334834,0.49825086752782544,2.0619840986444404,2.560234966172266,2.4841925718274496,2.119213408470814,True
BRIX1,DCG,-0.9179671214668357,1.0789513413948222,-1.3243466138393205,-0.24539527244449832,-0.32087236132334435,-1.2671173040129475,True
IFI27L1,NEUTRAL,0.02981760297065531,0.13750352374993502,0.04301770793696044,0.18052123168689546,0.10024701776333497,0.10024701776333528,False
PXK,NEUTRAL,0.013696710413368592,0.13750352374993502,0.01976017618985909,0.1572636999397941,0.07698948601623236,0.07698948601623266,False
XYLB,NEUTRAL,-0.010697953350279817,0.13750352374993502,-0.015433884246110164,0.12206963950382485,0.04179542558026425,0.04179542558026425,False
IFI44L,NEUTRAL,-0.012034928557641305,0.13750352374993502,-0.017362731747562078,0.12014079200237295,0.039866578078811624,0.039866578078811624,False
SMARCA5,NEUTRAL,-0.021002972683023095,0.13750352374993502,-0.030300884533723788,0.10720263921621123,0.026928425292649487,0.026928425292649487,False
DLEC1,NEUTRAL,-0.0492376273039636,0.13750352374993502,-0.07103488073656732,0.0664686430133677,-0.013805570910193058,-0.013805570910193219,False
GATAD1,DSG,-0.015479342784881922,1.3854310371935206,-0.022331971071969506,1.363099066121551,1.283379175428082,0.0348973387544033,False
GALNT12,NEUTRAL,-0.03663692769135751,0.13750352374993502,-0.052855913893729026,0.084647609856206,0.004373395932643738,0.004373395932643738,False
DSG4,NEUTRAL,0.017923402118744616,0.13750352374993502,0.025858003352571598,0.16336152710250662,0.08308731317894476,0.08308731317894476,False
VWA8-AS1,NEUTRAL,0.014469561832997932,0.13750352374993502,0.020875165100302337,0.15837868885023737,0.0781044749266758,0.0781044749266758,False
CACFD1,NEUTRAL,0.011888932314776685,0.13750352374993502,0.017152103691992868,0.1546556274419279,0.07438141351836763,0.07438141351836763,False
LDHAP5,NEUTRAL,0.08066961586836778,0.13750352374993502,0.11638165476371183,0.25388517851364684,0.17361096459008638,0.17361096459008551,False
RPL18AP3,NEUTRAL,0.01836195808082119,0.13750352374993502,0.02649070586421176,0.16399422961414678,0.08372001569058446,0.08372001569058446,False
PGAM1P5,DIG,0.8927420466188873,0.5109619192773794,1.2879545234501326,1.7989164427275122,1.7213917476438176,1.3451838332765065,True
NCOA5,DCG,0.8880710741801747,-0.7369655941662062,1.2812157346766728,0.5442501405104666,0.4639759265869049,1.338445044503046,True
SGCE,DSG,-0.0576969549886863,1.20945336562895,-0.08323911083657147,1.1262142547923784,1.0519519796253511,-0.026009801010197345,False
SOS2,DIG,-1.247185172852315,0.4195388915137848,-1.7993078639442794,-1.3797689724304947,-1.451551758061337,-1.7420785541179076,True
FMO4,DCG,-0.949467014163281,1.3854310371935206,-1.3697913528210168,0.015639684372503737,-0.06284940223444833,-1.3125620429946434,True
TSPYL4,DIG,-1.4610248031239792,0.4195388915137848,-2.107813238082739,-1.6882743465689543,-1.7744903705964297,-2.050583928256367,True
KIAA0232,NEUTRAL,0.012428003191467548,0.13750352374993502,0.017929818572482444,0.15543334232241746,0.07515912839885702,0.07515912839885733,False
ADGRL3-AS1,NEUTRAL,0.017872848899906778,0.13750352374993502,0.025785070474453272,0.1632885942243883,0.08301438030082625,0.08301438030082625,False
GRM4,DSG,-0.023120538453904278,1.2479275134435854,-0.033355886170130286,1.2145716272734552,1.1391382836883248,0.023873423656242634,False
DDX46,NEUTRAL,0.037999149966995986,0.13750352374993502,0.05482118521538113,0.19232470896531614,0.1120504950417551,0.1120504950417551,False
EIF2S2P4,NEUTRAL,0.03097885791000476,0.13750352374993502,0.04469304467916771,0.18219656842910273,0.10192235450554217,0.10192235450554248,False
ZNF621,NEUTRAL,0.061269778910754476,0.13750352374993502,0.08839360619090868,0.2258971299408437,0.14562291601728164,0.14562291601728194,False
PPP1CC,NEUTRAL,-0.0008230945058575458,0.13750352374993502,-0.0011874743617836332,0.1363160493881514,0.05604183546458971,0.05604183546459002,False
CEP97,DIG,0.8873411674438266,0.608809242675524,1.280162701847832,1.8889719445233562,1.8156645561541285,1.337392011674205,True
CFDP1,NEUTRAL,-0.010184097988054135,0.13750352374993502,-0.014692547663292971,0.12281097608664204,0.04253676216308091,0.042536762163081214,False
SPACA6,DSG,-0.016942482334424674,1.232660756790275,-0.024442835244223346,1.2082179215460516,1.1261477223923317,0.03278647458214886,False
CHML,DCG,-0.9826501766873781,1.3645724322958561,-1.417664536835544,-0.053092104539687934,-0.13329584384202223,-1.3604352270091697,True
KYNU,NEUTRAL,-0.039624758297377195,0.13750352374993502,-0.05716644229204988,0.08033708145788514,6.28675343243424e-05,6.28675343243424e-05,False
MRRF,NEUTRAL,0.0342312835441393,0.13750352374993502,0.049385303012393744,0.18688882676232876,0.10661461283876782,0.10661461283876782,False
LPAR1,NEUTRAL,0.020115051983458032,0.13750352374993502,0.029019885743758612,0.16652340949369362,0.08624919557013226,0.08624919557013257,False
ECT2L,DIG,-1.0921514360632094,0.4462562298895641,-1.5756414607081521,-1.129385230818588,-1.218893024475815,-1.5184121508817794,True
NBPF22P,NEUTRAL,0.009717267879912539,0.13750352374993502,0.01401905418133943,0.15152257793127444,0.07124836400771249,0.07124836400771249,False
NETO2,NEUTRAL,-0.02194156204098318,0.13750352374993502,-0.03165498274588396,0.10584854100405106,0.025574327080490716,0.025574327080490716,False
ORAI1,DIG,1.1272451802088392,0.3923174227787603,1.6262710313532784,2.018588454132039,1.933918093708251,1.6835003411796523,True
TAS2R15P,DSG,-0.05244535927404729,1.1699250014423124,-0.07566265974230803,1.0942623417000044,1.0187226544314751,-0.0184333499159344,False
RPS10P3,NEUTRAL,0.025805671632029802,0.13750352374993502,0.0372297144903384,0.17473323824027343,0.09445902431671223,0.09445902431671223,False
TNFRSF10D,NEUTRAL,0.014530942807043751,0.13750352374993502,0.020963719127163175,0.15846724287709818,0.07819302895353633,0.07819302895353633,False
LINC00466,NEUTRAL,-0.04710344390313586,0.13750352374993502,-0.06795590492784559,0.06954761882208943,-0.010726595101471293,-0.010726595101471455,False
EPHA5-AS1,NEUTRAL,0.022662997089551207,0.13750352374993502,0.03269579351277654,0.17019931726271156,0.08992510333914927,0.08992510333914927,False
LINC00365,NEUTRAL,-0.0025929210367630975,0.13750352374993502,-0.0037407943211547907,0.13376272942878023,0.05348851550521873,0.05348851550521873,False
PDCD4,NEUTRAL,-0.02283136037283364,0.13750352374993502,-0.03293869038663589,0.10456483336329914,0.024290619439737985,0.024290619439737673,False
MTCL1,NEUTRAL,0.0064200948673180614,0.13750352374993502,0.009262239027116455,0.14676576277705147,0.06649154885349029,0.06649154885348937,False
MRPS21,DCG,-0.9820247905991845,1.371558862611963,-1.4167622954274661,-0.0452034328155031,-0.11855218845542498,-1.3595329856010945,True
APOC4-APOC2,DIG,-1.1106725058592912,0.560714954474479,-1.6023617162549175,-1.0416467617804384,-1.1135370846816677,-1.5451324064285452,True
RUFY2,DIG,-0.6797533293498516,0.49825086752782544,-0.9806767572807931,-0.48242588975296763,-0.5624824724698053,-0.9234474474544214,True
SYT14,DCG,0.8426623394798457,-0.7369655941662062,1.2157047783114656,0.4787391841452594,0.39846497022169847,1.2729340881378393,True
NUBPL,DIG,-1.292149586249149,0.4724877714627438,-1.864177800168373,-1.3916900287056293,-1.4686842568868443,-1.8069484903420006,True
SCAPER,NEUTRAL,-0.01282972952243564,0.13750352374993502,-0.018509387157964626,0.11899413659197039,0.038719922668409484,0.038719922668409484,False
WDCP,DIG,1.3967572582339496,0.5484366246960424,2.0150947697797843,2.5635313944758265,2.5007004071923644,2.0723240796061555,True
LEO1,NEUTRAL,0.02449001836363955,0.13750352374993502,0.035331628044502426,0.17283515179443745,0.09256093787087596,0.09256093787087627,False
TNRC6A,DCG,-0.8923139159466299,1.2249663650002742,-1.2873368614524143,-0.0623704964521401,-0.1434890804731489,-1.230107551626042,True
FAM78B-AS1,DCG,0.830911161660171,-0.7369655941662062,1.1987514123464165,0.46178581818021025,0.38151160425664854,1.2559807221727877,True
ZBTB49,NEUTRAL,0.0379756181423462,0.13750352374993502,0.05478723596865581,0.19229075971859083,0.11201654579502851,0.1120165457950288,False
FGL1,NEUTRAL,0.019197668903546978,0.13750352374993502,0.02769638172377549,0.1651999054737105,0.08492569155015008,0.08492569155015038,False
SNURF,NEUTRAL,-0.10882387679082418,0.13750352374993502,-0.15699966737643362,-0.019496143626498597,-0.09977035755005995,-0.09977035755006028,False
SNORD107,NEUTRAL,0.06723285133204265,0.13750352374993502,0.09699650120156288,0.2345000249514979,0.1542258110279362,0.1542258110279362,False
ZNF33B,DIG,-0.6564413229048642,0.405992359675837,-0.9470446411894383,-0.5410522815136013,-0.6201205234101383,-0.8898153313630663,True
SNW1,NEUTRAL,-0.02063713218387061,0.13750352374993502,-0.029773088259840153,0.10773043549009487,0.02745622156653468,0.02745622156653468,False
ZFPM2,DCG,-0.913359715184027,1.1937717433966801,-1.3176995316437519,-0.12392778824707174,-0.20838761933989677,-1.260470221817379,True
ZNF860,NEUTRAL,0.024071624078185572,0.13750352374993502,0.03472801268374169,0.17223153643367672,0.09195732251011565,0.09195732251011596,False
FBXO39,NEUTRAL,-0.06249002367730406,0.13750352374993502,-0.09015404726428047,0.047349476485654546,-0.03292473743790679,-0.03292473743790662,False
TET3,DIG,-1.3544273161097657,0.5969351423872323,-1.9540255721961075,-1.357090429808875,-1.42503560072356,-1.8967962623697348,True
ZNF586,DSG,-0.05329784129175566,1.0874628412503395,-0.07689253132170291,1.0105703099286367,0.9281532848159831,-0.019663221495329085,False
CDKN2C,NEUTRAL,-0.06919336913015328,0.13750352374993502,-0.09982493050647163,0.037678593243463385,-0.04259562068009705,-0.04259562068009655,False
WDR83,DIG,1.0033164093620506,0.5969351423872323,1.4474796082291514,2.044414750616384,1.9659347481206384,1.5047089180555229,True
CSRNP1,NEUTRAL,0.04589289490903693,0.13750352374993502,0.06620945189730594,0.20371297564724095,0.1234387617236809,0.1234387617236809,False
KCNA4,DIG,-0.7192239762803102,0.4854268271702419,-1.037620863868045,-0.5521940366978032,-0.6237849087867904,-0.9803915540416703,True
NFIL3,NEUTRAL,0.006262635368389596,0.13750352374993502,0.009035072988871497,0.1465385967388065,0.06626438281524631,0.06626438281524631,False
GPR141,DSG,-0.011429521128810544,1.2630344058337937,-0.016489313452270598,1.2465450923815231,1.1680279515980099,0.04073999637410189,False
NUP88,NEUTRAL,0.03860898597835891,0.13750352374993502,0.05570099260472993,0.19320451635466496,0.11293030243110297,0.11293030243110297,False
MIR6717,DIG,-0.5822596136823288,0.33628338786443257,-0.8400230571694194,-0.5037396693049868,-0.5785950577949435,-0.7827937473430459,True
HLX-AS1,DCG,-0.9504243321759248,1.399171093819823,-1.3711724707704116,0.027998623049411364,-0.06076294387617645,-1.3139431609440388,True
NR1I3,DCG,-0.775974970559044,1.2630344058337937,-1.1194952418794921,0.14353916395430155,0.0599329096265636,-1.0622659320531196,True
ADCY1,DSG,0.05028033408380623,-0.7369655941662062,0.07253918863694757,-0.6644264055292587,-0.7447006194528203,0.12976849846332092,False
MIR6890,NEUTRAL,0.009966061477002243,0.13750352374993502,0.014377987470065676,0.1518815112200007,0.0716072972964395,0.0716072972964398,False
S100P,NEUTRAL,0.0485892057530424,0.13750352374993502,0.07009940618064776,0.20760292993058277,0.127328716007022,0.1273287160070217,False
B3GALNT1,DSG,-0.029794400837167844,1.3074285251922473,-0.04298423433404003,1.2644442908582072,1.1794560495762152,0.014245075492331736,False
CPA6,DCG,-0.8593606316694938,1.3219280948873624,-1.239795321644786,0.0821327732425765,0.004554576718530374,-1.1825660118184138,True
FDXACB1,NEUTRAL,0.018191414061201866,0.13750352374993502,0.026244662852853692,0.16374818660278873,0.08347397267922631,0.08347397267922631,False
MROH2B,DSG,-0.013044409318666465,1.439623137557117,-0.01881910463536589,1.420804032921751,1.3440839270471687,0.03841020519100785,False
ASRGL1,DIG,-1.303208299831724,0.49825086752782544,-1.8801321514125657,-1.3818812838847403,-1.4686284052561656,-1.822902841586192,True
TRIM9,DIG,-0.9935394941414287,0.4195388915137848,-1.4333745011251686,-1.0138356096113839,-1.0852486454871393,-1.3761451912987954,True
MOCS1P1,NEUTRAL,0.015119705490777992,0.13750352374993502,0.02181312413124704,0.15931664788118205,0.0790424339576211,0.07904243395762049,False
KAZALD1,NEUTRAL,0.00944049783820245,0.13750352374993502,0.013619759414697653,0.15112328316463267,0.07084906924107122,0.07084906924107122,False
CYP2J2,DIG,-0.7156035895568565,0.4195388915137848,-1.0323977498960182,-0.6128588583822334,-0.6821130762328368,-0.9751684400696451,True
LINC02607,NEUTRAL,0.009166144736207388,0.13750352374993502,0.013223951554996874,0.15072747530493188,0.07045326138137006,0.07045326138137067,False
CCL28,DSG,0.03453097827287063,1.3645724322958561,0.04981767111131501,1.414390103407171,1.333136078730908,0.10704698093768827,False
CASP4,NEUTRAL,-0.0337219397990917,0.13750352374993502,-0.04865047531730577,0.08885304843262926,0.008578834509067665,0.008578834509067984,False
CCDC15,NEUTRAL,0.045472278887849035,0.13750352374993502,0.06560263124941972,0.20310615499935475,0.1228319410757945,0.1228319410757945,False
SUMO2P20,DCG,-0.949536073206274,1.2403143293337107,-1.3698909839598712,-0.12957665462616053,-0.20395520025068054,-1.312661674133495,True
FCMR,DCG,-0.9853378191198622,1.1127001327493624,-1.4215419852445716,-0.30884185249520923,-0.3861824503263233,-1.3643126754182,True
ZBTB16,NEUTRAL,0.015445113086963638,0.13750352374993502,0.02228258805653167,0.15978611180646668,0.0795118978829055,0.0795118978829055,False
ZNF780B,DSG,0.06468048257700922,1.1699250014423124,0.09331421145615619,1.2632392128984686,1.1840951330162095,0.15054352128252807,False
ANKRD10-IT1,DIG,1.574467905041652,0.4462562298895641,2.2714770386424266,2.717733268531991,2.6431260074028207,2.3287063484688004,True
BTNL8,DIG,-1.4062160526080416,0.53605290024021,-2.0287409255160753,-1.4926880252758652,-1.5761883795441252,-1.9715116156896997,True
SAMD12,DCG,0.769890916904429,-0.7369655941662062,1.1107178078434767,0.3737522136772705,0.29347799975370936,1.1679471176698506,True
PLA2G1B,DIG,1.483811891099228,0.45943161863729726,2.140688056900931,2.6001196755382283,2.5138610540148334,2.1979173667273026,True
PTPRK-AS1,DIG,-1.0461652083851705,0.49825086752782544,-1.5092973580878544,-1.011046490560029,-1.0988734564186322,-1.452068048261482,True
RPAP1,NEUTRAL,0.009891105471777238,0.13750352374993502,0.014269848813042713,0.15177337256297774,0.07149915863941576,0.07149915863941546,False
LRRC4,DIG,0.7579591393172673,0.405992359675837,1.0935038914894886,1.4994962511653256,1.4224185966632559,1.1507332013158595,True
ZSCAN26,DSG,-0.02534455383970565,1.2016338611696507,-0.03656446213808668,1.165069399031564,1.0812490743343137,0.020664847688286653,False
GSTO2,NEUTRAL,0.04981393518884968,0.13750352374993502,0.07186631726411767,0.2093698410140527,0.12909562709049102,0.12909562709049102,False
CIPC,NEUTRAL,0.011353510469982687,0.13750352374993502,0.016379653251724947,0.15388317700165996,0.07360896307809829,0.07360896307809829,False
PCDHA13,DIG,-1.179579302631441,0.405992359675837,-1.7017732102416416,-1.2957808505658046,-1.3865482381112908,-1.644543900415268,True
FAM171B,DIG,-1.2923486381294407,0.45943161863729726,-1.8644649713289496,-1.4050333526916523,-1.4814956360531932,-1.807235661502578,True
LINC00602,NEUTRAL,0.0033614866834028928,0.13750352374993502,0.004849600168159642,0.14235312391809465,0.06207890999453341,0.06207890999453372,False
MYOM2,NEUTRAL,-0.013584537181586311,0.13750352374993502,-0.019598344424646308,0.11790517932528871,0.03763096540172775,0.037630965401727445,False
CUTALP,NEUTRAL,-0.004255278762994439,0.13750352374993502,-0.0061390695689722,0.13136445418096282,0.051090240257402615,0.05109024025740231,False
ZNF507,DSG,-0.03774684892193985,1.399171093819823,-0.05445719174886754,1.3447139020709553,1.262947517559423,0.0027721180775061227,False
TIGD1,NEUTRAL,-0.005225157038481131,0.13750352374993502,-0.00753830814728279,0.12996521560265223,0.04969100167909119,0.04969100167909119,False
CSF2RB,NEUTRAL,0.016316307413159335,0.13750352374993502,0.023539455790584807,0.16104297954051983,0.0807687656169588,0.0807687656169591,False
TCOF1,DIG,-1.6750982122558704,0.405992359675837,-2.4166558838235126,-2.0106635241476756,-2.099615670560173,-2.359426573997139,True
THAP10,NEUTRAL,0.06797231738689075,0.13750352374993502,0.09806332521179795,0.23556684896173297,0.15529263503817226,0.15529263503817226,False
MYO1G,DSG,-0.09196653357878523,1.0789513413948222,-0.13267966192186179,0.9462716794729604,0.8638776891028853,-0.07545035209549006,False
CYP3A43,DSG,-0.08151288228972667,1.0356239097307214,-0.11759823104795447,0.918025678682767,0.8407880128860084,-0.06036892122158012,False
SLAMF6,DCG,-0.925601452126637,1.399171093819823,-1.3353606248227226,0.06381046899710041,-0.01756930399383793,-1.2781313149963491,True
ZFC3H1,DSG,0.03226146522238126,1.1618876823768942,0.046543455888141204,1.2084311382650355,1.12472967243048,0.10377276571451495,False
CLEC12A,DSG,-0.022371431959380624,1.145677455195635,-0.03227515394538329,1.1134023012502516,1.0347887952248105,0.024954155880990682,False
ZNRF1,NEUTRAL,-0.05944846196026434,0.13750352374993502,-0.08576600125854955,0.05173752249138547,-0.0285366914321747,-0.02853669143217454,False
LINC01615,NEUTRAL,-0.014514195959910558,0.13750352374993502,-0.02093955853385359,0.11656396521608142,0.03628975129252097,0.03628975129252097,False
NIT1,DCG,-0.9047722996528826,1.0789513413948222,-1.305310509842917,-0.22635916844809478,-0.31373203961160795,-1.248081200016545,True
KCNMB1,DIG,-1.0515305935477135,0.49825086752782544,-1.5170379726543146,-1.0187871051264892,-1.1160861930271453,-1.4598086628279425,True
KLHL35,DIG,1.54577671194191,0.49825086752782544,2.2300843966402413,2.7283352641680665,2.6604836798184577,2.287313706466614,True
UBR5,DCG,-1.0208779182490753,1.2779847472997656,-1.4728155100109894,-0.1948307627112238,-0.2762892347512657,-1.4155862001846167,True
FGF10,DSG,-0.07922888695334881,-0.7369655941662062,-0.11430312230274862,-0.8512687164689549,-0.931542930392517,-0.05707381247637538,False
PPDPF,DCG,-0.8786251357033839,1.3785116232537298,-1.2675881260796644,0.11092349717406536,0.03571334411673054,-1.210358816253292,True
NAT9,DCG,-0.8933254407414482,1.2016338611696507,-1.288796183257635,-0.08716232208798425,-0.16509185578824467,-1.231566873431261,True
CLLU1-AS1,DIG,-0.6316703763471517,0.4724877714627438,-0.911307719432501,-0.4388199479697572,-0.5206538915623184,-0.854078409606125,True
IMMP2L,DIG,-1.4999918851288063,0.4724877714627438,-2.1640308540490167,-1.691543082586273,-1.7676640578521445,-2.1068015442226424,True
KCNK13,NEUTRAL,0.032968538987567825,0.13750352374993502,0.04756354770271855,0.18506707145265355,0.10479285752909229,0.10479285752909258,False
MARCKSL1P2,DIG,-1.5026584349190948,0.3923174227787603,-2.1678778722077494,-1.7755604494289892,-1.859457360086442,-2.1106485623813422,True
IVD,NEUTRAL,0.08142716963816811,0.13750352374993502,0.1174745738306095,0.2549780975805445,0.17470388365698306,0.17470388365698306,False
RPS6KA2-IT1,NEUTRAL,0.027650337670116678,0.13750352374993502,0.03989100503558263,0.17739452878551765,0.09712031486195609,0.0971203148619558,False
RPS6KA2,NEUTRAL,0.012675089602571549,0.13750352374993502,0.018286288912453236,0.15578981266238826,0.0755155987388277,0.075515598738828,False
MRPS14,DCG,-1.0176499191544288,1.4528589647138113,-1.468158491725149,-0.015299527011337632,-0.09459773124776057,-1.410929181898777,True
RNU6-1330P,NEUTRAL,0.023815225498994876,0.13750352374993502,0.034358107725052295,0.17186163147498731,0.09158741755142498,0.09158741755142498,False
ZNF225,DIG,-0.9083783816150257,0.53605290024021,-1.31051298640674,-0.77446008616653,-0.8410479056945107,-1.2532836765803663,True
LINC00926,NEUTRAL,0.010966365316360341,0.13750352374993502,0.015821120858489794,0.15332464460842482,0.07305043068486301,0.07305043068486271,False
MAEA,NEUTRAL,0.005803925184667762,0.13750352374993502,0.00837329408161074,0.14587681783154577,0.06560260390798268,0.06560260390798299,False
CNGA4,NEUTRAL,0.05928097212847511,0.13750352374993502,0.0855243645088279,0.2230278882587629,0.142753674335201,0.14275367433520128,False
TSFM,DIG,1.660196435185427,0.4854268271702419,2.395157163943551,2.880583991113793,2.799397935469396,2.4523864737699226,True
RNU6-1,NEUTRAL,-0.007465943206963101,0.13750352374993502,-0.01077107924024431,0.1267324445096907,0.046458230586128996,0.04645823058612961,False
RB1,NEUTRAL,-0.030453631291906584,0.13750352374993502,-0.043935302841894584,0.09356822090804043,0.01329400698447779,0.013294006984478425,False
PRPF39,NEUTRAL,-0.03370655739822661,0.13750352374993502,-0.048628283203860735,0.08887524054607429,0.008601026622513842,0.008601026622513842,False
TTLL9,DCG,-0.8396585223366109,1.1375035237499351,-1.2113711862151835,-0.07386766246524834,-0.1522735505242099,-1.154141876388811,True
PADI4,NEUTRAL,-0.041124371857714975,0.13750352374993502,-0.05932992733879905,0.07817359641113597,-0.0021006175124257316,-0.0021006175124257316,False
ATP5IF1,NEUTRAL,0.06697102298853227,0.13750352374993502,0.09661876274881628,0.2341222864987513,0.15384807257519037,0.15384807257519037,False
ABCF1,DSG,0.08407512133320787,1.1375035237499351,0.12129476060955689,1.258798284359492,1.1807994705606164,0.17852407043593077,False
PALD1,DIG,0.6039015809557532,0.405992359675837,0.87124581602987,1.277238175705707,1.1980700519375598,0.9284751258562433,True
MAP3K5,DIG,-1.5499114100169624,0.49825086752782544,-2.2360495050486926,-1.7377986375208672,-1.8255332418361225,-2.1788201952223205,True
NFE2L2,NEUTRAL,-0.00896886284875377,0.13750352374993502,-0.012939333954310326,0.1245641897956247,0.04428997587206322,0.044289975872063535,False
FGF12,DCG,-0.8979720849565361,1.3291235962915664,-1.2954998738235177,0.03362372246804868,-0.04674966401047078,-1.238270563997143,True
NPAS3,DIG,-1.5453577341946976,0.4724877714627438,-2.2294799395220952,-1.7569921680593514,-1.8255537452445803,-2.172250629695722,True
NPM1P40,DCG,-0.942630610915776,1.439623137557117,-1.359928507758324,0.07969462979879283,0.0010550694217544589,-1.3026991979319376,True
LINC01970,DCG,-0.8667571578870908,1.1375035237499351,-1.2504662533387183,-0.11296272958878317,-0.19115857696872854,-1.193236943512342,True
GSR,NEUTRAL,-0.021273382079013893,0.13750352374993502,-0.03069100282832949,0.10681252092160554,0.026538306998043246,0.026538306998043246,False
RPL18AP7,NEUTRAL,-0.06177771087242289,0.13750352374993502,-0.0891263971131167,0.04837712663681831,-0.031897087286742454,-0.03189708728674229,False
RNF31,NEUTRAL,0.00706927712937447,0.13750352374993502,0.010198811057218315,0.14770233480715333,0.06742812088359315,0.06742812088359346,False
JAM2,DIG,-1.5281037624232028,0.405992359675837,-2.2045877200117214,-1.7985953603358844,-1.8840671237218451,-2.1473584101853493,True
SNRNP200,DIG,-1.7243790346347008,0.5484366246960424,-2.487753081880381,-1.9393164571843384,-2.008495374341313,-2.4305237720540096,True
EPM2A,DIG,-1.514326262656295,0.45943161863729726,-2.184710989422155,-1.7252793707848575,-1.8056537794641787,-2.1274816795957827,True
CEP192,DIG,0.792530570983839,0.49825086752782544,1.143379924511283,1.6416307920391084,1.569910975611826,1.2006092343376555,True
SNTN,NEUTRAL,-0.056771980300262016,0.13750352374993502,-0.08190465444063394,0.05559886930930108,-0.024675344614259832,-0.024675344614259832,False
AHSA2P,DIG,0.8706524999642546,0.632268215499513,1.2560860440360087,1.8883542595355216,1.8186775118213165,1.3133153538623805,True
YBX1P1,NEUTRAL,-0.045107104876226725,0.13750352374993502,-0.06507579651379068,0.07242772723614434,-0.007846486687416764,-0.007846486687416764,False
BTF3,NEUTRAL,-0.017654808110136668,0.13750352374993502,-0.025470504108340425,0.1120330196415946,0.031758805718032024,0.031758805718032336,False
SGPP1,NEUTRAL,-0.003726675742446526,0.13750352374993502,-0.005376456612628799,0.1321270671373062,0.05185285321374393,0.05185285321374424,False
TUBA1C,DIG,1.3595152254428302,0.3923174227787603,1.9613658737594122,2.3536832965381724,2.280377581741406,2.018595183585787,True
TCEA1P2,NEUTRAL,-0.03761453309178726,0.13750352374993502,-0.05426630035687529,0.08323722339305972,0.0029630094694982193,0.0029630094694982193,False
PPFIA2-AS1,DIG,-1.6882919182152314,0.4462562298895641,-2.43569037798203,-1.9894341480924658,-2.074694773777963,-2.3784610681556457,True
RNF214,NEUTRAL,0.014137875440554058,0.13750352374993502,0.02039664278679321,0.15790016653672823,0.0776259526131661,0.0776259526131664,False
CUL9,DSG,-0.09039293477377612,1.1937717433966801,-0.13040943872952634,1.0633623046671539,0.9816481365332527,-0.07318012890315347,False
KLHL5,NEUTRAL,0.038275714035949406,0.13750352374993502,0.055220182826148295,0.19272370657608331,0.11244949265252112,0.11244949265252142,False
LGMNP1,NEUTRAL,-0.029399871146306683,0.13750352374993502,-0.04241504830555118,0.09508847544438384,0.014814261520822424,0.014814261520822106,False
DDX25,NEUTRAL,0.04835872847458422,0.13750352374993502,0.06976689775397857,0.2072704215039136,0.1269962075803525,0.12699620758035218,False
PLAC4,DIG,0.7015298896363007,0.4854268271702419,1.0120936928136728,1.4975205199839148,1.4258861189689063,1.0693230026400464,True
MASP2,NEUTRAL,0.01200322416530311,0.13750352374993502,0.017316991977961365,0.15482051572789637,0.07454630180433532,0.07454630180433502,False
RN7SL574P,NEUTRAL,0.058749223698167694,0.13750352374993502,0.0847572136854229,0.2222607374353579,0.1419865235117954,0.1419865235117954,False
PAN2,DIG,1.5505856032746554,0.5109619192773794,2.2370221603181673,2.747984079595547,2.67047621137461,2.294251470144539,True
HNRNPA2B1,DSG,-0.11125846499195209,1.3504972470841334,-0.16051203570080763,1.1899852113833258,1.109052770633687,-0.1032827258744344,False
SGTA,NEUTRAL,-0.0069559342786853495,0.13750352374993502,-0.010035291888608903,0.1274682318613261,0.04719401793776383,0.04719401793776383,False
CARMIL3,NEUTRAL,-0.006146850030634936,0.13750352374993502,-0.008868030056285196,0.12863549369364982,0.04836127977008757,0.048361279770087875,False
YIF1B,DSG,0.06232851344237921,-0.7369655941662062,0.08992103724930159,-0.6470445569169047,-0.7273187708404666,0.1471503470756748,False
KRT8P22,NEUTRAL,-0.007721994543479979,0.13750352374993502,-0.011140483233650201,0.12636304051628483,0.046088826592724105,0.046088826592724105,False
TLCD4-RWDD3,NEUTRAL,-0.007869199647106508,0.13750352374993502,-0.01135285530664574,0.1261506684432893,0.04587645451972647,0.04587645451972709,False
TARS1,DCG,2.0794415416798357,-3.321928094887362,3.0,-0.3219280948873622,-0.40220230881092356,3.057229309826374,True
SLC4A1AP,DIG,1.463282538095819,0.4724877714627438,2.1110704611302538,2.5835582325929973,2.5179536122931347,2.168299770956627,True
PINK1,NEUTRAL,-0.0015469330277360944,0.13750352374993502,-0.002231752607702213,0.1352717711422328,0.05499755721867134,0.05499755721867134,False
EP300,NEUTRAL,-0.02150665564412979,0.13750352374993502,-0.031027545443892687,0.10647597830604233,0.026201764382481,0.026201764382481,False
ZNF337,DCG,-0.7913571053421606,1.1375035237499351,-1.1416869714493803,-0.00418344769944512,-0.09128441692404826,-1.0844576616230086,True
CCNF,DCG,-0.9108855634084102,1.1375035237499351,-1.3141300851466629,-0.17662656139672772,-0.2586177709789934,-1.2569007753202899,True
DPPA4,DIG,1.372223080627707,0.5484366246960424,1.9796994334149691,2.5281360581110115,2.442838935742811,2.03692874324134,True
HEXIM2,NEUTRAL,0.005567835175573944,0.13750352374993502,0.008032688196287661,0.14553621194622268,0.06526199802266154,0.06526199802266154,False
TEX26,NEUTRAL,0.009567340418002288,0.13750352374993502,0.013802754575548443,0.15130627832548346,0.07103206440192161,0.07103206440192161,False
EGILA,DIG,0.7422906884246009,0.4329594072761063,1.0708990950882264,1.5038585023643327,1.4302508457437138,1.1281284049146,True
ANKRD44-AS1,DIG,0.8030153075184274,0.5484366246960424,1.1585062019147612,1.7069428266108035,1.6304164247204516,1.2157355117411328,True
HECW1,DSG,0.0823852981038105,1.1937717433966801,0.11885686101652633,1.3126286044132065,1.2342166812932172,0.17608617084289901,False
OSR1,DIG,0.9846099719978025,0.5484366246960424,1.420491923811051,1.9689285485070933,1.9016961133020374,1.4777212336374226,True
WDR87,DSG,-0.032003814402757014,1.1618876823768942,-0.04617174432838833,1.1157159380485058,1.034508207798968,0.011057565497985885,False
ERVK3-1,DIG,-1.0207870975839217,0.5849625007211562,-1.4726844834877624,-0.8877219827666062,-0.9767480934589171,-1.4154551736613898,True
URB1,DIG,-1.6335928276960872,0.560714954474479,-2.3567762713489238,-1.7960613168744448,-1.8833935725365842,-2.2995469615225526,True
KLHDC3,DSG,0.033790931859516336,1.4789718050329426,0.0487500098207411,1.5277218148536837,1.444571514065059,0.10597931964711244,False
PSMC1P9,DIG,-0.8696184016845436,0.523561956057013,-1.2545941555760778,-0.7310321995190648,-0.8056828657479932,-1.1973648457497064,True
ADH1C,NEUTRAL,-0.08352575549814344,0.13750352374993502,-0.1205021932436756,0.01700133050625942,-0.06327288341730262,-0.06327288341730262,False
WDR54,DIG,-0.8668856815501683,0.6438561897747247,-1.250651673790077,-0.6067954840153523,-0.6783723431714165,-1.1934223639637063,True
RPS6KL1,NEUTRAL,0.007743847023950744,0.13750352374993502,0.011172009698856497,0.14867553344879153,0.0684013195252309,0.0684013195252309,False
RGP1,DIG,-1.1749534976437097,0.4724877714627438,-1.6950995843257224,-1.2226118128629786,-1.3008727018407,-1.6378702744993496,True
TLN1,DIG,-1.0324357366283283,0.4724877714627438,-1.4894899172702334,-1.0170021458074896,-1.095559145847373,-1.4322606074438597,True
TAF12,NEUTRAL,0.028866167013251953,0.13750352374993502,0.041645075999491174,0.1791485997494262,0.09887438582586447,0.09887438582586507,False
CDH5,NEUTRAL,0.05322858201477829,0.13750352374993502,0.07679261130627212,0.21429613505620715,0.13402192113264608,0.13402192113264577,False
LIPC,NEUTRAL,-0.022126074502827227,0.13750352374993502,-0.03192117795956858,0.10558234579036643,0.02530813186680562,0.02530813186680562,False
NUMB,NEUTRAL,0.08439676426708284,0.13750352374993502,0.12175879327519529,0.2592623170251303,0.17898810310156946,0.17898810310156973,False
ZFP1,NEUTRAL,-0.027992864224102486,0.13750352374993502,-0.04038516639639074,0.09711835735354428,0.016844143429981716,0.016844143429981716,False
BAG2,DIG,0.6700590781109438,0.608809242675524,0.9666909090932891,1.5755001517688132,1.4829342000872225,1.0239202189196608,True
ALKBH1,NEUTRAL,0.02400890564973983,0.13750352374993502,0.03463752911805067,0.1721410528679857,0.09186683894442531,0.09186683894442471,False
SCAMP1-AS1,NEUTRAL,-0.024120426420773455,0.13750352374993502,-0.03479841958137699,0.10270510416855802,0.022430890244995793,0.022430890244995793,False
CD69,DSG,0.02473035531939173,1.1937717433966801,0.03567836097870845,1.2294501043753885,1.1551145231143254,0.09290767080508142,False
RPL35P1,DCG,-0.9262379363706459,1.3504972470841334,-1.3362788774851582,0.014218369598975267,-0.06431231048979573,-1.279049567658784,True
TAF1D,NEUTRAL,-0.029005373965773233,0.13750352374993502,-0.04184590917955089,0.09565761457038413,0.015383400646822627,0.01538340064682231,False
RPL10P6,NEUTRAL,0.04321446127794769,0.13750352374993502,0.062345288980383266,0.1998488127303183,0.11957459880675773,0.11957459880675744,False
MTDHP1,DSG,0.05623318612254271,1.412781525338476,0.08112733875237844,1.4939088640908544,1.4140653830992493,0.13835664857875205,False
OGDHL,DIG,-1.2467951098476275,0.4195388915137848,-1.7987451219817827,-1.379206230467998,-1.472560339440734,-1.7415158121554093,True
WFDC3,DCG,-0.9689297941051372,1.2403143293337107,-1.3978702089250459,-0.1575558795913352,-0.22834688098372674,-1.3406408990986731,True
ITPK1,NEUTRAL,0.07027096137678791,0.13750352374993502,0.1013795674967918,0.23888309124672683,0.15860887732316648,0.15860887732316675,False
SLC25A5P2,DIG,0.7538479147182953,0.5109619192773794,1.0875726481485708,1.5985345674259501,1.5249099043112897,1.144801957974942,True
DCP2,NEUTRAL,-0.029200486928947986,0.13750352374993502,-0.04212739768393626,0.09537612606599877,0.015101912142437172,0.015101912142437172,False
CCDC91,DSG,-0.06333278410330619,-0.7369655941662062,-0.0913698935515312,-0.8283354877177375,-0.9086097016412987,-0.034140583725157325,False
IRF6,DCG,-1.0464575898867914,1.4659744645040693,-1.5097191754302905,-0.04374471092622123,-0.1249548138923151,-1.452489865603919,True
RPL13P5,DSG,0.08405541269249704,1.1779177921958432,0.12126632705134072,1.299184119247184,1.2178797495121345,0.17849563687771247,False
CYSTM1,DIG,-1.0084481239316683,0.4195388915137848,-1.4548831073899966,-1.0353442158762118,-1.1223809060592915,-1.3976537975636238,True
STOX1,DIG,0.8592448304896173,0.4329594072761063,1.239628255856849,1.6725876631329553,1.5965777239909316,1.2968575656832209,True
CMPK2,DIG,-1.5839849361719136,0.4854268271702419,-2.285207212258041,-1.7997803850877991,-1.8674358711820633,-2.2279779024316695,True
RPS26P15,DIG,-1.007121293894463,0.53605290024021,-1.452968896275218,-0.9169159960350081,-0.9915192743183882,-1.3957395864488447,True
PFN4,DIG,-1.4237451468415556,0.4462562298895641,-2.0540300628380415,-1.6077738329484774,-1.6768301996122372,-1.9968007530116678,True
OR5BT1P,DIG,1.387584579707036,0.4854268271702419,2.0018613919573376,2.4872882191275796,2.407134966832764,2.0590907017837026,True
BTF3L4P3,DIG,-1.5241626646429027,0.523561956057013,-2.198901917788424,-1.675339961731411,-1.761001273952066,-2.1416726079620454,True
PNLDC1,NEUTRAL,-0.06724158889343744,0.13750352374993502,-0.0970091068380566,0.040494416911878425,-0.039779797011683646,-0.03977979701168414,False
VPS35L,DCG,0.8063754549177854,-0.7369655941662062,1.163353869904471,0.42638827573826477,0.3461140618147037,1.220583179730845,True
C3orf20,DIG,-1.6759719638488177,0.37851162325372983,-2.4179164409136265,-2.0394048176598965,-2.116465240650162,-2.360687131087244,True
VSIG2,NEUTRAL,0.01605602126502258,0.13750352374993502,0.02316394225545582,0.16066746600539084,0.08039325208182967,0.08039325208182936,False
DUXAP4,DIG,-1.6873615747257187,0.4462562298895641,-2.4343481760433865,-1.9880919461538225,-2.060412861783968,-2.3771188662169793,True
PIGB,NEUTRAL,0.00528579688600666,0.13750352374993502,0.007625792954588134,0.14512931670452314,0.06485510278096179,0.06485510278096179,False
TMEM182,NEUTRAL,-0.03941623216956321,0.13750352374993502,-0.056865602681556875,0.08063792106837814,0.0003637071448170039,0.00036370714481764443,False
PTCHD4,DSG,0.04208228906712179,1.0874628412503395,0.06071190974639245,1.148174750996732,1.073977011746656,0.1179412195727644,False
TMEM186,DCG,-0.8959793932119707,1.4195388915137848,-1.2926250273256128,0.12691386418817197,0.0476379304583823,-1.235395717499239,True
ADAMTSL1,DIG,-1.4357714865258409,0.4329594072761063,-2.071380403460606,-1.6384209961844995,-1.7157594917521193,-2.014151093634233,True
RSL1D1,DCG,-0.77825004835637,1.1127001327493624,-1.122777485335331,-0.010077352585968535,-0.09186497552275083,-1.065548175508957,True
FAHD2CP,DIG,0.7541260141164579,0.560714954474479,1.0879738607711742,1.6486888152456531,1.5723717492695293,1.1452031705975472,True
MROH3P,DCG,-0.951987565637726,1.4195388915137848,-1.373427739933504,0.046111151580280785,-0.03903593227827328,-1.3161984301071237,True
KCNC3,DIG,1.6758309238788838,0.5484366246960424,2.4177129632484355,2.9661495879444777,2.8793155969056206,2.4749422730748085,True
MIR4707,DIG,-1.6560512500887525,0.4329594072761063,-2.389176925961012,-1.9562175186849056,-2.0293921696772235,-2.331947616134639,True
COL20A1,DCG,-1.0925575948213684,1.4594316186372973,-1.5762274239343617,-0.11679580529706435,-0.19478582258270422,-1.5189981141079834,True
DNMT3B,DCG,-0.810606470177555,1.1210154009613662,-1.1694579346376661,-0.048442533676299915,-0.1307102535799513,-1.1122286248112936,True
ACTC1,NEUTRAL,0.029746766077278216,0.13750352374993502,0.042915511902173326,0.18041903565210834,0.10014482172854562,0.10014482172854593,False
CLPB,DIG,1.0031687750922345,0.45943161863729726,1.4472666170002226,1.90669823563752,1.8288245091040638,1.5044959268265952,True
NUP85,DCG,-0.9393159548778997,1.3219280948873624,-1.3551464699302271,-0.033218375042864734,-0.11413010780482202,-1.2979171601038546,True
C15orf39,NEUTRAL,0.04278632147359646,0.13750352374993502,0.06172761380783859,0.1992311375577736,0.11895692363421141,0.11895692363421112,False
EMC2,DCG,-0.9004079818496421,1.1127001327493624,-1.2990141301913185,-0.1863139974419561,-0.2612902048572944,-1.241784820364947,True
PRR4,DSG,-0.016189750226593667,1.1127001327493624,-0.023356872365137657,1.0893432603842248,1.0092420397273476,0.03387243746123392,False
GET4,DSG,-0.036173958855184964,-0.7369655941662062,-0.05218799104969675,-0.789153585215903,-0.8694277991394657,0.005041318776675933,False
ZNF319,NEUTRAL,0.022084584300824186,0.13750352374993502,0.03186132025089331,0.16936484400082832,0.0890906300772671,0.08909063007726681,False
ABCA12,NEUTRAL,-0.024463475806461715,0.13750352374993502,-0.03529333522888945,0.10221018852104558,0.0219359745974843,0.0219359745974843,False
JUND,DIG,-1.1376232470313559,0.5969351423872323,-1.6412434168921375,-1.044308274504905,-1.1329341234946146,-1.5840141070657638,True
FABP5P1,NEUTRAL,0.026728995957863898,0.13750352374993502,0.0385617899163514,0.17606531366628642,0.09579109974272522,0.09579109974272522,False
SNORD45B,NEUTRAL,0.04025150387192412,0.13750352374993502,0.05807064502434783,0.19557416877428285,0.11529995485072134,0.11529995485072134,False
SERPINB8,NEUTRAL,0.030128019308056038,0.13750352374993502,0.043465544047539384,0.1809690677974744,0.10069485387391418,0.10069485387391418,False
GKAP1,NEUTRAL,-0.03291186131790982,0.13750352374993502,-0.0474817791097738,0.09002174464016122,0.009747530716599805,0.009747530716599485,False
CIR1P2,NEUTRAL,-0.037239139384472694,0.13750352374993502,-0.05372472171695164,0.08377880203298338,0.0035045881094223964,0.0035045881094223964,False
C2CD5,DSG,0.003614048248662262,-0.7369655941662062,0.005213969485878489,-0.7317516246803277,-0.8120258386038891,0.06244327931225199,False
SNORA47,NEUTRAL,-0.023970445348238438,0.13750352374993502,-0.03458204263180352,0.1029214811181315,0.022647267194569932,0.022647267194570248,False
FKBP1B,DIG,-1.27058864635942,0.560714954474479,-1.833071939112556,-1.2723569846380771,-1.3434200469144946,-1.7758426292861829,True
RAP2A,DIG,1.4455604466710883,0.4329594072761063,2.085502887717614,2.5184622949937205,2.448714543927667,2.142732197543986,True
NFATC4,NEUTRAL,-0.010054381035334915,0.13750352374993502,-0.014505405658885723,0.1229981180910493,0.042723904167487683,0.042723904167487683,False
PMS1,NEUTRAL,0.07820246876379648,0.13750352374993502,0.11282231387080324,0.25032583762073823,0.17005162369717725,0.17005162369717725,False
PCDH9-AS1,NEUTRAL,-0.017673175641881287,0.13750352374993502,-0.025497002855301754,0.11200652089463327,0.031732306971072155,0.03173230697107247,False
DYSF,DIG,-0.8237653604357053,0.608809242675524,-1.1884422003567015,-0.5796329576811774,-0.6564499413462498,-1.1312128905303307,True
RNU6-1240P,DCG,-0.8111084634779571,1.3362833878644325,-1.1701821578827156,0.16610122998171684,0.09237418281035312,-1.112952848056339,True
ERBB4,NEUTRAL,-0.012834639923951863,0.13750352374993502,-0.018516471369880855,0.11898705238005416,0.03871283845649291,0.0387128384564926,False
CD79B,DCG,-0.8227953061829667,1.1699250014423124,-1.1870427078968824,-0.017117706454570003,-0.09810837689513245,-1.129813398070509,True
TECRL,NEUTRAL,-0.044091820739132585,0.13750352374993502,-0.06361105112411174,0.07389247262582328,-0.006381741297737599,-0.00638174129773776,False
LINC02169,NEUTRAL,-0.011453057846626794,0.13750352374993502,-0.016523269758342906,0.12098025399159211,0.040706040068031225,0.040706040068031225,False
FLACC1,NEUTRAL,-0.004329098619789623,0.13750352374993502,-0.006245569110289746,0.13125795463964526,0.050983740716083296,0.0509837407160836,False
KCNH5,NEUTRAL,0.015407730985044034,0.13750352374993502,0.02222865708347425,0.15973218083340926,0.07945796690984737,0.07945796690984737,False
PYGM,DIG,0.7358241378002754,0.45943161863729726,1.0615698345708546,1.521001453208152,1.4411944806283283,1.1187991443972272,True
CSNK1A1P3,NEUTRAL,-0.024784636378875294,0.13750352374993502,-0.035756671994039584,0.10174685175589543,0.021472637832333698,0.021472637832334013,False
UNC13C,NEUTRAL,0.02088961626661103,0.13750352374993502,0.030137345793913157,0.1676408695438482,0.08736665562028742,0.08736665562028711,False
NME6,NEUTRAL,0.0055100585715960795,0.13750352374993502,0.007949334176249389,0.1454528579261844,0.06517864400262395,0.06517864400262395,False
TIMELESS,DIG,0.8608131391882765,0.53605290024021,1.2418908470389876,1.7779437472791977,1.6934600364101262,1.2991201568653612,True
ZNF418,DSG,-0.042101710618436386,1.1210154009613662,-0.06073992912216039,1.0602754718392058,0.9831048308502028,-0.0035106192957867323,False
RPL23AP58,NEUTRAL,0.0451390155395805,0.13750352374993502,0.06512183386956265,0.20262535761949768,0.1223511436959352,0.1223511436959352,False
MYLIP,DSG,-0.021346626830035065,1.446256229889564,-0.030796672667398883,1.415459557222165,1.3314105123734399,0.026432637158974755,False
LINC02814,DCG,-0.8876584514371682,1.1210154009613662,-1.2806204458915793,-0.1596050449302131,-0.23632754487715862,-1.2233911360652012,True
LINC02541,DIG,1.6025546083226445,0.405992359675837,2.3119975861808344,2.7179899458566714,2.6352983107231314,2.3692268960072074,True
TLCD5,NEUTRAL,-0.03653568366582993,0.13750352374993502,-0.052709849640180745,0.08479367410975427,0.004519460186192623,0.004519460186192623,False
THAP9,NEUTRAL,-0.02166164383465423,0.13750352374993502,-0.031251146137758645,0.10625237761217637,0.02597816368861376,0.02597816368861407,False
AREL1,NEUTRAL,-0.013817940483409253,0.13750352374993502,-0.019935074210713374,0.11756844953922164,0.037294235615659484,0.03729423561565917,False
PCDHGB9P,DIG,-1.536778701771312,0.45943161863729726,-2.217103011989251,-1.7576713933519539,-1.8492206412741874,-2.1598737021628724,True
ARHGEF19,NEUTRAL,0.003021736387974767,0.13750352374993502,0.004359444101804925,0.14186296785173994,0.06158875392817885,0.06158875392817916,False
RC3H1,DCG,0.8852240047001602,-0.7369655941662062,1.2771082816567896,0.5401426874905834,0.45986847356702004,1.3343375914831612,True
LINC01833,DIG,1.6978839921079711,0.6205864104518776,2.449528815418926,3.0701152258708038,2.9962649061114726,2.506758125245299,True
MORC3,DIG,1.2405235662076193,0.560714954474479,1.789697197073624,2.350412151548103,2.2613442052221684,1.8469265068999956,True
PARP16,NEUTRAL,0.04184967380919333,0.13750352374993502,0.06037631686734395,0.19787984061727898,0.1176056266937163,0.1176056266937163,False
DAP,DCG,-0.8573504253417795,1.1043366598147357,-1.2368952069446288,-0.13255854712989312,-0.20595800272831935,-1.1796658971182563,True
RPL23AP12,DIG,-1.5024650859206528,0.4854268271702419,-2.167598928566536,-1.682172101396294,-1.7580789629274618,-2.110369618740159,True
OR5BK1P,DIG,-0.9803469050680331,0.4854268271702419,-1.4143416182924948,-0.928914791122253,-1.0071918649085843,-1.3571123084661159,True
CKM,DIG,-0.9073845412184598,0.49825086752782544,-1.3090791777951791,-0.8108283102673537,-0.8882133832680726,-1.2518498679688077,True
SLC11A1,NEUTRAL,0.04141346285070197,0.13750352374993502,0.05974699748074705,0.19725052123068207,0.11697630730712076,0.11697630730712134,False
CLIP2,DSG,0.06929322150646922,1.4329594072761063,0.0999689870346036,1.53292839431071,1.450296257867893,0.15719829686097522,False
LRRC45,DCG,-1.033356101547442,1.3434078222978139,-1.4908177231748465,-0.14740990087703265,-0.22803870266807977,-1.4335884133484733,True
FKBP15,NEUTRAL,0.013198532446192542,0.13750352374993502,0.01904145730713406,0.15654498105706907,0.07627076713350846,0.07627076713350815,False
HNRNPL,DSG,0.054582979232996945,1.1937717433966801,0.07874659345638997,1.2725183368530701,1.1927365506444068,0.13597590328276304,False
STK3,DCG,-0.8667831146797321,1.0789513413948222,-1.2505037010747393,-0.1715523596799171,-0.2593459130994673,-1.1932743912483665,True
SRD5A1,DSG,-0.023008720303437945,1.3645724322958561,-0.03319456667897113,1.331377865616885,1.251121617108024,0.024034743147402688,False
TYW5,NEUTRAL,0.021990786148640754,0.13750352374993502,0.03172599812189372,0.16922952187182874,0.0889553079482662,0.0889553079482665,False
PDGFRA,DIG,-0.8682265695763386,0.405992359675837,-1.2525861662958202,-0.8465938066199832,-0.9356981430551822,-1.1953568564694466,True
RUNDC3B,DSG,0.07986839104296327,1.3074285251922473,0.1152257316814636,1.4226542568737108,1.3409887335463846,0.17245504150783567,False
EDN3,DCG,-1.060830937239487,1.371558862611963,-1.5304555323769993,-0.15889666976503625,-0.23752471214102344,-1.473226222550626,True
IRF2BPL,NEUTRAL,-0.009700855869378687,0.13750352374993502,-0.013995376655131226,0.12350814709480379,0.04323393317124147,0.04323393317124147,False
BMPR1AP2,NEUTRAL,0.007662417453204556,0.13750352374993502,0.011054531660959254,0.14855805541089429,0.06828384148733253,0.06828384148733253,False
APBB1,NEUTRAL,0.030555731632254664,0.13750352374993502,0.04408260249658784,0.18158612624652287,0.10131191232296186,0.10131191232296156,False
NTRK1,DCG,-0.9163431822407425,1.06177619758669,-1.322003764771131,-0.26022756718444096,-0.34326570155967084,-1.264774454944758,True
EEF1DP3,NEUTRAL,-0.000756643459882768,0.13750352374993502,-0.0010916057672939368,0.13641191798264107,0.05613770405907969,0.05613770405907969,False
RAB12,NEUTRAL,0.009826275795656278,0.13750352374993502,0.014176319360800566,0.1516798431107356,0.07140562918717525,0.07140562918717525,False
ZNF383,DSG,0.0358811129436043,1.145677455195635,0.05176550370531472,1.1974429589009496,1.1085082787739398,0.10899481353168754,False
SHISA6,NEUTRAL,-0.04786129351209875,0.13750352374993502,-0.06904925080043599,0.06845427294949903,-0.011819940974062946,-0.011819940974062946,False
ANKRD33B,DCG,-0.8436225790882855,1.2249663650002742,-1.217090111232627,0.007876253767647334,-0.06868863719953394,-1.1598608014062528,True
DBF4B,NEUTRAL,0.03480758696263578,0.13750352374993502,0.05021673309630598,0.187720256846241,0.1074460429226797,0.1074460429226794,False
GNL3,NEUTRAL,-0.02659506673824699,0.13750352374993502,-0.03836857089537995,0.09913495285455506,0.018860738930993312,0.018860738930993312,False
PABPC1L,DCG,2.0794415416798357,-3.321928094887362,3.0,-0.3219280948873622,-0.4022023088109238,3.057229309826374,True
FGF18,DIG,1.4867628941328632,0.4854268271702419,2.1449454543432047,2.6303722815134467,2.539401303482195,2.202174764169576,True
ZKSCAN2-DT,DCG,2.0794415416798357,-3.321928094887362,3.0,-0.3219280948873622,-0.4022023088109238,3.057229309826374,True
ZNF490,DIG,1.054494961257903,0.560714954474479,1.5213146512491764,2.0820296057236556,2.007986394900696,1.5785439610755492,True
NARF-AS1,DCG,-0.9844155250034717,1.4659744645040693,-1.420211396096614,0.045763068407455254,-0.03407080160748851,-1.3629820862702344,True
RERG-IT1,DIG,-0.7595493111060931,0.45943161863729726,-1.0957980244433891,-0.6363664058060918,-0.7012509081771,-1.0385687146170137,True
RNF111,NEUTRAL,-0.004904671528004083,0.13750352374993502,-0.007075945290640786,0.13042757845929423,0.050153364535732124,0.050153364535732124,False
CDR2L,DCG,-0.9677528585004377,1.4528589647138113,-1.3961722497647002,0.05668671494911104,-0.022086943149143987,-1.338942939938328,True
ERC2,NEUTRAL,-0.045754881231976866,0.13750352374993502,-0.06601034024983653,0.07149318350009849,-0.008781030423462795,-0.008781030423462633,False
HSD17B12,DIG,0.6051176408858294,0.5728896684205812,0.8730002196604147,1.445889888080996,1.3669259557908862,0.9302295294867874,True
SETD4,DIG,1.0436517201021642,0.3923174227787603,1.505671161006629,1.8979885837853891,1.813199053216043,1.5629004708330008,True
GFI1,NEUTRAL,-0.02444018074227631,0.13750352374993502,-0.035259727555311975,0.10224379619462304,0.02196958227106117,0.021969582271061487,False
PTCRA,DSG,0.057722901152911774,1.06177619758669,0.08327654323902965,1.1450527408257196,1.0628827753562449,0.14050585306540306,False
BRINP3,DCG,-0.9166462356958107,1.3645724322958561,-1.3224409784878821,0.042131453807974006,-0.0374962797011955,-1.26521166866151,True
OTUD6B,DCG,-0.9438680877270499,1.2479275134435854,-1.361713809417164,-0.11378629597357848,-0.1965512072475289,-1.3044844995907925,True
RNA5SP216,DIG,-0.9965680589918404,0.405992359675837,-1.4377437966158682,-1.0317514369400311,-1.1113991800800862,-1.3805144867894963,True
WNT8B,NEUTRAL,-0.007792373117679677,0.13750352374993502,-0.011242018053632941,0.12626150569630207,0.045987291772740226,0.045987291772740226,False
FBXL21P,NEUTRAL,0.0029340362840374087,0.13750352374993502,0.004232919596769052,0.14173644334670407,0.061462229423143305,0.061462229423143,False
SNX10,DSG,-0.036415315795014905,1.2479275134435854,-0.05253619550987354,1.195391317933712,1.111044011765165,0.004693114316499395,False
H2BC8,DSG,0.1184979990522402,1.3219280948873624,0.17095647558793203,1.4928845704752944,1.4095945087419268,0.22818578541430448,False
PICART1,DSG,-0.08883022706652517,1.1618876823768942,-0.12815492806991644,1.0337327543069779,0.9563069715966849,-0.07092561824354261,False
HRH3,DCG,-0.9805435578476266,1.371558862611963,-1.4146253282823913,-0.04306646567042827,-0.12507411201195484,-1.3573960184560148,True
SNORD13E,NEUTRAL,0.032792646728750464,0.13750352374993502,0.047309788813191984,0.184813312563127,0.10453909863956479,0.10453909863956479,False
AKR1C5P,DCG,-1.025708465152674,1.3074285251922473,-1.479784516073593,-0.17235599088134568,-0.2558397073090973,-1.422555206247209,True
CCL26,DSG,-0.1244250563045851,1.2403143293337107,-0.17950741169295498,1.0608069176407557,0.9818296331688001,-0.12227810186658096,False
CSP2,DIG,0.672204120570859,0.5484366246960424,0.9697855512127052,1.5182221759087475,1.435076590478257,1.027014861039078,True
NXT1-AS1,DCG,2.0794415416798357,-3.321928094887362,3.0,-0.3219280948873622,-0.4022023088109206,3.0572293098263703,True
NTMT1,NEUTRAL,-0.0205204137351166,0.13750352374993502,-0.029604699132642492,0.10789882461729253,0.027624610693731046,0.02762461069373073,False
MFSD5,DIG,-1.1716315082309945,0.523561956057013,-1.6903069666741124,-1.1667450106170993,-1.2453108833115027,-1.6330776568477403,True
NUBP1,DCG,2.0794415416798357,-3.321928094887362,3.0,-0.3219280948873622,-0.40220230881092334,3.057229309826374,True
KRT87P,DIG,0.8402280562227944,0.5109619192773794,1.2121928499283987,1.7231547692057783,1.6367375013066083,1.2694221597547721,True
XPO7,NEUTRAL,-0.017823729353085568,0.13750352374993502,-0.0257142059478436,0.11178931780209142,0.03151510387852898,0.031515103878529294,False
DNAJC21,DCG,0.8995049452470549,-0.7369655941662062,1.2977113237630247,0.5607457295968185,0.48047151567325536,1.3549406335893965,True
BTF3P7,DSG,-0.06440524998001608,1.3504972470841334,-0.0929171347533832,1.2575801123307502,1.1780768789988805,-0.035687824927010184,False
TAPBP,DSG,0.036821466751858066,-0.7369655941662062,0.053122147481163486,-0.6838434466850427,-0.7641176606086048,0.11035145730753625,False
LINC01644,NEUTRAL,-0.01787049419819991,0.13750352374993502,-0.025781673357978003,0.11172185039195702,0.03144763646839562,0.031447636468395934,False
SLC25A38,NEUTRAL,0.007256329514480826,0.13750352374993502,0.010468670605597707,0.14797219435553272,0.0676979804319724,0.0676979804319727,False
INTS10,NEUTRAL,-0.05327935779543473,0.13750352374993502,-0.07686586527322242,0.0606376584767126,-0.019636555446847597,-0.019636555446847923,False
SEMA7A,NEUTRAL,0.026552301490847332,0.13750352374993502,0.038306873685034076,0.1758103974349691,0.09553618351140736,0.09553618351140736,False
DOCK7,DIG,-1.2828605918516809,0.3923174227787603,-1.8507766140163007,-1.4584591912375404,-1.539055211870238,-1.7935473041899292,True
PAX1,DSG,0.0668535342285521,1.4195388915137848,0.09644926229743268,1.5159881538112174,1.4339253516934252,0.15367857212380442,False
ZNF91,DIG,-0.5976235139068654,0.4854268271702419,-0.8621884798320711,-0.37676165266182926,-0.45508693598012523,-0.8049591700056997,True
UFC1,DCG,-0.8499415889861253,1.3001237245690138,-1.2262065154755686,0.07391720909344524,0.0015436697626463347,-1.1689772056491952,True
TRIM38,DSG,-0.007194224469092387,1.232660756790275,-0.010379071964601623,1.2222816848256735,1.1449771978858438,0.046850237861771074,False
POU4F1,NEUTRAL,0.000861593733470323,0.13750352374993502,0.0012430170065386424,0.13874654075647366,0.05847232683291178,0.05847232683291178,False
TH2LCRR,NEUTRAL,-0.054533316395995214,0.13750352374993502,-0.0786749451277311,0.05882857862220392,-0.021445635301357176,-0.021445635301357013,False
ATP13A3,DCG,-0.8232976930468822,1.0789513413948222,-1.187767498934061,-0.10881615753923879,-0.19069378147894098,-1.1305381891076882,True
ENO3,NEUTRAL,-0.03395018350508794,0.13750352374993502,-0.04897976138006066,0.08852376236987436,0.008249548446313605,0.008249548446313605,False
ENAH,DCG,-1.0656097234768205,1.4594316186372973,-1.5373498635830687,-0.07791824494577138,-0.15683503113404088,-1.480120553756695,True
AMIGO3,NEUTRAL,-0.037887739057497004,0.13750352374993502,-0.054660453248746015,0.082843070501189,0.0025688565776268513,0.0025688565776268513,False
CACNG6,DSG,-0.1820076530881153,-3.321928094887362,-0.2625815385140628,-3.584509633401425,-3.664783847324984,-0.20535222868768985,True
NUP205,DSG,0.09358226071461247,1.1127001327493624,0.13501066344814946,1.2477107961975118,1.1698327536746096,0.19223997327452183,False
SDK1,DSG,0.06392149075287624,1.3785116232537298,0.0922192177154043,1.470730840969134,1.3951283959028427,0.14944852754177804,False
CCL18,DIG,0.9766621279006747,0.37851162325372983,1.409025608546366,1.7875372318000957,1.7078794277377252,1.466254918372738,True
MRTFA-AS1,NEUTRAL,0.0011264522085033793,0.13750352374993502,0.0016251270150062461,0.13912865076494127,0.05885443684138058,0.05885443684138027,False
ATP12A,NEUTRAL,-0.039603810676365515,0.13750352374993502,-0.05713622126309792,0.0803673024868371,9.308856327545385e-05,9.308856327545385e-05,False
STX6,DCG,2.0794415416798357,-3.321928094887362,3.0,-0.3219280948873622,-0.40220230881092334,3.057229309826374,True
CFAP99,NEUTRAL,-0.07988943662134863,0.13750352374993502,-0.11525609403303283,0.02224742971690219,-0.05802678420665908,-0.05802678420665891,False
SPAG1,DCG,2.0794415416798357,-3.321928094887362,3.0,-0.3219280948873622,-0.40220230881092356,3.057229309826374,True
KCNH4,NEUTRAL,-0.06251262039549162,0.13750352374993502,-0.09018664743755003,0.04731687631238499,-0.032957337611176106,-0.03295733761117578,False
LINC01963,NEUTRAL,0.010728266151836963,0.13750352374993502,0.01547761637459211,0.15298114012452713,0.07270692620096532,0.07270692620096532,False
DMXL2,NEUTRAL,0.028556139508077262,0.13750352374993502,0.04119780085523647,0.1787013246051715,0.09842711068161104,0.09842711068161074,False
FNIP1,NEUTRAL,-0.06056717792973309,0.13750352374993502,-0.08737996723986541,0.05012355651006961,-0.030150657413492352,-0.03015065741349317,False
UBE2G2,DSG,-0.06972784587303424,1.5109619192773793,-0.10059601745289648,1.4103659018244827,1.3318585960304061,-0.043366707626523684,False
LUARIS,DSG,0.1650101108734808,1.3001237245690138,0.23805926865370877,1.5381829932227227,1.458148494601745,0.2952885784800818,False
SLC38A2,DIG,-1.4760912455168391,0.53605290024021,-2.129549519806757,-1.593496619566547,-1.6733965958243981,-2.0723202099803846,True
DUOX2,NEUTRAL,-0.047785476557287494,0.13750352374993502,-0.06893987005571449,0.06856365369422053,-0.01171056022934028,-0.011710560229340602,False
RPL7P52,NEUTRAL,0.03427889649891401,0.13750352374993502,0.04945399398612929,0.1869575177360643,0.10668330381250213,0.10668330381250213,False
DPYSL4,NEUTRAL,-0.0008677970455238283,0.13750352374993502,-0.0012519664940753212,0.1362515572558597,0.0559773433322977,0.055977343332298014,False
ZMYND19,NEUTRAL,-0.009358587394346671,0.13750352374993502,-0.01350158762354991,0.1240019361263851,0.04372772220282335,0.04372772220282304,False
C5orf58,DIG,-0.7493971720866707,0.523561956057013,-1.081151583825653,-0.55758962776864,-0.6557446492477872,-1.0239222739992804,True
CYP4F3,DIG,0.696117247501822,0.608809242675524,1.0042849008481538,1.6130941435236779,1.5306270668873325,1.0615142106745266,True
PM20D1,DCG,-0.8172029165894674,1.070389327891398,-1.178974595163622,-0.10858526727222384,-0.18660280535878496,-1.121745285337247,True
RPS15AP30,NEUTRAL,-0.026900602352915144,0.13750352374993502,-0.03880936561147666,0.09869415813845836,0.018419944214896497,0.018419944214896813,False
PRSS33,DCG,-1.0410133848579874,1.371558862611963,-1.5018648478336525,-0.13030598522168946,-0.21063597635069697,-1.4446355380072802,True
ZSCAN16-AS1,DSG,0.09340550275515805,1.1292830169449666,0.13475565561660693,1.2640386725615735,1.1809950803462685,0.19198496544297847,False
TPTE2P5,NEUTRAL,0.00377616383728086,0.13750352374993502,0.005447852841629335,0.14295137659156434,0.06267716266800424,0.06267716266800392,False
TFF1,DIG,1.252701638564098,0.523561956057013,1.8072664416699031,2.330828397726916,2.251300718015106,1.8644957514962748,True
MIR34AHG,NEUTRAL,0.006071045161784212,0.13750352374993502,0.008758666747919017,0.14626219049785405,0.06598797657429223,0.06598797657429223,False
GMPPB,NEUTRAL,-0.03927613415079999,0.13750352374993502,-0.0566634839646488,0.08084003978528623,0.0005658258617246843,0.0005658258617246843,False
CDC42SE1,DCG,-0.9006526476069756,1.185866545311334,-1.299367108266099,-0.11350056295476496,-0.20005778923353035,-1.2421377984397253,True
UQCRQ,NEUTRAL,-0.007747906557074971,0.13750352374993502,-0.011177866367163143,0.12632565738277188,0.04605144345921101,0.046051443459210695,False
PACERR,DCG,-0.9830301630422944,1.4528589647138113,-1.4182127412653873,0.03464622344842394,-0.048686198855772425,-1.3609834314390095,True
PTPRF,DIG,0.9339271741485083,0.405992359675837,1.3473721026954963,1.7533644623713334,1.6781899043374457,1.4046014125218684,True
KCNH7,NEUTRAL,0.003343124372913555,0.13750352374993502,0.0048231089538774115,0.14232663270381243,0.06205241878025122,0.06205241878025122,False
XKR8,NEUTRAL,-0.07457031547432244,0.13750352374993502,-0.10758222433233051,0.029921299417604505,-0.050352914505956504,-0.050352914505956504,False
DCSTAMP,DCG,-1.003054212967162,1.439623137557117,-1.447101338790507,-0.007478201233390047,-0.09267849873891053,-1.3898720289641342,True
AFAP1L2,NEUTRAL,0.0007938163704441478,0.13750352374993502,0.0011452349410162484,0.13864875869095128,0.058374544767390804,0.058374544767390804,False
IFT46,NEUTRAL,-0.006305227903797451,0.13750352374993502,-0.009096521028483297,0.12840700272145172,0.048132788797889105,0.04813278879788879,False
DYNLRB2,NEUTRAL,-0.04072717298028708,0.13750352374993502,-0.05875689048808716,0.07874663326184786,-0.0015275806617123203,-0.0015275806617129617,False
EVX1,DSG,0.13329154079983146,1.439623137557117,0.19229904490436578,1.6319221824614827,1.547537594780285,0.24952835473073873,False
MYO9A,NEUTRAL,0.0494479988132201,0.13750352374993502,0.071338382669716,0.208841906419651,0.1285676924960887,0.1285676924960884,False
MMP20,NEUTRAL,0.009776240695493352,0.13750352374993502,0.014104133969925131,0.15160765771986015,0.07133344379629995,0.07133344379629995,False
IGKV3OR2-268,DIG,-0.8240513288220412,0.49825086752782544,-1.1888547655295194,-0.690603898001694,-0.7666996499610349,-1.1316254557031453,True
FABP5P7,DIG,-0.5598048662392905,0.49825086752782544,-0.8076277043889339,-0.3093768368611085,-0.3866030058541336,-0.7503983945625603,True
PIK3CG,DIG,-1.6547440850125168,0.45943161863729726,-2.3872910853879032,-1.927859466750606,-2.006044128930483,-2.3300617755615307,True
MARK1,DCG,-1.0126747191769407,1.2927817492278462,-1.460980795390196,-0.16819904616234993,-0.24662234088198293,-1.4037514855638231,True
NCLN,NEUTRAL,-0.05131052566625054,0.13750352374993502,-0.07402544092410553,0.0634780828258295,-0.016796131097732196,-0.016796131097732356,False
SNHG8,NEUTRAL,0.003792176584805061,0.13750352374993502,0.005470954353073507,0.14297447810300853,0.06270026417944627,0.06270026417944627,False
NR3C1,DIG,-1.5443023848535342,0.3923174227787603,-2.2279573922611933,-1.835639969482433,-1.9208963551888474,-2.1707280824348203,True
FSCN1,DSG,0.03531766261847644,1.3362833878644325,0.050952616715465485,1.387236004579898,1.3118008010828257,0.1081819265418387,False
DNAAF4,NEUTRAL,0.02672396636294398,0.13750352374993502,0.038554533744702746,0.17605805749463777,0.09578384357107643,0.09578384357107643,False
GLIS2-AS1,DCG,-0.9256451672417947,1.412781525338476,-1.3354236924025724,0.07735783293590348,-0.002675825559988002,-1.2781943825761966,True
CPXM1,DSG,0.0169231615632381,1.446256229889564,0.024414961263446326,1.4706711911530104,1.3881523571330303,0.08164427108981873,False
FAM111A,DIG,1.4729022694442802,0.560714954474479,2.1249487998413628,2.6856637543158417,2.6069532559919453,2.1821781096677344,True
SLF2,NEUTRAL,-0.012846664561019221,0.13750352374993502,-0.018533819254146423,0.1189697044957886,0.0386954905722274,0.03869549057222709,False
TRIM44,DIG,-1.005241598031502,0.5728896684205812,-1.4502570683753446,-0.8773673999547634,-0.9470843237289522,-1.3930277585489719,True
CHCHD3,DSG,0.07201060574823147,1.4195388915137848,0.10388934380438382,1.5234282353181685,1.4392498570357517,0.16111865363075617,False
CETN3,NEUTRAL,0.019689865776068075,0.13750352374993502,0.02840647171090273,0.16590999546083776,0.08563578153727543,0.08563578153727573,False
LINC01788,NEUTRAL,-0.01022785646209777,0.13750352374993502,-0.014755677796792592,0.12274784595314242,0.04247363202958042,0.04247363202958042,False
FAM219B,NEUTRAL,0.04402810984933038,0.13750352374993502,0.06351913573934347,0.2010226594892785,0.12074844556571716,0.12074844556571716,False
FAM110A,DSG,-0.06551752642118532,-3.321928094887362,-0.09452181045915568,-3.416449905346518,-3.4967241192700795,-0.03729250063278239,False
POC1B-GALNT4,DIG,1.1121335492665558,0.49825086752782544,1.604469556333102,2.1027204238609274,2.01913928487737,1.6616988661594745,True
PCED1B-AS1,DIG,1.516650390597747,0.5109619192773794,2.188063997277679,2.6990259165550587,2.6184853299502966,2.2452933071040504,True
ST7-OT4,DIG,-0.7487001174457673,0.560714954474479,-1.080145946551993,-0.5194309920775139,-0.6005879631054069,-1.0229166367256182,True
CCDC57,DCG,-0.778152460487361,1.1043366598147357,-1.1226366958006608,-0.01830003598592511,-0.1028019302430382,-1.0654073859742867,True
STXBP5,DIG,1.1211166120220428,0.523561956057013,1.6174293764224372,2.1409913324794503,2.055633733791911,1.674658686248809,True
FCF1P7,DCG,-0.9156122203873976,1.3291235962915664,-1.3209492097302313,0.008174386561335067,-0.07581451953806186,-1.263719899903853,True
NAT8B,DIG,0.8289068281964179,0.5109619192773794,1.195859770397972,1.7068216896753516,1.6382772110824946,1.2530890802243448,True
WDR86-AS1,DIG,1.5409217750498452,0.5109619192773794,2.2230802032622305,2.73404212253961,2.6593086126806456,2.2803095130886035,True
CD84,DCG,-0.9869388962847068,1.4329594072761063,-1.4238518513303735,0.00910755594573276,-0.06909777309346025,-1.3666225415040014,True
ZNF835,DSG,-0.09355343736578031,1.20945336562895,-0.1349690801457275,1.0744842854832224,0.9960539239403231,-0.07773977031935528,False
DHX16,DSG,0.06703231655898838,1.4262647547020981,0.09670719067895167,1.5229719453810497,1.4440903749716643,0.15393650050532376,False
BLK,NEUTRAL,-0.008661343347329547,0.13750352374993502,-0.012495677094628952,0.12500784665530607,0.044733632731745014,0.04473363273174471,False
TP53TG1,DSG,-0.029458213400289947,1.1043366598147357,-0.042499218386047116,1.0618374414286886,0.9817917219098873,0.014730091440326627,False
LYRM1,DCG,-0.9671783896304557,1.3434078222978139,-1.395343466374832,-0.05193564407701823,-0.13049507323232795,-1.3381141565484604,True
ODC1,DIG,-1.0165697817307426,0.523561956057013,-1.4666001828205184,-0.9430382267635055,-1.006266680081889,-1.409370872994146,True
ATP9A,DCG,0.7865161414437483,-0.7369655941662062,1.134702936840018,0.3977373426738119,0.31746312875024957,1.1919322466663906,True
LINC00592,DIG,1.093985264136073,0.4724877714627438,1.5782871153747153,2.050774886837459,1.9685740254020976,1.635516425201087,True
STRIP2,DIG,0.6156916363748483,0.5109619192773794,0.8882552705148046,1.399217189792184,1.316823894821966,0.9454845803411759,True
COL15A1,NEUTRAL,0.005817121433667952,0.13750352374993502,0.008392332244601652,0.14589585599453667,0.0656216420709742,0.06562164207097451,False
NME2,DSG,-0.05110170620595051,1.1210154009613662,-0.07372417812428957,1.0472912228370765,0.9729638766012474,-0.016494868297915584,False
RPL19P5,NEUTRAL,-0.02192119497092031,0.13750352374993502,-0.03162559927490682,0.1058779244750282,0.025603710551467387,0.025603710551467387,False
SNORA11F,DIG,1.1873089481534127,0.4195388915137848,1.71292473150402,2.132463623017805,2.056525194389385,1.7701540413303916,True
METTL23,DCG,-1.0502667457855888,1.3645724322958561,-1.5152146257554586,-0.1506421934596025,-0.23129222192771615,-1.457985315929085,True
SRP72P2,DIG,1.0010744073056936,0.33628338786443257,1.4442450829807827,1.7805284708452151,1.6815849597996906,1.5014743928071554,True
MINDY4B,DSG,0.06686547984341365,1.0874628412503395,0.09646649617675382,1.1839293374270934,1.1051122133008828,0.1536958060031284,False
ICA1,DSG,0.12504954190652362,1.4528589647138113,0.18040835397397822,1.6332673186877895,1.5533050355113003,0.2376376638003517,False
PPP1R26,NEUTRAL,0.04062686906669955,0.13750352374993502,0.05861218252937267,0.1961157062793077,0.11584149235574609,0.11584149235574578,False
FOXCUT,DIG,1.4099206420333399,0.49825086752782544,2.034085518308483,2.5323363858363086,2.449463218621147,2.091314828134856,True
PEX26,NEUTRAL,0.0008268795728290069,0.13750352374993502,0.0011929350591327926,0.1386964588090678,0.05842224488550591,0.05842224488550591,False
LINC01063,DCG,-1.0620876533513424,1.4528589647138113,-1.5322685904793782,-0.07940962576556698,-0.1543229374516327,-1.4750392806530013,True
FAM8A1,DSG,-0.015364754920611278,-0.7369655941662062,-0.02216665572844019,-0.7591322498946464,-0.8394064638182085,0.03506265409793217,False
ACKR3,NEUTRAL,0.0047962736022975705,0.13750352374993502,0.006919560140781349,0.14442308389071637,0.06414886996715462,0.06414886996715431,False
KIF18A,DIG,-1.5775164120239415,0.4724877714627438,-2.2758751045478913,-1.8033873330851475,-1.874689029572778,-2.218645794721518,True
ZNF496,DCG,0.7625102927904935,-0.7369655941662062,1.1000698180356365,0.3631042238694303,0.28283000994586754,1.157299127862009,True
ESAM,NEUTRAL,0.029022864549162017,0.13750352374993502,0.041871142757468144,0.17937466650740316,0.09910045258384251,0.0991004525838422,False
TEDC2,DCG,-0.9396550510936112,1.3785116232537298,-1.3556356823590185,0.022875940894711233,-0.06179614700283727,-1.2984063725326456,True
SRSF8,NEUTRAL,0.03606970058258812,0.13750352374993502,0.05203757815684963,0.18954110190678464,0.10926688798322406,0.10926688798322376,False
PPP3R2,NEUTRAL,0.035835170601974185,0.13750352374993502,0.05169922291687813,0.18920274666681314,0.10892853274325094,0.10892853274325094,False
MEFV,DCG,-1.071662940151458,1.485426827170242,-1.5460828092609944,-0.0606559820907524,-0.14085048025342553,-1.488853499434621,True
ELOVL3,NEUTRAL,0.06880715643070225,0.13750352374993502,0.09926774336024528,0.23677126711018032,0.15649705318661963,0.15649705318661963,False
RPS27L,NEUTRAL,0.014603777608468092,0.13750352374993502,0.021068797533982202,0.1585723212839172,0.07829810736035507,0.07829810736035538,False
LEF1,NEUTRAL,0.02194656218477541,0.13750352374993502,0.03166219642853674,0.16916572017847176,0.08889150625490959,0.0888915062549099,False
SEPTIN9,DCG,-0.8109197601919516,1.2479275134435854,-1.169909916587796,0.07801759685578946,-0.002720596822478903,-1.1126806067614243,True
ATP5MF-PTCD1,DSG,-0.015165600345664084,-3.321928094887362,-0.021879336410793523,-3.343807431298156,-3.4240816452217175,0.03534997341557922,False
RNASEH2A,DIG,0.8878345958942615,0.5109619192773794,1.2808745686263079,1.7918364879036872,1.7153905557138238,1.3381038784526809,True
CBLL1,DIG,1.5527321311056774,0.4329594072761063,2.2401189453751127,2.673078352651219,2.5875997769362287,2.297348255201486,True
NECAB3,DCG,-1.039820299387284,1.3923174227787602,-1.5001435893417119,-0.10782616656295163,-0.19074755104337215,-1.4429142795153382,True
HMBOX1,NEUTRAL,0.01980609336736876,0.13750352374993502,0.028574152680486704,0.16607767643042173,0.08580346250685941,0.08580346250685941,False
TMBIM4,DSG,-0.028997421114224944,1.2555007331483865,-0.04183443564006125,1.2136662975083252,1.1325588960226773,0.015394874186311582,False
MROH8,DCG,-0.7834679806722902,1.1210154009613662,-1.1303053704112034,-0.009289969449837177,-0.08997373758925219,-1.0730760605848304,True
IFI35,NEUTRAL,-0.05583425048950404,0.13750352374993502,-0.08055179629295967,0.056951727456975354,-0.02332248646658549,-0.023322486466585652,False
LRRC4C,DIG,0.578053071727043,0.5109619192773794,0.8339542999512373,1.3449162192286166,1.26553612554364,0.8911836097776092,True
FN3K,DCG,-0.8217615557157277,1.2630344058337937,-1.18555132122428,0.07748308460951359,-0.0011901679940315537,-1.1283220113979073,True
COX7A2L,DIG,-1.029810993739638,0.45943161863729726,-1.485703213721111,-1.0262715950838137,-1.0946684335431396,-1.428473903894738,True
KCNB2,DCG,-0.8990405599146469,1.3146965256562866,-1.2970413573468982,0.017655168309388403,-0.05924315698895533,-1.2398120475205234,True
BIRC5,DCG,-1.034160542572456,1.4659744645040693,-1.491978286252322,-0.026003821748252776,-0.1076258027423019,-1.43474897642595,True
LINC02301,NEUTRAL,-0.014982611997858853,0.13750352374993502,-0.02161534002887445,0.11588818372106056,0.035613969797499714,0.0356139697974994,False
CDH1,NEUTRAL,-0.048434403609249506,0.13750352374993502,-0.06987607389547877,0.06762744985445625,-0.012646764069104978,-0.012646764069104817,False
LINC02818,DCG,-0.8338573466832805,1.2779847472997656,-1.2030018588687978,0.07498288843096779,-0.0041466929095244935,-1.1457725490424113,True
AK8,NEUTRAL,0.010001804164029864,0.13750352374993502,0.01442955326738847,0.1519330770173235,0.07165886309376322,0.07165886309376322,False
DPP9-AS1,NEUTRAL,-0.0012661278516107374,0.13750352374993502,-0.0018266363726502082,0.1356768873772848,0.05540267345372234,0.055402673453722955,False
FETUB,DSG,0.06186245338981831,1.3001237245690138,0.08924865472271552,1.3893723792917294,1.3093142278257321,0.14647796454908957,False
EIF4A2P3,DIG,0.9232689907635923,0.4724877714627438,1.3319955943811927,1.8044833658439365,1.7305692874805219,1.3892249042075646,True
EEF1A1P1,DIG,0.7437565476280684,0.4329594072761063,1.0730138828917104,1.5059732901678167,1.419047509671593,1.130243192718081,True
CASC8,DCG,-0.916954649456725,1.3785116232537298,-1.322885925491295,0.055625697762434756,-0.028004556588523258,-1.2656566156649223,True
GALNT6,DIG,1.4713138696324635,0.45943161863729726,2.122657223309906,2.5820888419472032,2.499701401271379,2.1798865331362793,True
KLHL2P1,NEUTRAL,-0.0063216659233274195,0.13750352374993502,-0.009120236077741218,0.1283832876721938,0.04810907374863047,0.04810907374863017,False
SNX25P1,DCG,-0.9377844293129003,1.1043366598147357,-1.352936945592608,-0.2486002857778722,-0.3308976173926528,-1.2957076357662347,True
SP140,NEUTRAL,-0.017235196536651044,0.13750352374993502,-0.0248651325721731,0.11263839117776192,0.03236417725420042,0.032364177254200106,False
TMEM132C,DIG,-1.6486871003334003,0.45943161863729726,-2.3785527036286016,-1.9191210849913043,-2.0050966984905996,-2.3213233938022295,True
RPS12P31,DSG,0.050485774553798955,-3.321928094887362,0.07283557658420398,-3.2490925183031583,-3.3293667322266542,0.13006488641057795,False
KLHL31,DSG,-0.06346400431279958,1.1538053360790355,-0.09155920429703174,1.0622461317820038,0.9853455838100458,-0.03432989447065758,False
TOP1MT,DCG,-0.8240918632891384,1.3434078222978139,-1.1889132444041857,0.1544945778936282,0.0699644918224296,-1.1316839345778134,True
MTHFD2,DIG,-1.3918336891875667,0.5969351423872323,-2.0079915611330934,-1.411056418745861,-1.481853694142506,-1.9507622513067207,True
PEG3,DSG,-0.07830186720066169,-0.7369655941662062,-0.1129657155027408,-0.849931309668947,-0.9302055235925082,-0.055736405676366715,False
LINC01703,DCG,-0.9148682226987224,1.2555007331483865,-1.3198758479543466,-0.06437511480596014,-0.14613019530703725,-1.2626465381279728,True
EPN2-AS1,NEUTRAL,0.0219878821403072,0.13750352374993502,0.03172180852347221,0.16922533227340722,0.08895111834984486,0.08895111834984515,False
FAM187B,DSG,0.11016622521092839,1.412781525338476,0.1589362667852631,1.571717792123739,1.4859003179861918,0.21616557661163707,False
ACSBG1,NEUTRAL,-0.029984985380484813,0.13750352374993502,-0.04325918970955351,0.09424433404038152,0.01397012011681927,0.01397012011681927,False
PPIP5K2,NEUTRAL,-0.007203830355381212,0.13750352374993502,-0.010392930329113854,0.12711059342082118,0.04683637949725952,0.046836379497259835,False
MIA,DSG,-0.01165595980946092,1.2854022188622483,-0.016815995413910337,1.2685862234483378,1.182642607378566,0.04041331441246186,False
LINC01863,DIG,-1.4905455110018886,0.523561956057013,-2.1504026169417307,-1.6268406608847177,-1.7179141333614805,-2.093173307115347,True
EEF1GP3,NEUTRAL,0.06463486939999563,0.13750352374993502,0.0932484055518795,0.23075192930181454,0.15047771537825186,0.15047771537825214,False
CTNND1,DIG,-1.0672473455306088,0.523561956057013,-1.5397124527989194,-1.0161504967419064,-1.1022785638547152,-1.4824831429725465,True
CDH11,NEUTRAL,-0.0013146634914106279,0.13750352374993502,-0.0018966584994958833,0.13560686525043913,0.055332651326878035,0.055332651326878646,False
OR51E1,NEUTRAL,0.04200922951967595,0.13750352374993502,0.06060650709960275,0.19811003084953777,0.11783581692597758,0.117835816925977,False
YWHAZP6,DIG,1.675934399821159,0.4462562298895641,2.4178622474772076,2.864118477366772,2.7834047393245256,2.47509155730358,True
CDKN1C,NEUTRAL,-0.025197233629177716,0.13750352374993502,-0.03635192400093531,0.1011515997489997,0.020877385825437175,0.02087738582543686,False
MAFK,DSG,-0.06877944752219453,1.4594316186372973,-0.09922776785535276,1.3602038507819445,1.2761654779005474,-0.04199845802898028,False
VWC2L,NEUTRAL,-0.02795193616844093,0.13750352374993502,-0.040326119693454586,0.09717740405648043,0.016903190132918362,0.016903190132918362,False
LPXN,DIG,0.9629524405103899,0.523561956057013,1.389246710536264,1.912808666593277,1.8358615060647498,1.4464760203626372,True
PCDHGB2,DIG,-1.5805836355068639,0.405992359675837,-2.2803001726560015,-1.8743078129801645,-1.9638804647984247,-2.223070862829629,True
C11orf68,DIG,-1.6082031997377682,0.49825086752782544,-2.3201467810034413,-1.8218959134756159,-1.9001132007908128,-2.26291747117707,True
FKBP14-AS1,DSG,-0.05159325672425579,1.2479275134435854,-0.074433335619395,1.1734941778241905,1.0973936341778403,-0.01720402579302044,False
ARRB2,NEUTRAL,0.004359708310958163,0.13750352374993502,0.006289729559941741,0.14379325330987677,0.0635190393863147,0.06351903938631438,False
HSDL2,NEUTRAL,-0.023089955921857044,0.13750352374993502,-0.03331176490280791,0.10419175884712711,0.023917544923564696,0.023917544923565008,False
RABGAP1L,DCG,0.9436077459380091,-0.7369655941662062,1.3613382156091787,0.6243726214429725,0.5440984075194093,1.4185675254355503,True
SLC19A2,DCG,-1.1473579609164177,1.4982508675278254,-1.655287640338589,-0.15703677281076356,-0.23464080162159437,-1.598058330512217,True
EIF3D,NEUTRAL,0.01405673860006968,0.13750352374993502,0.020279587069393,0.15778311081932803,0.07750889689576722,0.07750889689576691,False
ZNF653,DIG,1.4328036328321694,0.523561956057013,2.067098695654662,2.590660651711675,2.512368852252407,2.1243280054810336,True
MLXIPL,DSG,0.009231505596831523,1.3575520046180838,0.013318247344487548,1.3708702519625713,1.2888302312908204,0.07054755717086064,False
LYST,DCG,-0.7870852865794508,1.1699250014423124,-1.1355240397048423,0.03440096173747009,-0.05064728793437931,-1.0782947298784697,True
COQ8B,DSG,-0.07719294817560023,1.3923174227787602,-0.1113658835245372,1.280951539254223,1.2076028818274303,-0.05413657369816447,False
SEMA3F-AS1,NEUTRAL,0.08466880822558016,0.13750352374993502,0.12215126974502317,0.2596547934949582,0.17938057957139555,0.17938057957139555,False
RBM19,NEUTRAL,0.002113398956480573,0.13750352374993502,0.003048990193934433,0.14055251394386944,0.0602783000203073,0.060278300020306985,False
SH2B3,NEUTRAL,0.04145258274403925,0.13750352374993502,0.05980343555686485,0.19730695930679987,0.11703274538323895,0.11703274538323895,False
MYO5A,NEUTRAL,-0.05755310617891266,0.13750352374993502,-0.08303158087207325,0.054471942877861765,-0.025802271045700587,-0.025802271045700587,False
ECI2-DT,DIG,-1.2570561329290528,0.6553518286125543,-1.8135486490958022,-1.1581968204832478,-1.2432559281641442,-1.756319339269426,True
PHF24,DIG,1.2259827548797089,0.523561956057013,1.7687192406803456,2.2922811967373584,2.213666431147255,1.8259485505067181,True
PNRC2,NEUTRAL,0.03324634339448818,0.13750352374993502,0.04796433474291965,0.18546785849285466,0.10519364456929337,0.10519364456929337,False
MTSS1,DCG,-1.0506137218786387,1.4528589647138113,-1.5157152064442088,-0.0628562417303975,-0.14873863186502906,-1.4584858966178362,True
SNORA26,DIG,1.0492634490251642,0.4329594072761063,1.5137671744946541,1.9467265817707604,1.8700425553446325,1.5709964843210267,True
KMT5B,DSG,0.008657269131967514,-0.7369655941662062,0.012489799244330633,-0.7244757949218756,-0.8047500088454371,0.06971910907070387,False
PPP1R1A,DIG,1.1379034295758237,0.5109619192773794,1.6416476348595848,2.1526095541369643,2.0750043928840327,1.6988769446859566,True
GNG14,DIG,-1.5236359088288998,0.49825086752782544,-2.1981419697878026,-1.6998911022599772,-1.775400573333434,-2.140912659961409,True
ACSF2,DSG,-0.05525513876122411,-0.7369655941662062,-0.07971631467444956,-0.8166819088406558,-0.8969561227642175,-0.022487004848075726,False
MBNL1,DSG,-0.061572067097843936,1.3146965256562866,-0.08882971585934196,1.2258668097969445,1.1491049930852215,-0.03160040603296884,False
REX1BD,DIG,1.3917181837051082,0.560714954474479,2.007824921946355,2.568539876420834,2.485706235969874,2.0650542317727285,True
MAST4,NEUTRAL,0.014577313661158098,0.13750352374993502,0.021030618128435728,0.15853414187837075,0.0782599279548101,0.07825992795480949,False
RPL37P6,DCG,0.8202020956769565,-0.7369655941662062,1.1833014959598802,0.446335901793674,0.3660616878701118,1.240530805786253,True
ATP5PBP5,NEUTRAL,0.025037698431860145,0.13750352374993502,0.03612176336291801,0.17362528711285302,0.09335107318929148,0.09335107318929148,False
COPG2,DIG,0.5775092709602457,0.53605290024021,0.8331697612817472,1.3692226615219574,1.2888214696760016,0.8903990711081184,True
SPRED2,DIG,-1.1522949744747277,0.5109619192773794,-1.6624102453159644,-1.1514483260385848,-1.210618080921662,-1.6051809354895923,True
RPL21P37,DIG,-1.0508586019471244,0.6205864104518776,-1.5160684937046258,-0.8954820832527483,-0.9675368376218894,-1.4588391838782542,True
EI24,NEUTRAL,-0.003660128642798682,0.13750352374993502,-0.0052804494419813105,0.13222307430795371,0.051948860384391164,0.051948860384391164,False
RPS23P1,DCG,-0.7671741962563698,1.0959244199985356,-1.1067984084370412,-0.010873988438505622,-0.09604873412112512,-1.049569098610666,True
CYP2U1,NEUTRAL,-0.04330183331501159,0.13750352374993502,-0.06247134018496773,0.0750321835649673,-0.005242030358593613,-0.005242030358593292,False
GTF2IP7,DSG,-0.011648178288357318,1.4918530963296748,-0.016804769052003597,1.475048327277671,1.3934087815498981,0.04042454077436873,False
ZNF521,DIG,-1.0369985423765729,0.4195388915137848,-1.4960726544957654,-1.0765337629819807,-1.1411140650184868,-1.438843344669392,True
PIK3C3,NEUTRAL,0.008786213510676847,0.13750352374993502,0.012675826660045098,0.15017935040998012,0.06990513648641801,0.06990513648641801,False
ACBD4,NEUTRAL,-0.008015982845488536,0.13750352374993502,-0.011564618699037313,0.12593890505089772,0.04566469112733591,0.04566469112733591,False
SLC26A5,DSG,-0.006154063721024372,1.145677455195635,-0.008878437211636543,1.1367990179839984,1.0621307262045498,0.04835087261473704,False
IL10RB-DT,DIG,1.558823755140759,0.4854268271702419,2.248907301161485,2.734334128331727,2.6524159139516144,2.3061366109878576,True
GNA15,NEUTRAL,0.06506015135562668,0.13750352374993502,0.09386195772024798,0.231365481470183,0.15109126754662286,0.15109126754662286,False
C10orf105,DIG,-1.0723366581814247,0.4724877714627438,-1.547054778921785,-1.0745670074590412,-1.154527981401352,-1.4898254690954125,True
NGB,NEUTRAL,0.014668091993779046,0.13750352374993502,0.02116158357872814,0.15866510732866315,0.07839089340510183,0.07839089340510214,False
KLRD1,DSG,0.06349949367339876,1.3074285251922473,0.0916104046215725,1.3990389298138197,1.3187461401640432,0.1488397144479461,False
ARPP19P2,NEUTRAL,0.04933871642996067,0.13750352374993502,0.07118072151733108,0.2086842452672661,0.1284100313437041,0.12841003134370352,False
MIR4700,DIG,1.064219575215655,0.4329594072761063,1.5353443035805847,1.968303710856691,1.8826032878770464,1.5925736134069561,True
CDH12,DCG,-0.7731383785370574,1.1538053360790355,-1.115402904636347,0.03840243144268851,-0.03283961950442578,-1.0581735948099737,True
ATP8B4,NEUTRAL,-0.01068617130785294,0.13750352374993502,-0.015416886351929365,0.12208663739800565,0.041812423474444076,0.041812423474444076,False
GEMIN7,DIG,-1.7065274229510994,0.4724877714627438,-2.461998650232574,-1.9895108787698301,-2.0710415605060124,-2.404769340406201,True
AGXT,NEUTRAL,-0.0006709177921564339,0.13750352374993502,-0.0009679297715882595,0.13653559397834675,0.05626138005478575,0.05626138005478544,False
PLAAT3,DIG,-1.0475733426216036,0.523561956057013,-1.5113288663676625,-0.9877669103106496,-1.0630956098869262,-1.4540995565412906,True
UQCC1,DCG,-0.8972562350696546,1.2854022188622483,-1.2944671207416927,-0.00906490187944442,-0.09211241305172076,-1.23723781091532,True
OSBPL6,NEUTRAL,-0.04647528877863831,0.13750352374993502,-0.06704966864482398,0.07045385510511104,-0.009820358818449332,-0.00982035881844917,False
CHRM3,DCG,-0.8455161266735302,1.2630344058337937,-1.2198219229435465,0.04321248289024715,-0.03576759385710098,-1.1625926131171735,True
DMWD,DIG,-0.9741901410331443,0.4724877714627438,-1.4054592853514372,-0.9329715138886934,-1.013832772740729,-1.3482299755250653,True
RPL36,NEUTRAL,0.016196569787933806,0.13750352374993502,0.02336671091246411,0.16087023466239914,0.080596020738837,0.080596020738837,False
HELLPAR,NEUTRAL,-0.02338074111429615,0.13750352374993502,-0.03373127925790375,0.10377224449203126,0.02349803056846916,0.02349803056846916,False
LINC02450,DIG,1.6168607193252407,0.45943161863729726,2.332636941578687,2.7920685602159843,2.6982800776298834,2.3898662514050577,True
JAKMIP2-AS1,DIG,-0.607181742830488,0.4329594072761063,-0.875978089299863,-0.44301868202375666,-0.5371420818173192,-0.8187487794734868,True
RGS14,DIG,1.1733949374525827,0.45943161863729726,1.6928510572670565,2.152282675904354,2.064927213540347,1.7500803670934295,True
FOXN1,DSG,0.04893784123105081,1.1699250014423124,0.07060238085584845,1.2405273822981608,1.1582454141629295,0.12783169068222244,False
ZNF587,DSG,-0.07738208180552265,-3.321928094887362,-0.11163874567449161,-3.433566840561854,-3.513841054485415,-0.05440943584811756,False
TEX53,NEUTRAL,0.043103414730006624,0.13750352374993502,0.06218508267636085,0.19968860642629588,0.11941439250273353,0.11941439250273322,False
SMAD9-IT1,NEUTRAL,-0.004036940052021715,0.13750352374993502,-0.005824073393417763,0.13167945035651726,0.051405236432955206,0.05140523643295551,False
ITGA1,DIG,1.472246568834394,0.49825086752782544,2.1240028238231723,2.6222536913509975,2.517816434873767,2.1812321336495435,True
ELAVL2,DIG,-0.9692160141203922,0.4329594072761063,-1.3982831371216573,-0.965323729845551,-1.0445520172984841,-1.3410538272952832,True
TPM2,DIG,-1.1320409547911205,0.5109619192773794,-1.633189871560357,-1.1222279522829774,-1.2045272690610935,-1.5759605617339845,True
TRNP1,NEUTRAL,0.07480952960969182,0.13750352374993502,0.10792733737913847,0.24543086112907347,0.16515664720551151,0.16515664720551124,False
SNORD86,DSG,0.09948304598400409,1.446256229889564,0.14352369709365143,1.5897799269832156,1.5116500153945238,0.20075300692002293,False
ADD2,DIG,0.7884939894274853,0.6553518286125543,1.1375563683177878,1.792908196930342,1.7151209687769775,1.1947856781441586,True
FOXK2,DCG,-0.8017095559337054,1.1127001327493624,-1.15662240057885,-0.043922267829487494,-0.12559698872358888,-1.0993930907524763,True
CASP8AP2,DIG,-1.13586666536596,0.49825086752782544,-1.638709205234554,-1.1404583377067286,-1.2357599688172791,-1.581479895408181,True
EXOSC1,NEUTRAL,-0.038241276961715705,0.13750352374993502,-0.055170500629928614,0.0823330231200064,0.0020588091964458617,0.002058809196445542,False
HAUS1,NEUTRAL,0.005180161842857966,0.13750352374993502,0.007473393801693421,0.14497691755162845,0.0647027036280681,0.06470270362806779,False
SPATA18,NEUTRAL,-0.03616268716898413,0.13750352374993502,-0.05217172944391235,0.08533179430602267,0.00505758038246166,0.005057580382461341,False
CCDC134,NEUTRAL,-0.016248789893271536,0.13750352374993502,-0.023442048599469554,0.11406147515046547,0.0337872612269037,0.0337872612269037,False
GPR88,NEUTRAL,-0.0018885639711757273,0.13750352374993502,-0.002724621875616789,0.13477890187431824,0.0545046879507557,0.0545046879507557,False
PTX3,DSG,0.03460489350598626,1.3146965256562866,0.04992430825157707,1.3646208339078636,1.2827519380643007,0.10715361807794878,False
CEP126,NEUTRAL,0.020322881209961983,0.13750352374993502,0.02931971993818765,0.16682324368812268,0.08654902976456148,0.08654902976456148,False
INHBA,DSG,0.01929681490364303,-0.7369655941662062,0.02783941916643804,-0.7091261749997682,-0.7894003889233286,0.08506872899281251,False
MTERF2,DIG,-0.5635170525832427,0.4724877714627438,-0.8129832572182095,-0.34049548575546573,-0.4300192537250768,-0.755753947391838,True
MTFR1L,NEUTRAL,-0.023768965770605145,0.13750352374993502,-0.03429136904431156,0.10321215470562345,0.022937940782061926,0.022937940782061926,False
SYT7,DIG,-1.6643599137154133,0.4854268271702419,-2.4011637937716097,-1.9157369666013677,-2.009614274474531,-2.3439344839452376,True
MYOCD,NEUTRAL,-0.04074700784259208,0.13750352374993502,-0.05878550614557129,0.07871801760436373,-0.0015561963191974464,-0.0015561963191979276,False
AP2A2,NEUTRAL,-0.0154125050135976,0.13750352374993502,-0.022235544550793546,0.11526797919914147,0.0349937652755786,0.03499376527557922,False
RPL5P28,NEUTRAL,0.0017000709637004828,0.13750352374993502,0.0024526839484900077,0.13995620769842504,0.05968199377486338,0.05968199377486338,False
DTD2,DIG,1.3009288257073495,0.4329594072761063,1.8768435653974957,2.309802972673602,2.237425207894205,1.934072875223867,True
CNOT7,NEUTRAL,0.007170059904493876,0.13750352374993502,0.01034420986709011,0.14784773361702513,0.06757351969346409,0.06757351969346409,False
CRYM,DCG,-0.7754888215159552,1.1127001327493624,-1.1187938770658952,-0.0060937443165327565,-0.0842700932434577,-1.061564567239522,True
ZNF728,DIG,-1.2767238277950725,0.4462562298895641,-1.841923134944726,-1.395666905055162,-1.484148868711564,-1.7846938251183495,True
SNORD63B,DIG,1.2466346998572333,0.4854268271702419,1.7985136992841317,2.2839405264543737,2.19263808443123,1.8557430091105052,True
CAPZB,NEUTRAL,-0.021157942603659496,0.13750352374993502,-0.03052445886971288,0.10697906488022214,0.026704850956660482,0.026704850956660482,False
PDIA3,NEUTRAL,-0.0021403763026024585,0.13750352374993502,-0.003087910277400822,0.1344156134725342,0.05414139954897335,0.05414139954897305,False
SV2A,DCG,-1.024345931290892,1.2172307162206693,-1.4778187952281567,-0.2605880790074875,-0.3342712436520725,-1.4205894854017835,True
FILIP1L,DIG,0.9594674918835044,0.4462562298895641,1.3842189924345036,1.8304752223240677,1.7531356956884006,1.4414483022608762,True
USP44,DIG,-1.4276791157826354,0.5109619192773794,-2.0597055803203483,-1.5487436610429688,-1.6201814124353466,-2.0024762704939754,True
FOXL1,NEUTRAL,-0.01567521523062164,0.13750352374993502,-0.02261455527808499,0.11488896847185003,0.03461475454828991,0.03461475454829022,False
ATE1,NEUTRAL,-0.003942926463636878,0.13750352374993502,-0.005688440455678782,0.13181508329425623,0.05154086937069514,0.051540869370694825,False
VIPR1-AS1,NEUTRAL,-0.02230275987462117,0.13750352374993502,-0.03217608106925332,0.1053274426806817,0.025053228757119725,0.025053228757119725,False
LINC00663,DIG,1.4612262424026088,0.523561956057013,2.108103853531058,2.631665809588071,2.53974896455638,2.1653331633574298,True
PPP1R11,DSG,-0.07105329638409595,1.412781525338476,-0.10250823833214895,1.310273287006327,1.227766184208965,-0.04527892850577439,False
LAPTM4A-DT,DIG,0.6604774718236717,0.405992359675837,0.9528675732188912,1.3588599328947282,1.2927805193787143,1.010096883045261,True
PYY,NEUTRAL,-0.034058906910607575,0.13750352374993502,-0.049136616098032396,0.08836690765190262,0.008092693728342096,0.008092693728341777,False
DLX6-AS1,DSG,0.005665223400045784,1.3504972470841334,0.008173189704774165,1.3586704367889075,1.2751622602642303,0.06540249953114717,False
NR1H2,DIG,0.6671842840620587,0.5484366246960424,0.9625434579753855,1.510980082671428,1.4326218069193695,1.0197727678017572,True
TTC1,DIG,-0.8082443512290808,0.3923174227787603,-1.1660501173447124,-0.7737326945659522,-0.8626426566613307,-1.1088208075183406,True
WDR75,NEUTRAL,-0.012592114613992105,0.13750352374993502,-0.018166581307911853,0.11933694244202317,0.03906272851846074,0.03906272851846105,False
MRPL22,DIG,0.8692004136124827,0.4462562298895641,1.2539911262573646,1.7002473561469287,1.6100538824165116,1.3112204360837365,True
CCNT2-AS1,NEUTRAL,0.035106119924108545,0.13750352374993502,0.05064742511936463,0.18815094886929964,0.1078767349457387,0.1078767349457387,False
PRELID2P1,DSG,-0.0811157193921496,1.145677455195635,-0.11702524610519494,1.0286522090904402,0.9475396758231851,-0.05979593627882115,False
REST,NEUTRAL,-0.03898684566876107,0.13750352374993502,-0.05624612890622496,0.08125739484371006,0.000983180920148855,0.000983180920148535,False
PPM1L,DSG,0.062367581789585215,1.2249663650002742,0.08997740096007141,1.3149437659603456,1.2383388514073652,0.14720671078644462,False
HNRNPA1P10,DIG,1.1955425218228668,0.4462562298895641,1.7248032674057354,2.1710594972952997,2.08962587765842,1.7820325772321084,True
PAX3,NEUTRAL,0.01355773782653179,0.13750352374993502,0.019559681128010126,0.15706320487794515,0.07678899095438267,0.07678899095438298,False
RDH11,NEUTRAL,-0.02581192033830308,0.13750352374993502,-0.03723872946789083,0.10026479428204418,0.01999058035848371,0.01999058035848371,False
SULT6B1,DIG,-1.643464042128111,0.4195388915137848,-2.3710174234575563,-1.9514785319437715,-2.019366254111,-2.3137881136311607,True
SHISA2,NEUTRAL,0.01719831193682624,0.13750352374993502,0.02481191934292068,0.1623154430928557,0.08204122916929547,0.08204122916929578,False
S1PR1,NEUTRAL,0.0012927921237556464,0.13750352374993502,0.0018651047858425822,0.1393686285357776,0.059094414612217004,0.059094414612217316,False
ABCC3,DSG,-0.021271045205693895,1.1043366598147357,-0.03068763143277954,1.0736490283819562,0.995184074696186,0.026541678393593296,False
LINC00636,DIG,-1.6816805289575072,0.523561956057013,-2.4261521594865245,-1.9025902034295115,-1.9823891347033704,-2.3689228496601316,True
RABGGTA,NEUTRAL,0.010573882866538074,0.13750352374993502,0.015254888374495257,0.15275841212443028,0.07248419820086899,0.07248419820086899,False
MKLN1,DIG,-0.8365682155473813,0.523561956057013,-1.2069128159355365,-0.6833508598785235,-0.7629776551473761,-1.1496835061091633,True
TUBB8P6,DCG,-0.9877713400036782,1.412781525338476,-1.4250528137555527,-0.012271288417076809,-0.0975941513982825,-1.3678235039291666,True
DDAH1,NEUTRAL,-0.1199025836497109,0.13750352374993502,-0.17298286282121203,-0.03547933907127701,-0.11575355299483919,-0.11575355299483919,False
DYNC2LI1,DIG,-1.6640497191662595,0.5484366246960424,-2.400716277633835,-1.8522796529377927,-1.9224688783801358,-2.343486967807462,True
ABAT,DCG,-0.9231507830737385,1.4059923596758368,-1.331825056733246,0.07416730294259088,-0.00526189639422755,-1.2745957469068734,True
TMEM150C,NEUTRAL,-0.01897855453289853,0.13750352374993502,-0.027380266507853464,0.11012325724208155,0.02984904331852017,0.02984904331852017,False
IQCA1,NEUTRAL,0.05974642554763965,0.13750352374993502,0.0861958718484214,0.22369939559835642,0.14342518167479595,0.14342518167479595,False
BSCL2,DIG,-0.6583057529525614,0.4724877714627438,-0.9497344451733355,-0.4772466737105917,-0.5550256063399008,-0.8925051353469622,True
POC1B-AS1,DIG,-0.7341399734114693,0.5969351423872323,-1.0591400989590822,-0.4622049565718499,-0.5467210777317498,-1.0019107891327097,True
RN7SL738P,DSG,0.08686954880145234,1.4195388915137848,0.12532626726011709,1.5448651587739017,1.4632028031084576,0.18255557708649067,False
ZNF347,DSG,-0.06501786749021593,-0.7369655941662062,-0.09380095499731028,-0.8307665491635166,-0.9110407630870786,-0.03657164517093688,False
ZNF277,DIG,-1.356035104257995,0.53605290024021,-1.9563451201843578,-1.4202922199441477,-1.4971817681235136,-1.8991158103579848,True
PHF1,DSG,-0.15449942912021705,1.3785116232537298,-0.22289556021191304,1.1556160630418169,1.078657066102146,-0.16566625038553887,False
FAM222B,DSG,-0.04199651174085988,1.145677455195635,-0.060588159223173677,1.0850892959724614,1.0067783641864867,-0.003358849396801619,False
PPIL3,NEUTRAL,0.005324231315064231,0.13750352374993502,0.007681242114788891,0.1451847658647239,0.0649105519411636,0.0649105519411633,False
SMARCE1P3,DIG,-0.9953944527649243,0.4854268271702419,-1.43605064073234,-0.950623813562098,-1.0285496704347403,-1.3788213309059625,True
LINC00954,DIG,-0.9092773963870583,0.5109619192773794,-1.3118099905600373,-0.8008480712826579,-0.8685938778304149,-1.254580680733665,True
LDLRAD4,DIG,1.2969216592136765,0.523561956057013,1.8710624461690575,2.3946244022260705,2.315693356384498,1.9282917559954298,True
PITPNM2,DIG,-1.1622698896856603,0.405992359675837,-1.6768010060240646,-1.2708086463482275,-1.3555132251324467,-1.6195716961976918,True
SPATS2L,NEUTRAL,0.026458658465920874,0.13750352374993502,0.038171775357358835,0.17567529910729385,0.09540108518373369,0.09540108518373369,False
SIGLEC6,DSG,-0.04187965651290134,1.399171093819823,-0.06041957276529594,1.338751521054527,1.2575368577062964,-0.0031902629389242774,False
ISLR2,NEUTRAL,0.020118770813650703,0.13750352374993502,0.029025250881635486,0.1665287746315705,0.08625456070800985,0.08625456070800985,False
SESN2,NEUTRAL,0.000293073670868018,0.13750352374993502,0.0004228159315764139,0.13792633968151144,0.05765212575794975,0.057652125757949445,False
LPGAT1,DCG,-0.8925250768225578,1.1618876823768942,-1.2876415022009453,-0.1257538198240511,-0.20260993117098175,-1.230412192374573,True
ZNF213-AS1,DCG,-0.8987635984354633,1.3923174227787602,-1.2966417863943627,0.09567563638439758,0.01812744961718022,-1.2394124765679901,True
LURAP1L,DIG,-0.5643566104606313,0.405992359675837,-0.8141944832044573,-0.4082021235286203,-0.483725833636754,-0.756965173378085,True
DOCK10,NEUTRAL,-0.02421218021071043,0.13750352374993502,-0.03493079231910184,0.10257273143083318,0.022298517507271406,0.022298517507271406,False
LINC00887,DCG,-0.8496647960688921,1.2249663650002742,-1.225807187706523,-0.000840822706248856,-0.08292208204943803,-1.1685778778801503,True
ALMS1,DIG,0.8050872771844482,0.49825086752782544,1.1614954222768017,1.6597462898046271,1.5907112034630195,1.218724732103174,True
RPS3AP2,DCG,-0.843764608117277,1.0959244199985356,-1.2172950158084153,-0.12137059580987963,-0.20393597278008224,-1.1600657059820305,True
UNC79,NEUTRAL,-0.061111486754785345,0.13750352374993502,-0.08816523888248039,0.04933828486745463,-0.03093592905610761,-0.030935929056107776,False
LINC01987,DCG,-0.8727860571185214,1.0959244199985356,-1.2591641163619225,-0.16323969636338687,-0.2441868628039058,-1.2019348065355369,True
INSYN1,NEUTRAL,0.027794276370509137,0.13750352374993502,0.04009866468483083,0.17760218843476586,0.09732797451120397,0.09732797451120397,False
ARIH1,NEUTRAL,-0.026936998278729054,0.13750352374993502,-0.03886187383315695,0.09864164991677807,0.018367435993217544,0.01836743599321786,False
SVEP1,NEUTRAL,0.032247827292192464,0.13750352374993502,0.046523780513889834,0.18402730426382485,0.10375309034026298,0.10375309034026267,False
CWC27,NEUTRAL,-0.011371483952521053,0.13750352374993502,-0.016405583505850554,0.12109794024408446,0.04082372632052303,0.04082372632052272,False
HNF1A,DIG,0.6619112881612201,0.37851162325372983,0.9549361329386179,1.3334477561923477,1.2552809387500414,1.0121654427649924,True
ODAM,DIG,0.8618349152202373,0.3923174227787603,1.2433649582531965,1.6356823810319567,1.5511050440632395,1.3005942680795697,True
BRAT1,DSG,-0.05284519994507926,1.3854310371935206,-0.07623950789555158,1.309191529297969,1.2252774539599958,-0.019010198069177572,False
DUSP14,DIG,1.091878364317423,0.3923174227787603,1.5752475014546992,1.9675649242334594,1.888134867360243,1.6324768112810728,True
GPR171,DSG,-0.0912623755422222,1.2016338611696507,-0.1316637766145102,1.0699700845551405,0.9843485396168987,-0.07443446678813652,False
PARM1-AS1,DIG,-0.9133562275276882,0.4195388915137848,-1.3176945000192475,-0.8981556085054627,-0.984844741954303,-1.26046519019287,True
C6orf58,DIG,0.8362552013472406,0.4724877714627438,1.2064612319012658,1.6789490033640095,1.5861427788038636,1.2636905417276376,True
SLC23A4P,DSG,0.010470804817350368,-0.7369655941662062,0.015106178184107644,-0.7218594159820986,-0.8021336299056583,0.07233548801048198,False
MRGPRF-AS1,DCG,-0.8194913908582621,1.2555007331483865,-1.182276165642414,0.07322456750597262,-0.010344518746119857,-1.1250468558160414,True
SLC25A39P1,DCG,-0.7163540553283767,1.2705289423807182,-1.0334804431429472,0.23704849923777105,0.15333120945420928,-0.9762511333165628,True
RXFP4,DCG,-0.8763868626329846,1.1618876823768942,-1.2643589806208442,-0.10247129824394996,-0.18184470542672607,-1.2071296707944643,True
SLC25A22,NEUTRAL,-0.02117915563872998,0.13750352374993502,-0.03055506281021127,0.10694846093972375,0.02667424701616179,0.026674247016161473,False
UPF3AP3,NEUTRAL,-0.009203883429097698,0.13750352374993502,-0.013278396980079356,0.12422512676985567,0.043950912846295195,0.04395091284629488,False
IRF1,NEUTRAL,-0.040641971514290665,0.13750352374993502,-0.05863397075561766,0.07886955299431736,-0.0014046609292434817,-0.0014046609292434817,False
PPP1R37,DIG,-1.5090519529212387,0.49825086752782544,-2.1771017689232766,-1.6788509013954511,-1.7616923751535223,-2.1198724590969036,True
ADH4,NEUTRAL,0.0033509350386289167,0.13750352374993502,0.004834377362571005,0.14233790111250602,0.062063687188944616,0.062063687188944616,False
EIF4E3,NEUTRAL,-0.0032025583775605556,0.13750352374993502,-0.0046203150894640185,0.132883208660471,0.05260899473690907,0.05260899473690845,False
COL26A1,DSG,0.12930729094642382,1.2479275134435854,0.186550987399192,1.4344785008427774,1.3541965817077377,0.24378029722556407,False
RAET1G,DIG,-0.5778263139560349,0.53605290024021,-0.8336271576395208,-0.29757425739931076,-0.3924888729782567,-0.7763978478131479,True
GXYLT1,DIG,1.5706469654871307,0.608809242675524,2.2659645880955823,2.8747738307711064,2.788405314482719,2.323193897921954,True
CPNE6,NEUTRAL,-0.0017304652839096487,0.13750352374993502,-0.0024965336835269625,0.13500699006640807,0.05473277614284658,0.05473277614284658,False
TGFB3-AS1,NEUTRAL,-0.007822148450354425,0.13750352374993502,-0.011284974778423619,0.1262185489715114,0.045944335047949064,0.045944335047949064,False
EIF5A,NEUTRAL,-0.01373932350929051,0.13750352374993502,-0.01982165389202257,0.11768186985791246,0.037407655934352406,0.037407655934352406,False
LY6E,DCG,-0.8441696321840061,1.3504972470841334,-1.217879342020926,0.13261790506320748,0.05595947662337735,-1.160650032194552,True
ABHD6,NEUTRAL,-0.006258976279998786,0.13750352374993502,-0.009029794040195901,0.1284737297097391,0.048199515786178884,0.04819951578617857,False
ANXA2R,DSG,-0.05108060581028249,1.399171093819823,-0.07369373668809852,1.3254773571317244,1.2469988557681826,-0.016464426861725962,False
TAT,NEUTRAL,-0.043316551327833304,0.13750352374993502,-0.062492573789077355,0.07501094996085766,-0.00526326396270493,-0.005263263962704769,False
TMEM30A,DIG,-1.7124916852527574,0.405992359675837,-2.470603261877737,-2.0646109022019,-2.154020672841368,-2.413373952051364,True
RSAD1,DSG,-0.07822100050935323,1.145677455195635,-0.11284904952821698,1.032828405667418,0.9560135773920297,-0.05561973970184481,False
UBA52,DIG,1.231429921845096,0.5728896684205812,1.7765778414482036,2.3494675098687847,2.2607660112965755,1.8338071512745782,True
MIR4657,DSG,-0.05020205470571092,-3.321928094887362,-0.0724262553663656,-3.3943543502537277,-3.474628564177279,-0.015196945539990644,False
USP2-AS1,NEUTRAL,0.01089820691988413,0.13750352374993502,0.01572278907789862,0.15322631282783364,0.07295209890427175,0.07295209890427175,False
IMPDH1,DIG,1.1718806679252904,0.560714954474479,1.6906664281294628,2.2513813826039417,2.1770841184033967,1.7478957379558342,True
RAC1P2,NEUTRAL,0.06021275474871564,0.13750352374993502,0.08686864267423544,0.22437216642417046,0.14409795250060878,0.1440979525006082,False
ING3,DIG,1.0809720470887956,0.523561956057013,1.5595130116745963,2.0830749677316094,2.0103664673608064,1.6167423215009693,True
IDNK,NEUTRAL,0.032768084353655476,0.13750352374993502,0.04727435279644999,0.184777876546385,0.10450366262282383,0.10450366262282294,False
GEMIN7-AS1,DIG,-0.6121603786372869,0.45943161863729726,-0.883160742488724,-0.42372912385142675,-0.496871959808188,-0.8259314326623499,True
ZNF607,DSG,-0.008494356449034339,-0.7369655941662062,-0.012254765924565026,-0.7492203600907712,-0.8294945740143337,0.04497454390180753,False
MAPK6P4,DCG,-0.9185563764699524,1.3146965256562866,-1.325196729110136,-0.0105002034538495,-0.08749087716309747,-1.2679674192837598,True
ZBTB7A,NEUTRAL,0.044851959827699496,0.13750352374993502,0.06470770001757307,0.2022112237675081,0.12193700984394718,0.12193700984394687,False
HPS4,NEUTRAL,0.028218340450720365,0.13750352374993502,0.04071045983037071,0.1782139835803057,0.09793976965674506,0.09793976965674506,False
RLF,DIG,0.8214240727309409,0.53605290024021,1.1850644361957436,1.7211173364359538,1.6294781378631005,1.2422937460221168,True
FBXO22,NEUTRAL,-0.025906308972512036,0.13750352374993502,-0.03737490348238037,0.10012862026755465,0.0198544063439927,0.019854406343993016,False
MARK4,DIG,-1.557179391118928,0.5849625007211562,-2.246534985341773,-1.661572484620617,-1.7346511218460476,-2.1893056755153992,True
MIR1226,NEUTRAL,0.02957854727067694,0.13750352374993502,0.042672823464105405,0.1801763472140404,0.09990213329047803,0.09990213329047803,False
RNF185,NEUTRAL,0.001834634526061422,0.13750352374993502,0.0026468181325924873,0.1401503418825275,0.05987612795896538,0.059876127958965075,False
HIGD1A,NEUTRAL,-0.02058522083140389,0.13750352374993502,-0.029698196009070577,0.10780532774086445,0.02753111381730335,0.02753111381730335,False
CLDN4,DSG,0.01313978571657846,1.1043366598147357,0.01895670369165138,1.123293363506387,1.049312301859394,0.0761860135180244,False
MX2,DIG,-0.8384628237637661,0.5109619192773794,-1.2096461578137423,-0.6986842385363629,-0.7752183214885945,-1.1524168479873704,True
EFR3A,DCG,0.8315599407700341,-0.7369655941662062,1.1996874027508484,0.4627218085846422,0.3824475946610811,1.256916712577222,True
EZH1,NEUTRAL,-0.04480248873510417,0.13750352374993502,-0.06463632831761844,0.07286719543231658,-0.00740701849124553,-0.007407018491245208,False
LINC02752,NEUTRAL,0.033600980453660466,0.13750352374993502,0.04847596786950295,0.18597949161943797,0.10570527769587612,0.10570527769587643,False
MED21,DSG,-0.043625744731343355,1.1779177921958432,-0.06293864557899688,1.1149791466168464,1.040464645780353,-0.0057093357526241005,False
ALDH1L2,NEUTRAL,0.0409856188911646,0.13750352374993502,0.059129749122048186,0.1966332728719832,0.11635905894842244,0.11635905894842273,False
CCDC174,DIG,1.5720158627492595,0.405992359675837,2.267939489387142,2.673931849062979,2.5993457136841553,2.325168799213514,True
RP9P,DSG,0.09812145058230597,1.2854022188622483,0.1415593301599243,1.4269615490221725,1.3475395607134413,0.19878863998629837,False
NEK3,NEUTRAL,-0.010926126762053342,0.13750352374993502,-0.015763068895738544,0.12174045485419648,0.04146624093063571,0.04146624093063571,False
ARL4C,NEUTRAL,0.014215608047681695,0.13750352374993502,0.02050878723361162,0.15801231098354665,0.07773809705998534,0.07773809705998504,False
ABCG1,DIG,1.5991076989078319,0.523561956057013,2.307024747061691,2.830586703118704,2.7499231051338793,2.364254056888062,True
SLC15A5,DIG,-1.3422590681294542,0.5109619192773794,-1.936470501178605,-1.4255085819012256,-1.498455648633222,-1.8792411913522267,True
TIGD7,DCG,-0.9467929221813177,1.0789513413948222,-1.3659334535797574,-0.2869821121849352,-0.3714667151246325,-1.3087041437533855,True
SPRED1,NEUTRAL,-0.001548935647663365,0.13750352374993502,-0.0022346417775400713,0.13526888197239495,0.05499466804883284,0.05499466804883284,False
CRNN,DCG,-0.962594244076165,1.4262647547020981,-1.3887299423169437,0.03753481238515444,-0.04543959020919212,-1.3315006324905698,True
PARP6,NEUTRAL,0.028457362263534184,0.13750352374993502,0.04105529541438149,0.1785588191643165,0.09828460524075529,0.09828460524075529,False
LINC02523,DIG,-1.0380892935559025,0.49825086752782544,-1.497646275813028,-0.9993954082852026,-1.0841026343172437,-1.4404169659866382,True
PDE1C,DSG,-0.13220852564731955,1.3645724322958561,-0.19073658431462925,1.173835847981227,1.095200422078124,-0.13350727448825633,False
RWDD3,NEUTRAL,0.023488110929122605,0.13750352374993502,0.033886181157295046,0.17138970490723007,0.09111549098366803,0.09111549098366803,False
FAM201A,DIG,1.6865091713752964,0.53605290024021,2.433118417956895,2.9691713181971053,2.8817171872460454,2.4903477277832677,True
POLR2L,NEUTRAL,0.04138188823147894,0.13750352374993502,0.05970144493417602,0.19720496868411103,0.11693075476054966,0.11693075476054995,False
OGFR,DCG,-0.9069117099694965,1.0789513413948222,-1.3083970264971225,-0.22944568510230035,-0.30594341907892647,-1.251167716670751,True
FKBP9,DSG,0.0316799162210673,1.145677455195635,0.04570445802791162,1.1913819132235466,1.1145442285060982,0.10293376785428451,False
BEND7,DCG,-0.7551960746059458,1.0959244199985356,-1.0895176317328097,0.006406788265725938,-0.06499112496682574,-1.0322883219064372,True
SMPD5,DCG,-0.9638600390985919,1.3645724322958561,-1.390556098518581,-0.025983666222724855,-0.11052755190351289,-1.3333267886922073,True
CD93,DCG,0.8745038238335897,-0.7369655941662062,1.2616423298831556,0.5246767357169494,0.4444025217933888,1.3188716397095293,True
POU5F1P4,DCG,-0.959722353870139,1.2403143293337107,-1.3845866805587326,-0.1442723512250219,-0.22325953775968482,-1.3273573707323534,True
GSN,NEUTRAL,-0.006051344804172338,0.13750352374993502,-0.008730245139688628,0.1287732786102464,0.04849906468668817,0.04849906468668786,False
CLDN1,DSG,-0.0052007837141074586,1.3575520046180838,-0.007503144873078915,1.3500488597450049,1.2697443211437758,0.04972616495329452,False
SYS1,DCG,-0.6877930553520307,1.2249663650002742,-0.9922756301142431,0.2326907348860311,0.15410017362200162,-0.9350463202878714,True
SNX18P3,DIG,-1.0368460737596632,0.4854268271702419,-1.4958526887782586,-1.0104258616080166,-1.0903582353627086,-1.438623378951883,True
ROBO3,NEUTRAL,0.014749734511090495,0.13750352374993502,0.021279368833579056,0.15878289258351408,0.07850867865995254,0.07850867865995223,False
SLC4A11,DSG,-0.10121978529495661,1.439623137557117,-0.14602928228487952,1.2935938552722375,1.2134503566949273,-0.08879997245850689,False
ZNF282,DIG,-1.3455945099202273,0.4195388915137848,-1.941282526509327,-1.5217436349955422,-1.5970367202907223,-1.8840532166829544,True
FAM107B,DSG,0.027283847245784393,1.185866545311334,0.039362271117865145,1.2252288164291991,1.1473161127162774,0.09659158094423928,False
PCDHGB5,DIG,1.6572144729150124,0.4329594072761063,2.390855101763906,2.8238145090400124,2.736718012603608,2.448084411590278,True
ELF2,NEUTRAL,-0.05806794997960774,0.13750352374993502,-0.08377434347016847,0.053729180279766545,-0.026545033643794295,-0.02654503364379397,False
LINC00702,DCG,-0.9923843015537037,1.4528589647138113,-1.431707910507586,0.021151054206225206,-0.061088409595594285,-1.3744786006812142,True
PPP1R9A-AS1,DSG,0.022658456233728665,-0.7369655941662062,0.032689242442599964,-0.7042763517236063,-0.7845505656471644,0.08991855226897434,False
NAV2,DIG,1.6454068462955802,0.5728896684205812,2.3738202973953824,2.9467099658159635,2.8732026910058583,2.4310496072217553,True
BATF3,DCG,-0.7642486386142494,1.0789513413948222,-1.1025777209349192,-0.023626379540097053,-0.10394023503560566,-1.0453484111085467,True
DHX36,DSG,-0.11698728871072372,1.2403143293337107,-0.16877698127000654,1.071537348063704,0.9896936661298188,-0.11154767144363267,False
LINC01934,NEUTRAL,0.007225377196356117,0.13750352374993502,0.010424015849735173,0.1479275395996702,0.06765332567610864,0.06765332567610864,False
CELF2,DCG,0.9038484053839737,-0.7369655941662062,1.3039776121628563,0.5670120179966501,0.48673780407308764,1.3612069219892293,True
TFF2,DIG,1.213322676258496,0.49825086752782544,1.7504546080362577,2.2487054755640834,2.1661734605798784,1.8076839178626305,True
PDCL3,NEUTRAL,-0.010532323739843042,0.13750352374993502,-0.015194931228508658,0.12230859252142637,0.04203437859786431,0.04203437859786462,False
FAM3D,NEUTRAL,0.011855534738609966,0.13750352374993502,0.017103921174479432,0.15460744492441444,0.07433323100085248,0.07433323100085278,False
IQGAP3,DCG,-1.098440383369991,1.412781525338476,-1.5847144938000577,-0.1719329684615818,-0.26290095191604174,-1.527485183973686,True
FOXN4,NEUTRAL,-0.020992854820777698,0.13750352374993502,-0.030286287544037956,0.10721723620589707,0.026943022282336308,0.026943022282335992,False
LINC01018,DSG,0.0274275911614692,-0.7369655941662062,0.03956964975218158,-0.6973959444140246,-0.7776701583375859,0.09679895957855501,False
MAL2,DCG,-0.9622096630480675,1.3923174227787602,-1.3881751091748875,0.004142313603872738,-0.07502753538660262,-1.3309457993485148,True
ZNF783,DIG,0.6447281592535855,0.4854268271702419,0.9301461180766176,1.4155729452468595,1.340720708490634,0.9873754279029893,True
MAST3,DIG,1.5638064675388053,0.45943161863729726,2.2560958356283223,2.7155274542656196,2.639492529852098,2.313325145454695,True
LINC00377,NEUTRAL,0.032438085310996685,0.13750352374993502,0.04679826481410805,0.18430178856404306,0.10402757464048151,0.10402757464048121,False
LACTB2-AS1,DCG,-0.8425253304211686,1.2016338611696507,-1.2155071160219553,-0.013873254852304617,-0.09653757679373007,-1.1582778061955812,True
METTL26,DCG,-0.8200744082266117,1.3219280948873624,-1.183117281908484,0.13881081297887832,0.056052780144317034,-1.1258879720821109,True
SRRM2-AS1,DCG,-1.0979206470122214,1.4789718050329426,-1.5839646727341339,-0.10499286770119132,-0.18542035530092704,-1.5267353629077618,True
IFI16,DCG,-0.8397029115325123,1.20945336562895,-1.2114352262879795,-0.0019818606590296106,-0.07652402036474144,-1.154205916461607,True
LRRC56,NEUTRAL,0.024791750808778254,0.13750352374993502,0.035766935946779335,0.17327045969671434,0.09299624577315202,0.09299624577315173,False
NABP1,NEUTRAL,-0.01059572191106326,0.13750352374993502,-0.015286395455729497,0.12221712829420553,0.04194291437064502,0.04194291437064502,False
HR,NEUTRAL,-0.009983456759942746,0.13750352374993502,-0.014403083558498798,0.12310044019143622,0.04282622626787626,0.042826226267875946,False
RWDD2B,DIG,1.4248150881889217,0.4854268271702419,2.0555736619139284,2.5410004890841704,2.4526593559663117,2.1128029717403005,True
SCD,NEUTRAL,-0.05966915831995603,0.13750352374993502,-0.08608439880221899,0.05141912494771603,-0.0288550889758449,-0.028855088975845225,False
PPP1R42,DCG,-0.8615420654267545,1.2016338611696507,-1.2429424653084136,-0.04130860413876292,-0.12191158246086109,-1.1857131554820395,True
CREB5,DSG,0.066975875691449,1.1127001327493624,0.09662576371924915,1.2093258964686115,1.1312486587710253,0.15385507354562242,False
CDH6,DCG,-1.0369652906108464,1.3434078222978139,-1.496024682338251,-0.15261686004043717,-0.23489535424908736,-1.4387953725118774,True
WTAPP1,NEUTRAL,-0.030849117839489838,0.13750352374993502,-0.044505869322831244,0.09299765442710378,0.012723440503543132,0.012723440503543132,False
SLC25A32,DCG,-0.9823534592543924,1.4659744645040693,-1.4172364640664303,0.048738000437638984,-0.0385385841986535,-1.3600071542400576,True
TGFB2-OT1,DCG,-0.9956720789161722,1.485426827170242,-1.4364511706039662,0.04897565656627578,-0.03166769188194513,-1.3792218607775932,True
KLHL8,NEUTRAL,0.008006351374152542,0.13750352374993502,0.01155072342310441,0.14905424717303942,0.06878003324947865,0.06878003324947896,False
HAUS6P1,DSG,0.09118644691954357,1.3645724322958561,0.1315542347671102,1.4961266670629663,1.415467932425513,0.18878354459348323,False
PSME2,NEUTRAL,-0.028763334471617618,0.13750352374993502,-0.04149672000163331,0.0960068037483017,0.01573258982473969,0.015732589824739376,False
MICAL1,DIG,1.7005698769092958,0.4462562298895641,2.453403728102196,2.8996599579917604,2.8204858214150104,2.5106330379285677,True
MIR1291,DIG,-1.6447265613410271,0.5109619192773794,-2.3728388536650575,-1.861876934387678,-1.9398849389045554,-2.3156095438386695,True
FAM107A,NEUTRAL,-0.010625066555530228,0.13750352374993502,-0.01532873082877864,0.12217479292115638,0.04190057899759542,0.041900578997595105,False
LINC02133,NEUTRAL,-0.00967062082036942,0.13750352374993502,-0.013951756699864521,0.1235517670500705,0.043277553126509584,0.04327755312650927,False
SBF1P2,NEUTRAL,0.00366361423387095,0.13750352374993502,0.0052854780869358384,0.14278900183687085,0.0625147879133098,0.06251478791331011,False
GDF6,DCG,-1.085782284877767,1.3291235962915664,-1.5664527178782421,-0.23732912158667574,-0.32197824725359026,-1.5092234080518694,True
TTC28-AS1,NEUTRAL,0.01621004224810764,0.13750352374993502,0.023386147563945477,0.1608896713138805,0.08061545739031951,0.08061545739031982,False
KRBA2,NEUTRAL,-0.02930033388489285,0.13750352374993502,-0.042271446392125774,0.09523207735780925,0.01495786343424864,0.01495786343424864,False
EEF1B2P7,NEUTRAL,-0.012819704829539001,0.13750352374993502,-0.018494924583236212,0.11900859916669881,0.03873438524313683,0.03873438524313746,False
CHST1,DIG,0.6872303199246066,0.4462562298895641,0.9914637745037658,1.4377200043933298,1.362060725884769,1.0486930843301394,True
RTN3P1,NEUTRAL,0.03563865947088431,0.13750352374993502,0.05141571728257528,0.1889192410325103,0.10864502710894809,0.10864502710894779,False
AUTS2,DSG,0.10142516130140544,-0.7369655941662062,0.14632557723090084,-0.5906400169353054,-0.6709142308588686,0.20355488705727331,False
TEAD4,DSG,0.08004942559396336,-0.7369655941662062,0.11548690933042101,-0.6214786848357852,-0.7017528987593484,0.17271621915679283,False
LINC01117,NEUTRAL,-0.051608385983508996,0.13750352374993502,-0.07445516252669192,0.0630483612232431,-0.01722585270031692,-0.01722585270031692,False
FLYWCH2,DCG,-0.8672447592089235,1.3575520046180838,-1.2511697133476571,0.10638229127042664,0.02320325412432955,-1.193940403521283,True
ARHGAP17,DCG,-0.7942603561898074,1.3074285251922473,-1.1458754770497368,0.16155304814251048,0.07896453073258025,-1.088646167223364,True
CCDC13-AS1,NEUTRAL,0.025709577361295022,0.13750352374993502,0.03709107976249149,0.1745946035124265,0.09432038958886496,0.09432038958886496,False
PLPPR5,NEUTRAL,0.004866335620442939,0.13750352374993502,0.007020638266914345,0.14452416201684937,0.06424994809328817,0.06424994809328817,False
ACOX1,DCG,0.8212190471499927,-0.7369655941662062,1.1847686468068543,0.4478030526406481,0.36752883871708736,1.2419979566332284,True
RPL10P9,DIG,1.4763065411954055,0.4329594072761063,2.1298601258145498,2.5628195330906562,2.470812255113609,2.187089435640923,True
MYH13,NEUTRAL,-0.000681255691157988,0.13750352374993502,-0.0009828442072110125,0.136520679542724,0.05624646561916385,0.05624646561916354,False
RPL10P1,DIG,1.139566902789378,0.4854268271702419,1.6440475194154311,2.129474346585673,2.0493168612088377,1.701276829241804,True
FCF1P1,DSG,0.05736776682218793,1.0959244199985356,0.08276419270124494,1.1786886126997806,1.0942604714388946,0.13999350252761922,False
TP53INP2,DCG,-0.8235649318208808,1.1292830169449666,-1.188153042988042,-0.05887002604307545,-0.13447858503733984,-1.1309237331616693,True
WFIKKN1,DCG,-1.0085215677273742,1.4195388915137848,-1.4549890643898458,-0.035450172876061004,-0.11301936318694741,-1.3977597545634735,True
MED17,NEUTRAL,0.016303225731828238,0.13750352374993502,0.023520582913801942,0.16102410666373695,0.0807498927401761,0.0807498927401761,False
LINC02005,NEUTRAL,-0.02249072021631088,0.13750352374993502,-0.032447250522092866,0.10505627322784215,0.024782059304280967,0.024782059304280967,False
LINC00174,DSG,-0.0208736875415472,-3.321928094887362,-0.030114365501255888,-3.352042460388618,-3.432316674312179,0.02711494432511745,False
SYNE4,DSG,-0.02754217266494764,1.0443941193584534,-0.03973495591902752,1.004659163439426,0.9277243959855757,0.017494353907344898,False
SLC39A7,DSG,-0.12555071445684732,1.1375035237499351,-0.18113139312695992,0.9563721306229752,0.872331323915202,-0.12390208330058783,False
RMDN2-AS1,DIG,1.5260606970117816,0.5849625007211562,2.2016401996744523,2.7866027003956084,2.71756108045702,2.258869509500824,True
RPS6KC1,DCG,-0.775190923144656,1.0874628412503395,-1.1183641005629328,-0.030901259312593243,-0.11047757095713927,-1.0611347907365603,True
FLRT1,DIG,-0.7783429430208426,0.4195388915137848,-1.1229115040070907,-0.703372612493306,-0.7750880035816782,-1.065682194180718,True
TEX48,NEUTRAL,-0.025408106310827176,0.13750352374993502,-0.03665614897300994,0.10084737477692507,0.020573160853363436,0.020573160853363436,False
GET3,DIG,0.6038760880495634,0.608809242675524,0.8712090375405321,1.4800182802160562,1.3991807592339613,0.9284383473669048,True
MYRIP,NEUTRAL,-0.03576109372809142,0.13750352374993502,-0.05159235257828291,0.08591117117165212,0.005636957248091329,0.0056369572480916485,False
FOLR3,DIG,-0.6603519706863686,0.5484366246960424,-0.9526865133504783,-0.4042498886544359,-0.47409500634236074,-0.8954572035241036,True
NAA20,DSG,-0.042144892667862296,1.3923174227787602,-0.06080222765072257,1.3315151951280377,1.2482666043245456,-0.0035729178243490106,False
LRATD1,DIG,1.0363678415068391,0.53605290024021,1.4951627454787162,2.0312156457189263,1.9690951826512644,1.552392055305089,True
SLCO4C1,NEUTRAL,0.02931145479055467,0.13750352374993502,0.042287490467574275,0.1797910142175093,0.09951680029394888,0.09951680029394888,False
PLEKHG1,DIG,-1.4638870824691548,0.4724877714627438,-2.1119426342996626,-1.6394548628369188,-1.726450939566404,-2.05471332447329,True
CDKN2AIPNL,NEUTRAL,0.013017227759135483,0.13750352374993502,0.018779889934226916,0.15628341368416193,0.07600919976060108,0.07600919976060078,False
MIR4458,DSG,-0.09072455041648927,1.2630344058337937,-0.13088785897274982,1.1321465468610439,1.048826065727676,-0.07365854914637511,False
LINC02515,NEUTRAL,0.0327360989925801,0.13750352374993502,0.0472282076746455,0.18473173142458052,0.1044575175010191,0.1044575175010191,False
E2F3P2,DIG,-1.079098973107794,0.37851162325372983,-1.5568107371309874,-1.1782991138772576,-1.2530786574692292,-1.4995814273046064,True
CLK2,DCG,-0.9282337920838625,1.4262647547020981,-1.3391582886249456,0.08710646607715256,0.007216627027341106,-1.2819289787985726,True
ELOA-AS1,NEUTRAL,0.016143710789540355,0.13750352374993502,0.023290451497615525,0.16079397524755054,0.08051976132398944,0.08051976132399005,False
MPC1,NEUTRAL,0.03367935572733323,0.13750352374993502,0.04858903948815896,0.18609256323809398,0.10581834931453254,0.10581834931453254,False
CALML4,NEUTRAL,-0.010150387491676538,0.13750352374993502,-0.014643913697343107,0.12285961005259191,0.04258539612902967,0.04258539612902937,False
CUL1,DIG,-1.1963299453661091,0.53605290024021,-1.7259392794466502,-1.18988637920644,-1.2690875901475205,-1.6687099696202785,True
SYNPO2L,DIG,-0.8811282634604928,0.49825086752782544,-1.271199376081557,-0.7729485085537315,-0.8611979044456659,-1.2139700662551844,True
ISCA2,NEUTRAL,0.029497548650151046,0.13750352374993502,0.042555967155953854,0.18005949090588888,0.09978527698232645,0.09978527698232674,False
TUBA1A,DIG,-1.7196629975014868,0.49825086752782544,-2.480949278495645,-1.9826984109678196,-2.0631187317744226,-2.423719968669273,True
OGFOD1,NEUTRAL,-0.05896012122394533,0.13750352374993502,-0.08506147449999805,0.052442049249936964,-0.027832164673624208,-0.027832164673624534,False
DELEC1,NEUTRAL,-0.01721726484663979,0.13750352374993502,-0.024839262611919103,0.11266426113801592,0.03239004721445418,0.03239004721445418,False
FKBP3,NEUTRAL,-0.0718170083748626,0.13750352374993502,-0.10361004183389544,0.03389348191603958,-0.04638073200752204,-0.046380732007522366,False
COL23A1,DIG,-0.8508874709289147,0.523561956057013,-1.2275711346636973,-0.7040091786066843,-0.7919571682817004,-1.170341824837326,True
SNORA64,DCG,-1.1230864339311397,1.4659744645040693,-1.620271228722126,-0.1542967642180566,-0.23082083411761423,-1.5630419188957532,True
EMC10,DIG,-1.7122520875257279,0.5849625007211562,-2.470257595425143,-1.885295094703987,-1.972697985886363,-2.4130282855987715,True
DBH-AS1,NEUTRAL,0.01170756784200689,0.13750352374993502,0.016890450066534442,0.15439397381646947,0.0741197598929092,0.0741197598929092,False
STK25,NEUTRAL,-0.027651700776552376,0.13750352374993502,-0.039892971582477614,0.0976105521674574,0.017336338243896354,0.01733633824389667,False
SLC35A4,DIG,1.0141432345919235,0.3923174227787603,1.4630994152968606,1.8554168380756209,1.7618168829697238,1.5203287251232336,True
COX4I2,DCG,0.829975865121893,-0.7369655941662062,1.1974020646688823,0.4604364705026761,0.38016225657911434,1.254631374495256,True
MRE11,NEUTRAL,-0.029300639569366016,0.13750352374993502,-0.04227188740159928,0.09523163634833573,0.014957422424775147,0.014957422424775147,False
DDX6,NEUTRAL,-0.043222717797698394,0.13750352374993502,-0.06235720062048261,0.07514632312945241,-0.005127890794109443,-0.005127890794109282,False
CCL15,DIG,-0.7624732747491512,0.4329594072761063,-1.1000164122909686,-0.6670570050148623,-0.7514105619128721,-1.042787102464594,True
YBX1P10,DIG,-0.8131337465589016,0.4724877714627438,-1.1731040237399906,-0.7006162522772468,-0.7736245754014268,-1.1158747139136191,True
AIDAP2,NEUTRAL,0.020609589885081367,0.13750352374993502,0.029733353121962233,0.16723687687189726,0.08696266294833628,0.08696266294833598,False
RPS26P6,DCG,2.0794415416798357,-3.321928094887362,3.0,-0.3219280948873622,-0.40220230881092356,3.057229309826374,True
SLC19A3,NEUTRAL,0.00669893025592133,0.13750352374993502,0.009664513459478738,0.14716803720941377,0.06689382328585369,0.06689382328585369,False
PPL,DCG,-0.9039149542207103,1.1779177921958432,-1.3040736218395932,-0.12615582964374994,-0.20363738187036756,-1.2468443120132198,True
TES,DIG,-0.9236907346376364,0.4854268271702419,-1.3326040421768015,-0.8471772150065596,-0.9253476790528944,-1.2753747323504294,True
FAM230I,NEUTRAL,-0.017888842015936074,0.13750352374993502,-0.025808143663637102,0.11169538008629792,0.03142116616273612,0.03142116616273643,False
ELK4,DCG,-0.7802860558984133,1.0959244199985356,-1.1257148233194494,-0.02979040332091376,-0.11015470193456636,-1.0684855134930766,True
ARHGEF1,DSG,0.12534439427858354,1.3434078222978139,0.18083373602894345,1.5242415583267572,1.4449149085073163,0.23806304585531565,False
CEP83-DT,DIG,-1.0246939187429558,0.4462562298895641,-1.478320834999541,-1.0320646051099769,-1.1076132547590039,-1.4210915251731657,True
TBILA,DIG,-1.6454240080998848,0.523561956057013,-2.3738450566453455,-1.8502831005883325,-1.9327571724656696,-2.316615746818972,True
PRKAA1,DSG,-0.10056137731496717,1.412781525338476,-0.14507940035726705,1.2677021249812088,1.1865557878950688,-0.08785009053089494,False
LTK,NEUTRAL,0.0832855848241198,0.13750352374993502,0.12015570020329475,0.25765922395322977,0.1773850100296684,0.1773850100296684,False
POLR1C,DSG,0.013837318755363712,1.1292830169449666,0.019963031147563072,1.1492460480925297,1.0713842941987497,0.07719234097393649,False
GARRE1,DSG,0.009248307826737398,1.3785116232537298,0.013342487838248632,1.3918541110919784,1.312244851180736,0.07057179766462192,False
FARP2,NEUTRAL,0.04651098138263298,0.13750352374993502,0.06710116218760351,0.20460468593753853,0.1243304720139775,0.12433047201397779,False
LMOD1,DCG,-0.9245921012671284,1.2172307162206693,-1.3339044393431925,-0.11667372312252322,-0.20201481023741524,-1.27667512951682,True
ERCC8,NEUTRAL,-0.018462419580935325,0.13750352374993502,-0.02663564117222669,0.11086788257770833,0.03059366865414757,0.03059366865414757,False
NISCH,NEUTRAL,-0.003212457647578337,0.13750352374993502,-0.004634596717227092,0.13286892703270792,0.052594713109146984,0.052594713109146984,False
NPM1P39,NEUTRAL,-0.055585808436051036,0.13750352374993502,-0.08019337017449474,0.05731015357544028,-0.022964060348121568,-0.022964060348121405,False
SMYD2,DCG,-0.9747548747160861,1.4659744645040693,-1.4062740238352402,0.05970044066882907,-0.018163398683433557,-1.3490447140088686,True
BRWD1P2,DIG,-1.329327538830795,0.560714954474479,-1.9178142479883191,-1.3570992935138402,-1.43520031260134,-1.8605849381619313,True
HEPACAM2,DSG,0.10897580262440987,1.3074285251922473,0.1572188500231306,1.464647375215378,1.3871140717107597,0.21444815984950447,False
WNT6,NEUTRAL,0.013394792952731636,0.13750352374993502,0.019324601366640368,0.1568281251165754,0.07655391119301308,0.07655391119301308,False
RXFP2,NEUTRAL,0.036381848988710365,0.13750352374993502,0.05248791311438359,0.1899914368643186,0.10971722294075661,0.10971722294075661,False
PCARE,DIG,-1.2051202868794808,0.4724877714627438,-1.7386210615557118,-1.266133290092968,-1.3434391916910255,-1.6813917517293357,True
YOD1,DCG,-0.9612639434499809,1.4195388915137848,-1.3868107242006564,0.03272816731312833,-0.05156684905775048,-1.3295814143742823,True
AXDND1,DCG,-0.9820443777440053,1.4195388915137848,-1.4167905537041645,0.0027483378096202493,-0.07711361486150141,-1.3595612438777882,True
CYP3A7-CYP3A51P,DSG,-0.13599680829478653,1.232660756790275,-0.19620192090361557,1.0364588358866593,0.9548909243638207,-0.1389726110772421,False
ANO3,DIG,1.2548405276171823,0.45943161863729726,1.8103522062997994,2.2697838249370967,2.1833062051727774,1.8675815161261706,True
TLR4,NEUTRAL,-0.03664732393692307,0.13750352374993502,-0.05287091250565032,0.0846326112442847,0.004358397320722375,0.004358397320722055,False
MCMDC2,DCG,-1.0100234429015278,1.4195388915137848,-1.4571558122556314,-0.03761692074184664,-0.12187140954261418,-1.3999265024292578,True
GALK2,NEUTRAL,0.04101380281282042,0.13750352374993502,0.05917040992605384,0.19667393367598884,0.11639971975242713,0.11639971975242742,False
GLS2,DIG,0.7878231730106813,0.523561956057013,1.1365885847999178,1.6601505408569306,1.5814247892574478,1.1938178946262892,True
TDO2,NEUTRAL,0.020246610265847367,0.13750352374993502,0.029209684225349575,0.1667132079752846,0.08643899405172266,0.08643899405172266,False
MUC21,DSG,0.11176296515630327,1.2016338611696507,0.16123987558604475,1.3628737367556953,1.280643600799621,0.21846918541241886,False
FOXC2,NEUTRAL,0.04948495894770995,0.13750352374993502,0.07139170487245508,0.2088952286223901,0.12862101469882953,0.12862101469882953,False
MSRA,NEUTRAL,-0.05077326552836767,0.13750352374993502,-0.07325033838751459,0.06425318536242043,-0.016021028561139912,-0.016021028561140235,False
CFAP52,NEUTRAL,0.02634539686873337,0.13750352374993502,0.03800837341277326,0.17551189716270826,0.0952376832391472,0.09523768323914661,False
DNAJC8P1,DIG,-0.5605691155172701,0.49825086752782544,-0.808730283032278,-0.31047941550445257,-0.3892800873938307,-0.751500973205905,True
SLC7A9,DSG,-0.03084449554224379,1.4262647547020981,-0.04449920075751686,1.3817655539445812,1.3027221921474097,0.012730109068856542,False
PNLIPRP2,NEUTRAL,-0.01817754851970578,0.13750352374993502,-0.026224659104898046,0.11127886464503697,0.031004650721475752,0.031004650721475124,False
MAGOH3P,NEUTRAL,0.025487611489163172,0.13750352374993502,0.036770850699520276,0.1742743744494553,0.09400016052589423,0.09400016052589394,False
WSCD2,DIG,-1.3426273980610246,0.4462562298895641,-1.9370018889442924,-1.4907456590547283,-1.5728221069369626,-1.8797725791179196,True
TFCP2,DIG,1.1110179912344007,0.4329594072761063,1.6028601462922878,2.0358195535683943,1.957264783166699,1.6600894561186614,True
RNA5SP333,DIG,1.028806506426017,0.45943161863729726,1.4842540448551143,1.9436856634924116,1.8544289820142823,1.5414833546814868,True
CT62,NEUTRAL,-0.051912955655347176,0.13750352374993502,-0.07489456368185804,0.06260896006807698,-0.017665253855483183,-0.01766525385548351,False
KCNK9,DCG,-0.8727745421145571,1.1618876823768942,-1.2591475037228073,-0.09725982134591304,-0.17628460703721494,-1.2019181938964318,True
PHACTR1,DSG,-0.07297590120039998,1.4659744645040693,-0.10528197076622002,1.3606924937378493,1.2801117692204877,-0.04805266093984609,False
RAD51D,DIG,0.5623235144685952,0.3645724322958561,0.8112613456990956,1.1758337779949517,1.098060796925395,0.8684906555254683,True
DNAJC25,NEUTRAL,-0.054484387495050225,0.13750352374993502,-0.07860435564498161,0.05889916810495341,-0.021375045818607465,-0.02137504581860763,False
ZNF155,DIG,-0.9238895400262658,0.4854268271702419,-1.332890857725079,-0.8474640305548372,-0.9342265120862776,-1.275661547898707,True
CCL15-CCL14,DIG,-1.0863476054408012,0.37851162325372983,-1.5672683030510441,-1.1887566797973144,-1.2687392984615289,-1.5100389932246716,True
USP43,NEUTRAL,0.040062240844807154,0.13750352374993502,0.05779759619370256,0.19530111994363758,0.1150269060200772,0.1150269060200778,False
KSR2,DIG,0.7047488316713485,0.45943161863729726,1.0167376445245453,1.4761692631618426,1.387214241313874,1.073966954350918,True
C20orf202,DSG,0.09994671928827223,-0.7369655941662062,0.14419263627031165,-0.5927729578958946,-0.6730471718194544,0.20142194609668637,False
KIF1C,NEUTRAL,0.01790421208405734,0.13750352374993502,0.02583031798469378,0.1633338417346288,0.0830596278110663,0.0830596278110666,False
HBB,NEUTRAL,-0.0013965065411219873,0.13750352374993502,-0.0020147330614456904,0.13548879068848932,0.055214576764928296,0.055214576764928296,False
TFPI2,DSG,-0.06358377202077549,-0.7369655941662062,-0.09173199257538722,-0.8286975867415934,-0.9089718006651559,-0.03450268274901429,False
CA13,DCG,0.8745052895848323,-0.7369655941662062,1.2616444445152044,0.5246788503489982,0.4444046364254351,1.3188737543415763,True
MBD5,NEUTRAL,0.006075830991891352,0.13750352374993502,0.008765571241281125,0.14626909499121615,0.06599488106765483,0.06599488106765483,False
GJB5,NEUTRAL,-0.026968817976219743,0.13750352374993502,-0.03890777995292936,0.09859574379700567,0.01832152987344383,0.018321529873443515,False
GSTM5P1,DIG,-1.2402465144427932,0.45943161863729726,-1.7892974958664398,-1.3298658772291425,-1.4082278494120908,-1.732068186040055,True
LINC02447,NEUTRAL,0.04822778286601828,0.13750352374993502,0.0695779831738743,0.20708150692380933,0.12680729300024732,0.12680729300024762,False
LINC00485,NEUTRAL,0.04409632840773629,0.13750352374993502,0.06361755431525228,0.2011210780651873,0.12084686414162522,0.12084686414162522,False
TM9SF2,DIG,1.1515553026617307,0.4724877714627438,1.661343124459468,2.1338308959222116,2.0657495237912626,1.7185724342858406,True
EHBP1,DIG,0.862552212691257,0.5484366246960424,1.244399799757479,1.7928364244535213,1.7243788703893614,1.301629109583852,True
HSD17B7P2,DSG,0.08412595909895239,1.2249663650002742,0.12136810400208638,1.3463344690023606,1.2610778558630096,0.17859741382845826,False
ATP4A,DSG,-0.061709647570831076,1.1127001327493624,-0.08902820252544366,1.0236719302239188,0.9421867991783647,-0.031798892699069256,False
CTNNA3,DIG,-1.5058430712488475,0.5484366246960424,-2.1724723312477185,-1.6240357065516762,-1.7047151931674083,-2.1152430214213447,True
HHIP-AS1,NEUTRAL,-0.04465388616932211,0.13750352374993502,-0.06442194013290128,0.07308158361703374,-0.007192630306526618,-0.007192630306526296,False
RPS25,NEUTRAL,0.03012407980025232,0.13750352374993502,0.04345986053916742,0.18096338428910244,0.1006891703655411,0.1006891703655414,False
CYFIP2,DIG,0.8820449285922173,0.4195388915137848,1.2725218443212518,1.6920607358350366,1.5977594024110655,1.3297511541476237,True
SLC35B3,DSG,0.06352775356473629,1.185866545311334,0.09165117502666122,1.2775177203379953,1.1921316763623322,0.14888048485303404,False
NIPSNAP3B,NEUTRAL,-0.009943919587875756,0.13750352374993502,-0.014346043476426979,0.12315748027350804,0.04288326634994619,0.04288326634994588,False
F2,DIG,-1.3796423168704628,0.4724877714627438,-1.9904031287495767,-1.517915357286833,-1.6050720856124279,-1.9331738189231953,True
UBA52P5,DCG,-0.850105300547054,1.0874628412503395,-1.2264427013326566,-0.1389798600823171,-0.21352823653854264,-1.169213391506281,True
ZFP14,DSG,-0.04210029108377462,-0.7369655941662062,-0.06073788116654349,-0.7977034753327497,-0.8779776892563128,-0.0035085713401713397,False
UCK2,DCG,-0.9257467226750747,1.399171093819823,-1.335570205922541,0.06360088789728202,-0.010247457853654617,-1.2783408960961693,True
TCP1,NEUTRAL,0.056898338094611915,0.13750352374993502,0.0820869502039202,0.21959047395385523,0.13931626003029457,0.1393162600302943,False
ADH6,NEUTRAL,-0.00208511895228183,0.13750352374993502,-0.0030081907721205875,0.13449533297781444,0.05422111905425319,0.05422111905425288,False
SCN1A-AS1,NEUTRAL,-0.004067467004803944,0.13750352374993502,-0.0058681144768101354,0.1316354092731249,0.051361195349563966,0.05136119534956366,False
EGLN2,DSG,0.1081013056143597,1.2630344058337937,0.155957217523459,1.4189916233572526,1.3413073782099878,0.21318652734983212,False
LMO7DN,NEUTRAL,0.005919770579645381,0.13750352374993502,0.008540423658454775,0.1460439474083898,0.06576973348482815,0.06576973348482784,False
ZNF620,NEUTRAL,0.04006838347376325,0.13750352374993502,0.05780645813403554,0.19530998188397056,0.1150357679604087,0.1150357679604084,False
EPHX4,NEUTRAL,0.0048809637910684055,0.13750352374993502,0.007041742256132984,0.144545266006068,0.06427105208250632,0.06427105208250662,False
SNORA81,DSG,0.06748899516261085,1.1375035237499351,0.09736603863567792,1.234869562385613,1.1538856785605318,0.1545953484620506,False
MEIS2,NEUTRAL,0.02863860889001752,0.13750352374993502,0.04131677902358686,0.17882030277352187,0.0985460888499614,0.0985460888499617,False
LINC00612,DIG,-0.7826398282217835,0.5109619192773794,-1.1291105989777572,-0.6181486797003778,-0.6885248988316938,-1.0718812891513827,True
CACNA1H,DCG,-0.8480757188138528,1.145677455195635,-1.2235146338310885,-0.07783717863545347,-0.1577656639007969,-1.1662853240047155,True
THORLNC,NEUTRAL,0.060430867008571705,0.13750352374993502,0.08718331214988687,0.22468683589982189,0.1444126219762604,0.14441262197626067,False
SYT13,DIG,-1.2008787305870534,0.5728896684205812,-1.7325017893269756,-1.1596121209063943,-1.2413901631908508,-1.675272479500603,True
GGNBP1,DSG,0.09858590658217622,1.3923174227787602,0.14222939852764827,1.5345468213064084,1.4534665392113861,0.19945870835402157,False
TTC29,NEUTRAL,-0.007263657837477545,0.13750352374993502,-0.010479243140843107,0.1270242806090919,0.0467500666855302,0.0467500666855302,False
GPR18,DIG,0.8515539897834115,0.3923174227787603,1.2285327181097387,1.620850140888499,1.5509057018073664,1.2857620279361115,True
ATP6V1G1,NEUTRAL,-0.020562737377475885,0.13750352374993502,-0.029665759241586587,0.10783776450834844,0.027563550584786625,0.027563550584785997,False
EFCAB14-AS1,NEUTRAL,-0.024149744941310624,0.13750352374993502,-0.03484071726556217,0.10266280648437284,0.02238859256081239,0.022388592560812076,False
NSFL1C,DSG,0.0214327836100234,1.2016338611696507,0.030920970626627017,1.2325548317962776,1.144490963604784,0.08815028045300075,False
BACE2,DIG,1.0505600076455919,0.4854268271702419,1.515637713186567,2.001064540356809,1.9220998002439593,1.5728670230129391,True
PTHLH,DSG,-0.08037334803555152,1.3575520046180838,-0.11595423063053288,1.241597773987551,1.1607025056058233,-0.058724920804160766,False
ATG9B,DIG,1.4176492663688944,0.4195388915137848,2.0452355663102812,2.464774457824066,2.379049675888653,2.102464876136653,True
IMMP1L,DIG,0.8184803295826312,0.5109619192773794,1.1808175125540263,1.6917794318314057,1.6251449100083746,1.238046822380398,True
SPAG16-DT,NEUTRAL,0.046722677113203964,0.13750352374993502,0.06740657456827563,0.20491009831821067,0.12463588439464868,0.12463588439464808,False
ZNF738,DIG,-1.6346701927333023,0.608809242675524,-2.358330580545341,-1.7495213378698171,-1.84731605214211,-2.30110127071897,True
ANAPC13,DIG,-0.6927463368585185,0.5849625007211562,-0.99942170477978,-0.4144592040586238,-0.48575547696614463,-0.9421923949534091,True
ARPC3P5,DSG,-0.02516705264172625,1.4528589647138113,-0.03630838204000995,1.4165505826738014,1.3401836093209492,0.020920927786361468,False
HINT3,DIG,-0.7571084796965527,0.4724877714627438,-1.092276649073199,-0.6197888776104552,-0.7076936603631405,-1.0350473392468271,True
PRAL,NEUTRAL,0.0442219982020728,0.13750352374993502,0.06379885750433109,0.2013023812542661,0.12102816733070386,0.12102816733070446,False
POLH,DSG,0.02211581525383572,1.3504972470841334,0.031906376991925285,1.3824036240760587,1.2997119095771819,0.089135686818298,False
GON4L,DCG,-1.0529533759681635,1.439623137557117,-1.5190906137965619,-0.07946747623944495,-0.15877250874330545,-1.4618613039701895,True
H4C8,DSG,-0.025196640669425008,1.3504972470841334,-0.03635106854084063,1.3141461785432929,1.2335449218410488,0.02087824128553285,False
METTL14,NEUTRAL,-0.07260157726405284,0.13750352374993502,-0.10474193547956595,0.03276158827036907,-0.04751262565319123,-0.047512625653191067,False
CHURC1,NEUTRAL,-0.014408536423910257,0.13750352374993502,-0.020787124045243327,0.11671639970469169,0.036442185781129226,0.036442185781129226,False
GRIK3,NEUTRAL,0.0038324156218066947,0.13750352374993502,0.0055290070122059115,0.14303253076214092,0.06275831683857942,0.06275831683857912,False
B3GNTL1,DCG,-0.9637990892121601,1.3504972470841334,-1.390468166419683,-0.039970919335549526,-0.11870088524685685,-1.333238856593309,True
RBM7P1,DIG,-1.279581333079806,0.4462562298895641,-1.8460456436483252,-1.3997894137587612,-1.4719569647258366,-1.7888163338219514,True
EXPH5,NEUTRAL,0.008096522693996392,0.13750352374993502,0.011680813139073544,0.14918433688900856,0.06891012296544725,0.06891012296544695,False
CUBN,DSG,0.15234598853861664,1.4329594072761063,0.2197888021639891,1.6527482094400954,1.5703432519443004,0.2770181119903618,False
ZNF25,DSG,-0.06992141698943022,1.3504972470841334,-0.1008752815425803,1.2496219655415532,1.1670789932939682,-0.04364597171620781,False
KANSL1L,NEUTRAL,-0.03738618534648469,0.13750352374993502,-0.0539368641971291,0.08356665955280593,0.0032924456292444722,0.0032924456292444722,False
BEND4,NEUTRAL,-0.019089793995616514,0.13750352374993502,-0.027540751129067856,0.10996277262086716,0.02968855869730493,0.029688558697305245,False
LINC01142,DCG,-0.8112817769003983,1.0789513413948222,-1.170432196297791,-0.09148085490296887,-0.17113227664257372,-1.1132028864714145,True
NBEAL2,NEUTRAL,-0.021126010410131027,0.13750352374993502,-0.03047839045246465,0.10702513329747038,0.026750919373909905,0.02675091937391022,False
NUDT21,NEUTRAL,0.01952801909934142,0.13750352374993502,0.02817297631300483,0.16567650006293985,0.08540228613937922,0.08540228613937922,False
KLK11,DIG,-1.5411700936198685,0.608809242675524,-2.2234384512317638,-1.6146292085562397,-1.699990958573845,-2.1662091414053912,True
DYNC1LI2,NEUTRAL,0.002222351671457403,0.13750352374993502,0.0032061757355228942,0.14070969948545792,0.060435485561897366,0.06043548556189706,False
MRPL18,NEUTRAL,-0.015375549002675092,0.13750352374993502,-0.022182228297104603,0.11532129545283042,0.03504708152926918,0.03504708152926949,False
MED11,NEUTRAL,-0.04625004991282872,0.13750352374993502,-0.06672471765010503,0.07077880609982999,-0.009495407823730182,-0.009495407823730666,False
RHOT1,DIG,-1.24684292355079,0.45943161863729726,-1.7988141025742217,-1.3393824839369244,-1.417858561635729,-1.7415847927478496,True
CUL7,DSG,0.16933636045966466,1.4528589647138113,0.24430072747734416,1.6971596921911554,1.6186953732150964,0.3015300373037178,False
ARPC1B,DSG,0.010852883483429368,1.4329594072761063,0.015657401180889288,1.4486168084569955,1.3695614492384,0.07288671100726068,False
LIN54,NEUTRAL,-0.0843911746807872,0.13750352374993502,-0.12175072920676595,0.015752794543169066,-0.06452141938039258,-0.06452141938039224,False
DPY19L1P2,DSG,0.0034362828493808726,1.412781525338476,0.004957508225893582,1.4177390335643696,1.3384673391525865,0.06218681805226802,False
ARSI,DIG,-1.5788261519812317,0.4462562298895641,-2.2777646598891277,-1.8315084299995636,-1.9266659831068407,-2.2205353500627556,True
AGL,NEUTRAL,0.027719768280222584,0.13750352374993502,0.039991172232468314,0.17749469598240333,0.0972204820588425,0.0972204820588422,False
FAM120B,NEUTRAL,-0.03936728633129235,0.13750352374993502,-0.05679498876341135,0.08070853498652367,0.00043432106296366075,0.000434321062963981,False
LDB3,NEUTRAL,-0.025196165174622937,0.13750352374993502,-0.036350382546847713,0.1011531412030873,0.020878927279524832,0.020878927279525148,False
GBP1,NEUTRAL,-0.011152472448275745,0.13750352374993502,-0.016089616694778215,0.12141390705515681,0.041139693131595725,0.04113969313159604,False
RMND5B,DIG,1.3368882118331216,0.49825086752782544,1.9287219934345585,2.426972860962384,2.332055313666254,1.9859513032609315,True
TPPP3,NEUTRAL,0.03688913196013972,0.13750352374993502,0.05321976774159215,0.19072329149152717,0.11044907756796511,0.1104490775679648,False
SPON2,NEUTRAL,-0.05820083096481115,0.13750352374993502,-0.08396605020854987,0.05353747354138515,-0.026736740382175606,-0.026736740382175606,False
CRYZL2P,DCG,-0.8151073217848346,1.1292830169449666,-1.1759512909312655,-0.046668273986298914,-0.12886688546880168,-1.1187219811048923,True
SPINK8,NEUTRAL,-0.01599501075951203,0.13750352374993502,-0.023075922701713616,0.1144276010482214,0.03415338712465896,0.03415338712465927,False
LINC02351,DIG,0.758068101957586,0.5484366246960424,1.0936610913503184,1.6420977160463608,1.5564099398005087,1.1508904011766914,True
ZNF681,DIG,1.007028114918567,0.5969351423872323,1.4528344674287776,2.04976960981601,1.9672565209390318,1.5100637772551502,True
HCG4B,DSG,0.10455728887576332,1.3001237245690138,0.15084428214985854,1.4509680067188724,1.3650997824531443,0.20807359197623224,False
ISY1-RAB43,DSG,-0.003869642807194698,1.2555007331483865,-0.005582714487951439,1.249918018660435,1.168167624978007,0.0516465953384224,False
ST8SIA5,NEUTRAL,-0.02121951938381792,0.13750352374993502,-0.030613295385081347,0.10689022836485368,0.02661601444129219,0.02661601444129219,False
C2orf88,NEUTRAL,0.013079317066077449,0.13750352374993502,0.018869465869444324,0.15637298961937934,0.07609877569581876,0.07609877569581816,False
RPL41P5,DIG,-1.2785707319480906,0.5109619192773794,-1.8445876544072826,-1.3336257351299032,-1.4103876231954537,-1.7873583445809094,True
NTRK2,NEUTRAL,0.0006604371723640855,0.13750352374993502,0.0009528094333883957,0.13845633318332343,0.05818211925976177,0.058182119259762084,False
FAM187A,NEUTRAL,-0.07219136615663321,0.13750352374993502,-0.10415012594917408,0.03335339780076094,-0.0469208161228018,-0.04692081612280147,False
CDKN2B,NEUTRAL,0.005414699682040058,0.13750352374993502,0.0078117603791822395,0.14531528412911726,0.06504107020555633,0.06504107020555633,False
NOXO1,DCG,-0.7309226423774875,1.2403143293337107,-1.0544984714314585,0.1858158579022522,0.10877612264921001,-0.997269161605086,True
PATL2,NEUTRAL,-0.00046787376801118167,0.13750352374993502,-0.0006749991648717651,0.13682852458506325,0.05655431066150195,0.05655431066150195,False
RPS24P17,NEUTRAL,0.014321788674277247,0.13750352374993502,0.020661973497039507,0.15816549724697454,0.07789128332341269,0.077891283323413,False
PTPRJ,DIG,0.7138332013794625,0.53605290024021,1.0298436196520433,1.5658965198922532,1.4904222157259726,1.0870729294784145,True
GGPS1,DCG,-0.9552335411026741,1.3074285251922473,-1.3781106926396318,-0.07068216744738454,-0.15294188402190984,-1.3208813828132582,True
PCBP4,NEUTRAL,0.02446684669104257,0.13750352374993502,0.03529819838735766,0.17280172213729267,0.09252750821373167,0.09252750821373197,False
MRPL48,DSG,-0.08528579376516786,-0.7369655941662062,-0.12304139172328654,-0.8600069858894928,-0.9402811998130552,-0.06581208189691369,False
SIGLEC22P,DIG,0.744140894669128,0.5849625007211562,1.0735683784618275,1.6585308791829836,1.5710928432354856,1.1307976882882,True
PHYKPL,DIG,-1.5610402508402312,0.4724877714627438,-2.252105028515265,-1.7796172570525213,-1.8705280007570169,-2.194875718688891,True
TSACC,DCG,-0.9266882655519134,1.3291235962915664,-1.3369285651617404,-0.007804968870174012,-0.0900330792539536,-1.2796992553353665,True
TMPRSS9,NEUTRAL,-0.027586478011766415,0.13750352374993502,-0.03979887502316784,0.09770464872676718,0.01743043480320569,0.01743043480320569,False
TRMT1L,DCG,-0.8027301291012774,1.20945336562895,-1.1580947764265703,0.05135858920237957,-0.03136542590244449,-1.1008654666001978,True
LINC02723,DIG,-0.9548277850624707,0.4462562298895641,-1.3775253104126195,-0.9312690805230555,-1.012152164099131,-1.3202960005862343,True
MAD2L2,NEUTRAL,0.001527587480765917,0.13750352374993502,0.0022038428830250534,0.13970736663296007,0.05943315270939791,0.059433152709398224,False
ZAN,DSG,-0.04725001000319054,1.4528589647138113,-0.06816735511355691,1.3846916096002544,1.305235099126722,-0.010938045287182434,False
USP8,NEUTRAL,-0.006574807653690481,0.13750352374993502,-0.009485442396778059,0.12801808135315695,0.04774386742959606,0.04774386742959606,False
ALDH1B1,DIG,-1.6493897598064657,0.53605290024021,-2.3795664269658268,-1.8435135267256166,-1.9253499310440518,-2.3223371171394547,True
LDHAP2,DCG,-0.8687267219117634,1.0789513413948222,-1.2533077335898266,-0.17435639219500443,-0.25971097748780864,-1.1960784237634534,True
BLOC1S5,DSG,0.07465793892207183,1.4528589647138113,0.10770863824586414,1.5605676029596753,1.4833676450153317,0.16493794807223547,False
HSPE1P9,NEUTRAL,0.02246925477772829,0.13750352374993502,0.03241628244029925,0.16991980619023428,0.089645592266672,0.08964559226667229,False
SMARCE1P1,NEUTRAL,-0.038408637963141895,0.13750352374993502,-0.05541195151672439,0.08209157223321062,0.001817358309648655,0.001817358309648655,False
ETV3L,DCG,-0.8904727016596112,1.2927817492278462,-1.2846805507313186,0.008101198496527573,-0.07267106893729243,-1.2274512409049452,True
CHADL,NEUTRAL,-0.029732110346399335,0.13750352374993502,-0.04289436815191376,0.09460915559802126,0.014334941674459499,0.014334941674459182,False
TICAM1,NEUTRAL,0.006150343980384988,0.13750352374993502,0.00887307076026271,0.14637659451019774,0.0661023805866369,0.06610238058663659,False
ZSCAN9,DSG,-0.04754279012947153,-0.7369655941662062,-0.06858974754981334,-0.8055553417160195,-0.8858295556395811,-0.011360437723440186,False
CTSA,DCG,-0.7531563076710464,1.2555007331483865,-1.086574870091261,0.16892586305712554,0.09113860219672501,-1.0293455602648882,True
AP3S1,NEUTRAL,0.0022975888667737376,0.13750352374993502,0.0033147200640961643,0.14081824381403119,0.06054402989047084,0.06054402989047084,False
ANP32E,DCG,-1.0276636147966547,1.3504972470841334,-1.4826052007691597,-0.13210795368502626,-0.21373757182474265,-1.4253758909427872,True
CYP4X1,NEUTRAL,0.03359627463718724,0.13750352374993502,0.048469178811413695,0.1859727025613487,0.10569848863778705,0.10569848863778676,False
SLC30A1,DCG,2.0794415416798357,-3.321928094887362,3.0,-0.3219280948873622,-0.40220230881092334,3.057229309826374,True
CYCS,DSG,0.12627552838772302,-0.7369655941662062,0.18217707859060153,-0.5547885155756047,-0.6350627294991671,0.23940638841697412,False
C11orf91,DIG,-1.7180557573967814,0.4854268271702419,-2.4786305211670685,-1.9932036939968265,-2.0679239863658254,-2.421401211340694,True
MRPS31P5,NEUTRAL,-0.04744720285601894,0.13750352374993502,-0.06845184426443118,0.06905167948550384,-0.011222534438056556,-0.011222534438056717,False
PWAR1,NEUTRAL,-0.005464456041211701,0.13750352374993502,-0.007883543631811858,0.12961998011812317,0.049345766194561484,0.04934576619456117,False
SNORA70,NEUTRAL,0.0021362659339029116,0.13750352374993502,0.0030819802688617608,0.14058550401879677,0.06031129009523514,0.060311290095235455,False
LETMD1,DIG,-1.364181150054024,0.53605290024021,-1.9680973800571433,-1.4320444798169332,-1.5145311933987191,-1.9108680702307719,True
APC2,NEUTRAL,0.019366550215529695,0.13750352374993502,0.02794002595507178,0.1654435497050068,0.08516933578144592,0.08516933578144592,False
IGSF10,DSG,0.01920357317199294,1.1375035237499351,0.027704899782582556,1.1652084235325177,1.0894800114312715,0.08493420960895515,False
DBR1,DSG,-0.0660349493781121,1.3575520046180838,-0.09526829399315608,1.2622837106249276,1.1803489382836607,-0.03803898416678347,False
CFAP45,DCG,-0.8558627628090698,1.2705289423807182,-1.2347489635861721,0.035779978794546086,-0.03699378822113641,-1.177519653759798,True
RELN,DSG,0.11483623263595882,1.1210154009613662,0.16567366333826913,1.2866890642996354,1.1946561802447049,0.22290297316464236,False
TMEM101,NEUTRAL,-0.003724540827170514,0.13750352374993502,-0.005373376580947379,0.13213014716898763,0.05185593324542752,0.051855933245427206,False
SOX4,DSG,0.06297466869141595,1.4659744645040693,0.09085324222273126,1.5568277067268006,1.4752518100997345,0.1480825520491038,False
TUBA1B,DIG,0.7079274788107834,0.45943161863729726,1.021323462989344,1.4807550816266413,1.3980171371331989,1.0785527728157172,True
TNIP1,DIG,1.517344613566936,0.4462562298895641,2.1890655493125992,2.6353217792021635,2.5478150512204016,2.246294859138971,True
TM7SF3,DSG,-0.07282139373127082,1.439623137557117,-0.10505906360672707,1.33456407395039,1.2535382112223656,-0.04782975378035495,False
CD2,DIG,1.572169820580149,0.4329594072761063,2.2681616035862726,2.701121010862379,2.618877218595933,2.325390913412644,True
RBP7,NEUTRAL,0.0235728132468289,0.13750352374993502,0.03400838077100172,0.17151190452093673,0.09123769059737633,0.09123769059737633,False
RPL7P50,NEUTRAL,-0.021458676590446427,0.13750352374993502,-0.03095832630107715,0.10654519744885788,0.026270983525296006,0.02627098352529569,False
PLA2G3,NEUTRAL,0.014545005602317555,0.13750352374993502,0.020984007452165727,0.15848753120210074,0.07821331727853852,0.07821331727853821,False
LAYN,NEUTRAL,0.027690751283274643,0.13750352374993502,0.03994930955487003,0.17745283330480505,0.09717861938124492,0.09717861938124492,False
RNF212B,DIG,-1.1962977241633337,0.4195388915137848,-1.7258927940771946,-1.3063539025634099,-1.37265492833828,-1.6686634842508206,True
ZIC2,DIG,0.7656253628229646,0.4854268271702419,1.1045639141235044,1.5899907412937462,1.517493673716764,1.1617932239498763,True
GIHCG,DIG,1.48345203457044,0.4462562298895641,2.140168893671417,2.586425123560981,2.5068548809523037,2.1973982034977904,True
MTMR6,NEUTRAL,0.047200349019314546,0.13750352374993502,0.06809570945839334,0.20559923320832835,0.1253250192847673,0.12532501928476789,False
LINC00867,NEUTRAL,0.036955604817702506,0.13750352374993502,0.053315667803551695,0.1908191915534867,0.11054497762992528,0.11054497762992499,False
ZNF665,DSG,0.05458650704104494,1.1375035237499351,0.07875168300756602,1.2162552067575012,1.1357332271710259,0.1359809928339377,False
RNU6-510P,NEUTRAL,0.05374972663800362,0.13750352374993502,0.07754446406978524,0.21504798781972026,0.13477377389615905,0.13477377389615874,False
BLZF2P,NEUTRAL,-0.06957398676141062,0.13750352374993502,-0.1003740456755615,0.037129478074373515,-0.04314473584918742,-0.04314473584918725,False
INPP5K,NEUTRAL,-0.031204288811879213,0.13750352374993502,-0.04501827272336511,0.0924852510265699,0.012211037103007355,0.012211037103007355,False
PPP4R3B,DIG,0.9287891704883674,0.632268215499513,1.3399595302949416,1.9722277457944546,1.9023974918349906,1.3971888401213124,True
SAP30L,DIG,-1.538242578044974,0.45943161863729726,-2.2192149390297384,-1.7597833203924411,-1.8525010464837606,-2.1619856292033655,True
RPL12P35,NEUTRAL,-0.008187604083377119,0.13750352374993502,-0.011812215807850397,0.12569130794208463,0.04541709401852448,0.045417094018524166,False
POLR2M,NEUTRAL,-0.01797576780218827,0.13750352374993502,-0.025933551064388518,0.1115699726855465,0.03129575876198558,0.03129575876198558,False
FUT8-AS1,NEUTRAL,0.01579060217734199,0.13750352374993502,0.022781023453901754,0.16028454720383678,0.08001033328027539,0.08001033328027478,False
MMP24,DCG,-0.7850580183727479,1.0356239097307214,-1.1325993099164802,-0.09697540018575879,-0.17521689585741096,-1.0753700000901079,True
MAN2A2,DIG,1.698493983656212,0.4724877714627438,2.450408847200557,2.9228966186633007,2.8466818814748036,2.5076381570269293,True
RPS14P8,NEUTRAL,-0.02051984323055773,0.13750352374993502,-0.029603876068544602,0.10789964768139042,0.02762543375782923,0.027625433757829543,False
TMEM242,NEUTRAL,-0.024568109590638716,0.13750352374993502,-0.03544428987043106,0.10205923387950397,0.021785019955942078,0.021785019955942078,False
AKT3-IT1,DCG,-1.1100371588192766,1.485426827170242,-1.601445104231045,-0.11601827706080292,-0.19472109368100163,-1.5442157944046553,True
VCP,DIG,-0.8709117148118855,0.4195388915137848,-1.2564600120112104,-0.8369211204974256,-0.9161423021323079,-1.1992307021848376,True
CAVIN2-AS1,NEUTRAL,-0.020325986412895444,0.13750352374993502,-0.02932419979906071,0.10817932395087432,0.02790511002731227,0.02790511002731227,False
KRT18P14,DIG,1.3433437176057144,0.45943161863729726,1.9380353195991082,2.3974669382364056,2.3173332289689474,1.995264629425478,True
GUCY1A1,NEUTRAL,-0.02169392909095714,0.13750352374993502,-0.031297723916920685,0.10620579983301434,0.025931585909451733,0.02593158590945205,False
PHF12,DSG,0.057720566062604534,1.3001237245690138,0.08327317441582337,1.383396898984837,1.2991643492289344,0.1405024842421965,False
HAUS5,DSG,0.023540142425493644,-0.7369655941662062,0.033961246739079576,-0.7030043474271266,-0.783278561350688,0.09119055656545329,False
SIGLEC5,DSG,-0.003127796894879423,1.412781525338476,-0.004512457069150442,1.4082690682693255,1.3293995955697806,0.052716852757221704,False
EBLN3P,DIG,-1.223517454681454,0.4854268271702419,-1.7651625643100208,-1.279735737139779,-1.3563402481729652,-1.7079332544836487,True
GP2,DCG,-0.859783908934445,1.3146965256562866,-1.240405981655852,0.07429054400043467,-0.0029059436665684834,-1.183176671829478,True
FAM169A,NEUTRAL,-0.03511375146321252,0.13750352374993502,-0.05065843510298429,0.08684508864695073,0.006570874723389213,0.006570874723389213,False
TENT5C,DIG,-1.0277600716185396,0.523561956057013,-1.4827443585477529,-0.9591824024907399,-1.0470282085907168,-1.4255150487213801,True
ZNF548,DSG,-0.042066815037284,1.3854310371935206,-0.06068958544028291,1.3247414517532377,1.2419765507477716,-0.0034602756139099577,False
WDR12,NEUTRAL,-0.006437849474212248,0.13750352374993502,-0.009287853510435632,0.1282156702394994,0.04794145631593877,0.04794145631593815,False
MALSU1,DSG,0.07292876695804175,1.1779177921958432,0.10521397042851373,1.283131762624357,1.2047573260823352,0.16244328025488575,False
LINC00992,NEUTRAL,-0.015753638532548766,0.13750352374993502,-0.022727696186865393,0.11477582756306963,0.0345016136395091,0.0345016136395091,False
EPHA7,DIG,-1.5930264007291493,0.4329594072761063,-2.298251288337138,-1.865291881061032,-1.9526271191782254,-2.2410219785107657,True
PNMA2,NEUTRAL,-0.0765224237680288,0.13750352374993502,-0.1103985212869389,0.027105002462996117,-0.05316921146056617,-0.053169211460565836,False
WNT9B,DIG,-0.7391666322878394,0.405992359675837,-1.066392034792262,-0.660399675116425,-0.7441480510125635,-1.0091627249658865,True
GLRX5P2,DCG,2.0794415416798357,-3.321928094887362,3.0,-0.3219280948873622,-0.40220230881091956,3.0572293098263676,True
DUSP6,DIG,-1.4155843013041791,0.49825086752782544,-2.0422564514518076,-1.5440055839239821,-1.6252283959752316,-1.9850271416254346,True
CEACAM4,DIG,-1.0082015117628926,0.5109619192773794,-1.454527321237081,-0.9435654019597016,-1.011673486238259,-1.3972980114107054,True
BHLHA15,DSG,-0.08539398771120124,1.3785116232537298,-0.12319748259268311,1.2553141406610466,1.1777633147921511,-0.06596817276631065,False
SHD,NEUTRAL,0.03805468031786691,0.13750352374993502,0.054901298577201434,0.19240482232713646,0.11213060840357451,0.1121306084035748,False
TPRG1LP1,DSG,-0.07730128711877898,1.1538053360790355,-0.11152218358059635,1.042283152498439,0.9565083382391563,-0.05429287375422155,False
GNAS-AS1,DCG,-0.9184793409486623,1.3001237245690138,-1.3250855903455987,-0.02496186577658488,-0.10159098398499838,-1.2678562805192262,True
NR2C1,DIG,0.6909599116408035,0.5484366246960424,0.9968444379772636,1.545281062673306,1.464287276686573,1.0540737478036353,True
RMRP,DIG,-0.598649939124152,0.4462562298895641,-0.863669298402894,-0.4174130685133299,-0.4935513627690327,-0.8064399885765223,True
RCVRN,NEUTRAL,-0.04348329562623806,0.13750352374993502,-0.0627331349614824,0.07477038878845262,-0.005503825135109279,-0.005503825135108957,False
LINC01619,DIG,-1.5192924748325312,0.560714954474479,-2.191875719100813,-1.6311607646263342,-1.7107543768549176,-2.1346464092744393,True
KRT17,DIG,1.515853418952839,0.35049724708413343,2.186914210237841,2.5374114573219746,2.458978914229141,2.244143520064216,True
KCNK2,DCG,-0.9776528678500821,1.070389327891398,-1.4104549441581866,-0.34006561626678855,-0.4134431956555259,-1.3532256343318143,True
SLC29A1,DSG,-0.13210412453024473,1.4594316186372973,-0.19058596534076214,1.268845653296535,1.1918717834624295,-0.1333566555143881,False
DYNLL1,DIG,1.6595273360555116,0.35049724708413343,2.394191857946959,2.7446891050310924,2.6564392445706955,2.451421167773331,True
RPL37P1,DCG,-0.7974993144421059,1.1292830169449666,-1.1505483060579742,-0.021265289113007624,-0.10364403906360159,-1.093318996231596,True
RPS4XP2,DSG,0.056897310665179446,1.3575520046180838,0.08208546793657312,1.439637472554657,1.359464820896298,0.13931477776294693,False
SIRT4,DIG,0.7916623615759986,0.3923174227787603,1.1421273631041386,1.534444785882899,1.4507602267835278,1.1993566729305103,True
ITGA8,DSG,0.06366887135150359,1.2555007331483865,0.09185476495781163,1.3473554981061981,1.2686130947329615,0.14908407478418303,False
SPTLC1P2,DSG,0.05876163071731456,1.2555007331483865,0.0847751132304183,1.3402758463788047,1.2652879320220545,0.14200442305679223,False
ROBO2,NEUTRAL,0.05328947393528766,0.13750352374993502,0.07688045977802117,0.21438398352795618,0.13410976960439389,0.13410976960439389,False
LINC00923,DIG,1.023960913424177,0.4329594072761063,1.4772633318611934,1.9102227391372997,1.829311187053149,1.5344926416875657,True
ABHD1,DIG,-1.5826383222447742,0.523561956057013,-2.283264459023365,-1.759702502966352,-1.8332426351057927,-2.2260351491969925,True
POLN,NEUTRAL,0.021605962320077585,0.13750352374993502,0.031170814692809735,0.16867433844274476,0.08840012451918246,0.08840012451918215,False
NECTIN1,NEUTRAL,-0.008474836657299707,0.13750352374993502,-0.012226604817830286,0.12527691893210474,0.04500270500854341,0.04500270500854341,False
HRC,DIG,-1.1622724922203187,0.53605290024021,-1.6768047606879102,-1.1407518604477,-1.2180825160728972,-1.6195754508615385,True
PREB,DIG,0.6908958301179575,0.5728896684205812,0.996751987882041,1.5696416563026223,1.4970372223456059,1.0539812977084135,True
TRIB1,DCG,-0.8759286313866654,1.3074285251922473,-1.263697892674199,0.04373063251804821,-0.03440743072677432,-1.2064685828478263,True
RGR,DIG,-1.088724497487622,0.4195388915137848,-1.570697433419721,-1.1511585419059363,-1.2270848449086516,-1.5134681235933458,True
MCTP2,DIG,0.8393886267213098,0.45943161863729726,1.2109818091494309,1.6704134277867282,1.5875588226952349,1.2682111189758025,True
PCDHGB3,DIG,1.6418199340741217,0.4329594072761063,2.3686454769213805,2.801604884197487,2.7152726884254723,2.4258747867477513,True
EIF3H,DCG,-0.9079627105858736,1.1538053360790355,-1.309913299874341,-0.15610796379530556,-0.23736591396599774,-1.252683990047969,True
FAM167A,NEUTRAL,0.030402861147606097,0.13750352374993502,0.04386205700648706,0.18136558075642206,0.10109136683285946,0.10109136683285917,False
WFDC12,DCG,-0.8256865790409568,1.0874628412503395,-1.1912139329109614,-0.10375109166062191,-0.18224991182467806,-1.133984623084583,True
CYP4F8,DIG,1.0655531199723391,0.4854268271702419,1.5372682019878563,2.0226950291580983,1.9451067107794415,1.5944975118142286,True
PTCD2,NEUTRAL,0.020985620525198357,0.13750352374993502,0.030275850661681314,0.16777937441161633,0.08750516048805576,0.08750516048805576,False
KCTD16,DIG,1.0206968269059176,0.405992359675837,1.472554250428268,1.878546610104105,1.785676276902689,1.5297835602546423,True
RXFP1,NEUTRAL,0.03446021930849114,0.13750352374993502,0.049715587504306276,0.1872191112542413,0.10694489733068031,0.1069448973306806,False
PDHX,DIG,-1.4738345774379042,0.49825086752782544,-2.1262938359603454,-1.62804296843252,-1.7036898105877856,-2.069064526133972,True
ATOH8,DIG,0.7355303727653515,0.5849625007211562,1.0611460212117834,1.6461085219329394,1.574107305036345,1.1183753310381555,True
PDS5A,NEUTRAL,-0.019417648831123457,0.13750352374993502,-0.02801374567438519,0.10948977807554983,0.029215564151989275,0.029215564151989587,False
PCDHGB1,DIG,1.4589984935381133,0.45943161863729726,2.1048898912919043,2.5643215099292016,2.472772262006962,2.1621192011182764,True
ABCG8,DIG,0.6761470330549155,0.560714954474479,0.9754739715001126,1.5361889259745918,1.466526649053291,1.0327032813264845,True
MATN3,DIG,1.1422403377787085,0.4329594072761063,1.6479044708166772,2.0808638780927837,2.0202227907159034,1.7051337806430507,True
KLRC4,DSG,0.1095229589812556,-3.321928094887362,0.1580082297857428,-3.1639198651016196,-3.244194079025176,0.215237539612116,False
LINC02389,DSG,-0.11750835800444913,1.2779847472997656,-0.1695287253560237,1.1084560219437418,1.0353149260213117,-0.11229941552964957,False
EDNRA,NEUTRAL,0.013536884032819455,0.13750352374993502,0.01952959546323762,0.15703311921317264,0.07675890528961035,0.07675890528961035,False
TRARG1,NEUTRAL,-0.05083164377518517,0.13750352374993502,-0.07333456039469399,0.06416896335524103,-0.016105250568320045,-0.016105250568319882,False
PCDH1,DIG,0.8759119048393089,0.4329594072761063,1.2636737613672766,1.6966331686433829,1.6021837542962927,1.3209030711936505,True
CDHR2,DIG,-0.6073648327196103,0.4854268271702419,-0.8762422321749366,-0.3908154050046947,-0.4856482738608421,-0.819012922348564,True
CA8,DCG,-0.8246827142841683,1.2705289423807182,-1.1897656622046195,0.08076328017609868,-0.004866608350397068,-1.1325363523782477,True
C2orf72,NEUTRAL,-0.0056697137849223405,0.13750352374993502,-0.008179667960767256,0.12932385578916777,0.04904964186560689,0.049049641865607195,False
NDFIP1,DIG,0.9862775455053,0.3645724322958561,1.4228977238406353,1.7874701561364914,1.698079750470741,1.4801270336670094,True
PHLDA1,DIG,-0.7297892952246776,0.5484366246960424,-1.052863397114494,-0.5044267724184517,-0.5787551200177886,-0.995634087288121,True
FAM110B,DCG,-0.8100718524734097,1.1618876823768942,-1.1686866443271242,-0.006798961950229998,-0.08514542253190457,-1.1114573345007512,True
SNX1,NEUTRAL,-0.000988290080649421,0.13750352374993502,-0.0014258011983126733,0.13607772255162234,0.05580350862806182,0.05580350862806182,False
ALG5,NEUTRAL,0.007302921732637869,0.13750352374993502,0.01053588896767689,0.1480394127176119,0.06776519879405081,0.06776519879405081,False
ANO4,NEUTRAL,0.04299406933590653,0.13750352374993502,0.06202733061854859,0.1995308543684836,0.11925664044492187,0.11925664044492158,False
RNU6-418P,DCG,-0.8553108043901243,1.1937717433966801,-1.2339526559123826,-0.04018091251570244,-0.11746934734209662,-1.1767233460860034,True
TFEC,DIG,0.7002274269780328,0.4724877714627438,1.0102146363956466,1.4827024078583904,1.4111107160866079,1.0674439462220202,True
TERF2IP,NEUTRAL,0.01359858506303314,0.13750352374993502,0.019618611233544643,0.15712213498347966,0.07684792105991738,0.07684792105991768,False
LINC00974,DIG,-1.3339123825147234,0.3645724322958561,-1.9244287792343735,-1.5598563469385174,-1.642266676225228,-1.8671994694079899,True
CCDC32,NEUTRAL,0.015585025912235052,0.13750352374993502,0.022484439595707503,0.15998796334564253,0.07971374942208222,0.07971374942208191,False
SFXN1,DIG,-1.1729804987555632,0.4854268271702419,-1.692253148614114,-1.206826321443872,-1.2971199503268607,-1.635023838787742,True
GTSF1,DIG,-0.5740605443096981,0.3923174227787603,-0.8281943004456205,-0.4358768776668602,-0.511568599606932,-0.7709649906192488,True
HIVEP2,DIG,-1.21031579393381,0.4724877714627438,-1.7461165938178964,-1.2736288223551526,-1.3580925058309525,-1.688887283991525,True
TFF3,DIG,-1.6350537142359398,0.5109619192773794,-2.358883885115271,-1.8479219658378914,-1.9375104708698263,-2.3016545752888975,True
MIER3,NEUTRAL,-0.011315168907075297,0.13750352374993502,-0.016324338069058524,0.12117918568087649,0.04090497175731581,0.0409049717573155,False
MDC1,DSG,0.032323529327014974,-0.7369655941662062,0.04663299546411347,-0.6903325987020927,-0.770606812625656,0.10386230529048504,False
PTP4A1,DIG,-0.5681428601202052,0.523561956057013,-0.8196568868118921,-0.29609493075487914,-0.37954194548082143,-0.7624275769855186,True
MRPS25,DIG,0.6437646582965155,0.45943161863729726,0.928756080023961,1.3881876986612582,1.3150588648051358,0.9859853898503328,True
CRPPA,DSG,-0.0361349164284598,1.4195388915137848,-0.052131664734276086,1.3674072267795088,1.288060469769259,0.005097645092097672,False
TMEM26,DIG,1.7058061534202735,0.45943161863729726,2.460958078257307,2.9203896968946044,2.8298209590466574,2.5181873880836787,True
PMEPA1,DCG,-0.9272698836573607,1.446256229889564,-1.3377676627181605,0.10848856717140354,0.028508737696819806,-1.2805383528917884,True
PCDHGA8,DIG,1.2550061344444825,0.45943161863729726,1.8105911264482826,2.27002274508558,2.1812577586427797,1.8678204362746542,True
TNFAIP3,DIG,0.9841375016868738,0.405992359675837,1.4198102932365066,1.8258026529123437,1.7396094305076368,1.4770396030628794,True
CTNNA1,DIG,-1.0327701437614651,0.4724877714627438,-1.4899723647828478,-1.017484593320104,-1.1116226192306846,-1.4327430549564737,True
SNHG22,NEUTRAL,-0.0094111004918755,0.13750352374993502,-0.013577348008936469,0.12392617574099855,0.043651961817435886,0.0436519618174365,False
SNORD2,DSG,0.013048707413615416,1.2249663650002742,0.018825305475634012,1.2437916704759082,1.1632965955917203,0.07605461530200788,False
LINC01588,DIG,0.714416161518909,0.4195388915137848,1.0306846533542586,1.4502235448680434,1.381241360543284,1.087913963180631,True
SLC36A2,DIG,-0.8188513832115598,0.4724877714627438,-1.1813528297843856,-0.7088650583216418,-0.8076526575069071,-1.1241235199580102,True
PANDAR,DIG,0.6115857392708509,0.6892991605358918,0.8823317131244672,1.571630873660359,1.4853473727375408,0.9395610229508384,True
ZNF235,DIG,1.3057874174505864,0.49825086752782544,1.8838530316111677,2.3821038991389933,2.301603468218301,1.9410823414375404,True
SLC5A6,DIG,-0.9695782130017859,0.4195388915137848,-1.3988056796516597,-0.9792667881378749,-1.0487381537369722,-1.3415763698252865,True
ST3GAL6,DIG,-1.5526730737573726,0.523561956057013,-2.240033743631585,-1.716471787574572,-1.7899576994588078,-2.1828044338052113,True
AGPAT4,NEUTRAL,0.0638257249311328,0.13750352374993502,0.09208105683928836,0.22958458058922337,0.1493103666656629,0.1493103666656629,False
UCP1,NEUTRAL,0.011962819763751738,0.13750352374993502,0.017258700748213115,0.15476222449814814,0.0744880105745878,0.0744880105745878,False
NECAP1P1,DSG,0.0872456674701264,1.4329594072761063,0.1258688917981989,1.5588282990743052,1.4777649877549563,0.18309820162457302,False
IMPA1P1,DCG,-0.9621478905352595,1.3074285251922473,-1.3880859902769962,-0.08065746508474891,-0.16217129978018072,-1.3308566804506077,True
RPL5P24,DCG,-0.7193105010065307,1.185866545311334,-1.0377456926614776,0.1481208526498563,0.06932541318860908,-0.9805163828351044,True
HMGB1P10,NEUTRAL,0.041681134168053274,0.13750352374993502,0.06013316556287799,0.197636689312813,0.11736247538925135,0.11736247538925135,False
OSGIN1,NEUTRAL,-0.007878418581362063,0.13750352374993502,-0.01136615541737851,0.1261373683325565,0.04586315440899573,0.045863154408996035,False
PRDM2,NEUTRAL,0.01915089608041183,0.13750352374993502,0.027628902803790035,0.16513242655372506,0.08485821263016301,0.08485821263016301,False
TSN,NEUTRAL,0.04704327048356,0.13750352374993502,0.06786909303383017,0.20537261678376517,0.1250984028602029,0.1250984028602032,False
AGGF1,NEUTRAL,-0.008898981429171216,0.13750352374993502,-0.012838516376828294,0.12466500737310672,0.044390793449545496,0.044390793449545496,False
SETDB1,DCG,-0.8056411477790943,1.06177619758669,-1.162294488636992,-0.10051829105030197,-0.17762937891560746,-1.1050651788106203,True
TTC21B,NEUTRAL,-0.0309567778413731,0.13750352374993502,-0.04466118987365032,0.0928423338762847,0.012568119952722936,0.012568119952722619,False
MRPL1,NEUTRAL,0.02708783105198286,0.13750352374993502,0.03907947952713375,0.17658300327706877,0.09630878935350674,0.09630878935350674,False
ZRANB2,NEUTRAL,-0.00231270137795331,0.13750352374993502,-0.003336522809030313,0.1341670009409047,0.05389278701734359,0.05389278701734359,False
CXCL17,DIG,-0.9495037250492574,0.49825086752782544,-1.3698443154341615,-0.8715934479063361,-0.9489107704137592,-1.3126150056077897,True
LHPP,NEUTRAL,-0.001346494536042,0.13750352374993502,-0.001942580989731879,0.13556094276020314,0.055286728836641715,0.05528672883664202,False
NAB2,DIG,1.2712426316209091,0.4329594072761063,1.834015440406121,2.2669748476822273,2.1792955871508775,1.8912447502324938,True
TLR5,DCG,-0.8062735146638145,1.2016338611696507,-1.1632068012056,0.0384270599640506,-0.035573331750010775,-1.1059774913792275,True
NR4A3,NEUTRAL,-0.03078544618021478,0.13750352374993502,-0.04441401053574995,0.09308951321418507,0.01281529929062445,0.012815299290624133,False
CD200,DIG,-1.6819630042355953,0.6438561897747247,-2.426559685169396,-1.7827034953946712,-1.858477425747661,-2.3693303753430226,True
MAN2B2,NEUTRAL,-0.0029415267618538906,0.13750352374993502,-0.004243726071968779,0.13325979767796625,0.052985583754405666,0.05298558375440536,False
ZMYM4,NEUTRAL,-0.015688817410904478,0.13750352374993502,-0.02263417907612432,0.1148693446738107,0.03459513075024954,0.03459513075024985,False
TMEM225B,DSG,0.051182682717259,1.446256229889564,0.07384100253558282,1.520097232425147,1.4389143882256874,0.13107031236195646,False
SLC25A17,NEUTRAL,-0.005429318655938409,0.13750352374993502,-0.007832851100328275,0.12967067264960674,0.04939645872604573,0.04939645872604573,False
GAB1,NEUTRAL,0.0464180759506434,0.13750352374993502,0.0669671279816005,0.2044706517315355,0.12419643780797508,0.12419643780797508,False
DHX57,DIG,-0.6452274634225228,0.49825086752782544,-0.9308664617250387,-0.4326155941972133,-0.4935423998690447,-0.8736371518986673,True
KANSL2,DIG,-1.152525286288107,0.53605290024021,-1.662742515026985,-1.126689614786775,-1.2026238395993083,-1.6055132052006125,True
MR1,DCG,-1.0444679286483172,1.232660756790275,-1.506848701028495,-0.27418794423822,-0.35630558699316484,-1.4496193912021211,True
PACSIN3,DIG,0.5551487423669811,0.53605290024021,0.8009103375685884,1.3369632378087983,1.256372848846679,0.8581396473949607,True
MIR143,DIG,-1.1137768722491734,0.45943161863729726,-1.606840370250703,-1.1474087516134057,-1.240616549942285,-1.5496110604243256,True
AFDN,NEUTRAL,0.011114937462823852,0.13750352374993502,0.01603546515740693,0.15353898890734194,0.07326477498377944,0.07326477498377944,False
L3MBTL4,NEUTRAL,0.035506040226232015,0.13750352374993502,0.05122438815598898,0.188727911905924,0.10845369798236404,0.10845369798236344,False
ADAT2,DIG,-1.5291306731769567,0.5484366246960424,-2.2060692390635976,-1.6576326143675553,-1.734815059849819,-2.1488399292372247,True
GCN1,DIG,-0.9975388264434953,0.4462562298895641,-1.4391443180042272,-0.9928880881146631,-1.070431911978755,-1.3819150081778546,True
SEC24D,NEUTRAL,0.014105740950755272,0.13750352374993502,0.020350282517719004,0.15785380626765402,0.0775795923440928,0.07757959234409341,False
MIR6887,DSG,0.08221589566106557,1.4528589647138113,0.11861246495246375,1.571471429666275,1.4894192000456168,0.17584177477883792,False
PTPN7,DCG,-0.7825464955075225,1.2479275134435854,-1.1289759483337403,0.11895156510984517,0.04072129114207812,-1.0717466385073677,True
FAM83A-AS1,DCG,-1.0094348578133516,1.2779847472997656,-1.4563066634677784,-0.17832191616801274,-0.25965083440564796,-1.3990773536414016,True
LONRF2,NEUTRAL,-0.014189569925557475,0.13750352374993502,-0.02047122216394895,0.11703230158598607,0.03675808766242437,0.03675808766242468,False
RFTN2,DIG,-1.2901301345851037,0.49825086752782544,-1.8612643472673402,-1.3630134797395148,-1.4498534067805582,-1.8040350374409668,True
KRTAP5-7,DSG,-0.09847950650158457,-3.321928094887362,-0.1420758956590285,-3.4640039905463906,-3.544278204469918,-0.0848465858326547,False
ABHD14A,NEUTRAL,-0.09072296826242103,0.13750352374993502,-0.13088557640692164,0.006617947343013381,-0.07365626658054747,-0.0736562665805478,False
TCP11,DIG,-1.3093426947140545,0.5969351423872323,-1.8889822124881583,-1.2920470701009261,-1.372523182724703,-1.8317529026617827,True
TBC1D24,DCG,-0.8205462361006848,1.4195388915137848,-1.1837979856425624,0.23574090587122232,0.15661458616814763,-1.1265686758161884,True
LINC01625,DIG,-1.043250250693036,0.53605290024021,-1.5050919630810107,-0.9690390628408007,-1.0505270656490697,-1.4478626532546341,True
RMST,DIG,1.2924639125091293,0.405992359675837,1.8646312771048679,2.270623636780705,2.1904422177393372,1.9218605869312404,True
PI4KB,DCG,-0.9515960515083165,1.4059923596758368,-1.372862904440567,0.03312945523526989,-0.04501894784919112,-1.3156335946141933,True
PNISR,DIG,1.4295034595713108,0.4854268271702419,2.062337552057147,2.547764379227389,2.4583446685280874,2.1195668618835204,True
MAP2K6,DCG,-1.082842811822788,1.4329594072761063,-1.5622119546789972,-0.12925254740289094,-0.2116887165414426,-1.504982644852624,True
ZHX2,DCG,-0.852764329899953,1.1618876823768942,-1.2302788697936622,-0.06839118741676797,-0.15599454625338122,-1.17304955996729,True
HNF4A,DCG,-0.9286616856763735,1.3575520046180838,-1.3397756085888894,0.01777639602919434,-0.06147398410051731,-1.28254629876251,True
CASQ2,DIG,-1.4124383942109717,0.4724877714627438,-2.0377178668893396,-1.5652300954265959,-1.6463541252724152,-1.9804885570629667,True
TENT5A,DIG,-1.3648820016948366,0.4462562298895641,-1.9691084952437428,-1.5228522653541787,-1.6079874483927978,-1.9118791854173691,True
CBLN3,DIG,-1.4878008412805608,0.405992359675837,-2.146442895545893,-1.740450535870056,-1.8178280590641842,-2.089213585719521,True
LINC01948,DIG,0.8105879302584036,0.4462562298895641,1.169431187188248,1.615687417077812,1.5159792746979264,1.226660497014621,True
ACTN1,NEUTRAL,0.017098070254544632,0.13750352374993502,0.02466730116500264,0.16217082491493767,0.08189661099137598,0.08189661099137598,False
TUBB8P2,DIG,0.8640558418741364,0.4854268271702419,1.246569078122955,1.7319959052931968,1.6484207613331636,1.3037983879493253,True
NIPAL4,DIG,-1.7228345274146428,0.4854268271702419,-2.4855248289733862,-2.0000980018031442,-2.0948645876319176,-2.428295519147012,True
MIR7-3HG,NEUTRAL,0.05083755138294567,0.13750352374993502,0.07334308327111358,0.2108466070210486,0.1305723930974879,0.13057239309748758,False
YY1AP1,DCG,-0.8648333525262542,1.1538053360790355,-1.2476907888850035,-0.09388545280596805,-0.17345563788111915,-1.1904614790586308,True
RSL24D1P6,DCG,-0.9413830562814605,1.3074285251922473,-1.358128666874159,-0.050700141681911726,-0.12969368279944457,-1.3008993570477823,True
IGF2BP3,DSG,-0.12463596069718641,-3.321928094887362,-0.1798116824142626,-3.5017397773016246,-3.5820139912251863,-0.12258237258789066,False
FBXL5,NEUTRAL,-0.003916073261636774,0.13750352374993502,-0.005649699474321241,0.1318538242756138,0.05157961035205216,0.05157961035205216,False
AHDC1,NEUTRAL,0.0191772441418429,0.13750352374993502,0.02766691502135368,0.1651704387712887,0.0848962248477283,0.0848962248477286,False
ST3GAL4,NEUTRAL,-0.09264659419879466,0.13750352374993502,-0.13366078200585327,0.0038427417440817513,-0.07643147217948049,-0.07643147217948049,False
RLN3,DIG,-1.4917847715411485,0.5484366246960424,-2.15219049197609,-1.6037538672800478,-1.687283807750992,-2.094961182149697,True
GRIN2B,DIG,-0.5836028047592775,0.5109619192773794,-0.8419608722750996,-0.3309989529977202,-0.40272698351743397,-0.7847315624487272,True
PABPC3,NEUTRAL,-0.024822060220812642,0.13750352374993502,-0.03581066318521361,0.1016928605647214,0.021418646641161092,0.021418646641161092,False
TCF20,NEUTRAL,0.04074177159312444,0.13750352374993502,0.05877795183443148,0.19628147558436648,0.11600726166080488,0.11600726166080459,False
SMARCD2,DCG,-1.0561593698635159,1.4918530963296748,-1.5237158852905068,-0.031862788960832056,-0.11439932257281595,-1.4664865754641325,True
ATP13A4,DCG,-0.912158251816501,1.439623137557117,-1.3159661864016123,0.12365695115550457,0.04474850367109667,-1.25873687657524,True
SLC38A8,NEUTRAL,-0.009049956417695253,0.13750352374993502,-0.01305632724407019,0.12444719650586483,0.04417298258230303,0.044172982582303344,False
ANKRD46,DCG,-0.8237235979503078,1.3923174227787602,-1.1883819498261234,0.2039354729526368,0.12450463181645476,-1.1311526399997494,True
STC1,NEUTRAL,0.030731254075288802,0.13750352374993502,0.0443358278547179,0.18183935160465292,0.10156513768109109,0.10156513768109078,False
DMPK,DIG,1.1959014924344045,0.5109619192773794,1.7253211525268255,2.236283071804205,2.1551700255004422,1.7825504623531965,True
COX7A2P1,NEUTRAL,0.006209476502537837,0.13750352374993502,0.008958380956727883,0.1464619047066629,0.06618769078310126,0.06618769078310156,False
TLR1,NEUTRAL,-0.011623443262545644,0.13750352374993502,-0.016769083952928834,0.12073443979700618,0.04046022587344556,0.04046022587344556,False
SLC30A3,DIG,1.385202502685179,0.4724877714627438,1.9984247812508888,2.4709125527136324,2.411180071207286,2.0556540910772614,True
SHANK1,DIG,-0.6871876630434595,0.5849625007211562,-0.9914022336328749,-0.40643973291171875,-0.4905698247664184,-0.9341729238065036,True
EEF1A1P6,DSG,0.1258970492348654,1.3146965256562866,0.18163104859369397,1.4963275742499806,1.4172741492506278,0.23886035842006617,False
PTPN3,NEUTRAL,0.05406494826006113,0.13750352374993502,0.07799923274070858,0.2155027564906436,0.13522854256708222,0.13522854256708192,False
GPRC5B,DCG,-0.8672902860639483,1.1210154009613662,-1.2512353947156287,-0.13021999375426252,-0.2046973784511021,-1.1940060848892562,True
SPRING1,NEUTRAL,-0.034072582832550935,0.13750352374993502,-0.04915634628279967,0.08834717746713536,0.008072963543574741,0.00807296354357506,False
LYPLA1P3,DIG,0.5922618578424103,0.4462562298895641,0.8544532452169296,1.3007094751064936,1.223209395087533,0.9116825550433034,True
CENPN,NEUTRAL,0.01158530715796105,0.13750352374993502,0.01671406518396582,0.15421758893390083,0.07394337501034025,0.07394337501033994,False
HEBP2,DIG,-0.8405967052376729,0.4195388915137848,-1.2127246980339925,-0.7931858065202078,-0.8709926414843703,-1.155495388207619,True
RGS17,DIG,1.338268710096644,0.3923174227787603,1.9307136314332982,2.3230310542120587,2.2327696777982875,1.9879429412596707,True
LINC02648,DCG,-0.8915588004020787,1.3291235962915664,-1.286247460000992,0.042876136290574296,-0.03426881220705615,-1.229018150174602,True
SEC14L6,NEUTRAL,-0.03224754750297848,0.13750352374993502,-0.046523376863378325,0.0909801468865567,0.010705932962993528,0.01070593296299321,False
PHF11,NEUTRAL,-0.0012775240886646851,0.13750352374993502,-0.0018430776673327336,0.13566044608260228,0.05538623215904188,0.05538623215904218,False
ATP5PBP3,DIG,-0.6491090340952587,0.5109619192773794,-0.9364663844854547,-0.4255044652080753,-0.507026098739761,-0.8792370746590781,True
TUBAP12,DIG,0.8811807965673102,0.5484366246960424,1.271275165334245,1.8197117900302873,1.7328497613673426,1.3285044751606174,True
FAM184A,DIG,-1.1298906667479782,0.45943161863729726,-1.6300876616640325,-1.1706560430267352,-1.2578835012245757,-1.5728583518376615,True
DIAPH3,NEUTRAL,-0.011880163985172946,0.13750352374993502,-0.017139453666356674,0.12036407008357834,0.040089856160016195,0.04008985616001651,False
DAP3,DCG,-0.999526058369273,1.4329594072761063,-1.4420112876486428,-0.00905188037253657,-0.09310215196675518,-1.3847819778222703,True
MBLAC1,DSG,-0.09753302564574907,-0.7369655941662062,-0.1407104124220183,-0.8776760065882245,-0.9579502205117865,-0.08348110259564517,False
ERV3-1,DSG,-0.008264740486408557,1.412781525338476,-0.011923500113975865,1.4008580252245,1.3207695933483765,0.04530580971239712,False
DR1,NEUTRAL,0.06173719749138975,0.13750352374993502,0.08906794865921054,0.22657147240914555,0.14629725848558345,0.14629725848558375,False
BNIP3P5,NEUTRAL,-0.04675598243768331,0.13750352374993502,-0.06745462399473717,0.07004889975519785,-0.010225314168363295,-0.010225314168363133,False
CACNA1G,DSG,0.05973982011685609,1.3434078222978139,0.08618634222618703,1.429594164524001,1.3526467881252242,0.14341565205256085,False
RAD21L1,DSG,0.005285902697713531,1.2927817492278462,0.007625945608612905,1.3004076948364591,1.221665171051332,0.06485525543498695,False
LINC00158,DIG,-1.6848365209216225,0.4329594072761063,-2.430705293442239,-1.9977458861661328,-2.0811790362208202,-2.3734759836158474,True
FGF22,NEUTRAL,-0.030848436862596834,0.13750352374993502,-0.044504886880844745,0.09299863686909027,0.012724422945529508,0.012724422945529189,False
NCF2,DCG,-0.8216744668719649,1.3219280948873624,-1.1854256785812667,0.13650241630609572,0.05781516760406911,-1.1281963687548937,True
ICMT,NEUTRAL,-0.03333379252117296,0.13750352374993502,-0.04809049716431785,0.08941302658561717,0.009138812662056047,0.009138812662055728,False
PTPN23,NEUTRAL,0.0009195634349328653,0.13750352374993502,0.0013266496073604658,0.13883017335729547,0.05855595943373306,0.058555959433733366,False
NBPF18P,DCG,-0.8055657180830742,1.185866545311334,-1.162185666588608,0.023680878722726062,-0.05695297081997026,-1.1049563567622231,True
AMT,NEUTRAL,-0.04401534219452454,0.13750352374993502,-0.0635007159070713,0.07400280784286371,-0.006271406080698691,-0.00627140608069853,False
HAP1,DIG,-1.6990611918352347,0.37851162325372983,-2.451227155627585,-2.072715532373855,-2.155545745470644,-2.3939978458012114,True
MACROH2A1,NEUTRAL,-0.027965354749793305,0.13750352374993502,-0.04034547861422742,0.0971580451357076,0.016883831212145536,0.01688383121214522,False
ETS1-AS1,NEUTRAL,0.03755181104146002,0.13750352374993502,0.05417581156591379,0.1916793353158488,0.11140512139228746,0.11140512139228716,False
POP1,DCG,-0.9279348985909265,1.4059923596758368,-1.3387270764649328,0.06726528321090397,-0.01322417607292643,-1.28149776663856,True
BUD23,DSG,-0.018306487490327056,1.1937717433966801,-0.02641067871839069,1.1673610646782895,1.0866627300346199,0.030818631107983455,False
ZBTB32,DSG,-0.06411770264138757,1.446256229889564,-0.09250229163392304,1.353753938255641,1.2720349982839374,-0.03527298180755109,False
ZFYVE16,NEUTRAL,0.026076486688315473,0.13750352374993502,0.0376204180290398,0.17512394177897483,0.09484972785541491,0.09484972785541461,False
LRIG1,NEUTRAL,-0.05235635908926338,0.13750352374993502,-0.07553425961708209,0.06196926413285293,-0.018304949790707663,-0.018304949790707827,False
GAN,NEUTRAL,0.012007725798752839,0.13750352374993502,0.01732348646221519,0.1548270102121502,0.07455279628858921,0.07455279628858921,False
GABPB1-AS1,NEUTRAL,0.027586091420971372,0.13750352374993502,0.03979831729054498,0.17730184104048,0.09702762711691848,0.09702762711691879,False
STAC,NEUTRAL,0.04678537313217702,0.13750352374993502,0.06749702580393153,0.20500054955386654,0.12472633563030595,0.12472633563030595,False
RPL35AP16,DIG,1.5689521384427187,0.4462562298895641,2.2635194695234446,2.709775699413009,2.62393613178145,2.3207487793498114,True
DAB2,DSG,-0.11543778708789897,-0.7369655941662062,-0.16654152296290786,-0.903507117129114,-0.9837813310526761,-0.10931221313653496,False
MSANTD2,NEUTRAL,-0.05026602416151985,0.13750352374993502,-0.07251854378302951,0.06498497996690551,-0.015289233956655528,-0.015289233956655206,False
EDRF1-DT,NEUTRAL,-0.03628112471169801,0.13750352374993502,-0.052342598699440746,0.08516092505049427,0.004886711126933519,0.0048867111269332,False
PDK2,DSG,-0.050987501359941,1.0959244199985356,-0.07355941535930616,1.0223650046392294,0.9389924233747328,-0.0163301055329339,False
EMCN,NEUTRAL,0.028092098112563652,0.13750352374993502,0.04052833063516179,0.1780318543850968,0.09775764046153639,0.09775764046153639,False
NOSIP,DSG,-0.0828830065264258,1.1779177921958432,-0.11957490248964209,1.0583428897062013,0.9717888492895752,-0.062345592663270125,False
GRPEL1,NEUTRAL,0.04629693793811537,0.13750352374993502,0.06679236277166316,0.2042958865215982,0.12402167259803559,0.12402167259803588,False
ERN2,DCG,-1.0144901161976414,1.4262647547020981,-1.4635998596692055,-0.037335104967107346,-0.11853707151014209,-1.4063705498428296,True
UPF1,DIG,1.1929062792987508,0.49825086752782544,1.7209999733896124,2.2192508409174376,2.1427140453813145,1.778229283215984,True
IFT122,DSG,0.06580884738980722,1.1699250014423124,0.09494209777589348,1.2648670992182058,1.180818290734555,0.15217140760226636,False
TSG101,DIG,-1.7114706683600305,0.45943161863729726,-2.469130245869936,-2.0096986272326385,-2.090118866234666,-2.4119009360435633,True
EPHA8,NEUTRAL,-0.0009135397931091746,0.13750352374993502,-0.0013179593291733358,0.13618556442076168,0.055911350497201355,0.05591135049720166,False
INSM1,DSG,0.09721710657348083,1.2779847472997656,0.14025463754313464,1.4182393848429002,1.3388485926959945,0.19748394736950853,False
NAV1,DCG,-0.9125428574291155,1.2479275134435854,-1.3165210550116293,-0.06859354156804387,-0.15062540459961388,-1.2592917451852552,True
ELAC2,NEUTRAL,-0.0055898786472391255,0.13750352374993502,-0.008064490203542994,0.12943903354639202,0.049164819622830876,0.049164819622830876,False
KRT9,DIG,-0.685281598440612,0.3923174227787603,-0.9886523636827329,-0.5963349409039727,-0.6687052411099379,-0.9314230538563607,True
PUF60,DCG,-1.0059287055193238,1.446256229889564,-1.4512483549405828,-0.004992125051018759,-0.08809698372656376,-1.39401904511421,True
GLI1,DIG,-1.4363297304943112,0.5849625007211562,-2.0721857792655243,-1.4872232785443682,-1.5639919058621132,-2.0149564694391513,True
HPX,NEUTRAL,0.03217545704275597,0.13750352374993502,0.04641937231391991,0.18392289606385492,0.10364868214029394,0.10364868214029334,False
CCDC9B,NEUTRAL,-0.016837011180888796,0.13750352374993502,-0.0242906725340603,0.11321285121587472,0.03293863729231474,0.03293863729231474,False
NGF,NEUTRAL,-0.00599908263393512,0.13750352374993502,-0.008654846765861299,0.1288486769840737,0.048574463060513495,0.048574463060513495,False
FITM1,NEUTRAL,-0.061088711743347464,0.13750352374993502,-0.08813238148642277,0.04937114226351225,-0.030903071660047996,-0.030903071660047996,False
CTAGE16P,NEUTRAL,-0.03323017531716928,0.13750352374993502,-0.047941009137950956,0.08956251461198406,0.009288300688422188,0.009288300688422508,False
SNORA77,DCG,-0.7950639811569956,1.2705289423807182,-1.1470348628046338,0.12349407957608438,0.048577121701406545,-1.0898055529782529,True
VAV1,NEUTRAL,0.00578842070006253,0.13750352374993502,0.008350925838559235,0.14585444958849425,0.06558023566493233,0.06558023566493264,False
MRPL37P1,NEUTRAL,-0.06009655882305245,0.13750352374993502,-0.08670100738850965,0.05080251636142537,-0.029471697562135645,-0.029471697562135808,False
GABPA,DIG,-1.2623683034636417,0.4195388915137848,-1.82121249118241,-1.4016735996686251,-1.4808973392086817,-1.763983181356038,True
HLA-L,DSG,-0.04356711371971165,1.4724877714627438,-0.06285405890927352,1.4096337125534704,1.325717701148068,-0.005624749082901983,False
FAM177A1,DIG,1.2843972934853987,0.45943161863729726,1.852993605842591,2.312425224479888,2.2282736626622697,1.9102229156689623,True
MS4A7,DIG,-1.0671715597914277,0.6205864104518776,-1.539603117088833,-0.9190167066369553,-1.0032042013752707,-1.4823738072624604,True
ITIH4,NEUTRAL,-0.028495767774781588,0.13750352374993502,-0.04111070285500093,0.09639282089493409,0.016118606971372483,0.016118606971372167,False
RPS27A,DIG,0.7443533939844519,0.4329594072761063,1.0738749501702376,1.5068343574463439,1.4437618789699158,1.1311042599966104,True
DGKG,DSG,-0.0672855410157712,1.3074285251922473,-0.09707251634698405,1.2103560088452632,1.1278578216469548,-0.03984320652061065,False
CEACAM5,DSG,-0.06347401534890294,1.2927817492278462,-0.09157364716917223,1.201208102058674,1.1185170264678068,-0.03434433734280047,False
CCDC124,DIG,-1.7193598533525145,0.5109619192773794,-2.480511933935248,-1.9695500146578686,-2.0572355549759247,-2.423282624108876,True
DNAAF1,NEUTRAL,0.040273534051383834,0.13750352374993502,0.05810242785500426,0.19560595160493927,0.11533173768137765,0.11533173768137765,False
MPHOSPH10,DIG,1.3905825280875035,0.5484366246960424,2.006186517218679,2.554623141914721,2.4873960768652372,2.06341582704505,True
IMPDH1P7,DIG,-1.5395507361976435,0.4195388915137848,-2.221102212309293,-1.8015633207955082,-1.8810287323237618,-2.163872902482917,True
AOC2,NEUTRAL,-0.048849254345626175,0.13750352374993502,-0.07047457699555854,0.06702894675437648,-0.013245267169184616,-0.013245267169184777,False
CFH,DCG,0.8704835451226041,-0.7369655941662062,1.2558422937238252,0.518876699557619,0.4386024856340555,1.3130716035501964,True
RASAL2,DCG,-0.841650582214384,1.1210154009613662,-1.2142451211220007,-0.09322972016063447,-0.17528149916750346,-1.1570158112956288,True
C19orf53,DIG,-1.2015173718252814,0.5484366246960424,-1.7334231538742744,-1.184986529178232,-1.259059198928818,-1.6761938440479014,True
TMEM63C,NEUTRAL,0.02725896969779855,0.13750352374993502,0.039326380402756496,0.1768299041526915,0.09655569022913135,0.09655569022913105,False
ZNF281,DCG,2.0794415416798357,-3.321928094887362,3.0,-0.3219280948873622,-0.40220230881092334,3.057229309826374,True
TOR1AIP1,DCG,-1.003200532628337,1.3645724322958561,-1.4473124334400687,-0.08274000114421254,-0.16367573937296045,-1.3900831236136961,True
COL21A1,DIG,1.5416633600336593,0.5484366246960424,2.224150084240777,2.772586708936819,2.682328145738066,2.2813793940671494,True
HOXC13-AS,DIG,-0.820180532801979,0.45943161863729726,-1.183270387307083,-0.7238387686697856,-0.805055071283876,-1.1260410774807108,True
CASP12,NEUTRAL,0.040465823678141735,0.13750352374993502,0.05837984314594228,0.1958833668958773,0.11560915297231601,0.11560915297231601,False
MCOLN2,NEUTRAL,-0.04092603029051817,0.13750352374993502,-0.05904378094340206,0.07845974280653295,-0.0018144711170270066,-0.0018144711170274878,False
STAT6,DIG,1.2176823378315846,0.523561956057013,1.7567442701677067,2.28030622622472,2.203528154492028,1.8139735799940788,True
FEV,NEUTRAL,-0.03485389239077264,0.13750352374993502,-0.050283537707845265,0.08721998604208975,0.006945772118528046,0.006945772118528365,False
MIR205,DCG,0.8213756397740014,-0.7369655941662062,1.1849945622089515,0.4480289680427453,0.3677547541191821,1.2422238720353231,True
KRT8P32,NEUTRAL,-0.04178001854136091,0.13750352374993502,-0.060275825557870324,0.0772276981920647,-0.0030465157314974733,-0.0030465157314974733,False
ZNF17,DSG,-0.07434392557323863,1.2779847472997656,-0.10725561274472956,1.1707291345550361,1.0915293654539913,-0.05002630291835636,False
MEP1A,DSG,-0.13358898672284475,1.4329594072761063,-0.1927281686624297,1.2402312386136765,1.1594786289567707,-0.13549885883605467,False
PPP1R15B,DCG,-1.009828493315006,1.3923174227787602,-1.4568745594539327,-0.06455713667517249,-0.14272307745029697,-1.3996452496275593,True
SCARNA8,DIG,-1.5642780493084212,0.4462562298895641,-2.2567761843087206,-1.8105199544191566,-1.890976914914087,-2.19954687448233,True
CIBAR1,DCG,-0.8962182422232046,1.446256229889564,-1.2929696136096411,0.1532866162799229,0.07726043296425324,-1.2357403037832684,True
GYPC,NEUTRAL,-0.04162105192670347,0.13750352374993502,-0.060046485211237136,0.07745703853869788,-0.0028171753848640255,-0.002817175384864186,False
HTRA3,NEUTRAL,-0.0441161267918898,0.13750352374993502,-0.06364611734588815,0.07385740640404687,-0.0064168075195144055,-0.006416807519514566,False
RPL31P7,DCG,-0.9535101641133266,1.4262647547020981,-1.375624385203518,0.050640369498580196,-0.0254343095462414,-1.3183950753771438,True
SLC1A4,DIG,-1.2463749826723236,0.4854268271702419,-1.798139006589429,-1.312712179419187,-1.379582363783467,-1.7409096967630562,True
TLE3,NEUTRAL,0.001800796822953996,0.13750352374993502,0.0025980006461243307,0.14010152439605936,0.05982731047249766,0.059827310472497355,False
ISCA1P1,NEUTRAL,0.02245347573104514,0.13750352374993502,0.03239351808789952,0.16989704183783455,0.08962282791427179,0.08962282791427148,False
PRRC1,NEUTRAL,-0.007767707239019358,0.13750352374993502,-0.01120643271281053,0.1262970910371245,0.04602287711356335,0.04602287711356428,False
NEURL1B,DIG,1.706446833325256,0.523561956057013,2.4618823839790225,2.9854443400360355,2.89084637882413,2.519111693805394,True
OCEL1,DIG,-1.3748905291954594,0.5484366246960424,-1.983547748235492,-1.4351111235394496,-1.515308129706328,-1.9263184384091196,True
CUEDC1,DSG,-0.059564666867277606,1.1699250014423124,-0.08593364950162455,1.0839913519406879,1.009446123115265,-0.028704339675251777,False
RPL7L1,DSG,-0.06246606917967739,1.399171093819823,-0.0901194882293475,1.3090516055904755,1.2261476557047528,-0.032890178402974805,False
NPY,DSG,-0.004866849867121779,1.3434078222978139,-0.007021380168047701,1.3363864421297662,1.2549008876099932,0.05020792965832594,False
SHROOM1,NEUTRAL,0.0132713084226125,0.13750352374993502,0.019146450847410984,0.156649974597346,0.07637576067378511,0.07637576067378542,False
DNAJC9,DIG,-0.7788645461280339,0.5484366246960424,-1.1236640182231479,-0.5752273935271055,-0.6574760893184788,-1.0664347083967753,True
KATNA1,DIG,-1.6496678960915183,0.4195388915137848,-2.3799676928049633,-1.9604288012911786,-2.044454313621814,-2.322738382978591,True
SATB1-AS1,DIG,0.9030758190652409,0.405992359675837,1.302863005712162,1.708855365387999,1.624233537728266,1.3600923155385356,True
NRIR,DIG,-1.3732810730876446,0.4329594072761063,-1.981225793890219,-1.5482663866141126,-1.6164192871911267,-1.9239964840638433,True
MAN1A2,DIG,1.4924235925446017,0.53605290024021,2.1531121158697877,2.689165016109998,2.6052995000767343,2.210341425696161,True
EVI2B,DIG,1.5314157104865618,0.4724877714627438,2.2093658510584113,2.681853622521155,2.5989611756074815,2.266595160884783,True
LDHB,DSG,0.028094453645912832,1.4262647547020981,0.0405317289514433,1.4667964836535414,1.3801810380938613,0.0977610387778165,False
OPTC,DCG,-1.1351959474486408,1.399171093819823,-1.6377415638214023,-0.23857047000157938,-0.3194532117294408,-1.5805122539950118,True
MFSD11,DCG,-1.0506115644141067,1.4329594072761063,-1.5157120938808275,-0.08275268660472124,-0.16103694497132498,-1.4584827840544543,True
DNM1P51,NEUTRAL,-0.01918886876490456,0.13750352374993502,-0.027683685807396937,0.10981983794253808,0.029545624018975793,0.02954562401897642,False
HSPD1P7,DIG,1.3526248724589691,0.3923174227787603,1.9514251956796214,2.3437426184583816,2.259034257687048,2.008654505505993,True
DDX18P4,NEUTRAL,-0.031544107061249466,0.13750352374993502,-0.04550852682653514,0.09199499692339988,0.011720782999837247,0.011720782999837564,False
MS4A3,DIG,1.565622635224992,0.5484366246960424,2.2587160117426066,2.8071526364386488,2.7219122925447348,2.3159453215689747,True
PTCH2,NEUTRAL,-0.03581750874732289,0.13750352374993502,-0.0516737422467598,0.08582978150317522,0.005555567579613221,0.005555567579613221,False
LINC02453,DIG,-1.2726179825978552,0.5109619192773794,-1.8359996524400428,-1.3250377331626635,-1.407571548646589,-1.7787703426136663,True
H2AZ1,NEUTRAL,0.024159237077206186,0.13750352374993502,0.03485441152294614,0.17235793527288115,0.0920837213493209,0.09208372134932061,False
ZFP64,DCG,2.0794415416798357,-3.321928094887362,3.0,-0.3219280948873622,-0.40220230881092334,3.057229309826374,True
MIR4271,NEUTRAL,-0.014793469619846563,0.13750352374993502,-0.021342465258094176,0.11616105849184084,0.03588684456828001,0.035886844568279695,False
NDN,NEUTRAL,-0.016553753040366322,0.13750352374993502,-0.023882017419437095,0.11362150633049792,0.03334729240693681,0.03334729240693681,False
CXCR2,NEUTRAL,-0.02202292516593446,0.13750352374993502,-0.0317723649227624,0.10573115882717263,0.025456944903610477,0.025456944903611105,False
GJA3,NEUTRAL,-0.024087172691669097,0.13750352374993502,-0.03475044459130707,0.10275307915862794,0.022478865235067206,0.022478865235067206,False
ABHD12,DCG,-0.8265898623925095,1.20945336562895,-1.1925170953227642,0.01693627030618572,-0.05655430866734813,-1.1352877854963912,True
PPIAP77,DSG,0.004729090900295903,1.2705289423807182,0.0068226359897700225,1.2773515783704883,1.1971361343945517,0.06405194581614326,False
RASIP1,DIG,0.886402277246509,0.5969351423872323,1.2788081696162226,1.875743312003455,1.79352202193614,1.3360374794425947,True
KLF5,NEUTRAL,-0.026455656537648607,0.13750352374993502,-0.03816744449032733,0.09933607925960769,0.019061865336045265,0.01906186533604495,False
CEACAMP3,DIG,-1.0397707975307822,0.523561956057013,-1.5000721732588218,-0.9765102172018089,-1.0523387757661595,-1.4428428634324357,True
LINC02768,DCG,-0.8209319700136676,1.232660756790275,-1.1843544820459255,0.04830627474434945,-0.030991342771058385,-1.127125172219546,True
ADCY8,DCG,0.8217890642899585,-0.7369655941662062,1.1855910077079046,0.4486254135416984,0.36835119961813695,1.2428203175342782,True
STYK1,DSG,0.0003246300393077409,1.2479275134435854,0.00046834214783286705,1.2483958555914183,1.1653201344915367,0.057697651974204595,False
CLCN7,DCG,-0.8361730750158348,1.3575520046180838,-1.20634274865022,0.15120925596786372,0.07473721974590378,-1.1491134388238458,True
ST8SIA4,NEUTRAL,0.011785875822181659,0.13750352374993502,0.017003424601194615,0.15450694835112963,0.07423273442756922,0.07423273442756922,False
PRPSAP1,DCG,-1.1630109618168767,1.4918530963296748,-1.6778701471127115,-0.18601705078303676,-0.2668899462217844,-1.620640837286339,True
CCK,NEUTRAL,0.02588252706011533,0.13750352374993502,0.037340593435302785,0.1748441171852378,0.09456990326167687,0.09456990326167718,False
CHN2,DSG,-0.004390984325025439,1.3575520046180838,-0.0063348513103353744,1.3512171533077484,1.2693196685355124,0.05089445851603723,False
SYNPO,DIG,0.7311304173144506,0.4195388915137848,1.0547982273026362,1.474337118816421,1.380731439507375,1.1120275371290078,True
RIBC2,NEUTRAL,-0.016694954188348623,0.13750352374993502,-0.02408572761539899,0.11341779613453604,0.03314358221097408,0.03314358221097408,False
COL9A1,DIG,1.006860729127184,0.4724877714627438,1.4525929807776343,1.9250807522403781,1.8439672451616278,1.5098222906040075,True
KLF13,NEUTRAL,-0.07824675400701639,0.13750352374993502,-0.11288620397158117,0.024617319778353852,-0.05565689414520869,-0.05565689414520819,False
TNNT2,DCG,2.0794415416798357,-3.321928094887362,3.0,-0.3219280948873622,-0.4022023088109238,3.057229309826374,True
NUB1,DIG,-1.6951832304748409,0.45943161863729726,-2.445632440004186,-1.9862008213668885,-2.073510721933957,-2.3884031301778132,True
HDAC11,DIG,1.0867228040616692,0.4195388915137848,1.567809600240719,1.9873484917545037,1.9030416673091657,1.625038910067091,True
PPFIA3,DIG,-1.0919818795644747,0.6205864104518776,-1.575396842388277,-0.9548104319363994,-1.0411042649619082,-1.5181675325619055,True
SLC25A52,NEUTRAL,-0.00010269915556716073,0.13750352374993502,-0.00014816356244022697,0.13735536018749478,0.05708114626393285,0.05708114626393315,False
FRMD3,NEUTRAL,0.012687206645830146,0.13750352374993502,0.018303770110672652,0.15580729386060768,0.07553307993704707,0.07553307993704737,False
DGKD,NEUTRAL,-0.031758734930396895,0.13750352374993502,-0.0458181693889907,0.09168535436094433,0.01141114043738253,0.011411140437382212,False
CTNNA2,DIG,1.6037799968877844,0.45943161863729726,2.3137654481869236,2.773197066824221,2.700544307505715,2.3709947580132957,True
TMCO6,DIG,-1.4998491834744123,0.4195388915137848,-2.163824979079896,-1.744286087566111,-1.8341525562260899,-2.1065956692535224,True
RPL17P36,NEUTRAL,0.00727827382456189,0.13750352374993502,0.010500329552927389,0.14800385330286242,0.06772963937930189,0.06772963937930189,False
TMC5,DCG,-0.7107539906609863,1.2172307162206693,-1.0254012576186455,0.19182945860202372,0.11190141458625735,-0.9681719477922727,True
FAM32A,DIG,-1.215227662773765,0.4854268271702419,-1.7532029226347965,-1.2677760954645545,-1.3446368989877595,-1.695973612808424,True
GDF15,DIG,-0.6887424087812157,0.4854268271702419,-0.9936452575985792,-0.5082184304283374,-0.592833763250131,-0.9364159477722077,True
ANKRD7,DIG,0.7941131756532688,0.53605290024021,1.1456631404195572,1.6817160406597673,1.6092891726454497,1.2028924502459306,True
SIDT2,NEUTRAL,0.04136700459078211,0.13750352374993502,0.05967997237955233,0.19718349612948735,0.11690928220592585,0.11690928220592554,False
RPS2P2,NEUTRAL,0.028903255800234853,0.13750352374993502,0.04169858380854399,0.179202107558479,0.0989278936349179,0.09892789363491761,False
SBNO2,NEUTRAL,0.054942440588633436,0.13750352374993502,0.07926518657155796,0.21676871032149297,0.1364944963979308,0.1364944963979308,False
RFPL3S,NEUTRAL,-0.054444442322030336,0.13750352374993502,-0.07854672694195837,0.05895679680797665,-0.021317417115583853,-0.02131741711558418,False
BMPR1AP1,DIG,1.7096087664102748,0.45943161863729726,2.466444089160402,2.925875707797699,2.8410424503381204,2.5236733989867743,True
SRF,DSG,-0.012598486564939207,1.439623137557117,-0.018175774089944027,1.421447363467173,1.3382826780258683,0.03905353573642758,False
ARHGEF25,DIG,0.826010873831842,0.5109619192773794,1.1916817913975577,1.7026437106749372,1.6245737962736122,1.2489111012239311,True
RSPH3,NEUTRAL,-0.057955085447236744,0.13750352374993502,-0.08361151436902459,0.05389200938091043,-0.026382204542650965,-0.02638220454265064,False
CPVL,DSG,0.012364662832170392,1.2555007331483865,0.01783843775023631,1.2733391708986228,1.1932487113864523,0.07506774757661028,False
DLAT,NEUTRAL,-0.018088189284403148,0.13750352374993502,-0.02609574097926931,0.11140778277066571,0.031133568847103554,0.031133568847103554,False
GABRR1,DIG,-0.9306975591838088,0.5109619192773794,-1.3427127532019436,-0.8317508339245642,-0.921995355680462,-1.2854834433755666,True
GMDS-DT,DIG,0.6548642446362976,0.4724877714627438,0.9447693981922834,1.4172571696550271,1.3324242857361563,1.001998708018655,True
DBH,NEUTRAL,0.004359048024713097,0.13750352374993502,0.006288776968250417,0.14379230071818544,0.06351808679462416,0.06351808679462385,False
DANCR,DIG,-1.1733485648389435,0.4462562298895641,-1.6927841557273262,-1.2465279258377622,-1.3286662874261415,-1.6355548459009523,True
SLC4A4,DIG,-0.6837065247731413,0.53605290024021,-0.9863800127136383,-0.45032711247342827,-0.5334907086770992,-0.9291507028872652,True
TRAV1-1,DIG,-0.9396850055462831,0.4462562298895641,-1.3556788974993408,-0.9094226676097767,-0.9881093195822478,-1.2984495876729574,True
TOX3,NEUTRAL,0.06615655603961272,0.13750352374993502,0.09544373532064208,0.23294725907057712,0.15267304514701446,0.15267304514701477,False
WASHC3,NEUTRAL,-0.02057351343963462,0.13750352374993502,-0.029681305813023303,0.10782221793691171,0.027548004013350492,0.02754800401335018,False
PDCD2L,DSG,0.020402577607546376,1.3504972470841334,0.02943469753575937,1.3799319446198928,1.293774332482532,0.08666400736213307,False
CLCN6,NEUTRAL,0.007247725857179599,0.13750352374993502,0.01045625815187572,0.14795978190181075,0.0676855679782503,0.0676855679782503,False
AATBC,DSG,0.1122555878601275,1.399171093819823,0.16195057991788128,1.5611216737377043,1.4825728590816794,0.2191798897442543,False
OR1Q1,NEUTRAL,-0.06175988081945406,0.13750352374993502,-0.08910067378411979,0.04840284996581523,-0.031871363957746306,-0.03187136395774582,False
EFCAB7,NEUTRAL,-0.015025747885357056,0.13750352374993502,-0.021677571959852454,0.11582595179008257,0.03555173786652166,0.03555173786652166,False
ASLP1,NEUTRAL,0.05881353506724833,0.13750352374993502,0.08484999537866832,0.22235351912860335,0.14207930520504183,0.14207930520504183,False
BOLA3P3,DIG,-0.697789171610509,0.4195388915137848,-1.0066969774684993,-0.5871580859547145,-0.6762220171368726,-0.9494676676421242,True
ID4,DSG,0.05050117275594052,-0.7369655941662062,0.07285779149407222,-0.664107802672134,-0.7443820165956971,0.13008710132044407,False
BCAS3,DCG,-1.048118589057657,1.485426827170242,-1.5121154906970191,-0.026688663526777123,-0.11069219649743521,-1.454886180870646,True
MICALL2,DSG,-0.07603039483247297,1.3219280948873624,-0.10968867358163861,1.2122394213057237,1.1356255581473405,-0.052459363755266566,False
GGACT,DIG,1.0726893577533816,0.3645724322958561,1.5475636168451707,1.9121360491410269,1.8400111162838124,1.6047929266715428,True
LINC02561,DCG,-0.9533615148458211,1.3362833878644325,-1.375409929642456,-0.03912654177802355,-0.11610911374509791,-1.3181806198160755,True
ELOA,NEUTRAL,0.00018674663484828958,0.13750352374993502,0.0002694184439983295,0.13777294219393335,0.057498728270370746,0.05749872827037043,False
TMEM125,DIG,-0.7651417976846134,0.3923174227787603,-1.1038662770964585,-0.7115488543176982,-0.7971550287898178,-1.0466369672700855,True
LMO7-AS1,NEUTRAL,-0.022747091444263567,0.13750352374993502,-0.03281711602128682,0.1046864077286482,0.024412193805088227,0.024412193805088227,False
WNT3,DIG,1.4472987982767045,0.37851162325372983,2.088010798958358,2.466522422212088,2.3893094430293567,2.1452401087847317,True
RNY1P4,NEUTRAL,-0.029855998181019354,0.13750352374993502,-0.04307310051654654,0.09443042323338849,0.014156209309827616,0.014156209309827616,False
BCL2L1-AS1,DCG,-0.7586593113005631,1.070389327891398,-1.0945140261375588,-0.024124698246160703,-0.09791057151663722,-1.0372847163111782,True
EVX1-AS,DSG,0.00372159234804977,1.4262647547020981,0.005369122824741716,1.4316338775268398,1.3522893242992928,0.0625984326511149,False
CEP41,DIG,-0.8839464627536676,0.4724877714627438,-1.2752651782260571,-0.8027774067633133,-0.8858300247155694,-1.2180358683996855,True
OR10V2P,DIG,1.1287365350685845,0.49825086752782544,1.6284226016136385,2.1266734691414637,2.0422468396921065,1.6856519114400041,True
PDXP-DT,NEUTRAL,0.023313532286065013,0.13750352374993502,0.033634317414710735,0.17113784116464575,0.09086362724108529,0.0908636272410856,False
SH3D19,NEUTRAL,0.026138417131563153,0.13750352374993502,0.03770976477239329,0.17521328852232831,0.09493907459876641,0.09493907459876612,False
AREG,DIG,0.7089130348607234,0.45943161863729726,1.0227453198151106,1.482176938452408,1.4021131076952842,1.079974629641483,True
TM4SF19,DSG,-0.06910454391652432,-3.321928094887362,-0.09969678281126322,-3.4216248776986253,-3.501899091622185,-0.042467472984888795,False
ASS1P13,NEUTRAL,0.017465896054263436,0.13750352374993502,0.025197961622167975,0.162701485372103,0.08242727144854155,0.08242727144854124,False
BRMS1L,DIG,1.4944572608639386,0.4329594072761063,2.156046079068908,2.5890054863450147,2.512993278446686,2.2132753888952816,True
BOD1,DIG,-1.6644398618266214,0.53605290024021,-2.4012791345151783,-1.8652262342749681,-1.9562471937844181,-2.3440498246888066,True
NPM1P7,DSG,0.10101777179666649,-0.7369655941662062,0.14573783841270374,-0.5912277557535025,-0.6715019696770645,0.20296714823907644,False
MFSD1,DSG,0.10135421900629908,1.399171093819823,0.14622322913356162,1.5453943229533846,1.4624315931749878,0.20345253895993579,False
MGAT2,DIG,1.3371862462875568,0.405992359675837,1.9291519662639864,2.3351443259398232,2.265368146576016,1.9863812760903587,True
HMGN2P46,NEUTRAL,-0.021886490554784175,0.13750352374993502,-0.031575531385850265,0.10592799236408476,0.02565377844052303,0.025653778440522714,False
CC2D1A,DIG,-0.7275035945067251,0.560714954474479,-1.0495658280237476,-0.4888508735492686,-0.5810494718151826,-0.9923365181973753,True
IRS2,DIG,0.9283218376853682,0.4462562298895641,1.33928531157761,1.785541541467174,1.7160838927775415,1.3965146214039832,True
GPR183,DIG,1.290538682269842,0.45943161863729726,1.8618537569860785,2.3212853756233756,2.2522753707785195,1.9190830668124514,True
VDR,DIG,0.6715395314558839,0.5484366246960424,0.9688267517923017,1.517263376488344,1.4342294000000821,1.0260560616186727,True
ERVK9-11,DSG,-0.08917971747153447,-0.7369655941662062,-0.12865913614406163,-0.8656247303102679,-0.9458989442338296,-0.07142982631768838,False
ASTE1,DSG,-0.055356588050806496,1.145677455195635,-0.07986267506143178,1.0658147801342033,0.9911224137474736,-0.022633365235057837,False
HSPA8P5,DSG,0.05884081042122303,1.2630344058337937,0.0848893453965861,1.3479237512303799,1.269981164527853,0.14211865522295947,False
POLD2,DSG,-0.0983653998149716,1.2016338611696507,-0.1419112745081197,1.059722586661531,0.9851143689510966,-0.08468196468174662,False
ITPR1,DIG,0.636319950347053,0.4329594072761063,0.9180156367844048,1.350975044060511,1.2828180695506353,0.9752449466107771,True
LBH,DIG,-1.71726965568736,0.5849625007211562,-2.477496416129252,-1.8925339154080958,-1.9572054042231373,-2.4202671063028802,True
SLC39A11,DCG,0.7711535231277357,-0.7369655941662062,1.1125393635804368,0.3755737694142306,0.29529955549066783,1.169768673406809,True
CPQ,DCG,-0.7932714364060142,1.185866545311334,-1.1444487673818213,0.04141777792951262,-0.042355949187543464,-1.087219457555449,True
PYHIN1,DCG,-1.0416272948049274,1.4724877714627438,-1.502750532669655,-0.030262761206911293,-0.11298438451785171,-1.4455212228432817,True
PPIAP35,NEUTRAL,0.021698164495435192,0.13750352374993502,0.03130383431395733,0.16880735806389235,0.08853314414033034,0.08853314414033005,False
PRSS22,DCG,2.0794415416798357,-3.321928094887362,3.0,-0.3219280948873622,-0.40220230881092356,3.057229309826374,True
MIF,NEUTRAL,-0.007681620943678045,0.13750352374993502,-0.011082236441433115,0.1264212873085019,0.04614707338493991,0.04614707338493991,False
TRIM27,DSG,0.011200796739013244,1.4262647547020981,0.01615933390937968,1.4424240886114779,1.3636710081462544,0.07338864373575218,False
SPTY2D1,DIG,-1.2034777836232222,0.4724877714627438,-1.7362514302532637,-1.2637636587905199,-1.3472154141043104,-1.6790221204268918,True
PPM1K-DT,NEUTRAL,0.042246048513266646,0.13750352374993502,0.06094816468724436,0.19845168843717936,0.11817747451361783,0.11817747451361783,False
LINC02207,DIG,-1.2623114053372995,0.5849625007211562,-1.8211304045377001,-1.2361679038165438,-1.320608649858687,-1.7639010947113225,True
TPH1,DIG,-0.8385426294414212,0.5109619192773794,-1.2097612930691302,-0.6987993737917507,-0.7831778930500414,-1.1525319832427587,True
ACADM,NEUTRAL,-0.04205429394017952,0.13750352374993502,-0.06067152131558378,0.07683200243435123,-0.003442211489209404,-0.003442211489209725,False
YBX1P4,DIG,0.9509589655863936,0.4724877714627438,1.3719437837403885,1.8444315552031323,1.767618765740781,1.4291730935667581,True
ARL3,NEUTRAL,0.011102935498820883,0.13750352374993502,0.016018149983458917,0.15352167373339393,0.07324745980983247,0.07324745980983247,False
CCNYL2,DIG,1.6992637660768746,0.4329594072761063,2.4515194084814107,2.884478815757517,2.8014210903115027,2.5087487183077846,True
BICDL1,DIG,1.0844061312135937,0.45943161863729726,1.5644673478114384,2.0238989664487357,1.9333540579242703,1.6216966576378113,True
FAM153CP,DIG,-1.1515412650595385,0.5484366246960424,-1.6613228724803997,-1.1128862477843573,-1.2053882561599671,-1.604093562654024,True
ZNF767P,DIG,1.0089165382413308,0.49825086752782544,1.4555588863916282,1.9538097539194537,1.8710474332039726,1.512788196217999,True
ARSJ,NEUTRAL,-0.0113631353269062,0.13750352374993502,-0.016393538985077765,0.12110998476485725,0.04083577084129567,0.040835770841295985,False
PLCD4,NEUTRAL,-0.05546623662995889,0.13750352374993502,-0.08002086452281547,0.05748265922711955,-0.022791554696442395,-0.02279155469644272,False
DMBT1,NEUTRAL,0.0628545344022724,0.13750352374993502,0.09067992507954314,0.22818344882947816,0.14790923490591543,0.14790923490591543,False
RIPOR1,NEUTRAL,-0.005354756121052487,0.13750352374993502,-0.007725280101012246,0.12977824364892276,0.049504029725361554,0.049504029725360936,False
CASP6,NEUTRAL,0.055354258744620195,0.13750352374993502,0.0798593145829481,0.2173628383328831,0.13708862440932143,0.13708862440932112,False
RARRES1,DSG,-0.038128646412327306,1.1210154009613662,-0.05500800909487337,1.0660073918664927,0.9829267232846115,0.0022213007315005843,False
PIH1D1,DIG,1.3957663495677977,0.5484366246960424,2.013665190761153,2.5621018154571953,2.4788312471135305,2.070894500587525,True
ZSCAN5B,DSG,0.1089817904347349,1.1292830169449666,0.1572274886073923,1.286510505552359,1.207622136900242,0.21445679843376525,False
PEX1,DSG,0.03689833025725689,1.1127001327493624,0.053233038079227704,1.16593317082859,1.0844584046159935,0.11046234790560046,False
UGDH,NEUTRAL,0.05589155269504319,0.13750352374993502,0.08063446590072298,0.218137989650658,0.13786377572709577,0.13786377572709577,False
POLR2E,NEUTRAL,0.06947441246942411,0.13750352374993502,0.10023039033831252,0.23773391408824754,0.15745970016468527,0.15745970016468555,False
ATAT1,DSG,0.017005926594016747,1.3854310371935206,0.0245343659629097,1.4099654031564302,1.3227315172156129,0.08176367578928226,False
LINC01942,DIG,-1.631265997860442,0.49825086752782544,-2.3534193654840463,-1.8551684979562209,-1.9495109803910025,-2.296190055657658,True
OR10Q1,DIG,-1.4229198049540352,0.49825086752782544,-2.0528393461898777,-1.5545884786620523,-1.6295449917503166,-1.9956100363634863,True
TIGD2,NEUTRAL,-0.02355669196854114,0.13750352374993502,-0.03398512268276318,0.10351840106717183,0.023244187143611213,0.023244187143611213,False
UBAC1,NEUTRAL,-0.029196388230702173,0.13750352374993502,-0.04212148451230292,0.0953820392376321,0.015107825314071422,0.015107825314071422,False
RFFL,DIG,-1.2521262794398023,0.3923174227787603,-1.8064363739145513,-1.414118951135791,-1.4895104661302356,-1.749207064088177,True
TPD52L1,DIG,1.6100409520215555,0.4329594072761063,2.3227980971096436,2.75575750438575,2.67283440983744,2.3800274069360174,True
SLC38A1,DIG,1.4300173605943105,0.4724877714627438,2.0630789545145363,2.5355667259772803,2.452055181571244,2.12030826434091,True
MIR2277,NEUTRAL,0.022672690536104743,0.13750352374993502,0.032709778200048445,0.17021330194998346,0.08993908802642196,0.08993908802642167,False
NCR1,DSG,0.12005034494070072,1.3575520046180838,0.17319603730295838,1.5307480419210422,1.4539899826172176,0.23042534712933258,False
MICAL2,NEUTRAL,0.06845285264308994,0.13750352374993502,0.09875659104288884,0.23626011479282386,0.15598590086926156,0.15598590086926156,False
SLC47A2,NEUTRAL,0.007741941670391129,0.13750352374993502,0.0111692608547249,0.1486727846046599,0.0683985706810982,0.0683985706810985,False
ENDOV,DCG,-0.837182771793091,1.1937717433966801,-1.207799433183569,-0.014027689786888953,-0.08585270464149389,-1.150570123357195,True
ROGDI,DCG,-0.8892460841332248,1.4659744645040693,-1.2829109157089333,0.18306354879513598,0.10927645216659039,-1.2256816058825608,True
VN1R48P,DIG,0.8497396063972377,0.49825086752782544,1.2259151161962345,1.72416598372406,1.6395518610521354,1.2831444260226068,True
KCTD10,NEUTRAL,-0.022783499526900806,0.13750352374993502,-0.03286964178155584,0.10463388196837918,0.02435966804481818,0.024359668044818494,False
GCDH,DIG,-1.393614325822958,0.5728896684205812,-2.0105604767765977,-1.4376708083560166,-1.5084224985608476,-1.9533311669502245,True
FADS2,DIG,-0.5991319650435253,0.608809242675524,-0.8643647148063538,-0.25555547213082974,-0.3425967626477054,-0.8071354049799825,True
JMJD8,DCG,-0.7387876178720867,1.1043366598147357,-1.06584523257423,0.03849142724050569,-0.03661165233984656,-1.0086159227478564,True
AK3P5,DSG,0.09121834619773775,-0.7369655941662062,0.1316002556975689,-0.6053653384686373,-0.6856395523921957,0.18882956552394217,False
GTDC1,NEUTRAL,0.023158093177291426,0.13750352374993502,0.03341006618332288,0.1709135899332579,0.09063937600969726,0.09063937600969726,False
PRDM10,NEUTRAL,0.011531035066453954,0.13750352374993502,0.016635767106689858,0.15413929085662487,0.07386507693306403,0.07386507693306434,False
SAA1,DIG,-1.463888046840543,0.4329594072761063,-2.1119440255934823,-1.678984618317376,-1.7538683489765927,-2.054714715767109,True
DND1,DIG,-0.8311944113106323,0.4195388915137848,-1.1991600552124706,-0.7796211636986858,-0.8750440702718576,-1.1419307453860972,True
SLC6A3,DCG,-0.8714210600154483,1.2630344058337937,-1.257194841810491,0.005839564023302657,-0.06965979578718866,-1.1999655319841154,True
TMC8,DCG,0.9010492449443657,-0.7369655941662062,1.2999392772779812,0.562973683111775,0.4826994691882132,1.357168587104354,True
DBNL,DSG,0.08678688335521076,-3.321928094887362,0.1252070062307715,-3.1967210886565907,-3.2769953025801515,0.18243631605714578,False
POU6F2,DSG,0.09512323405586347,1.0789513413948222,0.13723381804571438,1.2161851594405366,1.1341193727333785,0.19446312787208747,False
NAGA,NEUTRAL,0.02136301651739748,0.13750352374993502,0.030820317988078362,0.16832384173801337,0.08804962781445276,0.08804962781445337,False
MIR621,NEUTRAL,0.002976037496236721,0.13750352374993502,0.0042935145373203245,0.14179703828725534,0.061522824363693884,0.061522824363693884,False
NEMP1,DIG,-1.4733656263473773,0.5969351423872323,-2.1256172825476227,-1.5286821401603903,-1.6050134355783947,-2.06838797272125,True
CHID1,NEUTRAL,-0.031043235434730993,0.13750352374993502,-0.04478592181483495,0.09271760193510006,0.012443388011537918,0.012443388011537918,False
FAM135A,DIG,0.7897509091835991,0.45943161863729726,1.1393697202167286,1.5988013388540259,1.5227930778595753,1.196599030043101,True
BMF,NEUTRAL,-0.015708273777879936,0.13750352374993502,-0.022662248680273524,0.11484127506966149,0.03456706114609878,0.034567061146099094,False
UBE2E2,NEUTRAL,0.015541274872402297,0.13750352374993502,0.022421320187507053,0.15992484393744208,0.07965063001388142,0.07965063001388142,False
PHF20,DCG,-1.0071298349246691,1.439623137557117,-1.4529812183771407,-0.013358080820023766,-0.09209715823627229,-1.3957519085507673,True
FARP1,DIG,0.8955805586288782,0.4329594072761063,1.29204963065045,1.7250090379265564,1.6609503254321816,1.349278940476824,True
NFASC,DCG,-0.8637584332999405,1.3434078222978139,-1.2461400082478447,0.0972678140499692,0.020879568287655553,-1.1889106984214721,True
CD27-AS1,DSG,0.004839857010295464,1.3645724322958561,0.00698243770736495,1.371554870003221,1.2874211033352785,0.06421174753373925,False
TMEM220,NEUTRAL,0.01477641047400366,0.13750352374993502,0.021317854112984817,0.15882137786291983,0.07854716393935965,0.07854716393935965,False
DPYSL2,NEUTRAL,-0.049198357406865394,0.13750352374993502,-0.07097822625076751,0.06652529749916751,-0.013748916424393787,-0.013748916424393787,False
GYG1,DSG,-0.03512797460194715,1.4329594072761063,-0.05067895475470261,1.3822804525214036,1.3019655501127618,0.0065503550716707526,False
VDAC1P8,DIG,-1.6731139426422825,0.5849625007211562,-2.4137931878922028,-1.8288306871710467,-1.911383125495829,-2.3565638780658307,True
DAZAP1,NEUTRAL,0.03670081012592191,0.13750352374993502,0.05294807676527499,0.19045160051521,0.11017738659164839,0.11017738659164839,False
PHETA2,NEUTRAL,-0.04142406849263501,0.13750352374993502,-0.05976229818776929,0.07774122556216573,-0.0025329883613954647,-0.002532988361395144,False
FGF7,NEUTRAL,0.0001737656682578731,0.13750352374993502,0.0002506908678723903,0.1377542146178074,0.057480000694246136,0.05748000069424583,False
BLOC1S3,DIG,-0.76326008256397,0.5109619192773794,-1.1011515360235404,-0.590189616746161,-0.6634357262766668,-1.0439222261971686,True
ACOT11,DIG,-0.6877616589692317,0.4854268271702419,-0.992230334708477,-0.5068035075382351,-0.5833983198530222,-0.9350010248821033,True
HBD,NEUTRAL,-0.0076107374534202694,0.13750352374993502,-0.010979973181557322,0.1265235505683777,0.04624933664481562,0.04624933664481593,False
MMP12,NEUTRAL,-0.01781889593332057,0.13750352374993502,-0.025707232797118104,0.11179629095281692,0.03152207702925554,0.03152207702925554,False
PPARGC1B,DIG,-1.3863266249385995,0.4329594072761063,-2.0000465468512516,-1.5670871395751453,-1.6634946908111004,-1.942817237024878,True
P2RY1,DSG,0.035158576518753475,1.0789513413948222,0.0507231039883208,1.1296744453831429,1.0397146046144947,0.10795241381469382,False
ZBTB5,DIG,0.6388025821015061,0.37851162325372983,0.9215973173049078,1.3001089405586377,1.220733591829055,0.978826627131281,True
ADGRL1,DIG,0.6105501562896196,0.4724877714627438,0.8808376826930159,1.3533254541557596,1.2743452474389405,0.938066992519388,True
C19orf47,DSG,0.01413330173875902,1.185866545311334,0.020390044329895003,1.206256589641229,1.132163673931949,0.07761935415626871,False
RNASEL,DCG,-1.0023317641038265,1.3291235962915664,-1.446059065398077,-0.11693546910651054,-0.19649948193940633,-1.3888297555717048,True
SCGB2B3P,DSG,0.10905753621635209,-3.321928094887362,0.15733676667089969,-3.1645913282164626,-3.244865542139989,0.21456607649727308,False
LINC00582,DCG,-0.9518728328486268,1.2854022188622483,-1.373262215507643,-0.08785999664539479,-0.16973943407287329,-1.316032905681264,True
ZEB1,DSG,0.044833673073199666,1.4594316186372973,0.06468131780754222,1.5241129364448396,1.4469613264246,0.12191062763391518,False
ARHGEF15,NEUTRAL,-0.005559224483173084,0.13750352374993502,-0.008020265593062318,0.1294832581568727,0.049209044233310545,0.04920904423331086,False
REEP5,NEUTRAL,-0.025530592191737284,0.13750352374993502,-0.03683285874597787,0.10067066500395715,0.020396451080396165,0.02039645108039585,False
SIGLEC17P,DIG,1.0307449399138393,0.5969351423872323,1.4870506132350885,2.083985755622321,2.004475520809747,1.5442799230614612,True
DDO,DIG,-0.8718013608641981,0.4462562298895641,-1.2577434999590282,-0.8114872700694642,-0.8962674235978665,-1.2005141901326561,True
PCNP,DIG,1.1808358555420424,0.6892991605358918,1.703586032894381,2.392885193430273,2.3178680755494705,1.7608153427207534,True
CCNP,DSG,0.0872836293195752,1.3923174227787602,0.12592365917014167,1.5182410819489018,1.437459262341332,0.18315296899651462,False
LINC02345,NEUTRAL,-0.010036654238507787,0.13750352374993502,-0.01447983129701238,0.12302369245292263,0.04274947852936084,0.04274947852936053,False
KRT8P41,NEUTRAL,0.026726034040955964,0.13750352374993502,0.03855751677351679,0.1760610405234518,0.09578682659989032,0.09578682659989061,False
LFNG,DSG,-0.1039248373273097,1.0789513413948222,-0.14993184743730195,0.9290194939575203,0.846700822705227,-0.0927025376109283,False
DCAF4,NEUTRAL,0.033685111422072596,0.13750352374993502,0.04859734320041632,0.18610086695035133,0.10582665302678848,0.10582665302678848,False
SNORA70F,NEUTRAL,0.017998403940354516,0.13750352374993502,0.02596620810866584,0.16346973185860086,0.08319551793503913,0.08319551793503943,False
CHAF1A,NEUTRAL,0.01060315719834988,0.13750352374993502,0.015297122307825487,0.1528006460577605,0.07252643213419933,0.07252643213419933,False
CACTIN,NEUTRAL,0.03914861380092957,0.13750352374993502,0.05647951098827833,0.19398303473821335,0.11370882081465129,0.11370882081465129,False
PRELID1P5,DCG,-0.7633166458719307,1.1779177921958432,-1.1012331396274315,0.07668465256841173,-0.007023129881689172,-1.0440038298010597,True
LDB1,NEUTRAL,0.01758343739609469,0.13750352374993502,0.025367537933127356,0.16287106168306237,0.0825968477595007,0.082596847759501,False
SESTD1,NEUTRAL,0.03854635506207652,0.13750352374993502,0.05561063529240299,0.193114159042338,0.11283994511877575,0.11283994511877575,False
MAML2,NEUTRAL,-0.07544784364002201,0.13750352374993502,-0.10884822986522567,0.028655293884709346,-0.05161892003885218,-0.05161892003885201,False
LINC01305,NEUTRAL,0.018825062963121114,0.13750352374993502,0.027158824981317328,0.16466234873125235,0.0843881348076903,0.08438813480769,False
FAM83F,NEUTRAL,0.035061775466393094,0.13750352374993502,0.050583449590127644,0.18808697334006266,0.10781275941649983,0.10781275941650013,False
MYL12B,NEUTRAL,-0.04610890846932922,0.13750352374993502,-0.0665210935895044,0.07098243016043063,-0.009291783763129599,-0.00929178376312976,False
CLIC4P1,NEUTRAL,-0.02501624109323682,0.13750352374993502,-0.03609080696689546,0.10141271678303956,0.021138502859477912,0.021138502859478228,False
NPRL2,NEUTRAL,-0.01367243141218934,0.13750352374993502,-0.01972514899526005,0.11777837475467497,0.03750416083111358,0.03750416083111358,False
RHO,DSG,-0.09670109479064304,-0.7369655941662062,-0.1395101899029943,-0.8764757840692006,-0.956749997992757,-0.08228088007661975,False
PCDHGA3,DIG,-1.3238163852335258,0.405992359675837,-1.9098633340239612,-1.5038709743481242,-1.5967413075495416,-1.852634024197588,True
LINC01828,DIG,1.6166359207879697,0.45943161863729726,2.332312625843767,2.7917442444810643,2.7274054320399532,2.3895419356701386,True
PAH,NEUTRAL,-0.008240027986626075,0.13750352374993502,-0.011887847513091708,0.1256156762368433,0.04534146231328305,0.04534146231328305,False
MYBPH,DCG,-0.7595029289660112,1.2016338611696507,-1.0957311091599071,0.10590275200974353,0.038120258303639146,-1.0385017993335313,True
HMG20A,NEUTRAL,-0.014428483436418477,0.13750352374993502,-0.020815901501269485,0.11668762224866554,0.03641340832510416,0.03641340832510385,False
DNAH14,DCG,-0.9556233067249589,1.2779847472997656,-1.378673005570011,-0.1006882582702453,-0.18872424384859163,-1.3214436957436386,True
USP1,NEUTRAL,0.023377771098433354,0.13750352374993502,0.033726994430747136,0.17123051818068216,0.09095630425712044,0.09095630425712044,False
EIF4G3,NEUTRAL,-0.036029453395066205,0.13750352374993502,-0.05197951373900204,0.08552401001093299,0.005249796087371286,0.005249796087371605,False
DDX10P2,NEUTRAL,0.025128271378889684,0.13750352374993502,0.03625243250443622,0.17375595625437124,0.09348174233080969,0.0934817423308094,False
MAP9,NEUTRAL,0.0347288111558062,0.13750352374993502,0.05010308363045092,0.18760660738038593,0.10733239345682508,0.10733239345682598,False
RBMXL1,NEUTRAL,-0.0019222469489931309,0.13750352374993502,-0.00277321614067633,0.1347303076092587,0.05445609368569695,0.05445609368569726,False
NUAK1,DIG,-1.521952074011976,0.49825086752782544,-2.1957127096477507,-1.6974618421199252,-1.7780384506202054,-2.1384833998213777,True
LINC02126,NEUTRAL,-0.012889917362795685,0.13750352374993502,-0.01859621985677388,0.11890730389316113,0.03863308996959904,0.03863308996959967,False
TARDBPP2,NEUTRAL,0.01829545785296495,0.13750352374993502,0.026394766315265574,0.1638982900652006,0.08362407614163861,0.08362407614163861,False
LAT2,DSG,0.0302250700102382,1.2479275134435854,0.04360555861429238,1.2915330720578777,1.2178315940430349,0.10083486844066393,False
LENG8,DSG,0.05634360025835695,1.2927817492278462,0.08128663267856169,1.374068381906408,1.2913013071828074,0.13851594250493493,False
LINC01215,DIG,0.779343306980758,0.53605290024021,1.1243547241311447,1.6604076243713548,1.5813119469143366,1.181584033957518,True
SIGLEC12,DSG,-0.14011960959116015,-0.7369655941662062,-0.2021498658884644,-0.9391154600546706,-1.0193896739782309,-0.1449205560620902,False
OXER1,DIG,0.8077521854084002,0.560714954474479,1.1653400721559215,1.7260550266304007,1.650906274517233,1.2225693819822934,True
CALCOCO1,DIG,0.8551214130491396,0.49825086752782544,1.2336794219639566,1.731930289491782,1.6580977341237264,1.29090873179033,True
GATM,NEUTRAL,-0.009063247041832985,0.13750352374993502,-0.013075501561604015,0.124428022188331,0.04415380826476896,0.044153808264768654,False
PARP2,DIG,-1.5647657254730565,0.4195388915137848,-2.257479752293,-1.8379408607792151,-1.914915631176954,-2.200250442466628,True
NRAS,NEUTRAL,0.013544459762735985,0.13750352374993502,0.019540524931219314,0.15704404868115435,0.07676983475759283,0.07676983475759283,False
SLC26A11,DCG,-0.9284020623706775,1.2555007331483865,-1.3394010513332626,-0.08390031818487609,-0.16823311185697984,-1.28217174150689,True
AURKB,NEUTRAL,0.018562452704291528,0.13750352374993502,0.026779958463217318,0.16428348221315234,0.08400926828959054,0.08400926828959025,False
SLC35B1,DSG,-0.0670476667020232,1.3785116232537298,-0.09672933625418495,1.2817822869995448,1.209192604681891,-0.03950002642781335,False
BTF3L4,NEUTRAL,0.028719789814918687,0.13750352374993502,0.04143389834135655,0.17893742209129157,0.09866320816772883,0.09866320816772914,False
TCP11L2,DIG,0.6757940149249294,0.53605290024021,0.9749646739946378,1.511017574234848,1.4256648215407721,1.0321939838210086,True
SDCBP,DCG,0.7345692824704685,-0.7369655941662062,1.0597594610095091,0.3227938668433029,0.2425196529197409,1.1169887708358825,True
HDAC1P2,DCG,-0.9300777288464601,1.4262647547020981,-1.341818527048058,0.08444622765404008,0.002911160682684074,-1.2845892172216817,True
CEP295,NEUTRAL,0.025306184561857566,0.13750352374993502,0.036509106971212756,0.17401263072114778,0.09373841679758678,0.09373841679758708,False
NFYC-AS1,DIG,-1.1548232881173848,0.4462562298895641,-1.6660578308700376,-1.2198016009804735,-1.300213660813087,-1.6088285210436641,True
DPH3P1,DCG,-0.9769128412482541,1.3434078222978139,-1.4093873114496034,-0.06597948915178953,-0.1482095185318454,-1.3521580016232275,True
BBOX1-AS1,DIG,1.488519420143299,0.53605290024021,2.1474795857076527,2.683532485947863,2.6082796959244696,2.2047088955340253,True
SNORD50B,DIG,-1.7022349050283838,0.5109619192773794,-2.455805855912545,-1.9448439366351655,-2.031702772162445,-2.3985765460861663,True
SOD3,NEUTRAL,-0.0037469004256120977,0.13750352374993502,-0.00540563466273532,0.1320978890871997,0.051823675163637346,0.05182367516363765,False
SNORA9B,DIG,1.6013576921070294,0.45943161863729726,2.310270801092207,2.769702419729504,2.679711448563883,2.3675001109185776,True
RPL12P13,NEUTRAL,-0.00766451273598881,0.13750352374993502,-0.011057554515041357,0.12644596923489365,0.0461717553113319,0.0461717553113319,False
CRTAP,NEUTRAL,0.0849973227787775,0.13750352374993502,0.12262521606178084,0.26012873981171586,0.17985452588815448,0.17985452588815448,False
FMNL3,DIG,-1.5626354818718897,0.4462562298895641,-2.254406460413711,-1.808150230524147,-1.8908628038732065,-2.197177150587339,True
GPR161,DCG,-0.8920661468241534,1.3923174227787602,-1.2869794061681321,0.10533801661062814,0.022668305783141163,-1.229750096341758,True
INHBC,DIG,-0.8544030411561285,0.53605290024021,-1.2326430303963956,-0.6965901301561855,-0.7789665071911299,-1.1754137205700166,True
BMP1,NEUTRAL,-0.022883865365598364,0.13750352374993502,-0.03301443907931947,0.10448908467061555,0.024214870747054883,0.024214870747054567,False
SARNP,DIG,-1.0258218245764859,0.4724877714627438,-1.4799480591521643,-1.0074602876894205,-1.0874323700294082,-1.4227187493257918,True
PTPRS,NEUTRAL,0.051369746633932636,0.13750352374993502,0.07411087872049714,0.21161440247043217,0.13134018854687113,0.13134018854687113,False
LHFPL5,DIG,-0.8207505986741841,0.5484366246960424,-1.1840928185138933,-0.6356561938178509,-0.7146318838538481,-1.1268635086875212,True
CCDC24,DIG,-0.7093036616445285,0.3645724322958561,-1.0233088751389445,-0.6587364428430884,-0.7456912887496397,-0.966079565312571,True
ATP6V0E1,DIG,1.2532844755876111,0.4329594072761063,1.8081072977533716,2.241066705029478,2.148823981433723,1.865336607579744,True
CHORDC1P4,NEUTRAL,-0.02035792584898745,0.13750352374993502,-0.02937027866511943,0.10813324508481559,0.02785903116125424,0.02785903116125455,False
LINC01224,DIG,0.9158377195191899,0.53605290024021,1.3212745362093927,1.8573274364496029,1.7687834559893454,1.3785038460357661,True
MIR1182,DCG,-0.8638458423064451,1.0959244199985356,-1.2462661127880579,-0.15034169278952225,-0.23460501964499006,-1.1890368029616842,True
MTRF1,NEUTRAL,0.035563261884667526,0.13750352374993502,0.05130694155884533,0.18881046530878035,0.1085362513852198,0.1085362513852204,False
SNORD12C,DCG,-1.0547143258778382,1.446256229889564,-1.5216311274985033,-0.07537489760893923,-0.15141439410021126,-1.4644018176721225,True
PSMD10P2,DSG,-0.0714021133597055,1.4059923596758368,-0.10301147485303873,1.3029808848227982,1.2240047283078652,-0.04578216502666489,False
PRKCG,DSG,0.12385574580781214,-0.7369655941662062,0.1786860702625346,-0.5582795239036716,-0.6385537378272313,0.23591538008890792,False
PRSS21,DCG,-0.7970674460353472,1.1937717433966801,-1.1499252516492269,0.04384649174745325,-0.03218917276733135,-1.0926959418228546,True
UTP25,DCG,-0.9629545317034154,1.439623137557117,-1.3892497274900715,0.05037341006704543,-0.03315560850772965,-1.3320204176636985,True
GMCL1,DIG,-0.6904601746258724,0.53605290024021,-0.9961234698640739,-0.46007056962386383,-0.5344261297675107,-0.9388941600377025,True
PWAR5,NEUTRAL,-0.0015217229437746083,0.13750352374993502,-0.002195382144590582,0.13530814160534443,0.05503392768178307,0.05503392768178307,False
HAS1,DSG,-0.09505527130903181,-3.321928094887362,-0.13713576852789516,-3.4590638634152575,-3.539338077338818,-0.07990645870152285,False
PIGN,NEUTRAL,-0.034870620796556964,0.13750352374993502,-0.050307671695912284,0.08719585205402273,0.0069216381304614315,0.0069216381304614315,False
INMT-MINDY4,DSG,-0.0990618294535926,-0.7369655941662062,-0.1429160100940863,-0.8798816042602925,-0.9601558181838546,-0.08568670026771345,False
NRGN,NEUTRAL,-0.0006981899226354045,0.13750352374993502,-0.001007275138984747,0.13649624861095028,0.05622203468738867,0.05622203468738867,False
PSAPL1,NEUTRAL,-0.003909262615503247,0.13750352374993502,-0.005639873788919152,0.13186364996101588,0.05158943603745521,0.05158943603745521,False
PUS3,NEUTRAL,0.015640099466531734,0.13750352374993502,0.022563893939375457,0.1600674176893105,0.07979320376574972,0.07979320376574972,False
ZNF585A,DSG,-0.05403030238751224,1.446256229889564,-0.07794924931219503,1.368306980577369,1.2925388925731256,-0.02071993948582102,False
RPL17P26,DIG,-0.5553504638410646,0.6205864104518776,-0.8012013601388894,-0.18061494968701186,-0.27179001119539953,-0.7439720503125147,True
GOT2P3,DSG,-0.04615203986552345,1.0531113364595626,-0.06658331904090042,0.9865280174186621,0.9099466226192666,-0.009354009214526254,False
PINLYP,DIG,0.7237595322241376,0.53605290024021,1.0441642879358792,1.5802171881760891,1.5012902411888756,1.1013935977622522,True
NCAPG,NEUTRAL,0.005507776549767611,0.13750352374993502,0.007946041914674257,0.1454495656646093,0.06517535174104844,0.06517535174104844,False
NUMBL,DSG,-0.054065624606808055,1.5172756932095817,-0.0780002085028063,1.4392754847067755,1.3574743387994248,-0.02077089867643425,False
AKAP8L,DIG,1.720197491015729,0.608809242675524,2.4817203896380295,3.0905296323135536,3.0143622621271047,2.5389496994644007,True
TXNDC9,DIG,1.375858058210782,0.49825086752782544,1.984943597547814,2.4831944650756395,2.408130165505816,2.0421729073741877,True
PAX9,DIG,-1.5397625847190677,0.4854268271702419,-2.2214078451205714,-1.7359810179503294,-1.815494980820053,-2.1641785352941985,True
PIGT,DCG,-0.7892031616313868,1.0874628412503395,-1.1385794875394928,-0.051116646289153245,-0.13381013338038542,-1.0813501777131187,True
ZIM2,DSG,-0.06049781847227127,1.1618876823768942,-0.0872799026945465,1.0746077796823477,0.9908092484382817,-0.03005059286817355,False
TEX12,NEUTRAL,0.10353547223494679,0.13750352374993502,0.1493701123494547,0.2868736360993897,0.20659942217582844,0.20659942217582844,False
ITPRID2,NEUTRAL,0.011359477900128402,0.13750352374993502,0.016388262433603022,0.15389178618353805,0.07361757225997695,0.07361757225997725,False
WBP4,NEUTRAL,-0.0353067707839217,0.13750352374993502,-0.050936903119767174,0.08656662063016785,0.006292406706605694,0.006292406706605375,False
SMARCE1P5,NEUTRAL,-0.05523819484245562,0.13750352374993502,-0.07969186976686904,0.05781165398306598,-0.02246255994049598,-0.02246255994049598,False
FOXF2,DIG,-1.5552959102130735,0.560714954474479,-2.2438176967792876,-1.6831027423048086,-1.7682147878683987,-2.1865883869529155,True
SNRPGP2,NEUTRAL,0.003770723155180339,0.13750352374993502,0.005440003596543861,0.1429435273464789,0.06266931342291619,0.0626693134229165,False
THADA,DIG,1.5295837283055276,0.5728896684205812,2.2067228594508363,2.7796125278714174,2.7122560979681607,2.2639521692772098,True
PLEKHB2,NEUTRAL,0.008110668832888258,0.13750352374993502,0.011701221703500568,0.1492047454534356,0.06893053152987332,0.06893053152987362,False
UBE3D,DIG,-1.6039558170975292,0.405992359675837,-2.314019103131611,-1.9080267434557738,-1.9953582674173005,-2.2567897933052365,True
HSD17B11,NEUTRAL,0.05091323305354751,0.13750352374993502,0.07345226884197704,0.21095579259191205,0.13068157866835095,0.13068157866835095,False
FUT8,NEUTRAL,-0.04031892465717574,0.13750352374993502,-0.058167912656883196,0.07933561109305182,-0.000938602830508404,-0.0009386028305082437,False
PLCXD2,DSG,0.10510556214730636,1.0959244199985356,0.15163527327976564,1.2475596932783013,1.1691044274812066,0.2088645831061385,False
RNF135,DIG,-0.5546583123016053,0.4724877714627438,-0.800202796545368,-0.3277150250826242,-0.3995346920180966,-0.7429734867189947,True
NKX3-1,NEUTRAL,0.0055417898589200714,0.13750352374993502,0.007995112747112735,0.14549863649704775,0.0652244225734871,0.0652244225734871,False
SCAT8,DIG,0.8020289135728693,0.5728896684205812,1.1570831362611416,1.7299728046817227,1.6428699153936561,1.2143124460875132,True
AKR7A2,NEUTRAL,-0.054235487569781915,0.13750352374993502,-0.07824526895711939,0.05925825479281563,-0.021015959130745852,-0.021015959130746015,False
LYPLAL1-DT,DCG,-0.9189476109098486,1.4262647547020981,-1.3257611610963993,0.10050359360569883,0.019202194820601266,-1.268531851270026,True
SOX21-AS1,DIG,-0.641497956803827,0.37851162325372983,-0.9254859210212838,-0.546974297767554,-0.6175680787123489,-0.8682566111949089,True
SCAP,NEUTRAL,0.006165341341777323,0.13750352374993502,0.008894707379169852,0.14639823112910488,0.06612401720554366,0.06612401720554335,False
ITGB2,DSG,0.03875716677714987,1.2479275134435854,0.0559147723083006,1.303842285751886,1.225489466515823,0.11314408213467474,False
MEX3C,NEUTRAL,-0.05216258389096857,0.13750352374993502,-0.07525470109945488,0.06224882265048014,-0.01802539127308122,-0.01802539127308122,False
KHDC1,DIG,-1.702430378743754,0.4724877714627438,-2.456087864872334,-1.98360009340959,-2.0636564747962325,-2.3988585550459613,True
FAM83C,DCG,-0.9922346251880346,1.3219280948873624,-1.431491973157097,-0.10956387826973457,-0.18254493221522433,-1.374262663330721,True
VPS13B-DT,DCG,-0.9333004964037812,1.1292830169449666,-1.346467997820943,-0.21718498087597649,-0.2973265184001942,-1.2892386879945699,True
JHY,NEUTRAL,-0.050652085823422816,0.13750352374993502,-0.07307551302813427,0.06442801072180075,-0.015846203201760386,-0.015846203201760386,False
SENP3-EIF4A1,NEUTRAL,0.02560896163539624,0.13750352374993502,0.036945921953701874,0.1744494457036369,0.09417523178007445,0.09417523178007445,False
GRK5,NEUTRAL,0.048762188407676516,0.13750352374993502,0.07034896739864821,0.20785249114858323,0.12757827722502288,0.12757827722502227,False
RPL13AP25,NEUTRAL,0.013372593157521801,0.13750352374993502,0.01929257383218239,0.1567960975821174,0.07652188365855614,0.07652188365855583,False
PBX1,DCG,-0.7987535217867817,1.2854022188622483,-1.1523577447743847,0.13304447408786357,0.05084705178051124,-1.0951284349480124,True
SLC26A3,DIG,0.986417255884777,0.560714954474479,1.4230992833122675,1.9838142377867465,1.9133498680829222,1.4803285931386405,True
MIS18A,DIG,1.0580116857490582,0.4195388915137848,1.5263882122327386,1.9459271037465233,1.8647052518302594,1.583617522059111,True
CFAP57,DIG,-0.8099217354577289,0.405992359675837,-1.1684700712530485,-0.7624777115772114,-0.8442071664297448,-1.111240761426676,True
LINC01915,DIG,0.9426760055390039,0.45943161863729726,1.359993998356138,1.8194256169934353,1.7555802648155525,1.417223308182511,True
DMRTA1,NEUTRAL,0.0069196083770772954,0.13750352374993502,0.009982884690503143,0.14748640844043817,0.06721219451687609,0.06721219451687609,False
PKHD1,DSG,0.0070117776482516705,-0.7369655941662062,0.010115856840948763,-0.7268497373252575,-0.8071239512488179,0.06734516666732329,False
GPBP1L1,NEUTRAL,-0.04385712874756514,0.13750352374993502,-0.06327246215174102,0.074231061598194,-0.0060431523253662274,-0.006043152325366549,False
PARD6B,DCG,-1.0022162519825515,1.4262647547020981,-1.4458924166335507,-0.0196276619314526,-0.09899095630284868,-1.3886631068071773,True
RN7SKP150,DIG,0.9296784541934674,0.4854268271702419,1.3412424954862328,1.8266693226564747,1.7390123334774943,1.3984718053126048,True
LRP1-AS,DIG,-1.036744656179558,0.5109619192773794,-1.4957063741383818,-0.9847444548610024,-1.056579690208095,-1.4384770643120088,True
XPOTP1,DCG,-0.793509365208104,1.145677455195635,-1.1447920260846811,0.0008854291109539059,-0.08176157529255218,-1.0875627162583077,True
TIMM8B,NEUTRAL,0.008584032723662505,0.13750352374993502,0.012384141441256479,0.1498876651911915,0.06961345126763059,0.06961345126763059,False
CLPP,NEUTRAL,-0.00657532645303884,0.13750352374993502,-0.009486190866025153,0.12801733288390987,0.04774311896034896,0.04774311896034927,False
SEMA6C,DCG,-0.9901765794165106,1.485426827170242,-1.4285228407285968,0.05690398644164518,-0.026243824683312707,-1.3712935309022247,True
EIF2S3B,DSG,-0.02194089388898118,1.2927817492278462,-0.03165401880630411,1.261127730421542,1.1812146753382502,0.02557529102006867,False
RGS20,DCG,-0.7139304390439253,1.1127001327493624,-1.0299839039483514,0.08271622880101104,0.0015269273992369228,-0.9727545941219764,True
C22orf15,NEUTRAL,0.07607765327985776,0.13750352374993502,0.10975685310932076,0.24726037685925578,0.1669861629356949,0.16698616293569576,False
TEDDM1,DCG,-0.9111680139383634,1.1538053360790355,-1.3145375751255228,-0.16073223904648737,-0.24205692951336077,-1.257308265299145,True
MKRN2OS,DIG,-1.6598408738457995,0.405992359675837,-2.3946441973621386,-1.9886518376863016,-2.066943174042057,-2.3374148875357648,True
HYDIN,NEUTRAL,0.04006466349378285,0.13750352374993502,0.05780109133736561,0.19530461508730063,0.11503040116373975,0.11503040116374035,False
GCNT1P3,DCG,-0.8679314088119102,1.2249663650002742,-1.2521603393247145,-0.027193974324440262,-0.11616271877413986,-1.1949310294983277,True
ACAA2,NEUTRAL,-0.015466780315330558,0.13750352374993502,-0.022313847259446434,0.11518967649048859,0.03491546256692722,0.03491546256692722,False
TPRKB,DIG,1.2884157004021235,0.5484366246960424,1.8587909415736241,2.4072275662696665,2.339842616161043,1.9160202513999973,True
SRD5A3-AS1,DIG,-1.053971583069889,0.37851162325372983,-1.5205595761328192,-1.1420479528790894,-1.2342215087553523,-1.4633302663064474,True
ABLIM1,NEUTRAL,0.009068290330501983,0.13750352374993502,0.01308277748915655,0.15058630123909156,0.07031208731553015,0.07031208731553015,False
EIF4EBP2,DIG,0.8902562295707159,0.405992359675837,1.2843682475221785,1.6903606071980155,1.6112723190632543,1.34159755734855,True
COIL,DSG,-0.05996826770637068,1.1538053360790355,-0.08651592243068276,1.0672894136483526,0.9920542465520588,-0.02928661260430934,False
HHIP,NEUTRAL,0.016262609713932178,0.13750352374993502,0.023461986386202636,0.16096551013613766,0.08069129621257591,0.08069129621257591,False
MALT1,NEUTRAL,0.05055640093384718,0.13750352374993502,0.07293746891245549,0.21044099266239052,0.13016677873882815,0.13016677873882815,False
BCL2L10,NEUTRAL,0.04432831427371843,0.13750352374993502,0.06395223917366104,0.20145576292359607,0.12118154900003451,0.12118154900003422,False
FAM124B,NEUTRAL,0.022387681134687563,0.13750352374993502,0.03229859655001715,0.16980212029995218,0.08952790637639146,0.08952790637639177,False
TMEM123,NEUTRAL,0.037230212829423966,0.13750352374993502,0.05371184342025062,0.19121536717018564,0.1109411532466249,0.1109411532466249,False
UAP1,DCG,-1.0882858407058642,1.3923174227787602,-1.5700645854560267,-0.17774716267726642,-0.2615761862957795,-1.5128352756296548,True
MIR675,NEUTRAL,0.04940678435088611,0.13750352374993502,0.07127892276929383,0.20878244651922884,0.12850823259566735,0.12850823259566707,False
IMMTP1,DSG,-0.09652051899290238,1.1699250014423124,-0.1392496740950893,1.0306753273472231,0.9488190421714155,-0.08202036426871591,False
RPTOR,DCG,-0.929478806494115,1.1937717433966801,-1.340954464740452,-0.14718272134377197,-0.22175395413156931,-1.2837251549140802,True
DSCR8,DIG,-0.617755399097014,0.523561956057013,-0.8912326507596446,-0.3676706947026317,-0.449824283788723,-0.8340033409332697,True
PPIAP2,DCG,-0.8088279396455494,1.2172307162206693,-1.166892057459072,0.050338658761597266,-0.024668601267594417,-1.1096627476326921,True
CENPS-CORT,NEUTRAL,-0.019412404904295556,0.13750352374993502,-0.02800618028715579,0.10949734346277923,0.029223129539217525,0.02922312953921721,False
FAM76A,NEUTRAL,-0.004531767540823769,0.13750352374993502,-0.006537958557608026,0.130965565192327,0.05069135126876529,0.05069135126876529,False
NUDT2,DIG,-0.994353735338633,0.53605290024021,-1.4345492028624627,-0.8984963026222527,-0.9791420689309942,-1.37731989303609,True
NDUFA5,DIG,-1.0040152919648018,0.523561956057013,-1.4484878826943044,-0.9249259266372915,-0.996043910047969,-1.3912585728679314,True
RPL35AP7,DCG,-1.0403393615355632,1.5109619192773793,-1.5008924377289474,0.010069481548431902,-0.06844250623557784,-1.4436631279025642,True
LAMA5,DCG,-0.794157281359733,1.2479275134435854,-1.145726771503548,0.10220074194003748,0.02112038437432863,-1.0884974616771739,True
TSPAN33,DIG,-1.3400557770441008,0.523561956057013,-1.9332918240561308,-1.409729867999118,-1.4895107699659151,-1.8760625142297598,True
PCDHGA4,DIG,-0.7750500810085079,0.4854268271702419,-1.1181609083115638,-0.6327340811413219,-0.7267478663580835,-1.0609315984851924,True
PTGIR,DIG,1.5337892065261378,0.5109619192773794,2.212790082024277,2.7237520013016567,2.64827478121264,2.270019391850649,True
TLNRD1,NEUTRAL,-0.008266771447841161,0.13750352374993502,-0.01192643017196292,0.1255770935779721,0.04530287965441025,0.04530287965441025,False
EIF2AK3,DIG,-1.620188440287161,0.4724877714627438,-2.3374378281079116,-1.8649500566451678,-1.939601135696528,-2.280208518281538,True
KIRREL1-IT1,DCG,-0.7863248415331948,1.1779177921958432,-1.1344269494077401,0.04349084278810311,-0.03365451068668405,-1.0771976395813567,True
FADS6,DCG,-0.9142649282876592,1.3434078222978139,-1.3190054780993097,0.024402344198504178,-0.058798442209568445,-1.2617761682729327,True
CYP17A1,NEUTRAL,0.02463147811960975,0.13750352374993502,0.035535711332926,0.173039235082861,0.09276502115929904,0.09276502115929904,False
DHX30,NEUTRAL,0.008550096798485849,0.13750352374993502,0.012335182250296138,0.14983870600023116,0.06956449207666894,0.06956449207666894,False
MSC-AS1,DCG,-0.7799823035411086,1.2016338611696507,-1.1252766012999076,0.07635725986974307,0.00022089279728840423,-1.0680472914735355,True
METTL21EP,DIG,1.452066572591813,0.4462562298895641,2.0948892433188426,2.541145473208407,2.47235777776879,2.152118553145215,True
COL3A1,DIG,1.3104840988599464,0.37851162325372983,1.8906289105890868,2.2691405338428168,2.200824526911779,1.947858220415457,True
MMS22L,DIG,0.9122812987207406,0.5109619192773794,1.3161437055601555,1.827105624837535,1.7451469863807898,1.3733730153865282,True
GTF3C3,DIG,1.293778291426893,0.4462562298895641,1.8665275250513746,2.3127837549409387,2.233464055566796,1.9237568348777472,True
LSM5,DSG,0.06651101911212097,1.06177619758669,0.09595511743752799,1.1577313150242179,1.0750964983061773,0.15318442726389953,False
KDM5B,DCG,-0.9644089680007073,1.3362833878644325,-1.3913480355234635,-0.055064647659031074,-0.13171771470642546,-1.3341187256970912,True
FIGNL2,DIG,0.7810211640978778,0.4462562298895641,1.1267753602733337,1.5730315901628977,1.488203103457844,1.1840046700997053,True
MAT2B,DIG,-0.8036114774857702,0.4329594072761063,-1.1593662933701736,-0.7264068860940673,-0.8153981032886916,-1.1021369835438009,True
HIPK2,DSG,-0.08950766178062701,1.232660756790275,-0.1291322597724772,1.1035284970177979,1.0251638424460199,-0.07190294994610524,False
RBM48,DSG,0.01983889649482778,1.4195388915137848,0.02862147758979748,1.4481603691035823,1.3673219950639726,0.08585078741617162,False
TENM3-AS1,NEUTRAL,-0.018612986518139845,0.13750352374993502,-0.02685286334585349,0.11065066040408153,0.030376446480521083,0.030376446480521083,False
KIF12,NEUTRAL,-0.016363555985724317,0.13750352374993502,-0.023607621071913384,0.11389590267802163,0.033621688754459464,0.03362168875445915,False
EPHA5,NEUTRAL,-0.040795679038561,0.13750352374993502,-0.058855723838629796,0.07864779991130522,-0.0016264140122556879,-0.0016264140122553671,False
ZNF805,DSG,0.004300056435104746,1.4059923596758368,0.006203670094468291,1.4121960297703051,1.3273009732426277,0.06343297992084042,False
HACE1,DIG,0.8817266707778167,0.5109619192773794,1.272062695350692,1.7830246146280713,1.6976436672351205,1.3292920051770634,True
TSPAN1,NEUTRAL,-0.061387710185035936,0.13750352374993502,-0.08856374505548026,0.04893977869445476,-0.031334435229107,-0.03133443522910684,False
PTBP2,NEUTRAL,0.04119344137466416,0.13750352374993502,0.05942957358837823,0.19693309733831324,0.1166588834147528,0.1166588834147528,False
TPI1P2,DIG,0.6295037064935265,0.4462562298895641,0.9081818755794322,1.3544381054689962,1.273207877844221,0.9654111854058052,True
HMMR,DIG,1.625955345369796,0.5109619192773794,2.3457577134719063,2.856719632749286,2.766930712426088,2.402987023298279,True
PMVK,DCG,-0.9804097750761986,1.399171093819823,-1.414432320541496,-0.01526122672167296,-0.09408119912501413,-1.3572030107151227,True
HORMAD2-AS1,NEUTRAL,-0.004183828041640772,0.13750352374993502,-0.0060359879676073255,0.1314675357823277,0.05119332185876774,0.05119332185876743,False
CACYBPP2,NEUTRAL,-0.00826678009021078,0.13750352374993502,-0.01192644264026671,0.1255770811096683,0.045302867186108306,0.045302867186108,False
RICTOR,DSG,-0.03462074282085043,1.3219280948873624,-0.049947173979533105,1.2719809209078292,1.1924895982774384,0.007282135846839906,False
EBPL,NEUTRAL,-0.016440290190468256,0.13750352374993502,-0.023718325128564022,0.113785198621371,0.03351098469780896,0.03351098469780927,False
C1orf52,NEUTRAL,0.0016011196763368693,0.13750352374993502,0.0023099274169209438,0.13981345116685595,0.05953923724329518,0.05953923724329518,False
KCNJ10,DCG,-0.8255901076160876,1.2927817492278462,-1.1910747540647153,0.10170699516313086,0.018896225637634625,-1.1338454442383434,True
S100A1,DCG,-0.8022365526159012,1.1375035237499351,-1.1573826960788187,-0.019879172328883588,-0.09994425775063986,-1.100153386252447,True
LINC01968,DCG,-0.7655576629654591,1.1210154009613662,-1.1044662438748123,0.01654915708655391,-0.06502392663508134,-1.0472369340484304,True
TMEM127,DIG,-1.1711967361733417,0.45943161863729726,-1.68967972318262,-1.2302481045453226,-1.3149340620640169,-1.632450413356246,True
ZSCAN18,DSG,0.0392244132819835,1.3785116232537298,0.05658886652369678,1.4351004897774267,1.3593120174580238,0.11381817635007004,False
NTAN1P2,DCG,-0.8680350095953135,1.1127001327493624,-1.2523098036611626,-0.1396096709118002,-0.2240672009780071,-1.1950804938347894,True
CACNG1,DCG,-0.8940667926776708,1.3923174227787602,-1.2898657280195767,0.10245169475918359,0.02314152219124491,-1.2326364181932041,True
SEPSECS-AS1,NEUTRAL,-0.005178064010403518,0.13750352374993502,-0.007470367269214773,0.13003315648072025,0.049758942557159666,0.049758942557159354,False
AOC4P,NEUTRAL,-0.033160097427574566,0.13750352374993502,-0.0478399081141567,0.08966361563577832,0.009389401712217848,0.009389401712217848,False
GFM1,DSG,0.029596392062422785,1.4195388915137848,0.04269856805666283,1.4622374595704475,1.3773487611553106,0.09992787788303618,False
LINC00336,DSG,0.028813235292982093,1.3785116232537298,0.041568711669152124,1.4200803349228819,1.336626672076975,0.09879802149552559,False
KRT8P24,NEUTRAL,-0.02012996751112227,0.13750352374993502,-0.02904140430155205,0.10846211944838297,0.028187905524821005,0.028187905524821005,False
MROH9,DCG,-0.8723339890890291,1.1699250014423124,-1.2585119200576296,-0.0885869186153172,-0.16796151497490203,-1.2012826102312504,True
PROX2,NEUTRAL,0.01507853044731691,0.13750352374993502,0.02175372110023735,0.15925724485017237,0.07898303092661134,0.07898303092661103,False
ANKRD62,NEUTRAL,-0.030131504062619854,0.13750352374993502,-0.04347057148566732,0.0940329522642677,0.013758738340705887,0.01375873834070557,False
FARS2,DIG,1.0474842909106548,0.6438561897747247,1.511200391905894,2.155056581680619,2.06896447821215,1.568429701732266,True
C1orf54,DCG,-1.004254218709682,1.5046203924035526,-1.4488325811242786,0.05578781127927401,-0.02549494505129202,-1.3916032712979072,True
FEN1,DIG,1.2227110111560484,0.5849625007211562,1.763999112235161,2.3489616129563173,2.26451384089176,1.8212284220615338,True
RPS26P19,NEUTRAL,-0.057915373651307445,0.13750352374993502,-0.0835542223579726,0.053949301391962426,-0.02632491253159788,-0.02632491253159788,False
ACTG1P25,DCG,2.0794415416798357,-3.321928094887362,3.0,-0.3219280948873622,-0.40220230881092317,3.0572293098263734,True
TOB1-AS1,DSG,0.049383497772162194,1.1538053360790355,0.07124532733764957,1.2250506634166851,1.1430292945734657,0.12847463716402202,False
PPP2R5E,NEUTRAL,0.000517291070750861,0.13750352374993502,0.0007462932624684092,0.13824981701240344,0.05797560308884014,0.05797560308884075,False
AQP9,NEUTRAL,0.035885657127449025,0.13750352374993502,0.05177205957681239,0.1892755833267474,0.10900136940318716,0.10900136940318746,False
TRPC4AP,DCG,-0.7592195825866126,1.1375035237499351,-1.0953223267434948,0.042181197006440296,-0.041158143622804115,-1.0380930169171207,True
CNRIP1,DIG,0.5944885886856148,0.6205864104518776,0.8576657387618153,1.4782521492136929,1.4061103449323937,0.9148950485881863,True
NUP210P3,DSG,0.004900349240981873,-0.7369655941662062,0.007069709548588545,-0.7298958846176177,-0.8101700985411776,0.06429901937496342,False
RGMA,DIG,-1.0256694972499514,0.5484366246960424,-1.4797282972735812,-0.9312916725775389,-1.019538477978571,-1.4224989874472094,True
LCORL,NEUTRAL,-0.03961922118737216,0.13750352374993502,-0.05715845393090477,0.08034506981903025,7.085589546840992e-05,7.085589546873025e-05,False
FZD7,NEUTRAL,0.042367129316058204,0.13750352374993502,0.06112284736097859,0.1986263711109136,0.1183521571873531,0.1183521571873534,False
COQ6,NEUTRAL,0.04506879815589269,0.13750352374993502,0.06502053159833204,0.20252405534826706,0.1222498414247051,0.1222498414247051,False
LEPR,NEUTRAL,0.01272976125168882,0.13750352374993502,0.018365163429511944,0.15586868717944696,0.07559447325588677,0.07559447325588646,False
CCNB1IP1,DIG,0.8417165982178717,0.3923174227787603,1.2143403620828517,1.606657784861612,1.5309933124563209,1.271569671909224,True
NCEH1,DCG,-0.8966156343787253,1.2479275134435854,-1.293542929301699,-0.04561541585811346,-0.12840744957493452,-1.236313619475325,True
RNPS1,DCG,-0.9626173468383213,1.4329594072761063,-1.3887632725573376,0.04419613471876871,-0.036622232700400915,-1.3315339627309648,True
ATP1B1P1,NEUTRAL,0.024445434322353285,0.13750352374993502,0.035267306869235945,0.17277083061917098,0.09249661669560934,0.09249661669560934,False
OAF,NEUTRAL,-0.04327075503276849,0.13750352374993502,-0.06242650370129626,0.07507702004863875,-0.005197193874922421,-0.005197193874922742,False
RNF169,DIG,-0.6569746232157542,0.4462562298895641,-0.9478140309032639,-0.5015578010136998,-0.579247592664173,-0.8905847210768914,True
RNF182,DSG,0.021632044564289344,-0.7369655941662062,0.031208443417189292,-0.7057571507490169,-0.7860313646725803,0.08843775324356139,False
KRT5,DIG,0.7352586561079844,0.5484366246960424,1.0607540169376728,1.6091906416337152,1.5280101699408406,1.1179833267640444,True
MYBBP1A,NEUTRAL,-0.021920592650451178,0.13750352374993502,-0.031624730310152976,0.10587879343978204,0.02560457951622106,0.02560457951622075,False
CCL21,DIG,-1.4138781737450736,0.4329594072761063,-2.039795029683162,-1.6068356224070557,-1.6872062534882857,-1.9825657198567896,True
MIR4426,DCG,2.0794415416798357,-3.321928094887362,3.0,-0.3219280948873622,-0.40220230881092334,3.057229309826374,True
HLA-F,DSG,-0.05819933130516841,1.4659744645040693,-0.08396388665702027,1.382010577847049,1.3045067578032405,-0.026734576830647217,False
CCT5P1,NEUTRAL,-0.04587671927682443,0.13750352374993502,-0.06618611539292972,0.0713174083570053,-0.008956805566556444,-0.008956805566556283,False
CHUK,NEUTRAL,-0.024503633243889038,0.13750352374993502,-0.03535127016472066,0.10215225358521436,0.021878039661653605,0.02187803966165392,False
MIR186,NEUTRAL,0.02349768522837292,0.13750352374993502,0.03389999395134346,0.17140351770127848,0.09112930377771672,0.09112930377771641,False
ZNF200,DCG,-0.8207053304816057,1.2479275134435854,-1.1840275103169504,0.06390000312663502,-0.019762352311147497,-1.1267982004905763,True
SUMO2,DCG,-0.9397359272062226,1.4059923596758368,-1.3557523619256093,0.05023999775022747,-0.02698075546268615,-1.2985230520992352,True
SLFN12L,DIG,1.6498277201730196,0.5109619192773794,2.38019827021476,2.8911601894921395,2.8150061342633537,2.437427580041133,True
LINC02454,DSG,0.01137802743270741,-0.7369655941662062,0.016415023752265567,-0.7205505704139407,-0.8008247843374994,0.07364433357863957,False
ABI3BP,DIG,0.9184949353374509,0.49825086752782544,1.3251080882929696,1.823358955820795,1.7469170974147414,1.3823373981193419,True
EFCAB3,DCG,0.8635570003290459,-0.7369655941662062,1.2458494018996635,0.5088838077334573,0.4286095938098959,1.303078711726036,True
ZNF213,DCG,2.0794415416798357,-3.321928094887362,3.0,-0.3219280948873622,-0.40220230881092356,3.057229309826374,True
PAX5,DIG,0.7243535183991688,0.45943161863729726,1.0450212288449534,1.5044528474822507,1.4311057054049365,1.1022505386713273,True
MANBAL,DCG,-0.9052739706901328,1.1292830169449666,-1.3060342681605155,-0.1767512512155489,-0.26489404126202826,-1.2488049583341414,True
EPB41L1,DCG,-1.0005929150489001,1.4195388915137848,-1.44355043648968,-0.024011544975895305,-0.09921446195163347,-1.3863211266633066,True
NKAIN1,NEUTRAL,0.007968738595075207,0.13750352374993502,0.011496459653255488,0.1489999834031905,0.06872576947962872,0.06872576947962902,False
PLCD1,NEUTRAL,-0.025172553442031058,0.13750352374993502,-0.036316318017330616,0.1011872057326044,0.02091299180904247,0.02091299180904247,False
HPS5,DIG,1.5542414206219615,0.45943161863729726,2.2422963898755213,2.7017280085128186,2.6184479222389956,2.299525699701894,True
SEC11C,NEUTRAL,0.06261287807395455,0.13750352374993502,0.09033128869307955,0.22783481244301457,0.14756059851945286,0.14756059851945316,False
FAM178B,DIG,0.8588868283220491,0.4195388915137848,1.2391117679050707,1.6586506594188555,1.5769905775413529,1.2963410777314435,True
RPL32P3,DSG,-0.08321370434060246,-0.7369655941662062,-0.12005199858618759,-0.8570175927523938,-0.9372918066759559,-0.06282268875981495,False
DCC,NEUTRAL,-0.03292693623662766,0.13750352374993502,-0.047503527620249834,0.08999999612968518,0.009725782206123761,0.009725782206124078,False
CCM2,DSG,-0.06603106062743862,1.2779847472997656,-0.09526268371184418,1.1827220635879214,1.103880654568586,-0.038033373885470304,False
HABP2,NEUTRAL,-0.005891376042409812,0.13750352374993502,-0.008499459000396684,0.12900406474953835,0.04872985082597712,0.04872985082597712,False
GABRB3,NEUTRAL,0.0184352329478129,0.13750352374993502,0.026596419151442497,0.16409994290137753,0.08382572897781543,0.08382572897781543,False
SLC44A5,NEUTRAL,0.04433139710690443,0.13750352374993502,0.06395668676181036,0.2014602105117454,0.12118599658818523,0.12118599658818523,False
EFNB2,DIG,-0.8861233075150294,0.405992359675837,-1.278405701368059,-0.872413341692222,-0.9375450618029593,-1.2211763915416864,True
HMGA1P8,DIG,0.586971569843248,0.5969351423872323,0.8468209729556638,1.4437561153428962,1.3647422587497342,0.9040502827820378,True
SMIM22,DCG,-0.9203100018634108,1.446256229889564,-1.3277266757688555,0.11852955412070854,0.035114064721747884,-1.2704973659424839,True
CSPG4P13,NEUTRAL,-0.03414336074434524,0.13750352374993502,-0.04925845722514979,0.08824506652478523,0.007970852601224156,0.007970852601224473,False
LRP11,DIG,1.571603964074664,0.4329594072761063,2.2673452452119545,2.700304652488061,2.6181048545636716,2.3245745550383257,True
HTR1B,DIG,1.0890469107067824,0.45943161863729726,1.5711625773721207,2.030594196009418,1.9487365078936065,1.6283918871984946,True
CFLAR-AS1,NEUTRAL,0.015152824362557401,0.13750352374993502,0.02186090456332303,0.15936442831325806,0.07909021438969632,0.07909021438969663,False
HOXA13,DSG,-0.08083394390125295,1.1043366598147357,-0.11661873000183431,0.9877179298129014,0.911794157930774,-0.05938942017546063,False
LINC01088,NEUTRAL,0.07134509043580814,0.13750352374993502,0.10292920816351503,0.24043273191345005,0.16015851798988726,0.16015851798988726,False
FLNC-AS1,DIG,1.6924490181232525,0.4329594072761063,2.441687805403812,2.8746472126799185,2.7987411974511502,2.4989171152301846,True
TMED7-TICAM2,NEUTRAL,0.027543471245129854,0.13750352374993502,0.0397368293742166,0.17724035312415162,0.09696613920059009,0.0969661392005895,False
RIMS3,DIG,-1.251575337387101,0.5484366246960424,-1.805641532547302,-1.2572049078512597,-1.3370120063975603,-1.7484122227209284,True
USP15,DIG,-1.1660869190049894,0.49825086752782544,-1.6823078152939885,-1.184056947766163,-1.265007234239622,-1.6250785054676162,True
ULBP3,DIG,1.2960896385946121,0.45943161863729726,1.8698620941480157,2.329293712785313,2.2415721204823433,1.9270914039743883,True
NEK7,DCG,-1.0019680548822936,1.446256229889564,-1.4455343439078459,0.0007218859817181844,-0.0818595733753217,-1.388305034081473,True
RPS12P23,NEUTRAL,-0.01050737068508423,0.13750352374993502,-0.015158931580153088,0.12234459216978193,0.042070378246219495,0.042070378246219495,False
MSANTD4,NEUTRAL,0.029459267293441883,0.13750352374993502,0.04250073883247104,0.18000426258240607,0.09973004865884476,0.09973004865884476,False
RPA2P2,DIG,0.5605441281075377,0.4724877714627438,0.8086942338201725,1.2811820052829161,1.2045471715134137,0.8659235436465451,True
NCKAP5,NEUTRAL,0.02544293373267239,0.13750352374993502,0.03670639432179298,0.174209918071728,0.09393570414816542,0.09393570414816511,False
EFR3B,DIG,1.3315170942953487,0.3923174227787603,1.920973108798782,2.3132905315775423,2.2437171221892567,1.978202418625154,True
BPTF,DCG,-1.1058537822783603,1.4262647547020981,-1.595409767641294,-0.16914501293919582,-0.25261678139279153,-1.5381804578149219,True
TMEM220-AS1,NEUTRAL,-0.05573524817349622,0.13750352374993502,-0.08040896614261865,0.05709455760731637,-0.02317965631624509,-0.023179656316244926,False
SLC15A3,DIG,1.1210788784495467,0.5728896684205812,1.617374938384522,2.190264606805103,2.1093463534185632,1.6746042482108943,True
STX8,NEUTRAL,-0.04960224905563152,0.13750352374993502,-0.07156091872949887,0.06594260502043615,-0.014331608903125214,-0.01433160890312489,False
CCDC138,NEUTRAL,-0.02603303594062258,0.13750352374993502,-0.03755773185082035,0.09994579189911468,0.019671577975552662,0.019671577975552978,False
HDGF,DCG,-0.842648425912665,1.0531113364595626,-1.215684705277093,-0.16257336881753037,-0.2478590431993869,-1.158455395450721,True
ARHGEF28,NEUTRAL,0.024015539018126128,0.13750352374993502,0.03464709904572597,0.17215062279566098,0.09187640887209958,0.09187640887210018,False
CEACAM19,DIG,1.4902453858934777,0.523561956057013,2.14996962793618,2.673531583993193,2.593206536946091,2.207198937762551,True
DNAJC3-DT,DIG,-1.5445227619850261,0.405992359675837,-2.228275329255922,-1.822282969580085,-1.8866356756346163,-2.1710460194295504,True
GTF2E2,NEUTRAL,5.7613132975532365e-05,0.13750352374993502,8.311818123387696e-05,0.1375866419311689,0.05731242800760751,0.05731242800760751,False
SMIM15P2,DSG,0.03645874298558674,1.1618876823768942,0.05259884770235127,1.2144865300792456,1.138491986606849,0.10982815752872409,False
SFT2D2,DCG,-0.8984727854686575,1.3146965256562866,-1.2962222319693257,0.018474293686960852,-0.06180465358668162,-1.238992922142952,True
CAT,DIG,1.1279395914381687,0.523561956057013,1.6272728549901694,2.1508348110471824,2.0737504723646576,1.6845021648165424,True
LINC01249,DIG,1.4857084168443577,0.49825086752782544,2.143424165188348,2.641675032716173,2.569931495515876,2.200653475014718,True
SSR2,DCG,-1.041251797329578,1.4195388915137848,-1.5022088043241024,-0.08266991281031766,-0.16079273062920266,-1.4449794944977283,True
SNIP1,NEUTRAL,-0.015675323832467322,0.13750352374993502,-0.022614711957429187,0.11488881179250583,0.034614597868945836,0.034614597868945836,False
FBXO38,DIG,-0.7122604035015497,0.3923174227787603,-1.027574551953258,-0.6352571291744977,-0.7243719227453207,-0.9703452421268839,True
TNRC6B,NEUTRAL,-0.0135853455204647,0.13750352374993502,-0.019599510611137516,0.1179040131387975,0.03762979921523611,0.037629799215236424,False
CKAP2,NEUTRAL,0.043570012465836305,0.13750352374993502,0.06285824091593235,0.20036176466586736,0.12008755074230695,0.12008755074230784,False
ZSWIM5,NEUTRAL,-0.01452138704438539,0.13750352374993502,-0.020949933075764045,0.11655359067417098,0.03627937675060838,0.03627937675060838,False
ZBED5,NEUTRAL,-0.03292303370635323,0.13750352374993502,-0.047497897459176,0.09000562629075902,0.009731412367197115,0.009731412367197115,False
RNF213-AS1,DCG,-1.0089672318201128,1.3854310371935206,-1.4556320217663419,-0.07020098457282131,-0.15241979776629797,-1.3984027119399698,True
GALNT18,NEUTRAL,0.003106434358792531,0.13750352374993502,0.004481637444277072,0.1419851611942121,0.06171094727065146,0.06171094727065146,False
HMGN4,DSG,-0.0560051030029371,1.2927817492278462,-0.08079828436681295,1.2119834648610333,1.1312404736044215,-0.02356897454043907,False
ALDH3A1,NEUTRAL,-0.010913109363327168,0.13750352374993502,-0.01574428875915102,0.121759234990784,0.041485021067222,0.04148502106722169,False
EMP3,DIG,0.7227049638962443,0.4854268271702419,1.042642867438949,1.528069694609191,1.4509270729155788,1.0998721772653228,True
EMC4,NEUTRAL,-0.04070224435689992,0.13750352374993502,-0.05872092608675031,0.07878259766318471,-0.0014916162603774495,-0.001491616260377289,False
LAMC1-AS1,DCG,-0.9861220676691557,1.3575520046180838,-1.4226734167374617,-0.06512141211937794,-0.14691967655597998,-1.3654441069110879,True
ANGPT2,NEUTRAL,-0.05644252483357059,0.13750352374993502,-0.08142935067264445,0.05607417307729057,-0.02420004084627128,-0.024200040846271118,False
CRLS1,DSG,-0.016078346686034667,-0.7369655941662062,-0.023196151029635712,-0.7601617451958419,-0.8404359591194038,0.03403315879673714,False
ABCG2,NEUTRAL,0.026490619766598816,0.13750352374993502,0.03821788576734726,0.17572140951728227,0.09544719559371949,0.0954471955937198,False
ADD3-AS1,NEUTRAL,0.0070217159371395756,0.13750352374993502,0.010130194761042266,0.14763371851097729,0.06735950458741466,0.06735950458741496,False
CNBP,DIG,-1.5415572320899693,0.4854268271702419,-2.2239969739827155,-1.7385701468124735,-1.8097862282978152,-2.166767664156344,True
RAP1GAP,NEUTRAL,-0.02041953444252431,0.13750352374993502,-0.029459161077491205,0.10804436267244381,0.02777014874888247,0.027770148748882156,False
COL4A1,DIG,-1.046698349786982,0.4724877714627438,-1.5100665185443405,-1.0375787470815967,-1.1125301527265528,-1.4528372087179686,True
VAMP4,DCG,-1.0354604555947495,1.4329594072761063,-1.493853664323172,-0.060894257047065636,-0.1439996026434678,-1.4366243544967994,True
KRT42P,DIG,-1.4020722592323835,0.33628338786443257,-2.022762695362545,-1.6864793074981126,-1.7584188726960832,-1.9655333855361639,True
PKLR,DCG,-1.0093461710106069,1.4329594072761063,-1.456178715457266,-0.023219308181159803,-0.10426168325394618,-1.3989494056308838,True
EPB41L4A-AS1,NEUTRAL,-0.050406538387707485,0.13750352374993502,-0.07272126296032476,0.06478226078961026,-0.015491953133952307,-0.015491953133951982,False
GBA3,NEUTRAL,0.0410229824050621,0.13750352374993502,0.0591836532782583,0.19668717702819333,0.11641296310463221,0.11641296310463162,False
NPHP4,NEUTRAL,-0.04343298190154158,0.13750352374993502,-0.06266054760037414,0.07484297614956088,-0.005431237774001704,-0.005431237774001383,False
AICDA,DSG,0.11847457288868891,1.2705289423807182,0.17092267877794953,1.4414516211586679,1.362620054776304,0.2281519886043243,False
CAMKV,NEUTRAL,0.010970276047991563,0.13750352374993502,0.015826762851620404,0.15333028660155543,0.07305607267799473,0.07305607267799473,False
OLR1,DSG,0.03955952932103204,1.4059923596758368,0.05707233677135446,1.4630646964471912,1.380601668151514,0.1143016465977274,False
FBN1,NEUTRAL,-0.05459218641819502,0.13750352374993502,-0.07875987661681579,0.058743647133119234,-0.021530566790440873,-0.02153056679044071,False
RAX2,NEUTRAL,0.030414188840639747,0.13750352374993502,0.04387839941305142,0.18138192316298643,0.10110770923942376,0.10110770923942407,False
LEAP2,NEUTRAL,-0.06712685825717775,0.13750352374993502,-0.09684358551808671,0.04065993823184831,-0.03961427569171236,-0.03961427569171219,False
RAB3C,DIG,-0.5895168796190828,0.4462562298895641,-0.8504930787467869,-0.40423684885722283,-0.5002256897697345,-0.7932637689204146,True
RPL3P7,DIG,-1.3990228342415736,0.5109619192773794,-2.0183633050507406,-1.507401385773361,-1.5923170532474595,-1.9611339952243683,True
LINC00628,DCG,2.0794415416798357,-3.321928094887362,3.0,-0.3219280948873622,-0.4022023088109223,3.0572293098263694,True
LINC-PINT,DIG,-0.9879123230179083,0.5728896684205812,-1.4252562092510321,-0.8523665408304509,-0.9365019697536511,-1.368026899424661,True
BTF3P10,DIG,-0.6605617676217305,0.3923174227787603,-0.9529891863487184,-0.5606717635699581,-0.6432037806352443,-0.8957598765223465,True
HSP90AA6P,NEUTRAL,-0.060771577693032056,0.13750352374993502,-0.0876748537647357,0.04982866998519932,-0.03044554393836183,-0.030445543938362157,False
RAD1P1,NEUTRAL,-0.00837628310448785,0.13750352374993502,-0.012084422095926634,0.12541910165400838,0.045144887730447565,0.04514488773044694,False
RPL5P13,NEUTRAL,0.007697828746493547,0.13750352374993502,0.011105619358178746,0.14860914310811377,0.06833492918455315,0.06833492918455285,False
SLAMF9,DCG,-0.8461054033229516,1.3504972470841334,-1.2206720694433786,0.12982517764075485,0.05778067809069865,-1.1634427596170036,True
STRAP,DIG,0.9824641780586025,0.49825086752782544,1.4173961975361975,1.915647065064023,1.832704612937147,1.47462550736257,True
TMPOP2,NEUTRAL,0.008303871517745465,0.13750352374993502,0.011979954258830494,0.14948347800876552,0.06920926408520475,0.06920926408520414,False
PTPRA,DSG,0.041730733173485024,1.399171093819823,0.0602047218020474,1.4593758156218704,1.3789555699244034,0.1174340316284212,False
PCDHGA1,DIG,-1.3413701692815427,0.4724877714627438,-1.9351880912188713,-1.4627003197561275,-1.5524754319260847,-1.8779587813924992,True
MRPL42,DIG,-1.3681693882539838,0.5969351423872323,-1.9738511915301094,-1.376916049142877,-1.4547032544990177,-1.9166218817037364,True
ACOX2,NEUTRAL,0.0022918556520439945,0.13750352374993502,0.0033064487836372124,0.14080997253357222,0.06053575861001209,0.0605357586100124,False
GLCCI1-DT,DSG,-0.10276817047425836,1.2172307162206693,-0.14826312990444412,1.0689675863162251,0.9942188764002928,-0.09103382007806904,False
GTSE1,NEUTRAL,-0.0019274215838253244,0.13750352374993502,-0.002780681560687147,0.13472284218924788,0.05444862826568547,0.05444862826568578,False
SNORA2A,DIG,-1.4366770740001242,0.4195388915137848,-2.0726868900188458,-1.653147998505061,-1.7282745299808484,-2.0154575801924617,True
XRN2,DSG,0.01019579481001205,1.20945336562895,0.014709422610325816,1.2241627882392756,1.1437353346131782,0.07193873243670008,False
ACACA,DIG,0.9555242132333779,0.4195388915137848,1.3785300438811228,1.7980689353949075,1.7125235656181876,1.435759353707496,True
ODC1-DT,DIG,1.3311256595175558,0.4724877714627438,1.9204083877860285,2.3928961592487723,2.328722016575892,1.9776376976124004,True
LINC00513,DIG,0.5630565399453661,0.4724877714627438,0.8123188779192781,1.284806649382022,1.197771210628373,0.8695481877456512,True
SNHG31,NEUTRAL,-0.021364133433983332,0.13750352374993502,-0.030821929358097855,0.10668159439183716,0.02640738046827582,0.02640738046827582,False
KLHL14,NEUTRAL,0.015101753495365527,0.13750352374993502,0.021787224876491415,0.15929074862642645,0.07901653470286474,0.07901653470286474,False
PALB2,DCG,-1.0150350709031983,1.3923174227787602,-1.4643860631204215,-0.07206864034166127,-0.15207894740791908,-1.4071567532940497,True
PML,NEUTRAL,0.060976209604477555,0.13750352374993502,0.08797007520858575,0.22547359895852076,0.14519938503496008,0.1451993850349598,False
ACTA1,DCG,-0.8291329543901256,1.0268000593437154,-1.1961860015362493,-0.1693859421925339,-0.2506391879396382,-1.1389566917098763,True
PLSCR1,DSG,-0.0076038490185461076,-3.321928094887362,-0.010970035270724881,-3.332898130158087,-3.413172344081648,0.04625927455564955,False
LRRC74A,NEUTRAL,-0.013273660569528613,0.13750352374993502,-0.019149844278102304,0.11835367947183272,0.03807946554827072,0.03807946554827103,False
SLC30A5,NEUTRAL,-0.007289220487649065,0.13750352374993502,-0.010516122249477539,0.12698740150045748,0.04671318757689495,0.046713187576895576,False
PFDN5,DIG,0.7980386957801102,0.35049724708413343,1.151326468839461,1.5018237159235945,1.4191958493443906,1.208555778665835,True
FBXL2,NEUTRAL,-0.01027578460669785,0.13750352374993502,-0.014824823493326134,0.12267870025660889,0.04240448633304779,0.04240448633304748,False
MED22,NEUTRAL,-0.03251771108094492,0.13750352374993502,-0.04691314051753934,0.09059038323239568,0.010316169308833245,0.010316169308833245,False
GTPBP8,DIG,1.0907744768792091,0.523561956057013,1.5736549285218884,2.097216884578901,2.0192164515390285,1.6308842383482614,True
BCKDHB,DIG,1.1020852095194473,0.4329594072761063,1.589972866410781,2.0229322736868873,1.947596845752836,1.647202176237154,True
EFL1,NEUTRAL,0.03765845957995498,0.13750352374993502,0.054329672883518525,0.19183319663345355,0.11155898270989204,0.11155898270989204,False
SLC8A1-AS1,DIG,1.0763794997292877,0.5728896684205812,1.5528873663739868,2.125777034794568,2.059239822678317,1.6101166762003598,True
LINC02656,DCG,-0.8612626311370726,1.2555007331483865,-1.2425393268444351,0.012961406303951373,-0.06435053589727012,-1.1853100170180628,True
ZACN,DCG,0.85862997886953,-0.7369655941662062,1.2387412124736663,0.5017756183074601,0.42150140438389777,1.2959705223000395,True
SOX10,NEUTRAL,0.013546029275560235,0.13750352374993502,0.01954278925958747,0.1570463130095225,0.07677209908595954,0.07677209908596046,False
MYG1-AS1,DIG,-1.1054517600165596,0.4462562298895641,-1.594829772117867,-1.148573542228303,-1.2313700267321963,-1.5376004622914952,True
ENTPD7,NEUTRAL,0.0285220808356854,0.13750352374993502,0.04114866457747747,0.17865218832741248,0.09837797440385118,0.09837797440385058,False
RPL37A-DT,NEUTRAL,0.024062047874549186,0.13750352374993502,0.03471419714224493,0.17221772089217996,0.09194350696861876,0.09194350696861876,False
RNF152,NEUTRAL,-0.044196301157119665,0.13750352374993502,-0.0637617845050117,0.07374173924492332,-0.006532474678638237,-0.0065324746786385585,False
MIR6729,NEUTRAL,-0.030272751706592216,0.13750352374993502,-0.043674348761163495,0.09382917498877152,0.01355496106521,0.013554961065210317,False
VPS18,NEUTRAL,-0.004541808986998582,0.13750352374993502,-0.006552445302207781,0.13095107844772724,0.05067686452416651,0.050676864524166816,False
ENGASE,DCG,-1.0449269545020297,1.446256229889564,-1.5075109353512859,-0.06125470546172185,-0.13287505416768863,-1.4502816255249125,True
ATP10A,NEUTRAL,-0.043735429888618116,0.13750352374993502,-0.06309688781145631,0.07440663593847871,-0.0058675779850840505,-0.005867577985083729,False
MIR3606,DIG,-0.6293187059404823,0.3645724322958561,-0.9079149761989938,-0.5433425439031376,-0.6160192649204077,-0.8506856663726202,True
RETSAT,DIG,1.7165301605723762,0.4329594072761063,2.476429550194103,2.9093889574702096,2.840470747886448,2.533658860020475,True
COL11A1,NEUTRAL,-0.06107545764308645,0.13750352374993502,-0.08811325986170476,0.04939026388823026,-0.030883950035331516,-0.03088395003533168,False
CRYGS,DSG,-0.012759943826406273,1.3146965256562866,-0.018408707680378073,1.2962878179759085,1.2193934615440702,0.038820602145994774,False
EEF1E1-BLOC1S5,DSG,0.15113795670928531,-0.7369655941662062,0.21804598063457675,-0.5189196135316294,-0.5991938274551929,0.27527529046094845,False
ACIN1,DIG,0.8875415694836621,0.4329594072761063,1.2804518208768867,1.713411228152993,1.6431752888243472,1.3376811307032601,True
MSLN,DCG,-0.824057871401287,1.0789513413948222,-1.188864204476152,-0.10991286308132975,-0.18657771109636814,-1.131634894649779,True
F10,DIG,-1.7224460862961837,0.405992359675837,-2.4849644268981077,-2.0789720672222707,-2.1474572911271084,-2.427735117071735,True
TPR,DCG,-1.105144094245315,1.4262647547020981,-1.5943859042354411,-0.168121149533343,-0.24574054614099836,-1.537156594409068,True
SLC8A1,DIG,0.8583245232459854,0.53605290024021,1.238300533160367,1.7743534334005768,1.6977581593901412,1.2955298429867386,True
DSN1,DCG,-0.726425947807081,1.0789513413948222,-1.0480111124743408,0.030940228920481427,-0.04307113918745951,-0.9907818026479688,True
PRORSD1P,DIG,-1.2641686301909054,0.5484366246960424,-1.8238098136238132,-1.2753731889277709,-1.3422066986593788,-1.7665805037974407,True
SCAMP2,NEUTRAL,0.03439919443665382,0.13750352374993502,0.04962754722433568,0.1871310709742707,0.10685685705070957,0.10685685705070988,False
ATP6V1C1,DCG,-1.0260818770925473,1.439623137557117,-1.4803232356274567,-0.04070009807033981,-0.11593088894628278,-1.4230939258010846,True
SMIM23,DIG,1.2149010488588377,0.523561956057013,1.7527317183594453,2.276293674416458,2.1827186905223237,1.8099610281858152,True
MGST2,NEUTRAL,-0.0256744621362049,0.13750352374993502,-0.037040419201394274,0.10046310454854074,0.020188890624978917,0.020188890624978917,False
RIT1,DCG,-0.8845096415188867,1.4262647547020981,-1.2760776734377726,0.15018708126432556,0.06758199689631719,-1.2188483636114011,True
NEIL2,NEUTRAL,0.031601323427526355,0.13750352374993502,0.045591072594420495,0.18309459634435551,0.10282038242079475,0.10282038242079475,False
PAPOLG,DIG,-1.6254804694947556,0.560714954474479,-2.345072612401948,-1.784357657927469,-1.8509107400469618,-2.2878433025755758,True
RN7SL614P,NEUTRAL,0.07250659041790132,0.13750352374993502,0.10460489842767347,0.24210842217760847,0.1618342082540457,0.16183420825404599,False
TRIM63,NEUTRAL,-0.024003313962624503,0.13750352374993502,-0.034629462018779186,0.10287406173115583,0.022599847807593425,0.022599847807593425,False
CDK18,DCG,-0.7817409953429171,1.1043366598147357,-1.1278138572408287,-0.023477197426093,-0.10441885380304806,-1.0705845474144553,True
AQP6,DIG,0.6582392704655026,0.4462562298895641,0.9496385312189497,1.3958947611085137,1.3139782391110897,1.0068678410453218,True
LUC7L3,DSG,0.02670255687371225,1.185866545311334,0.03852364638076017,1.224390191692094,1.1453497172082772,0.09575295620713253,False
TMEM154,NEUTRAL,-0.018684826528189563,0.13750352374993502,-0.02695650657208963,0.11054701717784539,0.030272803254283092,0.03027280325428278,False
UROS,NEUTRAL,-0.0681571845743406,0.13750352374993502,-0.09833003218635494,0.039173491563580076,-0.04110072235998185,-0.041100722359982016,False
C11orf71,NEUTRAL,-0.02936293110724937,0.13750352374993502,-0.042361755094392946,0.09514176865554208,0.014867554731980842,0.01486755473198116,False
MAP4K2,DIG,1.617796486406654,0.523561956057013,2.333986968106469,2.857548924163482,2.7793238191103526,2.391216277932841,True
GFRA3,NEUTRAL,-0.023615155230201638,0.13750352374993502,-0.03406946734043497,0.10343405640950004,0.02315984248593895,0.02315984248593895,False
KPNA2P1,NEUTRAL,-0.05822744963930388,0.13750352374993502,-0.08400445283823557,0.05349907091169945,-0.026775143011862058,-0.026775143011862384,False
RPS9,DSG,-0.09797737504584778,1.1292830169449666,-0.14135147309796267,0.9879315438470039,0.9054614818181868,-0.08412216327158921,False
SLC41A3,DIG,1.0156106994549778,0.53605290024021,1.465216519577468,2.001269419817678,1.924845834351159,1.5224458294038408,True
WDR7-OT1,NEUTRAL,0.00439572287666182,0.13750352374993502,0.006341687595282176,0.1438452113452172,0.06357099742165656,0.06357099742165656,False
TREML3P,DSG,-0.009470946203237478,1.2479275134435854,-0.013663687119936867,1.2342638263236485,1.1558006074129672,0.04356562270643642,False
RPL21P16,NEUTRAL,0.011408331385712246,0.13750352374993502,0.016458743114984974,0.15396226686491998,0.07368805294135952,0.07368805294135952,False
STAP1,NEUTRAL,0.03113382421438817,0.13750352374993502,0.044916613798006544,0.18242013754794156,0.10214592362438034,0.10214592362438003,False
IFI44,NEUTRAL,0.001708525886470512,0.13750352374993502,0.002464881823641428,0.13996840557357645,0.059694191650015896,0.0596941916500162,False
CCDC42,NEUTRAL,-0.018288863063744054,0.13750352374993502,-0.026385252045560883,0.11111827170437413,0.030844057780812704,0.030844057780812704,False
FSCN2,DCG,-0.7141009522006698,1.1699250014423124,-1.0302299024339931,0.13969509900831922,0.0602661436604431,-0.9730005926076203,True
NCS1,NEUTRAL,-0.004640934659553959,0.13750352374993502,-0.0066954534184282075,0.13080807033150682,0.05053385640794593,0.050533856407946234,False
ST6GAL2,NEUTRAL,-0.03149786702712254,0.13750352374993502,-0.04544181655860969,0.09206170719132534,0.011787493267764574,0.011787493267764891,False
UVSSA,NEUTRAL,-0.04744511247916226,0.13750352374993502,-0.06844882848810648,0.06905469526182854,-0.01121951866173183,-0.01121951866173183,False
B3GNT3,DIG,1.203810817076102,0.3923174227787603,1.7367318959641833,2.129049318742944,2.047412039490995,1.7939612057905558,True
SMYD4,NEUTRAL,-0.05377015855070697,0.13750352374993502,-0.07757394108891824,0.05992958266101678,-0.020344631262544162,-0.020344631262544648,False
ETFDH,NEUTRAL,-0.011914645167646542,0.13750352374993502,-0.01718919949731532,0.1203143242526197,0.040040110329059006,0.040040110329058694,False
OLFML2B,DCG,-1.0903429553052826,1.446256229889564,-1.573032374487148,-0.1267761445975839,-0.20674469168847584,-1.515803064660774,True
RAP2B,DSG,0.03279752705432903,1.4594316186372973,0.0473168296347021,1.5067484482719995,1.4205991434980145,0.10454613946107555,False
TLE1,NEUTRAL,0.008645064098506513,0.13750352374993502,0.012472191103082564,0.14997571485301758,0.06970150092945533,0.06970150092945503,False
CLEC11A,DIG,-1.7170445845770792,0.560714954474479,-2.4771717071546027,-1.9164567526801237,-2.002299889918844,-2.4199423973282306,True
KRT18P63,NEUTRAL,-0.027109286045095195,0.13750352374993502,-0.03911043253929922,0.0983930912106358,0.018118877287073766,0.018118877287073766,False
TNNI3K,NEUTRAL,-0.025573711778852457,0.13750352374993502,-0.03689506716047411,0.10060845658946091,0.020334242665899484,0.020334242665899168,False
NARF-IT1,DCG,-0.8168811494983413,1.2479275134435854,-1.178510383376933,0.0694171300666524,-0.010198479338502228,-1.1212810735505596,True
SLC2A12,DIG,1.6142020806514152,0.4329594072761063,2.3288013367484433,2.7617607440245497,2.6812706823391887,2.386030646574816,True
URB2,DCG,-0.9650280534910658,1.3434078222978139,-1.39224118709029,-0.04883336479247613,-0.1276213129216997,-1.3350118772639175,True
SPATC1L,DSG,0.0655701678294571,-0.7369655941662062,0.0945977559578148,-0.6423678382083914,-0.7226420521319551,0.15182706578418673,False
BACH2,DIG,-0.8672641367108599,0.4329594072761063,-1.2511976691736055,-0.8182382618974993,-0.9009807313795735,-1.1939683593472332,True
SLC2A13,DIG,1.0004856050340873,0.523561956057013,1.443395620863472,1.966957576920485,1.8843529746224223,1.5006249306898451,True
HLCS-IT1,DIG,0.869057060960101,0.5728896684205812,1.2537843120966754,1.8266739805172567,1.746797476535232,1.3110136219230442,True
LAMA1,NEUTRAL,0.033207131592514025,0.13750352374993502,0.047907764070667214,0.18541128782060223,0.10513707389704041,0.1051370738970407,False
KIAA1614-AS1,DCG,-0.9649411106157497,1.3854310371935206,-1.3921157550352308,-0.006684717841710208,-0.0864226800818925,-1.334886445208857,True
ITGB3,DIG,1.4755489030779323,0.33628338786443257,2.1287670850596827,2.465050472924115,2.3874770657054922,2.1859963948860557,True
CCNB2P1,DSG,-0.15178816713240456,1.1699250014423124,-0.21898403598754523,0.9509409654547671,0.8721060662723474,-0.1617547261611708,False
HYAL2,NEUTRAL,-0.011488527107181384,0.13750352374993502,-0.016574441084649012,0.12092908266528601,0.04065486874172504,0.04065486874172473,False
HNRNPCP8,DIG,1.013564905863504,0.405992359675837,1.4622650633083663,1.8682574229842033,1.794797366721445,1.5194943731347357,True
IRX6,NEUTRAL,-0.007027971101315099,0.13750352374993502,-0.01013921905537824,0.12736430469455678,0.04709009077099479,0.04709009077099479,False
RPL7AP31,DIG,-1.365706419946091,0.37851162325372983,-1.9702978793664458,-1.591786256112716,-1.6742621787091099,-1.9130685695400738,True
GBP6,NEUTRAL,-0.0007097347691683121,0.13750352374993502,-0.001023930831825597,0.13647959291810943,0.05620537899454749,0.05620537899454749,False
LRRC8C-DT,NEUTRAL,0.004790065556617693,0.13750352374993502,0.006910603824065379,0.1444141275740004,0.06413991365043867,0.06413991365043928,False
PRSS54,NEUTRAL,0.00427342891458117,0.13750352374993502,0.0061652547026577595,0.14366877845259277,0.06339456452903197,0.06339456452903228,False
HINFP,NEUTRAL,-0.011285245085324254,0.13750352374993502,-0.01628116711981385,0.12122235663012117,0.04094814270656068,0.04094814270656068,False
WIPF1,NEUTRAL,-0.055068571981417395,0.13750352374993502,-0.0794471557064278,0.05805636804350722,-0.02221784588005405,-0.022217845880054213,False
ITCH,DCG,-0.792291787182278,1.2630344058337937,-1.1430354323049265,0.11999897352886713,0.037368462697545846,-1.0858061224785525,True
CCSER2,NEUTRAL,-0.019489684801618737,0.13750352374993502,-0.028117671611784353,0.10938585213815066,0.029111638214589987,0.029111638214589987,False
PSMA2P1,DIG,-0.863923565876679,0.37851162325372983,-1.2463782441973945,-0.8678666209436647,-0.943090798400728,-1.1891489343710062,True
NXNL2,NEUTRAL,0.004100522904234707,0.13750352374993502,0.0059158040589910215,0.14341932780892605,0.06314511388536478,0.06314511388536478,False
CD81-AS1,NEUTRAL,-0.00017702451387583586,0.13750352374993502,-0.0002553923882844479,0.13724813136165057,0.056973917438088724,0.056973917438088724,False
ADCK2,DSG,0.037516772947839984,1.3074285251922473,0.05412526228200596,1.3615537874742532,1.279119268294498,0.111354572108378,False
SUCLG1,DIG,-1.6216064777395744,0.4195388915137848,-2.339483623708303,-1.9199447321945184,-1.9844253957351594,-2.2822543138819302,True
TCF7L1,DIG,1.6782533310264365,0.5109619192773794,2.421207758027224,2.9321696773046035,2.856790086912566,2.478437067853596,True
KDM6B,NEUTRAL,-0.029634661201988814,0.13750352374993502,-0.04275377875453383,0.09474974499540119,0.014475531071839885,0.014475531071839569,False
CFL1P6,NEUTRAL,0.00940796648292288,0.13750352374993502,0.013572826589762423,0.15107635033969743,0.0708021364161352,0.07080213641613459,False
MRPS35,DSG,0.04687425916300333,1.412781525338476,0.06762526123980896,1.4804067865782848,1.3976174457056088,0.1248545710661812,False
CSTF1,DCG,-1.005653630171606,1.2555007331483865,-1.4508515051005595,-0.19535077195217299,-0.2764813686910189,-1.393622195274187,True
HOPX,NEUTRAL,-0.024396202314954048,0.13750352374993502,-0.035196280096308055,0.10230724365362696,0.022033029730066704,0.022033029730066392,False
LINC02427,NEUTRAL,-0.017595356638724573,0.13750352374993502,-0.025384733765360643,0.11211878998457438,0.03184457606101288,0.03184457606101256,False
RALB,NEUTRAL,-0.039136987239521664,0.13750352374993502,-0.056462737405792544,0.08104078634414247,0.0007665724205817164,0.0007665724205817164,False
NLRP14,NEUTRAL,-0.007358137916893939,0.13750352374993502,-0.010615549082879934,0.1268879746670551,0.04661376074349346,0.046613760743493764,False
PHYH,DCG,-1.0273423325375173,1.446256229889564,-1.4821416884471765,-0.03588545855761249,-0.11432659394035455,-1.4249123786208027,True
KIAA1614,DCG,0.8263090130194644,-0.7369655941662062,1.1921119153250352,0.455146321158829,0.3748721072352676,1.2493412251514087,True
CTSC,NEUTRAL,0.052735082483993244,0.13750352374993502,0.0760806419805275,0.21358416573046252,0.133309951806901,0.133309951806901,False
CLU,NEUTRAL,-0.028695073562614023,0.13750352374993502,-0.04139824032672725,0.09610528342320776,0.015831069499646043,0.015831069499645727,False
GRP,NEUTRAL,0.016830061649807576,0.13750352374993502,0.024280646480032916,0.16178417022996794,0.08150995630640687,0.08150995630640687,False
ARL8B,DIG,0.885842742614752,0.405992359675837,1.2780009317777812,1.6839932914536182,1.6146038734599082,1.3352302416041537,True
UBE4B,NEUTRAL,-0.007112296730038795,0.13750352374993502,-0.01026087522175776,0.12724264852817727,0.04696843460461524,0.046968434604615555,False
OSR2,DCG,-1.0172216432015657,1.3575520046180838,-1.4675406201318213,-0.10998861551373751,-0.1907314568682747,-1.4103113103054483,True
TMPRSS2,DIG,-1.6826350625862332,0.49825086752782544,-2.4275292604190493,-1.9292783928912238,-2.02174099251453,-2.370299950592676,True
ADAP2,DIG,0.7546711027694389,0.4854268271702419,1.088760257467675,1.574187084637917,1.4997377989475391,1.1459895672940479,True
VWCE,DIG,1.520300258368749,0.5484366246960424,2.193329643410804,2.741766268106846,2.655802988411934,2.2505589532371766,True
CTDSP2,DIG,-1.0229322543945425,0.405992359675837,-1.4757792905803742,-1.0697869309045371,-1.1467307019158492,-1.4185499807540005,True
SYNC,NEUTRAL,-0.03893880466767632,0.13750352374993502,-0.05617682039220065,0.08132670335773437,0.0010524894341731408,0.0010524894341728207,False
ZNF354B,DIG,1.3707717970649103,0.560714954474479,1.9776056738159986,2.5383206282904776,2.4470511461702524,2.03483498364237,True
LINC02065,NEUTRAL,0.002067009331428793,0.13750352374993502,0.0029820641119235316,0.14048558786185855,0.06021137393829757,0.060211373938297265,False
ATP5MFP2,DIG,-1.4661259482179356,0.4329594072761063,-2.115172634812645,-1.6822132275365387,-1.7619777463782544,-2.0579433249862724,True
PCSK6,DIG,-0.9038869581926017,0.45943161863729726,-1.3040332321086763,-0.844601613471379,-0.922693561686362,-1.2468039222823022,True
OAZ3,DCG,-1.170803036911132,1.4329594072761063,-1.6891117352094283,-0.256152327933322,-0.33451558273180476,-1.6318824253830544,True
ANK3-DT,DIG,0.8324855825775639,0.523561956057013,1.201022821596211,1.7245847776532242,1.6412184560495375,1.2582521314225823,True
SH2D3A,NEUTRAL,-0.005067566200667142,0.13750352374993502,-0.007310952627079011,0.130192571122856,0.04991835719929452,0.04991835719929452,False
ARHGEF2,DCG,-0.7985758156388078,1.1699250014423124,-1.1521013689959672,0.017823632446345217,-0.06230493924088575,-1.0948720591695942,True
CCDC30,DIG,-1.395387370662802,0.5484366246960424,-2.0131184397743143,-1.4646818150782719,-1.5551737174260678,-1.955889129947941,True
CERS3-AS1,DIG,1.682844472306384,0.4724877714627438,2.4278313747838247,2.9003191462465683,2.8218084001350676,2.485060684610197,True
PPFIBP2,NEUTRAL,0.03461228914427209,0.13750352374993502,0.049934977902256254,0.18743850165219128,0.10716428772862982,0.10716428772863011,False
APOA1,NEUTRAL,-0.032076657603557074,0.13750352374993502,-0.04627683485294506,0.09122668889698995,0.010952474973428241,0.010952474973428241,False
TAF8,DSG,-0.02289162530169566,1.4724877714627438,-0.03302563430064465,1.439462137162099,1.3590981113623466,0.024203675525727424,False
CUL3,NEUTRAL,-0.0065835027380489915,0.13750352374993502,-0.009497986751862192,0.12800553699807282,0.04773132307451105,0.047731323074511355,False
USP36,DCG,-0.9224157650861384,1.2249663650002742,-1.330764649927571,-0.1057982849272967,-0.18895947559699935,-1.273535340101199,True
GALNTL6,NEUTRAL,0.005424171747802449,0.13750352374993502,0.007825425681484614,0.14532894943141964,0.06505473550785826,0.06505473550785826,False
NAXE,DCG,2.0794415416798357,-3.321928094887362,3.0,-0.3219280948873622,-0.40220230881092356,3.057229309826374,True
LDLRAD1,DIG,0.5976620474735823,0.560714954474479,0.8622440720176815,1.4229590264921606,1.348457669900956,0.9194733818440529,True
WNT5A-AS1,NEUTRAL,-0.005957730532834828,0.13750352374993502,-0.008595188294673569,0.12890833545526145,0.04863412153170056,0.04863412153170056,False
TNFSF11,NEUTRAL,-0.017861399441795107,0.13750352374993502,-0.0257685523980147,0.11173497135192031,0.03146075742835897,0.031460757428359284,False
PPP4R4,NEUTRAL,0.0023730544042729618,0.13750352374993502,0.0034235938208043155,0.14092711757073934,0.06065290364717815,0.06065290364717877,False
COPA,DCG,-0.9769153321719882,1.4262647547020981,-1.4093909050929219,0.01687384960917626,-0.0628114546851796,-1.3521615952665484,True
SAP30BP,DCG,-0.9867733922197709,1.3923174227787602,-1.4236130794366435,-0.03129565665788325,-0.11409629690294519,-1.3663837696102703,True
NUP58,NEUTRAL,0.019312207809784467,0.13750352374993502,0.02786162643579316,0.16536515018572817,0.08509093626216724,0.08509093626216693,False
NDUFV2,NEUTRAL,-0.004515237420984544,0.13750352374993502,-0.006514110635690675,0.13098941311424434,0.05071519919068417,0.05071519919068386,False
ABCB1,DSG,-0.051660672029566666,1.3291235962915664,-0.07453059534604702,1.2545930009455193,1.1808299134718536,-0.017301285519673866,False
CENPUP2,DSG,-0.0861393131057434,1.3504972470841334,-0.1242727598432377,1.2262244872408958,1.147581144526668,-0.0670434500168633,False
CEP128,NEUTRAL,0.021586391303125625,0.13750352374993502,0.03114257968370799,0.168646103433643,0.08837188951008246,0.08837188951008246,False
HMBS,NEUTRAL,0.002008325411113835,0.13750352374993502,0.0028974011111052183,0.14040092486104025,0.060126710937477956,0.060126710937477956,False
PODN,NEUTRAL,-0.023699672138546766,0.13750352374993502,-0.03419139946497576,0.10331212428495926,0.023037910361398795,0.023037910361398795,False
FAM187B2P,DSG,-0.09162414846968601,-3.321928094887362,-0.13218570462289012,-3.454113799510252,-3.534388013433798,-0.07495639479651607,False
SIAH3,NEUTRAL,0.012078460664418787,0.13750352374993502,0.017425535302129397,0.15492905905206442,0.07465484512850255,0.07465484512850225,False
PGLS,DIG,1.544481377887658,0.5728896684205812,2.2282156246238776,2.8011052930444587,2.7214143151354717,2.28544493445025,True
ZNF616,DSG,-0.0439981539275885,1.0789513413948222,-0.0634759184796012,1.015475422915221,0.9389873389902299,-0.006246608653229518,False
GALNT1,NEUTRAL,-0.10118174972400878,0.13750352374993502,-0.14597440855529573,-0.008470884805360707,-0.08874509872892325,-0.08874509872892308,False
EIF3LP3,DSG,0.03322635786974911,1.3785116232537298,0.04793550172548903,1.4264471249792188,1.349579466954944,0.10516481155186144,False
SIGLEC10,DIG,-1.6935888314216856,0.632268215499513,-2.4433322083970004,-1.8110639928974874,-1.890480450142876,-2.3861028985706274,True
GUCY2D,NEUTRAL,0.05033536460346194,0.13750352374993502,0.07261858089475241,0.21012210464468745,0.12984789072112626,0.12984789072112685,False
LCNL1,NEUTRAL,-0.002722002369383395,0.13750352374993502,-0.003927019319597432,0.13357650443033758,0.05330229050677636,0.05330229050677667,False
TLR2,NEUTRAL,0.05499081003807689,0.13750352374993502,0.07933496893640056,0.2168384926863356,0.13656427876277527,0.13656427876277527,False
CILP,NEUTRAL,0.06767931834503166,0.13750352374993502,0.09764061694712263,0.23514414069705764,0.15486992677349704,0.15486992677349704,False
RPA2P3,NEUTRAL,0.0038965522569894,0.13750352374993502,0.0056215366177233056,0.14312506036765832,0.06285084644409698,0.06285084644409729,False
LINC02749,NEUTRAL,0.027276730878790845,0.13750352374993502,0.03935200437049441,0.17685552812042943,0.09658131419686763,0.09658131419686763,False
FERMT3,DIG,1.1289660034777542,0.4462562298895641,1.6287536545495884,2.0750098844391527,1.9944882750749384,1.6859829643759596,True
FREM1,DIG,1.2671441866329944,0.405992359675837,1.8281026341467002,2.234094993822537,2.158426745880854,1.8853319439730745,True
TOMM40P4,NEUTRAL,-0.053593948477573,0.13750352374993502,-0.07731972369025318,0.06018380005968184,-0.020090413863879893,-0.020090413863879893,False
CAP1P1,NEUTRAL,0.07372894627937383,0.13750352374993502,0.10636838516722141,0.24387190891715643,0.16359769499359547,0.16359769499359547,False
OLFM4,NEUTRAL,0.014785925131678848,0.13750352374993502,0.02133158086242857,0.15883510461236358,0.07856089068880322,0.07856089068880322,False
SREK1IP1P1,DIG,0.866967354587553,0.4854268271702419,1.2507695030760864,1.7361963302463281,1.6483789934697755,1.3079988129024578,True
CLASP2,NEUTRAL,-0.006324381745639037,0.13750352374993502,-0.009124154181122125,0.1283793695688129,0.04810515564525155,0.04810515564525155,False
STXBP6,DIG,1.2811499054388062,0.4329594072761063,1.8483086152119301,2.2812680224880366,2.2058526876965736,1.905537925038302,True
NHLRC1,DSG,0.004977180580968423,1.0959244199985356,0.007180553741771994,1.1031049737403076,1.020891797638423,0.064409863568146,False
CFAP43,NEUTRAL,0.0008800179437603317,0.13750352374993502,0.0012695975233563332,0.13877312127329136,0.05849890734973067,0.05849890734973006,False
UMOD,DCG,-0.967028406629898,1.3219280948873624,-1.3951270866437098,-0.07319899175634736,-0.15781697841324457,-1.3378977768173335,True
POU3F3,NEUTRAL,-0.01228549421133053,0.13750352374993502,-0.017724221573556624,0.11977930217637839,0.03950508825281781,0.03950508825281812,False
COL22A1,DCG,0.7110190094712152,-0.7369655941662062,1.025783598941905,0.28881800477569886,0.20854379085213667,1.083012908768278,True
QARS1,NEUTRAL,0.012390929401941203,0.13750352374993502,0.017876332400185824,0.15537985615012084,0.07510564222656002,0.07510564222656033,False
TSPAN11,DSG,-0.07609347270925747,1.2016338611696507,-0.10977967572166543,1.0918541854479853,1.0076969483566736,-0.05255036589529146,False
MTA3,DIG,0.6314894946427215,0.45943161863729726,0.911046762294532,1.3704783809318293,1.30178377810178,0.9682760721209045,True
MINDY2,NEUTRAL,-0.04767118107103333,0.13750352374993502,-0.06877497652449961,0.06872854722543541,-0.011545666698125347,-0.01154566669812567,False
HECW2-AS1,DIG,1.2871609948923233,0.4854268271702419,1.856980784156859,2.342407611327101,2.2694586905013883,1.9142100939832316,True
HJURP,NEUTRAL,0.0462186266771375,0.13750352374993502,0.06667938350380462,0.20418290725373964,0.12390869333017888,0.12390869333017888,False
BTBD6P1,NEUTRAL,-0.08289549211697343,0.13750352374993502,-0.11959291538920774,0.017910608360727276,-0.06236360556283401,-0.06236360556283418,False
TMTC1,DSG,0.03926036717322707,-0.7369655941662062,0.05664073702429454,-0.6803248571419117,-0.7605990710654734,0.11387004685066787,False
CLDN8,DIG,-0.6028583723312195,0.4195388915137848,-0.8697407841206427,-0.4502018926068579,-0.5374836203072221,-0.8125114742942704,True
SLC4A10,NEUTRAL,-0.008842014413551634,0.13750352374993502,-0.012756330345899678,0.12474719340403534,0.044472979480475155,0.04447297948047546,False
HSF4,NEUTRAL,0.043127835039968324,0.13750352374993502,0.062220313736439575,0.1997238374863746,0.11944962356281232,0.11944962356281232,False
ZNF565,DSG,-0.03439159342132703,1.2854022188622483,-0.049616581277218005,1.2357856375850302,1.153501610616958,0.007612728549154353,False
ADGRF1,DSG,0.04316709852526964,1.2555007331483865,0.0622769589719718,1.3177776921203583,1.232549176343424,0.1195062687983456,False
SNORD116-20,NEUTRAL,-0.04875768190589793,0.13750352374993502,-0.07034246589088049,0.06716105785905453,-0.013113156064507143,-0.013113156064507143,False
SLC6A1,DIG,0.6664843097444242,0.4462562298895641,0.9615336084985846,1.4077898383881486,1.3219570836453918,1.0187629183249576,True
VCPIP1,DCG,-0.9955997716654151,1.2927817492278462,-1.4363468532918788,-0.14356510406403267,-0.2218303585015231,-1.3791175434655052,True
ARPC3P3,NEUTRAL,-0.05531148763725704,0.13750352374993502,-0.07979760891846194,0.05770591483147308,-0.022568299092087404,-0.022568299092087404,False
NDUFA8,NEUTRAL,0.015889294781003732,0.13750352374993502,0.02292340678377697,0.160426930533712,0.08015271661015165,0.08015271661015196,False
TGIF2P1,DCG,-0.8171475985848023,1.3074285251922473,-1.1788947881526197,0.12853373703962756,0.04592974210552617,-1.1216654783262332,True
SAFB2,NEUTRAL,-0.009821418674684423,0.13750352374993502,-0.014169312016461473,0.12333421173347354,0.04305999780991181,0.0430599978099115,False
CLCA4,NEUTRAL,-0.05796102518936917,0.13750352374993502,-0.0836200836055432,0.05388344014439182,-0.026390773779169797,-0.026390773779169634,False
KIF23,NEUTRAL,0.022905891986411447,0.13750352374993502,0.03304621677593404,0.17054974052586908,0.09027552660230828,0.09027552660230768,False
LINC02073,DSG,-0.07996414676204797,1.20945336562895,-0.11536387798252386,1.094089487646426,1.0158031860426393,-0.05813456815614954,False
SELENON,NEUTRAL,-0.06856848393228408,0.13750352374993502,-0.09892341173038083,0.03858011201955419,-0.04169410190400653,-0.0416941019040062,False
SLC25A34,NEUTRAL,-0.0023053766577546776,0.13750352374993502,-0.0033259554715238462,0.13417756827841118,0.0539033543548486,0.0539033543548486,False
EIF5A2,DCG,-1.0158498455447447,1.4059923596758368,-1.4655615344552226,-0.059569174779385836,-0.1397005203636869,-1.4083322246288494,True
ZNF263,DCG,-1.0430102482655546,1.4059923596758368,-1.5047457127690822,-0.0987533530932454,-0.17736920374447204,-1.4475164029427097,True
ARMS2,NEUTRAL,-0.009122003249889156,0.13750352374993502,-0.013160268851588093,0.12434325489834692,0.044069040974786346,0.04406904097478603,False
AUH,NEUTRAL,0.04989504447579064,0.13750352374993502,0.07198333323015743,0.20948685698009245,0.12921264305653168,0.129212643056532,False
SOS1-IT1,DIG,0.7204516930657565,0.4854268271702419,1.0393920847860245,1.5248189119562663,1.4539607915965262,1.0966213946123968,True
RNF217-AS1,DIG,0.745331362635414,0.4854268271702419,1.0752858606931255,1.5607126878633673,1.4749925330471634,1.1325151705194971,True
TK2,NEUTRAL,0.013538527763793828,0.13750352374993502,0.019531966865762904,0.15703549061569794,0.07676127669213666,0.07676127669213666,False
NAMA,NEUTRAL,-0.023213016176002785,0.13750352374993502,-0.03348930332119451,0.1040142204287405,0.023740006505178865,0.023740006505178865,False
LLCFC1,DSG,0.08177964943301853,1.4329594072761063,0.11798309468265376,1.55094250195876,1.4710345546534356,0.17521240450902778,False
ELMO3,NEUTRAL,-0.033193124838410346,0.13750352374993502,-0.047887556595982886,0.08961596715395213,0.009341753230390338,0.009341753230390338,False
GMFBP1,DIG,-1.235192324941735,0.5849625007211562,-1.7820058417375502,-1.197043341016394,-1.2693656993428517,-1.7247765319111736,True
C1QA,NEUTRAL,-0.00703092250979246,0.13750352374993502,-0.010143477037752167,0.12736004671218285,0.047085832788620115,0.04708583278862042,False
RNGTTP1,DIG,-0.8359932052302992,0.4462562298895641,-1.206083251402622,-0.759827021513058,-0.8507266332008392,-1.1488539415762404,True
PPIC,NEUTRAL,0.047552378405817136,0.13750352374993502,0.06860358050854781,0.20610710425848283,0.1258328903349205,0.1258328903349205,False
MYADM-AS1,DSG,-0.012969093825495243,-0.7369655941662062,-0.018710447346865663,-0.7556760415130719,-0.8359502554366303,0.038518862479509156,False
NAAA,DIG,-0.7326320131900123,0.5109619192773794,-1.0569645722257284,-0.5460026529483489,-0.6452639188688093,-0.9997352623993542,True
C16orf74,NEUTRAL,0.03091929418900521,0.13750352374993502,0.044607112394264764,0.18211063614419978,0.10183642222063774,0.10183642222063714,False
CTSG,DIG,-1.0393416935770463,0.405992359675837,-1.4994531071127413,-1.0934607474369042,-1.1696873610318295,-1.4422237972863687,True
SNX3,DIG,-1.716045812856414,0.49825086752782544,-2.4757307841462186,-1.9774799166183932,-2.0636937031529956,-2.418501474319847,True
BDH2,NEUTRAL,0.009037419904349857,0.13750352374993502,0.01303824087843675,0.15054176462837177,0.07026755070481171,0.0702675507048114,False
SYT4,NEUTRAL,0.05425680876786731,0.13750352374993502,0.078276028943863,0.215779552693798,0.13550533877023652,0.1355053387702371,False
EEF1A2,DCG,-0.908877125665297,1.1375035237499351,-1.3112325219747392,-0.17372899822480403,-0.25393402462453224,-1.2540032121483666,True
NBL1,NEUTRAL,-0.005394316696359555,0.13750352374993502,-0.0077823539468224665,0.12972116980311255,0.04944695587955229,0.049446955879552605,False
MAGI1-IT1,NEUTRAL,-0.0005853356339673775,0.13750352374993502,-0.000844460816380333,0.13665906293355468,0.056384849009992515,0.0563848490099922,False
BLOC1S5-TXNDC5,DSG,0.007187896649965523,1.3575520046180838,0.010369942851327654,1.3679219474694115,1.292972765688094,0.06759925267769973,False
CAMK2B,DSG,-0.024999093797099782,1.2705289423807182,-0.0360660686477939,1.2344628737329244,1.156279550176366,0.021163241178579713,False
DYNC2H1,NEUTRAL,0.014976155636338362,0.13750352374993502,0.021606025468126653,0.15910954921806167,0.0788353352945004,0.0788353352945001,False
ZNF425,DIG,-0.855892277142845,0.4462562298895641,-1.2347915437691448,-0.7885353138795808,-0.8606994211394308,-1.1775622339427714,True
RNU4-46P,DCG,-1.104072110625416,1.4195388915137848,-1.592839358783099,-0.17330046726931414,-0.2507020915278042,-1.535610048956726,True
PTPRT,DCG,-0.8226570328726824,1.1699250014423124,-1.186843221677848,-0.016918220235535575,-0.1032644746023002,-1.1296139118514739,True
CCDC154,DCG,-0.9467715487392462,1.3434078222978139,-1.365902618220874,-0.02249479592306014,-0.10175633521031574,-1.3086733083945008,True
RPL7P23,NEUTRAL,0.058512658617523944,0.13750352374993502,0.08441592241673067,0.2219194461666657,0.14164523224310438,0.1416452322431035,False
AIFM2,DIG,1.440621790953298,0.4329594072761063,2.0783779136049,2.5113373208810064,2.4347194485175265,2.1356072234312724,True
VASP,DIG,-0.900559616834775,0.560714954474479,-1.299232893232395,-0.738517938757916,-0.8189341916946254,-1.2420035834060221,True
ING1,DIG,-0.5583561465399275,0.4195388915137848,-0.8055376436630248,-0.38599875214924,-0.4619454221297904,-0.748308333836651,True
SYS1-DBNDD2,DCG,-0.8946540696877195,1.3645724322958561,-1.2907129896496021,0.07385944264625399,-0.0045885907903808545,-1.2334836798232292,True
AP4E1,NEUTRAL,0.0024412815456401147,0.13750352374993502,0.0035220247793087372,0.14102554852924376,0.06075133460568122,0.06075133460568153,False
CD207,DIG,-0.6916916227238143,0.523561956057013,-0.9979000739280869,-0.47433811787107394,-0.5486253964090299,-0.9406707641017145,True
VPS50,DSG,-0.010534461833183534,-0.7369655941662062,-0.015198015845167945,-0.7521636100113742,-0.8324378239349356,0.04203129398120551,False
RPL12P14,NEUTRAL,0.015870642728769632,0.13750352374993502,0.022896497560516434,0.16040002131045145,0.08012580738688993,0.08012580738688962,False
RPS2P45,NEUTRAL,0.017539032227121772,0.13750352374993502,0.02530347481606029,0.16280699856599531,0.08253278464243337,0.08253278464243308,False
TBC1D1,NEUTRAL,0.06867369802522846,0.13750352374993502,0.0990752035805033,0.23657872733043833,0.15630451340687776,0.15630451340687776,False
MAGOHB,DSG,-0.031739484162896923,1.4262647547020981,-0.045790396402185185,1.3804743582999128,1.3032010582368772,0.011438913424188344,False
SLC22A1,NEUTRAL,0.011094608023249622,0.13750352374993502,0.016006135975749135,0.15350965972568414,0.07323544580212274,0.07323544580212274,False
MRNIP,DIG,-1.2924930594946025,0.53605290024021,-1.864673327316267,-1.328620427076057,-1.4217045237661488,-1.8074440174898934,True
MCRS1,DIG,-1.5147882239356212,0.53605290024021,-2.1853774586689214,-1.6493245584287113,-1.731459011457687,-2.1281481488425493,True
ARPC3,DIG,-1.3341289346237029,0.4854268271702419,-1.9247411978880924,-1.4393143707178506,-1.5281012001838599,-1.8675118880617194,True
RPL7AP2,DIG,-1.3235836564266783,0.4724877714627438,-1.9095275773284504,-1.4370398058657066,-1.516183286749061,-1.8522982675020696,True
CMTM8,NEUTRAL,0.035945645675199256,0.13750352374993502,0.05185860475716178,0.1893621285070968,0.1090879145835345,0.10908791458353422,False
HSPB1,DSG,-0.0364574190013322,-0.7369655941662062,-0.05259693759683304,-0.7895625317630393,-0.8698367456866012,0.004632372229540534,False
ADCY4,NEUTRAL,-0.05410313645848066,0.13750352374993502,-0.07805432666518893,0.059449197084746094,-0.020825016838816688,-0.020825016838816365,False
LINC00996,DIG,-0.7524319058948836,0.4724877714627438,-1.0855297792411798,-0.613042007778436,-0.6903453878990095,-1.0283004694148044,True
TRAP1,DCG,-0.7243606300662903,1.1699250014423124,-1.045031488811842,0.12489351263047044,0.050100226990742236,-0.9878021789854682,True
WSCD1,NEUTRAL,-0.025868009999237204,0.13750352374993502,-0.037319649743565636,0.10018387400636938,0.019909660082806827,0.019909660082806827,False
PANX1,NEUTRAL,-0.08433227280415882,0.13750352374993502,-0.12166575176145514,0.015837771988479882,-0.06443644193508238,-0.06443644193508288,False
USP31,DCG,-0.7723782777813877,1.1375035237499351,-1.1143063110455662,0.02319721270436892,-0.05407317499607969,-1.0570770012191926,True
PRSS29P,DCG,-0.9595561822985746,1.4195388915137848,-1.3843469456564998,0.03519194585728491,-0.042506409193849626,-1.327117635830117,True
TSC22D2,DSG,0.08966672281023347,1.446256229889564,0.12936173633108913,1.575617966220653,1.4935986007548587,0.18659104615746272,False
NWD2,NEUTRAL,-0.0028799721427745072,0.13750352374993502,-0.004154921528279143,0.13334860222165587,0.05307438829809348,0.05307438829809348,False
MSTO1,DCG,-0.9080599208724812,1.3785116232537298,-1.3100535446727533,0.06845807858097652,-0.01425416102528264,-1.2528242348463814,True
CRYBG3,DIG,-1.0920457481180925,0.5484366246960424,-1.57548898523385,-1.0270523605378077,-1.1068636819089486,-1.518259675407478,True
EIF3F,NEUTRAL,-0.005720767253043964,0.13750352374993502,-0.008253322546046505,0.12925020120388853,0.04897598728032791,0.048975987280328225,False
NMT1,NEUTRAL,-0.02305501796548862,0.13750352374993502,-0.03326136008641639,0.10424216366351863,0.023967949739958385,0.02396794973995807,False
PDHB,NEUTRAL,-0.05896599327576337,0.13750352374993502,-0.08506994608003578,0.05243357766989924,-0.027840636253661285,-0.027840636253661285,False
KEL,DSG,-0.06542736318381828,1.3923174227787602,-0.09439173240373579,1.2979256903750245,1.2185303258784823,-0.0371624225773631,False
OR8G5,NEUTRAL,0.08538990103901177,0.13750352374993502,0.12319158677098163,0.26069511052091665,0.18042089659735422,0.18042089659735452,False
SYNJ1,DIG,-1.1905437186806802,0.4462562298895641,-1.7175915189021227,-1.2713352890125587,-1.3535469833514775,-1.6603622090757486,True
SLC6A6,DIG,1.4310035603469093,0.32192809488736235,2.0645017400069365,2.3864298348942987,2.31074651851115,2.1217310498333086,True
RASSF5,DCG,-1.0580973572109702,1.3645724322958561,-1.526511810025985,-0.1619393777301288,-0.24421287543680906,-1.4692825001996115,True
DCAF13,DCG,2.0794415416798357,-3.321928094887362,3.0,-0.3219280948873622,-0.40220230881092317,3.057229309826374,True
HLF,DSG,-0.025353899429657958,1.3362833878644325,-0.036577944974365055,1.2997054428900674,1.2180421654420759,0.020651364852006485,False
FTH1P3,DIG,-1.659752285897294,0.45943161863729726,-2.394516391968147,-1.9350847733308498,-2.0055843270923432,-2.337287082141775,True
USP48,NEUTRAL,-0.06447980140809768,0.13750352374993502,-0.09302468972896773,0.04447883402096729,-0.035795379902593946,-0.035795379902593946,False
MIR4263,DIG,1.5945922661062075,0.523561956057013,2.30051035455132,2.824072310608333,2.758412409551125,2.35773966437769,True
ATG12P1,DCG,-0.8401187219035218,1.232660756790275,-1.212035113848185,0.020625642942089906,-0.05230879494535294,-1.1548058040218128,True
GPX4,NEUTRAL,-0.032485339407692215,0.13750352374993502,-0.046866438065072374,0.09063708568486264,0.010362871761301155,0.010362871761301155,False
ABO,NEUTRAL,-0.024585183621415593,0.13750352374993502,-0.03546892248996084,0.10203460125997418,0.02176038733641342,0.021760387336413733,False
SLC25A51,DIG,0.9862467810270904,0.37851162325372983,1.4228533400804868,1.8013649633342166,1.70996068853432,1.4800826499068584,True
SLC18A2,NEUTRAL,-0.04046163567395839,0.13750352374993502,-0.05837380113307575,0.07912972261685927,-0.001144491306701919,-0.0011444913067020792,False
B3GALNT2,DCG,-0.8106788160009697,1.3001237245690138,-1.1695623075983355,0.13056141697067836,0.05452583233643193,-1.1123329977719616,True
IQCJ-SCHIP1-AS1,DSG,0.04183103056219707,-3.321928094887362,0.06034942034735639,-3.2615786745400057,-3.3418528884635137,0.1175787301737304,False
TRPC2,NEUTRAL,0.0007583322429472786,0.13750352374993502,0.0010940421662462435,0.13859756591618128,0.058323351992619614,0.05832335199261931,False
MIAT,NEUTRAL,0.002318760394660497,0.13750352374993502,0.003345264122386435,0.14084878787232147,0.06057457394875913,0.060574573948759744,False
LINC02288,NEUTRAL,0.026658102695712213,0.13750352374993502,0.03845951255861272,0.17596303630854773,0.09568882238498694,0.09568882238498723,False
SCAF8,DIG,1.5521795549410038,0.37851162325372983,2.2393217464826245,2.6178333697363545,2.534464020576601,2.296551056308997,True
VN1R105P,DSG,0.11123268439372164,-3.321928094887362,0.1604748421595894,-3.161453252727773,-3.241727466651315,0.21770415198596232,False
ABHD17C,NEUTRAL,-0.06051370514110358,0.13750352374993502,-0.08730282231288711,0.05020070143704791,-0.030073512486512452,-0.030073512486512615,False
DDX1,DIG,-0.6909368733629495,0.3923174227787603,-0.996811200768053,-0.6044937779892927,-0.669986739309585,-0.9395818909416795,True
ID2,DIG,1.5325955759702143,0.405992359675837,2.211068037140593,2.61706039681643,2.5503461478602887,2.2682973469669654,True
SQLE,DCG,0.9494419416412844,-0.7369655941662062,1.3697551808178696,0.6327895866516634,0.5525153727281011,1.4269844906442422,True
AFG3L2,NEUTRAL,-0.036582470758482186,0.13750352374993502,-0.05277734914672777,0.08472617460320725,0.00445196067964592,0.00445196067964592,False
UBTD1,NEUTRAL,0.026125254393193038,0.13750352374993502,0.037690774955022203,0.17519429870495723,0.09492008478139564,0.09492008478139624,False
CACNA2D2,NEUTRAL,0.04335122962617428,0.13750352374993502,0.06254260399812034,0.20004612774805536,0.11977191382449309,0.11977191382449279,False
TAS2R5,DSG,0.016201436723496186,-3.321928094887362,0.023373732416264285,-3.298554362471098,-3.3788285763946555,0.08060304224263933,False
FHAD1,NEUTRAL,-0.04497470643869687,0.13750352374993502,-0.0648847859445449,0.07261873780539012,-0.0076554761181725,-0.007655476118172822,False
TM4SF20,NEUTRAL,-0.012611748880155517,0.13750352374993502,-0.018194907566337303,0.11930861618359771,0.03903440226003594,0.039034402260035315,False
GZF1,DCG,-0.7755028961171824,1.3074285251922473,-1.118814182423288,0.18861434276895928,0.1091592944445116,-1.061584872596914,True
CAND2,DIG,-1.239097101903781,0.4329594072761063,-1.7876392440964715,-1.3546798368203652,-1.428490621796474,-1.730409934270098,True
LYSMD1,DCG,-0.9299679575424382,1.1618876823768942,-1.3416601605321137,-0.17977247815521946,-0.2627085534678623,-1.2844308507057403,True
JAZF1,DSG,0.030036331268404468,1.1937717433966801,0.043333266167425236,1.2371050095641054,1.1570275719146916,0.10056257599379745,False
PSMB6,NEUTRAL,-0.004149919059524469,0.13750352374993502,-0.005987067647266542,0.1315164561026685,0.05124224217910552,0.051242242179105835,False
MRPL33,DIG,1.211270632162527,0.523561956057013,1.7474941341953176,2.2710560902523307,2.1998876871014286,1.8047234440216908,True
SMIM3,DIG,-1.3456451378877026,0.3923174227787603,-1.941355567226934,-1.5490381444481738,-1.6404672775886047,-1.884126257400561,True
SLC45A4,DCG,-0.9454997327397198,1.2403143293337107,-1.364067775585434,-0.12375344625172335,-0.2064354427737635,-1.3068384657590604,True
GSPT1,DCG,-1.0113165448494525,1.446256229889564,-1.459021364023266,-0.01276513413370206,-0.09332680359266983,-1.401792054196895,True
TDRG1,DSG,-0.04850481918303861,1.2705289423807182,-0.06997766209458567,1.2005512802861324,1.1293651417463288,-0.012748352268210758,False
SRXN1,DSG,-0.06441907003787023,1.439623137557117,-0.09293707288231419,1.3466860646748027,1.2682354584115143,-0.035707763055940235,False
ZNF219,DIG,-1.1687312824308735,0.3923174227787603,-1.6861228252948197,-1.2938054025160595,-1.3697683371641358,-1.6288935154684459,True
COG1,DCG,-0.9290868744153334,1.2630344058337937,-1.3403890262740288,-0.07735462044023511,-0.14925157022547553,-1.2831597164476551,True
EDRF1,NEUTRAL,0.017198990919861545,0.13750352374993502,0.024812898908378563,0.16231642265831359,0.08204220873475311,0.08204220873475342,False
ORM1,NEUTRAL,0.02283026986031797,0.13750352374993502,0.0329371171096375,0.17044064085957253,0.09016642693601117,0.09016642693601117,False
HMGN1,DIG,-1.123350725203373,0.49825086752782544,-1.620652520429927,-1.1224016529021015,-1.20979176137979,-1.5634232106035546,True
PSMD9,DIG,1.1994503944796961,0.37851162325372983,1.7304411359081686,2.1089527591618986,2.017397298626922,1.7876704457345407,True
NRTN,NEUTRAL,0.023263805257319674,0.13750352374993502,0.03356257647694169,0.1710661002268767,0.09079188630331615,0.09079188630331615,False
UBE2L6,DIG,1.633708123301543,0.523561956057013,2.3569426077471514,2.8805045638041644,2.803474902077467,2.4141719175735243,True
MCTP1,NEUTRAL,-0.0013510065584179342,0.13750352374993502,-0.0019490904620380193,0.135554433287897,0.055280219364336435,0.05528021936433613,False
CHRNA1,NEUTRAL,0.04236600646498169,0.13750352374993502,0.061121227429298854,0.19862475117923387,0.11835053725567117,0.11835053725567146,False
CFAP20DC-AS1,NEUTRAL,-0.021856457197028698,0.13750352374993502,-0.0315322024095552,0.10597132134037981,0.025697107416819097,0.025697107416819097,False
SYCE2,DIG,1.2091778836207656,0.523561956057013,1.7444749362522907,2.2680368923093037,2.1865413902949387,1.8017042460786636,True
REEP3,DIG,0.7904952649852512,0.4329594072761063,1.140443598640429,1.5734030059165354,1.4992801659351158,1.197672908466802,True
HOXA3,DSG,0.05849251540539995,1.1210154009613662,0.08438686190449181,1.205402262865858,1.1247487755221661,0.1416161717308639,False
OTULINL,DCG,-0.8087865155581658,1.2854022188622483,-1.1668322951336303,0.11856992372861797,0.04081221562333669,-1.109602985307258,True
RP1,DCG,-0.9557669713040609,1.3146965256562866,-1.3788802697458329,-0.0641837440895463,-0.1429824661616883,-1.3216509599194612,True
TMEM116,NEUTRAL,-0.07275692493280317,0.13750352374993502,-0.10496605479088572,0.0325374689590493,-0.04773674496451082,-0.047736744964511316,False
SCLY,NEUTRAL,-0.02316594238526894,0.13750352374993502,-0.03342139019674695,0.10408213355318807,0.023807919629626167,0.0238079196296268,False
GRK4,NEUTRAL,-0.0158018471273549,0.13750352374993502,-0.022797246487520424,0.1147062772624146,0.034432063338853736,0.03443206333885342,False
DPP4,NEUTRAL,0.02476365329582549,0.13750352374993502,0.03572639980418107,0.1732299235541161,0.09295570963055326,0.09295570963055357,False
PAPOLB,DSG,-0.09001590872234047,-0.7369655941662062,-0.1298655051148342,-0.8668310992810404,-0.9471053132045975,-0.07263619528845965,False
RALGAPA2,DSG,0.02949298782746059,1.3854310371935206,0.04254938727967596,1.4279804244731966,1.3462451936685742,0.09977869710604824,False
RNF148,DIG,0.812363329082923,0.4462562298895641,1.171992546267982,1.6182487761575461,1.5389731977673484,1.2292218560943549,True
LINC01816,DIG,0.9512610715594644,0.6438561897747247,1.3723796305295606,2.0162358203042854,1.940272659163104,1.4296089403559324,True
SNX21,DCG,-1.0594094463539,1.4528589647138113,-1.528404754525694,-0.07554578981188276,-0.1536318663259126,-1.471175444699321,True
NEIL3,NEUTRAL,0.05817268644670752,0.13750352374993502,0.08392544625185355,0.22142897000178857,0.1411547560782282,0.1411547560782285,False
DDX39BP2,DSG,-0.047402400491042315,1.1375035237499351,-0.06838720811465931,1.0691163156352759,0.9832918563917401,-0.0111578982882842,False
MAG,DSG,-0.039786786658527314,-3.321928094887362,-0.057400199805164524,-3.3793282946925265,-3.459602508616086,-0.00017088997879161625,False
ZIC4,DSG,0.07719008752111513,1.4329594072761063,0.11136175647249787,1.544321163748604,1.4637461335167097,0.16859106629887155,False
OSBPL9P2,NEUTRAL,0.025826558304425224,0.13750352374993502,0.037259847589023946,0.17476337133895897,0.09448915741539755,0.09448915741539786,False
ABL1,NEUTRAL,0.01998982244727085,0.13750352374993502,0.028839217712928536,0.16634274146286354,0.08606852753930128,0.08606852753930128,False
DLX2,NEUTRAL,-0.020077407496252617,0.13750352374993502,-0.028965576228750553,0.10853794752118447,0.028263733597623488,0.028263733597623488,False
KMT2D,DIG,0.6032172647589311,0.4195388915137848,0.8702585564463149,1.2897974479600998,1.213863799309867,0.9274878662726888,True
ATP5MF,DSG,0.060476652542785336,1.1699250014423124,0.08724936671304133,1.2571743681553538,1.1786249828391306,0.14447867653941468,False
RPL12P41,DIG,-0.750339181373418,0.4854268271702419,-1.0825106159521147,-0.5970837887818728,-0.6731561959631819,-1.0252813061257313,True
STYXL1,DSG,-0.07825159837185588,1.4262647547020981,-0.11289319291271138,1.3133715617893866,1.234855491123568,-0.0556638830863377,False
BCL9L,NEUTRAL,0.01351720962019208,0.13750352374993502,0.019501211285707705,0.15700473503564272,0.07673052111208076,0.07673052111208076,False
RPL5P5,DCG,-0.8044663117728826,1.4329594072761063,-1.1605995585569726,0.27235984871913366,0.191447155960525,-1.1033702487305999,True
SMPD2,DIG,0.9495968389520694,0.4329594072761063,1.3699786503999862,1.8029380576760925,1.7214833360203008,1.4272079602263597,True
LRP8,NEUTRAL,-0.07824579852014779,0.13750352374993502,-0.11288482549541422,0.0246186982545208,-0.055655515669041485,-0.05565551566904165,False
CFL2,DIG,-1.1406012245923833,0.4724877714627438,-1.6455397303513104,-1.1730519588885666,-1.2548188321792293,-1.588310420524939,True
AIG1,DIG,1.039650721830575,0.560714954474479,1.499898940641602,2.060613895116081,1.976609250649805,1.5571282504679749,True
CMYA5,NEUTRAL,0.029039336334196062,0.13750352374993502,0.04189490652005135,0.17939843026998636,0.09912421634642384,0.09912421634642353,False
RPS8P4,NEUTRAL,-0.022624033753231857,0.13750352374993502,-0.032639581300692125,0.1048639424492429,0.02458972852568156,0.02458972852568156,False
RERG,DIG,1.4791844994520094,0.4329594072761063,2.1340121419192375,2.566971549195344,2.496214334653479,2.1912414517456096,True
MSRB3,DSG,0.05482525951518275,1.3001237245690138,0.07909613001800461,1.3792198545870185,1.2982682672813484,0.13632543984437584,False
MKRN8P,DIG,1.5015577142747505,0.45943161863729726,2.1662898679927496,2.625721486630047,2.5408331209949813,2.223519177819117,True
MSLNL,DCG,-0.9417529186347633,1.1043366598147357,-1.3586622654570806,-0.25432560564234485,-0.3356708061070723,-1.301432955630704,True
KIF9,NEUTRAL,-0.02678825430005663,0.13750352374993502,-0.03864728163276415,0.09885624211717087,0.018582028193609754,0.018582028193609754,False
C19orf33,DSG,0.06971401771071231,1.1937717433966801,0.10057606763169002,1.2943478110283702,1.2085261880274616,0.1578053774580629,False
PCBP2,DIG,-0.9160766929762534,0.4854268271702419,-1.3216193020308022,-0.8361924748605604,-0.9125147216059449,-1.2643899922044286,True
ENTPD3-AS1,NEUTRAL,0.07228814076464093,0.13750352374993502,0.1042897421962308,0.24179326594616582,0.16151905202260503,0.16151905202260475,False
SPTBN5,NEUTRAL,-0.009475763113901524,0.13750352374993502,-0.013670636453064289,0.12383288729687073,0.04355867337330997,0.04355867337330997,False
MEMO1,DIG,1.2078528023035413,0.560714954474479,1.7425632480071567,2.3032782024816356,2.237416641033376,1.7997925578335294,True
INA,NEUTRAL,-0.04638428480761143,0.13750352374993502,-0.06691837766712229,0.07058514608281273,-0.009689067840749764,-0.00968906784074928,False
NLE1,DIG,-0.9112161693777081,0.4854268271702419,-1.3146070487390573,-0.8291802215688154,-0.9127201209492108,-1.2573777389126846,True
DEPP1,DIG,-0.9496444227223236,0.4724877714627438,-1.3700472992693589,-0.8975595278066151,-0.9767178186171449,-1.3128179894429866,True
MPP3,NEUTRAL,0.0010640326629038812,0.13750352374993502,0.0015350746461153075,0.13903859839605032,0.05876438447248739,0.058764384472488,False
ADGRA3,NEUTRAL,0.04189990438927753,0.13750352374993502,0.06044878427613241,0.19795230802606742,0.11767809410250532,0.11767809410250561,False
SPATA45,DCG,-0.9599806336065934,1.3785116232537298,-1.3849592994536772,-0.006447676199947461,-0.08276273188609952,-1.327729989627297,True
AMHR2,DIG,-1.6375578350708997,0.560714954474479,-2.362496567825654,-1.8017816133511753,-1.8787671061795403,-2.305267257999271,True
LINC01678,DSG,0.044826664235666065,-0.7369655941662062,0.06467120619239008,-0.6722943879738161,-0.7525686018973762,0.12190051601876409,False
CATSPER1,DIG,-1.6216544755383562,0.5849625007211562,-2.3395528698945793,-1.7545903691734233,-1.833720539791601,-2.2823235600682037,True
NPW,DCG,-0.9561713063064009,1.412781525338476,-1.3794636018485666,0.03331792348990925,-0.04846396554421355,-1.3222342920221946,True
RPL15P18,DIG,-0.8309392581406361,0.4195388915137848,-1.19879194699945,-0.7792530554856651,-0.8578040941686326,-1.141562637173078,True
RPL6P24,DCG,-0.9305290258930736,1.2172307162206693,-1.3424696110591752,-0.12523889483850592,-0.2116551139228066,-1.285240301232797,True
GSTZ1,NEUTRAL,-0.07273076150887332,0.13750352374993502,-0.10492830894892945,0.03257521480100557,-0.047698999122556505,-0.047698999122556505,False
MTCYBP21,DSG,-0.001412746149925565,1.0874628412503395,-0.0020381618645325885,1.085424679385807,1.0090507785327483,0.05519114796184216,False
ZNF221,DIG,0.7392164221804183,0.5109619192773794,1.0664638664233719,1.5774257857007514,1.5042233871321045,1.1236931762497435,True
EIF3L,NEUTRAL,-0.006518465301563648,0.13750352374993502,-0.009404157564772657,0.12809936618516235,0.047825152261600515,0.04782515226160021,False
TBK1,DSG,0.0206536468823443,1.2705289423807182,0.02979691393342992,1.3003258563141482,1.2136209146995713,0.08702622375980305,False
ZNF224,DIG,-1.1122452444465456,0.4854268271702419,-1.6046306984153642,-1.1192038712451224,-1.19686159706134,-1.5474013885889926,True
TMEM198B,DIG,1.0207181682111632,0.560714954474479,1.472585039423512,2.033299993897991,1.9586383816566684,1.529814349249884,True
KIAA0825,NEUTRAL,-0.07629733782089809,0.13750352374993502,-0.11007379090723964,0.027429732842695384,-0.052844481080866826,-0.052844481080866826,False
PSMC1P1,NEUTRAL,-0.020071367025453573,0.13750352374993502,-0.028956861671484136,0.10854666207845089,0.028272448154889555,0.028272448154889867,False
YTHDF1,DCG,0.8292119675511108,-0.7369655941662062,1.1962999934317677,0.4593343992655615,0.3790601853419984,1.2535293032581396,True
XRCC6,NEUTRAL,-0.039724589655446535,0.13750352374993502,-0.057310468497261735,0.08019305525267328,-8.115867088726665e-05,-8.115867088726665e-05,False
C2orf66,DIG,-1.3875715752098232,0.37851162325372983,-2.0018426304336994,-1.6233310071799696,-1.6901754231363324,-1.944613320607321,True
ZDHHC17,DIG,-1.6833704510956542,0.45943161863729726,-2.4285902017747176,-1.9691585831374203,-2.0449921555879547,-2.371360891948346,True
STK33,NEUTRAL,0.07845254579025163,0.13750352374993502,0.11318309875671034,0.25068662250664536,0.1704124085830851,0.1704124085830851,False
OBSCN,DCG,-0.8048543471290811,1.4059923596758368,-1.1611593752410496,0.24483298443478718,0.16403574497005627,-1.103930065414678,True
SH3PXD2A-AS1,NEUTRAL,-0.016768296900828893,0.13750352374993502,-0.02419153878297962,0.1133119849669554,0.03303777104339475,0.03303777104339475,False
DAZAP2,DIG,0.6526601745149035,0.45943161863729726,0.9415895971583768,1.401021215795674,1.3146731465819508,0.9988189069847482,True
ELF3,DCG,-0.8562343023723461,1.2249663650002742,-1.235284981871605,-0.010318616871330732,-0.08969834490903676,-1.1780556720452324,True
BBOX1,DIG,1.2499386822200218,0.5849625007211562,1.8032803382541116,2.388242838975268,2.313689668105586,1.8605096480804824,True
TMF1,NEUTRAL,-0.04640004550691859,0.13750352374993502,-0.06694111554985369,0.07056240820008133,-0.00971180572348138,-0.009711805723481218,False
SERBP1P3,NEUTRAL,-0.045739856620535625,0.13750352374993502,-0.06598866431741897,0.07151485943251605,-0.008759354491045635,-0.008759354491045312,False
MAP3K5-AS1,DIG,-1.2740750283102191,0.405992359675837,-1.838101725063619,-1.4321093653877819,-1.5164846957901077,-1.7808724152372346,True
CLDN16,DSG,0.01148993033785771,1.2927817492278462,0.01657646551858697,1.309358214746433,1.2282827581440963,0.07380577534495951,False
DAGLB,DSG,-0.11034908136891433,1.3001237245690138,-0.1592000724575854,1.1409236521114283,1.0624045283350465,-0.10197076263121274,False
RNU6-388P,DSG,-0.10323655135633066,1.4262647547020981,-0.14893886068025702,1.277325894021841,1.2010158541870366,-0.09170955085388163,False
TBC1D2,NEUTRAL,0.030740163316004637,0.13750352374993502,0.044348681172116725,0.18185220492205173,0.10157799099848941,0.10157799099848971,False
DNAAF3,DSG,-0.06445839241548187,1.3434078222978139,-0.09299380308149047,1.2504140192163233,1.170201053490946,-0.03576449325511679,False
BTBD10P1,DIG,-0.6820907999720935,0.4854268271702419,-0.9840490145557254,-0.4986221873854835,-0.5821395141530176,-0.9268197047293506,True
NOD2,NEUTRAL,0.030414705852609494,0.13750352374993502,0.04387914530365625,0.18138266905359127,0.10110845513002902,0.10110845513002902,False
IRX1,DCG,-0.8166240834111813,1.0789513413948222,-1.1781395154078065,-0.0991881740129843,-0.18290449867310532,-1.1209102055814333,True
C1QTNF1,DCG,-0.8777855568072704,1.2249663650002742,-1.2663768697698066,-0.04141050476953234,-0.12420135354233375,-1.2091475599434325,True
GLULP3,NEUTRAL,-0.05422932730147044,0.13750352374993502,-0.07823638156857587,0.059267142181359145,-0.021007071742202607,-0.02100707174220277,False
H2AC17,DSG,0.013882618306491437,1.446256229889564,0.020028384585329538,1.4662846144748936,1.389169179134203,0.07725769441170208,False
SPRR2G,DCG,-1.009800874670256,1.412781525338476,-1.456834714172116,-0.04405318883364018,-0.12276319402466951,-1.3996054043457384,True
GLB1,NEUTRAL,0.002506412424860361,0.13750352374993502,0.0036159887757685246,0.14111951252570354,0.06084529860214327,0.06084529860214266,False
MFAP3L,NEUTRAL,0.07073051318673437,0.13750352374993502,0.10204256061403312,0.23954608436396813,0.1592718704404077,0.1592718704404077,False
TUB,NEUTRAL,0.05311288049506272,0.13750352374993502,0.07662568929755514,0.21412921304749016,0.13385499912392843,0.13385499912392812,False
JOSD1,NEUTRAL,-0.03432064470085284,0.13750352374993502,-0.049514223910032476,0.08798929983990254,0.007715085916339789,0.007715085916339789,False
SFRP4,DSG,0.04991219531272213,1.3001237245690138,0.07200807665754559,1.3721318012265593,1.2930550512499648,0.12923738648391783,False
CKMT2-AS1,NEUTRAL,-0.04543505352819178,0.13750352374993502,-0.06554892640764688,0.07195459734228814,-0.00831961658127229,-0.008319616581272128,False
ABCF2,DIG,0.7493209124288636,0.5109619192773794,1.0810415643955147,1.5920034836728942,1.5103817285624705,1.1382708742218874,True
ARHGDIB,DIG,-0.7637012103691533,0.4854268271702419,-1.1017879489204765,-0.6163611217502346,-0.6947832822608467,-1.0445586390941028,True
TLR6,NEUTRAL,-0.0016097413783980098,0.13750352374993502,-0.002322365903728573,0.13518115784620643,0.05490694392264365,0.05490694392264365,False
EPB41,NEUTRAL,0.05416378695420333,0.13750352374993502,0.07814182683459549,0.2156453505845305,0.13537113666097,0.13537113666097,False
DCUN1D4,NEUTRAL,-0.05159031266034433,0.13750352374993502,-0.07442908823298987,0.06307443551694515,-0.01719977840661664,-0.017199778406616476,False
TRIM55,DCG,-1.1203437377706238,1.412781525338476,-1.6163143545726841,-0.20353282923420823,-0.27968696086777567,-1.5590850447463103,True
LZTS2,NEUTRAL,0.015293484859123995,0.13750352374993502,0.022063834764168636,0.15956735851410364,0.07929314459054138,0.07929314459054138,False
EYS,DIG,1.275232285005266,0.53605290024021,1.8397712935585986,2.3758241937988087,2.2938359696214623,1.897000603384971,True
CCND2-AS1,DSG,-0.05564386437818026,1.1043366598147357,-0.0802771271942987,1.024059532620437,0.9388817651376284,-0.023047817367924373,False
C11orf16,NEUTRAL,-0.03468880586495519,0.13750352374993502,-0.050045368195730834,0.08745815555420419,0.007183941630642651,0.007183941630642651,False
STAU2-AS1,DCG,-1.0368534186746465,1.4918530963296748,-1.4958632852506808,-0.004010188921006019,-0.09115917373422165,-1.4386339754243045,True
NPR1,DCG,-0.8966510491001325,1.185866545311334,-1.2935940219446476,-0.10772747663331361,-0.1822372342726139,-1.2363647121182748,True
MCU,DIG,0.7359044089110662,0.4854268271702419,1.0616856413043192,1.5471124684745612,1.4675365379331435,1.118914951130692,True
DCT,DIG,-1.6224531694343287,0.3923174227787603,-2.3407051416174873,-1.948387718838727,-2.0183023405561693,-2.283475831791114,True
TMEM141,NEUTRAL,0.05403866230729712,0.13750352374993502,0.07796131012701091,0.21546483387694593,0.13519061995338497,0.13519061995338466,False
RPAP2,NEUTRAL,0.015359211608001813,0.13750352374993502,0.022158658418828418,0.15966218216876343,0.07938796824520244,0.07938796824520275,False
PIGF,DIG,0.716308079637967,0.53605290024021,1.0334141142423918,1.5694670144826017,1.5016722526239497,1.0906434240687637,True
CHP1P1,NEUTRAL,0.024690812293088883,0.13750352374993502,0.035621312450759585,0.1731248362006946,0.0928506222771324,0.0928506222771324,False
OXNAD1,DIG,1.1946448318153067,0.35049724708413343,1.7235081744835727,2.074005421567706,1.9959370025850394,1.7807374843099455,True
UBN1,DCG,-0.8178868138210008,1.2172307162206693,-1.1799612503080328,0.03726946591263647,-0.044243639653904945,-1.1227319404816603,True
EBF4,DSG,0.04820401592516892,1.20945336562895,0.06954369472617382,1.2789970603551237,1.2004203654808223,0.1267730045525466,False
DENND1C,NEUTRAL,-0.02892212643299853,0.13750352374993502,-0.04172580837685058,0.09577771537308444,0.015503501449522507,0.015503501449522825,False
TYRO3,NEUTRAL,-0.03132353844092691,0.13750352374993502,-0.04519031357182007,0.09231321017811495,0.012038996254554757,0.012038996254554757,False
ZNF833P,DIG,-0.9646510369223377,0.560714954474479,-1.3916972671562529,-0.8309823126817738,-0.9078530803456485,-1.3344679573298797,True
TMBIM1,NEUTRAL,0.015142501716803737,0.13750352374993502,0.021846012133485367,0.15934953588342038,0.07907532195985967,0.07907532195985967,False
SOCS6,NEUTRAL,-0.0010597525734794457,0.13750352374993502,-0.0015288997823281131,0.1359746239676069,0.05570041004404669,0.05570041004404638,False
LINC00562,NEUTRAL,-0.016437068749184637,0.13750352374993502,-0.02371367757119963,0.11378984617873539,0.03351563225517348,0.0335156322551738,False
PAIP2B,DIG,-1.3802759903935453,0.5969351423872323,-1.9913173263988704,-1.3943821840116382,-1.4618574393572246,-1.9340880165724987,True
JMY,NEUTRAL,-0.052117478908398185,0.13750352374993502,-0.07518962836478121,0.062313895385153806,-0.017960318538407606,-0.01796031853840777,False
ZNF781,DSG,-0.07867133677014371,1.4059923596758368,-0.11349874741839189,1.2924936122574449,1.2112110332549724,-0.05626943759201961,False
BTBD16,NEUTRAL,-0.030077422663728183,0.13750352374993502,-0.04339254851968197,0.09411097523025305,0.01383676130669125,0.01383676130669125,False
SEPTIN3,NEUTRAL,-0.0016953098202190694,0.13750352374993502,-0.0024458150704004117,0.1350577086795346,0.05478349475597324,0.05478349475597263,False
SAP18,NEUTRAL,-0.006170777076534993,0.13750352374993502,-0.00890254948674833,0.1286009742631867,0.0483267603396249,0.048326760339624596,False
ZNF569,DSG,-0.01956879268426964,-0.7369655941662062,-0.028231800161780035,-0.7651973943279863,-0.8454716082515489,0.028997509664592462,False
ZNF708,DIG,-1.6612368537655438,0.5728896684205812,-2.396658170669534,-1.823768502248953,-1.9073801121513991,-2.3394288608431633,True
IL17RC,DIG,1.1422318506170779,0.3645724322958561,1.6478922264306817,2.012464658726538,1.949006734618922,1.7051215362570546,True
FEZF1,DIG,1.0176915157214639,0.4462562298895641,1.4682185028861285,1.9144747327756926,1.8305067602220673,1.5254478127124995,True
CCDC112,NEUTRAL,-0.05598361918728066,0.13750352374993502,-0.08076728977250604,0.05673623397742898,-0.0235379799461321,-0.023537979946131937,False
MTND5P28,NEUTRAL,-0.010796145823006833,0.13750352374993502,-0.015575546039566054,0.12192797771036896,0.04165376378680731,0.04165376378680731,False
CSNK1E,NEUTRAL,-0.029284712248212545,0.13750352374993502,-0.04224890913435653,0.09525461461557849,0.014980400692016215,0.01498040069201653,False
OXSM,NEUTRAL,-0.024204512673282632,0.13750352374993502,-0.03491973040087892,0.1025837933490561,0.022309579425494795,0.02230957942549448,False
RPS2P35,NEUTRAL,-0.02524009446889833,0.13750352374993502,-0.03641375912184858,0.10108976462808644,0.02081555070452439,0.020815550704524705,False
LARGE-AS1,NEUTRAL,-0.0010218676256133776,0.13750352374993502,-0.0014742433559173998,0.13602928039401763,0.05575506647045547,0.05575506647045547,False
ODR4,DCG,-1.052098261582824,1.4195388915137848,-1.5178569445134396,-0.09831805299965479,-0.17818800489156625,-1.4606276346870666,True
CD300LG,NEUTRAL,0.006941388618135915,0.13750352374993502,0.01001430693626778,0.1475178306862028,0.06724361676264189,0.06724361676264219,False
MIR7161,NEUTRAL,-0.046255527162642064,0.13750352374993502,-0.06673261965124845,0.07077090409868657,-0.00950330982487435,-0.009503309824874835,False
SMC4,DSG,0.014569074408815686,1.4789718050329426,0.021018731399940697,1.4999905364328832,1.416968055930918,0.07824804122631288,False
TRIM23,NEUTRAL,0.01896761936651281,0.13750352374993502,0.027364490397537494,0.1648680141474725,0.0845938002239125,0.08459380022391219,False
ZNF568,DSG,-0.10101798373443253,1.3645724322958561,-0.14573814417426778,1.2188342881215883,1.1422301184202355,-0.08850883434789558,False
CACTIN-AS1,NEUTRAL,-0.043580385372258376,0.13750352374993502,-0.06287320585658708,0.07463031789334794,-0.005643896030214459,-0.00564389603021462,False
FAM221A,DSG,-0.041146605578365095,1.3362833878644325,-0.059362003817321485,1.276921384047111,1.1981563778619788,-0.002132693990949198,False
ANAPC1P6,NEUTRAL,-0.01717172215618674,0.13750352374993502,-0.02477355839825375,0.11272996535168127,0.03245575142812049,0.03245575142811986,False
RNF7P1,NEUTRAL,-0.007946991817288047,0.13750352374993502,-0.011465085684786637,0.1260384380651484,0.04576422414158666,0.04576422414158666,False
NCKAP5-AS2,NEUTRAL,-0.0033182577929293773,0.13750352374993502,-0.004787234062250369,0.13271628968768465,0.05244207576412325,0.05244207576412325,False
LINC01634,NEUTRAL,0.057157307714828035,0.13750352374993502,0.0824605643907469,0.2199640881406819,0.13968987421712056,0.13968987421712029,False
ZNF256,DSG,-0.04876123380326719,1.4528589647138113,-0.07034759019560087,1.3825113745182105,1.3033141176504581,-0.013118280369227816,False
MIR4321,NEUTRAL,0.01384921733280987,0.13750352374993502,0.019980197166238278,0.1574837209161733,0.07720950699261146,0.07720950699261177,False
SOCAR,NEUTRAL,0.017144201918301356,0.13750352374993502,0.02473385508753242,0.16223737883746744,0.0819631649139065,0.0819631649139068,False
LINC00487,DIG,1.5120437991151028,0.4462562298895641,2.1814180905902667,2.627674320479831,2.5604265763631515,2.2386474004166392,True
PRPF31,DSG,0.10798492373948364,1.3362833878644325,0.15578931396972595,1.4920727018341584,1.4086518137647521,0.21301862379609846,False
WDR91,DSG,0.07159125526649994,1.446256229889564,0.10328434894399535,1.5495405788335594,1.4698927089463343,0.16051365877036702,False
USP38,NEUTRAL,-0.002538945617144845,0.13750352374993502,-0.003662924250941637,0.13384059949899338,0.05356638557543193,0.05356638557543193,False
ARPC5,DCG,-1.078771937792566,1.4982508675278254,-1.5563389249035122,-0.058088057375686786,-0.14007897497870145,-1.4991096150771386,True
ZKSCAN5,DSG,0.026425420750299904,1.3074285251922473,0.038123823469861984,1.3455523486621093,1.2658326603321979,0.09535313329623535,False
CNPPD1,NEUTRAL,-0.06998743673834096,0.13750352374993502,-0.10097052790693456,0.03653299584300046,-0.04374121808056095,-0.04374121808056062,False
BTF3P5,DIG,1.5044961717807828,0.5849625007211562,2.1705291660645654,2.7554916667857214,2.6833107372615963,2.227758475890938,True
RN7SL861P,DCG,-1.0302077789971458,1.399171093819823,-1.4862756538444155,-0.08710456002459255,-0.16805054170786832,-1.429046344018022,True
IRGC,DIG,-1.1314413381261308,0.5484366246960424,-1.632324807571342,-1.0838881828752995,-1.1584274774908807,-1.5750954977449594,True
CTNNBIP1,NEUTRAL,-0.02956230815363016,0.13750352374993502,-0.0426493953704736,0.09485412837946142,0.014579914455898802,0.014579914455898485,False
HCAR1,DIG,-0.9280684300872462,0.4195388915137848,-1.3389197216924758,-0.919380830178691,-1.0028892101174451,-1.281690411866102,True
LRRC37A15P,NEUTRAL,-0.03621924473729451,0.13750352374993502,-0.05225332476723848,0.08525019898269653,0.004975985059135271,0.004975985059135271,False
TMEM94,DCG,-0.810464651697343,1.1043366598147357,-1.1692533338195579,-0.06491667400482215,-0.14968750891333918,-1.112024023993185,True
CCDC90B,DIG,1.4345906740695653,0.4854268271702419,2.0696768511857173,2.5551036783559593,2.484058346600875,2.1269061610120885,True
RBMS2,DIG,-0.6361802397535647,0.5728896684205812,-0.9178140770040196,-0.3449244085834384,-0.4269838948446201,-0.8605847671776464,True
RPL10AP6,NEUTRAL,0.0025363807848262014,0.13750352374993502,0.003659223980074818,0.14116274773000984,0.06088853380644928,0.06088853380644958,False
HNRNPA1P22,NEUTRAL,-0.02375379811455412,0.13750352374993502,-0.03426948674214484,0.10323403700779019,0.022959823084228618,0.022959823084228934,False
CANT1,DCG,-0.8671222943370774,1.1618876823768942,-1.2509930338843618,-0.08910535150746757,-0.16947510144521838,-1.1937637240579888,True
NFIA-AS1,DIG,0.6071447496104851,0.4329594072761063,0.8759247193648184,1.3088841266409248,1.2355341355469307,0.9331540291911902,True
LINC02481,NEUTRAL,-0.029156967262486896,0.13750352374993502,-0.0420646120769517,0.09543891167298332,0.015164697749422478,0.015164697749422478,False
CPEB2-DT,NEUTRAL,0.01339489242835421,0.13750352374993502,0.019324744879627744,0.15682826862956276,0.07655405470600157,0.07655405470600127,False
TSGA10IP,DIG,1.3267465660111462,0.5109619192773794,1.9140906913007423,2.425052610578122,2.3493115765316586,1.9713200011271121,True
NUDT22,DIG,1.37411730881184,0.4462562298895641,1.9824322270225299,2.428688456912094,2.350623404223052,2.039661536848903,True
C1D,DIG,1.2552111649268212,0.53605290024021,1.8108869229083837,2.3469398231485936,2.282668866475389,1.8681162327347562,True
WDR55,DIG,-1.3801230354764447,0.37851162325372983,-1.9910966590984895,-1.6125850358447598,-1.697763451381917,-1.9338673492721161,True
LINC01736,DCG,-1.031840689830008,1.3923174227787602,-1.4886314462051997,-0.09631402342643947,-0.17900089462605556,-1.4314021363788227,True
AXL,DIG,0.6224318131984709,0.5728896684205812,0.8979792901929595,1.4708689586135408,1.4007504742866235,0.9552086000193315,True
AARSD1,NEUTRAL,0.01269744503718062,0.13750352374993502,0.01831854098710066,0.1558220647370357,0.07554785081347301,0.07554785081347301,False
WDR24,DCG,-0.9394203164532429,1.2854022188622483,-1.3552970318574342,-0.06989481299518596,-0.15380062058510827,-1.2980677220310606,True
NBAT1,DSG,0.012168973243271158,1.2172307162206693,0.017556117350777785,1.2347868335714471,1.1563756868825414,0.07478542717715116,False
RPS20P21,DCG,-0.8514879818336476,1.1699250014423124,-1.2284374887679552,-0.05851248732564285,-0.13645139408935217,-1.1712081789415822,True
METTL22,DCG,-0.8210170815070832,1.2854022188622483,-1.1844772719753989,0.10092494688684939,0.02260840250054462,-1.127247962149026,True
ZNF302,DSG,-0.03737801251624261,1.1292830169449666,-0.05392507329546882,1.0753579436494978,0.994231412649418,0.0033042365309037375,False
MDN1,DIG,1.3429947848755999,0.49825086752782544,1.9375319160797684,2.4357827836075936,2.3449897206453962,1.994761225906141,True
FABP7,DIG,-1.1107887104245238,0.4854268271702419,-1.6025293640049074,-1.1171025368346656,-1.1996089264061371,-1.5453000541785347,True
HNRNPA1P4,DCG,-0.7441990247939784,1.1699250014423124,-1.0736522425046753,0.09627275893763709,0.016635029757651888,-1.0164229326783023,True
HRH2,DIG,1.7194727130980725,0.49825086752782544,2.4806747561304805,2.9789256236583057,2.886452015781169,2.537904065956853,True
PUM1,NEUTRAL,0.03579023467976857,0.13750352374993502,0.05163439408475432,0.18913791783468933,0.10886370391112922,0.10886370391112862,False
TM9SF3,NEUTRAL,-0.014968637387463186,0.13750352374993502,-0.02159517892775827,0.11590834482217675,0.03563413089861527,0.03563413089861496,False
GPD1,DIG,-0.6203679619741793,0.523561956057013,-0.8950017822665415,-0.37143982620952853,-0.455160115808312,-0.8377724724401683,True
RNY1P16,NEUTRAL,0.009051662394439794,0.13750352374993502,0.01305878844825941,0.15056231219819444,0.07028809827463316,0.07028809827463316,False
LAMC2,DCG,-0.9998140321814902,1.0531113364595626,-1.4424267460394344,-0.3893154095798719,-0.46596369106923596,-1.3851974362130615,True
DUSP7,NEUTRAL,0.06122179049246859,0.13750352374993502,0.08832437353782753,0.22582789728776254,0.14555368336420269,0.14555368336420269,False
PCBP3,DSG,0.14397925280328716,-0.7369655941662062,0.20771815401020077,-0.5292474401560054,-0.6095216540795674,0.2649474638365739,False
DOCK4-AS1,DIG,-1.0426948173871857,0.4724877714627438,-1.5042906422051163,-1.0318028707423725,-1.1163134249148958,-1.4470613323787387,True
RBM18,NEUTRAL,-0.04238117791747812,0.13750352374993502,-0.06114311520857853,0.07636040854135649,-0.00391380538220587,-0.003913805382205549,False
KCNN4,DIG,1.3022763780131903,0.5969351423872323,1.8787876724264707,2.475722814813703,2.3991771927293173,1.936016982252842,True
MIR2117HG,NEUTRAL,-0.03392105394083555,0.13750352374993502,-0.04893773630217048,0.08856578744776454,0.008291573524203517,0.008291573524203837,False
WASF1,DIG,1.1021405216728506,0.49825086752782544,1.5900526649801967,2.0883035325080224,1.997560419381869,1.64728197480657,True
SNX5P1,DIG,-0.9612169927128011,0.4329594072761063,-1.3867429886049611,-0.9537835813288549,-1.0523061458858898,-1.3295136787785882,True
AKR1C2,DCG,-0.9172457018655217,1.3923174227787602,-1.3233058253581047,0.06901159742065555,-0.010093046250406428,-1.2660765155317315,True
STK4,DCG,-0.8549258971384842,1.1618876823768942,-1.2333973521292392,-0.07150966975234496,-0.1533948372181057,-1.176168042302866,True
LINC02610,NEUTRAL,-0.0199298770018817,0.13750352374993502,-0.028752734716141728,0.10875078903379329,0.02847657511023133,0.02847657511023196,False
NELL1,DIG,1.298314521140225,0.4329594072761063,1.873071921163132,2.3060313284392384,2.2259434280689043,1.9303012309895051,True
CEP295NL,DCG,-0.9442648508197905,1.4918530963296748,-1.3622862175634687,0.1295668787662061,0.04889500099647529,-1.3050569077370948,True
RN7SKP176,NEUTRAL,0.002903972022902046,0.13750352374993502,0.0041895460363210735,0.1416930697862561,0.061418855862693335,0.061418855862693335,False
ING2,NEUTRAL,-0.033890552867066985,0.13750352374993502,-0.04889373255430278,0.08860979119563224,0.00833557727207053,0.00833557727207053,False
SUOX,DIG,1.2021991086993513,0.45943161863729726,1.734406692281686,2.1938383109189834,2.1142346037347766,1.7916360021080597,True
PROSER2-AS1,DCG,-1.0193287617056772,1.4329594072761063,-1.4705805495482684,-0.03762114227216218,-0.11851399908753049,-1.4133512397218957,True
ACTR6,NEUTRAL,-0.0010551312849873039,0.13750352374993502,-0.001522232672337983,0.13598129107759704,0.055707077154035695,0.055707077154035695,False
BANK1,NEUTRAL,-0.05011933725302757,0.13750352374993502,-0.07230691930758436,0.06519660444235066,-0.015077609481211333,-0.015077609481210686,False
RPLP1P6,DIG,1.581370933308755,0.405992359675837,2.2814360032904926,2.6874283629663296,2.5926092835271435,2.3386653131168638,True
LINC02482,NEUTRAL,-0.018286366014258985,0.13750352374993502,-0.026381649564651916,0.1111218741852831,0.030847660261722195,0.030847660261722195,False
VSTM5,NEUTRAL,-0.030496239869953038,0.13750352374993502,-0.043996774026141536,0.09350674972379348,0.013232535800232594,0.013232535800232276,False
TNS1-AS1,NEUTRAL,0.0324674858844399,0.13750352374993502,0.04684068087561386,0.18434420462554887,0.10406999070198775,0.10406999070198804,False
DCAKD,NEUTRAL,-0.02117586048387823,0.13750352374993502,-0.03055030890664769,0.10695321484328733,0.02667900091972672,0.02667900091972672,False
NFKBID,DSG,-0.1105099465157128,-0.7369655941662062,-0.15943215180712345,-0.8963977459733297,-0.9766719598968912,-0.10220284198075037,False
RNU6-343P,DIG,-1.7061027719056392,0.45943161863729726,-2.46138600827518,-2.001954389637883,-2.0834719724968798,-2.4041566984487974,True
DPRXP3,DIG,-0.9774704011258251,0.4462562298895641,-1.4101917003199738,-0.9639354704304097,-1.0415971466283926,-1.3529623904935826,True
MEI4,DIG,-0.7087736288331314,0.405992359675837,-1.0225441994304336,-0.6165518397545966,-0.7004770208601332,-0.9653148896040581,True
EEF1A1P16,DIG,1.465968601833386,0.5728896684205812,2.1149456319639532,2.6878353003845343,2.6125537593325223,2.172174941790324,True
ABCA4,NEUTRAL,0.029082707161825462,0.13750352374993502,0.041957477397991536,0.17946100114792657,0.09918678722436436,0.09918678722436436,False
ELN,DSG,0.17735150155982418,1.1699250014423124,0.2558641317945696,1.425789133236882,1.3470195851437958,0.3130934416209429,True
GLMP,DCG,-0.7414568521214232,1.2630344058337937,-1.0696961235887188,0.19333828224507488,0.11000761110709802,-1.0124668137623465,True
DSG2,NEUTRAL,0.0362326205962944,0.13750352374993502,0.05227262205268525,0.18977614580262026,0.10950193187905873,0.10950193187905902,False
SLC25A39,NEUTRAL,0.0006151554489073789,0.13750352374993502,0.0008874817155144996,0.13839100546544952,0.05811679154188725,0.05811679154188725,False
SLC17A5,DIG,1.6305652967372148,0.5484366246960424,2.352408467448421,2.900845092144463,2.8160137287521803,2.409637777274793,True
TRIM62,NEUTRAL,-0.006586140436864212,0.13750352374993502,-0.00950179214686227,0.12800173160307274,0.04772751767951116,0.04772751767951116,False
MIR5685,DSG,-0.05144716415242194,1.4724877714627438,-0.07422256859049958,1.3982652028722442,1.3209698093756015,-0.016993258764125104,False
TRAF4,DSG,-0.03385039511345766,1.4918530963296748,-0.04883579716231737,1.4430172991673573,1.3615582380302969,0.008393512664055289,False
GRIK1,DIG,1.033876892810597,0.49825086752782544,1.4915690661475387,1.9898199336753641,1.901498241961082,1.54879837597391,True
KLHDC8B,NEUTRAL,-0.08386475831809864,0.13750352374993502,-0.12099127093087235,0.01651225281906267,-0.06376196110449805,-0.06376196110449822,False
TMEM86B,DSG,-0.023956078411614793,1.446256229889564,-0.03456131552358382,1.4116949143659803,1.330331132549605,0.02266799430278852,False
GPR180,DIG,-0.6107537567277647,0.4329594072761063,-0.8811314160354505,-0.4481720087593442,-0.5224109453476965,-0.8239021062090766,True
TMEM140,DSG,-0.07749386121213771,1.3434078222978139,-0.11180000927008867,1.2316078130277253,1.1474038188215874,-0.05457069944371685,False
ERVH48-1,DIG,-1.664157315792751,0.4724877714627438,-2.4008715067532904,-1.9283837352905466,-2.0151951067138487,-2.34364219692691,True
TMEM131,DIG,-1.2144166090771698,0.4724877714627438,-1.7520328194888237,-1.27954504802608,-1.3504861979659484,-1.6948035096624503,True
SORCS1,NEUTRAL,-0.02997731487383441,0.13750352374993502,-0.04324812350764787,0.09425540024228715,0.013981186318726158,0.013981186318726158,False
ADGRG7,DIG,1.2016878794742132,0.45943161863729726,1.7336691444138217,2.193100763051119,2.1133164513618268,1.790898454240195,True
LSM11,DIG,-0.7419551655819508,0.45943161863729726,-1.0704150379470303,-0.610983419309733,-0.7019346925480185,-1.0131857281206573,True
NDUFA12,DIG,-1.4583123246405374,0.5849625007211562,-2.1038999588261595,-1.5189374581050035,-1.6008608997434115,-2.0466706489997875,True
RRH,NEUTRAL,-0.02136684034975131,0.13750352374993502,-0.03082583461205242,0.1066776891378826,0.026403475214321317,0.026403475214321633,False
ZNF667,DSG,0.03579561958462266,-0.7369655941662062,0.05164216286028296,-0.6853234313059232,-0.7655976452294861,0.10887147268665495,False
C17orf78,DIG,-1.3745425038804833,0.49825086752782544,-1.983045653839472,-1.4847947863116466,-1.563091746010924,-1.9258163440130847,True
URGCP,DSG,-0.08229897243018851,1.439623137557117,-0.11873231939529048,1.3208908181618264,1.2407675034644754,-0.06150300956891633,False
CDC42P3,DCG,2.0794415416798357,-3.321928094887362,3.0,-0.3219280948873622,-0.4022023088109212,3.0572293098263725,True
E2F2,NEUTRAL,0.016583656488335735,0.13750352374993502,0.023925158975528046,0.16142868272546307,0.08115446880190264,0.08115446880190264,False
DAB1,DIG,-1.1938004013426233,0.4854268271702419,-1.722289918828257,-1.236863091658015,-1.3026680787241594,-1.665060609001883,True
SSTR2,DCG,-0.9279670323451851,1.3575520046180838,-1.338773435672847,0.018778568945236884,-0.05837310729909044,-1.281544125846474,True
MIR492,DIG,1.0037075575586891,0.5109619192773794,1.4480439157926948,1.9590058350700743,1.8756806419654581,1.5052732256190666,True
LHFPL2,NEUTRAL,-0.07303354024676745,0.13750352374993502,-0.10536512633257591,0.032138397417359105,-0.04813581650620179,-0.048135816506201454,False
DRAXIN,NEUTRAL,0.023537855871883905,0.13750352374993502,0.03395794793952608,0.1714614716894611,0.09118725776590039,0.09118725776590099,False
RNMT,DIG,1.230825263417498,0.4329594072761063,1.7757055037332767,2.2086649110093832,2.140602367111733,1.8329348135596502,True
FAHD1,DCG,-0.9381898383704325,1.3074285251922473,-1.3535218272294411,-0.04609330203719386,-0.1240390604734135,-1.296292517403067,True
CNIH3,DCG,-0.8063795197039697,1.20945336562895,-1.1633597341513413,0.04609363147760859,-0.028176098432610625,-1.106130424324969,True
AKIP1,NEUTRAL,0.019425252018771457,0.13750352374993502,0.02802471475549991,0.16552823850543494,0.08525402458187484,0.08525402458187484,False
HMGXB3,DIG,1.3018274124279339,0.49825086752782544,1.8781399520030915,2.3763908195309167,2.280943825976854,1.9353692618294625,True
SMARCE1,DIG,-1.3638715061728994,0.4195388915137848,-1.9676506583654032,-1.5481117668516184,-1.6266896886070714,-1.9104213485390293,True
HS1BP3,DIG,1.6636381469917019,0.5109619192773794,2.4001225044986327,2.9110844237760123,2.844662895861126,2.457351814325004,True
ELMOD3,DIG,-1.0813305773637825,0.5849625007211562,-1.5600302615243287,-0.9750677608031725,-1.0467020171222265,-1.5028009516979577,True
WDR45P1,NEUTRAL,0.016538342486247026,0.13750352374993502,0.023859784689431836,0.16136330843936686,0.08108909451580451,0.0810890945158042,False
AMPD3,NEUTRAL,0.0027207059714916483,0.13750352374993502,0.0039251490127879905,0.141428672762723,0.06115445883916149,0.06115445883916057,False
RRP15,DCG,-0.8444332940698608,1.2403143293337107,-1.2182597257161198,0.022054603617590818,-0.06346465018195221,-1.1610304158897462,True
CSDC2,NEUTRAL,0.009438876929360105,0.13750352374993502,0.01361742093754907,0.15112094468748408,0.07084673076392313,0.07084673076392313,False
SMAD5-AS1,NEUTRAL,0.013495047992218796,0.13750352374993502,0.01946923881493262,0.15697276256486764,0.07669854864130608,0.07669854864130637,False
PNOC,NEUTRAL,0.024262789051288012,0.13750352374993502,0.03500380544242825,0.17250732919236328,0.09223311526880115,0.09223311526880146,False
ZNF845,DSG,-0.0944696949807002,-0.7369655941662062,-0.13629096046294917,-0.8732565546291554,-0.9535307685527181,-0.07906165063657718,False
MTHFD1L,DIG,-0.5855426834641334,0.49825086752782544,-0.8447595256625213,-0.3465086581346959,-0.43950670219810356,-0.787530215836149,True
NFIA-AS2,DIG,0.7653772761778657,0.523561956057013,1.1042060007509094,1.6277679568079222,1.5572261671669105,1.1614353105772834,True
PMS2P1,DSG,0.021792814239317015,-0.7369655941662062,0.031440385030077046,-0.7055252091361291,-0.7857994230596907,0.08866969485645074,False
CCT7,DIG,-1.4355379491499576,0.5728896684205812,-2.0710434802465567,-1.4981538118259756,-1.5722279838693392,-2.0138141704201837,True
RPS15P5,NEUTRAL,0.01810172633005616,0.13750352374993502,0.0261152708079012,0.16361879455783623,0.08334458063427347,0.08334458063427377,False
LAMA4-AS1,DIG,0.9249376817977393,0.523561956057013,1.3344030066609325,1.8579649627179453,1.7747201757728956,1.391632316487307,True
MIR6513,NEUTRAL,0.010981557132569764,0.13750352374993502,0.015843038016397224,0.15334656176633224,0.07307234784277065,0.07307234784277035,False
TLL1,NEUTRAL,0.000534007344641618,0.13750352374993502,0.0007704097479127458,0.13827393349784778,0.057999719574287144,0.057999719574287144,False
RPL21P75,DSG,0.039168118551553326,1.1375035237499351,0.056507650395277,1.1940111741452122,1.113555990144541,0.11373696022164918,False
UBE3B,NEUTRAL,0.03427098827302527,0.13750352374993502,0.04944258482785738,0.1869461085777924,0.10667189465423153,0.10667189465423124,False
NCAM2,DIG,1.1058717605288133,0.4724877714627438,1.5954357047740664,2.0679234762368104,1.9836219708745957,1.6526650146004391,True
CERKL,NEUTRAL,-0.044921593963137565,0.13750352374993502,-0.06480816083944617,0.07269536291048885,-0.007578851013071587,-0.007578851013071749,False
MIR711,NEUTRAL,-0.02884143936472401,0.13750352374993502,-0.04160940154358707,0.09589412220634795,0.015619908282786449,0.015619908282786449,False
TNFSF18,DCG,-0.9471420751736083,1.2249663650002742,-1.3664371748702464,-0.14147080986997218,-0.21841978438810786,-1.3092078650438705,True
SLC25A21,DIG,1.1594749431219338,0.4854268271702419,1.6727687504770268,2.1581955776472688,2.0769978295694083,1.7299980603033993,True
SF3A3P2,NEUTRAL,0.020181900433012566,0.13750352374993502,0.029116327670422056,0.16661985142035707,0.08634563749679555,0.08634563749679525,False
NOS2,DSG,0.0932878829049625,1.2854022188622483,0.1345859660420197,1.419988184904268,1.3451868588823517,0.1918152758683915,False
TMPPE,NEUTRAL,-0.038446393080266365,0.13750352374993502,-0.05546642063696804,0.08203710311296697,0.0017628891894062972,0.0017628891894066172,False
CLPSL1,DIG,0.8569642510516933,0.6892991605358918,1.2363380752114026,1.9256372357472944,1.8394012421030947,1.2935673850377734,True
NXNL1,DIG,1.193004546573116,0.523561956057013,1.721141743099021,2.244703699156034,2.1540519420791036,1.7783710529253949,True
GRB14,NEUTRAL,0.024001556528610628,0.13750352374993502,0.03462692657744268,0.1721304503273777,0.09185623640381545,0.09185623640381575,False
LINC00384,NEUTRAL,0.010345222449745511,0.13750352374993502,0.014925001125141023,0.15242852487507605,0.07215431095151457,0.07215431095151488,False
ZNF346-IT1,DIG,-0.7908469967296564,0.49825086752782544,-1.1409510402838057,-0.6427001727559802,-0.7275810769892216,-1.0837217304574305,True
EIF2AK2,DIG,1.2765761346465847,0.4195388915137848,1.8417100587718294,2.2612489502856143,2.1956695689215233,1.8989393685982008,True
GRAMD4,NEUTRAL,-0.007276726251813047,0.13750352374993502,-0.010498096877397218,0.1270054268725378,0.046731212948976406,0.046731212948976406,False
ZEB2,NEUTRAL,-0.05931912992012945,0.13750352374993502,-0.08557941456561889,0.05192410918431613,-0.028350104739245922,-0.028350104739245922,False
ZC3H7B,NEUTRAL,0.03170744275860525,0.13750352374993502,0.04574417042711047,0.1832476941770455,0.10297348025348514,0.10297348025348484,False
OTOF,DIG,-1.6379338268360992,0.49825086752782544,-2.3630390092807225,-1.864788141752897,-1.9358461985917104,-2.305809699454349,True
DNAI1,DIG,-1.373522349220274,0.4724877714627438,-1.9815738817702484,-1.5090861103075046,-1.590798877304591,-1.924344571943875,True
HNRNPAB,DIG,1.6135787415241025,0.5109619192773794,2.327902048480677,2.8388639677580567,2.748790924125188,2.3851313583070497,True
SYMPK,DIG,0.8029995608078958,0.45943161863729726,1.158483484213567,1.6179151028508643,1.536240233874333,1.2157127940399397,True
POMP,NEUTRAL,0.02967069038029733,0.13750352374993502,0.042805757871406835,0.18030928162134185,0.10003506769778149,0.1000350676977818,False
GFRA2,NEUTRAL,-0.023450701701179914,0.13750352374993502,-0.03383221104965864,0.10367131270027638,0.023397098776715614,0.02339709877671593,False
CCNQP3,NEUTRAL,-0.03364987580883365,0.13750352374993502,-0.0485465089559338,0.08895701479400123,0.008682800870439161,0.008682800870439161,False
RPSAP41,DIG,-0.6159245736656865,0.4462562298895641,-0.8885913279891351,-0.442335098099571,-0.5241190242497482,-0.8313620181627615,True
LINC00431,DIG,1.1772931760089642,0.4195388915137848,1.6984750267005502,2.118013918214335,2.0466057021899293,1.7557043365269231,True
UHRF1,NEUTRAL,0.057595015467623974,0.13750352374993502,0.08309204319506425,0.22059556694499927,0.14032135302143894,0.14032135302143894,False
HERPUD2,DSG,-0.11468675879560179,1.399171093819823,-0.1654580181700434,1.2337130756497796,1.1560226335239987,-0.10822870834366953,False
HTD2,NEUTRAL,0.056104046260166754,0.13750352374993502,0.08094102931334757,0.2184445530632826,0.13817033913972074,0.13817033913972074,False
PRSS23,DIG,-0.6051041734992023,0.37851162325372983,-0.8729807903285142,-0.49446916707478433,-0.5657232992294063,-0.81575148050214,True
OR2AE1,DSG,0.02429559689950266,1.3001237245690138,0.03505113716234976,1.3351748617313637,1.2508037212700283,0.0922804469887235,False
TMOD3,NEUTRAL,-0.001089362906960278,0.13750352374993502,-0.0015716184635999782,0.13593190528633503,0.05565769136277422,0.05565769136277422,False
ARFIP1,NEUTRAL,0.02520794155982376,0.13750352374993502,0.036367372279376545,0.17387089602931155,0.09359668210575037,0.09359668210575037,False
ZNF664,NEUTRAL,-0.03688757367555666,0.13750352374993502,-0.05321751961215187,0.08428600413778314,0.004011790214221543,0.004011790214221863,False
KRT8P29,DCG,-0.8584239413819208,1.3219280948873624,-1.2384439632120554,0.083484131675307,0.0034017474004358035,-1.181214653385666,True
TIAM2,DIG,0.6621486906557202,0.4195388915137848,0.955278632340128,1.3748175238539129,1.282113790766323,1.012507942166499,True
C11orf52,NEUTRAL,-0.0074563912829269,0.13750352374993502,-0.010757298726806336,0.12674622502312868,0.046472011099567084,0.04647201109956677,False
CLCA3P,NEUTRAL,-0.018152522750405443,0.13750352374993502,-0.02618855455163402,0.111314969198301,0.031040755274739863,0.031040755274739863,False
MTMR12,DCG,-0.8883517105117167,1.3001237245690138,-1.2816206073204817,0.018503117248532153,-0.0636790042699251,-1.2243912974941094,True
ANKRD12,NEUTRAL,0.044731824184957636,0.13750352374993502,0.06453438092155538,0.2020379046714904,0.1217636907479288,0.1217636907479285,False
DNALI1,NEUTRAL,-0.007319441806352763,0.13750352374993502,-0.010559722396100488,0.12694380135383454,0.04666958743027358,0.046669587430274204,False
CYREN,DSG,0.09384015460532766,1.3219280948873624,0.13538272568535983,1.4573108205727223,1.3784201774974907,0.1926120355117332,False
GLT8D2,NEUTRAL,0.034027258268617966,0.13750352374993502,0.04909095675918312,0.18659448050911814,0.10632026658555564,0.10632026658555564,False
MAGOH2P,NEUTRAL,0.05433479095898936,0.13750352374993502,0.07838853346427244,0.21589205721420746,0.13561784329064663,0.13561784329064694,False
RSPO4,DSG,0.03629841641036981,-3.321928094887362,0.05236754534736309,-3.269560549539999,-3.34983476346356,0.10959685517373688,False
SULF1,DCG,-0.882291842454727,1.145677455195635,-1.2728780657262213,-0.1272006105305863,-0.20855495523735348,-1.2156487558998477,True
RHBG,DCG,2.0794415416798357,-3.321928094887362,3.0,-0.3219280948873622,-0.40220230881092334,3.057229309826374,True
DERL1,DCG,-0.8500930497894572,1.2016338611696507,-1.2264250272254247,-0.024791166055774028,-0.10110985589094408,-1.1691957173990515,True
HRNR,DCG,-0.8909148426170538,1.3001237245690138,-1.2853184252979948,0.014805299271019035,-0.06608098905704991,-1.2280891154716218,True
STON1,DIG,-0.9985295282236332,0.5849625007211562,-1.440573598549432,-0.8556110978282757,-0.9168343866356741,-1.3833442887230598,True
LOXL4,NEUTRAL,-0.0748302256854271,0.13750352374993502,-0.10795719550496763,0.02954632824496739,-0.05072788567859246,-0.05072788567859279,False
MYO1A,DIG,-1.3228856073118647,0.560714954474479,-1.9085205053322118,-1.347805550857733,-1.4266278819549822,-1.8512911955058333,True
TMEM70,DCG,-0.8770920557010758,1.1699250014423124,-1.2653763591630487,-0.09545135772073632,-0.1738575860342032,-1.2081470493366746,True
BIVM,DIG,-1.448104750886914,0.4329594072761063,-2.089173542792299,-1.6562141355161926,-1.7250676308815587,-2.0319442329659263,True
PIAS1,NEUTRAL,0.01808984443764937,0.13750352374993502,0.026098128860649546,0.16360165261058457,0.08332743868702171,0.08332743868702171,False
CCL19,DIG,1.1525511437630038,0.5109619192773794,1.6627798194777883,2.173741738755168,2.0926169030171917,1.7200091293041613,True
MFSD12,NEUTRAL,0.012149061510989021,0.13750352374993502,0.017527390793358837,0.15503091454329385,0.07475670061973326,0.07475670061973265,False
TRAPPC2B,DSG,0.09120919372988151,1.412781525338476,0.1315870514775808,1.5443685768160567,1.4578886855092155,0.18881636130395324,False
MOB4P1,DIG,-0.5957425119722616,0.45943161863729726,-0.8594747676691158,-0.40004314903181853,-0.4734428492732577,-0.8022454578427395,True
INHA,NEUTRAL,-0.032474816703050094,0.13750352374993502,-0.04685125701126845,0.09065226673866657,0.010378052815104231,0.010378052815104549,False
SERPINH1,DIG,-1.3851759463519224,0.4195388915137848,-1.9983864685605954,-1.5788475770468107,-1.650457273700503,-1.9411571587342238,True
NYNRIN,DIG,1.2587102950307736,0.3645724322958561,1.8159351005567812,2.180507532852637,2.1087261988503423,1.8731644103831544,True
CNNM3,DIG,0.7542509701807525,0.3923174227787603,1.088154134265461,1.4804715570442213,1.3983376829294938,1.1453834440918336,True
SRGAP3,DIG,-0.9689772923638005,0.405992359675837,-1.3979387344272702,-0.9919463747514332,-1.0692894140028835,-1.3407094246008986,True
DPRXP4,DIG,-0.7677228572521083,0.45943161863729726,-1.1075899589347222,-0.6481583402974249,-0.7187958053668722,-1.0503606491083468,True
RNASE4,DIG,-1.2955162200832155,0.405992359675837,-1.86903482610527,-1.463042466429433,-1.5394572964641073,-1.8118055162788964,True
INSIG2,NEUTRAL,-0.015284073778391827,0.13750352374993502,-0.022050257444666932,0.11545326630526809,0.035179052381705704,0.03517905238170539,False
PLEKHM3,NEUTRAL,0.011922186848502157,0.13750352374993502,0.01720007984288568,0.1547036035928207,0.0744293896692578,0.0744293896692581,False
CEBPZOS,DIG,-1.1780364380055328,0.4854268271702419,-1.699547327097081,-1.214120499926839,-1.288074704612622,-1.6423180172707088,True
RPS3AP20,NEUTRAL,0.020158446124458544,0.13750352374993502,0.02908249025578369,0.1665860140057187,0.08631180008215743,0.08631180008215743,False
GTF2F2P1,NEUTRAL,-0.004486005887313705,0.13750352374993502,-0.006471938447026176,0.13103158530290884,0.05075737137934715,0.05075737137934715,False
ETAA1,DIG,0.9090737059375703,0.5728896684205812,1.3115161273586846,1.8844057957792657,1.8123307275924148,1.3687454371850574,True
AIDA,DCG,2.0794415416798357,-3.321928094887362,3.0,-0.3219280948873622,-0.40220230881092334,3.057229309826374,True
ERP44,NEUTRAL,-0.017853505465454764,0.13750352374993502,-0.025757163797495593,0.11174635995243942,0.03147214602887764,0.03147214602887764,False
ROPN1L,DCG,-0.9998753102414115,1.371558862611963,-1.4425151515925982,-0.07095628898063522,-0.15609855993213825,-1.3852858417662257,True
TP63,DSG,0.03143727725975901,1.399171093819823,0.04535440400170571,1.4445254978215287,1.3615175457869124,0.10258371382807811,False
AUP1,DIG,0.6342173540912686,0.5969351423872323,0.9149822315931929,1.5119173739804252,1.4389281438332218,0.972211541419564,True
ZNF576,DIG,-1.381057414812126,0.608809242675524,-1.9924446835323861,-1.383635440856862,-1.458613067742695,-1.9352153737060143,True
HNRNPA1P51,NEUTRAL,0.0074630117041123364,0.13750352374993502,0.01076684997561916,0.14827037372555418,0.06799615980199208,0.06799615980199178,False
NDUFA9,DSG,0.06182257347434045,1.1210154009613662,0.08919112016642454,1.2102065211277908,1.1294923217739665,0.1464204299927984,False
COG2,DCG,0.8533506384321171,-0.7369655941662062,1.2311247342054463,0.4941591400392401,0.41388492611567723,1.2883540440318189,True
SCAF11,DIG,0.6417009836365416,0.5484366246960424,0.9257788268260084,1.474215451522051,1.3930007407300242,0.9830081366523801,True
SLC26A7,DCG,-1.0526300867786385,1.4528589647138113,-1.518624206086061,-0.06576524137224982,-0.14844538019387918,-1.4613948962596874,True
SLC7A2,NEUTRAL,-0.025758901306008636,0.13750352374993502,-0.0371622391729269,0.10034128457700811,0.020067070653446484,0.020067070653445852,False
RSPRY1,NEUTRAL,0.012088647788149148,0.13750352374993502,0.017440232215016113,0.15494375596495114,0.07466954204138938,0.07466954204138908,False
NKAPD1,NEUTRAL,-0.01185473478459671,0.13750352374993502,-0.017102767084791567,0.12040075666514345,0.04012654274158152,0.04012654274158121,False
HSPH1,NEUTRAL,0.009236058256951613,0.13750352374993502,0.013324815444665655,0.15082833919460067,0.07055412527103787,0.07055412527103817,False
RELL1,NEUTRAL,-0.0307280100860113,0.13750352374993502,-0.04433114776747455,0.09317237598246048,0.012898162058898516,0.012898162058898198,False
PTPRZ1,DIG,1.7228201135026542,0.4195388915137848,2.48550403409404,2.905042925607825,2.8186216526199717,2.542733343920414,True
POLK,NEUTRAL,-0.006012017110769745,0.13750352374993502,-0.008673507271447105,0.1288300164784879,0.048555802554926523,0.048555802554926836,False
ANO5,DIG,1.650919490235316,0.5484366246960424,2.381773361469426,2.930209986165468,2.8538418290217167,2.439002671295797,True
UNC13A,DIG,1.4549928138761195,0.523561956057013,2.099110917108156,2.622672873165169,2.537769654345311,2.1563402269345278,True
SMOC1,NEUTRAL,-0.02302641974775882,0.13750352374993502,-0.033220101579519344,0.10428342217041567,0.02400920824685524,0.02400920824685524,False
SUMO2P19,DCG,-0.9728680092665601,1.3575520046180838,-1.4035518524083845,-0.04599984779030075,-0.12121638888214387,-1.346322542582003,True
GATA6,NEUTRAL,-0.044214744117051286,0.13750352374993502,-0.06378839207184436,0.07371513167809066,-0.006559082245469969,-0.006559082245469969,False
AJUBA,DIG,-1.550527163738714,0.4854268271702419,-2.2369378498894723,-1.7515110227192303,-1.8272915267811178,-2.1797085400630998,True
PNMA8B,DIG,0.8179391595537738,0.5109619192773794,1.180036769237116,1.6909986885144956,1.601858640623403,1.2372660790634882,True
RNU6-856P,NEUTRAL,-0.017960680607895362,0.13750352374993502,-0.025911784844001213,0.11159173890593381,0.031317524982371454,0.03131752498237177,False
ZNF2,DIG,1.6413664294577768,0.523561956057013,2.367991208060359,2.891553164117372,2.813858896850529,2.425220517886732,True
CSDE1,NEUTRAL,-0.002775071042161378,0.13750352374993502,-0.004003581230640788,0.13349994251929423,0.05322572859573166,0.05322572859573166,False
EFCAB6-AS1,NEUTRAL,0.0038544585378337054,0.13750352374993502,0.005560808217844812,0.14306433196777985,0.06279011804421866,0.06279011804421897,False
RSC1A1,NEUTRAL,0.03185311793608184,0.13750352374993502,0.04595433528323656,0.18345785903317158,0.10318364510961016,0.10318364510961016,False
LSS,DSG,0.07231310413043901,1.371558862611963,0.10432575672027158,1.4758846193322346,1.3980309512077307,0.16155506654664437,False
METTL4,NEUTRAL,0.02886052966056503,0.13750352374993502,0.04163694301872601,0.17914046676866102,0.09886625284509858,0.09886625284509827,False
CLEC4D,DSG,-0.03626549424283286,1.070389327891398,-0.05232004869952222,1.018069279191876,0.9383662208048728,0.00490926112685207,False
GMCL2,DIG,-0.6426205397138993,0.49825086752782544,-0.9271054658186317,-0.4288545982908063,-0.5235064195488215,-0.8698761559922589,True
FSTL5,NEUTRAL,-0.05534020172743197,0.13750352374993502,-0.07983903459396095,0.057664489155974066,-0.022609724767587613,-0.02260972476758794,False
KRT32,DIG,1.0428941054467136,0.405992359675837,1.5045781541003054,1.9105705137761424,1.829587119767742,1.5618074639266792,True
RASSF3,DSG,-0.08347971383755526,1.3219280948873624,-0.12043576916827076,1.2014923257190917,1.1291308714824233,-0.06320645934189757,False
TEX9,NEUTRAL,-0.07088509917620829,0.13750352374993502,-0.10226558105443806,0.03523794269549696,-0.04503627122806557,-0.045036271228065236,False
IKZF1,DSG,-0.03534799826242743,1.0959244199985356,-0.05099638179855576,1.04492803819998,0.9636775883220289,0.006232928027817675,False
RPS26P47,DIG,1.340909830581193,0.45943161863729726,1.9345239628587474,2.3939555814960447,2.324104116616061,1.9917532726851201,True
RPL21P99,DSG,-0.04396948715386322,1.4262647547020981,-0.06343456106730945,1.3628301936347886,1.2817341403883544,-0.006205251240935928,False
NACAP8,DIG,0.8980381531237898,0.53605290024021,1.2955951900407752,1.8316480902809853,1.7484896028966468,1.3528244998671473,True
AFAP1-AS1,NEUTRAL,0.0625698816447149,0.13750352374993502,0.09026925795783956,0.2277727817077746,0.1474985677842126,0.14749856778421291,False
LCK,NEUTRAL,-0.045625104820947164,0.13750352374993502,-0.06582311246521962,0.0716804112847154,-0.00859380263884674,-0.00859380263884674,False
SCN2A,NEUTRAL,-0.009686871766706025,0.13750352374993502,-0.013975201859554094,0.12352832189038093,0.04325410796682039,0.04325410796682039,False
LINC01291,DIG,0.7527250007113839,0.560714954474479,1.0859526256794552,1.646667580153934,1.5714798005109085,1.1431819355058277,True
RBP5,DSG,0.012412071922408414,-0.7369655941662062,0.01790683460961576,-0.7190587595565905,-0.7993329734801521,0.0751361444359892,False
MLNR,NEUTRAL,0.06007053189919828,0.13750352374993502,0.08666345847453565,0.22416698222447068,0.14389276830090866,0.14389276830090866,False
THAP3,NEUTRAL,0.015425282475555548,0.13750352374993502,0.022253978531795424,0.15975750228173044,0.07948328835817052,0.07948328835817021,False
ANKRD11,NEUTRAL,-0.007937580866572884,0.13750352374993502,-0.011451508552859821,0.1260520151970752,0.04577780127351394,0.045777801273514246,False
MIR6826,DSG,-0.0005380044467042176,1.1699250014423124,-0.0007761763472363853,1.169148825095076,1.0856863390774603,0.05645313347913801,False
FPR2,DSG,0.07403953856030278,1.2555007331483865,0.106816475110656,1.3623172082590425,1.2791270523446292,0.1640457849370295,False
FN1,NEUTRAL,-0.01984851567359517,0.13750352374993502,-0.028635355131302616,0.10886816861863241,0.028593954695072567,0.02859395469507194,False
PDE8A,NEUTRAL,0.013406535592376262,0.13750352374993502,0.019341542414622614,0.15684506616455762,0.07657085224099526,0.07657085224099526,False
NCKAP1,DIG,-0.8719333294724448,0.4724877714627438,-1.257933890415699,-0.7854461189529551,-0.8564498059521765,-1.2007045805893255,True
LINC02828,DSG,0.0754159367014333,-3.321928094887362,0.1088021978831538,-3.2131258970042085,-3.29340011092773,0.16603150770952796,False
WNT5A,NEUTRAL,-0.03411440209610109,0.13750352374993502,-0.0492166787269371,0.08828684502299791,0.008012631099436618,0.008012631099436618,False
PRKAR1B,DSG,0.009368129816696253,-0.7369655941662062,0.013515354428951718,-0.7234502397372545,-0.8037244536608167,0.0707446642553246,False
SERPINB9P1,DIG,1.6603512472544744,0.5109619192773794,2.3953805105478354,2.906342429825215,2.81889172696138,2.4526098203742084,True
NCAPH,DIG,-0.7025677904056398,0.560714954474479,-1.0135910671065331,-0.4528761126320541,-0.5318707066382613,-0.9563617572801609,True
TICAM2,NEUTRAL,-0.028325836698541104,0.13750352374993502,-0.04086554413401586,0.09663797961591916,0.016363765692358784,0.016363765692358784,False
DNAJB6P1,NEUTRAL,0.02671081105470587,0.13750352374993502,0.03853555464674626,0.1760390783966813,0.09576486447311985,0.09576486447311955,False
SNAI2,DCG,-1.0394610961279032,1.399171093819823,-1.4996253685807321,-0.10045427476090918,-0.1811931206532564,-1.4423960587543587,True
RP1L1,NEUTRAL,-0.04052632752579405,0.13750352374993502,-0.05846713174690497,0.07903639200303006,-0.0012378219205306496,-0.00123782192053097,False
CFAP410,DSG,0.0139882196610413,1.2630344058337937,0.02018073513584978,1.2832151409696435,1.2048910803266282,0.07741004496222205,False
CD247,DCG,-0.8159546278562234,1.2172307162206693,-1.1771736951985732,0.04005702102209607,-0.0457620501590664,-1.1199443853722002,True
PHACTR2,DIG,1.311371370033843,0.523561956057013,1.8919089723115912,2.415470928368604,2.3304645963513773,1.9491382821379633,True
SMO,DIG,1.6564677395040026,0.523561956057013,2.389777793174976,2.913339749231989,2.833019269884441,2.4470071030013476,True
ANKRD28,DIG,1.4759878194146852,0.3645724322958561,2.129400307482081,2.493972739777937,2.4245108415147247,2.1866296173084545,True
POMGNT2,NEUTRAL,0.000674257700052151,0.13750352374993502,0.0009727482401464364,0.13847627199008145,0.058202058066519506,0.058202058066519506,False
SERINC1,DIG,-1.5712059321059817,0.5484366246960424,-2.266771006464621,-1.7183343817685788,-1.8037287723625957,-2.2095416966382477,True
EDDM13,DSG,0.036790420587420526,1.3074285251922473,0.053077357333690824,1.3605058825259382,1.2797783006784893,0.11030666716006389,False
PCSK1,NEUTRAL,-0.055846378323214985,0.13750352374993502,-0.08056929305851117,0.05693423069142385,-0.02333998323213798,-0.02333998323213814,False
ZW10,NEUTRAL,0.0559521821631486,0.13750352374993502,0.08072193573369041,0.21822545948362543,0.13795124556006333,0.1379512455600636,False
SNORD14A,DIG,-1.2356401088911853,0.4462562298895641,-1.782651857420812,-1.3363956275312479,-1.4175966623990965,-1.7254225475944356,True
WWTR1-IT1,DSG,-0.055300320976776916,1.1127001327493624,-0.07978149883276398,1.0329186339165983,0.9569170200174782,-0.02255218900638922,False
PDCL3P4,DIG,1.1682203212715347,0.49825086752782544,1.685385664164155,2.18363653169198,2.114686251435667,1.7426149739905283,True
TEAD2,DIG,1.1773140602812775,0.53605290024021,1.6985051563366493,2.2345580565768595,2.148970197256998,1.7557344661630219,True
GOLGA2P11,NEUTRAL,0.07464024953192985,0.13750352374993502,0.10768311785042997,0.245186641600365,0.16491242767680242,0.16491242767680273,False
RPGRIP1L,NEUTRAL,-0.026840258271814205,0.13750352374993502,-0.038722307504925335,0.09878121624500968,0.0185070023214479,0.0185070023214479,False
URGCP-MRPS24,DSG,-0.02016556719788074,-0.7369655941662062,-0.02909276379309569,-0.7660583579593019,-0.8463325718828637,0.028136546033278205,False
P4HA3-AS1,DIG,-1.636141986533533,0.4195388915137848,-2.360453930162145,-1.9409150386483605,-2.0176793709307277,-2.3032246203357363,True
NPNT,NEUTRAL,-0.014577841057541783,0.13750352374993502,-0.021031379000583054,0.11647214474935197,0.03619793082579197,0.03619793082579197,False
RPS17P5,DSG,0.029744953757692656,1.3219280948873624,0.042912897277694734,1.364840992165057,1.2860495308330702,0.10014220710406813,False
SCPEP1,DSG,0.14875469636595623,1.4594316186372973,0.21460766275610857,1.674039281393406,1.5939056956633644,0.2718369725824804,False
KAT2B,DIG,-1.2062235325276693,0.35049724708413343,-1.740212708581236,-1.3897154614971026,-1.4627811462152014,-1.6829833987548628,True
FTH1P2,DCG,-0.8121369146763209,1.232660756790275,-1.1716658993263913,0.06099485746388367,-0.0210401143505229,-1.1144365895000192,True
ARHGAP22,DIG,-0.5688492340443903,0.35049724708413343,-0.8206759689693272,-0.4701787218851937,-0.5545290481154942,-0.7634466591429556,True
ANAPC1P1,DIG,-1.3040144948385923,0.4854268271702419,-1.8812952449509641,-1.3958684177807221,-1.467181712780696,-1.8240659351245878,True
CTBP2P4,NEUTRAL,0.018753942874786697,0.13750352374993502,0.02705622038256968,0.1645597441325047,0.0842855302089428,0.08428553020894342,False
MYOCOS,DCG,-0.8799703652899405,1.3785116232537298,-1.2695288821330468,0.10898274112068296,0.02460900998803037,-1.2122995723066734,True
L2HGDH,DIG,-1.528363522342661,0.4329594072761063,-2.2049624743593457,-1.7720030670832394,-1.841548053677748,-2.147733164532972,True
EIF1P3,DCG,-0.9831327929241199,1.4789718050329426,-1.418360804886944,0.06061100014599852,-0.02072226442045439,-1.361131495060572,True
BTBD7P1,DCG,-0.8096877257010133,1.2927817492278462,-1.1681324665375152,0.12464928269033093,0.04449976377261819,-1.1109031567111396,True
IL17RD,NEUTRAL,-0.04338618058675836,0.13750352374993502,-0.0625930275756293,0.07491049617430572,-0.00536371774925476,-0.005363717749255082,False
OSBPL3,DSG,0.0676283426815016,1.4789718050329426,0.09756707461014179,1.5765388796430844,1.502081574821313,0.15479638443651456,False
ARHGEF38-IT1,NEUTRAL,-0.019324305827075585,0.13750352374993502,-0.027879080185343647,0.10962444356459138,0.029350229641029596,0.02935022964102991,False
C11orf96,DIG,-0.9271101921711132,0.4724877714627438,-1.337537276602879,-0.8650495051401352,-0.9435283367923976,-1.2803079667765063,True
FCF1P2,NEUTRAL,-0.03591005887461483,0.13750352374993502,-0.05180726385643752,0.0856962598934975,0.00542204596993584,0.00542204596993584,False
NGDN,DIG,-0.5615727854608823,0.3923174227787603,-0.8101782726826167,-0.41786084990385636,-0.4940817075291888,-0.7529489628562434,True
SIRPD,DSG,-0.08463531258846911,1.2249663650002742,-0.12210294575547165,1.1028634192448026,1.0202761723323273,-0.06487363592909759,False
LNCTAM34A,NEUTRAL,0.008559558932369305,0.13750352374993502,0.012348833223926027,0.14985235697386104,0.06957814305029883,0.06957814305029883,False
JMJD6,DCG,-0.9725796888264203,1.4059923596758368,-1.4031358939392078,0.0028564657366290103,-0.07891586055422525,-1.345906584112834,True
LINC02580,DIG,-1.3292641677836319,0.5484366246960424,-1.917722822892841,-1.3692861981967985,-1.441160743321835,-1.860493513066465,True
RPL21P10,NEUTRAL,-0.04187340820674148,0.13750352374993502,-0.060410558364985156,0.07709296538494986,-0.003181248538611138,-0.0031812485386112986,False
PLTP,DCG,-0.8660813113417655,1.2705289423807182,-1.2494912128793754,0.02103772950134286,-0.05922574291598476,-1.192261903053003,True
APH1B,NEUTRAL,0.02549684372459243,0.13750352374993502,0.03678416999979039,0.17428769374972541,0.0940134798261649,0.0940134798261649,False
LRRC1,DSG,-0.022159705421191448,1.2172307162206693,-0.03196969711871318,1.1852610191019561,1.104048950147919,0.02525961270765932,False
SLC45A3,DCG,-0.821868122367765,1.20945336562895,-1.1857050644046983,0.023748301224251644,-0.053977208297961016,-1.1284757545783242,True
SMCO1,DCG,2.0794415416798357,-3.321928094887362,3.0,-0.3219280948873622,-0.4022023088109219,3.057229309826374,True
CYB5D2,NEUTRAL,-0.0315335418398742,0.13750352374993502,-0.04549328443405116,0.09201023931588387,0.011736025392322541,0.011736025392322541,False
SLC25A18,NEUTRAL,0.004804073817766408,0.13750352374993502,0.0069308134729561075,0.14443433722289112,0.06416012329932964,0.06416012329932934,False
CDC40,DIG,0.5926186184558375,0.4329594072761063,0.8549679419847056,1.2879273492608119,1.205125985326031,0.9121972518110782,True
PCDHGC3,DIG,-0.9044332010751103,0.405992359675837,-1.3048212940063924,-0.8988289343305553,-0.9899277164759849,-1.2475919841800183,True
PER2,NEUTRAL,-0.008956725585647769,0.13750352374993502,-0.012921823585017332,0.12458170016491768,0.04430748624135582,0.04430748624135613,False
PRXL2A,DIG,-0.6354227418850196,0.45943161863729726,-0.9167212385855856,-0.4572896199482884,-0.5298418097088796,-0.8594919287592122,True
LY9,DCG,-0.8435645120842111,1.2172307162206693,-1.2170063382538094,0.00022437796685981226,-0.0833813960971094,-1.1597770284274351,True
TPM1,NEUTRAL,0.03879999004752301,0.13750352374993502,0.05597655322810259,0.1934800769780376,0.11320586305447539,0.11320586305447539,False
RNU6-892P,NEUTRAL,-0.021764364116685423,0.13750352374993502,-0.031399340179243763,0.10610418357069126,0.02582996964712975,0.02582996964712975,False
LARP4,DIG,-1.3298761589650894,0.4724877714627438,-1.9186057395353973,-1.4461179680726535,-1.527029098171564,-1.861376429709024,True
FAM20B,DCG,2.0794415416798357,-3.321928094887362,3.0,-0.3219280948873622,-0.40220230881092334,3.057229309826374,True
FAM163B,NEUTRAL,0.013030920031044651,0.13750352374993502,0.018799643707008776,0.15630316745694378,0.07602895353338227,0.07602895353338257,False
ESYT3,DSG,-0.044260327517395864,-3.321928094887362,-0.06385415501746834,-3.3857822499048305,-3.4660564638283913,-0.006624845191094759,False
SPRR1B,DCG,-0.8452988887588059,1.3219280948873624,-1.2195085148812808,0.10241958000608165,0.02229118767292534,-1.1622792050549087,True
GPNMB,DSG,0.01639422002821101,1.446256229889564,0.02365185993394255,1.4699080898235066,1.3862597826153633,0.08088116976031516,False
ECHDC2,NEUTRAL,0.008942304976082078,0.13750352374993502,0.012901019043110315,0.15040454279304533,0.07013032886948511,0.07013032886948511,False
CTLA4,NEUTRAL,0.03192449603716613,0.13750352374993502,0.04605731211569894,0.18356083586563396,0.10328662194207393,0.10328662194207393,False
ANXA2P1,NEUTRAL,0.011328579535240144,0.13750352374993502,0.016343685515807154,0.15384720926574216,0.07357299534218094,0.07357299534218063,False
RN7SL477P,NEUTRAL,0.06610874960419232,0.13750352374993502,0.09537476521333849,0.2328782889632735,0.1526040750397111,0.15260407503971138,False
CD2AP,DSG,-0.013083393801782998,-0.7369655941662062,-0.018875347355829734,-0.755840941522036,-0.8361151554455972,0.03835396247054432,False
ERVFRD-1,DSG,-0.10003014486770502,1.4528589647138113,-0.14431299394004263,1.3085459707737686,1.2371543971570957,-0.08708368411366875,False
PDK1,NEUTRAL,0.04140108998710422,0.13750352374993502,0.05972914721179298,0.197232670961728,0.11695845703816643,0.11695845703816701,False
LIVAR,NEUTRAL,-0.018233727780601946,0.13750352374993502,-0.026305708645993756,0.11119781510394126,0.030923601180380723,0.03092360118038041,False
GIMAP6,DIG,-1.2952292156117058,0.4195388915137848,-1.8686207661775098,-1.449081874663725,-1.5289510248711624,-1.811391456351137,True
CYCSP55,DSG,-0.010844920763588181,1.3785116232537298,-0.01564591340446242,1.3628657098492674,1.2797488753865323,0.041583396421910036,False
HSPB7,NEUTRAL,-0.012378265722029446,0.13750352374993502,-0.017858062571977727,0.1196454611779573,0.03937124725439596,0.03937124725439596,False
PLD2,NEUTRAL,0.01108815165680122,0.13750352374993502,0.015996821407891864,0.15350034515782687,0.0732261312342664,0.0732261312342664,False
MTURN,DSG,0.006326875141327315,1.1618876823768942,0.009127751390716577,1.1710154337676109,1.0897369192949171,0.06635706121708998,False
MIR622,NEUTRAL,-0.021621348868786253,0.13750352374993502,-0.03119301279032813,0.10631051095960689,0.02603629703604603,0.02603629703604603,False
ZNF160,DSG,-0.07500801959097492,1.4659744645040693,-0.10821369789080174,1.3577607666132676,1.2800637105927954,-0.050984388064429044,False
PJA2,NEUTRAL,-0.021910361845833625,0.13750352374993502,-0.031609970379066925,0.10589355337086809,0.025619339447306766,0.025619339447307394,False
LINC02388,DIG,0.973337203625867,0.53605290024021,1.4042287567837695,1.9402816570239794,1.8542186336113147,1.4614580666101415,True
SYNE1,DIG,1.42819897472332,0.405992359675837,2.0604555782360356,2.4664479379118727,2.39445720754079,2.117684888062407,True
MAP10,DCG,-0.8832516135330942,1.1292830169449666,-1.2742627227013703,-0.14497970575640373,-0.22326897273285476,-1.217033412874997,True
METAP1D,NEUTRAL,0.012462636098696264,0.13750352374993502,0.01797978329599288,0.1554833070459279,0.07520909312236707,0.07520909312236676,False
MPZ,DCG,-0.7456726142031275,1.1127001327493624,-1.0757781826375612,0.036921950111801216,-0.04874988179653159,-1.0185488728111898,True
CGREF1,DIG,-1.6009155881179926,0.53605290024021,-2.3096329798596664,-1.7735800796194563,-1.8391500928043762,-2.2524036700332934,True
SIRT1,DIG,-1.5828617079064489,0.45943161863729726,-2.283586736409669,-1.8241551177723716,-1.8996461143861494,-2.226357426583297,True
VSIR,DIG,-1.6512998836559802,0.5109619192773794,-2.382322153171005,-1.8713602338936255,-1.956511662501336,-2.3250928433446325,True
SYNGAP1-AS1,DSG,0.06209516239222492,1.3362833878644325,0.08958438284645776,1.4258677707108902,1.3432513479655301,0.14681369267283131,False
AKR1C4,DCG,-0.8854363416693812,1.2479275134435854,-1.2774146191492821,-0.02948710570569668,-0.11437864470256387,-1.2201853093229038,True
LINC01226,NEUTRAL,0.04114702214125482,0.13750352374993502,0.059362604790536705,0.19686612854047172,0.11659191461691018,0.11659191461691018,False
RPL7AP50,DIG,-1.3678831371050064,0.405992359675837,-1.9734382184170307,-1.5674458587411937,-1.6495597540172984,-1.9162089085906564,True
MEF2AP1,DCG,-0.8599842579413393,1.2555007331483865,-1.2406950241745454,0.014805708973841147,-0.06795058202674786,-1.183465714348164,True
ATXN7,NEUTRAL,0.009169870326007449,0.13750352374993502,0.013229326444925808,0.15073285019486082,0.07045863627129825,0.07045863627129825,False
GPAA1,DCG,-1.1034061663127601,1.3923174227787602,-1.591878604225722,-0.19956118144696178,-0.28442474660885125,-1.5346492943993497,True
ARF6,DIG,-1.1623373533406898,0.405992359675837,-1.676898335504616,-1.270905975828779,-1.3461156847970914,-1.6196690256782424,True
DBNDD2,DCG,-1.0250005428517381,1.3923174227787602,-1.478763200080698,-0.08644577730193781,-0.16438487575759742,-1.421533890254324,True
COL25A1-DT,NEUTRAL,-0.05322584949722543,0.13750352374993502,-0.07678866911674946,0.06071485463318556,-0.019559359290376197,-0.01955935929037636,False
UBQLN4P1,DSG,0.09463196930885961,1.0531113364595626,0.13652507283144835,1.189636409291011,1.105090239314503,0.19375438265782205,False
PTGES3P3,NEUTRAL,-0.020088746683329346,0.13750352374993502,-0.02898193521771386,0.10852158853222116,0.02824737460865907,0.02824737460865907,False
SDHAF2,DIG,0.8445532563886777,0.53605290024021,1.2184327947585707,1.7544856949987806,1.666306233003126,1.275662104584942,True
FXYD5,DSG,-0.08755450705970834,-3.321928094887362,-0.12631445314251896,-3.448242548029881,-3.528516761953443,-0.06908514331614622,False
RNF39,DSG,0.023678430907805383,1.1043366598147357,0.034160754846722784,1.1384974146614586,1.058033170910989,0.09139006467309613,False
SIRT2,DSG,-0.04728409003643246,1.1292830169449666,-0.06821652220850837,1.0610664947364583,0.9887563800331457,-0.010987212382136007,False
PCM1,NEUTRAL,-0.03700187996620484,0.13750352374993502,-0.053382428730812406,0.08412109501912261,0.0038468810955613704,0.003846881095561051,False
WSB1,DIG,-0.8892393853961397,0.5109619192773794,-1.2829012514741605,-0.771939332196781,-0.8385743173689889,-1.225671941647788,True
SNORA17B,NEUTRAL,0.045190689816993417,0.13750352374993502,0.06519638409332779,0.2026999078432628,0.12242569391970029,0.12242569391970029,False
ARAP1,DSG,-0.07379147469791464,1.2403143293337107,-0.10645859460656487,1.1338557347271458,1.0551488174279713,-0.04922928478019189,False
ARHGEF40,DIG,0.8452330241878274,0.4195388915137848,1.21941349239136,1.6389523839051447,1.568540136877995,1.276642802217732,True
CITED2,DIG,1.3155027772076968,0.49825086752782544,1.897869332953203,2.3961202004810285,2.3068861628521393,1.9550986427795767,True
LRRC42,DIG,-1.369407876940124,0.45943161863729726,-1.9756379530158008,-1.5162063343785035,-1.5903958402472178,-1.9184086431894296,True
OASL,DIG,1.153801439463978,0.37851162325372983,1.6645836148852284,2.0430952381389584,1.9577123107747325,1.7218129247116007,True
ZNF384,DSG,-0.027092769968106688,-3.321928094887362,-0.03908660487693296,-3.3610146997642953,-3.4412889136878566,0.018142704949440733,False
SVBP,DIG,0.682299093439962,0.49825086752782544,0.9843495185088686,1.482600386036694,1.3933999312494973,1.0415788283352412,True
TBRG4,DSG,0.07034489309274376,-0.7369655941662062,0.10148622841676572,-0.6354793657494405,-0.7157535796730029,0.15871553824313825,False
ABCA5,DCG,-0.7120727631442911,1.1779177921958432,-1.0273038441403703,0.1506139480554729,0.07204292694839944,-0.9700745343139983,True
SPOCD1,NEUTRAL,-0.026076016408753316,0.13750352374993502,-0.03761973955904765,0.09988378419088736,0.0196095702673265,0.01960957026732587,False
KCNAB3,NEUTRAL,0.013628115291994872,0.13750352374993502,0.01966121434842405,0.15716473809835907,0.07689052417479852,0.07689052417479822,False
LINC00237,DSG,-0.0899100243973739,1.4059923596758368,-0.12971274632429705,1.2762796133515397,1.1975608800599244,-0.07248343649792234,False
EEF1A1P9,NEUTRAL,0.011230956445630911,0.13750352374993502,0.016202845168551656,0.15370636891848669,0.07343215499492603,0.07343215499492572,False
FGF17,NEUTRAL,-0.08909616311778608,0.13750352374993502,-0.12853859269226414,0.008964931057670877,-0.07130928286589229,-0.07130928286589246,False
MIR5001,NEUTRAL,0.017758992132848664,0.13750352374993502,0.025620809881246882,0.1631243336311819,0.08285011970761995,0.08285011970761995,False
PAQR6,DCG,-0.8913278963900946,1.232660756790275,-1.2859143359279812,-0.05325357913770623,-0.1306709751528354,-1.2286850261016087,True
HLA-DMB,DSG,-0.07332014716689672,1.3785116232537298,-0.10577861271493089,1.2727330105387988,1.194750659780488,-0.048549302888557404,False
WFIKKN2,DSG,-0.010648204901390904,1.3291235962915664,-0.015362112405606212,1.3137614838859601,1.2336775815975787,0.041867197420767346,False
HPN,DSG,-0.028786304904777408,1.0789513413948222,-0.04152985933164001,1.0374214820631822,0.9538847000501011,0.015699450494733178,False
NLRX1,NEUTRAL,-0.027344220552401547,0.13750352374993502,-0.03944937138792379,0.09805415236201123,0.017779938438448578,0.017779938438448262,False
IGFL1P1,DIG,-0.7488106712983826,0.4462562298895641,-1.0803054420469123,-0.6340492121573482,-0.7172558729306332,-1.0230761322205362,True
BIN2,DIG,-1.4087727892132997,0.4462562298895641,-2.0324295167373405,-1.5861732868477765,-1.66344753058436,-1.9752002069109682,True
ARHGAP33,DSG,-0.13160629806737184,1.3923174227787602,-0.1898677535715521,1.2024496692072082,1.122542872418015,-0.13263844374517852,False
EZR-AS1,NEUTRAL,0.019220349807835393,0.13750352374993502,0.027729103351915266,0.16523262710185027,0.08495841317828838,0.08495841317828867,False
NTSR1,DCG,-0.9781847303918191,1.2927817492278462,-1.4112222596095851,-0.11844051038173897,-0.20025573829786175,-1.3539929497832093,True
ASB2,NEUTRAL,-0.015104674314287908,0.13750352374993502,-0.02179143872746607,0.11571208502246895,0.035437871098908454,0.03543787109890908,False
CEP250-AS1,DCG,-0.8733551947696161,1.2172307162206693,-1.25998520842874,-0.042754492208070705,-0.11983113665088894,-1.202755898602366,True
RPL27P6,DIG,1.0544015716280895,0.4329594072761063,1.5211799184933739,1.9541393257694801,1.8905457476030412,1.578409228319746,True
NOL9,NEUTRAL,-0.006840080177105011,0.13750352374993502,-0.009868149750792303,0.1276353739991427,0.04736116007558252,0.047361160075582207,False
GANAB,DIG,-1.7137287524559868,0.53605290024021,-2.4723879725970823,-1.9363350723568722,-2.0182399259159847,-2.4151586627707102,True
RAC3,DCG,-0.899352823337733,1.0874628412503395,-1.2974918582388355,-0.21002901698849596,-0.28697477317825865,-1.2402625484124619,True
MCUR1,DSG,0.018896684726422315,1.4329594072761063,0.027262153344051694,1.460221560620158,1.3860765444441443,0.08449146317042554,False
RIPK4,DIG,-1.5163961595566382,0.5484366246960424,-2.187697219415431,-1.6392605947193888,-1.7146366226941618,-2.1304679095890595,True
PAQR5,NEUTRAL,0.015815884257895572,0.13750352374993502,0.022817497786139763,0.16032102153607478,0.08004680761251312,0.08004680761251312,False
CFAP251,DIG,1.6555331084574476,0.3923174227787603,2.3884294055990503,2.7807468283778105,2.6899731372977733,2.445658715425423,True
RPS18,DSG,-0.027473430166868408,1.2172307162206693,-0.0396357814579503,1.177594934762719,1.0994907055794807,0.01759352836842221,False
KRT79,DIG,1.4367771440196895,0.5109619192773794,2.072831260539814,2.5837931798171936,2.498030594578301,2.1300605703661866,True
RDH10-AS1,DCG,2.0794415416798357,-3.321928094887362,3.0,-0.3219280948873622,-0.40220230881092317,3.057229309826374,True
PIP5K1A,DCG,-1.0026368851290022,1.4059923596758368,-1.4464992619879689,-0.040506902312132054,-0.12327873997129143,-1.3892699521615959,True
DNAH10,DIG,-1.602295499023955,0.4329594072761063,-2.311623770480567,-1.8786643632044606,-1.962522778154541,-2.2543944606541935,True
MTHFSD,NEUTRAL,-0.041519358551864796,0.13750352374993502,-0.05989977268366612,0.0776037510662689,-0.002670462857292375,-0.002670462857292375,False
FNBP1P1,DIG,-1.419355103470891,0.45943161863729726,-2.047696569037896,-1.5882649504005988,-1.6599935677547224,-1.9904672592115227,True
CDKL4,DIG,0.6482781071668255,0.49825086752782544,0.9352676103264632,1.4335184778542887,1.362386451132105,0.992496920152836,True
CDC123,DCG,-0.861936831106732,1.145677455195635,-1.2435119917972304,-0.09783453660159536,-0.1737776582761634,-1.1862826819708572,True
AHR,DSG,0.05243142538585171,1.3854310371935206,0.07564255739090797,1.4610735945844286,1.383820019705135,0.13287186721728025,False
SF3A3,NEUTRAL,-0.0010642747606676725,0.13750352374993502,-0.0015354239193585398,0.13596809983057648,0.055693885907016204,0.0556938859070159,False
CD63,DIG,-0.7598605637738228,0.4329594072761063,-1.0962470671235862,-0.66328765984748,-0.7469028885101197,-1.0390177572972124,True
MAP3K14,NEUTRAL,0.0408935334368346,0.13750352374993502,0.05899689789374829,0.1965004216436833,0.11622620772012214,0.11622620772012214,False
PRRT4,DIG,0.7670656972425839,0.5109619192773794,1.1066418774479108,1.61760379672529,1.5381067409543363,1.1638711872742835,True
FAM162B,DIG,1.5756555137847565,0.405992359675837,2.27319039588662,2.679182755562457,2.5950096589858105,2.330419705712992,True
DGKE,DSG,-0.005520544010823036,1.3645724322958561,-0.007964461467423661,1.3566079708284324,1.2831975794936241,0.049264848358949564,False
PLEKHA8,DSG,-0.04970427706006226,-0.7369655941662062,-0.07170811402552289,-0.8086737081917291,-0.8889479221152913,-0.014478804199149735,False
RPL7AP14,DCG,-0.9614216099498684,1.3291235962915664,-1.3870381888781584,-0.05791459258659204,-0.13874210781289573,-1.329808879051773,True
LAPTM4BP1,DCG,-0.9570299147061195,1.3291235962915664,-1.3807023119289064,-0.051578715637339956,-0.12846759414882522,-1.3234730021025307,True
C18orf63,NEUTRAL,0.0020750987674767333,0.13750352374993502,0.002993734701193483,0.1404972584511285,0.06022304452756628,0.060223044527566584,False
RUVBL1,DIG,0.7014955969968818,0.49825086752782544,1.0120442189928442,1.5102950865206697,1.4317126769315796,1.0692735288192163,True
SNORA66,NEUTRAL,-0.03535301144117156,0.13750352374993502,-0.051003614286669,0.08649990946326602,0.006225695539705383,0.006225695539704744,False
SLC7A8,DIG,-1.1894253201224054,0.45943161863729726,-1.715978010848362,-1.2565463922110647,-1.3312573946360027,-1.6587487010219888,True
GASAL1,DCG,0.8712551412862387,-0.7369655941662062,1.2569554716826699,0.5199898775164636,0.4397156635929025,1.3141847815090437,True
VAMP5,DIG,-0.6829121877727825,0.5969351423872323,-0.985234026662426,-0.38829888427519366,-0.4586279053349897,-0.9280047168360536,True
EPB41L4B,NEUTRAL,0.007943608155278191,0.13750352374993502,0.011460204092384973,0.14896372784231998,0.06868951391875878,0.06868951391875878,False
CAMK1G,DCG,-0.927627382168086,1.2479275134435854,-1.338283424046709,-0.09035591060312353,-0.17322139388402993,-1.2810541142203329,True
PEX2,DCG,-1.0665030318196382,1.439623137557117,-1.5386386350992365,-0.09901549754211958,-0.17905396082268865,-1.481409325272863,True
SUFU,NEUTRAL,0.04549370184300914,0.13750352374993502,0.06563353804059038,0.2031370617905254,0.12286284786696365,0.12286284786696365,False
ZNF625-ZNF20,DIG,1.3717825813648523,0.45943161863729726,1.9790639273129333,2.4384955459502304,2.3521459662762334,2.036293237139306,True
SCN4A,DCG,-0.8688617255463231,1.2779847472997656,-1.253502502663908,0.024482244635857686,-0.054004830854371064,-1.196273192837534,True
THYN1,NEUTRAL,0.0012468248204785082,0.13750352374993502,0.0017987879853616157,0.13930231173529664,0.0590280978117357,0.05902809781173509,False
MIR6883,NEUTRAL,0.0016084441336282264,0.13750352374993502,0.0023204943751323876,0.1398240181250674,0.05954980420150679,0.05954980420150648,False
MTX1,DCG,-0.9432787504476223,1.3575520046180838,-1.3608635754467229,-0.0033115708286390877,-0.08400418249645743,-1.3036342656203495,True
TTPAL,DCG,-0.9906195141598761,1.4528589647138113,-1.4291618604862877,0.02369710422752358,-0.05677493696754604,-1.3719325506599147,True
C3orf52,DIG,1.172807108781702,0.560714954474479,1.6920029997586847,2.2527179542331637,2.1708718152759006,1.7492323095850577,True
SPG21,NEUTRAL,0.004672109393492402,0.13750352374993502,0.00674042905248223,0.14424395280241725,0.06396973887885629,0.06396973887885629,False
STK35,DSG,-0.047489397444106324,1.2630344058337937,-0.06851271818741721,1.1945216876463765,1.1084510453765306,-0.011283408361044718,False
LINC00571,NEUTRAL,-0.007432551517378167,0.13750352374993502,-0.010722905215273222,0.1267806185346618,0.04650640461110085,0.04650640461110085,False
LINC01630,NEUTRAL,0.02436179225357242,0.13750352374993502,0.035146636871396096,0.17265016062133112,0.09237594669777026,0.09237594669777026,False
UCHL5,DCG,0.721566020943359,-0.7369655941662062,1.040999720088966,0.3040341259227598,0.2237599119991967,1.0982290299153379,True
EMSLR,DSG,0.20000407257597116,1.1699250014423124,0.28854488366294995,1.4584698851052624,1.3759525394977035,0.34577419348932337,True
RNA5SP37,DIG,-0.5626941082188903,0.4462562298895641,-0.8117959994648308,-0.36553976957526674,-0.43380153345900785,-0.7545666896384554,True
MGLL,DIG,-0.7231687957125564,0.6553518286125543,-1.043312035300149,-0.3879602066875948,-0.4594897630454593,-0.9860827254737772,True
PTH1R,NEUTRAL,-0.02022026626603921,0.13750352374993502,-0.029171677867469166,0.10833184588246586,0.02805763195890523,0.02805763195890523,False
STARD10,DSG,-0.04875765507257494,1.4059923596758368,-0.07034242717857848,1.3356499324972584,1.2561778298851975,-0.013113117352204065,False
NDFIP2,NEUTRAL,-0.04511061856132323,0.13750352374993502,-0.06508086568985465,0.07242265806008037,-0.007851555863479565,-0.007851555863479727,False
ARID3A,NEUTRAL,0.018654606735270196,0.13750352374993502,0.02691290862670817,0.1644164323766432,0.08414221845308133,0.08414221845308133,False
MAT2A,DIG,0.8698960844798271,0.4724877714627438,1.2549947671677735,1.7274825386305173,1.659249591807092,1.3122240769941445,True
GAPLINC,NEUTRAL,-0.0012017182335302592,0.13750352374993502,-0.0017337129360599501,0.13576981081387507,0.05549559689031178,0.055495596890312394,False
CATIP,NEUTRAL,-0.07730258838223579,0.13750352374993502,-0.11152406090693237,0.02597946284300265,-0.05429475108055748,-0.054294751080557646,False
UTP23,DCG,-0.7199494874200348,1.3146965256562866,-1.0386675551914355,0.2760289704648511,0.19386443729222444,-0.9814382453650622,True
EXOC6B,DIG,-1.3557253905037074,0.5969351423872323,-1.9558982976869521,-1.35896315529972,-1.4295149570409964,-1.8986689878605798,True
PSD,NEUTRAL,0.03125203574879117,0.13750352374993502,0.04508715699246563,0.18259068074240065,0.1023164668188389,0.1023164668188386,False
DHCR24-DT,NEUTRAL,-0.01550865299575885,0.13750352374993502,-0.02237425676784906,0.11512926698208596,0.03485505305852513,0.034855053058525445,False
STX17,NEUTRAL,-0.04785613403542389,0.13750352374993502,-0.06904180724902358,0.06846171650091144,-0.011812497422649998,-0.011812497422650321,False
RSRC2,DIG,-1.113505799172858,0.405992359675837,-1.6064492944677844,-1.2004569347919474,-1.292520119847765,-1.5492199846414112,True
LINC01121,DIG,-0.8997209549180721,0.45943161863729726,-1.2980229598441853,-0.8385913412068879,-0.915821578877176,-1.24079365001781,True
VILL,NEUTRAL,-0.05054637069309839,0.13750352374993502,-0.07292299833386828,0.06458052541606674,-0.015693688507493947,-0.01569368850749427,False
ZDBF2,NEUTRAL,-0.0029265376249612996,0.13750352374993502,-0.004222101318506632,0.13328142243142838,0.053007208507866194,0.053007208507866506,False
USP4,NEUTRAL,-0.03897470935551924,0.13750352374993502,-0.0562286199072963,0.08127490384263872,0.001000689919076586,0.001000689919076586,False
FCN2,NEUTRAL,-0.025475119141527707,0.13750352374993502,-0.03675282805153753,0.10075069569839748,0.020476481774836845,0.02047648177483716,False
RABGAP1L-DT,DCG,-0.8919275869489278,1.2705289423807182,-1.2867795065232779,-0.016250564142559654,-0.09515291318613063,-1.2295501966968982,True
KHK,DIG,-1.0319815295390617,0.4724877714627438,-1.488834634955012,-1.016346863492268,-1.091501829217022,-1.4316053251286383,True
VSX1,DCG,-0.892356783853889,1.4059923596758368,-1.2873987067696302,0.1185936529062066,0.03501124607983834,-1.2301693969432532,True
DCLRE1C,DSG,-0.005021545540549898,-0.7369655941662062,-0.007244558848949427,-0.7442101530151557,-0.8244843669387187,0.049984750977422436,False
DDI2,NEUTRAL,0.04248704925825658,0.13750352374993502,0.06129585526689189,0.1987993790168269,0.11852516509326695,0.11852516509326726,False
TMEM234,NEUTRAL,0.018244009981381506,0.13750352374993502,0.026320542726067847,0.16382406647600287,0.08354985255244204,0.08354985255244204,False
DESI2,DCG,-0.7237843473751221,1.1538053360790355,-1.0442000886311436,0.10960524744789191,0.02580315559110618,-0.9869707788047717,True
TMED10P2,DSG,-0.038937961598612215,1.0959244199985356,-0.05617560410064274,1.039748815897893,0.9620361945899665,0.0010537057257316068,False
ZBTB40,NEUTRAL,-0.035846922511365405,0.13750352374993502,-0.05171617733827782,0.0857873464116572,0.005513132488094695,0.005513132488094695,False
NOL11,DCG,-0.9771269298351739,1.20945336562895,-1.4096961759922635,-0.2002428103633136,-0.28053937082477337,-1.352466866165891,True
MKLN1-AS,DIG,-1.472230347464594,0.53605290024021,-2.1239794213334053,-1.5879265210931952,-1.6613050303195815,-2.0667501115070332,True
RNF217,DIG,-1.674194995230423,0.5109619192773794,-2.415352817100053,-1.9043908978226733,-1.9918091882223259,-2.3581235072736795,True
CALML3-AS1,DCG,-0.9152013398868238,1.1937717433966801,-1.3203564344696554,-0.12658469107297532,-0.2074554742615779,-1.2631271246432831,True
APOH,DCG,1.0039953143325282,-0.7369655941662062,1.4484590610632946,0.7114934668970884,0.6312192529735274,1.5056883708896691,True
CNBD2,DCG,-0.9955151615026303,1.2779847472997656,-1.4362247866296203,-0.15824003932985464,-0.233619187789743,-1.3789954768032486,True
MTND4P23,NEUTRAL,-0.0386561182895504,0.13750352374993502,-0.05576899015635152,0.0817345335935835,0.0014603196700226002,0.0014603196700222801,False
C6orf62,DSG,0.03654273569125183,1.3146965256562866,0.05272002356228515,1.3674165492185717,1.2905251044334887,0.10994933338865924,False
ERGIC2,DSG,-0.01086855851346618,1.3074285251922473,-0.015680015468989183,1.2917485097232582,1.212192608460921,0.041549294357382575,False
CHCHD2P9,NEUTRAL,-0.015468480688351171,0.13750352374993502,-0.022316300379170935,0.11518722337076409,0.03491300944720189,0.03491300944720189,False
TBC1D30,DSG,-0.0697272190793111,1.1043366598147357,-0.10059511318070045,1.0037415466340354,0.9258117213524749,-0.04336580335432805,False
SULT1B1,DIG,1.407906272965509,0.4462562298895641,2.031179398043803,2.4774356279333674,2.3928149623028894,2.088408707870175,True
HEATR1,DCG,-0.8240776662269385,1.1127001327493624,-1.1888927623729546,-0.07619262962359219,-0.15925600495617398,-1.1316634525465803,True
PLAC9P1,NEUTRAL,0.005728986367087085,0.13750352374993502,0.008265180221117016,0.14576870397105204,0.06549449004749061,0.06549449004749061,False
ZIK1,DSG,0.008251168623945048,1.4195388915137848,0.011903920055304135,1.431442811569089,1.3634226971777816,0.06913322988167586,False
CHST8,DSG,-0.08547031342293403,1.1937717433966801,-0.12330759731849233,1.0704641460781879,0.9886060764278213,-0.06607828749212034,False
IL18R1,NEUTRAL,0.019522539879562185,0.13750352374993502,0.028165071469801385,0.1656685952197364,0.08539438129617426,0.08539438129617456,False
BLOC1S4,NEUTRAL,0.003117666171327897,0.13750352374993502,0.0044978415245220385,0.14200136527445706,0.06172715135089505,0.061727151350895355,False
EPYC,DIG,-0.9487701532611518,0.632268215499513,-1.3687859950533254,-0.7365177795538125,-0.8157467224311133,-1.3115566852269522,True
STMN1,NEUTRAL,0.032931161688817004,0.13750352374993502,0.047509623659168915,0.18501314740910393,0.10473893348554197,0.10473893348554197,False
BLMH,DIG,1.062938156596293,0.4462562298895641,1.5334956072931285,1.9797518371826925,1.9130121581802102,1.5907249171195004,True
KIFC1,DSG,-0.0035086474211099253,1.145677455195635,-0.00506190823466314,1.1406155469609718,1.0651193673555792,0.05216740159170862,False
RPSAP52,DSG,0.04031718238096886,-0.7369655941662062,0.05816539908363967,-0.6788001950825665,-0.7590744090061264,0.11539470891001433,False
FOXN3,NEUTRAL,-0.016766029322233828,0.13750352374993502,-0.024188267358585695,0.11331525639134932,0.03304104246778782,0.03304104246778782,False
SPNS2,NEUTRAL,0.04031506735084868,0.13750352374993502,0.05816234774017395,0.19566587149010897,0.11539165756654661,0.11539165756654661,False
SNORD116-4,NEUTRAL,0.01725049575938296,0.13750352374993502,0.02488720468493789,0.1623907284348729,0.08211651451131081,0.08211651451131081,False
RPP25,NEUTRAL,0.010724949824704724,0.13750352374993502,0.015472831925884462,0.1529763556758195,0.07270214175225691,0.07270214175225691,False
TMPRSS11CP,NEUTRAL,-0.0164066031879789,0.13750352374993502,-0.023669725057130213,0.1138337986928048,0.033559584769243866,0.03355958476924418,False
STRADBP1,DIG,0.5786729103991198,0.4462562298895641,0.8348485381295937,1.2811047680191578,1.2007175691156637,0.8920778479559663,True
SEMA4F,DIG,-0.9318283179716326,0.4329594072761063,-1.3443440932975785,-0.9113846860214723,-0.9804160965663224,-1.2871147834712053,True
ZNF563,DIG,-1.1985605386363005,0.37851162325372983,-1.7291573452957958,-1.350645722042066,-1.4283262236744088,-1.671928035469422,True
NUSAP1,NEUTRAL,0.042875778028608064,0.13750352374993502,0.06185667233612883,0.19936019608606384,0.1190859821625018,0.1190859821625015,False
OXCT1,DSG,-0.016239569570455668,1.5298209465286954,-0.023428746485467708,1.5063922000432277,1.4277201623388807,0.033800563340905046,False
RRAS2P1,NEUTRAL,0.052616594854043124,0.13750352374993502,0.07590970046439177,0.2134132242143268,0.13313901029076639,0.13313901029076666,False
STEAP1B,DSG,0.04455840989201942,1.3854310371935206,0.06428419698111415,1.4497152341746347,1.3716945129333848,0.1215135068074871,False
RPS27P21,DIG,0.8793517580838293,0.523561956057013,1.268636420584532,1.792198376641545,1.7058171447669586,1.3258657304109027,True
ZNF295-AS1,DIG,1.1837545763953978,0.49825086752782544,1.707796856995256,2.2060477245230814,2.1189786068732896,1.765026166821629,True
LHCGR,DIG,1.5529758871642976,0.4462562298895641,2.2404706110320705,2.6867268409216347,2.6143753255031883,2.2976999208584425,True
TIPARP,DSG,0.09273897079861931,1.3146965256562866,0.13379405326831448,1.448490578924601,1.3710901114156162,0.19102336309468718,False
ADAMTS3,DIG,-1.1793694426310841,0.49825086752782544,-1.701470446259846,-1.2032195787320206,-1.2873251429735952,-1.6442411364334746,True
MIR6732,NEUTRAL,0.05175342779606822,0.13750352374993502,0.07466441363039267,0.2121679373803277,0.13189372345676662,0.13189372345676662,False
TBX5,NEUTRAL,0.029074094918368758,0.13750352374993502,0.04194505255706562,0.17944857630700065,0.09917436238343788,0.09917436238343788,False
ZBTB7C,NEUTRAL,0.041113805160523174,0.13750352374993502,0.05931468281716186,0.19681820656709687,0.11654399264353438,0.11654399264353438,False
ITPRIPL2,DCG,-0.8900077463345542,1.1292830169449666,-1.2840097619896238,-0.15472674504465722,-0.2317389162719139,-1.2267804521632504,True
ATCAY,NEUTRAL,0.023012647054947943,0.13750352374993502,0.033200231783901406,0.17070375553383643,0.090429541610275,0.09042954161027529,False
ENC1,NEUTRAL,-0.10450858319119219,0.13750352374993502,-0.15077401470026466,-0.013270490950329644,-0.09354470487389137,-0.0935447048738912,False
TMEM26-AS1,DIG,-0.8437114311156887,0.4724877714627438,-1.2172182976119343,-0.7447305261491906,-0.8319650942831699,-1.1599889877855616,True
FHDC1,NEUTRAL,0.006218445240933232,0.13750352374993502,0.008971320111133949,0.14647484386106896,0.06620062993750687,0.06620062993750657,False
MTHFD1,NEUTRAL,0.03966436296891622,0.13750352374993502,0.05722357975527527,0.19472710350521028,0.11445288958164838,0.11445288958164809,False
AK6,NEUTRAL,-0.011526865084220255,0.13750352374993502,-0.016629751094000705,0.12087377265593431,0.040599558732371914,0.040599558732371914,False
PLG,NEUTRAL,0.038078360581000906,0.13750352374993502,0.0549354619753918,0.1924389857253268,0.11216477180176548,0.1121647718017649,False
AMMECR1L,NEUTRAL,-0.07171441261559298,0.13750352374993502,-0.10346202744078092,0.034041496309154096,-0.046232717614407545,-0.046232717614407545,False
PRDM8,NEUTRAL,-0.013506823893112514,0.13750352374993502,-0.019486227848753986,0.11801729590118104,0.037743081977618435,0.037743081977618435,False
PIF1,NEUTRAL,-0.030596588963200604,0.13750352374993502,-0.044141547165327505,0.09336197658460751,0.013087762661046212,0.013087762661045894,False
MRPL30P1,DIG,1.3527393677376052,0.53605290024021,1.951590377450315,2.487643277690525,2.4058193314396283,2.0088196872766853,True
FGGY,DIG,1.3927285078653777,0.5484366246960424,2.0092825116020663,2.5577191362981084,2.481562424727956,2.0665118214284393,True
RAD54L,NEUTRAL,0.00240297879989935,0.13750352374993502,0.003466765597976105,0.14097028934791112,0.06069607542435041,0.06069607542435041,False
KAT7,DSG,-0.019448859776557952,1.1292830169449666,-0.02805877355058499,1.1012242433943815,1.0153066313107746,0.02917053627578775,False
TAF15,DIG,1.3593492186278706,0.4462562298895641,1.9611263765507163,2.4073826064402803,2.328025669150314,2.0183556863770895,True
PGR,NEUTRAL,0.023574356533757335,0.13750352374993502,0.03401060726340004,0.17151413101333507,0.09123991708977319,0.09123991708977348,False
KRT40,DIG,-1.3917489557522262,0.4195388915137848,-2.00786931662613,-1.5883304251123453,-1.6706263802413075,-1.9506400067997538,True
LINC01055,NEUTRAL,0.041078791974343526,0.13750352374993502,0.05926416946709476,0.19676769321702978,0.11649347929346836,0.11649347929346866,False
GPRIN1,DIG,-0.8022939156045548,0.4854268271702419,-1.1574654533780797,-0.6720386262078378,-0.7613082656228906,-1.1002361435517067,True
SLC2A3P1,DIG,0.6990693617272818,0.4195388915137848,1.0085439014013624,1.4280827929151472,1.3346808703047415,1.0657732112277363,True
AVIL,DIG,-0.744337298740165,0.4462562298895641,-1.073851729641123,-0.6275954997515589,-0.7099385280341101,-1.0166224198147502,True
TNFRSF17,DCG,-0.8521578863076288,1.1292830169449666,-1.2294039566304371,-0.10012093968547053,-0.1756102952839439,-1.172174646804066,True
SUCLG2P2,DIG,-1.1041215643961089,0.53605290024021,-1.5929107054928306,-1.0568578052526205,-1.1415441679545018,-1.5356813956664588,True
EWSR1,NEUTRAL,0.004440519450192133,0.13750352374993502,0.0064063153897631776,0.1439098391396982,0.06363562521613657,0.06363562521613657,False
BCAN,DCG,0.7745468467237262,-0.7369655941662062,1.1174348947045039,0.38046930053829764,0.3001950866147359,1.1746642045308768,True
ZNF326,NEUTRAL,0.0404516026803529,0.13750352374993502,0.05835932658295583,0.19586285033289086,0.1155886364093294,0.1155886364093294,False
SNAPC5,NEUTRAL,0.03151464450585298,0.13750352374993502,0.04546602134397271,0.18296954509390773,0.10269533117034593,0.10269533117034622,False
CNTN5,NEUTRAL,-0.022664707137466777,0.13750352374993502,-0.032698260590424015,0.104805263159511,0.02453104923594996,0.02453104923594996,False
GFER,DCG,-0.9109597252767304,1.3575520046180838,-1.3142370781063115,0.04331492651177227,-0.038289193782185774,-1.2570077682799399,True
ANKS1A,DIG,-1.0977921316468966,0.5484366246960424,-1.5837792642539017,-1.0353426395578593,-1.1152608373606554,-1.526549954427529,True
ZNF789,DSG,-0.08166631814834302,1.0443941193584534,-0.11781959220027483,0.9265745271581786,0.8446689656156586,-0.060590282373902855,False
PATE2,NEUTRAL,-0.009867983872750489,0.13750352374993502,-0.014236491396789397,0.12326703235314562,0.04299281842958416,0.042992818429584474,False
RPL7P17,DIG,-1.3298997743958387,0.49825086752782544,-1.918639809400228,-1.4203889418724025,-1.5113025680954681,-1.8614104995738394,True
MAB21L2,NEUTRAL,0.030465224783739548,0.13750352374993502,0.04395202871506859,0.1814555524650036,0.1011813385414418,0.1011813385414418,False
FAM78A,NEUTRAL,0.026818819237838493,0.13750352374993502,0.038691377516927125,0.17619490126686216,0.0959206873433017,0.0959206873433017,False
FRZB,DIG,-1.4162958804784946,0.45943161863729726,-2.043283043197792,-1.5838514245604949,-1.6662282633099121,-1.9860537333714205,True
PLA2R1,NEUTRAL,-0.004239988299668329,0.13750352374993502,-0.006117010093358727,0.1313865136565763,0.05111229973301533,0.05111229973301533,False
SPINK2,NEUTRAL,-0.0032719939085946417,0.13750352374993502,-0.004720489385748386,0.13278303436418665,0.05250882044062536,0.052508820440625666,False
RPL9P3,DIG,1.0103316172619654,0.49825086752782544,1.4576004138771639,1.9558512814049893,1.8771039477988158,1.5148297237035355,True
PPM1N,DIG,1.45454804055861,0.5484366246960424,2.0984692448486655,2.6469058695447076,2.5647232245101326,2.1556985546750376,True
PRNP,DSG,-0.09962026380289354,1.4528589647138113,-0.14372166056048483,1.3091373041533265,1.2352015950057325,-0.0864923507341127,False
SRGAP3-AS4,DIG,-0.9475579910877459,0.5109619192773794,-1.3670372146969996,-0.8560752954196201,-0.9423820092229048,-1.3098079048706133,True
BSND,NEUTRAL,0.0269917254403381,0.13750352374993502,0.03894082843781225,0.17644435218774726,0.09617013826418559,0.096170138264185,False
ZNF396,NEUTRAL,0.033130509942032836,0.13750352374993502,0.04779722239549328,0.1853007461454283,0.10502653222186778,0.10502653222186718,False
HIPK3,DIG,1.0916927807563728,0.53605290024021,1.5749797609715013,2.1110326612117114,2.0355480473709835,1.6322090707978743,True
SLC25A46,NEUTRAL,-0.003008281121315812,0.13750352374993502,-0.004340032255322212,0.13316349149461282,0.052889277571051836,0.052889277571051836,False
CATSPERD,DIG,1.6667007892045862,0.35049724708413343,2.4045409632311783,2.7550382103153117,2.678344451664048,2.4617702730575477,True
MIOS,DSG,0.010991715277741045,1.3291235962915664,0.01585769312206046,1.3449812894136268,1.2579539086087437,0.07308700294843445,False
SHOC1,NEUTRAL,-0.027358359806711044,0.13750352374993502,-0.03946977001999796,0.09803375372993706,0.01775953980637575,0.017759539806375433,False
FILIP1,DIG,0.9380262908229314,0.4854268271702419,1.3532858779937118,1.8387127051639536,1.7559055868505737,1.410515187820083,True
EFCAB6,NEUTRAL,-0.003886143805528865,0.13750352374993502,-0.005606520396417858,0.13189700335351717,0.0516227894299555,0.0516227894299555,False
NUTF2,NEUTRAL,0.0029943355010877263,0.13750352374993502,0.004319912978177032,0.14182343672811204,0.06154922280455068,0.06154922280455037,False
EFCAB8,DCG,2.0794415416798357,-3.321928094887362,3.0,-0.3219280948873622,-0.40220230881092295,3.057229309826373,True
RAPGEF2,NEUTRAL,-0.010377667606958673,0.13750352374993502,-0.014971809592553315,0.1225317141573817,0.04225750023382142,0.042257500233821105,False
RUFY1,DIG,-1.15113286486759,0.5484366246960424,-1.6607336755487776,-1.1122970508527352,-1.1965518795017898,-1.6035043657224046,True
RMI1,NEUTRAL,-0.04231219845232028,0.13750352374993502,-0.06104359887627214,0.07645992487366288,-0.0038142890498985824,-0.0038142890498990643,False
HLA-V,DSG,0.07481715720351946,1.3854310371935206,0.10793834167092752,1.493369378864448,1.4071231477986101,0.1651676514972992,False
CDH18,DCG,-0.9684250600607573,1.3923174227787602,-1.3971420316222511,-0.004824608843490896,-0.08571556500247234,-1.3399127217958753,True
HADH,NEUTRAL,-0.027121962849533682,0.13750352374993502,-0.039128721302196946,0.09837480244773808,0.01810058852417545,0.01810058852417545,False
PGM1,NEUTRAL,0.024459613672436938,0.13750352374993502,0.03528776334728466,0.1727912870972197,0.09251707317365954,0.09251707317365923,False
SGMS2,NEUTRAL,-0.00845917959060679,0.13750352374993502,-0.012204016445357548,0.12529950730457748,0.04502529338101498,0.04502529338101498,False
CHCHD3P1,DCG,-0.7948603074823187,1.0959244199985356,-1.146741023804218,-0.050816603805682314,-0.1271781367152677,-1.089511713977838,True
ZBTB11-AS1,DIG,-1.5917528975215331,0.53605290024021,-2.2964140115749543,-1.7603611113347442,-1.838203213050737,-2.239184701748583,True
RAB11FIP2,NEUTRAL,-0.02560095717555657,0.13750352374993502,-0.03693437395918619,0.10056914979074882,0.020294935867186673,0.020294935867186354,False
DSTNP3,DCG,-0.8486472197033458,1.3291235962915664,-1.2243391353302235,0.10478446096134286,0.0238915224352191,-1.1671098255038495,True
ZNF865,DSG,-0.06625682843922558,1.3923174227787602,-0.09558839781430158,1.2967290249644587,1.221026559645473,-0.038359087987929016,False
LINC00426,NEUTRAL,0.0019458782432370438,0.13750352374993502,0.002807308891691811,0.14031083264162683,0.06003661871806566,0.06003661871806628,False
MIR100HG,NEUTRAL,0.03737913207216451,0.13750352374993502,0.053926688473245346,0.19143021222318035,0.11115599829961895,0.11115599829961895,False
PTGS1,NEUTRAL,0.03932700092576307,0.13750352374993502,0.05673686920863406,0.19424039295856907,0.11396617903500703,0.11396617903500732,False
LINC01355,NEUTRAL,0.040879971823533444,0.13750352374993502,0.058977332621492254,0.19648085637142726,0.11620664244786677,0.11620664244786737,False
IRAK3,DSG,0.08036641638060284,1.3575520046180838,0.11594423036631328,1.473496234984397,1.3906499269066872,0.17317354019268602,False
RAG1,DIG,-0.7202972120695109,0.4724877714627438,-1.0391692158188295,-0.5666814443560857,-0.650035054509257,-0.9819399059924567,True
CLEC1A,DSG,0.032152528260155466,1.3219280948873624,0.04638629307296854,1.368314387960331,1.2821317465481448,0.10361560289934144,False
FDXR,DCG,2.0794415416798357,-3.321928094887362,3.0,-0.3219280948873622,-0.40220230881092334,3.057229309826374,True
ZFYVE26,NEUTRAL,0.07839189330620903,0.13750352374993502,0.11309559571876451,0.2505991194686995,0.1703249055451385,0.1703249055451385,False
CASP2,DSG,-0.0034311966689732085,1.3504972470841334,-0.004950170418642378,1.3455470766654911,1.269784992545079,0.052279139407730164,False
COBLL1,NEUTRAL,0.006123555328531833,0.13750352374993502,0.008834422905082063,0.1463379466550171,0.06606373273145626,0.06606373273145656,False
BHLHE40,DIG,-1.0186090660635199,0.3645724322958561,-1.4695422482143787,-1.1049698159185226,-1.1801911850804556,-1.4123129383880062,True
ZCCHC10,NEUTRAL,-0.012472535880151289,0.13750352374993502,-0.017994065661603928,0.11950945808833109,0.03923524416476933,0.03923524416476933,False
STIMATE-MUSTN1,NEUTRAL,0.02578375283176783,0.13750352374993502,0.037198092345898215,0.17470161609583323,0.09442740217227126,0.09442740217227096,False
SEC24B,NEUTRAL,-0.03786271624923093,0.13750352374993502,-0.054624352967351436,0.08287917078258358,0.002604956859021758,0.002604956859021758,False
KPTN,DIG,-0.5705403117854969,0.45943161863729726,-0.8231156784401794,-0.36368405980288215,-0.45165956380294336,-0.7658863686138061,True
POMGNT1,NEUTRAL,0.05252160811007451,0.13750352374993502,0.07577266355991806,0.2132761873098531,0.13300197338629183,0.13300197338629213,False
LINC01908,DIG,-0.9300407006338021,0.5109619192773794,-1.3417651066292833,-0.8308031873519038,-0.9041723137647649,-1.2845357968028919,True
ZDHHC22,NEUTRAL,0.01107195004051043,0.13750352374993502,0.015973447416414755,0.15347697116634978,0.0732027572427883,0.0732027572427883,False
FUBP1,NEUTRAL,0.014275855886059048,0.13750352374993502,0.020595706491262907,0.15809923024119793,0.07782501631763589,0.07782501631763558,False
KRT6B,DIG,1.3396620268137265,0.405992359675837,1.9327237625514206,2.3387161222272574,2.2605279641590257,1.9899530723777938,True
HNRNPCP7,DSG,0.10241438990131643,1.3001237245690138,0.14775273242629797,1.4478764569953118,1.3688549345998968,0.2049820422526702,False
ARHGAP15,NEUTRAL,-0.04854359327767155,0.13750352374993502,-0.07003360128862757,0.06746992246130745,-0.012804291462253172,-0.012804291462253333,False
LRRC69,DCG,-0.7441261547746459,1.0959244199985356,-1.073547113289155,0.02237730670938065,-0.06034518405618224,-1.0163178034627824,True
TRIM71,NEUTRAL,0.052132607663114276,0.13750352374993502,0.07521145454418494,0.21271497829411995,0.13244076437055796,0.13244076437055824,False
VMO1,NEUTRAL,0.0008413225267512453,0.13750352374993502,0.0012137718371321939,0.13871729558706722,0.05844308166350595,0.05844308166350595,False
POU5F1P3,DSG,-0.01748501556553723,1.3575520046180838,-0.025225545246266898,1.332326459371817,1.2528717307116626,0.03200376458010618,False
PNN,DIG,1.6712842838050666,0.4329594072761063,2.4111535481612325,2.844112955437339,2.758564266495234,2.468382857987605,True
PRANCR,DSG,-0.047186129959097975,-3.321928094887362,-0.0680751956907328,-3.390003290578095,-3.4702775045016554,-0.010845885864358746,False
MIRLET7B,NEUTRAL,0.002898739129541507,0.13750352374993502,0.0041819965670203225,0.14168552031695533,0.0614113063933942,0.0614113063933942,False
ACVR2A,NEUTRAL,-0.000672048690691873,0.13750352374993502,-0.000969561313297086,0.13653396243663793,0.05625974851307612,0.05625974851307612,False
SORCS2,NEUTRAL,0.022916682336114578,0.13750352374993502,0.03306178395994021,0.1705653077098752,0.0902910937863147,0.0902910937863147,False
NFIA,DIG,-1.164397671355168,0.4854268271702419,-1.679870746086758,-1.194443918916516,-1.2731388909842856,-1.6226414362603856,True
KCTD5P1,NEUTRAL,0.03967372347438985,0.13750352374993502,0.05723708411010229,0.1947406078600373,0.11446639393647638,0.11446639393647609,False
CDYL2,NEUTRAL,0.0048032639885688564,0.13750352374993502,0.006929645136388832,0.14443316888632385,0.06415895496276205,0.06415895496276236,False
GLYATL1P2,DIG,-1.416799119512253,0.523561956057013,-2.044009063656177,-1.5204471075991641,-1.605420562992193,-1.9867797538297949,True
C6orf163,DIG,-0.600266986986616,0.4854268271702419,-0.8660022053349509,-0.380575378164709,-0.47497182891516365,-0.8087728955085794,True
IPO5P1,DIG,0.6299645122866979,0.560714954474479,0.9088466778120535,1.4695616322865326,1.3821310296639222,0.966075987638425,True
TSPAN12,DIG,-1.6827439062201206,0.45943161863729726,-2.427686288589891,-1.9682546699525938,-2.044309559945279,-2.37045697876352,True
CLIP3,DSG,0.07165531967904003,1.2479275134435854,0.1033767743542644,1.3513042877978498,1.2716789272635731,0.1606060841806382,False
CNNM2,NEUTRAL,-0.049854313540162995,0.13750352374993502,-0.07192457091131665,0.06557895283861837,-0.014695261084942212,-0.014695261084942535,False
MS4A2,DIG,1.3247783583190782,0.523561956057013,1.9112511678239563,2.434813123880969,2.3540723948473405,1.9684804776503277,True
C14orf93,DIG,1.357536656575371,0.4462562298895641,1.9585114022662717,2.4047676321558358,2.331038003498035,2.015740712092645,True
IFT57,DIG,1.3321474947985503,0.405992359675837,1.9218825844785248,2.327874944154362,2.2415771761463827,1.9791118943048962,True
SKP2,DCG,-0.7682537905354644,1.1043366598147357,-1.108355933749663,-0.004019273934927181,-0.08681451515476094,-1.0511266239232901,True
PRDM15,DIG,-0.6701656223903881,0.4724877714627438,-0.9668446199968787,-0.49435684853413486,-0.5624858688131026,-0.9096153101705076,True
MED25,DIG,-1.6293895216233296,0.560714954474479,-2.350712182522418,-1.7899972280479393,-1.8757530965898122,-2.293482872696045,True
TPSD1,DCG,-0.854097600835701,1.145677455195635,-1.2322023731608271,-0.08652491796519213,-0.1595208370188235,-1.1749730633344537,True
NECAP1,DSG,0.0783264271415581,-0.7369655941662062,0.11300114800767658,-0.6239644461585296,-0.7042386600820915,0.17023045783404955,False
GABRA4,NEUTRAL,-0.02820712308384941,0.13750352374993502,-0.04069427659081415,0.09680924715912087,0.016535033235560014,0.016535033235560014,False
NAGPA,DCG,-0.7896018989945038,1.1043366598147357,-1.139154743955879,-0.03481808414114318,-0.12638795892792012,-1.0819254341295046,True
SUCLA2,NEUTRAL,-0.005918644449449241,0.13750352374993502,-0.008538798996005409,0.12896472475392962,0.04869051083036743,0.04869051083036774,False
PAG1,DCG,-0.6629545420484871,1.2016338611696507,-0.9564412301481662,0.24519263102148448,0.1649015752948718,-0.8992119203217929,True
PSMG2,DIG,0.9717761803557894,0.49825086752782544,1.4019766762533163,1.9002275437811418,1.8265969264102673,1.4592059860796884,True
C19orf18,DSG,-0.04606222203164603,1.070389327891398,-0.06645373929738209,1.003935588594016,0.9244403347734149,-0.009224429471008327,False
KISS1,DCG,-0.8549077844687243,1.2854022188622483,-1.2333712210703993,0.05203099779184894,-0.03440975575717792,-1.1761419112440237,True
PPP5C,DIG,0.8965436776422523,0.49825086752782544,1.2934391176748308,1.7916899852026562,1.7049530260090149,1.350668427501204,True
MIR3936,NEUTRAL,0.05752051293829079,0.13750352374993502,0.08298455876546158,0.2204880825153966,0.1402138685918358,0.14021386859183552,False
TMEM86A,DIG,-1.0808800297591648,0.53605290024021,-1.5593802587294623,-1.0233273584892522,-1.1084678721074752,-1.5021509489030895,True
TSPAN18,DIG,0.9230807790875839,0.5484366246960424,1.331724062329578,1.8801606870256204,1.8052789454651383,1.3889533721559513,True
CSN1S1,DIG,-1.5885344673505504,0.5728896684205812,-2.29177079832783,-1.718881129907249,-1.7926682215813148,-2.234541488501457,True
CATSPERG,DSG,0.07036604837635312,1.371558862611963,0.10151674903951753,1.4730756116514805,1.3935089250093635,0.15874605886589085,False
ICOSLG,DSG,-0.06495117157129292,1.4059923596758368,-0.09370473312583252,1.3122876265500043,1.2395024426707988,-0.03647542329945946,False
PLCL2,DIG,1.6906210010694391,0.3645724322958561,2.439050534265615,2.8036229665614707,2.7257054711625073,2.496279844091988,True
HOXC8,DIG,-0.8961497467181724,0.5728896684205812,-1.292870795484208,-0.7199811270636268,-0.8023256682702755,-1.2356414856578364,True
PITPNC1,DCG,-0.9164665865304068,1.3219280948873624,-1.322181799527854,-0.00025370464049156993,-0.08154318418292483,-1.2649524897014803,True
LRRC8E,DIG,-0.921360726221598,0.5484366246960424,-1.3292425505897534,-0.780805925893711,-0.8552141465412214,-1.272013240763381,True
PRKAR2A,NEUTRAL,0.02395286786921052,0.13750352374993502,0.03455668368997861,0.17206020743991363,0.09178599351635248,0.09178599351635248,False
BMP7,DCG,-0.8920198233581569,1.3785116232537298,-1.286912575533462,0.09159904772026772,0.012368778114214477,-1.229683265707088,True
DSG1,NEUTRAL,0.023213693310206687,0.13750352374993502,0.03349028021935249,0.1709938039692875,0.09071959004572518,0.09071959004572518,False
ADAMTSL4,DCG,-0.8870646916969671,1.3434078222978139,-1.2797638316589117,0.06364399063890214,-0.012604109815071582,-1.2225345218325383,True
KRTAP5-2,NEUTRAL,-0.0003606114085927729,0.13750352374993502,-0.0005202522908647772,0.13698327145907024,0.05670905753551013,0.056709057535510435,False
ELMO2,DCG,-0.9706919115606024,1.3854310371935206,-1.4004124070395094,-0.014981369845988857,-0.09520175646198178,-1.3431830972131353,True
SLC7A1,NEUTRAL,0.014147011541302856,0.13750352374993502,0.02040982339403656,0.1579133471439716,0.0776391332204098,0.0776391332204098,False
RTF1,NEUTRAL,-0.003937673707900808,0.13750352374993502,-0.005680862331027353,0.13182266141890767,0.05154844749534593,0.05154844749534624,False
IRAK4,DIG,1.131377442619092,0.560714954474479,1.6322326258402016,2.1929475803146805,2.1110135718865455,1.6894619356665743,True
CALHM1,NEUTRAL,-0.03409994805173635,0.13750352374993502,-0.0491958259488113,0.08830769780112371,0.00803348387756257,0.00803348387756257,False
RXYLT1,DIG,-1.24157955439885,0.49825086752782544,-1.7912206660003498,-1.2929697984725244,-1.379418944006993,-1.7339913561739775,True
GAPDHP61,NEUTRAL,-0.02954094744632226,0.13750352374993502,-0.04261857838397061,0.09488494536596441,0.014610731442401643,0.014610731442402278,False
RNF114,DCG,2.0794415416798357,-3.321928094887362,3.0,-0.3219280948873622,-0.40220230881092317,3.057229309826374,True
EME1,DSG,-0.029180922367258545,-3.321928094887362,-0.042099171987809735,-3.364027266875172,-3.444301480798733,0.015130137838564088,False
TREM2,DSG,0.010670846761258164,1.2927817492278462,0.01539477770455321,1.3081765269323993,1.2242787833835405,0.07262408753092565,False
CNKSR3,DIG,-0.7931165534075738,0.405992359675837,-1.1442253184480535,-0.7382329587722165,-0.8250331386502375,-1.0869960086216803,True
FKTN,NEUTRAL,-0.04281710411350875,0.13750352374993502,-0.061772023769785515,0.0757314999801495,-0.004542713943411521,-0.004542713943411199,False
KLK10,DIG,0.6853828674450458,0.5849625007211562,0.9887984639732254,1.5737609646943815,1.4879300790874865,1.0460277737995982,True
HHATL-AS1,NEUTRAL,-0.014491952020314034,0.13750352374993502,-0.020907467312507852,0.11659605643742717,0.03632184251386614,0.03632184251386614,False
SOHLH1,NEUTRAL,0.07020727765876994,0.13750352374993502,0.1012876913126219,0.2387912150625569,0.1585170011389954,0.1585170011389954,False
FLT4,DIG,1.1666020529867465,0.4724877714627438,1.683050996534863,2.155538767997607,2.069517038282734,1.7402803063612353,True
LINC02574,NEUTRAL,-0.035056676957218307,0.13750352374993502,-0.05057609399622525,0.08692742975370976,0.006653215830148242,0.006653215830147923,False
ERBB3,DIG,0.5756759275711472,0.53605290024021,0.8305248058660482,1.3665777061062583,1.2901359922392877,0.8877541156924207,True
HPS6,NEUTRAL,0.020315262548226232,0.13750352374993502,0.02930872853268327,0.16681225228261828,0.08653803835905742,0.08653803835905742,False
RPSAP19,NEUTRAL,-0.057319799256996706,0.13750352374993502,-0.08269499013282004,0.05480853361711498,-0.025465680306445505,-0.02546568030644567,False
ZNF385C,NEUTRAL,0.015627413831883208,0.13750352374993502,0.0225455924371775,0.1600491161871125,0.0797749022635507,0.0797749022635504,False
GIMAP7,DIG,1.0452443042019515,0.5109619192773794,1.5079687741895906,2.01893069346697,1.9446097842020504,1.5651980840159623,True
UBQLN3,NEUTRAL,-0.01573518170142594,0.13750352374993502,-0.022701068608133965,0.11480245514180105,0.034528241218239455,0.03452824121824008,False
NIN,DIG,1.6398846829960543,0.3923174227787603,2.3658534997881775,2.7581709225669377,2.6925899114993395,2.423082809614551,True
ZNF22-AS1,DIG,1.6826918061840868,0.3923174227787603,2.4276111241262748,2.819928546905035,2.741463022689552,2.4848404339526473,True
PCDHA8,DIG,1.0336249444537542,0.4195388915137848,1.4912055815025616,1.9107444730163463,1.8252892262380507,1.5484348913289336,True
GULP1,DIG,0.9462423158709201,0.49825086752782544,1.3651390965862646,1.86338996411409,1.7924051343997913,1.4223684064126372,True
STXBP5-AS1,DIG,1.2655310953128984,0.45943161863729726,1.8257754352986966,2.2852070539359937,2.208702915343242,1.8830047451250684,True
NSA2P6,NEUTRAL,0.04448038017049244,0.13750352374993502,0.06417162388882523,0.20167514763876027,0.1214009337151988,0.12140093371519939,False
ITFG1-AS1,NEUTRAL,-0.01524037544097375,0.13750352374993502,-0.021987214069978778,0.11551630967995624,0.0352420957563964,0.035242095756396086,False
LBR,DCG,-0.842392481679375,1.0789513413948222,-1.2153154558009813,-0.13636411440615914,-0.21004523966938,-1.1580861459746097,True
IPP,NEUTRAL,0.00843980770337526,0.13750352374993502,0.012176068719715959,0.14967959246965098,0.06940537854608982,0.06940537854608951,False
CYTH4,NEUTRAL,0.012831534104946864,0.13750352374993502,0.018511990620204446,0.15601551437013947,0.07574130044657851,0.07574130044657851,False
ADSL,NEUTRAL,-0.07602710263536007,0.13750352374993502,-0.10968392394519022,0.0278195998047448,-0.052454614118816065,-0.05245461411881623,False
CEP44,NEUTRAL,-0.09081112945118332,0.13750352374993502,-0.13101276611674786,0.006490757633187155,-0.07378345629037315,-0.07378345629037315,False
LRRN4,DSG,0.010560741414736383,-0.7369655941662062,0.015235929267150875,-0.7217296648990553,-0.8020038788226151,0.07246523909352566,False
CHORDC1P1,DIG,-1.580818325012672,0.4462562298895641,-2.2806387580421794,-1.8343825281526154,-1.8972253982966152,-2.2234094482158016,True
OSBPL9,NEUTRAL,-0.02077132320596725,0.13750352374993502,-0.0299666849819508,0.10753683876798423,0.027262624844423707,0.02726262484442339,False
GCNT4,NEUTRAL,0.01912337672712197,0.13750352374993502,0.027589200769270284,0.16509272451920531,0.084818510595645,0.084818510595645,False
SCGB2A1,DIG,-1.4168212529539794,0.4724877714627438,-2.044040995462794,-1.57155322400005,-1.6671867476465811,-1.9868116856364217,True
RN7SKP175,DCG,-0.9420403300697289,1.2555007331483865,-1.359076912509,-0.10357617936061358,-0.1845627237876248,-1.3018476026826258,True
TAF1A,DCG,-0.8153275041667324,1.185866545311334,-1.1762689469617205,0.00959759834961349,-0.06433802215728074,-1.1190396371353484,True
RPL32P1,DSG,0.08797266588463529,1.232660756790275,0.12691772880554503,1.35957848559582,1.2731001225805652,0.18414703863191886,False
PSMA8,DIG,1.1793712915247547,0.45943161863729726,1.7014731136495755,2.160904732286873,2.085112205632926,1.7587024234759465,True
LMX1A,DCG,0.8255399759310065,-0.7369655941662062,1.1910024293312573,0.4540368351650511,0.3737626212414885,1.2482317391576299,True
EML2,DIG,-1.353476676491798,0.560714954474479,-1.952654089133593,-1.391939134659114,-1.4708749229578297,-1.8954247793072208,True
PIK3CD,NEUTRAL,-0.04363086232936434,0.13750352374993502,-0.06294602871228303,0.074557495037652,-0.0057167188859085175,-0.0057167188859085175,False
SCAF4,DIG,-1.1391864944875687,0.4329594072761063,-1.6434987062448978,-1.2105392989687915,-1.2935595558916113,-1.586269396418524,True
POTEKP,NEUTRAL,0.0016036537709390947,0.13750352374993502,0.0023135833426367177,0.13981710709257172,0.05954289316901012,0.05954289316901012,False
PICSAR,DSG,-0.061881503453693185,1.2016338611696507,-0.08927613815539642,1.1123577230142543,1.0335932155788279,-0.03204682832902256,False
TRAPPC12-AS1,DIG,-0.9540571181521508,0.53605290024021,-1.3764134730829238,-0.8403605728427138,-0.9088711573147065,-1.3191841632565506,True
DHX9,DCG,2.0794415416798357,-3.321928094887362,3.0,-0.3219280948873622,-0.40220230881092356,3.057229309826374,True
ST13P6,DCG,-0.8832984249980028,1.3146965256562866,-1.2743302573696507,0.04036626828663592,-0.03706614789431494,-1.217100947543278,True
SNORA5C,DSG,0.03316004504182739,1.2630344058337937,0.04783983253749903,1.3108742383712928,1.227116773549695,0.10506914236387387,False
DNAH9,NEUTRAL,0.029499080420214454,0.13750352374993502,0.04255817703302811,0.18006170078296313,0.09978748685940105,0.09978748685940105,False
KIAA1671,NEUTRAL,0.048754675753431384,0.13750352374993502,0.07033812892962485,0.20784165267955987,0.12756743875599785,0.12756743875599755,False
CKLF,NEUTRAL,-0.02392049530054828,0.13750352374993502,-0.03450997994570876,0.10299354380422626,0.02271932988066618,0.022719329880665863,False
ZNF487,DIG,-0.7869037621196129,0.523561956057013,-1.135262155266834,-0.6117001992098211,-0.6932209178550413,-1.0780328454404609,True
FCER1G,DCG,-0.7026364397939001,1.1375035237499351,-1.0136901072385365,0.12381341651139866,0.042442428646050884,-0.9564607974121647,True
SCG2,NEUTRAL,-0.0337284273343691,0.13750352374993502,-0.04865983485227806,0.08884368889765695,0.008569474974095942,0.008569474974096259,False
NPLOC4,DCG,0.9374823002071,-0.7369655941662062,1.3525010654299616,0.6155354712637554,0.5352612573401918,1.4097303752563335,True
CLLU1,DIG,1.2160905871255212,0.560714954474479,1.7544478593177373,2.3151628137922162,2.2420181262683445,1.8116771691441087,True
RFC3,NEUTRAL,0.07013760541138218,0.13750352374993502,0.10118717550682801,0.23869069925676303,0.15841648533320168,0.15841648533320168,False
DOP1A,DIG,-1.1529465396296696,0.5109619192773794,-1.663350255133815,-1.1523883358564357,-1.2360146441600572,-1.6061209453074416,True
CAPZA1P2,NEUTRAL,0.006000532748486071,0.13750352374993502,0.008656938838932676,0.1461604625888677,0.06588624866530554,0.06588624866530585,False
RN7SKP23,DCG,-0.8087108890663297,1.145677455195635,-1.1667231891688985,-0.02104573397326348,-0.09754813211369183,-1.109493879342525,True
RPS29P11,NEUTRAL,-0.03618665105729176,0.13750352374993502,-0.05220630202673419,0.08529722172320084,0.005023007799639455,0.005023007799639774,False
SLC15A1,DIG,0.7106885573975744,0.45943161863729726,1.025306857374012,1.4847384760113094,1.4059424539431389,1.0825361672003848,True
LINC01361,NEUTRAL,-0.04387458036872821,0.13750352374993502,-0.06329763951904846,0.07420588423088656,-0.006068329692674436,-0.006068329692674436,False
PSORS1C2,DSG,-0.1243822224529431,1.2403143293337107,-0.1794456155076089,1.0608687138261017,0.9769092763034111,-0.12221630568123662,False
OR7E53P,DIG,-1.553834876489347,0.5484366246960424,-2.241709870671496,-1.6932732459754536,-1.7697372607671584,-2.1844805608451083,True
LINC02362,NEUTRAL,-0.014737109591027916,0.13750352374993502,-0.021261154924013155,0.11624236882592187,0.03596815490236031,0.03596815490236062,False
SSBP4,DIG,-1.2849573554678229,0.560714954474479,-1.8538016044872252,-1.293086650012746,-1.3808598308449902,-1.7965722946608527,True
IL15,NEUTRAL,0.013060552040211785,0.13750352374993502,0.018842393659685777,0.15634591740962078,0.07607170348605977,0.07607170348605977,False
HIGD2B,NEUTRAL,-0.009704087065093712,0.13750352374993502,-0.014000038285165434,0.12350348546476958,0.043229271541207724,0.043229271541207724,False
RPL39P40,DIG,-1.112387614024932,0.4724877714627438,-1.604836094300076,-1.132348322837332,-1.2124513875431289,-1.5476067844736936,True
KCNH8,DIG,-0.992267240900995,0.3923174227787603,-1.43153902768444,-1.0392216049056797,-1.1146614007752882,-1.3743097178580672,True
MS4A4E,DIG,0.9809663904318364,0.49825086752782544,1.4152353467547572,1.9134862142825826,1.8308374617679193,1.4724646565811297,True
CD300LF,DCG,-0.9939862439700514,1.3146965256562866,-1.4340190248874405,-0.1193224992311539,-0.19855180004763387,-1.3767897150610668,True
TAS2R14,DSG,0.1059920512768255,1.4059923596758368,0.15291420675072487,1.5589065664265616,1.4842246643039816,0.2101435165770975,False
RHBDD2,DSG,0.08827758029540961,1.485426827170242,0.1273576273138647,1.6127844544841068,1.5335614505774968,0.18458693714023727,False
CEBPE,DIG,0.5614567716907229,0.4854268271702419,0.8100109001917329,1.2954377273619748,1.2158640339333533,0.8672402100181045,True
MIR3654,DSG,0.010457162903799213,1.2403143293337107,0.015086497063079157,1.2554008263967897,1.1715578174227756,0.07231580688945265,False
FYB1,DSG,0.036970418729591795,1.2854022188622483,0.05333703976077053,1.338739258623019,1.2602583370785085,0.1105663495871434,False
TGFB2,DCG,-0.8791038025189774,1.232660756790275,-1.2682786963207593,-0.03561793953048431,-0.10979980220682126,-1.2110493864943874,True
TESC-AS1,NEUTRAL,0.022655082914387725,0.13750352374993502,0.03268437577151546,0.17018789952145047,0.08991368559788873,0.08991368559788843,False
TREX1,NEUTRAL,-0.05188758963227897,0.13750352374993502,-0.07485796824617047,0.06264555550376455,-0.017628658419797785,-0.017628658419797622,False
DHRS3,NEUTRAL,-0.003396281378408148,0.13750352374993502,-0.004899798302092968,0.13260372544784205,0.052329511524279324,0.05232951152427902,False
TPCN1,NEUTRAL,-0.010057015878019552,0.13750352374993502,-0.014509206933360372,0.12299431681657465,0.042720102893011626,0.04272010289301193,False
EGR2,DIG,0.9602969623868274,0.3923174227787603,1.3854156654162113,1.7777330881949716,1.6932303651203122,1.4426449752425845,True
RD3,DCG,-0.943237550524296,1.3074285251922473,-1.360804136521655,-0.05337561132940771,-0.13335783059062517,-1.303574826695279,True
ANGPTL7,NEUTRAL,-0.037306033889489526,0.13750352374993502,-0.053821230087602145,0.08368229366233287,0.003408079738771216,0.0034080797387715358,False
SEC14L1P1,DIG,1.5720639898260695,0.5969351423872323,2.2680089220821884,2.864944064469421,2.788803826950957,2.3252382319085605,True
RBFOX3,DCG,-0.9929221024512842,1.2779847472997656,-1.432483793195511,-0.15449904589574537,-0.2387562318441463,-1.3752544833691354,True
SCARNA12,DSG,-0.05428929804098909,1.1699250014423124,-0.07832290105707787,1.0916021003852345,1.0094703846845636,-0.021093591230705706,False
SNCB,DIG,-0.7979497941424106,0.5109619192773794,-1.151198210887625,-0.6402362916102456,-0.735563504186079,-1.0939689010612483,True
TESK2,NEUTRAL,-0.00908627883195507,0.13750352374993502,-0.013108729410995943,0.12439479433893907,0.044120580415378266,0.044120580415377954,False
SNTA1,DCG,-1.071471884620888,1.4262647547020981,-1.5458071743945065,-0.11954241969240842,-0.1990430898085801,-1.4885778645681333,True
PGBD5,DCG,-0.7772682880803271,1.3923174227787602,-1.1213611046537422,0.2709563181250181,0.1895240748883812,-1.064131794827369,True
KNTC1,DIG,1.527826124486712,0.4462562298895641,2.2041871731375835,2.6504434030271478,2.565072229695771,2.261416482963956,True
UNC13B,DIG,-1.5866635325097405,0.5109619192773794,-2.289071609911167,-1.7781096906337877,-1.860231558304559,-2.231842300084795,True
MRPS10,DSG,-0.016505486750518363,1.3575520046180838,-0.023812383882431336,1.3337396207356524,1.2539045739838106,0.03341692594394288,False
CCDC178,NEUTRAL,0.0268001560583439,0.13750352374993502,0.03866445224042306,0.17616797599035808,0.09589376206679784,0.09589376206679753,False
P3H4,DIG,-0.7710823615650991,0.4195388915137848,-1.1124366991469192,-0.6928978076331345,-0.7704550812310095,-1.0552073893205467,True
ZSCAN31,DSG,0.02287393966861411,1.3146965256562866,0.03300011932550292,1.3476966449817895,1.2677424351554392,0.09022942915187566,False
PACRG,NEUTRAL,0.028346055901547658,0.13750352374993502,0.04089471427792414,0.17839823802785915,0.09812402410429763,0.09812402410429732,False
ZNF77,NEUTRAL,0.008801680589208542,0.13750352374993502,0.012698140937539815,0.15020166468747484,0.06992745076391306,0.06992745076391275,False
ZNF525,DSG,0.14334821523133406,1.4528589647138113,0.20680775923452943,1.6596667239483407,1.5793373193351554,0.26403706906090285,False
AVEN,NEUTRAL,-0.006444413244753901,0.13750352374993502,-0.009297323029645607,0.1282062007202894,0.047931986796727534,0.047931986796727534,False
SLIT2,NEUTRAL,-0.0277718214265259,0.13750352374993502,-0.04006626904850277,0.09743725470143225,0.017163040777870446,0.017163040777870446,False
LINC02094,NEUTRAL,0.07375726648581316,0.13750352374993502,0.10640924258860839,0.24391276633854342,0.1636385524149816,0.16363855241498132,False
GOT1,NEUTRAL,0.011553500098892331,0.13750352374993502,0.016668177297582114,0.15417170104751712,0.0738974871239566,0.0738974871239566,False
MTCO3P43,NEUTRAL,-0.05075553990501925,0.13750352374993502,-0.07322476571861317,0.06427875803132185,-0.015995455892239028,-0.015995455892239028,False
LINC01871,DIG,-1.46607287072884,0.4462562298895641,-2.115096060182344,-1.6688398302927798,-1.7434128748267539,-2.057866750355966,True
WDFY3,NEUTRAL,-0.008247044954216961,0.13750352374993502,-0.011897970857437159,0.12560555289249786,0.04533133896893613,0.04533133896893613,False
GPRIN3,NEUTRAL,-0.046842127549998926,0.13750352374993502,-0.06757890512107174,0.06992461862886327,-0.010349595294697745,-0.010349595294698068,False
RBM22,DIG,1.2683902928970086,0.3923174227787603,1.8299003854742142,2.2222178082529744,2.1374720060576866,1.887129695300586,True
DPYSL3,DIG,-1.1903384133038857,0.4195388915137848,-1.7172953258531534,-1.2977564343393686,-1.3881570071908702,-1.660066016026781,True
TCERG1L,NEUTRAL,-0.02959174163767553,0.13750352374993502,-0.042691858911941945,0.09481166483799308,0.014537450914431507,0.014537450914431507,False
ZC3HC1,DIG,1.4344289699223203,0.4195388915137848,2.0694435614143956,2.4889824529281803,2.4179468700944384,2.1266728712407685,True
TFIP11,NEUTRAL,0.03296089815444609,0.13750352374993502,0.04755252431066556,0.18505604806060058,0.10478183413703925,0.10478183413703925,False
MYEF2,NEUTRAL,0.03735501828320601,0.13750352374993502,0.05389189962949788,0.19139542337943288,0.11112120945587128,0.11112120945587069,False
SCOC,NEUTRAL,-0.011158567199925053,0.13750352374993502,-0.016098409562758122,0.1214051141871769,0.04113090026361654,0.04113090026361654,False
FLT3,NEUTRAL,-0.03980802531226922,0.13750352374993502,-0.057430840705593136,0.08007268304434188,-0.00020153087921889322,-0.00020153087921905341,False
DRAM1,NEUTRAL,-0.05506808841066103,0.13750352374993502,-0.07944645806129566,0.05805706568863936,-0.022217148234921165,-0.02221714823492084,False
ERI1,NEUTRAL,0.09377890450269856,0.13750352374993502,0.1352943604660429,0.27279788421597795,0.19252367029241665,0.1925236702924172,False
SCNN1G,DCG,-0.8133906436569943,1.1043366598147357,-1.1734746479094278,-0.06913798809469207,-0.14423552420518787,-1.1162453380830548,True
FAM8A6P,DIG,0.5743346484082456,0.523561956057013,0.8285897490692823,1.3521517051262952,1.2677664367045165,0.8858190588956539,True
PGBD4,NEUTRAL,0.00610120409174825,0.13750352374993502,0.008802176886616653,0.14630570063655168,0.06603148671299171,0.06603148671299171,False
FAM136A,DIG,-0.8833490038040921,0.560714954474479,-1.2744032271623698,-0.7136882726878907,-0.7892857158719048,-1.2171739173359974,True
MAN1B1-DT,NEUTRAL,0.037744773845556294,0.13750352374993502,0.05445419804645951,0.19195772179639453,0.11168350787283339,0.11168350787283339,False
ADAMTS19,NEUTRAL,0.007147999301272771,0.13750352374993502,0.010312383144224002,0.14781590689415902,0.06754169297059746,0.06754169297059746,False
CCNYL1,NEUTRAL,-0.044421944772604284,0.13750352374993502,-0.06408731943007961,0.0734162043198554,-0.00685800960370664,-0.0068580096037068015,False
SNORA4,DSG,-0.13130222936769473,1.3074285251922473,-0.18942907516643842,1.1179994500258088,1.0402843319637387,-0.13219976534006506,False
FAAH,NEUTRAL,-0.022336322968304262,0.13750352374993502,-0.03222450237806681,0.1052790213718682,0.02500480744830739,0.02500480744830739,False
SDC2,DCG,2.0794415416798357,-3.321928094887362,3.0,-0.3219280948873622,-0.40220230881092295,3.057229309826374,True
OR7E29P,DIG,0.8189513248317497,0.49825086752782544,1.181497015064212,1.6797478825920373,1.6048237008339987,1.2387263248905844,True
COP1,DCG,-0.8707403213877107,1.1937717433966801,-1.2562127435681125,-0.06244100017143239,-0.14149491789377275,-1.1989834337417395,True
GADL1,NEUTRAL,-0.058544308152524975,0.13750352374993502,-0.0844615830439231,0.053041940706011925,-0.0272322732175498,-0.027232273217549962,False
SPEF1,DSG,0.03940808196230232,1.2249663650002742,0.05685384441795937,1.2818202094182336,1.1973794600426506,0.11408315424433173,False
TRPM5,NEUTRAL,-0.024344004180483592,0.13750352374993502,-0.035120974106563875,0.10238254964337115,0.022108335719809517,0.02210833571980983,False
SVOPL,DSG,-0.20359362348452284,1.2779847472997656,-0.2937235109577359,0.9842612363420298,0.9044019923107436,-0.23649420113136224,True
CCDC27,NEUTRAL,0.0035380595424316067,0.13750352374993502,0.005104340956235954,0.14260786470617098,0.06233365078261026,0.06233365078260995,False
SMARCB1,NEUTRAL,0.009557947936772912,0.13750352374993502,0.01378920408945718,0.1512927278393922,0.07101851391583157,0.07101851391583187,False
LDLRAD2,NEUTRAL,-0.02737385854639197,0.13750352374993502,-0.03949212997487567,0.09801139377505935,0.017737179851497684,0.01773717985149832,False
FYTTD1,DCG,-0.9736344294429128,1.3575520046180838,-1.4046575629960456,-0.04710555837796182,-0.12726995714368136,-1.3474282531696715,True
SLC9A2,NEUTRAL,-0.061697974607220506,0.13750352374993502,-0.08901136199873022,0.0484921617512048,-0.03178205217235655,-0.03178205217235639,False
CNOT3,DSG,0.0268891880802544,-0.7369655941662062,0.03879289829691365,-0.6981726958692925,-0.7784469097928549,0.09602220812328643,False
CX3CR1,NEUTRAL,0.030073768323342055,0.13750352374993502,0.04338727642092918,0.1808908001708642,0.10061658624730317,0.10061658624730317,False
APOBEC2,DSG,-0.14041555505132697,1.3854310371935206,-0.20257682493622065,1.1828542122573,1.1046738249692256,-0.14534751510984584,False
NCAPD2,DSG,0.061871172791589026,1.2479275134435854,0.08926123416040965,1.337188747603995,1.2602124265085914,0.14649054398678257,False
SRRM4,DIG,1.7317223183867136,0.4462562298895641,2.4983472009332504,2.9446034308228146,2.8563998053704953,2.5555765107596224,True
RPS25P3,DIG,0.949359568338942,0.523561956057013,1.3696363412630785,1.8931982973200916,1.8245350544602392,1.426865651089449,True
HYAL4,DIG,-1.4432206852777625,0.49825086752782544,-2.0821273255585995,-1.583876458030774,-1.6639930935207172,-2.024898015732219,True
ATP5PBP7,NEUTRAL,0.020183181771855328,0.13750352374993502,0.029118176251616203,0.16662170000155122,0.08634748607799046,0.08634748607799016,False
FAM180A,DSG,-0.032540349346763316,1.1699250014423124,-0.046945800631369855,1.1229792008109425,1.0421375219184579,0.010283509195002065,False
TOP1,DCG,-1.0524146789729982,1.446256229889564,-1.518313438313095,-0.07205720842353092,-0.1544274133131244,-1.4610841284867213,True
COA4,DIG,-0.9018659414571664,0.49825086752782544,-1.3011175212869102,-0.8028666537590847,-0.8784792355103146,-1.243888211460536,True
GABRB1,NEUTRAL,0.02198980013331795,0.13750352374993502,0.031724575602477274,0.1692280993524123,0.08895388542885167,0.08895388542885108,False
MARK2,DIG,1.6786875997962007,0.4724877714627438,2.4218342754277757,2.8943220468905198,2.810890577427648,2.4790635852541474,True
RWDD4P1,DSG,0.07002659888049649,1.4724877714627438,0.10102702693521293,1.5735147983979567,1.4918670552087239,0.15825633676158485,False
DTWD2,NEUTRAL,0.024366035412440836,0.13750352374993502,0.035152758455653264,0.1726562822055883,0.092382068282028,0.09238206828202829,False
L3MBTL3,DIG,0.7360068691419859,0.49825086752782544,1.0618334601713553,1.5600843276991807,1.467394002242209,1.1190627699977291,True
RPL31P61,DSG,0.02009475865359165,1.1699250014423124,0.028990608657397256,1.1989156100997096,1.1238387596974344,0.08621991848377046,False
LPIN3,DCG,-0.9102383395529783,1.1779177921958432,-1.3131963385000862,-0.13527854630424296,-0.22019330434063292,-1.2559670286737121,True
RASSF1,NEUTRAL,-0.009973129913184192,0.13750352374993502,-0.014388185067892212,0.1231153386820428,0.04284112475848121,0.0428411247584809,False
NHSL1,DIG,-1.2466813699035915,0.405992359675837,-1.7985810299285707,-1.3925886702527337,-1.4718417374756223,-1.7413517201021975,True
SCARB2,DIG,0.6969165251175791,0.405992359675837,1.0054380147007,1.411430374376537,1.3252666757246871,1.0626673245270735,True
CKS1BP3,NEUTRAL,-0.015547599726690118,0.13750352374993502,-0.022430445023422438,0.11507307872651258,0.03479886480295228,0.03479886480295228,False
DBF4P1,DIG,1.052279775305885,0.405992359675837,1.518118813461553,1.92411117313739,1.841155789273606,1.5753481232879263,True
ASIC2,NEUTRAL,-0.03697939709481596,0.13750352374993502,-0.05334999280375472,0.0841535309461803,0.003879317022618341,0.0038793170226180214,False
MRPS18A,DSG,-0.04459808159829422,1.2630344058337937,-0.0643414311550204,1.1986929746787733,1.1278898048660275,-0.007112121328648321,False
PERCC1,DCG,-0.853210144908983,1.1292830169449666,-1.2309220448963436,-0.10163902795137703,-0.17782224567723842,-1.1736927350699682,True
FYN,DIG,-0.9272674723843404,0.5109619192773794,-1.3377641839865317,-0.8268022647091523,-0.9149154095726506,-1.2805348741601585,True
SNORA5B,DSG,-0.004252906692727931,1.070389327891398,-0.006135647394962069,1.064253680496436,0.9849072278392087,0.051093662431411974,False
KRT16,DIG,0.6179513306679056,0.4195388915137848,0.8915153202653235,1.3110542117791084,1.2305899114315202,0.9487446300916953,True
KPRP,DCG,-0.9858237300387668,1.4659744645040693,-1.422243006517589,0.04373145798648026,-0.037056948018460184,-1.3650136966912112,True
PRKN,NEUTRAL,0.04756758482812379,0.13750352374993502,0.06862551873859929,0.2061290424885343,0.12585482856497396,0.12585482856497396,False
SEC1P,DIG,1.138880498811403,0.5484366246960424,1.6430572478003602,2.1914938724964026,2.103315607295853,1.7002865576267325,True
SENP1,DIG,0.8802497088781821,0.4854268271702419,1.2699318897425071,1.755358716912749,1.6724154071785147,1.3271611995688792,True
STX1A,DSG,0.0281821417670011,1.0179219079972623,0.040658236168882214,1.0585801441661447,0.9806020729098277,0.09788754599525445,False
ZDHHC19,DSG,-0.06276468342163229,1.3074285251922473,-0.09055029751535464,1.2168782276768926,1.1319232835012718,-0.03332098768898061,False
RNF157-AS1,DSG,-0.09390056803547539,1.06177619758669,-0.13546988384143707,0.9263063137452529,0.8462000056433238,-0.07824057401506496,False
CROT,DSG,0.013545631264579406,1.3854310371935206,0.019542215051119208,1.4049732522446399,1.3206801108426827,0.07677152487749157,False
MIR4648,DSG,0.09586958482865592,1.1699250014423124,0.1383105746043857,1.3082355760466982,1.2303984942827586,0.19553988443075987,False
DHX32,NEUTRAL,-0.016414539434768824,0.13750352374993502,-0.02368117464101731,0.11382234910891771,0.03354813518535735,0.03354813518535735,False
ZC3H4,DIG,-0.8675366815051663,0.4854268271702419,-1.2515908681967716,-0.7661640410265297,-0.8522479363228966,-1.194361558370399,True
CAPRIN2,DSG,0.06508560679118819,1.2403143293337107,0.09389868215089625,1.334213011484607,1.2517043360791607,0.15112799197726834,False
SEPTIN2,NEUTRAL,4.0280227850250387e-05,0.13750352374993502,5.8112084965433745e-05,0.13756163583490044,0.05728742191133892,0.05728742191133892,False
MDH1,DIG,1.2106431980638788,0.6205864104518776,1.746588938132713,2.3671753485845906,2.294783087207469,1.8038182479590854,True
ASNS,DSG,0.06834604932550244,1.1043366598147357,0.09860250642625484,1.2029391662409905,1.1294218464719856,0.15583181625262676,False
LINC01785,DIG,-1.6996401037763607,0.45943161863729726,-2.4520623490141586,-1.9926307303768613,-2.084981843238396,-2.394833039187771,True
ANXA2,NEUTRAL,-0.0023584591109712416,0.13750352374993502,-0.003402537263537604,0.13410098648639743,0.053826772562836786,0.05382677256283709,False
CCT2,DSG,0.05550444878423052,-3.321928094887362,0.08007599300828483,-3.2418521018790774,-3.322126315802639,0.13730530283465767,False
SNHG6,DCG,-0.8909638753012409,1.0089887832272548,-1.285389164508313,-0.27640038128105826,-0.3574604098428195,-1.2281598546819397,True
MVK,NEUTRAL,0.023069374276539757,0.13750352374993502,0.033282071865175324,0.17078559561511034,0.09051138169154978,0.09051138169154949,False
BTBD9,DSG,-0.021957091494934484,1.2172307162206693,-0.031677387012087214,1.185553329208582,1.1101837808950126,0.02555192281428554,False
ALAD,NEUTRAL,-0.025758554930034462,0.13750352374993502,-0.03716173945802668,0.10034178429190835,0.02006757036834753,0.020067570368347214,False
RPL5P18,DIG,1.038800213816968,0.4329594072761063,1.4986719169481348,1.931631324224241,1.8423315204544917,1.555901226774507,True
MFAP5,DSG,0.046970584704958594,1.0874628412503395,0.06776422962149876,1.1552270708718384,1.0787801257761156,0.12499353944787084,False
TBX3,NEUTRAL,0.009133574354036339,0.13750352374993502,0.013176962426158843,0.15068048617609386,0.07040627225253301,0.07040627225253301,False
RNU6-1016P,DIG,1.3268435559769107,0.405992359675837,1.914230618243367,2.320222977919204,2.228269088828642,1.9714599280697387,True
KRT14,DIG,1.414772770017854,0.33628338786443257,2.0410856592895,2.3773690471539326,2.298682648509956,2.0983149691158713,True
COX20P2,NEUTRAL,-0.020681380875234006,0.13750352374993502,-0.02983692562743595,0.10766659812249907,0.027392384198937438,0.027392384198937126,False
CDK4,DIG,-0.7994449892766136,0.5109619192773794,-1.1533553214929009,-0.6423934022155214,-0.726427896831146,-1.0961260116665286,True
HCCAT5,NEUTRAL,0.03306197777327864,0.13750352374993502,0.047698351375490236,0.18520187512542524,0.10492766120186287,0.10492766120186287,False
RBM33,DIG,1.3365436311055077,0.523561956057013,1.9282248685276442,2.4517868245846572,2.375327696235887,1.9854541783540167,True
CPA4,DIG,-0.6035018205240601,0.4854268271702419,-0.8706690836375228,-0.38524225646728094,-0.4629136274717729,-0.8134397738111513,True
PLEKHS1,NEUTRAL,-0.04344090092504989,0.13750352374993502,-0.06267197233631826,0.07483155141361676,-0.005442662509945724,-0.005442662509945241,False
UFL1,DIG,1.681903218996495,0.5109619192773794,2.4264734333014277,2.9374353525788073,2.8563570628186303,2.483702743127801,True
GTF3A,NEUTRAL,-0.0031423372215412773,0.13750352374993502,-0.004533434326318405,0.13297008942361663,0.05269587550005438,0.05269587550005438,False
RASA1,NEUTRAL,0.0028240574204515295,0.13750352374993502,0.0040742536356711,0.14157777738560612,0.06130356346204391,0.061303563462044214,False
SHANK2,DCG,-0.9311736420405272,1.3645724322958561,-1.3433995955783835,0.02117283671747261,-0.05795836995189737,-1.2861702857520094,True
HACL1,DIG,1.5358748225510992,0.37851162325372983,2.2157989899206876,2.5943106131744176,2.5228290489318312,2.27302829974706,True
LSM14A,DSG,-0.07963269342990403,1.1937717433966801,-0.11488569190395369,1.0788860514927265,1.001401841020619,-0.05765638207758061,False
BICRAL,DSG,-0.0033189268992266296,1.3219280948873624,-0.004788199378587243,1.3171398955087752,1.237817610899647,0.05244111044778721,False
TIMD4,DIG,0.8213827953506295,0.4854268271702419,1.1850048855238675,1.6704317126941093,1.5767481488003354,1.2422341953502396,True
GRM3-AS1,DSG,0.01753033521266641,1.4329594072761063,0.025290927676435,1.4582503349525413,1.3784760914330831,0.08252023750280908,False
TAC3,DIG,-1.5424791107851392,0.45943161863729726,-2.2253269638045383,-1.765895345167241,-1.844524668746002,-2.1680976539781516,True
DYRK2,DSG,0.006663933313009807,1.4195388915137848,0.00961402354349401,1.4291529150572788,1.347212163277992,0.06684333336986803,False
NPSR1-AS1,DSG,0.014931225997545032,1.2779847472997656,0.021541205701050583,1.2995259530008163,1.2200682586850033,0.07877051552742438,False
GORAB,DCG,-0.7257440552226532,1.145677455195635,-1.0470273494243678,0.0986501057712672,0.02451630081210126,-0.9897980395979955,True
RTKN2,DIG,-1.643562360039504,0.53605290024021,-2.3711592662207535,-1.8351063659805433,-1.922067359392049,-2.31392995639438,True
CEP170,DCG,-0.7895263024404982,1.1375035237499351,-1.1390456811823066,-0.001542157432371516,-0.08538615140079969,-1.0818163713559334,True
MPHOSPH9,DIG,-1.1974272560528583,0.3645724322958561,-1.7275223641327375,-1.3629499318368814,-1.4501174387181655,-1.6702930543063648,True
GLS,DIG,-1.4260400108321345,0.405992359675837,-2.057340851736764,-1.6513484920609272,-1.7210486013234185,-2.0001115419103903,True
CAP2P1,NEUTRAL,-0.007174336234631488,0.13750352374993502,-0.010350379307372846,0.12715314444256218,0.04687893051900081,0.04687893051900112,False
BMP8A,DIG,1.4800284664678596,0.4724877714627438,2.1352297289476785,2.6077175004104225,2.529717816100415,2.19245903877405,True
SNORD54,DCG,-0.90014556720019,1.1779177921958432,-1.2986355458778973,-0.12071775368205406,-0.19512211434072624,-1.2414062360515246,True
RPL31P17,NEUTRAL,0.006428825427583772,0.13750352374993502,0.009274834563115978,0.146778358313051,0.06650414438948987,0.06650414438948957,False
FCRL3,DCG,-0.9598146037073295,1.3291235962915664,-1.38471976894137,-0.055596172649803544,-0.13417761831085262,-1.3274904591149956,True
A2ML1,DSG,-0.0994397546256739,1.1043366598147357,-0.1434612408656751,0.9608754189490606,0.8729091672480332,-0.08623193103930264,False
LINC00472,DIG,1.0595582791034532,0.5109619192773794,1.5286194747953963,2.039581394072776,1.955939418039172,1.5858487846217673,True
LIMS1,NEUTRAL,0.04330508997279884,0.13750352374993502,0.06247603854900727,0.1999795622989423,0.11970534837538133,0.11970534837538133,False
FPR1,DSG,-0.03367718317241891,1.0789513413948222,-0.04858590515395801,1.030365436240864,0.9554497726015778,0.008643404672415325,False
TREM1,DSG,0.023461164523796495,-0.7369655941662062,0.03384730571196128,-0.703118288454245,-0.7833925023778068,0.09107661553833397,False
SPATA13,NEUTRAL,0.03645875610215814,0.13750352374993502,0.05259886662556378,0.1901023903754988,0.10982817645193757,0.10982817645193786,False
SOHLH2,NEUTRAL,-0.03394577386875306,0.13750352374993502,-0.0489733996195882,0.08853012413034682,0.008255910206785424,0.008255910206785424,False
UBXN7,DSG,0.1487654038188242,1.412781525338476,0.21462311034526171,1.6274046356837375,1.550195749336678,0.271852420171635,False
SLC25A27,DSG,-0.18161843851343393,1.145677455195635,-0.26202002057732826,0.8836574346183068,0.807416027779741,-0.20479071075095504,True
ESYT1,DIG,0.6981220741411251,0.4854268271702419,1.0071772542985185,1.4926040814687602,1.4153520764147023,1.0644065641248903,True
MIR4668,NEUTRAL,-0.016472049903404784,0.13750352374993502,-0.023764144708917613,0.11373937904101741,0.03346516511745554,0.03346516511745491,False
NIPAL2,DCG,-0.7812523048402191,1.1043366598147357,-1.1271088258760569,-0.022772166061321153,-0.10313855610770645,-1.0698795160496837,True
PARM1,DIG,-0.9765298014485229,0.49825086752782544,-1.408834701830068,-0.9105838343022425,-1.0023309750493903,-1.3516053920036954,True
ATP6V0A4,DSG,0.06771874717096603,1.3001237245690138,0.09769750071876622,1.39782122528778,1.3159195594763407,0.15492681054513927,False
H2BC10,DSG,0.0563542219811947,-3.321928094887362,0.08130195658542541,-3.240626138301937,-3.3209003522254785,0.13853126641180075,False
C1QL2,NEUTRAL,0.007042958964133553,0.13750352374993502,0.010160841970739947,0.14766436572067496,0.06739015179711269,0.067390151797113,False
TSTD3,DIG,1.5258621641764616,0.4195388915137848,2.2013537773374825,2.6208926688512673,2.5392433621525994,2.2585830871638555,True
DDX52,DIG,1.4973549308886385,0.3923174227787603,2.160226533243675,2.5525439560224354,2.472528258130211,2.217455843070048,True
PA2G4P4,DSG,0.013632987910194348,1.3854310371935206,0.01966824405053658,1.4050992812440573,1.3312023532226918,0.07689755387690932,False
RPLP0,DIG,-1.4204326147553192,0.49825086752782544,-2.0492510892244424,-1.551000221696617,-1.6351363577072462,-1.9920217793980692,True
PHACTR2P1,NEUTRAL,-0.0027990623694665287,0.13750352374993502,-0.004038193399568272,0.13346533035036676,0.053191116426805296,0.053191116426805296,False
FAM168B,NEUTRAL,0.03518444701375698,0.13750352374993502,0.050760427223167696,0.18826395097310272,0.10798973704954133,0.10798973704954103,False
ERAP2,NEUTRAL,-0.009601885539133756,0.13750352374993502,-0.01385259265049172,0.1236509310994433,0.0433767171758821,0.043376717175882415,False
PHC2-AS1,NEUTRAL,-0.016721503588762742,0.13750352374993502,-0.024124030303715013,0.11337949344622,0.03310527952265798,0.03310527952265829,False
NQO1,NEUTRAL,0.04743874235383943,0.13750352374993502,0.06843963833989337,0.20594316208982838,0.1256689481662678,0.1256689481662684,False
RPL7AP60,NEUTRAL,-0.01228068723405776,0.13750352374993502,-0.01771728657128353,0.11978623717865149,0.03951202325509002,0.03951202325509033,False
KSR1,DIG,-1.4126900614953126,0.5728896684205812,-2.0380809460324123,-1.4651912776118312,-1.5370594330100162,-1.9808516362060413,True
LINC02554,NEUTRAL,-0.0011762420117139723,0.13750352374993502,-0.001696958517185006,0.13580656523275,0.05553235130918865,0.05553235130918834,False
HADHAP2,DSG,-0.06951637475504109,1.2779847472997656,-0.1002909291196765,1.1776938181800891,1.0968380042778643,-0.04306161929330361,False
ATP10B,DIG,-0.9126091483368935,0.4195388915137848,-1.3166166925755367,-0.897077801061752,-0.9809620187908616,-1.2593873827491637,True
BTBD10,NEUTRAL,0.013259040881506746,0.13750352374993502,0.019128752526693812,0.15663227627662885,0.07635806235306597,0.07635806235306597,False
ENTPD3,NEUTRAL,-0.05575741791021741,0.13750352374993502,-0.08044095031184413,0.05706257343809089,-0.023211640485471276,-0.023211640485471603,False
IRGQ,DIG,0.9355449974341079,0.5484366246960424,1.3497061283266656,1.898142753022708,1.8200557571402058,1.406935438153039,True
POMT2,NEUTRAL,-0.007890737539872726,0.13750352374993502,-0.011383927917730763,0.12611959583220425,0.0458453819086434,0.0458453819086434,False
DSCC1,DCG,2.0794415416798357,-3.321928094887362,3.0,-0.3219280948873622,-0.40220230881092317,3.0572293098263743,True
PCDHGA2,DIG,-1.495620900395131,0.405992359675837,-2.157724856049942,-1.751732496374105,-1.8345804727413726,-2.1004955462235695,True
PTRH2,DCG,-0.9631996504965679,1.3434078222978139,-1.3896033591573813,-0.046195536859567454,-0.12725819429733973,-1.3323740493310083,True
TPTE2P1,NEUTRAL,0.03853968644070458,0.13750352374993502,0.05560101450542013,0.19310453825535515,0.11283032433179346,0.11283032433179346,False
LINC00607,NEUTRAL,-0.024220982484441825,0.13750352374993502,-0.034943491315762666,0.10256003243417236,0.022285818510611014,0.0222858185106107,False
PWP2,DSG,-0.08503551819693739,1.2249663650002742,-0.12268032040214479,1.1022860445981295,1.0153372373131653,-0.06545101057577152,False
LINC01132,DCG,-1.0886618468763158,1.4724877714627438,-1.5706070476934808,-0.09811927623073702,-0.17702072520185344,-1.513377737867108,True
EI24P2,DCG,-0.933795842266866,1.446256229889564,-1.3471826308411403,0.09907359904842372,0.019866265249210015,-1.289953321014765,True
ZNF623,DCG,-0.8625627955464762,1.1618876823768942,-1.2444150675902221,-0.08252738521332792,-0.16858725315861053,-1.1871857577638478,True
BRDT,NEUTRAL,0.04344811452129531,0.13750352374993502,0.0626823793558485,0.20018590310578352,0.11991168918222207,0.11991168918222178,False
PPP2R2B,DIG,0.5731676103380582,0.4195388915137848,0.8269060690328943,1.2464449605466792,1.1541171704833022,0.8841353788592681,True
SERINC4,NEUTRAL,-0.01205191786051826,0.13750352374993502,-0.01738724213057082,0.1201162816193642,0.03984206769580342,0.03984206769580342,False
GPR137,DIG,0.9634928010453738,0.4329594072761063,1.3900262860003776,1.8229856932764839,1.7369130495504312,1.447255595826751,True
HSBP1,NEUTRAL,0.017748033920949487,0.13750352374993502,0.02560500052328293,0.16310852427321795,0.08283431034965533,0.08283431034965533,False
SERPINF2,NEUTRAL,0.0005378694321150996,0.13750352374993502,0.0007759815623582172,0.13827950531229324,0.05800529138873205,0.05800529138873205,False
ITPR2,DSG,0.026711151027527594,1.2854022188622483,0.0385360451238502,1.3239382639860984,1.2407335343980084,0.09576535495022286,False
KDR,DIG,-1.006357447947371,0.405992359675837,-1.4518668995153452,-1.0458745398395082,-1.1225607039406937,-1.3946375896889727,True
ARSK,NEUTRAL,-0.05768094302175386,0.13750352374993502,-0.08321601045128316,0.05428751329865186,-0.025986700624910406,-0.02598670062491057,False
CHD7,DCG,-0.6416560941180861,1.145677455195635,-0.9257140649403448,0.21996339025529021,0.14036493916412296,-0.8684847551139729,True
RRP1B,DSG,-0.03878641278339485,1.4528589647138113,-0.05595696537647604,1.3969019993373353,1.3095990977379732,0.0012723444498968035,False
WDR18,NEUTRAL,-0.06422246744106733,0.13750352374993502,-0.09265343529088074,0.04485008845905428,-0.03542412546450828,-0.03542412546450779,False
RPL23AP43,NEUTRAL,0.04686606377817397,0.13750352374993502,0.06761343779875746,0.20511696154869247,0.12484274762513073,0.12484274762513044,False
RPS16P5,DSG,-0.05635151590498169,1.185866545311334,-0.08129805254269264,1.1045684927686412,1.0273069484994497,-0.024068742716318772,False
ARHGEF10,NEUTRAL,-0.010879589474481623,0.13750352374993502,-0.0156959297817424,0.12180759396819262,0.041533380044632265,0.041533380044632265,False
LNP1,DIG,1.6236717634582039,0.560714954474479,2.3424632011725888,2.9031781556470677,2.8277236288163436,2.39969251099896,True
LINC02159,DIG,1.0789920529070687,0.4195388915137848,1.55665648388763,1.9761953754014148,1.8863289067414366,1.6138857937140045,True
RNU6-1136P,DSG,-0.04136068081545481,1.399171093819823,-0.05967084910024795,1.339500244719575,1.2557902748272889,-0.002441539273873528,False
MICAL3,NEUTRAL,-0.007530685422824851,0.13750352374993502,-0.01086448251400422,0.1266390412359308,0.04636482731236918,0.04636482731236887,False
AKAP10,NEUTRAL,0.0038466554183334057,0.13750352374993502,0.0055495506960382655,0.1430530744459733,0.0627788605224131,0.0627788605224128,False
IGSF3,DIG,-1.6262311277864017,0.4854268271702419,-2.346155583396708,-1.8607287562264658,-1.9417833490511378,-2.288926273570336,True
FRRS1,NEUTRAL,-0.031203297178164946,0.13750352374993502,-0.045016842098323157,0.09248668165161186,0.012212467728051742,0.012212467728051107,False
ZNF205,DCG,-1.0456228735810624,1.4329594072761063,-1.5085149343554662,-0.07555552707935997,-0.15815200175385186,-1.4512856245290946,True
CDC42P5,DIG,1.4925808032732542,0.4462562298895641,2.1533389230083895,2.5995951528979537,2.5118681479036935,2.210568232834762,True
ETFRF1,DSG,-0.01004679494477203,1.2630344058337937,-0.014494461243650914,1.2485399445901428,1.1710439451896033,0.04273484858272225,False
EEF1A1P12,NEUTRAL,0.04411512440994395,0.13750352374993502,0.0636446712144258,0.20114819496436082,0.12087398104079826,0.12087398104079856,False
TAF6,DSG,-0.0026877115780869496,1.0959244199985356,-0.0038775481650458925,1.0920468718334897,1.0111875673632598,0.053351761661326706,False
TGIF1,NEUTRAL,0.05534584270280973,0.13750352374993502,0.07984717280116423,0.21735069655109923,0.13707648262753788,0.13707648262753788,False
VPS11,NEUTRAL,-0.04408826014220626,0.13750352374993502,-0.06360591426858352,0.0738976094813515,-0.006376604442210816,-0.006376604442210494,False
SRSF9P1,DIG,-0.7004022114502627,0.4195388915137848,-1.0104667970869572,-0.5909279055731724,-0.668402154058401,-0.9532374872605822,True
PIK3R1,NEUTRAL,-0.00017084836982359994,0.13750352374993502,-0.0002464820958884713,0.13725704165404654,0.0569828277304858,0.0569828277304861,False
SFT2D3,NEUTRAL,0.001688868149979155,0.13750352374993502,0.002436521704690245,0.13994004545462527,0.059665831531064875,0.05966583153106519,False
TSEN15,DCG,2.0794415416798357,-3.321928094887362,3.0,-0.3219280948873622,-0.4022023088109238,3.0572293098263734,True
DERL2,NEUTRAL,-0.002651519258902382,0.13750352374993502,-0.003825333685640046,0.13367819006429496,0.05340397614073268,0.0534039761407333,False
RNF41,DIG,-0.6807745663819715,0.4462562298895641,-0.9821500908826049,-0.5358938609930408,-0.6064873377526416,-0.9249207810562327,True
AGK,DSG,-0.029103430134383233,1.4528589647138113,-0.04198737432773311,1.4108715903860782,1.3313359208758517,0.015241935498640554,False
PTPRE,NEUTRAL,0.0032756862596706915,0.13750352374993502,0.004725816322335024,0.14222934007227003,0.06195512614870752,0.06195512614870752,False
S100A4,DCG,-0.8156898583345504,1.0356239097307214,-1.176791713522677,-0.1411678037919557,-0.22364189896738385,-1.119562403696305,True
TP73,NEUTRAL,0.04556865031463942,0.13750352374993502,0.0657416658289336,0.2032451895788686,0.12297097565530633,0.12297097565530664,False
PLA2G2C,NEUTRAL,-0.00936185396805766,0.13750352374993502,-0.013506300293243451,0.12399722345669156,0.04372300953313092,0.04372300953313061,False
OGA,NEUTRAL,-0.0215537908708923,0.13750352374993502,-0.031095547201794135,0.10640797654814088,0.026133762624578147,0.026133762624578147,False
SULT4A1,NEUTRAL,-0.020528759523109525,0.13750352374993502,-0.029616739559592195,0.10788678419034282,0.02761257026678092,0.02761257026678092,False
TGIF2-RAB5IF,DCG,-0.8611578407025314,1.1127001327493624,-1.2423881462041901,-0.12968801345482772,-0.2038150021574053,-1.1851588363778178,True
CCDC162P,DIG,-0.8683287168257422,0.4462562298895641,-1.2527335336259753,-0.8064773037364112,-0.896478933468334,-1.1955042237996019,True
ALDH1A3,DIG,-1.2015467689068533,0.4329594072761063,-1.7334655648980748,-1.3005061576219685,-1.3876622058451347,-1.6762362550717016,True
VN1R83P,DIG,1.5676427548956529,0.5728896684205812,2.261630428373471,2.8345200967940523,2.746120472836127,2.3188597381998433,True
NEDD9,DSG,0.05023718877515939,1.2479275134435854,0.07247694311412516,1.3204044565577107,1.2341024343575726,0.1297062529404986,False
S100A6,DCG,0.8545864311064254,-0.7369655941662062,1.2329076061682378,0.4959420120020316,0.41566779807846804,1.290136915994609,True
SP1,DIG,0.7083715197185346,0.5849625007211562,1.0219640786049085,1.6069265793260645,1.5280019651431223,1.0791933884312803,True
PIGBOS1,NEUTRAL,0.004059002174474378,0.13750352374993502,0.005855902308071703,0.14335942605800672,0.06308521213444429,0.0630852121344446,False
TLK2P2,DSG,0.04820096412013365,1.4659744645040693,0.06953929190218368,1.535513756406253,1.4596077354069776,0.12676860172855725,False
GCNT7,DCG,-0.9793507263070954,1.2403143293337107,-1.412904436134251,-0.17259010680054043,-0.2512333923116084,-1.3556751263078752,True
FOXO1,NEUTRAL,0.06061003984681864,0.13750352374993502,0.08744180391508773,0.22494532766502273,0.14467111374146055,0.14467111374146027,False
CD72,DIG,-1.4600224144873664,0.4724877714627438,-2.106367096967654,-1.6338793255049102,-1.71930870787518,-2.0491377871412806,True
RNF150,NEUTRAL,0.005498124270982944,0.13750352374993502,0.00793211661993834,0.14543564036987336,0.06516142644631105,0.06516142644631075,False
GYS1,DIG,-1.5792521562042108,0.53605290024021,-2.2783792540690175,-1.7423263538288074,-1.8219243057592271,-2.2211499442426454,True
SPAST,DIG,1.3005584720787133,0.5109619192773794,1.8763092580540872,2.3872711773314665,2.3244179956443354,1.9335385678804584,True
SERPINA9,NEUTRAL,0.019303904864850688,0.13750352374993502,0.027849647818312423,0.16535317156824744,0.08507895764468605,0.08507895764468605,False
FAM50B,DIG,-1.545136879723481,0.53605290024021,-2.229161313871713,-1.6931084136315029,-1.7793400438941145,-2.17193200404534,True
RUBCN,DCG,0.9129720040193263,-0.7369655941662062,1.317140182669141,0.5801745885029347,0.49990037457937364,1.3743694924955148,True
HNRNPA1P68,NEUTRAL,-0.004972814450047197,0.13750352374993502,-0.00717425474634407,0.13032926900359096,0.05005505508002924,0.050055055080029554,False
HORMAD1,DCG,-1.1246213989524967,1.4262647547020981,-1.6224857151463754,-0.19622096044427728,-0.2810203574341189,-1.565256405320003,True
SUZ12,DIG,1.3877105953037165,0.4724877714627438,2.0020431940337433,2.474530965496487,2.400370010073619,2.059272503860115,True
AADACL2-AS1,DSG,-0.11411905368520608,1.412781525338476,-0.1646389928225882,1.2481425325158877,1.1633927676702613,-0.10740968299621342,False
NRAV,DIG,1.1148023513714334,0.37851162325372983,1.6083198238949228,1.9868314471486526,1.9014871997188234,1.6655491337212944,True
LINC00299,DIG,-0.9852583681088257,0.37851162325372983,-1.4214273616649558,-1.042915738411226,-1.1069593700446674,-1.3641980518385795,True
ASAP1,DCG,-0.9115208570937635,1.0959244199985356,-1.3150466201960302,-0.21912220019749462,-0.29922234724660035,-1.2578173103696586,True
DST-AS1,DIG,1.3036221187252859,0.560714954474479,1.8807291658781335,2.4414441203526125,2.359166107372018,1.937958475704502,True
MARCO,NEUTRAL,0.028398790658235973,0.13750352374993502,0.04097079444988086,0.17847431819981588,0.09820010427625532,0.09820010427625563,False
TCEA3,NEUTRAL,-0.0049930388497289755,0.13750352374993502,-0.007203432387469927,0.1303000913624651,0.050025877438903237,0.05002587743890262,False
CCDC61,DIG,-1.4419305574374697,0.5484366246960424,-2.0802660645212963,-1.5318294398252539,-1.6112711654532272,-2.0230367546949233,True
HOOK3,DCG,-0.9679206684012446,1.4059923596758368,-1.3964143482764064,0.009578011399430375,-0.06464959255715072,-1.339185038450034,True
ZNF354C,DIG,-0.9021642005478576,0.49825086752782544,-1.3015478181979505,-0.8032969506701251,-0.8950759632293697,-1.2443185083715789,True
SLC35E3,DSG,0.12841812998496668,1.446256229889564,0.18526819928954574,1.6315244291791098,1.5526671251351307,0.2424975091159187,False
JADE2,NEUTRAL,-0.003440599429525957,0.13750352374993502,-0.004963735734662494,0.13253978801527252,0.052265574091711293,0.052265574091711293,False
MFSD4B,DIG,-0.6433494469254711,0.5109619192773794,-0.9281570566380346,-0.41719513736065517,-0.4996158879085944,-0.8709277468116625,True
STRN,DIG,0.7844330637731919,0.49825086752782544,1.13169769101492,1.6299485585427453,1.5569991846947349,1.1889270008412915,True
FBRSL1,DIG,1.3177796750643889,0.4724877714627438,1.9011542021996635,2.3736419736624073,2.27977051576645,1.958383512026035,True
MFN2,NEUTRAL,0.035181176359664564,0.13750352374993502,0.05075570866672811,0.18825923241666312,0.10798501849310141,0.1079850184931011,False
GOT2P2,DCG,-0.8493191664960902,1.3291235962915664,-1.2253085496358571,0.10381504665570929,0.027738408844410787,-1.1680792398094815,True
CNR2,NEUTRAL,0.03776077684365077,0.13750352374993502,0.05447728549244977,0.19198080924238478,0.11170659531882352,0.11170659531882411,False
ARNILA,DIG,-1.5745026408671285,0.4854268271702419,-2.271527151845583,-1.786100324675341,-1.856752312068571,-2.2142978420192097,True
MTMR4,DSG,0.05802614299229074,1.3504972470841334,0.08371402873689172,1.4342112758210253,1.3586603956524421,0.14094333856326352,False
PIWIL4,NEUTRAL,0.013658897578794042,0.13750352374993502,0.019705623800936434,0.15720914755087145,0.07693493362731144,0.07693493362731113,False
CLEC2D,DSG,0.17969513324217432,1.2927817492278462,0.2592452776003664,1.5520270268282126,1.4675899236562469,0.31647458742673773,True
TXLNB,DIG,-1.6125432177831933,0.4462562298895641,-2.326408103514945,-1.8801518736253808,-1.9641494809814244,-2.269178793688571,True
PPIA,DSG,0.004777228541178231,1.3074285251922473,0.006892083925551052,1.3143206091177984,1.2336351063861857,0.06412139375192333,False
CDO1,NEUTRAL,-0.03314427089109182,0.13750352374993502,-0.0478170752484586,0.08968644850147642,0.009412234577916878,0.00941223457791656,False
ZNF788P,DIG,1.205451917271061,0.4329594072761063,1.7390995030770526,2.172058910353159,2.0853816527498643,1.7963288129034258,True
FOXE3,NEUTRAL,0.03889064254027519,0.13750352374993502,0.056107337129840375,0.1936108608797754,0.11333664695621432,0.11333664695621432,False
CDC42EP5,DSG,0.01494007630304642,-0.7369655941662062,0.021553973992907788,-0.7154116201732984,-0.79568583409686,0.07878328381928104,False
MFAP4,NEUTRAL,-0.04380390837840915,0.13750352374993502,-0.06319568138908539,0.07430784236084963,-0.005966371562712203,-0.005966371562712203,False
XRRA1,DIG,-1.03676165902624,0.4462562298895641,-1.495730904060971,-1.049474674171407,-1.1214440446762561,-1.4385015942345987,True
BACE1-AS,NEUTRAL,0.0695900663712388,0.13750352374993502,0.10039724364892003,0.23790076739885505,0.15762655347529397,0.15762655347529397,False
SUN1,DSG,0.054737884425467086,1.1375035237499351,0.07897007440937459,1.2164735981593098,1.1326044351052482,0.1361993842357477,False
SIM2,DIG,-1.1726253819420063,0.4854268271702419,-1.6917408233482591,-1.2063139961780172,-1.2915583645326232,-1.6345115135218875,True
DCAF1,NEUTRAL,0.02751931519941581,0.13750352374993502,0.03970197956685746,0.17720550331679247,0.09693128939323228,0.09693128939323259,False
SATB1,DIG,-1.1778734021981125,0.4195388915137848,-1.6993121161462283,-1.2797732246324436,-1.3532009970937036,-1.6420828063198563,True
PSMD8,DSG,-0.10378392633003825,1.439623137557117,-0.1497285558403317,1.2898945817167853,1.2064901001140844,-0.09249924601395859,False
RPL37P12,NEUTRAL,-0.06033576434453478,0.13750352374993502,-0.08704610800810547,0.05045741574182955,-0.029816798181731684,-0.029816798181731358,False
RNF123,NEUTRAL,0.031839123072323755,0.13750352374993502,0.04593414496269486,0.18343766871262987,0.10316345478906805,0.10316345478906805,False
GIMAP1-GIMAP5,DIG,1.0374760764468072,0.4462562298895641,1.4967615905307479,1.943017820420312,1.867956173993894,1.553990900357121,True
WDSUB1,NEUTRAL,-0.005101549482893023,0.13750352374993502,-0.007359980139819419,0.1301435436101156,0.049869329686554754,0.04986932968655414,False
OMA1,DIG,-0.6317639430552036,0.4462562298895641,-0.9114427076581997,-0.4651864777686356,-0.5350022680567008,-0.8542133978318268,True
MIR6757,DIG,-0.6446171708933928,0.53605290024021,-0.9299859957197711,-0.3939330954795611,-0.4712812850710223,-0.8727566858933966,True
SMARCAL1,NEUTRAL,0.06368807716437411,0.13750352374993502,0.09188247308879617,0.22938599683873118,0.14911178291516916,0.14911178291516858,False
ARL2BP,NEUTRAL,0.08180040614617862,0.13750352374993502,0.11801304028979498,0.25551656403973,0.17524235011616915,0.17524235011616915,False
REV1,DIG,1.1018504174854105,0.4854268271702419,1.5896341331076356,2.0750609602778773,2.0022264510178647,1.646863442934008,True
ZNF527,DSG,0.00180454003605749,-0.7369655941662062,0.002603400961105732,-0.7343621932051004,-0.8146364071286638,0.05983271078747776,False
ZNF566,DSG,-0.004782249925565544,1.2630344058337937,-0.006899328251905025,1.2561350775818887,1.1768792872475229,0.0503299815744685,False
PCP4,DIG,1.4847523954079653,0.523561956057013,2.142044917803081,2.665606873860094,2.5940880345457606,2.199274227629454,True
IL23A,DIG,-0.827047632014404,0.5109619192773794,-1.193177517286141,-0.6822155980087615,-0.7581128936443554,-1.1359482074597678,True
LINC01451,NEUTRAL,-0.020310161737013947,0.13750352374993502,-0.0293013696176428,0.10820215413229223,0.027927940208730455,0.027927940208730455,False
CAVIN2,NEUTRAL,0.02768192103412894,0.13750352374993502,0.03993657019821771,0.17744009394815274,0.09716588002459033,0.09716588002459062,False
MIR6774,NEUTRAL,0.022963818704151248,0.13750352374993502,0.03312978736435223,0.17063331111428726,0.09035909719072568,0.09035909719072599,False
GNAT1,NEUTRAL,-0.04559553573845538,0.13750352374993502,-0.06578045329654508,0.07172307045338994,-0.00855114347017067,-0.00855114347017067,False
TMEM218,NEUTRAL,0.007961145247931832,0.13750352374993502,0.011485504768987992,0.148989028518923,0.06871481459536287,0.06871481459536287,False
ADPGK-AS1,NEUTRAL,-0.007813147554160692,0.13750352374993502,-0.011271989230121366,0.12623153451981364,0.045957320596251405,0.045957320596251405,False
DHX33,NEUTRAL,0.011606078481718777,0.13750352374993502,0.01674403186974379,0.15424755561967882,0.07397334169611808,0.07397334169611808,False
C12orf60,DSG,-0.03511442235327376,-0.7369655941662062,-0.05065940299274862,-0.7876249971589548,-0.8678992110825181,0.006569906833623572,False
ZNF474,NEUTRAL,-0.03622450511710896,0.13750352374993502,-0.05226091389110998,0.08524260985882504,0.0049683959352639214,0.0049683959352639214,False
GDAP1,DCG,-0.9084326807591129,1.3434078222978139,-1.310591323512639,0.0328164987851749,-0.04380824010005658,-1.2533620136862655,True
SART3,DIG,-0.8628292200038706,0.4854268271702419,-1.2447994368336766,-0.7593726096634347,-0.8463530890911283,-1.1875701270073042,True
PAMR1,DIG,-1.259732795930345,0.4854268271702419,-1.8174102575338975,-1.3319834303636555,-1.4016387089939732,-1.7601809477075252,True
GTF2F1,NEUTRAL,-0.02547684149584673,0.13750352374993502,-0.036755312883572235,0.10074821086636279,0.020473996942801442,0.020473996942801442,False
GAPDHP42,DIG,1.2130425874918926,0.5109619192773794,1.75005052536167,2.2610124446390496,2.1711283480771044,1.807279835188042,True
HUNK,DIG,-0.7227825277783098,0.49825086752782544,-1.042754768466957,-0.5445039009391315,-0.6264786272168187,-0.9855254586405858,True
SYT9,NEUTRAL,0.03968721164792935,0.13750352374993502,0.05725654343117838,0.19476006718111338,0.11448585325755319,0.11448585325755348,False
FRY-AS1,NEUTRAL,0.011498506662941294,0.13750352374993502,0.01658883854025411,0.15409236229018913,0.07381814836662774,0.07381814836662834,False
ACRBP,DSG,-0.0021744571438355813,-0.7369655941662062,-0.0031370785380371727,-0.7401026727042433,-0.8203768866278058,0.054092231288335166,False
CDC34,NEUTRAL,0.050672530512056155,0.13750352374993502,0.0731050084790381,0.21060853222897313,0.13033431830541184,0.13033431830541156,False
C1orf56,DCG,-0.8581095879510925,1.2403143293337107,-1.237990447076313,0.002323882257397658,-0.08321694168239784,-1.1807611372499407,True
MIR8085,DIG,-1.4099406178686626,0.53605290024021,-2.0341143373470407,-1.4980614371068306,-1.5729717415002893,-1.9768850275206635,True
KCNA1,DSG,0.017796614622957382,-3.321928094887362,0.025675087661152625,-3.2962530072262095,-3.3765272211497686,0.08290439748752669,False
CGA,DIG,1.1060191631028473,0.5728896684205812,1.5956483617366395,2.1685380301572206,2.076178260974336,1.652877671563011,True
RPS14,DIG,0.5563775534206579,0.4724877714627438,0.8026831371819175,1.2751709086446614,1.1775855702780518,0.8599124470082914,True
LINC02253,DIG,0.9399638298165496,0.5484366246960424,1.3560811558913337,1.904517780587376,1.819750188245487,1.4133104657177056,True
ZNF707,DCG,-0.9580208604048711,1.3923174227787602,-1.3821319443742854,0.010185478404474813,-0.06907247808088768,-1.3249026345479111,True
AGBL2,DIG,0.988519589262798,0.405992359675837,1.4261323092510338,1.8321246689268709,1.7623137593970408,1.4833616190774073,True
RTTN,NEUTRAL,0.0237330769761731,0.13750352374993502,0.034239592458560966,0.17174311620849597,0.09146890228493444,0.09146890228493444,False
HLCS,DIG,-0.5845775705438462,0.5728896684205812,-0.843367162038525,-0.2704774936179438,-0.34839550352412674,-0.786137852212153,True
RPLP0P2,DIG,-0.7015166689725613,0.53605290024021,-1.0120746194276586,-0.4760217191874486,-0.5632423583080379,-0.9548453096012853,True
PTPN2P2,NEUTRAL,-0.016173992373298286,0.13750352374993502,-0.023334138588333355,0.11416938516160166,0.033895171238040485,0.03389517123803986,False
CLHC1,DIG,-1.039479206346941,0.5728896684205812,-1.4996514961039273,-0.9267618276833461,-0.9993299456627226,-1.442422186277556,True
ZBTB17,NEUTRAL,0.08286309697581203,0.13750352374993502,0.11954617907970527,0.2570497028296403,0.1767754889060786,0.1767754889060789,False
REC114,NEUTRAL,0.014568861125495434,0.13750352374993502,0.021018423697152264,0.15852194744708728,0.07824773352352506,0.07824773352352475,False
TAF7,DIG,0.9661644831667452,0.4195388915137848,1.3938807085477116,1.8134196000614964,1.7192069126265601,1.4511100183740837,True
CYP7B1,DCG,-0.8929966033461395,1.3146965256562866,-1.2883217711781643,0.02637475447812232,-0.04902850667157284,-1.2310924613517908,True
MAPRE2,NEUTRAL,-0.023516547465098306,0.13750352374993502,-0.03392720640672725,0.10357631734320777,0.023302103419647228,0.0233021034196466,False
SCRN3,NEUTRAL,-0.02959867722547971,0.13750352374993502,-0.042701864850072685,0.09480165889986233,0.014527444976301611,0.014527444976301611,False
ACTB,DSG,0.0007555894425509473,-0.7369655941662062,0.001090085141716308,-0.73587550902449,-0.8161497229480535,0.05831939496808781,False
CXADR,DIG,0.9668271312781404,0.49825086752782544,1.394836707691876,1.8930875752197014,1.8096075823022146,1.4520660175182485,True
KCTD20,DIG,1.5500675683676997,0.6667565918848036,2.2362747939268948,2.9030313858116985,2.814854149800795,2.293504103753267,True
HOXD1,NEUTRAL,-0.011946923349173475,0.13750352374993502,-0.01723576706973314,0.12026775668020188,0.03999354275664068,0.039993542756641305,False
GPA33,DCG,2.0794415416798357,-3.321928094887362,3.0,-0.3219280948873622,-0.4022023088109227,3.0572293098263734,True
PRCC,DCG,-0.9067577490604838,1.4195388915137848,-1.3081749078571991,0.11136398365658562,0.029606891035353477,-1.2509455980308257,True
NUP160,DIG,-1.0235677312008105,0.4329594072761063,-1.4766960898173767,-1.0437366825412704,-1.1213092344993203,-1.4194667799910032,True
PRSS55,NEUTRAL,0.009388108579547598,0.13750352374993502,0.013544177691040452,0.15104770144097546,0.07077348751741379,0.07077348751741379,False
PARAL1,DSG,0.07621024431214603,1.3291235962915664,0.1099481415340694,1.439071737825636,1.3590026558687804,0.16717745136044107,False
CPB1,DSG,0.09301997011820279,1.446256229889564,0.13419944959317073,1.5804556794827347,1.5030555211500063,0.19142875941954152,False
NCOA2,DCG,-0.7802816433560196,1.1538053360790355,-1.1257084573664202,0.028096878712615236,-0.05756460928966456,-1.0684791475400472,True
PDLIM2,NEUTRAL,-0.011264641849595197,0.13750352374993502,-0.01625144293380127,0.12125208081613376,0.04097786689257357,0.04097786689257357,False
IGF2,NEUTRAL,-0.04255049875479717,0.13750352374993502,-0.06138739354089789,0.07611613020903713,-0.004158083714524901,-0.004158083714524901,False
GCK,DSG,-0.038915431175622024,1.4659744645040693,-0.056143099571125656,1.4098313649329437,1.321045666277136,0.0010862102552460526,False
ZNF610,DSG,-0.050041716506822494,1.3575520046180838,-0.0721949362419642,1.2853570683761195,1.2100299471779592,-0.014965626415590598,False
SNRNP48,DSG,0.11062178303261538,1.4329594072761063,0.1595934977954491,1.5925529050715554,1.5127111088786964,0.21682280762182107,False
APIP,DIG,-1.2418163794505843,0.4329594072761063,-1.7915623323280454,-1.3586029250519391,-1.4317239469931022,-1.734333022501673,True
HECTD3,NEUTRAL,0.005498562423728057,0.13750352374993502,0.007932748740730867,0.14543627249066587,0.06516205856710461,0.06516205856710461,False
ZNF175,DSG,-0.02921967150083959,1.4195388915137848,-0.04215507517066586,1.377383816343119,1.298508211379252,0.01507423465570612,False
TIE1,DIG,1.551026089040317,0.53605290024021,2.237657646947869,2.773710547188079,2.6907348098762762,2.294886956774241,True
MRPL24,DCG,-0.7806684218915751,1.0959244199985356,-1.1262664608415887,-0.03034204084305303,-0.10568973553398096,-1.0690371510152146,True
LILRP1,DSG,0.07752538843747882,1.0789513413948222,0.11184549344174127,1.1907968348365634,1.1084466048480872,0.16907480326811522,False
GALNT10,DIG,-1.5627053489751543,0.4724877714627438,-2.2545072573371123,-1.7820194858743685,-1.872842858752646,-2.1972779475107393,True
ADH1B,NEUTRAL,0.010144234951662796,0.13750352374993502,0.014635037458376408,0.15213856120831143,0.07186434728474875,0.07186434728474875,False
ABCC9,DSG,-0.0028683327932412152,1.20945336562895,-0.00413812949642829,1.2053152361325217,1.1236095296491735,0.05309118032994473,False
THOP1,NEUTRAL,-0.044713922504233554,0.13750352374993502,-0.06450855425555117,0.07299496949438385,-0.007279244429176182,-0.007279244429176343,False
AGO2,DCG,-0.7386807092145471,1.1043366598147357,-1.0656909959841696,0.03864566383056611,-0.04711775337681456,-1.0084616861577966,True
SH3PXD2B,DIG,-1.4505451285207498,0.4462562298895641,-2.09269426350253,-1.6464380336129658,-1.732531983115502,-2.035464953676157,True
USP3,NEUTRAL,0.01770846973027609,0.13750352374993502,0.025547921461601637,0.16305144521153667,0.08277723128797634,0.08277723128797634,False
FBH1,DSG,-0.023436645501379794,1.3434078222978139,-0.033811932239913266,1.3095958900579006,1.2314678361124978,0.023417377586458833,False
RAG2,DIG,-0.7473152499997167,0.4854268271702419,-1.0781480051552872,-0.5927211779850453,-0.673227629881681,-1.0209186953289122,True
TMC6,DCG,-0.6671187488893182,1.0874628412503395,-0.9624489107066692,0.12501393054367038,0.03656673135861129,-0.9052196008802973,True
CD226,NEUTRAL,-0.01037711322104122,0.13750352374993502,-0.014971009782739467,0.12253251396719556,0.04225830004363393,0.042258300043633616,False
ZNF512,DIG,1.1191010812231548,0.45943161863729726,1.6145215801341224,2.0739531987714197,1.9983734583856494,1.6717508899604951,True
SREBF2,NEUTRAL,-0.00010498702508594888,0.13750352374993502,-0.00015146426044918365,0.13735205948948584,0.05707784556592445,0.05707784556592445,False
KRT74,DIG,-1.5538939980381596,0.3923174227787603,-2.241795165036778,-1.8494777422580175,-1.9330842190731574,-2.1845658552103844,True
ITGB1BP1,DIG,-1.5043490463792815,0.5849625007211562,-2.170316908977431,-1.5853544082562747,-1.6598216334235436,-2.113087599151059,True
LINC02308,NEUTRAL,-0.021430619475027005,0.13750352374993502,-0.030917848439799903,0.10658567531013512,0.026311461386573542,0.026311461386573226,False
ZNF599,DSG,0.08998405051860589,1.3001237245690138,0.12981954344229468,1.4299432680113084,1.3485675784317854,0.18704885326866738,False
KRT86,DIG,1.1378335049055335,0.560714954474479,1.641546754884521,2.202261709359,2.1179572097674675,1.698776064710893,True
MYO1D,DIG,-1.5613254699846706,0.49825086752782544,-2.2525165127605145,-1.754265645232689,-1.8331814092798357,-2.19528720293414,True
IQCJ,DSG,0.010350161823737335,1.145677455195635,0.014932127135504123,1.160609582331139,1.0762101172806802,0.07216143696187866,False
LETM1,NEUTRAL,-0.11241259542347264,0.13750352374993502,-0.16217709395090135,-0.024673570200966333,-0.1049477841245282,-0.10494778412452836,False
FXYD3,DSG,0.053273154470167984,-0.7369655941662062,0.07685691576662307,-0.6601086783995831,-0.7403828923231461,0.13408622559299518,False
MIR1228,DIG,-1.6119272397312174,0.5969351423872323,-2.325519435034063,-1.7285842926468304,-1.8043164981925628,-2.2682901252076584,True
GANC,NEUTRAL,-0.05768691822547024,0.13750352374993502,-0.08322463084805308,0.05427889290188194,-0.025995321021680375,-0.025995321021680375,False
HOXA10-AS,DSG,-0.0542864072702332,1.3219280948873624,-0.078318730556444,1.2436093643309185,1.1549449004537782,-0.02108942073007098,False
PNPLA2,NEUTRAL,-0.037411481830335214,0.13750352374993502,-0.05397335930893217,0.08353016444100285,0.003255950517442577,0.003255950517442577,False
UBL3,NEUTRAL,0.0018978718755805176,0.13750352374993502,0.0027380503431426485,0.14024157409307766,0.059967360169517085,0.059967360169517085,False
SPECC1L-ADORA2A,NEUTRAL,-0.061755412150242044,0.13750352374993502,-0.08909422685720823,0.048409296892726786,-0.03186491703083565,-0.03186491703083533,False
RAPGEF1,NEUTRAL,0.028388990771843974,0.13750352374993502,0.04095665620238185,0.17846017995231686,0.09818596602875629,0.0981859660287566,False
MATK,NEUTRAL,-0.004684126698961031,0.13750352374993502,-0.00675776635948667,0.13074575739044836,0.05047154346688554,0.050471543466886155,False
KCNK17,DSG,-0.09177369543636826,1.4059923596758368,-0.13240145529010258,1.2735909043857343,1.1980272159121081,-0.0751721454637292,False
SERTM1,NEUTRAL,0.007554391853013643,0.13750352374993502,0.01089868366327477,0.14840220741320978,0.06812799348964757,0.06812799348964726,False
FBLL1,DIG,1.4063275156392734,0.4462562298895641,2.028901732678476,2.47515796256804,2.3783448825587388,2.086131042504847,True
AGT,DCG,-0.9101303673625851,1.1292830169449666,-1.313040567556452,-0.18375755061148547,-0.27115035334241855,-1.2558112577300795,True
ZNF667-AS1,DSG,-0.05939651844620852,1.2016338611696507,-0.08569106260841487,1.1159427985612358,1.0334077942598383,-0.028461752782041373,False
LINC02183,NEUTRAL,0.053601472091212805,0.13750352374993502,0.07733057797034089,0.2148341017202759,0.13455988779671413,0.13455988779671385,False
FNBP1,NEUTRAL,-0.0024622844116791477,0.13750352374993502,-0.003552325509987705,0.1339511982399473,0.05367698431638551,0.0536769843163852,False
SBF1P1,DCG,-0.7953663257210042,1.3146965256562866,-1.1474710538077688,0.16722547184851777,0.08501117113767484,-1.0902417439813907,True
DIO2-AS1,NEUTRAL,-0.017687353723367247,0.13750352374993502,-0.025517457503150872,0.11198606624678414,0.03171185232322247,0.031711852323222156,False
SLC35E1,DIG,0.8596791121632641,0.53605290024021,1.240254791873768,1.7763076921139782,1.6935262357254528,1.2974841017001393,True
FBXW7,NEUTRAL,0.033732669397234245,0.13750352374993502,0.04866595485533674,0.18616947860527178,0.10589526468171129,0.10589526468171158,False
KRT2,DIG,1.0967620027230802,0.5109619192773794,1.5822931023640356,2.093255021641415,2.0120286894225643,1.6395224121904084,True
GSDMD,DCG,-1.0093736290716941,1.3575520046180838,-1.4562183290658293,-0.09866632444774548,-0.17333911008059558,-1.3989890192394563,True
JRKL,NEUTRAL,-0.04038767693493464,0.13750352374993502,-0.05826710122705578,0.07923642252287924,-0.0010377914006812483,-0.001037791400681088,False
DEPDC1B,NEUTRAL,0.0002754300578941841,0.13750352374993502,0.0003973615786356995,0.13790088532857073,0.0576266714050086,0.05762667140500829,False
RAD1P2,DCG,-0.9673511173887935,1.2249663650002742,-1.39559265985521,-0.17062629485493574,-0.25660494584728966,-1.3383633500288303,True
COLCA1,NEUTRAL,-0.008948510180275168,0.13750352374993502,-0.012909971260427389,0.12459355248950763,0.04431933856594641,0.04431933856594641,False
FOXP4,DSG,-0.010561706193656699,1.3291235962915664,-0.015237321148914771,1.3138862751426517,1.2269526917832805,0.041991988677457265,False
TMEM223,DIG,-0.9105752163708909,0.3645724322958561,-1.3136823490146792,-0.949109916718823,-1.0324806211474056,-1.256453039188306,True
CRELD1,DIG,1.0277998383406954,0.37851162325372983,1.4828017298005998,1.8613133530543295,1.7817097209102455,1.5400310396269712,True
BPIFB1,DCG,-0.9514644359000549,1.3074285251922473,-1.3726730232552242,-0.06524449806297694,-0.14464911107534534,-1.3154437134288515,True
GIMAP5,DIG,-1.2314256207606105,0.523561956057013,-1.7765716362949462,-1.2530096802379331,-1.3299716416384484,-1.7193423264685745,True
CHRNG,NEUTRAL,0.022485428236617262,0.13750352374993502,0.032439615809232394,0.1699431395591674,0.08966892563560568,0.08966892563560598,False
NES,DCG,-0.9623962670867394,1.3854310371935206,-1.3884443218960894,-0.003013284702568786,-0.07963769386757527,-1.3312150120697153,True
GAREM1,NEUTRAL,-0.03637280112715823,0.13750352374993502,-0.052474859809391684,0.08502866394054334,0.004754450016983143,0.0047544500169828235,False
TRIP13,DCG,-0.973703325993284,1.145677455195635,-1.4047569597076006,-0.2590795045119656,-0.341174733179026,-1.347527649881228,True
TTC21B-AS1,NEUTRAL,-0.00507643857932986,0.13750352374993502,-0.007323752763776604,0.1301797709861584,0.04990555706259697,0.04990555706259697,False
EIF2AK1,DSG,0.16015604225530544,1.2555007331483865,0.23105632793013245,1.486557061078519,1.4073517817325114,0.2882856377565059,False
INO80C,NEUTRAL,0.021289079623370347,0.13750352374993502,0.030713649597726683,0.1682171733476617,0.08794295942410037,0.08794295942410037,False
LINC01852,NEUTRAL,-0.002532181455262408,0.13750352374993502,-0.003653165628138075,0.13385035812179694,0.053576144198236045,0.05357614419823666,False
TDG,NEUTRAL,-0.024998942383398032,0.13750352374993502,-0.03606585020399727,0.10143767354593775,0.02116345962237654,0.02116345962237654,False
LSM8,DIG,1.5072388656139506,0.49825086752782544,2.1744860368563534,2.6727369043841787,2.595775146128995,2.2317153466827264,True
RRAGD,DIG,-0.6114103890051438,0.4724877714627438,-0.882078736165713,-0.4095909647029692,-0.49703365571754626,-0.8248494263393404,True
PITRM1,DCG,-0.878831612751486,1.2403143293337107,-1.2678860094930189,-0.02757168015930822,-0.10942485579329032,-1.2106566996666464,True
EIF2B3,NEUTRAL,0.01759066791808108,0.13750352374993502,0.02537796937134016,0.16288149312127517,0.08260727919771534,0.08260727919771534,False
MACO1,NEUTRAL,0.01224244682939177,0.13750352374993502,0.01766211732911032,0.15516564107904535,0.07489142715548415,0.07489142715548384,False
AADACP1,DSG,-0.03324370066932204,1.1937717433966801,-0.04796052209642803,1.145811221300252,1.0638692429447412,0.009268787729945908,False
H1-10,DSG,-0.030144883786099363,1.399171093819823,-0.04348987434637967,1.3556812194734433,1.2749772730350701,0.013739435479991442,False
ZBTB25,NEUTRAL,0.0162828909310261,0.13750352374993502,0.023491245997527232,0.16099476974746224,0.08072055582389923,0.08072055582389923,False
ATP6V0A2,DIG,-1.3451151355759194,0.3923174227787603,-1.9405909355200648,-1.5482735127413045,-1.6255745925923208,-1.8833616256936931,True
CILP2,DIG,-1.6194112317623601,0.4854268271702419,-2.336316553223445,-1.850889726053203,-1.9373208087573774,-2.279087243397072,True
FOXA2,DSG,0.03798812913729719,1.2016338611696507,0.05480528551902819,1.2564391466886788,1.173007078909407,0.11203459534540175,False
THSD1,NEUTRAL,-0.041470601841292726,0.13750352374993502,-0.05982943161911373,0.0776740921308213,-0.0026001217927413187,-0.0026001217927411583,False
PRMT9,NEUTRAL,0.012878446116124886,0.13750352374993502,0.018579670346089105,0.1560831940960241,0.07580898017246175,0.07580898017246175,False
PSMD1,NEUTRAL,0.0040639999182612374,0.13750352374993502,0.00586311252824864,0.14336663627818366,0.06309242235462133,0.06309242235462133,False
CYP4Z2P,NEUTRAL,-0.03582080383872179,0.13750352374993502,-0.05167849605878028,0.08582502769115474,0.005550813767594347,0.00555081376759371,False
MTRF1LP1,NEUTRAL,-0.03022100225043323,0.13750352374993502,-0.043599690077394226,0.09390383367254079,0.013629619748978966,0.013629619748978966,False
SLC51B,NEUTRAL,0.02100158586365053,0.13750352374993502,0.030298883776292376,0.16780240752622738,0.08752819360266643,0.08752819360266643,False
AFP,DIG,-0.7929736235641386,0.4462562298895641,-1.1440191142717344,-0.6977628843821704,-0.7806656733793783,-1.0867898044453619,True
RNU1-39P,DIG,-0.9882967445792213,0.5109619192773794,-1.4258108123311493,-0.9148488930537698,-1.0033714741278077,-1.368581502504774,True
ZNF492,DIG,-1.468445694757309,0.5109619192773794,-2.1185193216411182,-1.6075574023637387,-1.695699745669387,-2.061290011814744,True
TRPM4,DIG,1.1588012800703706,0.5484366246960424,1.6717968601333064,2.2202334848293486,2.1356664063345225,1.7290261699596794,True
NUP35,NEUTRAL,-0.049888684581028,0.13750352374993502,-0.07197415784152279,0.06552936590841223,-0.014744848015148242,-0.014744848015148242,False
LOXHD1,NEUTRAL,0.00015442521548937314,0.13750352374993502,0.00022278849257472818,0.13772631224250975,0.057452098318949346,0.057452098318949034,False
ZAP70,DIG,1.1727437874523035,0.3923174227787603,1.6919116463907788,2.084229069169539,2.0069273942307113,1.7491409562171505,True
CEP290,DIG,1.115882275405558,0.5728896684205812,1.6098778249434909,2.182767493364072,2.1059974324297284,1.6671071347698618,True
RNF20,NEUTRAL,-0.007603170548081339,0.13750352374993502,-0.01096905644474997,0.12653446730518506,0.04626025338162253,0.04626025338162284,False
SLC7A2-IT1,NEUTRAL,-0.02809682024860526,0.13750352374993502,-0.04053514323741142,0.0969683805125236,0.016694166588961737,0.016694166588961737,False
CACNA1S,DCG,-0.8915762356049164,1.232660756790275,-1.286272613681663,-0.05361185689138792,-0.13901518551110925,-1.2290433038552868,True
LARS1,DIG,0.8147468196607454,0.4462562298895641,1.175431196304612,1.621687426194176,1.5313845493896618,1.2326605061309852,True
ASAP1-IT2,DCG,-0.7497526992015393,1.1618876823768942,-1.0816645010311754,0.08022318134571882,-0.004114498540076732,-1.0244351912048,True
LAD1,DCG,-1.0580335201067197,1.439623137557117,-1.526419712552258,-0.08679657499514115,-0.172837477610718,-1.469190402725886,True
VSTM4,DIG,1.5954473817767387,0.4724877714627438,2.3017440256885817,2.7742317971513257,2.685971051440079,2.358973335514954,True
PPEF2,DIG,-0.6573105783427616,0.3923174227787603,-0.9482987116989587,-0.5559812889201985,-0.6390153685937988,-0.8910694018725835,True
BAIAP2L2,NEUTRAL,-0.028028411414772064,0.13750352374993502,-0.04043645015208727,0.09706707359784775,0.01679285967428718,0.01679285967428718,False
KCNIP1-OT1,DIG,1.623381091095087,0.4724877714627438,2.3420438495957967,2.8145316210585403,2.7255236185519114,2.3992731594221675,True
DNAJC27-AS1,DIG,-0.956267931237365,0.405992359675837,-1.3796030021572947,-0.9736106424814577,-1.0418156153100386,-1.322373692330922,True
EPC2,NEUTRAL,0.005385931018734551,0.13750352374993502,0.0077702559712983805,0.1452737797212334,0.06499956579767205,0.06499956579767144,False
SNORD45A,NEUTRAL,-0.003510829617820021,0.13750352374993502,-0.005065056479035039,0.13243846727089997,0.052164253347338256,0.05216425334733857,False
ERO1B,DCG,-0.9503950048043918,1.3074285251922473,-1.3711301603169386,-0.06370163512469129,-0.14453767037415574,-1.313900850490566,True
TGM3,DSG,0.03570870614774211,1.1375035237499351,0.051516773275908784,1.1890202970258439,1.109078245556275,0.1087460831022823,False
ADGRE5,DIG,-1.3124114503956854,0.45943161863729726,-1.8934094910917472,-1.4339778724544499,-1.5146122036234282,-1.8361801812653757,True
PIK3C2B,DCG,-0.8971807365658144,1.3785116232537298,-1.294358199424608,0.08415342382912172,0.000600797826046218,-1.2371288895982362,True
FANCM,NEUTRAL,-0.0574954173671214,0.13750352374993502,-0.08294835350938723,0.05455517024054779,-0.02571904368301383,-0.025719043683013667,False
POU2F1,DCG,2.0794415416798357,-3.321928094887362,3.0,-0.3219280948873622,-0.40220230881092317,3.057229309826374,True
SLX4IP,DSG,-0.07608921967983212,1.145677455195635,-0.10977353989720472,1.0359039152984304,0.9458882161243554,-0.05254423007083072,False
ELFN1-AS1,DSG,0.009373001938562407,1.3645724322958561,0.013522383415006625,1.3780948157108628,1.3002869273949154,0.07075169324138059,False
LYSMD3,NEUTRAL,-0.0962329256637022,0.13750352374993502,-0.13883476462525943,-0.0013312408753244076,-0.08160545479888666,-0.08160545479888649,False
SH2D4B,DIG,1.0136312475375713,0.4462562298895641,1.4623607741125473,1.9086170040021113,1.832176912122885,1.5195900839389191,True
EPHX2,NEUTRAL,0.018573746327861906,0.13750352374993502,0.026796251717935968,0.164299775467871,0.08402556154430946,0.08402556154430915,False
DDX49,DIG,0.5557187023266562,0.5728896684205812,0.801732615975917,1.3746222843964984,1.2842811941458914,0.8589619258022887,True
WDFY1,NEUTRAL,0.045834626463133445,0.13750352374993502,0.06612538829936067,0.20362891204929567,0.12335469812573388,0.12335469812573388,False
RBX1P2,NEUTRAL,-0.04836295510113243,0.13750352374993502,-0.06977299548713935,0.06773052826279567,-0.012543685660766015,-0.012543685660765691,False
DCTN2,DIG,-0.9493238052448473,0.523561956057013,-1.3695847460245814,-0.8460227899675684,-0.9237039762131373,-1.3123554361982077,True
SBSN,DSG,0.05028539760011577,1.4659744645040693,0.0725464937468168,1.538520958250886,1.4569562163162697,0.12977580357318902,False
RHOBTB3,NEUTRAL,0.019339996159511673,0.13750352374993502,0.02790171655013909,0.1654052403000741,0.0851310263765116,0.0851310263765116,False
BNC2,DIG,1.076909624583677,0.4329594072761063,1.553652174872466,1.9866115821485724,1.9117189839939128,1.6108814846988375,True
JAKMIP1,NEUTRAL,-0.05186920176494726,0.13750352374993502,-0.07483144016115849,0.06267208358877653,-0.01760213033478516,-0.017602130334785967,False
VAC14,NEUTRAL,-0.07879316482957488,0.13750352374993502,-0.11367450815557437,0.023829015594360653,-0.05644519832920076,-0.05644519832920109,False
NR1D2,NEUTRAL,-0.060192040264775835,0.13750352374993502,-0.08683875799098091,0.05066476575895411,-0.02960944816460647,-0.029609448164606797,False
RPS3AP44,NEUTRAL,-0.008283167634752923,0.13750352374993502,-0.011950084869510007,0.125553438880425,0.04527922495686426,0.04527922495686395,False
SUPT7L,DIG,1.6907743363271777,0.523561956057013,2.4392717502815477,2.962833706338561,2.895024304726618,2.4965010601079185,True
SPATA2,DCG,-0.8696974873194399,1.2630344058337937,-1.254708252029348,0.00832615380444568,-0.07194340423376752,-1.197478942202976,True
SPDEF,DIG,0.7632733492862204,0.6205864104518776,1.1011706758579398,1.7217570863098173,1.6383295171567647,1.1583999856843128,True
LINC02226,DSG,0.03252968932219948,-0.7369655941662062,0.04693042146679586,-0.6900351726994104,-0.7703093866229658,0.10415973129316963,False
CASP14,DIG,1.573943835467496,0.6892991605358918,2.270720966066711,2.9600201266026027,2.8785564229194986,2.327950275893083,True
PANK3,DIG,-0.9689958573941315,0.4329594072761063,-1.3979655181044628,-0.9650061108283565,-1.061850939056816,-1.3407362082780911,True
UNC13D,DCG,-1.091360971538071,1.371558862611963,-1.5745010614577362,-0.20294219884577314,-0.2808668189056219,-1.5172717516313634,True
FBXL16,DCG,0.8161344796781905,-0.7369655941662062,1.17743316653022,0.4404675723640138,0.3601933584404515,1.2346624763565925,True
TMEM89,NEUTRAL,-0.04567480948926402,0.13750352374993502,-0.06589482114370937,0.07160870260622565,-0.008665511317335764,-0.008665511317335282,False
ALOX15B,NEUTRAL,0.020525320005097717,0.13750352374993502,0.02961177738401351,0.16711530113394854,0.08684108721038658,0.08684108721038658,False
ANXA7,DIG,-0.8738071066189413,0.4462562298895641,-1.2606371794126805,-0.8143809495231165,-0.8933055040098424,-1.2034078695863066,True
MEIS1,DIG,-1.2367791179737178,0.45943161863729726,-1.784295100175709,-1.3248634815384117,-1.3916251976385783,-1.727065790349337,True
LINC02273,NEUTRAL,0.0003218710119593544,0.13750352374993502,0.00046436171275967284,0.1379678854626947,0.05769367153913305,0.05769367153913274,False
LGR4,DIG,0.9969069998492717,0.5728896684205812,1.438232784910039,2.01112245333062,1.936279016037128,1.4954620947364097,True
TRNT1,DIG,-1.2284126132432474,0.4195388915137848,-1.7722247852914852,-1.3526858937777004,-1.4324973789417044,-1.7149954754651118,True
KBTBD13,NEUTRAL,0.027947115503810863,0.13750352374993502,0.040319164944499,0.17782268869443402,0.09754847477087261,0.0975484747708729,False
ITPK1-AS1,NEUTRAL,0.007923471571162325,0.13750352374993502,0.011431153142340571,0.1489346768922756,0.06866046296871389,0.06866046296871389,False
SLC30A6,DIG,0.6407042051363265,0.560714954474479,0.9243407794268834,1.4850557339013624,1.4177037016454421,0.9815700892532562,True
LINC01976,NEUTRAL,-0.0420078356140526,0.13750352374993502,-0.060604496118872475,0.07689902763106254,-0.003375186292498655,-0.0033751862924988156,False
SAP30L-AS1,DIG,0.679110724002869,0.4724877714627438,0.9797496737334526,1.4522374451961964,1.366019105357998,1.0369789835598262,True
GLYATL1P1,DIG,1.3681866586887852,0.5484366246960424,1.9738761075007514,2.5223127321967937,2.447364240325271,2.0311054173271246,True
GABRG3,NEUTRAL,-0.00956562735464598,0.13750352374993502,-0.013800283147539569,0.12370324060239545,0.0434290266788344,0.04342902667883409,False
NIPSNAP3A,NEUTRAL,0.0063003229161356054,0.13750352374993502,0.00908944462710793,0.14659296837704294,0.06631875445348248,0.06631875445348248,False
TP53I3,DIG,0.9507328628420955,0.5728896684205812,1.3716175864324582,1.9445072548530393,1.8810885327074218,1.4288468962588294,True
LACTB2,DCG,-1.0108461974728982,1.4659744645040693,-1.4583427961956161,0.007631668308453188,-0.07391054855647992,-1.4011134863692425,True
PDXK,DSG,-0.07453161064188958,1.20945336562895,-0.1075263850625212,1.1019269805664287,1.0227230007732704,-0.05029707523614797,False
BTN1A1,DSG,-0.004804712232435356,1.2927817492278462,-0.006931734510633028,1.2858500147172132,1.2061690845840218,0.05029757531574063,False
MAP1B,NEUTRAL,0.03278032671313134,0.13750352374993502,0.0472920147877546,0.18479553853768962,0.10452132461412869,0.10452132461412869,False
VAMP3,NEUTRAL,0.016770742021979278,0.13750352374993502,0.024195066347137653,0.16169859009707266,0.08142437617351106,0.08142437617351136,False
PDCL3P5,DIG,-1.0920323726928798,0.523561956057013,-1.575469688574226,-1.051907732517213,-1.1371755482892694,-1.5182403787478542,True
SLC25A13,DSG,0.09845963761756273,1.2479275134435854,0.14204723091858218,1.3899747443621675,1.31519328548396,0.19927654074495496,False
IYD,DIG,1.2464254485647992,0.5109619192773794,1.7982118134822376,2.309173732759617,2.2228218410126157,1.8554411233086112,True
LINC01829,DIG,-1.4225922246081069,0.523561956057013,-2.052366747649314,-1.528804791592301,-1.5978067824370144,-1.9951374378229323,True
RFC2,DSG,-0.021169553711529485,1.3645724322958561,-0.03054121015745614,1.3340312221384,1.253580478463513,0.026688099668917893,False
GPATCH2,DCG,0.6931443178621887,-0.7369655941662062,0.9999958700001429,0.2630302758339367,0.1827560619103739,1.0572251798265155,True
FAM237B,DSG,-0.05470924534588694,-0.7369655941662062,-0.07892875695128869,-0.8158943511174949,-0.8961685650410548,-0.02169944712491398,False
NAMPT,DSG,-0.10520970544151206,1.0874628412503395,-0.15178552029385806,0.9356773209564815,0.8579002023779729,-0.09455621046748477,False
LYPD4,DSG,0.07115857855137608,1.1699250014423124,0.10266012839277804,1.2725851298350903,1.1948338317618494,0.1598894382191509,False
PKD2L1,NEUTRAL,-0.04431080876415057,0.13750352374993502,-0.06392698406181925,0.07357653968811577,-0.006697674235445132,-0.006697674235444971,False
ELOCP31,DSG,0.01895398755446752,1.412781525338476,0.027344823849901424,1.4401263491883773,1.360172358586413,0.08457413367627474,False
CLEC17A,DIG,1.3210432764974138,0.560714954474479,1.9058625838025267,2.4665775382770057,2.3844103113702153,1.9630918936288977,True
POLR2A,NEUTRAL,-0.009575041588913116,0.13750352374993502,-0.013813865016630532,0.12368965873330448,0.04341544480974275,0.04341544480974275,False
NDUFA4,DSG,0.062295650382518615,1.0874628412503395,0.08987362587581227,1.177336467126152,1.0928681352763465,0.14710293570218463,False
FAM83C-AS1,DCG,-0.7394693400198956,1.2016338611696507,-1.0668287497361382,0.13480511143351248,0.06067253150641494,-1.0095994399097552,True
IL12A,DSG,-0.03239779844405432,1.1043366598147357,-0.04674014315095734,1.0575965166637784,0.9719321486922384,0.010489166675416765,False
ASS1P8,NEUTRAL,0.04943582869985706,0.13750352374993502,0.07132082490752008,0.20882434865745508,0.12855013473389343,0.12855013473389343,False
DNAJB5-DT,DIG,-1.3504858890688614,0.4329594072761063,-1.9483392949501692,-1.515379887674063,-1.5971262781130537,-1.8911099851237807,True
DNAJB9,DSG,-0.00444490304250891,1.1779177921958432,-0.0064126395766598695,1.1715051526191833,1.0954605768190533,0.050816670249712,False
HELZ2,DCG,-1.104631875745523,1.4528589647138113,-1.5936469291459394,-0.14078796443212815,-0.22212418816542687,-1.5364176193195673,True
LZIC,NEUTRAL,0.04842369440061021,0.13750352374993502,0.06986062377328302,0.20736414752321802,0.12708993359965598,0.12708993359965567,False
AOX3P,NEUTRAL,-0.0324212653932954,0.13750352374993502,-0.04677399880225224,0.09072952494768277,0.010455311024122381,0.010455311024121745,False
SSR4P1,DSG,-0.003093771230055411,-0.7369655941662062,-0.0044633684112458894,-0.741428962577452,-0.8217031765010145,0.052765941415126486,False
DDX50,DIG,1.0130129762527929,0.30742852519224734,1.4614687971960736,1.7688973223883209,1.6941468119109127,1.5186981070224452,True
INTS12,NEUTRAL,-0.08063266084712693,0.13750352374993502,-0.1163283399378317,0.021175183812103315,-0.05909903011145945,-0.05909903011145945,False
CTNNBL1,DCG,0.7904497570273598,-0.7369655941662062,1.140377944535258,0.40341235036905176,0.323138136445491,1.1976072543616318,True
EIF3B,DSG,0.14216484063969226,1.1210154009613662,0.20510051057965378,1.32611591154102,1.2414321689979406,0.2623298204060268,False
RXRB,DSG,0.04621618075031718,-0.7369655941662062,0.06667585477731057,-0.6702897393888957,-0.7505639533124577,0.12390516460368345,False
DLX5,DSG,0.09488875904217793,-3.321928094887362,0.1368955421062579,-3.185032552781104,-3.2653067667046654,0.19412485193263093,False
SAMD5,DIG,0.7641750068635919,0.4854268271702419,1.1024714927733936,1.5878983199436356,1.5085505559643149,1.1597008025997666,True
RPGRIP1,DIG,1.1972340293025856,0.4724877714627438,1.7272435968583522,2.199731368321096,2.121944062942472,1.7844729066847238,True
PKMP5,DIG,-1.3484078167336875,0.4724877714627438,-1.9453412702976052,-1.4728534988348614,-1.5535422787186264,-1.8881119604712253,True
SLC39A6,NEUTRAL,-0.012910523620211308,0.13750352374993502,-0.01862594840215868,0.11887757534777633,0.038603361424214444,0.038603361424214444,False
ZKSCAN1,DSG,0.01037321123117451,1.399171093819823,0.014965380401309165,1.4141364742211322,1.333330237925512,0.07219469022768196,False
LZTS1,NEUTRAL,0.02947814081306913,0.13750352374993502,0.04252796756564139,0.18003149131557641,0.09975727739201457,0.09975727739201457,False
CPSF1P1,NEUTRAL,-0.00432432009080163,0.13750352374993502,-0.006238675150216024,0.131264848599719,0.05099063467615689,0.05099063467615689,False
ADM,NEUTRAL,0.0022645045582752234,0.13750352374993502,0.003266989496294118,0.14077051324622913,0.06049629932266689,0.06049629932266689,False
SLC25A26,NEUTRAL,0.017741313615867876,0.13750352374993502,0.025595305172468427,0.16309882892240346,0.08282461499884318,0.08282461499884318,False
NCAPGP1,DCG,-0.9875379103020996,1.4724877714627438,-1.424716045882689,0.047771725580054714,-0.03452150263390082,-1.3674867360563072,True
MAP1LC3B2,NEUTRAL,0.00679226569664799,0.13750352374993502,0.009799168036954275,0.1473026917868893,0.06702847786332745,0.06702847786332745,False
ADGRL3,NEUTRAL,-0.013165737448776334,0.13750352374993502,-0.01899414412699573,0.11850937962293928,0.03823516569937748,0.03823516569937748,False
ERCC6,DIG,-1.5182871078247955,0.35049724708413343,-2.1904252811044795,-1.839928034020346,-1.930095479244839,-2.1331959712781057,True
TIMM21,NEUTRAL,0.06590017674591982,0.13750352374993502,0.09507385818504471,0.23257738193497973,0.15230316801141863,0.15230316801141894,False
CDS2,DSG,0.03611549966074956,1.2016338611696507,0.05210365225979044,1.253737513429441,1.1757441738606875,0.1093329620861625,False
NAGS,NEUTRAL,0.016802825464172083,0.13750352374993502,0.024241352970083858,0.1617448767200189,0.08147066279645705,0.08147066279645705,False
MED4-AS1,NEUTRAL,-0.07982053633839406,0.13750352374993502,-0.11515669193649841,0.022346831813436607,-0.05792738211012448,-0.05792738211012431,False
OIT3,DIG,1.4439126845036623,0.4724877714627438,2.083125669410104,2.5556134408728477,2.475998552440228,2.1403549792364776,True
APOE,DIG,1.6364959016834895,0.4854268271702419,2.360964521793883,2.846391348964125,2.7629463338289617,2.418193831620255,True
FBLN5,NEUTRAL,-0.017477537840096518,0.13750352374993502,-0.02521475716885645,0.11228876658107857,0.03201455265751605,0.03201455265751573,False
RSL24D1P11,NEUTRAL,-0.001624509688047688,0.13750352374993502,-0.0023436720708224766,0.13515985167911254,0.054885637755550394,0.054885637755550394,False
NBEA,NEUTRAL,-0.026559674207105047,0.13750352374993502,-0.038317510266216964,0.09918601348371806,0.01891179956015645,0.01891179956015645,False
DUS4L,DIG,-0.8193222864921689,0.4462562298895641,-1.1820321996120586,-0.7357759697224946,-0.8213025470162205,-1.1248028897856848,True
RPS21P1,DCG,-1.1300889642791099,1.4594316186372973,-1.630373744528817,-0.17094212589151958,-0.2531021010871903,-1.5731444347024397,True
SLC9A3P3,DIG,-0.8125997150535089,0.4329594072761063,-1.172333579135482,-0.7393741718593758,-0.8122227511162587,-1.1151042693091007,True
DPH3,DIG,1.7101088644932452,0.4462562298895641,2.467165578184661,2.9134218080742253,2.8291561050759415,2.524394888011034,True
SOBP,DIG,1.602219054738619,0.4462562298895641,2.3115134846892085,2.7577697145787727,2.673148973514936,2.3687427945155806,True
SUCO,DCG,0.9400472703327618,-0.7369655941662062,1.3562015351102823,0.6192359409440761,0.5389617270205145,1.4134308449366557,True
TMEM63B,DSG,-0.0057243813729926,1.412781525338476,-0.00825853661897358,1.4045229887195023,1.3248819040238373,0.04897077320739905,False
BIN1,NEUTRAL,-0.010692411090973403,0.13750352374993502,-0.01542588845609348,0.12207763529384154,0.041803421370280064,0.041803421370280376,False
TMEM243,DSG,-0.021035134042494696,1.4594316186372973,-0.03034728356754171,1.4290843350697555,1.34824391854222,0.02688202625883213,False
ARPC2,NEUTRAL,-0.004069088303390258,0.13750352374993502,-0.005870453516240411,0.1316330702336946,0.05135885631013265,0.05135885631013265,False
RFX2,DIG,1.0939860827421362,0.49825086752782544,1.5782882963736231,2.0765391639014483,1.9933643732835737,1.6355176061999952,True
HOXA1,DSG,-0.05489815832026059,1.4528589647138113,-0.07920130076257714,1.3736576639512341,1.2918956230443472,-0.02197199093620561,False
LINC01535,DSG,-0.11217359418329281,1.20945336562895,-0.16183228804692762,1.0476210775820223,0.9671548780942919,-0.1046029782205553,False
RPS26P39,NEUTRAL,0.009928426595610251,0.13750352374993502,0.014323691813317004,0.15182721556325202,0.07155300163969142,0.07155300163969111,False
LRP1B,NEUTRAL,-0.02285653417464926,0.13750352374993502,-0.032975008505675606,0.1045285152442594,0.02425430132069911,0.02425430132069911,False
TMC2,DSG,0.004893912245055019,1.1779177921958432,0.00706042292648665,1.1849782151223298,1.1013760075766788,0.06428973275286022,False
MIR555,DCG,-0.745860500073471,1.2403143293337107,-1.076049244650959,0.16426508468275158,0.08391087855804993,-1.0188199348245859,True
EPHB4,DSG,-0.011159413153183168,-3.321928094887362,-0.016099630015328426,-3.3380277249026906,-3.418301938826253,0.04112967981104387,False
DEFB1,NEUTRAL,-0.025656538851501827,0.13750352374993502,-0.03701456136743671,0.10048896238249831,0.020214748458936817,0.020214748458936817,False
FGD5,DIG,0.8602680395935169,0.35049724708413343,1.2411044345568374,1.5916016816409708,1.5211821309537097,1.298333744383211,True
ATP5PF,DIG,1.1942531744794591,0.4724877714627438,1.7229431323874178,2.195430903850162,2.1156060893910937,1.780172442213791,True
LINC01389,NEUTRAL,-0.04326657224136136,0.13750352374993502,-0.06242046920887611,0.0750830545410589,-0.005191159382501841,-0.00519115938250168,False
B3GALT5,DIG,1.4778809017916694,0.45943161863729726,2.1321314480393507,2.591563066676648,2.5160403063067753,2.1893607578657233,True
LAMTOR5P1,DIG,1.7192086969986173,0.3645724322958561,2.480293861413082,2.8448662937089377,2.7848654152760868,2.537523171239452,True
FGR,NEUTRAL,-0.04172912749126946,0.13750352374993502,-0.060202405292277765,0.07730111845765725,-0.002973095465903997,-0.002973095465903355,False
MYH6,DIG,1.3743554783312117,0.3923174227787603,1.9827758330070184,2.375093255785779,2.3008214291990354,2.040005142833392,True
LINC01537,DSG,-0.0031341847037140843,1.439623137557117,-0.004521672729278355,1.4351014648278386,1.3488431778201178,0.0527076370970936,False
MARCHF1,NEUTRAL,0.03224287106733747,0.13750352374993502,0.04651663019287001,0.18402015394280502,0.10374594001924378,0.10374594001924378,False
TMPRSS4,NEUTRAL,0.0383528990004293,0.13750352374993502,0.05533153719163463,0.19283506094156966,0.11256084701800838,0.11256084701800838,False
OGFRP1,NEUTRAL,-0.050876766845011814,0.13750352374993502,-0.07339965922376258,0.06410386452617244,-0.016170349397388935,-0.016170349397389098,False
TMEM147,DSG,-0.03179209089063457,1.1127001327493624,-0.04586629186740968,1.0668338408819527,0.9920734127287287,0.011363017958962768,False
INPPL1,DIG,-1.2995833647474082,0.5109619192773794,-1.874902475542879,-1.3639405562654994,-1.4434786083694744,-1.8176731657165048,True
ELL,DIG,1.6856770198010012,0.49825086752782544,2.4319178770073915,2.9301687445352167,2.8538993731049174,2.4891471868337653,True
LRP6,DIG,-0.7962196061873869,0.45943161863729726,-1.1487020773051064,-0.6892704586678091,-0.7653600130013568,-1.0914727674787346,True
DSG1-AS1,NEUTRAL,0.004866512389607954,0.13750352374993502,0.007020893290912095,0.14452441704084712,0.0642502031172856,0.0642502031172856,False
PDIK1L,NEUTRAL,0.002049708519152237,0.13750352374993502,0.0029571043158487936,0.1404606280657838,0.060186414142222186,0.06018641414222249,False
FSD1,NEUTRAL,-0.0036943961374304364,0.13750352374993502,-0.005329886986550232,0.13217363676338478,0.05189942283982411,0.051899422839823794,False
PGM3,DIG,-0.9549590327278202,0.4462562298895641,-1.3777146607685475,-0.9314584308789835,-1.025676457608593,-1.3204853509421763,True
RNF144A,DIG,-1.2911173740366995,0.45943161863729726,-1.8626886327283272,-1.4032570140910299,-1.465171053219374,-1.8054593229019562,True
AASDH,DIG,0.8878091054530114,0.405992359675837,1.2808377936931263,1.6868301533689634,1.6104993520111646,1.338067103519498,True
API5,DIG,1.2441660141710416,0.49825086752782544,1.7949521386871494,2.293203006214975,2.209635008188702,1.852181448513521,True
MSI1,DIG,1.2567220574090414,0.405992359675837,1.8130666799997992,2.2190590396756362,2.1352984015408554,1.8702959898261713,True
NPM1P37,DIG,-1.7096269044570351,0.4724877714627438,-2.4664702568305144,-1.9939824853677706,-2.0823077408693242,-2.409240947004137,True
MRPL23-AS1,NEUTRAL,-0.031580586111264575,0.13750352374993502,-0.04556115497108828,0.09194236877884673,0.01166815485528575,0.01166815485528575,False
COL6A4P2,DSG,0.1443042172142488,1.446256229889564,0.20818697855436052,1.6544432084439245,1.5753314971967525,0.265416288380735,False
CAPN12,DSG,0.052196089742545956,-0.7369655941662062,0.07530303982536635,-0.6616625543408399,-0.7419367682644018,0.13253234965173996,False
CST3,DSG,-0.10392108167443755,1.3219280948873624,-0.14992642917552798,1.1720016657118344,1.0929141099359034,-0.09269711934915502,False
RGS22,DCG,-0.9309384010589292,1.3923174227787602,-1.3430602145808181,0.049257208197942104,-0.02835371525181125,-1.2858309047544452,True
KRT8P23,NEUTRAL,-0.10322046632690787,0.13750352374993502,-0.14891565488807623,-0.011412131138141213,-0.09168634506170222,-0.09168634506170238,False
TFAP2B,DSG,0.015187883593909431,1.3434078222978139,0.021911484342531984,1.365319306640346,1.283776515056214,0.07914079416890625,False
JPH3,NEUTRAL,0.006141010754920483,0.13750352374993502,0.00885960576216957,0.1463631295121046,0.06608891558854255,0.06608891558854224,False
RUNX3-AS1,NEUTRAL,0.009114915399522031,0.13750352374993502,0.01315004324501288,0.1506535669949479,0.07037935307138582,0.07037935307138551,False
H4C3,DSG,-0.08149387211768207,1.4195388915137848,-0.11757080516701929,1.3019680863467655,1.221926346784876,-0.06034149534064584,False
SLC13A2,DSG,-0.008436498480586868,1.4329594072761063,-0.012171294520409949,1.4207881127556963,1.3408262929430628,0.04505801530596368,False
ZNF556,NEUTRAL,0.0034059333162198098,0.13750352374993502,0.004913723104908821,0.14241724685484383,0.06214303293128182,0.06214303293128213,False
TSPAN3,NEUTRAL,-0.057960850545068984,0.13750352374993502,-0.0836198316470774,0.05388369210285762,-0.026390521820703377,-0.02639052182070305,False
FAP,NEUTRAL,0.02940736217140537,0.13750352374993502,0.042425855570312226,0.17992937932024725,0.09965516539668517,0.09965516539668517,False
ZNF300P1,DIG,-1.2303303103179337,0.4854268271702419,-1.7749914373510625,-1.2895646101808205,-1.3871124216167567,-1.7177621275246897,True
RAB11B,DIG,1.6785808087103467,0.4854268271702419,2.421680208457803,2.907107035628045,2.8401134681031284,2.4789095182841754,True
TMEM87A,NEUTRAL,0.047483842707029364,0.13750352374993502,0.06850470439578284,0.20600822814571784,0.1257340142221563,0.1257340142221563,False
UICLM,NEUTRAL,-0.021391948340721417,0.13750352374993502,-0.03086205778611168,0.10664146596382335,0.02636725204026261,0.02636725204026261,False
LINC01277,DIG,1.6969157507154868,0.4724877714627438,2.4481319383636055,2.920619709826349,2.8353583727629816,2.505361248189978,True
MACROH2A2,DIG,1.706139318894595,0.32192809488736235,2.461438734434906,2.783366829322268,2.7161715049912063,2.5186680442612785,True
RNF122,NEUTRAL,-0.00759033683089863,0.13750352374993502,-0.010950541304614304,0.1265529824453207,0.04627876852176059,0.04627876852176059,False
CFAP161,NEUTRAL,0.0038879960872821775,0.13750352374993502,0.005609192674117691,0.1431127164240527,0.06283850250049075,0.06283850250049075,False
ADGB,DIG,0.9364942209598662,0.4462562298895641,1.3510755683999722,1.7973317982895363,1.7212252359581652,1.4083048782263439,True
CXCL5,DIG,0.8993633185331106,0.4724877714627438,1.2975069996051598,1.7699947710679036,1.6784018548576787,1.354736309431532,True
MCM4,DCG,-0.8715690259660666,1.1210154009613662,-1.2574083115536685,-0.1363929105923023,-0.21959752210220965,-1.2001790017272942,True
BMPR1A,NEUTRAL,0.041632703819451125,0.13750352374993502,0.06006329533912115,0.19756681908905616,0.11729260516549435,0.11729260516549406,False
HAGH,DCG,-1.0322864195102899,1.412781525338476,-1.4892744982045194,-0.07649297286604351,-0.1547384427970388,-1.4320451883781475,True
COQ10B,DIG,-1.2633639826869816,0.5728896684205812,-1.8226489526602387,-1.2497592842396577,-1.3223132304000027,-1.765419642833865,True
MIR6843,NEUTRAL,-0.036712883158229535,0.13750352374993502,-0.052965494469113694,0.08453802928082133,0.004263815357259816,0.004263815357259816,False
RHOQ,DIG,0.5899563969756046,0.4462562298895641,0.8511271682574255,1.2973833981469896,1.2244892320231517,0.9083564780837989,True
CES4A,NEUTRAL,0.04240963305111542,0.13750352374993502,0.06118416728876489,0.1986876910386999,0.11841347711513761,0.11841347711513761,False
SUMO2P15,NEUTRAL,0.05556313405222369,0.13750352374993502,0.08016065795339182,0.21766418170332685,0.13738996777976534,0.13738996777976506,False
PRMT5-AS1,DIG,1.4502079094212905,0.3923174227787603,2.092207759180047,2.4845251819588072,2.412687220264699,2.1494370690064204,True
AP1B1,NEUTRAL,0.0211890755877152,0.13750352374993502,0.030569374271418117,0.16807289802135314,0.08779868409779201,0.08779868409779201,False
C8orf48,NEUTRAL,-0.006235379871207948,0.13750352374993502,-0.00899575161825057,0.12850777213168446,0.04823355820812235,0.048233558208122036,False
NUDT13,DIG,1.2707209723630655,0.4462562298895641,1.833262845181796,2.2795190750713603,2.2053780302518646,1.8904921550081693,True
TWSG1,NEUTRAL,-0.028834752400394733,0.13750352374993502,-0.041599754293310615,0.0959037694566244,0.0156295555330638,0.015629555533063486,False
ZMYND10,NEUTRAL,-0.00830417683923698,0.13750352374993502,-0.011980394744632179,0.12552312900530285,0.04524891508174083,0.04524891508174114,False
INTS1,DSG,0.11019236116991772,-0.7369655941662062,0.15897397300368588,-0.5779916211625203,-0.6582658350860814,0.21620328283006032,False
TENT5B,NEUTRAL,-0.07334065081096212,0.13750352374993502,-0.10580819322054419,0.03169533052939083,-0.04857888339417081,-0.04857888339417081,False
ABHD8,DIG,-0.6107567896280086,0.5728896684205812,-0.881135791585592,-0.30824612316501077,-0.3921412531810114,-0.823906481759221,True
BAZ2A,DIG,1.1467176481654393,0.4724877714627438,1.6543638643081344,2.126851635770878,2.046531568260617,1.7115931741345083,True
CFAP126,DCG,-1.0118471948337693,1.4918530963296748,-1.4597869301240878,0.032066166205587,-0.045711383075561884,-1.4025576202977152,True
BCL6,DCG,-0.8520957301213663,1.0531113364595626,-1.2293142842087557,-0.1762029477491931,-0.2522429171063039,-1.172084974382383,True
PRG4,DCG,-0.7586624952180058,1.2403143293337107,-1.0945186195594638,0.14579570977424683,0.0675090791210443,-1.037289309733092,True
BZW1-AS1,NEUTRAL,0.06181559524415593,0.13750352374993502,0.08918105270834316,0.22668457645827816,0.1464103625347165,0.14641036253471593,False
DYNC1I1,DSG,-0.0026973968463693235,1.2705289423807182,-0.0038915210535665525,1.2666374213271516,1.1764363555635848,0.05333778877280718,False
LTBR,DSG,-0.05438171469637734,1.4594316186372973,-0.07845623010750205,1.3809753885297953,1.297749172089416,-0.021226920281129824,False
CCT6P3,DSG,0.03660172463843784,1.2172307162206693,0.05280512662385766,1.2700358428445269,1.19043992638572,0.11003443645022977,False
CARD8,DIG,-0.7123703543942451,0.4462562298895641,-1.0277331775608909,-0.5814769476713268,-0.6630858864744192,-0.9705038677345186,True
RPL15,NEUTRAL,-0.015465375416527177,0.13750352374993502,-0.022311820418909847,0.11519170333102517,0.034917489407464294,0.034917489407464294,False
IL1RL2,NEUTRAL,0.06366693762978257,0.13750352374993502,0.09185197518707425,0.22935549893700927,0.14908128501344886,0.14908128501344858,False
ZDHHC1,NEUTRAL,-0.01616158630702625,0.13750352374993502,-0.023316240418045746,0.11418728333188927,0.03391306940832784,0.03391306940832753,False
RPL31P52,DIG,-0.6279563690613877,0.4854268271702419,-0.9059495395395039,-0.420522712369262,-0.5045436410201337,-0.8487202297131279,True
RCC2P6,DIG,1.3801438308601859,0.4329594072761063,1.9911266604954865,2.4240860677715927,2.337075657500994,2.04835597032186,True
SH3GL3,NEUTRAL,0.039011654891308006,0.13750352374993502,0.05628192104856174,0.19378544479849674,0.1135112308749351,0.1135112308749351,False
AHCTF1,DCG,2.0794415416798357,-3.321928094887362,3.0,-0.3219280948873622,-0.40220230881092317,3.057229309826374,True
NRG3,DIG,-1.6870095405481862,0.4462562298895641,-2.433840298081237,-1.987584068191673,-2.0656507958415955,-2.376610988254861,True
FASLG,DCG,-0.8999794033216466,1.1699250014423124,-1.298395822074348,-0.12847082063203552,-0.21110233140209003,-1.2411665122479745,True
LINC01624,NEUTRAL,-0.015425353540962724,0.13750352374993502,-0.022254081057505933,0.1152494426924291,0.03497522876886841,0.03497522876886841,False
CENPW,DIG,1.4484049223971551,0.49825086752782544,2.0896065987415398,2.587857466269365,2.5041202788648604,2.1468359085679105,True
PLCG2,NEUTRAL,0.0019687193445233242,0.13750352374993502,0.0028402616352459706,0.140343785385181,0.06006957146161974,0.06006957146161974,False
MSMO1,NEUTRAL,-0.01762364972681455,0.13750352374993502,-0.025425552063239487,0.11207797168669553,0.03180375776313338,0.03180375776313369,False
ZNF154,DSG,0.04886991821188038,1.4262647547020981,0.07050438865292906,1.4967691433550272,1.4181834294023934,0.12773369847930122,False
AGAP2-AS1,DIG,1.674363267221094,0.4724877714627438,2.4155955822665147,2.8880833537292583,2.8069517375037836,2.472824892092888,True
LINC01232,DIG,1.223401155726131,0.4329594072761063,1.7649947803839157,2.197954187660022,2.128214625537461,1.8222240902102893,True
PRR34,NEUTRAL,0.038265719379738675,0.13750352374993502,0.05520576358519769,0.1927092873351327,0.112435073411572,0.1124350734115717,False
SPINK13,DIG,-1.7144456776169235,0.4329594072761063,-2.473422276971454,-2.0404628696953475,-2.127008965288498,-2.4161929671450726,True
H1-10-AS1,DSG,0.03402002128730844,-0.7369655941662062,0.04908051600213686,-0.6878850781640694,-0.7681592920876322,0.10630982582850927,False
LINC01473,NEUTRAL,-0.025778123079861423,0.13750352374993502,-0.03718997033074141,0.10031355341919361,0.02003933949563186,0.02003933949563186,False
ATP1A2,DCG,-1.073473616753002,1.485426827170242,-1.5486950634146956,-0.06326823624445366,-0.14227964675635318,-1.4914657535883236,True
ANKMY2,DSG,-0.03241119568117222,-0.7369655941662062,-0.046759471278508956,-0.7837250654447152,-0.8639992793682776,0.010469838547864208,False
LEMD1,DCG,-0.9208297035067183,1.4262647547020981,-1.328476446752397,0.09778830794970106,0.015571274373324487,-1.2712471369260248,True
REPIN1,DIG,0.8570644439604373,0.49825086752782544,1.2364826230239798,1.7347334905518053,1.6546257708783014,1.2937119328503524,True
FAUP1,NEUTRAL,-0.010233496477495004,0.13750352374993502,-0.014763814619036718,0.1227397091308983,0.0424654952073366,0.04246549520733691,False
C6orf120,NEUTRAL,0.061540005848055995,0.13750352374993502,0.08878346125326819,0.2262869850032032,0.14601277107964075,0.14601277107964103,False
ZC3H11A,DCG,-0.8687395368353341,1.371558862611963,-1.2533262216165115,0.1182326409954515,0.038896586361437724,-1.196096911790137,True
LINC01977,DCG,-0.9199732718506682,1.1043366598147357,-1.3272408770493533,-0.22290421723461762,-0.3053531636742514,-1.2700115672229813,True
ZC3H15,NEUTRAL,-0.00955894863271595,0.13750352374993502,-0.013790647788531639,0.12371287596140337,0.04343866203784247,0.04343866203784247,False
SMPD3,NEUTRAL,-0.02335680737130934,0.13750352374993502,-0.03369675016558677,0.10380677358434826,0.023532559660787777,0.023532559660787464,False
RPL26L1,DIG,1.0761083052822176,0.4329594072761063,1.552496115490082,1.9854555227661883,1.891196182343929,1.6097254253164535,True
SEC24B-AS1,NEUTRAL,-0.004142770226295942,0.13750352374993502,-0.005976754061019603,0.1315267696889154,0.05125255576535522,0.05125255576535522,False
NOS1AP,DCG,-0.9587438724462907,1.412781525338476,-1.3831750302609445,0.029606495077531436,-0.05032779682446116,-1.3259457204345722,True
PPP1R9A,DSG,0.08620491645515616,1.0959244199985356,0.1243674054701012,1.2202918254686368,1.1425330154026365,0.18159671529647392,False
C2orf68,DIG,1.170682787269946,0.45943161863729726,1.6889382516484202,2.1483698702857175,2.076179937559382,1.7461675614747934,True
ANKLE1,DIG,0.6763405275604921,0.523561956057013,0.9757531250637472,1.49931508112076,1.417435996059405,1.0329824348901209,True
KRT18P59,NEUTRAL,0.06831326780061124,0.13750352374993502,0.09855521268286155,0.23605873643279657,0.15578452250923439,0.15578452250923439,False
RPP38,DSG,0.011778843913818724,1.4329594072761063,0.016993279701871422,1.4499526869779777,1.3717650016542524,0.07422258952824386,False
ZNF12,DSG,0.005748018768107404,1.4528589647138113,0.00829263817168524,1.4611516028854965,1.3859524793413804,0.06552194799805844,False
LINC02172,NEUTRAL,-0.019073684329253923,0.13750352374993502,-0.02751750979329617,0.10998601395663885,0.029711800033076555,0.029711800033076868,False
BANP,NEUTRAL,0.005638904671330098,0.13750352374993502,0.008135219805373543,0.14563874355530856,0.06536452963174585,0.06536452963174585,False
FBXO33,DIG,1.2788462472689939,0.5109619192773794,1.8449851389944385,2.355947058271818,2.272486492470952,1.902214448820812,True
RAN,NEUTRAL,0.01653937379402773,0.13750352374993502,0.023861272552052684,0.1613647963019877,0.08109058237842773,0.08109058237842742,False
ARHGAP29-AS1,NEUTRAL,0.029520068810506492,0.13750352374993502,0.04258845687961868,0.1800919806295537,0.09981776670599213,0.09981776670599213,False
SLC25A19,DCG,-0.8911914262760138,1.3854310371935206,-1.2857174511711673,0.09971358602235325,0.020432751576648714,-1.228488141344796,True
PMS2,DSG,-0.10727835543524017,1.2927817492278462,-0.15476995138114458,1.1380117978467017,1.0619242329374483,-0.09754064155477056,False
XPC-AS1,DIG,-0.575865777714944,0.3645724322958561,-0.8307987017270158,-0.46622626943115963,-0.5401006473463632,-0.7735693919006418,True
TREML2,DSG,-0.0011661331747096948,-0.7369655941662062,-0.00168237454816978,-0.738647968714376,-0.8189221826379363,0.0555469352782041,False
KLHL12,DCG,-0.8993085980498717,1.2249663650002742,-1.297428054635356,-0.07246168963508182,-0.15306708005708222,-1.2401987448089837,True
ZFP57,DSG,0.01288231861048191,1.4982508675278254,0.018585257174493854,1.5168361247023192,1.441172004980663,0.07581456700086575,False
PLEKHH2,DIG,0.5833321896801668,0.5484366246960424,0.8415704572424767,1.390007081938519,1.317874713730448,0.8987997670688495,True
CCDC169,NEUTRAL,-0.0433382818064716,0.13750352374993502,-0.06252392424284496,0.07497959950709006,-0.005294614416471713,-0.005294614416472195,False
EMX2,NEUTRAL,0.05361113275264159,0.13750352374993502,0.0773445153586759,0.21484803910861092,0.1345738251850484,0.13457382518504868,False
SOX11,DIG,0.8051211610626434,0.5109619192773794,1.16154430637984,1.6725062256572194,1.6096065967705504,1.218773616206213,True
RPS3AP29,DSG,-0.12053567305655173,-0.7369655941662062,-0.17389621776890063,-0.9108618119351068,-0.9911360258586664,-0.11666690794252695,False
RNF25,NEUTRAL,0.011372270247819293,0.13750352374993502,0.016406717890178,0.15391024164011302,0.07363602771655023,0.07363602771655053,False
LINC00504,NEUTRAL,-0.00192672882069692,0.13750352374993502,-0.0027796821147572873,0.13472384163517773,0.05444962771161597,0.054449627711615656,False
PSAP,DIG,1.2181750278802634,0.4195388915137848,1.7574550716576307,2.1769939631714155,2.1015213814214557,1.8146843814840041,True
UTS2B,DCG,-0.844518342833292,1.3146965256562866,-1.2183824251453559,0.0963141005109307,0.020671698981779774,-1.161153115318984,True
SERPINA12,NEUTRAL,0.07639697335846636,0.13750352374993502,0.11021753460318569,0.2477210583531207,0.16744684442955934,0.16744684442955962,False
LINC01165,NEUTRAL,0.019650217628319814,0.13750352374993502,0.028349271524765886,0.1658527952747009,0.0855785813511398,0.0855785813511398,False
GNG11,DSG,0.1034760035356551,1.439623137557117,0.14928431715189847,1.5889074547090154,1.5069649091940684,0.20651362697827244,False
PPFIBP1,DSG,-0.05397278914702343,1.1210154009613662,-0.07786627524535637,1.04314912571601,0.9646647131193645,-0.02063696541898332,False
MIR3605,NEUTRAL,0.011117983325201,0.13750352374993502,0.01603985940795367,0.15354338315788868,0.07326916923432808,0.07326916923432808,False
ACYP1,NEUTRAL,-0.059980365666025395,0.13750352374993502,-0.08653337609708149,0.05097014765285353,-0.02930406627070707,-0.02930406627070691,False
SEMA6A-AS2,NEUTRAL,-0.019032951055677812,0.13750352374993502,-0.027458744101508743,0.11004477964842628,0.02977056572486469,0.02977056572486469,False
ZFP41,DCG,-0.9637856827321096,1.3074285251922473,-1.3904488249573985,-0.08302029976515124,-0.16286653157588543,-1.3332195151310269,True
FXR2,NEUTRAL,0.05819454259719236,0.13750352374993502,0.08395697801177096,0.22146050176170598,0.1411862878381444,0.14118628783814471,False
RPL4P3,DCG,-0.7838047954062657,1.070389327891398,-1.1307912913576081,-0.060401963466210074,-0.1370882373990053,-1.0735619815312345,True
BLVRB,DSG,0.06465507609474903,1.371558862611963,0.09327755765019301,1.464836420262156,1.3826364027674016,0.1505068674765649,False
ZNF671,DSG,-0.07676395193457194,1.1043366598147357,-0.1107469727750457,0.9935896870396901,0.9194240233202274,-0.05351766294867266,False
SDR42E1,NEUTRAL,0.017965400224454652,0.13750352374993502,0.025918593811406196,0.16342211756134123,0.08314790363777945,0.08314790363777975,False
LHFPL6,NEUTRAL,0.003980991156742093,0.13750352374993502,0.0057433561996546355,0.14324687994958965,0.0629726660260291,0.0629726660260288,False
GGTA2P,DSG,0.04211380005921886,1.3219280948873624,0.06075737049842438,1.3826854653857867,1.301849361319813,0.11798668032479807,False
STRA6,NEUTRAL,0.01821109735875839,0.13750352374993502,0.02627305984862683,0.16377658359856184,0.08350236967500044,0.08350236967500044,False
NAA80,NEUTRAL,-0.040119611724941336,0.13750352374993502,-0.05788036487796358,0.07962315887197144,-0.0006510550515904736,-0.0006510550515904736,False
TBRG1,NEUTRAL,0.057001588597766155,0.13750352374993502,0.08223590919279011,0.21973943294272513,0.13946521901916326,0.13946521901916326,False
MIR1825,DCG,-1.1047518317402134,1.446256229889564,-1.5938199890646043,-0.14756375917504028,-0.23018629330897533,-1.53659067923823,True
STMND1,DSG,-0.05312438168922501,1.145677455195635,-0.07664228201333738,1.0690351731822976,0.9900328343364887,-0.01941297218696385,False
FAM182B,DCG,-0.9876423305850257,1.3923174227787602,-1.4248666925070348,-0.032549269728274544,-0.11364960893247135,-1.3676373826806612,True
TBC1D9,NEUTRAL,-0.0019450779361772036,0.13750352374993502,-0.0028061542926653914,0.13469736945726962,0.054423155533707517,0.054423155533707517,False
BRIX1P1,DCG,-0.8061035872430542,1.2172307162206693,-1.1629616477583582,0.054269068462311054,-0.03102885334634046,-1.1057323379319817,True
COG5,DIG,1.3047143133547665,0.560714954474479,1.8823048696537708,2.4430198241282497,2.3681617087162103,1.9395341794801433,True
ARHGEF4,NEUTRAL,-0.014907505823104891,0.13750352374993502,-0.02150698472301677,0.11599653902691826,0.03572232510335622,0.03572232510335654,False
PAFAH1B2,NEUTRAL,0.003261595666656843,0.13750352374993502,0.00470548789367076,0.14220901164360578,0.06193479772004537,0.06193479772004537,False
EFCAB10,DSG,0.03361303429847174,1.4329594072761063,0.04849335789163582,1.481452765167742,1.3990138384549546,0.1057226677180095,False
RSU1,DSG,-0.08418276277076056,-3.321928094887362,-0.12145005437770831,-3.4433781492650706,-3.5236523631886323,-0.06422074455133488,False
C8G,NEUTRAL,0.030102023909291575,0.13750352374993502,0.043428040614655966,0.18093156436459099,0.10065735044102972,0.10065735044102972,False
XKR6,NEUTRAL,0.038566434875336855,0.13750352374993502,0.05563960433941565,0.19314312808935066,0.11286891416578973,0.11286891416578942,False
ICOS,NEUTRAL,0.02313758833725937,0.13750352374993502,0.03338048395229441,0.17088400770222945,0.09060979377866893,0.09060979377866893,False
LINC02188,NEUTRAL,0.010134558324964724,0.13750352374993502,0.014621077037026567,0.15212460078696158,0.07185038686339912,0.07185038686339881,False
SDHD,NEUTRAL,-0.05920525048253102,0.13750352374993502,-0.08541512126573642,0.052088402484198604,-0.028185811439362603,-0.028185811439362767,False
HERC2,NEUTRAL,0.026872419458238286,0.13750352374993502,0.03876870628908846,0.17627223003902348,0.0959980161154615,0.0959980161154615,False
DNAH17-AS1,DCG,-0.7142202582358406,1.0789513413948222,-1.030402024659282,0.04854931673554019,-0.03429707491557002,-0.9731727148329076,True
SLA,DCG,-1.0413540379374409,1.412781525338476,-1.5023563063420435,-0.08957478100356764,-0.1692848213692663,-1.445126996515672,True
LINC02175,DCG,-1.0013739056139006,1.2854022188622483,-1.4446771677047874,-0.15927494884253912,-0.2369350517110249,-1.3874478578784115,True
UQCR10,NEUTRAL,-0.008720866921671087,0.13750352374993502,-0.012581551460147479,0.12492197228978755,0.04464775836622656,0.044647758366226864,False
RPL12P12,DSG,-0.04411827645119036,1.1292830169449666,-0.06364921864870067,1.0656337982962658,0.982478251796447,-0.006419908822327288,False
TMIE,NEUTRAL,-0.03398347756794918,0.13750352374993502,-0.04902779455944161,0.0884757291904934,0.008201515266932429,0.008201515266932746,False
RPS20P14,DSG,0.032611618374770224,1.1538053360790355,0.0470486201046444,1.20085395618368,1.1201920272455637,0.10427792993101846,False
JAKMIP2,DIG,1.3307507251866322,0.4462562298895641,1.9198674718861461,2.3661237017757104,2.274845073866642,1.9770967817125193,True
PTPN2,DIG,1.4811269431960228,0.405992359675837,2.1368144958759316,2.5428068555517687,2.4700955950680386,2.194043805702304,True
COA7,NEUTRAL,0.003243061825719168,0.13750352374993502,0.0046787492132613516,0.14218227296319638,0.06190805903963455,0.06190805903963516,False
CALR3,DIG,-0.611552206678404,0.4724877714627438,-0.882283335819636,-0.40979556435689224,-0.4944215378145897,-0.8250540259932584,True
MLIP,DSG,0.0197509144158971,1.3001237245690138,0.028494546280837085,1.3286182708498508,1.248076678593131,0.08572385610721112,False
SH3RF1,NEUTRAL,-0.004003566168364173,0.13750352374993502,-0.0057759250569698216,0.1317275986929652,0.051453384769402914,0.05145338476940353,False
SPPL2A,NEUTRAL,0.030654878405556314,0.13750352374993502,0.04422564105475027,0.1817291648046853,0.10145495088112448,0.10145495088112418,False
FOSL2,DIG,-0.7339492543342203,0.405992359675837,-1.0588649494921323,-0.6528725898162953,-0.7216828585523404,-1.0016356396657597,True
FPGT,NEUTRAL,-0.06017002015204382,0.13750352374993502,-0.08680698968354261,0.05069653406639241,-0.029577679857167426,-0.02957767985716759,False
REM2,DIG,1.1665086231311506,0.4329594072761063,1.6829162057455238,2.1158756130216303,2.042679502144228,1.7401455155718961,True
CERT1,NEUTRAL,-0.009176310150922412,0.13750352374993502,-0.013238617148394818,0.1242649066015402,0.04399069267797911,0.04399069267797942,False
LAMC1,DCG,-0.836888866676825,1.1210154009613662,-1.2073754177298404,-0.08636001676847416,-0.16880606702226714,-1.1501461079034667,True
SLAIN1,NEUTRAL,-0.02451255173180909,0.13750352374993502,-0.035364136823015146,0.10213938692691987,0.02186517300335977,0.021865173003359453,False
AK3P2,DCG,-0.9120016777720928,1.2479275134435854,-1.3157402978042128,-0.06781278436062732,-0.15110420847219402,-1.2585109879778311,True
SHOX2,DSG,-0.02132749082779111,1.4195388915137848,-0.03076906525185909,1.3887698262619257,1.3123051920493518,0.02646024457451505,False
UBE2E1,NEUTRAL,0.01916643203892519,0.13750352374993502,0.027651316454092717,0.16515484020402774,0.08488062628046726,0.08488062628046726,False
NRDC,NEUTRAL,0.0330477193848941,0.13750352374993502,0.04767778086927678,0.18518130461921178,0.10490709069565099,0.10490709069565099,False
TBC1D22A,NEUTRAL,-0.0017929173124885509,0.13750352374993502,-0.0025866329154512003,0.13491689083448383,0.05464267691092185,0.05464267691092185,False
CDH22,DCG,-1.0267816381819168,1.3854310371935206,-1.4813327774808973,-0.09590174028737675,-0.17698755919216436,-1.424103467654522,True
ARL6IP1,DCG,0.9088676114726469,-0.7369655941662062,1.311218795896185,0.5742532017299787,0.4939789878064179,1.3684481057225588,True
CCDC158,DIG,1.2396625948713027,0.4195388915137848,1.7884550779963726,2.2079939695101576,2.113858761468346,1.845684387822746,True
LMOD3,NEUTRAL,-0.02434831772138026,0.13750352374993502,-0.035127197230624164,0.10237632651931086,0.022102112595749016,0.022102112595749016,False
CCDC50,DCG,-0.8832290177415266,1.1292830169449666,-1.2742301238649307,-0.14494710691996415,-0.22995182291784635,-1.2170008140385589,True
KCNC2,DIG,-0.9981411717244536,0.4195388915137848,-1.4400133185539685,-1.0204744270401838,-1.1009789099765555,-1.3827840087275953,True
SLC35F6,DIG,0.6656608058093784,0.608809242675524,0.9603455434553415,1.5691547861308655,1.4949328597292995,1.0175748532817142,True
TMEM237,NEUTRAL,-0.03154621616460878,0.13750352374993502,-0.04551156961949235,0.09199195413044267,0.01171774020688224,0.011717740206881922,False
FOXP2,DIG,0.8379918656070421,0.3923174227787603,1.2089667088165703,1.6012841315953306,1.5232008382258098,1.2661960186429437,True
RSPH1,DIG,1.2993686247852454,0.4724877714627438,1.874592671264386,2.3470804427271297,2.267066282589071,1.931821981090758,True
ADGRF5,DSG,-0.056278609359991856,1.2172307162206693,-0.08119287063178746,1.1360378455888818,1.0610021465339528,-0.023963560805415104,False
WASF2,NEUTRAL,-0.05447508867507422,0.13750352374993502,-0.07859094028351611,0.05891258346641891,-0.02136163045714266,-0.021361630457142823,False
TMEM143,DIG,1.5367416175579804,0.4854268271702419,2.2170495107785824,2.7024763379488244,2.6269680297585443,2.274278820604956,True
BMS1,DIG,-1.1602093499948127,0.35049724708413343,-1.673828275630524,-1.3233310285463906,-1.401802593761589,-1.6165989658041524,True
YBX2P1,NEUTRAL,0.025164361627298616,0.13750352374993502,0.03630449972684024,0.17380802347677526,0.09353380955321426,0.09353380955321365,False
SPATA6,NEUTRAL,-0.014186380967485823,0.13750352374993502,-0.020466621469953372,0.11703690227998165,0.03676268835642089,0.03676268835642089,False
SDHAF3,DSG,-0.008380405256757225,-3.321928094887362,-0.01209036910456345,-3.3340184639919257,-3.414292677915487,0.045138940721810475,False
ANKMY1,NEUTRAL,0.048973161856975915,0.13750352374993502,0.0706533377477117,0.20815686149764673,0.12788264757408546,0.12788264757408546,False
POLDIP2,DSG,-0.040300677431467466,1.0531113364595626,-0.05814158747484388,0.9949697489847187,0.9132223013776434,-0.0009122776484711979,False
ARTN,DIG,-1.7244122584929162,0.4854268271702419,-2.4878010137758677,-2.0023741866056257,-2.0785132446018513,-2.430571703949496,True
NODAL,DIG,0.9472496535938865,0.4854268271702419,1.3665923777236886,1.8520192048939306,1.7743955207655702,1.42382168755006,True
AOX2P,NEUTRAL,-0.03457277386622654,0.13750352374993502,-0.04987796940658059,0.08762555434335442,0.007351340419792613,0.007351340419792294,False
UBE2B,NEUTRAL,-0.02858321629564224,0.13750352374993502,-0.04123686440237967,0.09626665934755535,0.015992445423993997,0.015992445423994316,False
PPP1R18,DSG,-0.005325837772821865,1.4329594072761063,-0.0076835597434292266,1.425275847532677,1.3467630233407553,0.049545750082942146,False
CACNA1B,NEUTRAL,0.03283955156089078,0.13750352374993502,0.04737745818191455,0.18488098193184957,0.10460676800828722,0.10460676800828782,False
TMSB10P1,NEUTRAL,-0.00822264545998445,0.13750352374993502,-0.011862769828107717,0.1256407539218273,0.04536653999826648,0.04536653999826679,False
SLC47A1P2,NEUTRAL,0.021975951947087364,0.13750352374993502,0.0317045968928771,0.16920812064281213,0.08893390671925115,0.08893390671925085,False
NDUFAF2P1,DIG,-1.354501662176404,0.4724877714627438,-1.9541328308977561,-1.4816450594350123,-1.5516930075529485,-1.8969035210713827,True
TBPL1,DIG,-0.6992203420124881,0.560714954474479,-1.0087617199101016,-0.4480467654356225,-0.5316041534278685,-0.9515324100837291,True
RGS1,DCG,2.0794415416798357,-3.321928094887362,3.0,-0.3219280948873622,-0.40220230881092334,3.0572293098263743,True
PCDHGB8P,DIG,1.2145953560527787,0.45943161863729726,1.7522906968641088,2.211722315501406,2.1193209189205358,1.8095200066904815,True
DPH6-DT,NEUTRAL,0.003543792030780449,0.13750352374993502,0.005112611188748783,0.1426161349386838,0.062341921015122106,0.0623419210151218,False
SLC5A5,DIG,0.7501468577119093,0.53605290024021,1.0822331515594104,1.6182860517996205,1.529976689474833,1.1394624613857827,True
ADAMTSL5,NEUTRAL,-0.004466050583901727,0.13750352374993502,-0.006443149029754281,0.13106037472018073,0.0507861607966184,0.0507861607966184,False
SLC41A2,NEUTRAL,0.03532557972080509,0.13750352374993502,0.05096403867973324,0.18846756242966825,0.10819334850610682,0.10819334850610682,False
ERBIN,NEUTRAL,0.008264627033948313,0.13750352374993502,0.011923336436674094,0.1494268601866091,0.06915264626304862,0.06915264626304832,False
PTGES3,DIG,-1.4318027446124149,0.523561956057013,-2.065654719183538,-1.5420927631265249,-1.6133313849075106,-2.0084254093571667,True
NAP1L1P1,NEUTRAL,0.033464908769336645,0.13750352374993502,0.048279657925323564,0.1857831816752586,0.10550896775169846,0.10550896775169877,False
RAD51,NEUTRAL,0.017509600108752275,0.13750352374993502,0.02526101324484576,0.16276453699478077,0.08249032307121942,0.08249032307121971,False
ZNF441,DIG,-1.5957673636139882,0.5109619192773794,-2.302205661898356,-1.7912437426209764,-1.8697680450248189,-2.2449763520719848,True
STAU1,DCG,-0.9243789974888975,1.2779847472997656,-1.333596995579144,-0.055612248279378385,-0.1376929027368044,-1.276367685752771,True
GPRACR,NEUTRAL,0.03583698213645707,0.13750352374993502,0.05170183640869298,0.189205360158628,0.10893114623506639,0.10893114623506639,False
ANKRD10,DIG,1.1255625679918186,0.405992359675837,1.6238435350520435,2.0298358947278805,1.9516289811405745,1.6810728448784171,True
NME1,DSG,-0.03329362360497055,1.3504972470841334,-0.04803254566811475,1.3024647014160187,1.2243073899074692,0.009196764158258135,False
CYP2T1P,DIG,0.8051408103514374,0.6205864104518776,1.16157265431134,1.7821590647632175,1.7047910796383359,1.218801964137712,True
RPL39L,DSG,-0.03656984721071253,1.399171093819823,-0.052759137216962064,1.346411956602861,1.2658269605925603,0.004470172609411303,False
CELF3,DCG,-0.8803712591329862,1.2927817492278462,-1.2701072496923318,0.02267449953551437,-0.053092789144827346,-1.2128779398659597,True
MYOZ1,DIG,0.6005379685658948,0.4854268271702419,0.8663931491155487,1.3518199762857905,1.2719508694885548,0.9236224589419216,True
SFXN3,NEUTRAL,-0.014189910131108157,0.13750352374993502,-0.0204717129768098,0.11703181077312522,0.03675759684956368,0.03675759684956368,False
MB21D2,DCG,-0.7034033775052873,1.2705289423807182,-1.0147965644714254,0.2557323779092928,0.17036843202023566,-0.9575672546450524,True
MICD,DSG,-0.052671711755578325,-0.7369655941662062,-0.07598921734490577,-0.812954811511112,-0.8932290254346692,-0.01875990751853134,False
HNRNPA1,DIG,0.7020671369042347,0.405992359675837,1.0128687767828524,1.4188611364586894,1.3419730113931314,1.070098086609226,True
ZNF695,DCG,0.7457788097939619,-0.7369655941662062,1.0759313904898224,0.33896579632361623,0.2586915824000528,1.1331607003161936,True
RHOB,DIG,-0.9417111438544481,0.53605290024021,-1.3586019971886856,-0.8225490969484756,-0.8869761483009687,-1.3013726873623133,True
LINC01395,NEUTRAL,0.01478592730927817,0.13750352374993502,0.02133158400404031,0.15883510775397533,0.0785608938304134,0.0785608938304134,False
LINC01798,DIG,0.6282195040930311,0.523561956057013,0.9063291631447399,1.429891119201753,1.3610881363153284,0.9635584729711121,True
RNPS1P1,NEUTRAL,-0.011879289875962106,0.13750352374993502,-0.017138192593333,0.12036533115660202,0.040091117233041124,0.04009111723304081,False
SHB,DIG,1.5942696705564998,0.49825086752782544,2.3000449475515437,2.798295815079369,2.7152755534624227,2.357274257377916,True
LINC02408,DSG,0.05773157400522397,-3.321928094887362,0.08328905552005081,-3.2386390393673112,-3.318913253290854,0.1405183653464259,False
EPS8L2,NEUTRAL,0.03180708467634095,0.13750352374993502,0.045887923327692426,0.18339144707762745,0.10311723315406644,0.10311723315406644,False
HLA-DOA,DSG,0.020017028818290185,-3.321928094887362,0.028878468209478717,-3.2930496266778833,-3.3733238406014436,0.08610777803585332,False
ADGRD1,NEUTRAL,0.02506456220957228,0.13750352374993502,0.03616051960180285,0.17366404335173788,0.0933898294281754,0.09338982942817571,False
ANAPC10,NEUTRAL,0.004556948534964446,0.13750352374993502,0.006574287052979433,0.14407781080291446,0.06380359687935466,0.06380359687935434,False
RRP36,DSG,0.0002785599185294376,1.2403143293337107,0.0004018770130528533,1.2407162063467636,1.1676865682882536,0.0576311868394254,False
ZC2HC1A,DCG,-0.7622359254665032,1.2249663650002742,-1.0996739896579337,0.1252923753423405,0.037408796509142125,-1.042444679831562,True
ANP32AP1,NEUTRAL,0.00905350077434967,0.13750352374993502,0.013061440669838659,0.15056496441977368,0.07029075049621239,0.0702907504962127,False
HSPA8P4,NEUTRAL,-0.049054378972549766,0.13750352374993502,-0.0707705092775854,0.06673301447234962,-0.013541199451212923,-0.013541199451212276,False
LINC02145,DCG,-0.9626876859133402,1.371558862611963,-1.388864750392048,-0.017305887780084905,-0.09540806812505814,-1.3316354405656754,True
RALGPS2,DCG,2.0794415416798357,-3.321928094887362,3.0,-0.3219280948873622,-0.40220230881092334,3.057229309826374,True
SLC25A1P5,DSG,0.05428714332733781,1.4659744645040693,0.07831979246237865,1.544294256966448,1.463795435230537,0.13554910228875158,False
CLNK,NEUTRAL,-0.0008849183130783819,0.13750352374993502,-0.0012766672618700087,0.136226856488065,0.05595264256450393,0.055952642564503614,False
ABCB9,DIG,1.140663356728987,0.405992359675837,1.6456293680766683,2.0516217277525053,1.9741697160721194,1.702858677903042,True
PAXIP1,DIG,-0.8989042548457402,0.3923174227787603,-1.2968447106999383,-0.9045272879211781,-0.9839904911867279,-1.2396154008735663,True
RANBP9,DSG,0.08785577062966808,1.3001237245690138,0.1267490846009004,1.426872809169914,1.3445626934486843,0.18397839442727293,False
ERFE,NEUTRAL,-0.055660315321691446,0.13750352374993502,-0.08030086088892024,0.057202662861014775,-0.023071551062547036,-0.023071551062547036,False
LINC02259,NEUTRAL,-0.07870108113227764,0.13750352374993502,-0.11354165946213693,0.02396186428779809,-0.05631234963576278,-0.05631234963576295,False
KRT13,DIG,1.0913078148910695,0.4724877714627438,1.5744243726267169,2.0469121440894607,1.9752816761576484,1.6316536824530885,True
ADAM22,DSG,-0.07950443559787267,1.3291235962915664,-0.11470065496572686,1.2144229413258396,1.1357649507374343,-0.057471345139353376,False
ALKBH3,DIG,1.5202008391364767,0.523561956057013,2.193186211777436,2.716748167834449,2.641903728567219,2.2504155216038084,True
TP53TG5,DCG,-0.9759296940636103,1.3785116232537298,-1.4079689298818538,-0.02945730662812407,-0.11730560111080231,-1.350739620055481,True
DNAJA3,DCG,0.833839670552423,-0.7369655941662062,1.2029763576024677,0.46601076343626147,0.38573654951270026,1.2602056674288418,True
SH3BP5-AS1,DIG,0.8166378502470628,0.45943161863729726,1.1781593767536616,1.6375909953909589,1.5627316063447205,1.235388686580033,True
KPNA5,DIG,1.1864025783749523,0.49825086752782544,1.7116171163194234,2.209867983847249,2.1277849386079932,1.7688464261457966,True
MXD1,DIG,0.8586280216175302,0.560714954474479,1.2387383887559125,1.7994533432303914,1.7302901641718853,1.2959676985822848,True
MTCH1,DSG,-0.03415893312320042,1.4594316186372973,-0.049280923418898996,1.4101506952183984,1.328356709918654,0.00794838640747482,False
ADAMTS8,NEUTRAL,0.014073156438729605,0.13750352374993502,0.020303273003809786,0.15780679675374482,0.07753258283018415,0.07753258283018415,False
CST9,DSG,0.007475274931750995,1.1538053360790355,0.010784542073318745,1.1645898781523543,1.0863602972036979,0.06801385189969213,False
LRRC4B,DIG,-1.4458676243609287,0.5484366246960424,-2.0859460514474186,-1.5375094267513763,-1.6266959931829168,-2.0287167416210465,True
SLC30A4,NEUTRAL,0.002933540855444766,0.13750352374993502,0.004232204844395331,0.14173572859433034,0.061461514670768956,0.06146151467076834,False
FAM98A,DIG,1.1845561641519928,0.4724877714627438,1.708953303676533,2.1814410751392765,2.1132892765914866,1.7661826135029044,True
MON1B,NEUTRAL,0.05159262807721385,0.13750352374993502,0.07443242867342512,0.21193595242336014,0.13166173849980006,0.13166173849979979,False
TRAM2-AS1,DSG,-0.04859603639761823,1.185866545311334,-0.07010926071770339,1.1157572845936305,1.033914609075884,-0.012879950891331305,False
ULK2,NEUTRAL,0.04256777488909759,0.13750352374993502,0.06141231773417884,0.19891584148411384,0.11864162756055154,0.11864162756055154,False
NACC2,NEUTRAL,0.012827208230076692,0.13750352374993502,0.018505749701981742,0.15600927345191676,0.07573505952835524,0.07573505952835584,False
ZNF831,DCG,-0.781023942144525,1.2779847472997656,-1.126779368147455,0.1512053791523107,0.07080089192133203,-1.0695500583210822,True
LINC01606,DCG,-0.9218092468469185,1.2705289423807182,-1.3298896290716395,-0.059360686690921316,-0.14330753554040057,-1.2726603192452641,True
FCAR,DSG,0.025865290034530572,1.2927817492278462,0.03731572566397198,1.3300974748918182,1.247230757092519,0.09454503549034583,False
RN7SL23P,DIG,1.0237582676004862,0.608809242675524,1.4769709757362977,2.0857802184118217,2.0039834042530003,1.5342002855626684,True
SNHG21,NEUTRAL,0.04543159729248896,0.13750352374993502,0.06554394011353828,0.2030474638634733,0.12277324993991047,0.12277324993991016,False
LINC01587,NEUTRAL,-0.02652786153720849,0.13750352374993502,-0.038271614285119764,0.09923190946481525,0.018957695541253792,0.018957695541254108,False
MRPL10,DIG,0.9442790964252169,0.4854268271702419,1.3623067696277718,1.8477335967980135,1.7635918636159957,1.4195360794541432,True
ENSA,DCG,-0.8064752302430815,1.1937717433966801,-1.1634978152714788,0.030273928125201355,-0.051197075248625185,-1.1062685054451067,True
SOAT2,DIG,0.7747165254939585,0.4195388915137848,1.1176796894248622,1.537218580938647,1.4561039982340558,1.1749089992512354,True
CHROMR,NEUTRAL,0.0066960865904876375,0.13750352374993502,0.009660410917459603,0.14716393466739464,0.06688972074383343,0.06688972074383343,False
ESD,NEUTRAL,0.047367408485262615,0.13750352374993502,0.06833672532145019,0.2058402490713852,0.12556603514782413,0.12556603514782386,False
PYCR2,DCG,-0.9691738266823418,1.4594316186372973,-1.3982222735139942,0.061209345123303116,-0.020925769148646137,-1.3409929636876212,True
SF3B1,DIG,1.5969697443880484,0.4724877714627438,2.303940330678353,2.7764281021410966,2.7104480915910547,2.3611696405047247,True
MIR3916,DCG,-0.9304373667076508,1.0874628412503395,-1.3423373748069136,-0.2548745335565741,-0.33775691854971324,-1.2851080649805382,True
MRPL14,DSG,0.02527895666358265,1.4659744645040693,0.036469825417397704,1.502444289921467,1.422301610905491,0.09369913524376987,False
RHOA-IT1,NEUTRAL,0.01189063370154796,0.13750352374993502,0.01715455827425042,0.15465808202418543,0.07438386810062449,0.07438386810062479,False
PDE3A,DIG,1.6483681333980393,0.5484366246960424,2.3780925316127486,2.926529156308791,2.8502683472602617,2.4353218414391202,True
RAB3A,DIG,-0.6737341734140767,0.560714954474479,-0.9719929508619134,-0.41127799638743434,-0.4987262793373385,-0.9147636410355416,True
TRAPPC9,DCG,-0.879092535508462,1.1618876823768942,-1.2682624414605632,-0.106374759083669,-0.18398190805833456,-1.2110331316341905,True
CYP4F22,DIG,1.0516723566820707,0.5728896684205812,1.5172424936252327,2.0901321620458138,2.0030130053702764,1.5744718034516043,True
LYPLA1,DCG,-0.865367899788035,1.20945336562895,-1.2484619775686956,-0.039008611939745697,-0.12232399844126039,-1.191232667742323,True
RPRML,DIG,1.2416497496403296,0.3645724322958561,1.7913219363271264,2.155894368622983,2.08065952781052,1.8485512461535003,True
ENO2,DSG,0.09072220718188788,1.439623137557117,0.13088447839981074,1.5705076159569276,1.489909531918088,0.18811378822618247,False
RNU6-882P,DIG,-1.1145208150858603,0.37851162325372983,-1.607913652891896,-1.2294020296381662,-1.3041996697295042,-1.5506843430655175,True
SCYL2,NEUTRAL,0.00572688812482569,0.13750352374993502,0.008262153097411918,0.14576567684734693,0.06549146292378649,0.06549146292378619,False
C1orf105,DCG,0.9946006152915141,-0.7369655941662062,1.4349053753461791,0.6979397811799729,0.6176655672564106,1.4921346851725519,True
RNF14,DIG,-0.7185827424623795,0.405992359675837,-1.0366957590188661,-0.6307033993430291,-0.7210528404634869,-0.9794664491924934,True
ZNF57,NEUTRAL,-0.010026196559334247,0.13750352374993502,-0.014464744055129507,0.1230387796948055,0.04276456577124489,0.04276456577124427,False
RPL23AP32,DIG,-1.2227575124998988,0.5849625007211562,-1.7640661994933287,-1.1791036987721726,-1.2504082751116068,-1.7068368896669475,True
FKBP5,DIG,-1.1240365247520683,0.560714954474479,-1.6216419200378736,-1.0609269655633944,-1.1375878563169268,-1.564412610211501,True
RUVBL2,DIG,1.1934875860374732,0.560714954474479,1.7218386217388026,2.2825535762132816,2.2035887402692715,1.779067931565176,True
H2AZ2P1,DIG,0.6098932186491266,0.5849625007211562,0.8798899220169033,1.4648524227380595,1.3808708228824158,0.937119231843276,True
SERTAD4,DCG,0.9648895886218766,-0.7369655941662062,1.3920414245101733,0.6550758303439671,0.5748016164204043,1.4492707343365452,True
SHISAL2A,NEUTRAL,-0.04058233644455591,0.13750352374993502,-0.05854793553624826,0.07895558821368676,-0.0013186257098758802,-0.0013186257098753993,False
DBT,NEUTRAL,0.04112800663501243,0.13750352374993502,0.059335171213980825,0.19683869496391584,0.11656448104035572,0.11656448104035542,False
SNORD16,NEUTRAL,-0.009349138326326169,0.13750352374993502,-0.013487955499975708,0.12401556824995931,0.043741354326398946,0.04374135432639833,False
NEDD8P1,NEUTRAL,0.03532594542180557,0.13750352374993502,0.05096456627475308,0.1884680900246881,0.10819387610112603,0.10819387610112603,False
CENPU,NEUTRAL,-0.031242163270762777,0.13750352374993502,-0.045072914017372775,0.09243060973256224,0.012156395809001254,0.012156395809000301,False
COPG1,DIG,-1.264463996424513,0.608809242675524,-1.824235937024285,-1.215426694348761,-1.2867542117353212,-1.7670066271979135,True
DNAJB13,DIG,-0.6491973053188816,0.4195388915137848,-0.9365937329420289,-0.5170548414282441,-0.587660255849615,-0.8793644231156539,True
MRTO4,NEUTRAL,-0.01016895845707037,0.13750352374993502,-0.014670705937021307,0.12283281781291372,0.0425586038893523,0.0425586038893523,False
CBLIF,DIG,1.0733105795445061,0.4462562298895641,1.5484598504425184,1.9947160803320825,1.9176176514329177,1.6056891602688923,True
TTC3,DIG,-1.72387602236591,0.4462562298895641,-2.48702738857469,-2.040771158685126,-2.1163482971394094,-2.4297980787483184,True
TBC1D16,DCG,0.9031630508412107,-0.7369655941662062,1.3029888545627615,0.5660232603965553,0.4857490464729943,1.3602181643891358,True
AHSA1,NEUTRAL,-0.03998708305918229,0.13750352374993502,-0.057689166429097376,0.07981435732083764,-0.00045985660272442134,-0.0004598566027245816,False
KREMEN1,NEUTRAL,-0.033017371987242444,0.13750352374993502,-0.04763399882918086,0.08986952492075416,0.00959531099719368,0.00959531099719368,False
TBP,NEUTRAL,-0.05747123862466357,0.13750352374993502,-0.08291347095754839,0.05459005279238663,-0.025684161131173566,-0.02568416113117324,False
CCDC28A,DIG,-1.7317295897303724,0.4329594072761063,-2.4983576912646877,-2.065398283988581,-2.14842684407189,-2.441128381438315,True
PXN-AS1,DIG,-1.5004774802261507,0.37851162325372983,-2.1647314196878353,-1.7862197964341056,-1.8681099411511786,-2.107502109861462,True
DCAF16,NEUTRAL,0.01762102690415909,0.13750352374993502,0.025421768130001323,0.16292529187993635,0.08265107795637482,0.08265107795637482,False
PROX1,DCG,-0.7861329487468637,1.2479275134435854,-1.1341501066365178,0.1137774068070676,0.031248437007309015,-1.0769207968101457,True
RFPL3,NEUTRAL,0.029189188659238245,0.13750352374993502,0.04211109772625539,0.1796146214761904,0.09934040755262906,0.09934040755262877,False
PLXNA1,DIG,-1.0245146878096925,0.5109619192773794,-1.4780622594209478,-0.9671003401435684,-1.0474882291742602,-1.4208329495945744,True
LYZ,DSG,-0.04898776106094815,-0.7369655941662062,-0.07067439994688336,-0.8076399941130896,-0.8879142080366518,-0.013445090120510258,False
CCNG1,DIG,-0.9118548620069375,0.4462562298895641,-1.315528487427899,-0.8692722575383349,-0.9590189446850536,-1.2582991776015255,True
TNFSF15,NEUTRAL,0.011763072381032075,0.13750352374993502,0.016970526189732906,0.15447404993966793,0.07419983601610773,0.07419983601610804,False
TMEM35B,NEUTRAL,-0.009092075840116735,0.13750352374993502,-0.01311709272592277,0.12438643102401226,0.044112217100450185,0.044112217100450185,False
BTN3A3,DSG,0.049355506550895614,1.4059923596758368,0.07120494454153985,1.4771973042173767,1.3958649597107389,0.12843425436791298,False
RN7SKP16,NEUTRAL,-0.039987157312169064,0.13750352374993502,-0.057689273553513165,0.07981425019642185,-0.0004599637271386467,-0.0004599637271386467,False
GRID1-AS1,NEUTRAL,0.020486703531899225,0.13750352374993502,0.029556065589633425,0.16705958933956844,0.08678537541600732,0.08678537541600702,False
SCOC-AS1,NEUTRAL,-0.05498959739075693,0.13750352374993502,-0.0793332194561257,0.058170304293809316,-0.02210390962975109,-0.022103909629750767,False
BUB1B,NEUTRAL,0.04520560217158291,0.13750352374993502,0.06521789807334202,0.20272142182327704,0.1224472078997159,0.1224472078997159,False
RPL39P5,DIG,-1.67391208413639,0.6205864104518776,-2.414944662667679,-1.7943582522158015,-1.8729186580874964,-2.357715352841306,True
RGS5,DCG,-0.8470150081101439,1.2403143293337107,-1.2219843517590296,0.018329977574681022,-0.06420259923987072,-1.1647550419326576,True
CCAR1,DIG,0.6176773483138566,0.35049724708413343,0.8911200472818458,1.2416172943659793,1.1707006823247794,0.9483493571082185,True
RUNX2,DSG,-0.004208124924182081,1.2016338611696507,-0.0060710409595587335,1.1955628202100919,1.114160893649544,0.05115826886681499,False
DLGAP2,NEUTRAL,0.012042715145622516,0.13750352374993502,0.017373965419428015,0.15487748916936303,0.07460327524580203,0.07460327524580203,False
KCNIP3,DIG,-0.6958339290100537,0.33628338786443257,-1.0038761586650875,-0.6675927708006549,-0.7476371170598635,-0.9466468488387143,True
TOB1,DSG,0.05096615350691499,1.3074285251922473,0.07352861691761191,1.3809571421098592,1.2940511574629083,0.13075792674398445,False
KRAS,DSG,0.07281687234477642,1.2403143293337107,0.10505254062485365,1.3453668699585644,1.2644203758884314,0.1622818504512277,False
RMND1,DIG,-0.9592650026239192,0.49825086752782544,-1.3839268621838667,-0.8856759946560413,-0.972445479730888,-1.3266975523574942,True
POLHP1,NEUTRAL,0.012745441070889992,0.13750352374993502,0.01838778462691551,0.15589130837685053,0.07561709445328846,0.07561709445328815,False
EMC8,NEUTRAL,0.05489769643876222,0.13750352374993502,0.07920063440842996,0.21670415815836497,0.13642994423480492,0.13642994423480492,False
MINCR,DCG,2.0794415416798357,-3.321928094887362,3.0,-0.3219280948873622,-0.40220230881092356,3.057229309826374,True
BANF1,DIG,-0.9300874553129642,0.5109619192773794,-1.341832559373049,-0.8308706400956695,-0.9185335145559336,-1.284603249546677,True
PLEKHG5,NEUTRAL,0.02441163038195059,0.13750352374993502,0.03521853809205447,0.1727220618419895,0.09244784791842733,0.09244784791842704,False
TMEM74,DCG,-0.9157018306204017,1.2249663650002742,-1.3210784899689991,-0.0961121249687249,-0.1749972186534386,-1.2638491801426244,True
CASP8,NEUTRAL,-0.02145166712120077,0.13750352374993502,-0.030948213774557178,0.10655530997537785,0.02628109605181757,0.02628109605181757,False
MAP3K6,NEUTRAL,0.006516708395221236,0.13750352374993502,0.009401622884705153,0.14690514663464016,0.06663093271107844,0.06663093271107844,False
ZFYVE19,NEUTRAL,0.019226638475445507,0.13750352374993502,0.02773817598149017,0.1652416997314252,0.08496748580786224,0.08496748580786255,False
KIAA0319,DSG,0.05621230619283004,1.3645724322958561,0.08109721538132787,1.445669647677184,1.3676676913559416,0.13832652520770047,False
TRIM32,NEUTRAL,0.015183548614681006,0.13750352374993502,0.02190523028949678,0.1594087540394318,0.07913454011587072,0.07913454011587072,False
FAM229B,DIG,0.5656749559320776,0.4724877714627438,0.8160964536782913,1.288584225141035,1.2088958859471266,0.8733257635046644,True
ATPAF1,NEUTRAL,0.054565514628049525,0.13750352374993502,0.07872139735744124,0.21622492110737626,0.13595070718381386,0.13595070718381358,False
ARLNC1,NEUTRAL,0.036259941497952704,0.13750352374993502,0.052312037782020294,0.1898155615319553,0.10954134760839392,0.10954134760839392,False
DUSP28,NEUTRAL,-0.03702905384955555,0.13750352374993502,-0.05342163235756417,0.08408189139237085,0.0038076774688083855,0.0038076774688080663,False
DEK,DSG,-0.05375744213598156,-3.321928094887362,-0.077555595180456,-3.399483690067818,-3.4797579039913806,-0.020326285354083307,False
TMEM221,DIG,1.0729991180379754,0.53605290024021,1.5480105064716185,2.0840634067118287,1.995379198315291,1.6052398162979902,True
SNHG28,DCG,-1.0327739399446736,1.4528589647138113,-1.4899778415175366,-0.03711887680372539,-0.11861513151045938,-1.4327485316911641,True
TUBA5P,DCG,0.7901113700528755,-0.7369655941662062,1.139889755325268,0.4029241611590618,0.3226499472354989,1.1971190651516403,True
MIR6892,DSG,0.03972199334308448,1.4059923596758368,0.0573067228102924,1.4632990824861292,1.387663002470288,0.11453603263666609,False
E2F6,DIG,-1.3983124422802995,0.4195388915137848,-2.017338426091123,-1.5977995345773381,-1.6623982344351824,-1.9601091162647513,True
SLAMF1,DCG,-0.9861379413631381,1.4059923596758368,-1.4226963176370508,-0.016703957961214044,-0.10167181668956586,-1.3654670078106774,True
SMAD1-AS2,NEUTRAL,-0.09261593564737898,0.13750352374993502,-0.13361655106576503,0.003886972684169987,-0.0763872412393901,-0.07638724123939027,False
LINC02739,DIG,-1.2438487689124464,0.4724877714627438,-1.794494450525829,-1.322006679063085,-1.3956412426395284,-1.737265140699451,True
CCT6P2,DCG,-1.0235742813855806,1.4262647547020981,-1.4767055397364617,-0.050440785034363556,-0.13334252121426132,-1.4194762299100872,True
OLAH,DSG,-0.1302792644750191,1.3219280948873624,-0.1879532487887718,1.1339748460985906,1.0487659413691106,-0.1307239389623992,False
ZCCHC4,NEUTRAL,-0.06530542135945196,0.13750352374993502,-0.09421580753844554,0.04328771621148948,-0.036986497712073095,-0.03698649771207293,False
SLC2A11,NEUTRAL,-0.038182731781771166,0.13750352374993502,-0.055086037789154677,0.08241748596078034,0.002143272037218111,0.002143272037218111,False
ZMYND10-AS1,NEUTRAL,-0.06941272121802122,0.13750352374993502,-0.10014138867584735,0.03736213507408767,-0.04291207884947462,-0.04291207884947478,False
MT1CP,NEUTRAL,-0.027831673128249825,0.13750352374993502,-0.04015261680176865,0.09735090694816637,0.017076693024604756,0.017076693024604756,False
KRT33A,DIG,-1.7065839184042424,0.4724877714627438,-2.462080155942656,-1.9895923844799122,-2.0631548081304922,-2.4048508461162723,True
RPN2,DCG,-0.8177894018977522,1.4594316186372973,-1.1798207146094386,0.2796109040278587,0.20113835438424985,-1.1225914047830654,True
LINC01016,DSG,0.012791775114449448,1.4659744645040693,0.01845463052178307,1.4844290950258523,1.4042810977556255,0.07568394034815526,False
SPRTN,DCG,-0.8432232913105936,1.0443941193584534,-1.216514060735863,-0.1721199413774097,-0.24975144417282016,-1.1592847509094901,True
DDX60L,NEUTRAL,0.05406146779087273,0.13750352374993502,0.07799421148507052,0.21549773523500554,0.13522352131144524,0.13522352131144524,False
ZYG11A,NEUTRAL,-0.03965557478004979,0.13750352374993502,-0.057210901078779276,0.08029262267115575,1.8408747595253516e-05,1.8408747595253516e-05,False
ITGB1,DSG,0.20130204260836776,-3.321928094887362,0.290417458591911,-3.0315106362954514,-3.1117848502190117,0.3476467684182854,True
MXI1,NEUTRAL,-0.03829469506842743,0.13750352374993502,-0.0552475666675753,0.08225595708235972,0.0019817431587972048,0.0019817431587972048,False
C15orf40,NEUTRAL,-0.001694260739737372,0.13750352374993502,-0.0024443015671919734,0.13505922218274305,0.054785008259180604,0.05478500825918091,False
TARS2,DCG,-0.7337419513795695,1.2016338611696507,-1.058565874547496,0.1430679866221547,0.06306588350070967,-1.001336564721122,True
MUC13,DIG,1.4779862092993308,0.6553518286125543,2.132283374658422,2.7876352032709764,2.7022547135152366,2.1895126844847947,True
SNX31,DCG,-0.9236736881903923,1.1127001327493624,-1.3325794493518976,-0.21987931660253524,-0.29636303468366737,-1.2753501395255227,True
C10orf71,DIG,-0.9295741620585534,0.3645724322958561,-1.3410920337403887,-0.9765196014445325,-1.054459259729826,-1.2838627239140121,True
STK38,DIG,-0.7945231503235082,0.5849625007211562,-1.1462546088432017,-0.5612921081220456,-0.6445496958869043,-1.0890252990168294,True
TLX1,NEUTRAL,-0.02946438695553528,0.13750352374993502,-0.04250812494358421,0.0949953988063508,0.014721184882789534,0.014721184882789852,False
PSMD14,NEUTRAL,-0.00369131102410599,0.13750352374993502,-0.005325436108856473,0.13217808764107855,0.05190387371751744,0.05190387371751744,False
WDR72,NEUTRAL,-0.023058111130863007,0.13750352374993502,-0.03326582258076267,0.10423770116917236,0.023963487245609996,0.023963487245610628,False
KYAT3,NEUTRAL,-0.048350674079875915,0.13750352374993502,-0.06975527771867553,0.0677482460312595,-0.012525967892301624,-0.012525967892301463,False
YLPM1,NEUTRAL,0.0013164968986632487,0.13750352374993502,0.0018993035470471693,0.1394028272969822,0.05912861337342188,0.05912861337342127,False
SIRPB1,DSG,-0.007468030272917615,-0.7369655941662062,-0.010774090239946896,-0.7477396844061531,-0.8280138983297155,0.04645521958642596,False
RPL39P3,DIG,-1.250958766234219,0.523561956057013,-1.8047520084026838,-1.281190052345671,-1.3661995310453994,-1.7475226985763126,True
ANKS1B,NEUTRAL,-0.007140387128849954,0.13750352374993502,-0.010301401100819212,0.12720212264911582,0.046927908725555204,0.046927908725554586,False
ALG1L2,DSG,-0.037709109548078074,1.0356239097307214,-0.054402745341350894,0.9812211643893705,0.8957702724727274,0.0028265644850234365,False
ITSN1,DIG,-1.4273601773704814,0.45943161863729726,-2.0592454494547847,-1.5998138308174874,-1.68577647925459,-2.002016139628412,True
PSD3,NEUTRAL,0.08412564959991428,0.13750352374993502,0.12136765748935895,0.258871181239294,0.17859696731573177,0.17859696731573177,False
VTI1BP1,DIG,-1.3847440494781604,0.608809242675524,-1.9977633730826434,-1.3889541304071193,-1.4566104170230407,-1.9405340632562709,True
ENPP5,DSG,0.04006713900351342,1.2854022188622483,0.057804662742977575,1.3432068816052258,1.2596421103978912,0.11503397256934969,False
PTK2B,NEUTRAL,0.029951314711524877,0.13750352374993502,0.043210613202421595,0.1807141369523566,0.10043992302879508,0.10043992302879537,False
MCM7,DSG,-0.03610535907750405,1.3362833878644325,-0.05208902249063041,1.2841943653738022,1.199616353435807,0.00514028733574152,False
FAM89A,DCG,-0.9923410693227678,1.3504972470841334,-1.4316455395824081,-0.08114829249827471,-0.1616484361367759,-1.3744162297560352,True
THOC5,NEUTRAL,-0.019295050532395136,0.13750352374993502,-0.02783687371678842,0.1096666500331466,0.029392436109584214,0.029392436109584214,False
PPP1R1C,NEUTRAL,0.012710007270678891,0.13750352374993502,0.018336664459071107,0.15584018820900614,0.07556597428544372,0.07556597428544402,False
HSF2BP,DIG,0.7232280521355077,0.5969351423872323,1.0433975242476816,1.6403326666349138,1.5657144404020868,1.1006268340740528,True
PDK4,DSG,0.010935767614703221,1.2403143293337107,0.015776977706046465,1.256091307039757,1.1708201572443406,0.07300628753241806,False
USP50,NEUTRAL,-0.001880947160398094,0.13750352374993502,-0.002713633140480508,0.1347898906094545,0.054515676685893265,0.05451567668589358,False
VCAN-AS1,NEUTRAL,-0.037588826681988645,0.13750352374993502,-0.05422921384693977,0.08327430990299525,0.003000095979434782,0.003000095979434782,False
SFTPC,NEUTRAL,-0.015247174101731303,0.13750352374993502,-0.021997022464138385,0.11550650128579663,0.03523228736223488,0.03523228736223457,False
OR13J1,DIG,-0.8275638225714466,0.3645724322958561,-1.19392222284294,-0.8293497905470839,-0.9047858835783519,-1.1366929130165615,True
RNF168,DCG,0.8585934879513287,-0.7369655941662062,1.2386885672069399,0.5017229730407337,0.42144875911717045,1.2959178770333117,True
SIPA1L2,DCG,-0.815496630440677,1.3854310371935206,-1.1765129445984244,0.2089180925950962,0.13022853261337322,-1.1192836347720516,True
NCOR2,DIG,1.0119054249183783,0.4329594072761063,1.4598709383783839,1.8928303456544902,1.8093118136442758,1.5171002482047562,True
GTF2A2,NEUTRAL,-0.029222230062280048,0.13750352374993502,-0.04215876639456781,0.09534475735536721,0.015070543431807451,0.015070543431806818,False
PAPPA,NEUTRAL,0.07104233989331393,0.13750352374993502,0.10249243145723219,0.2399959552071672,0.15972174128360564,0.15972174128360564,False
MIR1244-2,NEUTRAL,-0.011491134840271918,0.13750352374993502,-0.016578203248246687,0.12092532050168833,0.040651106578127365,0.04065110657812705,False
HRH1,DIG,-1.6712047154256926,0.3645724322958561,-2.411038755254898,-2.0464663229590423,-2.121900038369521,-2.3538094454285257,True
KARS1P2,DIG,0.909651480133644,0.3923174227787603,1.3123496793261138,1.704667102104874,1.6248609190990526,1.3695789891524852,True
DDX47,DIG,1.7164309986170667,0.4724877714627438,2.4762864897329333,2.948774261195677,2.8785966068102358,2.5335157995593067,True
PEX5,DSG,-0.07447524026067713,1.412781525338476,-0.10744505979309296,1.305336465545383,1.2291320945752415,-0.05021574996671967,False
MRPS31,NEUTRAL,-0.03411020350234663,0.13750352374993502,-0.049210621436548835,0.08829290231338618,0.008018688389823368,0.008018688389823687,False
TNFSF8,NEUTRAL,-0.011640848310738876,0.13750352374993502,-0.016794194129643645,0.12070932962029138,0.04043511569673044,0.04043511569673044,False
HSPA8P18,DIG,-0.937621122601733,0.4724877714627438,-1.352701343810263,-0.8802135723475193,-0.9612027722968156,-1.295472033983873,True
PROM2,DIG,-1.2232914724564552,0.45943161863729726,-1.764836540874686,-1.3054049222373887,-1.3716929339296673,-1.7076072310483144,True
CKS1B,DCG,-1.039978669740784,1.446256229889564,-1.5003720694653302,-0.054115839575766156,-0.13300707314647034,-1.443142759638956,True
NBPF3,NEUTRAL,0.01739838591063712,0.13750352374993502,0.025100565072748583,0.1626040888226836,0.08232987489912204,0.08232987489912173,False
GRK6,DIG,-1.0918253650583598,0.4195388915137848,-1.575171039686478,-1.1556321481726932,-1.2466311436000592,-1.517941729860106,True
KIF21A,DIG,-0.8592955372612071,0.523561956057013,-1.239701410264761,-0.716139454207748,-0.8014123166675384,-1.1824721004383891,True
GRIK1-AS1,DIG,-0.8626036560561409,0.4724877714627438,-1.2444740168448836,-0.7719862453821398,-0.858226749099472,-1.1872447070185106,True
TET1,DIG,1.3264121213344529,0.4724877714627438,1.9136081896242252,2.386095961086969,2.315667264112043,1.970837499450598,True
DRC1,DIG,1.4497545223514299,0.45943161863729726,2.0915536599027558,2.550985278540053,2.480348973594654,2.148782969729128,True
LONP1,DIG,-1.5236701494967853,0.4329594072761063,-2.1981913686295576,-1.7652319613534513,-1.836373070822316,-2.140962058803186,True
MRPL13,DCG,-0.972597491960385,1.1375035237499351,-1.403161578432291,-0.2656580546823559,-0.34333426235113773,-1.3459322686059194,True
GRSF1,DIG,-0.7243679142014128,0.405992359675837,-1.0450419975974603,-0.6390496379216233,-0.7150279673482351,-0.9878126877710864,True
ZNF770,NEUTRAL,-0.051095462846569364,0.13750352374993502,-0.0737151708606719,0.06378835288926311,-0.01648586103429949,-0.01648586103429949,False
ZNF589,NEUTRAL,-0.0009957895843463592,0.13750352374993502,-0.0014366206951053747,0.13606690305482966,0.0557926891312687,0.0557926891312687,False
SDCCAG8,DCG,-0.7942033327270022,1.1937717433966801,-1.1457932095827335,0.04797853381394668,-0.03933771020396651,-1.0885638997563616,True
IMPG2,DIG,-1.2015488399750445,0.5728896684205812,-1.7334685528178833,-1.1605788843973022,-1.2317383059815523,-1.6762392429915107,True
EEA1,DIG,-1.0277966280462802,0.53605290024021,-1.4827970983247671,-0.9467441980845571,-1.029856857719452,-1.4255677884983946,True
SNX6,DIG,-0.6845755389007071,0.4329594072761063,-0.9876337350859398,-0.5546743278098334,-0.6286018940665897,-0.9304044252595681,True
ADCY7,NEUTRAL,0.018547292600904496,0.13750352374993502,0.026758087057241482,0.1642616108071765,0.08398739688361608,0.08398739688361608,False
MED4,NEUTRAL,-0.0325428022488575,0.13750352374993502,-0.046949339421056925,0.0905541843288781,0.010279970405317654,0.010279970405317335,False
DLST,NEUTRAL,-0.033487551801092454,0.13750352374993502,-0.04831232491494836,0.08919119883498666,0.008916984911424715,0.008916984911424715,False
INPP5E,NEUTRAL,0.041328333586287375,0.13750352374993502,0.05962418191314159,0.1971277056630766,0.11685349173951518,0.11685349173951518,False
COQ2,NEUTRAL,0.005881440142744877,0.13750352374993502,0.00848512452722331,0.14598864827715832,0.06571443435359597,0.06571443435359597,False
MIR6800,DIG,-0.6178133475440304,0.560714954474479,-0.8913162526967824,-0.33060129822230333,-0.4157717796156,-0.8340869428704071,True
BORCS7-ASMT,NEUTRAL,-0.03048584414707784,0.13750352374993502,-0.04398177616830303,0.09352174758163198,0.013247533658070371,0.013247533658069736,False
TTC6,DIG,-1.208527082149061,0.5109619192773794,-1.7435360281964591,-1.2325741089190796,-1.3117912284182358,-1.6863067183700866,True
LGI2,NEUTRAL,-0.008126955230369574,0.13750352374993502,-0.011724718008380808,0.1257788057415542,0.04550459181799204,0.04550459181799173,False
ZNF143,NEUTRAL,0.07852023058537505,0.13750352374993502,0.1132807472749785,0.2507842710249135,0.17051005710135372,0.17051005710135345,False
PSMC1P10,DIG,-1.2438359895582407,0.4462562298895641,-1.7944760138148903,-1.3482197839253263,-1.4180984066211804,-1.737246703988502,True
SLC37A1,DIG,1.118171044818979,0.49825086752782544,1.6131798212259718,2.1114306887537975,2.0282804924835838,1.6704091310523441,True
ZNF875,DSG,-0.05959031220332486,1.185866545311334,-0.08597064790076187,1.0998958974105721,1.0216453384340896,-0.028741338074388233,False
USH2A,DCG,-0.9005025129888332,1.3146965256562866,-1.299150509797039,0.01554601585924753,-0.06752152889672498,-1.2419211999706636,True
PDLIM4,NEUTRAL,-0.038365109891937664,0.13750352374993502,-0.05534915378425859,0.08215436996567643,0.001880156042114701,0.0018801560421150211,False
CCNG2,DIG,-1.527067354648622,0.4329594072761063,-2.203092499654995,-1.7701330923788887,-1.8677335852323087,-2.1458631898286225,True
MOG,DSG,0.1519877554201158,-0.7369655941662062,0.21927198102044573,-0.5176936131457605,-0.5979678270693206,0.2765012908468199,False
GAPDHP59,DIG,-1.3225807736986934,0.4462562298895641,-1.9080807233901933,-1.4618244935006293,-1.538976743375976,-1.8508514135637986,True
CLIC1P1,DIG,0.9694466682962731,0.4329594072761063,1.398615900757361,1.8315753080334674,1.7464574045825405,1.4558452105837332,True
PNPLA1,DIG,1.5009389919042795,0.632268215499513,2.165397240297184,2.7976654557966967,2.7101866548800926,2.2226265501235547,True
RPS3P6,DIG,1.187372606447761,0.5728896684205812,1.7130165710095877,2.285906239430169,2.2056545311851465,1.77024588083596,True
GAPDHP22,DIG,-0.6590413701197392,0.4724877714627438,-0.9507957164124157,-0.4783079449496719,-0.5429866098776168,-0.8935664065860363,True
SV2B,DIG,-1.0938692457354162,0.4462562298895641,-1.578119736203436,-1.131863506313872,-1.200709816182216,-1.5208904263770622,True
TMPRSS11A,NEUTRAL,-0.09818341328791962,0.13750352374993502,-0.1416487234480332,-0.004145199698098179,-0.08441941362166007,-0.08441941362166007,False
MED31,NEUTRAL,0.011751328752743446,0.13750352374993502,0.01695358371543886,0.1544571074653739,0.07418289354181101,0.07418289354181132,False
BRWD1,DIG,-1.6981516936403225,0.560714954474479,-2.4499150270920875,-1.8892000726176086,-1.9627028641111437,-2.3926857172657163,True
KRT19P2,DIG,1.4488906997018927,0.4854268271702419,2.090307427250061,2.575734254420303,2.4898706466209495,2.1475367370764333,True
ATP1A1,DIG,1.330070113512256,0.4462562298895641,1.9188855567987524,2.3651417866883166,2.2729915320248475,1.9761148666251236,True
C20orf141,DSG,0.05322506391820378,1.3146965256562866,0.0767875357657907,1.3914840614220774,1.314800532169335,0.13401684559216417,False
MRLN,DIG,0.8556751214885997,0.5109619192773794,1.234478254383664,1.7454401736610436,1.6594279250596404,1.2917075642100337,True
AKR1C6P,DCG,-0.7524382341653165,1.1043366598147357,-1.0855389090055507,0.018797750809185,-0.05983203596575444,-1.0283095991791698,True
CXCL12,DIG,1.5070571667364292,0.53605290024021,2.174223900786818,2.710276801027028,2.630208337775732,2.2314532106131897,True
APOBEC3F,NEUTRAL,0.03859534203519154,0.13750352374993502,0.05568130855558419,0.1931848323055192,0.11291061838195884,0.11291061838195884,False
KRT8P31,NEUTRAL,0.00966545640856197,0.13750352374993502,0.013944306028560805,0.15144782977849583,0.07117361585493368,0.07117361585493398,False
DEPDC5,NEUTRAL,0.018676848499263397,0.13750352374993502,0.026944996709321784,0.16444852045925681,0.08417430653569496,0.08417430653569466,False
TTC9C,DIG,-0.8288218877406455,0.405992359675837,-1.1957372272236584,-0.7897448675478214,-0.8751572566578355,-1.1385079173972854,True
DNAJB6P2,NEUTRAL,-0.018084150587203005,0.13750352374993502,-0.02608991437084701,0.11141360937908801,0.031139395455526086,0.031139395455526086,False
SS18,DIG,-1.4849540043978828,0.53605290024021,-2.1423357780930337,-1.6062828778528235,-1.6858337036030553,-2.085106468266661,True
COLEC12,DIG,-1.4458051035581736,0.4195388915137848,-2.0858558529953313,-1.6663169614815465,-1.747653748442049,-2.028626543168959,True
LINC01697,DIG,-1.630236572041365,0.4854268271702419,-2.3519342179599008,-1.8665073907896588,-1.9435134053839596,-2.294704908133529,True
RAB23,DIG,-1.1436001467252004,0.5849625007211562,-1.6498662604403376,-1.0649037597191815,-1.1486227830369862,-1.592636950613965,True
TMED2-DT,DIG,1.6909877650061862,0.4854268271702419,2.439579662778337,2.925006489948579,2.8387925964003,2.496808972604709,True
DCAF17,NEUTRAL,-0.008564919877712514,0.13750352374993502,-0.012356567433187152,0.12514695631674788,0.04487274239318564,0.04487274239318564,False
LMBR1,DIG,-1.242515900844975,0.37851162325372983,-1.7925715283747286,-1.4140599051209988,-1.5061702207030316,-1.7353422185483554,True
AGTRAP,NEUTRAL,-0.06202607331672692,0.13750352374993502,-0.08948470837985718,0.048018815370077836,-0.032255398553482875,-0.03225539855348255,False
HNRNPR,NEUTRAL,0.01855736804687582,0.13750352374993502,0.026772622853179058,0.16427614660311407,0.08400193267955307,0.08400193267955307,False
NHLRC2,NEUTRAL,-0.04638072111694253,0.13750352374993502,-0.06691323634826701,0.070590287401668,-0.009683926521894384,-0.009683926521894225,False
SERBP1P5,DIG,1.2477966806806848,0.3923174227787603,1.8001900832557334,2.192507506034494,2.1074778363909434,1.8574193930821057,True
HEXD-IT1,DCG,-0.8853854435845345,1.3575520046180838,-1.277341188734683,0.08021081588340073,-0.00019989688776299948,-1.2201118789083085,True
MINDY4,DSG,0.061638499670490475,-0.7369655941662062,0.08892555780245262,-0.6480400363637536,-0.7283142502873162,0.14615486762882537,False
ANKFN1,DSG,0.07218406372633657,1.439623137557117,0.10413959076919868,1.5437627283263156,1.4589988363314577,0.16136890059557105,False
CTSO,NEUTRAL,-0.004650855759195954,0.13750352374993502,-0.006709766539681878,0.13079375721025313,0.05051954328669113,0.05051954328669113,False
ME1,DIG,-0.9136513402701039,0.45943161863729726,-1.3181202577092337,-0.8586886390719364,-0.9451875344080906,-1.2608909478828605,True
ESRP2,NEUTRAL,0.007708342822847073,0.13750352374993502,0.011120787963993505,0.14862431171392854,0.06835009779036645,0.06835009779036645,False
CELA2B,NEUTRAL,0.027637148089272385,0.13750352374993502,0.03987197649270716,0.17737550024264218,0.09710128631908152,0.09710128631908092,False
EMC1,NEUTRAL,-0.06424923278534252,0.13750352374993502,-0.09269204952033425,0.04481147422960077,-0.03546273969396158,-0.03546273969396158,False
COA1,DSG,-0.101925349600015,1.3575520046180838,-0.14704719640881553,1.2105048082092682,1.1287396791289692,-0.08981788658244162,False
OR52B3P,NEUTRAL,-0.025776819914566505,0.13750352374993502,-0.037188090260632974,0.10031543348930205,0.02004121956573976,0.020041219565739444,False
TPGS2,NEUTRAL,0.07516907127230214,0.13750352374993502,0.10844604635277935,0.24594957010271437,0.16567535617915366,0.16567535617915366,False
MDGA2,DIG,-0.8021593585873156,0.3923174227787603,-1.1572713286365919,-0.7649539058578316,-0.8322902727628587,-1.100042018810217,True
TMEM184A,DSG,-0.11974502656845679,1.4918530963296748,-0.17275555600142978,1.319097540328245,1.2403855761163343,-0.11552624617505812,False
AMTN,DIG,-1.525784238278058,0.5484366246960424,-2.201241354030299,-1.6528047293342565,-1.7327926691944773,-2.144012044203923,True
TTI2,NEUTRAL,0.004660275629188204,0.13750352374993502,0.0067233565394055166,0.14422688028934053,0.06395266636577952,0.06395266636577922,False
TEX35,DCG,-0.8479658799713236,1.0789513413948222,-1.2233561698776745,-0.1444048284828523,-0.23473685287253954,-1.1661268600512986,True
ALKBH3-AS1,DIG,1.2324902474261563,0.5849625007211562,1.7781075679057272,2.3630700686268833,2.284259144355106,1.8353368777320986,True
ERI3-IT1,DIG,0.6321205373500004,0.49825086752782544,0.9119571644789124,1.4102080320067378,1.3166199215980985,0.9691864743052848,True
PRR14L,NEUTRAL,0.013200396026507645,0.13750352374993502,0.019044145885212957,0.156547669635148,0.07627345571158614,0.07627345571158584,False
CD151,NEUTRAL,0.03520447117457031,0.13750352374993502,0.050789315980671046,0.18829283973060607,0.10801862580704424,0.10801862580704365,False
ULBP1,DIG,-1.1391189663934347,0.4724877714627438,-1.64340128379837,-1.1709135123356262,-1.2537023798701712,-1.5861719739719975,True
EIF3J,NEUTRAL,-0.03298416117391935,0.13750352374993502,-0.04758608575349574,0.08991743799643928,0.009643224072877881,0.009643224072877564,False
LUC7L2,DSG,-0.04201469764855812,1.3923174227787602,-0.060614395942023995,1.3317030268367362,1.2541341012432667,-0.0033850861156501395,False
ACOT6,NEUTRAL,0.06733331373477582,0.13750352374993502,0.09714143781178179,0.23464496156171682,0.1543707476381547,0.154370747638155,False
HCN2,NEUTRAL,-0.02859562226742418,0.13750352374993502,-0.04125476243634688,0.09624876131358814,0.01597454739002662,0.01597454739002662,False
MANSC4,DSG,0.10739003803911704,-0.7369655941662062,0.1549310753199113,-0.582034518846295,-0.6623087327698541,0.2121603851462852,False
KLRF1,DSG,-0.040445021767313565,1.3504972470841334,-0.058349832332349465,1.292147414751784,1.2132641622461036,-0.0011205225059757891,False
ARHGAP27P1-BPTFP1-KPNA2P3,DCG,-0.9417234399900739,1.1779177921958432,-1.358619736762575,-0.18070194456673172,-0.25837513509440924,-1.3013904269362024,True
NDUFV3,DIG,-1.6846498393379132,0.405992359675837,-2.4304359688471964,-2.0244436091713593,-2.110892145784404,-2.3732066590208234,True
LINC01616,DIG,1.372732755600563,0.608809242675524,1.9804347389707737,2.5892439816462978,2.5160648070980134,2.037664048797144,True
RNU1-103P,NEUTRAL,0.04052609546483186,0.13750352374993502,0.05846679695370564,0.19597032070364065,0.11569610678007888,0.11569610678007859,False
KRT8P13,DCG,-0.9728496715704896,1.3434078222978139,-1.4035253967052022,-0.0601175744073883,-0.13744672213332876,-1.3462960868788292,True
SNX30,NEUTRAL,0.019199387241987543,0.13750352374993502,0.02769886076212226,0.16520238451205727,0.08492817058849718,0.08492817058849718,False
BCCIP,NEUTRAL,0.024951905238889342,0.13750352374993502,0.035997989948877,0.173501513698812,0.09322729977525133,0.09322729977525133,False
LINC01337,NEUTRAL,0.02045799746486616,0.13750352374993502,0.029514651489081396,0.1670181752390164,0.08674396131545424,0.08674396131545394,False
ATP6V1B1,DIG,-1.6856970337855972,0.49825086752782544,-2.4319467510837165,-1.933695883555891,-2.0046163681566114,-2.3747174412573444,True
ANKRD30BP3,DIG,-1.5016381445031828,0.560714954474479,-2.1664059042844466,-1.6056909498099676,-1.6850514191066592,-2.109176594458055,True
SLC1A6,DIG,-1.5307663236312647,0.523561956057013,-2.208428983862656,-1.6848670278056428,-1.77101861395706,-2.151199674036282,True
RPL7P6,DSG,-0.014118993470284372,1.371558862611963,-0.02036940186192292,1.35118946075004,1.2707253208663603,0.03685990796445115,False
CEMIP,NEUTRAL,0.015347672394029156,0.13750352374993502,0.02214201085205431,0.15964553460198933,0.07937132067842709,0.07937132067842739,False
RAE1,DCG,-0.9100140576563701,1.1210154009613662,-1.3128727681200885,-0.19185736715872226,-0.27289452498513417,-1.2556434582937164,True
CA3,DCG,2.0794415416798357,-3.321928094887362,3.0,-0.3219280948873622,-0.40220230881092334,3.057229309826374,True
LINC02245,DIG,-1.4766913980081067,0.45943161863729726,-2.130415356829686,-1.6709837381923887,-1.737651841836096,-2.0731860470032903,True
CYP1B1,DIG,-0.6013128759874898,0.5728896684205812,-0.8675111042098318,-0.2946214357892506,-0.3688290855918604,-0.8102817943834607,True
SLC35F2,NEUTRAL,-0.05868053274197862,0.13750352374993502,-0.084658113583575,0.05284541016636002,-0.027428803757202268,-0.02742880375720243,False
DUOXA1,NEUTRAL,-0.010190011364146127,0.13750352374993502,-0.014701078861655798,0.12280244488827922,0.04252823096471652,0.042528230964716834,False
MMP27,NEUTRAL,-0.017623114767072894,0.13750352374993502,-0.025424780279473126,0.1120787434704619,0.03180452954690083,0.03180452954690083,False
PAAF1,DIG,-1.4056935773975154,0.49825086752782544,-2.0279871531208618,-1.5297362855930363,-1.6040970553515872,-1.97075784329449,True
SNRPE,DCG,2.0794415416798357,-3.321928094887362,3.0,-0.3219280948873622,-0.40220230881092334,3.057229309826374,True
C10orf62,NEUTRAL,-0.019362646721526967,0.13750352374993502,-0.027934394403631903,0.10956912934630311,0.02929491542274174,0.02929491542274174,False
BEND6,DIG,1.5565663184084673,0.5849625007211562,2.245650508382687,2.830613009103843,2.7437589385618435,2.3028798182090595,True
DCAF7,DCG,-0.9646087812683214,1.3362833878644325,-1.3916363051337541,-0.05535291726932168,-0.13731055165697367,-1.3344069953073812,True
HDGFL1,DSG,0.037358269346842575,1.070389327891398,0.05389658992288396,1.124285917814282,1.0442005815517081,0.11112589974925784,False
DOHH,NEUTRAL,0.007012500605936706,0.13750352374993502,0.010116899848415737,0.14762042359835076,0.06734620967478981,0.0673462096747895,False
LINC00324,NEUTRAL,0.002489568955271107,0.13750352374993502,0.003591688785720744,0.14109521253565577,0.060820998612093786,0.06082099861209409,False
MARVELD3,NEUTRAL,0.031115787188169496,0.13750352374993502,0.04489059186972848,0.1823941156196635,0.102119901696101,0.1021199016961013,False
RPS6KA4,DIG,-1.1554482870737626,0.4724877714627438,-1.6669595137649647,-1.1944717423022209,-1.2694830588737573,-1.6097302039385915,True
GLULP4,DIG,-0.5564577031565634,0.4329594072761063,-0.8027987688084369,-0.3698393615323306,-0.44924084793453656,-0.7455694589820641,True
DBIL5P2,DIG,-1.4000023589980868,0.523561956057013,-2.01977646055939,-1.496214504502377,-1.5645462348824548,-1.962547150732995,True
ANLN,DSG,-0.05318859098902003,1.2705289423807182,-0.07673491645173061,1.1937940259289876,1.1149758336153741,-0.019505606625357507,False
LINC01611,DIG,-0.8012656831975687,0.5109619192773794,-1.1559820275836397,-0.6450201083062602,-0.7335363326696621,-1.098752717757261,True
C1GALT1,DSG,-0.011540069891739347,1.145677455195635,-0.016648801604324394,1.1290286535913105,1.0517131068689507,0.040580508222049075,False
C22orf23,NEUTRAL,-0.01219287825009759,0.13750352374993502,-0.017590604985578694,0.11991291876435632,0.03963870484079509,0.039638704840795395,False
NXPH3,DSG,-0.06097913580858841,1.1127001327493624,-0.08797429682874511,1.0247258359206173,0.9486418918036614,-0.030744987002373065,False
FAM221B,DIG,1.1240230359311985,0.405992359675837,1.6216224597828972,2.0276148194587345,1.9517462953911786,1.6788517696092713,True
CAPN7,DIG,-1.141524947976597,0.45943161863729726,-1.6468723814968684,-1.1874407628595711,-1.2676252645162107,-1.5896430716704961,True
TMCO4,NEUTRAL,0.006702465572351836,0.13750352374993502,0.009669613842961002,0.14717313759289602,0.06689892366933323,0.06689892366933353,False
KCNJ11,DIG,-1.5713995850596467,0.45943161863729726,-2.267050388620527,-1.8076187699832298,-1.8931403212800555,-2.209821078794154,True
SP6,DIG,0.8101962193428397,0.523561956057013,1.1688660677929017,1.6924280238499145,1.6040667767348027,1.2260953776192751,True
CERK,NEUTRAL,-0.050726813525851074,0.13750352374993502,-0.07318332231384454,0.06432020143609048,-0.01595401248747018,-0.015954012487469856,False
LNCOC1,DCG,2.0794415416798357,-3.321928094887362,3.0,-0.3219280948873622,-0.40220230881092356,3.057229309826374,True
MTRR,DSG,0.03457468441238697,1.2854022188622483,0.04988072574205163,1.3352829446043,1.2596347796773544,0.1071100355684252,False
MYO1H,NEUTRAL,-0.0017762667785188864,0.13750352374993502,-0.0025626112726650123,0.13494091247727,0.05466669855370838,0.05466669855370838,False
ASXL1,DCG,-1.0262999185096071,1.3504972470841334,-1.4806378028985574,-0.13014055581442396,-0.20658157765646404,-1.4234084930721853,True
FAM135A-AS1,DIG,0.7568654406188636,0.4462562298895641,1.0919260178010748,1.5381822476906388,1.4599512232540557,1.149155327627443,True
LINC01592,DCG,-0.883846646111163,1.3001237245690138,-1.2751211732509176,0.025002551318096256,-0.05448242758992209,-1.2178918634245333,True
H6PD,NEUTRAL,0.0717150902458098,0.13750352374993502,0.10346300505453428,0.24096652880446928,0.160692314880908,0.1606923148809083,False
H3C8,DSG,0.12537390690553335,1.232660756790275,0.18087631374948754,1.4135370705397625,1.3356777730277565,0.2381056235758605,False
CSMD3,DCG,0.8679725538498845,-0.7369655941662062,1.2522196990669572,0.515254104900751,0.4349798909771899,1.3094490088933308,True
PLCB2,NEUTRAL,-0.04125000860180166,0.13750352374993502,-0.059511182846446346,0.07799234090348867,-0.002281873020072377,-0.002281873020072698,False
TPM4,DIG,0.5748680523844878,0.4462562298895641,0.8293592883405975,1.2756155182301616,1.2061703676181976,0.8865885981669706,True
CUEDC2,NEUTRAL,-0.03771406337985902,0.13750352374993502,-0.054409892209894666,0.08309363154004035,0.002819417616478938,0.002819417616479258,False
ZNF467,DIG,1.3586371623054796,0.5109619192773794,1.9600990964255691,2.4710610157029484,2.3941927772550327,2.0173284062519405,True
BTBD1,NEUTRAL,0.04602995430682072,0.13750352374993502,0.06640718681079584,0.20391071056073085,0.12363649663716982,0.12363649663716982,False
HFE,DSG,0.08862518475873161,1.4195388915137848,0.12785911454929025,1.547398006063075,1.463090055593371,0.18508842437566267,False
CFAP97D1,NEUTRAL,0.021881982291881,0.13750352374993502,0.031569027337316834,0.16907255108725186,0.08879833716369054,0.08879833716369054,False
PPP1R12C,DSG,0.04320121005808199,-0.7369655941662062,0.06232617151119729,-0.674639422655009,-0.7549136365785701,0.11955548133757156,False
EFTUD2,NEUTRAL,-0.01830050739816298,0.13750352374993502,-0.026402051269081517,0.1111014724808535,0.030827258557292736,0.030827258557292736,False
RTBDN,DIG,1.558733696995772,0.560714954474479,2.2487773747223203,2.8094923291967993,2.7254303472077472,2.3060066845486915,True
ZPLD1,DIG,-1.5702548025262588,0.5109619192773794,-2.2653988165367123,-1.7544368972593327,-1.8310419021246211,-2.208169506710339,True
TMEM144,NEUTRAL,-0.027204445550699986,0.13750352374993502,-0.039247718686128696,0.09825580506380632,0.017981591140245442,0.017981591140245442,False
ETV1,DSG,0.049083500752913074,1.4528589647138113,0.0708125231256974,1.5236714878395086,1.4460040914262788,0.12804183295206928,False
TLE5,NEUTRAL,-0.015530578912932693,0.13750352374993502,-0.022405889179822704,0.11509763457011232,0.034823420646552666,0.034823420646552354,False
SYNGR4,DIG,-0.9011183322304206,0.53605290024021,-1.3000389491629611,-0.7639860489227511,-0.844234027363707,-1.2428096393365846,True
NMBR,DIG,-1.1225770574622345,0.49825086752782544,-1.6195363538164906,-1.1212854862886652,-1.2092103988533143,-1.5623070439901077,True
ZNF705A,DSG,-0.06961608565578965,1.2555007331483865,-0.10043478154170903,1.1550659516066775,1.0784716638342495,-0.04320547171533535,False
ITFG2,DSG,0.11747160334585621,-3.321928094887362,0.16947569959234213,-3.15245239529502,-3.2327266092185805,0.22670500941871674,False
PLET1,NEUTRAL,0.05408953784008633,0.13750352374993502,0.07803470800586848,0.2155382317558035,0.13526401783224218,0.13526401783224218,False
SPSB1,NEUTRAL,0.03977179134049296,0.13750352374993502,0.05737856613419982,0.19488208988413483,0.11460787596057426,0.11460787596057456,False
FH,DCG,2.0794415416798357,-3.321928094887362,3.0,-0.3219280948873622,-0.40220230881092334,3.057229309826374,True
LINC01497,DCG,-0.9095897533356774,1.371558862611963,-1.3122606263807972,0.05929823623116581,-0.021190210566682164,-1.2550313165544236,True
MBD3,NEUTRAL,0.038248461644980025,0.13750352374993502,0.0551808659368444,0.19268438968677942,0.11241017576321716,0.11241017576321687,False
RING1,DSG,-0.09725522279196425,1.3923174227787602,-0.1403096276225181,1.252007795156242,1.168791383842758,-0.08308031779614643,False
SLC6A1-AS1,DIG,1.683417915955197,0.3923174227787603,2.4286586790921967,2.820976101870957,2.742335872827244,2.4858879889185643,True
ACTG1P22,DIG,0.8710256080938914,0.53605290024021,1.256624325284351,1.792677225524561,1.7197803989751932,1.3138536351107222,True
SLC50A1,DCG,-0.8712963826887923,1.2249663650002742,-1.2570149704496132,-0.03204860544933896,-0.11195839855657773,-1.1997856606232393,True
SHC2,NEUTRAL,0.01599234015231661,0.13750352374993502,0.023072069829956625,0.16057559357989165,0.08030137965632934,0.08030137965632934,False
FAT1,NEUTRAL,-0.02439662558136362,0.13750352374993502,-0.03519689074065812,0.10230663300927689,0.02203241908571513,0.02203241908571513,False
RASEF,NEUTRAL,-0.06634001183253102,0.13750352374993502,-0.09570840608330766,0.04179511766662736,-0.03847909625693498,-0.03847909625693498,False
LINC00989,NEUTRAL,-0.023654623341366404,0.13750352374993502,-0.034126407788685635,0.10337711596124938,0.02310290203768799,0.02310290203768799,False
PLOD1,NEUTRAL,0.0012188032024523466,0.13750352374993502,0.0017583613359975878,0.1392618850859326,0.058987671162370685,0.058987671162370685,False
CPA5,DIG,0.8883744565640848,0.4462562298895641,1.281653422937433,1.727909652826997,1.644081006638765,1.3388827327638055,True
PRKD2,DIG,-1.18495503814777,0.4854268271702419,-1.7095287572121802,-1.2241019300419382,-1.3076891517314089,-1.652299447385807,True
FBXO4,DSG,0.11671642883561459,-3.321928094887362,0.16838621307141077,-3.1535418818159515,-3.2338160957395132,0.22561552289778414,False
CD8B2,NEUTRAL,0.023098310337451203,0.13750352374993502,0.03332381777675513,0.17082734152669016,0.09055312760312836,0.09055312760312836,False
CLDND2,DIG,-1.532976092701182,0.560714954474479,-2.211617006741335,-1.650902052266856,-1.7327020376564404,-2.154387696914961,True
LINC00641,DIG,-0.70862676425975,0.405992359675837,-1.0223323186387339,-0.6163399589628968,-0.6941719086101925,-0.96510300881236,True
IGF2R,NEUTRAL,0.03584282277188761,0.13750352374993502,0.05171026266446427,0.1892137864143993,0.10893957249083663,0.10893957249083634,False
GSEC,NEUTRAL,0.003080311391409893,0.13750352374993502,0.004443949968780835,0.14194747371871586,0.06167325979515362,0.06167325979515331,False
TBC1D15,DSG,0.00864331890361454,1.3923174227787602,0.012469673319066529,1.4047870960978268,1.320548957369434,0.06969898314543836,False
UQCRFS1P1,NEUTRAL,0.024984221926340543,0.13750352374993502,0.03604461307360081,0.17354813682353581,0.09327392289997412,0.09327392289997412,False
C4BPA,DCG,-0.8421594157245981,1.2249663650002742,-1.2149792127038246,0.009987152296449642,-0.07011171277559235,-1.157749902877452,True
G3BP2,DIG,1.112917787665566,0.3923174227787603,1.6056009731822285,1.9979183959609887,1.9149521346658012,1.6628302830086017,True
RORC,DCG,-0.8581952647644928,1.1292830169449666,-1.2381140525901249,-0.10883103564515828,-0.19022657035560533,-1.1808847427637525,True
ERH,NEUTRAL,0.051326185651279055,0.13750352374993502,0.07404803350684656,0.2115515572567816,0.13127734333322016,0.1312773433332199,False
CRYZL2P-SEC16B,DCG,-0.9540809349994754,1.4059923596758368,-1.3764478335304486,0.02954452614538816,-0.043528066664166136,-1.3192185237040743,True
CCDC201,DIG,-0.7115492910743462,0.4854268271702419,-1.0265486335810168,-0.5411218064107749,-0.6223230615818017,-0.9693193237546387,True
BMP2K,NEUTRAL,-0.026644445239271803,0.13750352374993502,-0.038439809013934984,0.09906371473600004,0.01878950081243814,0.01878950081243814,False
GEN1,DIG,1.6566920499535351,0.5109619192773794,2.390101404748136,2.9010633240255155,2.82551194299069,2.447330714574507,True
HSPD1,DIG,-0.8534357517658612,0.53605290024021,-1.2312475267899523,-0.6951946265497423,-0.7737582053341919,-1.1740182169635804,True
ZNF469,NEUTRAL,-0.007196326957627639,0.13750352374993502,-0.010382105214384957,0.12712141853555006,0.046847204611989116,0.04684720461198881,False
AGAP2,DIG,-1.2762549507276113,0.45943161863729726,-1.8412466883247134,-1.381815069687416,-1.4554436741552037,-1.7840173784983415,True
LINC02068,DCG,-0.9117018254599596,1.0874628412503395,-1.315307702360499,-0.22784486111015956,-0.31025019467801607,-1.2580783925341228,True
CLEC4F,DIG,-0.567434528826561,0.6205864104518776,-0.8186349807672451,-0.1980485703153675,-0.2728441319831175,-0.7614056709408744,True
RAP1BP1,DIG,-1.231992212896751,0.3645724322958561,-1.7773890559599628,-1.4128166236641067,-1.490897843195002,-1.7201597461335816,True
TUBE1,DIG,-0.9882835766099545,0.53605290024021,-1.4257918149671893,-0.8897389147269793,-0.96909556574478,-1.3685625051408181,True
MTTP,NEUTRAL,0.005382625954755013,0.13750352374993502,0.007765487771885279,0.1452690115218203,0.06499479759825841,0.06499479759825871,False
KBTBD11-OT1,NEUTRAL,-0.01065748199565211,0.13750352374993502,-0.015375496423490712,0.1221280273264443,0.04185381340288224,0.04185381340288224,False
ZNF414,DIG,-1.3712125336163836,0.5728896684205812,-1.9782415222531478,-1.4053518538325664,-1.4767737484864287,-1.9210122124267741,True
LMOD2,DIG,1.4485297983338408,0.4724877714627438,2.0897867566361223,2.5622745280988664,2.4961990615657483,2.147016066462496,True
TECTA,NEUTRAL,-0.018857900460788037,0.13750352374993502,-0.027206199476356597,0.11029732427357843,0.03002311035001789,0.030023110350017576,False
SH3BGRL3,NEUTRAL,-0.021859280937142365,0.13750352374993502,-0.031536276205413945,0.10596724754452108,0.02569303362095863,0.02569303362095863,False
PTGES3L-AARSD1,NEUTRAL,0.02572903597296494,0.13750352374993502,0.03711915260505026,0.1746226763549853,0.09434846243142439,0.09434846243142408,False
COX18,DIG,-1.504155300908406,0.405992359675837,-2.170037393347404,-1.7640450336715672,-1.8463748723371565,-2.1128080835210317,True
PODXL2,DIG,-0.9170696359664652,0.5728896684205812,-1.3230518159586664,-0.7501621475380852,-0.8270257328575352,-1.2658225061322939,True
ACACB,DIG,-1.4460792631055441,0.523561956057013,-2.0862513816147352,-1.5626894255577222,-1.6469223030758597,-2.0290220717883622,True
TMSB10,DIG,-0.9306742102235352,0.523561956057013,-1.342679067772747,-0.819117111715734,-0.8851087944537438,-1.2854497579463762,True
LINC01354,DCG,-0.9205741625331617,1.3575520046180838,-1.328107779057103,0.029444225560980808,-0.05068866674081426,-1.270878469230731,True
ZG16B,DCG,-0.7884850299210459,1.1043366598147357,-1.1375434424822788,-0.03320678266754307,-0.1186648062272993,-1.080314132655907,True
MIER2,NEUTRAL,-0.03742585306635708,0.13750352374993502,-0.05399409261987237,0.08350943113006265,0.0032352172064998345,0.003235217206500154,False
IGFBPL1,DIG,0.7563169554807311,0.53605290024021,1.0911347210122897,1.6271876212524998,1.5492406178939648,1.148364030838663,True
RNASE6,DIG,1.4216034547439231,0.4195388915137848,2.0509402542696757,2.4704791457834605,2.3983481949077725,2.108169564096049,True
KRT31,DIG,-1.7306575932878894,0.405992359675837,-2.4968111273132667,-2.0908187676374297,-2.168510842851453,-2.439581817486891,True
ORAI2,DSG,-0.012952162675996581,-0.7369655941662062,-0.018686020861447394,-0.7556516150276537,-0.8359258289512165,0.038543288964924635,False
RNF112,NEUTRAL,-0.030751800992440535,0.13750352374993502,-0.044365470790198265,0.09313805295973676,0.012863839036174546,0.012863839036175181,False
CHIT1,DCG,-0.854216974948052,1.185866545311334,-1.2323745936007267,-0.0465080482893927,-0.1255706865496676,-1.1751452837743541,True
LRPPRC,DIG,-0.7621890158480064,0.608809242675524,-1.0996063133839584,-0.49079707070843437,-0.5619796123155086,-1.042377003557587,True
PTGR2,NEUTRAL,-0.04303478896447882,0.13750352374993502,-0.06208607662475668,0.07541744712517834,-0.004856766798382349,-0.004856766798382189,False
NALCN,DIG,1.418876807952724,0.37851162325372983,2.047006534465757,2.425518157719487,2.3503867922456703,2.104235844292131,True
TCEA1,DCG,-0.9351709147793105,1.4195388915137848,-1.3491664411357067,0.07037245037807804,-0.006194134701567892,-1.2919371313093349,True
KNOP1P4,DIG,-1.3078239447987627,0.523561956057013,-1.8867911195170166,-1.3632291634600038,-1.4429067106346358,-1.8295618096906254,True
FAM171A1,DSG,-0.0562261622037312,-3.321928094887362,-0.08111720537954148,-3.4030453002669034,-3.483319514190466,-0.023887895553168614,False
GORAB-AS1,DCG,-0.8919671139947146,1.1210154009613662,-1.2868365319962156,-0.1658211310348494,-0.25097820263008147,-1.2296072221698426,True
BAX,DIG,1.0673973978269848,0.5484366246960424,1.5399289325027752,2.0883655571988173,2.002614079134108,1.5971582423291482,True
MCPH1,NEUTRAL,0.006136434123304151,0.13750352374993502,0.008853003078432713,0.14635652682836772,0.06608231290480664,0.06608231290480603,False
TNFRSF1A,DSG,0.0685532379632925,-0.7369655941662062,0.09890141644652313,-0.638064177719683,-0.7183383916432444,0.1561307262728971,False
AFMID,DCG,-0.8731477831301928,1.3645724322958561,-1.2596859766851214,0.10488645561073473,0.02325790641794186,-1.2024566668587486,True
PIN4P1,NEUTRAL,-0.01814092437932663,0.13750352374993502,-0.026171821639196225,0.1113317021107388,0.03105748818717851,0.031057488187178826,False
PHRF1,NEUTRAL,0.07128554883085665,0.13750352374993502,0.10284330778532494,0.24034683153525996,0.1600726176116975,0.16007261761169778,False
FGD4,DSG,-0.1254074735672118,1.4724877714627438,-0.18092474020583021,1.2915630312569135,1.2117153899021984,-0.12369543037945697,False
ABCB8,DIG,-1.2886082945213124,0.405992359675837,-1.8590687961542822,-1.4530764364784452,-1.5500559866712296,-1.8018394863279092,True
PNPLA7,NEUTRAL,-0.04063885378427884,0.13750352374993502,-0.05862947282199076,0.07887405092794425,-0.001400162995616434,-0.0014001629956161134,False
HMGCL,NEUTRAL,0.035142046320533145,0.13750352374993502,0.05069925595332341,0.18820277970325844,0.10792856577969744,0.10792856577969773,False
LILRB4,DSG,0.034483530459933256,1.3854310371935206,0.04974921838688923,1.4351802555804098,1.354737854580649,0.1069785282132626,False
EBF2,NEUTRAL,0.006989598453092205,0.13750352374993502,0.010083859026081294,0.14758738277601632,0.06731316885245527,0.06731316885245496,False
NCK1,DSG,0.04282312877410246,1.1210154009613662,0.06178071551774709,1.1827961164791132,1.1045633559728416,0.11901002534412057,False
TFG,DIG,-0.7076960748678365,0.6205864104518776,-1.0209896176684123,-0.4004032072165348,-0.4695767159301064,-0.9637603078420405,True
ARSG,DCG,-0.9834126708578541,1.4059923596758368,-1.4187645833939966,-0.01277222371815978,-0.09077423603238582,-1.3615352735676236,True
KRT71,DIG,-1.3297680350208663,0.5728896684205812,-1.9184497496572652,-1.345560081236684,-1.4205420203595396,-1.861220439830879,True
ATP5MG,NEUTRAL,-0.033369916087654494,0.13750352374993502,-0.048142612454539976,0.08936091129539504,0.009086697371834478,0.009086697371833841,False
CD4,DSG,0.005216875612051452,1.0874628412503395,0.007526360574441206,1.0949892018247807,1.0197264374035102,0.06475567040081381,False
MAPK4,NEUTRAL,-0.025666332037387343,0.13750352374993502,-0.037028689948148244,0.10047483380178678,0.020200619878225714,0.020200619878225714,False
BBS10,DIG,0.8878677257283424,0.4854268271702419,1.2809223648736419,1.7663491920438839,1.6914011287994266,1.3381516747000153,True
RBPMS,NEUTRAL,0.03265594048918176,0.13750352374993502,0.04711256339930764,0.18461608714924266,0.10434187322568163,0.10434187322568103,False
UNKL,DCG,-1.0058197431008085,1.4594316186372973,-1.4510911553997474,0.008340463237549889,-0.07264780948164218,-1.3938618455733744,True
HMCN1,DCG,-0.9152249014451759,1.3923174227787602,-1.3203904266130455,0.07192699616571474,-0.009064460095727003,-1.2631611167866736,True
UBE2Q2P12,NEUTRAL,-0.007485056428620686,0.13750352374993502,-0.01079865379034512,0.1267048699595899,0.04643065603602832,0.04643065603602801,False
LILRA2,DSG,0.013199286022949558,-0.7369655941662062,0.019042544488584338,-0.7179230496776219,-0.7981972636011837,0.07627185431495687,False
PIMREGP1,NEUTRAL,-0.008884645723365817,0.13750352374993502,-0.012817834325155202,0.12468568942477981,0.04441147550121903,0.04441147550121872,False
ZNF341-AS1,DCG,-0.9438744924480128,1.3001237245690138,-1.3617230494763355,-0.06159932490732167,-0.13914857899973418,-1.3044937396499603,True
CPT2,NEUTRAL,0.004060505033799978,0.13750352374993502,0.005858070475767902,0.1433615942257029,0.0630873803021423,0.0630873803021423,False
GRHL2,DCG,2.0794415416798357,-3.321928094887362,3.0,-0.3219280948873622,-0.40220230881092356,3.057229309826374,True
NRN1,DIG,-0.9248814155308022,0.560714954474479,-1.334321831596653,-0.7736068771221739,-0.8613886166899589,-1.2770925217702795,True
MIR199A2,DCG,-1.0303866436227929,1.4262647547020981,-1.486533700952827,-0.06026894625072887,-0.1392565291842228,-1.429304391126447,True
GPR68,NEUTRAL,0.04328519683186833,0.13750352374993502,0.062447338813239106,0.19995086256317413,0.11967664863961393,0.11967664863961393,False
UPK3A,NEUTRAL,0.00837752946509574,0.13750352374993502,0.012086220214194794,0.1495897439641298,0.06931553004056763,0.06931553004056733,False
IL17RB,NEUTRAL,0.004311259037975409,0.13750352374993502,0.006219832034074845,0.14372335578400985,0.06344914186044744,0.06344914186044744,False
RNGTT,DIG,-0.7089068078583665,0.4724877714627438,-1.0227363361496906,-0.5502485646869468,-0.6346933050227932,-0.9655070263233171,True
UBP1,NEUTRAL,-0.013367744862324678,0.13750352374993502,-0.019285579220744732,0.1182179445291903,0.03794373060562796,0.03794373060562796,False
HMHB1,DIG,-1.5119194878337419,0.405992359675837,-2.181238747321121,-1.775246387645284,-1.868116720846682,-2.124009437494722,True
LIMD2,DCG,-1.0102891275577501,1.3146965256562866,-1.4575391141916036,-0.14284258853531706,-0.22222414487146974,-1.4003098043652298,True
ZMYM6,NEUTRAL,-0.00697296381293139,0.13750352374993502,-0.010059860313214314,0.1274436634367207,0.047169449513159684,0.047169449513159996,False
RPL35AP19,DCG,-0.8299166840651239,1.3923174227787602,-1.1973166844517669,0.19500073832699338,0.1150242521308825,-1.1400873746253848,True
SPEG,NEUTRAL,-0.0025422002197445616,0.13750352374993502,-0.003667619649972312,0.1338359040999627,0.0535616901764006,0.0535616901764009,False
MRPL23,NEUTRAL,-0.0172466703749789,0.13750352374993502,-0.02488168582182866,0.11262183792810636,0.03234762400454519,0.03234762400454488,False
AIRN,NEUTRAL,0.005207889080650112,0.13750352374993502,0.0075133957501536995,0.14501691950008871,0.06474270557652763,0.06474270557652732,False
TRAK1,NEUTRAL,-0.016846010349794386,0.13750352374993502,-0.024303655590412514,0.1131998681595225,0.032925654235960215,0.03292565423596053,False
TWNK,NEUTRAL,-0.017174186648217377,0.13750352374993502,-0.02477711390868466,0.11272640984125036,0.032452195917689136,0.03245219591768882,False
FAM170B,DIG,-1.7325376007919235,0.4854268271702419,-2.4995234048161707,-2.0140965776459288,-2.1059678043791243,-2.4422940949897485,True
RHCE,NEUTRAL,0.01134127315668643,0.13750352374993502,0.016361998540518632,0.15386552229045364,0.07359130836689216,0.07359130836689216,False
ASAP2,DIG,-0.9425170486047134,0.560714954474479,-1.3597646719753222,-0.7990497175008432,-0.8669119526304476,-1.3025353621489506,True
LINC01612,NEUTRAL,-0.016249941945082707,0.13750352374993502,-0.02344371065890438,0.11405981309103064,0.03378559916746892,0.033785599167468296,False
LIPE-AS1,DIG,-1.464877964182462,0.5728896684205812,-2.1133721744335587,-1.5404825060129776,-1.6145535422891308,-2.0561428646071858,True
ZNF8,DIG,-1.3535997093771834,0.49825086752782544,-1.9528315880672047,-1.4545807205393793,-1.545166982168813,-1.8956022782408324,True
BEND5,NEUTRAL,0.0003944847433738471,0.13750352374993502,0.0005691211829718046,0.13807264493290683,0.05779843100934598,0.057798431009346285,False
ASTL,DIG,-0.9099894253302526,0.560714954474479,-1.3128372311853531,-0.7521222767108741,-0.8247203185851547,-1.2556079213589768,True
ELFN2,NEUTRAL,-0.0036386003215326352,0.13750352374993502,-0.005249390639652121,0.1322541331102829,0.05197991918672055,0.05197991918672055,False
TTBK2,NEUTRAL,0.030609411747134208,0.13750352374993502,0.044160046532118906,0.18166357028205393,0.10138935635849287,0.10138935635849287,False
FAM131B,DSG,-0.11396777846401492,1.1538053360790355,-0.16442074881116633,0.9893845872678692,0.9112504039253491,-0.10719143898479452,False
MIR4785,NEUTRAL,0.0061140899101736436,0.13750352374993502,0.008820767192956764,0.1463242909428918,0.0660500770193304,0.06605007701932979,False
RNU6-574P,DIG,-0.6228379734702759,0.4724877714627438,-0.8985652556028988,-0.426077484140155,-0.5050168797930196,-0.8413359457765207,True
HNRNPA1P45,NEUTRAL,-0.05070446884872574,0.13750352374993502,-0.07315108575896555,0.06435243799096947,-0.015921775932591822,-0.015921775932591822,False
SNHG5,DIG,-1.1430808630204958,0.4724877714627438,-1.6491170924147458,-1.176629320952002,-1.261913166887475,-1.5918877825883728,True
GPR63,DIG,-1.0499677833772274,0.4724877714627438,-1.5147833141715035,-1.0422955427087597,-1.1277393911477318,-1.4575540043451298,True
ME2,NEUTRAL,-0.02802591619956403,0.13750352374993502,-0.040432850317480694,0.09707067343245432,0.016796459508893417,0.0167964595088931,False
SMCO2,DSG,-0.05073188925959301,1.1375035237499351,-0.0731906450497429,1.0643128787001923,0.9826750036112574,-0.015961335223368685,False
PHYHIPL,DIG,-1.3978336050670306,0.45943161863729726,-2.016647610018147,-1.5572159913808497,-1.6453183702247998,-1.959418300191773,True
ORC3,DIG,1.2849944032443337,0.53605290024021,1.853855053130673,2.389907953370883,2.303778746286321,1.9110843629570446,True
KIF2A,NEUTRAL,-0.01446422506548721,0.13750352374993502,-0.02086746577228024,0.11663605797765478,0.03636184405409465,0.036361844054094025,False
GRB10,DSG,-0.011895041505863953,1.2479275134435854,-0.017160917391678313,1.2307665960519072,1.150778999276318,0.04006839243469389,False
CYP51A1P2,NEUTRAL,-0.0792116147034761,0.13750352374993502,-0.11427820371351226,0.02322532003642276,-0.057048893887139296,-0.05704889388713896,False
ZKSCAN3,DSG,0.059195155425796,1.3001237245690138,0.08540055717744731,1.385524281746461,1.3007659293521996,0.14262986700381988,False
DNAJB7,NEUTRAL,-0.012771203191717007,0.13750352374993502,-0.018424951510875427,0.1190785722390596,0.03880435831549871,0.03880435831549871,False
PF4V1,DIG,-1.189377309564514,0.5109619192773794,-1.715908746254582,-1.2049468269772023,-1.291745441690813,-1.658679436428194,True
RAB3GAP2,DCG,-0.9788959487925007,1.4659744645040693,-1.4122483308692375,0.05372613363483181,-0.025191420873991715,-1.3550190210428639,True
RASGRP4,DSG,-0.013981872325893513,1.371558862611963,-0.020171577866909207,1.3513872847450539,1.2695742373097425,0.037057731959464976,False
SYTL2,DIG,-1.3219390988881619,0.523561956057013,-1.9071549823231762,-1.3835930262661633,-1.4661647771926123,-1.8499256724968043,True
LRATD2,DCG,-0.8715640015684655,1.3434078222978139,-1.257401062880166,0.0860067594176479,0.008321652977413739,-1.200171753053793,True
CYBRD1,NEUTRAL,0.029490025603313007,0.13750352374993502,0.04254511369358824,0.18004863744352326,0.09977442351996102,0.09977442351996102,False
KCP,DIG,0.7197169801437694,0.45943161863729726,1.0383321180969967,1.497763736734294,1.4174509161783013,1.095561427923368,True
EIF3E,DCG,-0.8043477405273649,1.1127001327493624,-1.160428496409072,-0.04772836365970967,-0.13138047456232563,-1.1031991865827004,True
PDE11A-AS1,NEUTRAL,0.01985051809643348,0.13750352374993502,0.028638244016801206,0.16614176776673623,0.08586755384317396,0.08586755384317396,False
IL12B,DIG,-1.2693627143864172,0.49825086752782544,-1.8313032931346378,-1.3330524256068124,-1.4287535578664365,-1.7740739833082597,True
FDPSP8,DCG,-0.7460201164920329,1.20945336562895,-1.0762795224664627,0.13317384316248715,0.053318991219099436,-1.0190502126400869,True
COX6B1P4,NEUTRAL,0.02583914041066409,0.13750352374993502,0.037277999731298694,0.1747815234812337,0.0945073095576719,0.0945073095576719,False
LPAR3,NEUTRAL,-0.02290001288661979,0.13750352374993502,-0.033037735027819724,0.10446578872211529,0.024191574798553984,0.02419157479855367,False
ST3GAL3-AS1,DIG,0.8978291678707858,0.4195388915137848,1.2952936880526473,1.714832579566432,1.62806709485377,1.3525229978790179,True
PREX1,DCG,0.729367064517576,-0.7369655941662062,1.0522542469672476,0.31528865280104135,0.2350144388774779,1.109483556793619,True
ATG4C,DIG,1.1240303261094575,0.45943161863729726,1.6216329772869187,2.0810645959242158,2.0037010635159986,1.6788622871132906,True
GRAMD2A,NEUTRAL,-0.027333112663388625,0.13750352374993502,-0.0394333460915301,0.09807017765840492,0.017795963734843767,0.017795963734843767,False
EPS8,DIG,1.3258874579248303,0.49825086752782544,1.9128512603250267,2.4111021278528524,2.341658272582544,1.970080570151399,True
GATAD2A,DIG,1.2719214259306564,0.5484366246960424,1.834994733590577,2.3834313582866193,2.294430860654878,1.8922240434169502,True
BANF1P3,NEUTRAL,0.012231314653914218,0.13750352374993502,0.01764605699475455,0.15514958074468957,0.07487536682112728,0.07487536682112697,False
LINC00313,DIG,1.0034399313679423,0.49825086752782544,1.4476578128144924,1.9459086803423178,1.8727938540347109,1.5048871226408653,True
IL6-AS1,DSG,-0.081972531083983,1.1210154009613662,-0.11826136408397868,1.0027540368773875,0.9197556510237133,-0.06103205425760512,False
HESX1,NEUTRAL,-0.015879440408005357,0.13750352374993502,-0.022909189928721145,0.11459433382121387,0.03432011989765295,0.034320119897652636,False
HMGN3P1,DCG,-0.7997819622438234,1.3575520046180838,-1.1538414707216083,0.20371053389647553,0.12166316619885305,-1.0966121608952353,True
GDAP1L1,DCG,0.879761784940816,-0.7369655941662062,1.269227964297738,0.5322623701315318,0.45198815620797006,1.3264572741241112,True
DLGAP1-AS2,NEUTRAL,-0.023306663585072832,0.13750352374993502,-0.033624407973851966,0.10387911577608305,0.023604901852521374,0.023604901852521374,False
RPS10P28,DIG,1.6090213766504984,0.53605290024021,2.321327160778007,2.857380061018217,2.7785689136942704,2.378556470604379,True
DIABLO,DIG,1.4322605669627144,0.35049724708413343,2.066315217217923,2.4168124643020565,2.3313931420209273,2.1235445270442965,True
MIR378H,DIG,0.6232723195958915,0.4724877714627438,0.8991918846043537,1.3716796560670974,1.2794168026476764,0.9564211944307243,True
PAPSS1,NEUTRAL,-0.01652449938993989,0.13750352374993502,-0.023839813323038982,0.11366371042689603,0.03338949650333497,0.03338949650333528,False
SLC18A1,NEUTRAL,0.020525642487143145,0.13750352374993502,0.029612242627261226,0.16711576637719625,0.0868415524536336,0.08684155245363391,False
DAAM2-AS1,DSG,-0.03611060042598132,1.4195388915137848,-0.052096584158086136,1.3674423073556987,1.280637739596104,0.005132725668286111,False
ZNF184,DSG,-0.08996186472350687,-0.7369655941662062,-0.12978753610572713,-0.8667531302719333,-0.9470273441954965,-0.07255822627935536,False
ZCCHC17,NEUTRAL,-0.009949894282336348,0.13750352374993502,-0.0143546631384961,0.12314886061143893,0.042874646687878146,0.042874646687878146,False
DSCAS,NEUTRAL,-0.012197608278776289,0.13750352374993502,-0.017597428974496718,0.1199060947754383,0.0396318808518768,0.0396318808518768,False
MEST,DIG,1.2935795590113528,0.4195388915137848,1.8662408147810108,2.2857797062947958,2.20295785695951,1.9234701246073829,True
PROKR1,DIG,-1.311059006609558,0.4724877714627438,-1.89145832714842,-1.4189705556856762,-1.486518424466147,-1.8342290173220468,True
RAB5A,DIG,-0.6743026126758188,0.4462562298895641,-0.9728130353658753,-0.5265568054763112,-0.6123406592485634,-0.9155837255395021,True
STAG1,DSG,0.08443918114796957,-0.7369655941662062,0.12181998789890054,-0.6151456062673056,-0.6954198201908686,0.17904929772527273,False
BRSK1,DSG,0.053134058749549885,-0.7369655941662062,0.07665624306027846,-0.6603093511059277,-0.7405835650294911,0.1338855528866503,False
MSANTD3,NEUTRAL,0.030288958057415584,0.13750352374993502,0.04369772958312727,0.1812012533330623,0.10092703940950047,0.10092703940950047,False
KLHDC7A,NEUTRAL,0.0091887817246293,0.13750352374993502,0.013256609825933827,0.15076013357586884,0.07048591965230869,0.07048591965230869,False
GPAM,NEUTRAL,0.046565065966006326,0.13750352374993502,0.06717918974782477,0.2046827134977598,0.12440849957419962,0.12440849957419962,False
BCL11A,DIG,-1.0765820573477416,0.5969351423872323,-1.5531795952456244,-0.9562444528583921,-1.0238033111188019,-1.495950285419251,True
SLC44A3,NEUTRAL,0.049533846280610534,0.13750352374993502,0.07146223438519304,0.20896575813512808,0.12869154421156645,0.12869154421156617,False
CDK5RAP1,DCG,-0.9225846149691702,1.3575520046180838,-1.3310082488164756,0.02654375580160817,-0.05636242575474126,-1.273778938990101,True
ASPM,DCG,-0.8813019071929427,1.0874628412503395,-1.271449891033244,-0.18398704978290437,-0.25925727937719867,-1.2142205812068698,True
ERVMER34-1,DIG,1.2329073178037846,0.4724877714627438,1.7787092732712333,2.251197044733977,2.167416636150824,1.8359385830976047,True
NTNG2,NEUTRAL,0.027976043073025238,0.13750352374993502,0.04036089860514955,0.17786442235508457,0.09759020843152272,0.09759020843152301,False
DACT3-AS1,DIG,-1.2577557508700454,0.45943161863729726,-1.814557984429789,-1.3551263657924917,-1.4285141541448765,-1.75732867460341,True
PGF,NEUTRAL,0.025292293731350418,0.13750352374993502,0.03648906673892627,0.1739925904888613,0.09371837656530009,0.09371837656530009,False
CFAP206,DIG,1.2628730396544956,0.4195388915137848,1.821940671581912,2.2414795630956967,2.1521302231268575,1.8791699814082845,True
RN7SL809P,DIG,-1.5223433579718952,0.523561956057013,-2.1962772130763053,-1.6727152570192922,-1.7514217741799931,-2.139047903249926,True
TMEFF2,NEUTRAL,-0.0009988472852930648,0.13750352374993502,-0.0014410320250977083,0.1360624917248373,0.05578827780127669,0.05578827780127638,False
HIBCH,NEUTRAL,-0.024645601760418915,0.13750352374993502,-0.035556087439480674,0.10194743631045435,0.021673222386892982,0.021673222386893613,False
SUCLG2,NEUTRAL,-0.031184575629267467,0.13750352374993502,-0.044989832612571,0.09251369113736402,0.012239477213801205,0.012239477213801205,False
ZNF385B,NEUTRAL,0.03791030973188351,0.13750352374993502,0.05469301584875295,0.19219653959868796,0.1119223256751255,0.1119223256751255,False
NCSTN,DCG,-0.8345171680253232,1.1127001327493624,-1.2039537798468356,-0.09125364709747319,-0.16613046458455585,-1.1467244700204626,True
GARS1-DT,DSG,0.04735403652214622,1.3219280948873624,0.06831743365657521,1.3902455285439377,1.3075406421957767,0.1255467434829478,False
GDF3,DSG,-0.016088959639577974,-0.7369655941662062,-0.02321146228508183,-0.7601770564512881,-0.8404512703748481,0.034017847541291626,False
PTGR1,NEUTRAL,-0.005911249034352251,0.13750352374993502,-0.008528129667319665,0.12897539408261535,0.048701180159054516,0.048701180159055134,False
CIAO2B,NEUTRAL,0.06733495576724721,0.13750352374993502,0.09714380676388526,0.23464733051382028,0.1543731165902592,0.15437311659025893,False
BRPF1,DIG,1.6978532233212096,0.405992359675837,2.4494844254428507,2.8554767851186877,2.7766517637232178,2.5067137352692224,True
CATSPER4,NEUTRAL,-0.03640131922867742,0.13750352374993502,-0.05251600273302898,0.08498752101690604,0.00471330709334431,0.00471330709334431,False
NOL8P1,NEUTRAL,0.01917601456775938,0.13750352374993502,0.02766514112092098,0.165168664870856,0.08489445094729435,0.08489445094729435,False
COMMD10,NEUTRAL,0.0005580080942015398,0.13750352374993502,0.000805035510280463,0.13830855926021549,0.05803434533665295,0.05803434533665295,False
MST1,NEUTRAL,-0.01825480072517945,0.13750352374993502,-0.026336110478632643,0.11116741327130238,0.03089319934774135,0.03089319934774135,False
MAPKAPK2,DCG,0.8391241661510174,-0.7369655941662062,1.2106002731961594,0.47363467902995315,0.3933604651063924,1.267829583022534,True
BORA,NEUTRAL,0.0881078453012937,0.13750352374993502,0.1271127514795884,0.2646162752295234,0.1843420613059606,0.18434206130596115,False
ZNF641,DIG,-1.3134391194305515,0.49825086752782544,-1.8948921041120235,-1.396641236584198,-1.4738791317835902,-1.8376627942856512,True
EDEM3,DCG,-1.1143608639167049,1.4195388915137848,-1.607682892133371,-0.18814400061958625,-0.2739926848653306,-1.5504535823069978,True
ICE2,NEUTRAL,-0.023135415241112837,0.13750352374993502,-0.033377348837260436,0.10412617491267459,0.023851960989113328,0.023851960989113644,False
TRPV5,DSG,0.11913014826632731,1.3645724322958561,0.17186847412419737,1.5364409064200535,1.4541829177357484,0.22909778395057134,False
PLA2G2D,NEUTRAL,-0.04487343378677611,0.13750352374993502,-0.06473868039184115,0.07276484335809387,-0.007509370565467518,-0.0075093705654673566,False
CD1D,DCG,-0.9180297873952121,1.3219280948873624,-1.324437021663422,-0.002508926776059628,-0.08005268198356794,-1.2672077118370502,True
SUV39H2,DSG,-0.08156305968041831,1.3923174227787602,-0.11767062172067005,1.2746468010580903,1.193027336204071,-0.06044131189429684,False
LINC00160,DIG,0.7910260380115786,0.45943161863729726,1.1412093422533491,1.6006409608906464,1.5134130248866355,1.1984386520797234,True
IPO13,DIG,1.4240019050037225,0.4724877714627438,2.0544004865653074,2.526888258028051,2.444979247231856,2.1116297963916795,True
TEX14,DSG,-0.05296345284075729,-0.7369655941662062,-0.07641011076171703,-0.8133757049279232,-0.8936499188514849,-0.019180800935343866,False
FOCAD-AS1,DIG,-1.2524766770314548,0.37851162325372983,-1.8069418907823678,-1.428430267528638,-1.5026150464593797,-1.7497125809559755,True
CFAP61,DSG,-0.013291109344563063,1.0789513413948222,-0.019175017539314092,1.059776323855508,0.9829186859296507,0.03805429228705972,False
CST5,DSG,0.06648883985213148,1.2016338611696507,0.09592311952913057,1.2975569806987812,1.2176657548706142,0.15315242935550238,False
BEST3,DSG,0.002835981832543659,1.4594316186372973,0.004091456925861932,1.4635230755631592,1.3829842207960135,0.06132076675223488,False
TUBB1,DCG,-0.7555644733056446,1.1127001327493624,-1.090049118709935,0.022651014039427375,-0.06110639678671923,-1.0328198088835627,True
PPIH,DIG,-0.9627861664601723,0.45943161863729726,-1.3890068277885868,-0.9295752091512894,-1.0169837756378948,-1.3317775179622153,True
CDC42SE2,NEUTRAL,-0.01849327090905117,0.13750352374993502,-0.026680150230304258,0.11082337351963076,0.030549159596070134,0.03054915959606982,False
HNRNPA1P30,NEUTRAL,-0.004063691384165033,0.13750352374993502,-0.0058626674076381,0.1316408563422969,0.051366642418735266,0.051366642418734954,False
EDDM3A,DIG,-1.1458979494438062,0.4329594072761063,-1.6531812890274113,-1.220221881751305,-1.296451243766586,-1.595951979201026,True
RTP4,DSG,-0.0241546964016371,1.232660756790275,-0.03484786071282033,1.1978128960774546,1.117255988870475,0.022381449113551645,False
MRGPRX7P,DIG,-1.5664252538942312,0.523561956057013,-2.2598739457164427,-1.7363119896594297,-1.8134691563850251,-2.2026446358900444,True
CNTN3,NEUTRAL,-0.016721703618620805,0.13750352374993502,-0.02412431888579927,0.11337920486413575,0.0331049909405734,0.03310499094057308,False
EIF3J-DT,NEUTRAL,-0.029452131511436306,0.13750352374993502,-0.04249044407515873,0.09501307967477629,0.014738865751216194,0.014738865751216194,False
C12orf76,DIG,0.8698756430110962,0.4329594072761063,1.2549652763622068,1.687924683638313,1.5981260362208087,1.3121945861885786,True
SCN2B,NEUTRAL,-0.014315809368454162,0.13750352374993502,-0.020653347182180582,0.11685017656775444,0.036575962644192245,0.036575962644192245,False
VPS45,DCG,0.8414153194649567,-0.7369655941662062,1.213905708720096,0.47694011455388974,0.3966659006303282,1.2711350185464692,True
SYPL1,DSG,-0.04037273129267252,1.1043366598147357,-0.058245539223081316,1.0460911205916543,0.9675876504844128,-0.001016229396707883,False
SDHAF4,DIG,0.6141294585952672,0.4854268271702419,0.8860015243792161,1.3714283515494579,1.2843517895650494,0.9432308342055875,True
MDM4,DCG,-0.8071030208701719,1.1779177921958432,-1.1644035256958987,0.013514266499944583,-0.0655976648685569,-1.1071742158695268,True
METTL27,DSG,0.06897446316135193,1.3854310371935206,0.09950911595086093,1.4849401531443815,1.4061622655886967,0.15673842577723396,False
SHCBP1L,DCG,-1.0286509835812645,1.5360529002402097,-1.484029672818245,0.052023227421964746,-0.031326784491676224,-1.4268003629918649,True
PCDHGA9,DIG,-1.6981607712600286,0.3923174227787603,-2.4499281233290207,-2.0576107005502604,-2.1445614054431608,-2.392698813502647,True
SNPH,DSG,0.025209330971963883,1.4594316186372973,0.03636937677738085,1.4958009954146783,1.4094592150597087,0.09359868660375514,False
LINC02390,DSG,0.010199564104500684,1.3575520046180838,0.014714860552792218,1.372266865170876,1.295787779178624,0.07194417037916662,False
EIF2S2,DCG,2.0794415416798357,-3.321928094887362,3.0,-0.3219280948873622,-0.40220230881092356,3.057229309826374,True
DCTN1,DIG,-0.8688965308839429,0.5728896684205812,-1.2535527161518885,-0.6806630477313073,-0.7485017032576582,-1.1963234063255155,True
ELMO1,DSG,0.09679684885823625,1.0268000593437154,0.13964833382145597,1.1664483931651715,1.0871829267136515,0.1968776436478287,False
DEFB109F,DSG,0.008304908300782541,1.0874628412503395,0.011981450020576559,1.0994442912709161,1.0194078715828911,0.06921075984695106,False
LOXL1,NEUTRAL,-0.026880866207690583,0.13750352374993502,-0.03878089237263492,0.0987226313773001,0.01844841745373863,0.01844841745373863,False
CHGA,NEUTRAL,-0.014761836981158249,0.13750352374993502,-0.02129682900712831,0.1162066947428067,0.03593248081924537,0.03593248081924537,False
GLIPR2,DIG,-1.064190220424532,0.4724877714627438,-1.5353019535690051,-1.0628141821062613,-1.142313609412165,-1.4780726437426326,True
PSIP1,DIG,1.2406011798717327,0.4462562298895641,1.7898091699219458,2.23606539981151,2.1544350938499397,1.8470384797483195,True
SPINT1-AS1,NEUTRAL,-0.017096182921107934,0.13750352374993502,-0.02466457831841301,0.11283894543152201,0.03256473150796055,0.032564731507960236,False
GPBP1,NEUTRAL,0.052382137382794056,0.13750352374993502,0.07557144983332137,0.2130749735832564,0.13280075965969554,0.13280075965969612,False
ROR1,NEUTRAL,-0.019359516926341136,0.13750352374993502,-0.027929879063638308,0.10957364468629671,0.029299430762735112,0.029299430762735112,False
HMOX2,DCG,-0.8453280807423889,1.2249663650002742,-1.2195506300112298,0.005415734989044463,-0.08005257068457922,-1.162321320184857,True
SNORD69,NEUTRAL,0.00882998577324131,0.13750352374993502,0.012738976686175336,0.15024250043611034,0.06996828651254898,0.06996828651254898,False
PRR33,NEUTRAL,0.005238117835581901,0.13750352374993502,0.007557006624986039,0.14506053037492106,0.06478631645135945,0.06478631645135914,False
DPP6,DIG,1.4776366985812417,0.37851162325372983,2.1317791372786976,2.5102907605324276,2.4160880383330343,2.1890084471050697,True
SLC36A1,DIG,-0.7835869633755281,0.4329594072761063,-1.1304770261671162,-0.6975176188910099,-0.787230629591966,-1.0732477163407443,True
ALOX5,DIG,1.7045845922249019,0.4195388915137848,2.459195737978602,2.878734629492387,2.806188006038707,2.5164250478049754,True
SCEL,NEUTRAL,-0.021540065949740523,0.13750352374993502,-0.03107574632611187,0.10642777742382314,0.026153563500262832,0.026153563500263145,False
ZNF827,NEUTRAL,-0.00051931289986529,0.13750352374993502,-0.0007492101453053208,0.1367543136046297,0.05648009968106864,0.05648009968106864,False
MMP15,NEUTRAL,-0.05379451502576776,0.13750352374993502,-0.07760908005470198,0.05989444369523304,-0.020379770228328323,-0.020379770228328323,False
A4GALT,NEUTRAL,0.06041548133975012,0.13750352374993502,0.0871611153217772,0.22466463907171222,0.14439042514814934,0.14439042514814934,False
RPL35AP9,DSG,-0.01745768563768537,1.0789513413948222,-0.025186116494887167,1.053765224899935,0.9730347168084901,0.03204319333148637,False
CDK2AP1,DIG,1.565935396479848,0.45943161863729726,2.2591672308539694,2.7185988494912667,2.6298841488651084,2.316396540680341,True
ZNF431,DIG,1.0459611737351826,0.6205864104518776,1.5090029983101476,2.1295894087620253,2.039106988999828,1.5662323081365197,True
PSCA,DCG,-0.865670464858978,1.20945336562895,-1.2488984866960913,-0.039445121067141375,-0.11886043855792441,-1.1916691768697178,True
BAIAP2,DCG,-0.9233449022030304,1.439623137557117,-1.332105111438417,0.10751802611869987,0.023868553354667234,-1.2748758016120445,True
ANKRD27,DSG,-0.09048883349186063,1.4195388915137848,-0.13054779133453448,1.2889911001792502,1.2109950635703495,-0.07331848150816234,False
ITGA9-AS1,NEUTRAL,-0.003990911723159435,0.13750352374993502,-0.005757668551627744,0.13174585519830728,0.05147164127474667,0.05147164127474698,False
SOX9,DSG,-0.08364149139794919,1.2555007331483865,-0.12066916485237818,1.1348315682960084,1.0529851390290208,-0.06343985502600633,False
USP3-AS1,NEUTRAL,0.02024363313715302,0.13750352374993502,0.02920538913654615,0.16670891288648118,0.08643469896291883,0.08643469896291853,False
ATP13A5-AS1,DCG,-0.9550515066015383,1.3146965256562866,-1.3778480723675723,-0.06315154671128576,-0.1436451913223978,-1.3206187625411965,True
ACAD9,DSG,-0.02650198274903327,1.5046203924035526,-0.038234279085755156,1.4663861133177976,1.3846741571548502,0.018995030740617102,False
CA10,DSG,-0.04919577551982493,-0.7369655941662062,-0.0709745013751381,-0.8079400955413443,-0.8882143094649034,-0.013745191548764387,False
PPA2,NEUTRAL,0.024738592345599192,0.13750352374993502,0.03569024449556962,0.17319376824550464,0.09291955432194318,0.09291955432194378,False
PHF21A,DIG,0.7893579607346828,0.5484366246960424,1.138802815438152,1.6872394401341944,1.605004802859787,1.1960321252645254,True
PITPNB,NEUTRAL,-0.01672146043002746,0.13750352374993502,-0.024123968038821646,0.11337955571111337,0.033105341787552804,0.033105341787553116,False
THEM4,DCG,-0.9486111851873419,1.4059923596758368,-1.3685566526015802,0.037435707074256586,-0.041500600841803965,-1.3113273427752083,True
RELB,DIG,0.5622558037529203,0.5849625007211562,0.8111636597853763,1.3961261605065325,1.3169931601058034,0.8683929696117489,True
ZNF207,DIG,1.429560252280783,0.4724877714627438,2.062419486617461,2.534907258080205,2.455668686689963,2.119648796443834,True
ATAD2,DCG,0.7882520650495707,-0.7369655941662062,1.1372073452175002,0.400241751051294,0.3199675371277327,1.1944366550438734,True
LMAN2,DIG,-1.284755623706994,0.523561956057013,-1.8535105670762873,-1.3299486110192742,-1.4254226331483426,-1.7962812572499152,True
IGFL1,DIG,0.9969129520419802,0.5969351423872323,1.4382413721089418,2.035176514496174,1.956575674327474,1.4954706819353154,True
PXN,DIG,0.8141805753834116,0.4195388915137848,1.1746142784937708,1.5941531700075555,1.5142549944334434,1.2318435883201442,True
PEX14,NEUTRAL,-0.010126163989017932,0.13750352374993502,-0.014608966570184576,0.12289455717975044,0.042620343256189776,0.04262034325618916,False
RNU4-5P,NEUTRAL,-0.0003194183663671936,0.13750352374993502,-0.00046082329312680426,0.13704270045680822,0.056768486533247633,0.056768486533247633,False
WTAP,NEUTRAL,-0.0555569010853269,0.13750352374993502,-0.08015166568295978,0.057351858066975236,-0.022922355856585856,-0.022922355856585204,False
DCDC2C,DIG,-0.9876654336769537,0.5109619192773794,-1.4249000232231885,-0.9139381039458091,-0.9875203391836657,-1.3676707133968116,True
TNFRSF1B,NEUTRAL,-0.025729205472051146,0.13750352374993502,-0.03711939714054137,0.10038412660939365,0.02010991268583085,0.02010991268583085,False
CASS4,DCG,-0.7887690667712645,1.1375035237499351,-1.137953221037519,-0.0004496972875838168,-0.07675867854187124,-1.0807239112111462,True
TBL2,DSG,-0.0968274909946882,1.070389327891398,-0.13969254107975743,0.9306967868116407,0.8539334562659183,-0.08246323125338392,False
CHST13,DIG,0.7688226040782772,0.560714954474479,1.1091765582270694,1.6698915127015486,1.6022193227834394,1.1664058680534417,True
ZFP69B,NEUTRAL,-0.046968405350263226,0.13750352374993502,-0.06776108547728742,0.0697424382726476,-0.010531775650913636,-0.010531775650913474,False
FCRL2,DCG,-0.9825669627409015,1.4195388915137848,-1.4175444844876295,0.001994407026155276,-0.08095141913848049,-1.3603151746612554,True
CKAP4,DIG,-1.1924182568268824,0.4854268271702419,-1.7202959057896057,-1.2348690786193637,-1.3243669124851074,-1.6630665959632318,True
MIF-AS1,NEUTRAL,-0.046085284881424396,0.13750352374993502,-0.0664870119563861,0.07101651179354893,-0.009257702130013154,-0.009257702130013638,False
SLC39A9,NEUTRAL,0.04799739202621375,0.13750352374993502,0.06924559945182206,0.2067491232017571,0.12647490927819413,0.12647490927819444,False
ITIH5,DCG,-0.7688601269488753,1.185866545311334,-1.1092306922864013,0.0766358530249327,-0.003400317111151729,-1.0520013824600276,True
PTP4A2P2,NEUTRAL,0.04539810919323088,0.13750352374993502,0.06549562699880986,0.20299915074874486,0.12272493682518369,0.12272493682518369,False
MTND1P8,DCG,-1.0335744463125836,1.4528589647138113,-1.4911327280847206,-0.038273763370909375,-0.121766390480163,-1.4339034182583397,True
RPL22P24,DCG,-0.8045767712008375,1.2479275134435854,-1.1607589178259023,0.08716859561768309,0.007761286213152949,-1.103529607999527,True
CMIP,NEUTRAL,-0.014332722040035405,0.13750352374993502,-0.020677747009599026,0.116825776740336,0.03655156281677322,0.036551562816773533,False
BIN3,NEUTRAL,-0.021418072936290267,0.13750352374993502,-0.03089974761058409,0.10660377613935093,0.026329562215789106,0.026329562215789422,False
RPA3,DSG,0.010973487895722963,1.0531113364595626,0.015831396568414587,1.068942733027977,0.9931057077399467,0.07306070639478826,False
NT5C3AP2,DSG,-0.07997119887559852,-0.7369655941662062,-0.11537405203177103,-0.8523396461979773,-0.9326138601215338,-0.05814474220539628,False
PADI1,NEUTRAL,0.047065907414527076,0.13750352374993502,0.0679017512218773,0.20540527497181232,0.12513106104825117,0.12513106104825117,False
QPCTL,DIG,0.831259843821117,0.4462562298895641,1.1992544543708596,1.6455106842604237,1.5627193822923962,1.256483764197233,True
ZC3H12C,NEUTRAL,-0.04120464406830904,0.13750352374993502,-0.05944573565894429,0.07805778809099073,-0.002216425832569985,-0.0022164258325698244,False
KRT18P23,NEUTRAL,-0.0011957434478762096,0.13750352374993502,-0.0017250931424264784,0.13577843060750855,0.05550421668394635,0.05550421668394635,False
WDR4,DIG,1.3466453418141626,0.53605290024021,1.9427985564715156,2.4788514567117255,2.3976503549672943,2.0000278662978883,True
SECTM1,DCG,-0.8088415801181341,1.1375035237499351,-1.1669117365012254,-0.02940821275129024,-0.11120360896967364,-1.1096824266748524,True
ENTHD1,NEUTRAL,0.007362377675416391,0.13750352374993502,0.010621665761474842,0.14812518951140985,0.0678509755878487,0.067850975587849,False
ISY1,DIG,1.623115616904296,0.632268215499513,2.3416608512972585,2.9739290667967717,2.894788046645788,2.398890161123632,True
TG,DCG,-1.07548775011349,1.446256229889564,-1.5516008436255608,-0.1053446137359968,-0.1847201519521946,-1.4943715337991883,True
CFAP20,NEUTRAL,0.036547884515864555,0.13750352374993502,0.05272745174602033,0.19023097549595536,0.10995676157239255,0.10995676157239313,False
RPS27AP11,DIG,0.7185037345371965,0.4724877714627438,1.0365817746770136,1.5090695461397574,1.4223068052005452,1.0938110845033873,True
KLHL11,DIG,1.10854230312007,0.33628338786443257,1.5992884833269552,1.9355718711913878,1.85545033626192,1.656517793153327,True
KLHDC4,NEUTRAL,-0.01811073500023209,0.13750352374993502,-0.02612826757168902,0.11137525617824601,0.031101042254685705,0.03110104225468539,False
NELFCD,DCG,-0.968979892709298,1.485426827170242,-1.397942485932824,0.087484341237418,0.00955349432565836,-1.3407131761064506,True
TMEM109,DIG,-1.0194933742236123,0.53605290024021,-1.4708180352115616,-0.9347651349713516,-1.0154082068009846,-1.4135887253851895,True
ZSWIM3,DCG,-0.8857564296003008,1.185866545311334,-1.2778764084198682,-0.0920098631085342,-0.172215192437939,-1.2206470985934947,True
VPS37B,DIG,-1.2571101832457898,0.37851162325372983,-1.8136266272197172,-1.4351150039659875,-1.5205385884009381,-1.7563973173933434,True
WDR53,DCG,-0.8628270917269574,1.0789513413948222,-1.2447963663791282,-0.16584502498430598,-0.24737383962829984,-1.1875670565527559,True
ABITRAM,NEUTRAL,-0.01772562982506576,0.13750352374993502,-0.025572678245255876,0.11193084550467915,0.0316566315811183,0.0316566315811183,False
FGF14-AS2,DIG,1.1845259472491152,0.49825086752782544,1.7089097099006003,2.207160577428426,2.1406543672458005,1.766139019726973,True
S100A13,DCG,-0.6664250635919888,1.1043366598147357,-0.9614481343682745,0.14288852544646125,0.058998210338261414,-0.9042188245419018,True
KCNIP2,NEUTRAL,0.005757683326115471,0.13750352374993502,0.008306581181595862,0.14581010493153088,0.06553589100796892,0.06553589100796861,False
TMEM192,NEUTRAL,-0.0318789229376912,0.13750352374993502,-0.04599156403108852,0.0915119597188465,0.01123774579528457,0.011237745795285206,False
COL5A2,NEUTRAL,0.027808147331839235,0.13750352374993502,0.04011867625195412,0.17762220000188914,0.09734798607832801,0.09734798607832801,False
CYP11B1,DCG,0.8189118512395142,-0.7369655941662062,1.1814400667084477,0.4444744725422415,0.36420025861868044,1.238669376534821,True
PRR19,DIG,-1.4887812913252865,0.632268215499513,-2.147857385963258,-1.515589170463745,-1.601437620149355,-2.090628076136886,True
GTF2B,NEUTRAL,-0.010186978883970996,0.13750352374993502,-0.014696703917545545,0.12280681983238947,0.04253260590882903,0.04253260590882903,False
ZNF43,DIG,-0.7892461474248195,0.523561956057013,-1.1386415029305068,-0.6150795468734939,-0.6990272760804603,-1.0814121931041343,True
LINC00900,NEUTRAL,0.006359078704944745,0.13750352374993502,0.009174211312246395,0.1466777350621814,0.06640352113861951,0.06640352113861982,False
WRAP53,NEUTRAL,-0.013469775921930265,0.13750352374993502,-0.019432778924454358,0.11807074482548066,0.03779653090191961,0.0377965309019193,False
FAM13C,DIG,0.9129938801187706,0.4195388915137848,1.317171743209323,1.7367106347231078,1.6494911126548728,1.3744010530356965,True
RBM38,DCG,-1.0312119557101127,1.3362833878644325,-1.487724374608389,-0.15144098674395656,-0.23251249565545384,-1.4304950647820158,True
DOCK5,NEUTRAL,0.01916669216777051,0.13750352374993502,0.027651691740687847,0.16515521549062287,0.08488100156706122,0.08488100156706152,False
CLTB,DIG,-0.7092749993533816,0.4854268271702419,-1.0232675241936464,-0.5378406970234045,-0.6331456106857961,-0.9660382143672736,True
MLYCD,NEUTRAL,0.027432620949854453,0.13750352374993502,0.03957690620294171,0.17708042995287673,0.096806216029315,0.09680621602931559,False
REEP1,DIG,0.7711461819746992,0.5484366246960424,1.1125287725353568,1.6609653972313991,1.594361861595647,1.16975808236173,True
SLC9A4,NEUTRAL,-0.018446278361801422,0.13750352374993502,-0.026612354315428306,0.11089116943450672,0.030616955510945544,0.03061695551094617,False
CXCL9,DIG,1.2762819607633726,0.49825086752782544,1.8412856555693602,2.339536523097186,2.254314204815678,1.8985149653957318,True
ARFGAP3,NEUTRAL,0.026211521538135087,0.13750352374993502,0.037815232137221745,0.17531875588715676,0.09504454196359594,0.09504454196359564,False
SLC5A4-AS1,NEUTRAL,-0.04102022858079763,0.13750352374993502,-0.05917968034964846,0.07832384340028656,-0.001950370523274741,-0.0019503705232749014,False
CELSR3,NEUTRAL,-0.09194528691870105,0.13750352374993502,-0.1326490094707229,0.00485451427921213,-0.07541969964434964,-0.07541969964434929,False
ARAP3,DIG,1.6502835242107128,0.45943161863729726,2.380855856439557,2.8402874750768543,2.742219348437402,2.4380851662659286,True
TMEM100,DSG,0.01998441446903142,1.232660756790275,0.028831415649541278,1.2614921724398163,1.1802828167602193,0.08606072547591304,False
SVOP,DIG,1.1953002268957778,0.4329594072761063,1.7244537097159913,2.157413116992098,2.0647508873311695,1.7816830195423643,True
BCAS2P2,NEUTRAL,0.0316476423595591,0.13750352374993502,0.04565789668796341,0.18316142043789843,0.10288720651433683,0.10288720651433683,False
TGFBR1,NEUTRAL,0.025203604750478347,0.13750352374993502,0.03636111558604063,0.17386463933597565,0.09359042541241429,0.09359042541241429,False
GAS2,DIG,0.7296809154878806,0.4462562298895641,1.0527070382056842,1.4989632680952483,1.4209468305091864,1.1099363480320572,True
AGMAT,NEUTRAL,-0.008099359468615097,0.13750352374993502,-0.01168490573974807,0.12581861801018696,0.04554440408662641,0.045544404086626716,False
LIPT1,DIG,-1.172417853578377,0.3923174227787603,-1.6914414232072073,-1.299124000428447,-1.3725751267441362,-1.6342121133808347,True
PGPEP1,DIG,-1.2837451226161136,0.608809242675524,-1.8520527221636616,-1.2432434794881375,-1.330565452470557,-1.7948234123372904,True
ADAMTS15,NEUTRAL,0.024411115027435155,0.13750352374993502,0.03521779459265075,0.17272131834258578,0.09244710441902454,0.09244710441902454,False
