,class,beta1,cn_ratio_log2,truth_log2FC_aware,truth_log2FC_naive,empirical_log2FC_naive,empirical_log2FC_aware,DE_truth
MIA3,DCG,-0.9207088956712233,1.4059923596758368,-1.3283021578872278,0.07769020178860897,-0.06709712389157037,-1.3281522159075725,True
CTNNB1,NEUTRAL,0.0334402317466335,0.13750352374993502,0.04824405650704583,0.18574758025698085,0.04839399848670212,0.04839399848670181,False
DDX10,NEUTRAL,0.03004853186368473,0.13750352374993502,0.04335086790573196,0.18085439165566697,0.04350080988538834,0.043500809885388965,False
RNU6-322P,DIG,-0.5663237812400723,0.5849625007211562,-0.8170325107325386,-0.2320700100113824,-0.3882918632310593,-0.8168825687528796,True
RN7SL130P,NEUTRAL,0.03883587396670921,0.13750352374993502,0.05602832278036018,0.1935318465302952,0.05617826476001732,0.05617826476001732,False
CSNK1D,DCG,0.7430783591609511,-0.7369655941662062,1.0720354637534122,0.33506986958720597,0.19771628781692593,1.072185405733067,True
SIRPB3P,DSG,-0.0325432444804137,1.3504972470841334,-0.046949977426329975,1.3035472696578034,1.1593650861411804,-0.04680003544667301,False
HAT1,NEUTRAL,-0.06376458954428973,0.13750352374993502,-0.09199285711986704,0.045510666630067975,-0.09184291514021069,-0.09184291514021069,False
LRRC18,DIG,-0.9100825337499034,0.632268215499513,-1.3129715582406485,-0.6807033427411355,-0.8293082908222593,-1.3128216162609883,True
PCDH7,NEUTRAL,-0.07493133383984928,0.13750352374993502,-0.10810306373794593,0.029400460011989094,-0.10795312175828936,-0.10795312175828954,False
RDH10,DCG,-0.9378224595885045,1.3785116232537298,-1.3529918116826258,0.025519811571103945,-0.12186379771426706,-1.35284186970297,True
TLE6,NEUTRAL,0.006002344079041843,0.13750352374993502,0.0086595520365429,0.14616307578647791,0.00880949401619891,0.00880949401619859,False
KLK10,DIG,-1.3169896455644063,0.5849625007211562,-1.9000144305578828,-1.3150519298367267,-1.4439140423746144,-1.899864488578228,True
LINC00412,NEUTRAL,0.015005807582806797,0.13750352374993502,0.02164880418424937,0.15915232793418438,0.02179874616390644,0.021798746163906757,False
DAZAP1,NEUTRAL,-0.04461619706594162,0.13750352374993502,-0.0643675662503587,0.07313595749957633,-0.06421762427070175,-0.06421762427070209,False
RNA5SP527,NEUTRAL,0.03437594242688081,0.13750352374993502,0.049594001665145465,0.18709752541508048,0.04974394364480254,0.04974394364480254,False
CBX7,NEUTRAL,-0.07928374752194012,0.13750352374993502,-0.11438226937299566,0.023121254376939362,-0.11423232739333812,-0.11423232739333794,False
TET2-AS1,NEUTRAL,-0.05290838908902615,0.13750352374993502,-0.07633067056016177,0.06117285318977325,-0.07618072858050488,-0.07618072858050472,False
RERG-AS1,DIG,-1.067901459862797,0.7224660244710913,-1.5406561403021415,-0.8181901158310502,-0.9955764827320979,-1.5405061983224677,True
CYB5R4,DIG,-1.6149679580437473,0.53605290024021,-2.32990626426429,-1.7938533640240797,-1.9382963397263353,-2.3297563222846347,True
RASL12,NEUTRAL,0.02756260572758351,0.13750352374993502,0.039764434597162474,0.1772679583470975,0.03991437657681954,0.039914376576818913,False
GCA,NEUTRAL,0.015960658963129593,0.13750352374993502,0.02302636353542705,0.16052988728536208,0.023176305515083047,0.023176305515083363,False
SLC25A38P1,DCG,2.0794415416798357,-3.321928094887362,3.0,-0.3219280948873622,-0.45928167665764025,3.000149941979657,True
PRKRA,NEUTRAL,0.023077426240404764,0.13750352374993502,0.03329368839351279,0.1707972121434478,0.033443630373170746,0.033443630373170746,False
SMG7,DCG,-0.922145439753147,1.3785116232537298,-1.3303746529102376,0.04813697034349218,-0.09496082678076366,-1.3302247109305807,True
MDM2,DSG,-0.08674691376485762,1.232660756790275,-0.12514934230098265,1.1075114144892924,0.964565319981188,-0.124999400321326,False
TOMM34,DCG,0.8513997503305687,-0.7369655941662062,1.2283101976160131,0.4913446034498069,0.35399102167952734,1.2284601395956682,True
MAP4K2,DIG,0.9214882128115236,0.32192809488736235,1.3294264748608189,1.6513545697481813,1.5050703485285986,1.3295764168404742,True
TNPO3,DIG,1.54365074559124,0.5849625007211562,2.227017275529033,2.811979776250189,2.666897694183822,2.227167217508688,True
MIR181A1HG,DCG,0.8917367492620959,-0.7369655941662062,1.2865041859388708,0.5495385917726646,0.4121850100023858,1.2866541279185262,True
MALLP2,DIG,-0.7198199901074859,0.632268215499513,-1.0384807300608125,-0.4062125145612996,-0.5329611721720525,-1.038330788081153,True
WDPCP,DIG,1.315772197349294,0.53605290024021,1.898258024055401,2.434310924295611,2.313152705326707,1.8984079660350563,True
KISS1,DCG,-0.8495566622453007,1.2927817492278462,-1.2256511835754753,0.06713056565237085,-0.07043830084752863,-1.2255012415958166,True
RANBP3L,DCG,-0.9552887879706367,1.3219280948873624,-1.378190397022066,-0.05626230213470351,-0.1766035587937662,-1.3780404550424108,True
ANKRD33B,DCG,0.8391804053613457,-0.7369655941662062,1.2106814092260036,0.47371581505979743,0.3363622332895177,1.210831351205659,True
AOX3P-AOX2P,NEUTRAL,-0.029512075119140568,0.13750352374993502,-0.042576924420726664,0.09492659932920836,-0.04242698244106991,-0.04242698244106991,False
LYG2,DIG,1.7224781923727002,0.4854268271702419,2.4850107461754805,2.9704375733457224,2.8301356572882788,2.4851606881551342,True
MAL,DIG,-1.3603365721048237,0.4329594072761063,-1.9625508265155212,-1.5295914192394149,-1.6793349593188995,-1.962400884535866,True
ABCB9,DIG,1.0905352982570273,0.4329594072761063,1.57330986670978,2.0062692739858865,1.8640259514751274,1.5734598086894351,True
ZNF485,DIG,-1.2746320003569138,0.632268215499513,-1.8389052658732992,-1.2066370503737862,-1.3552419984549124,-1.8387553238936434,True
CIBAR1P1,NEUTRAL,0.018243736209383712,0.13750352374993502,0.0263201477565643,0.16382367150649932,0.02647008973622004,0.02647008973622004,False
NMUR2,DIG,-0.7136934853021372,0.32192809488736235,-1.0296420519601537,-0.7077139570727913,-0.8577093448678287,-1.0294921099804917,True
ZNF829,DSG,-0.018864897792015663,1.2630344058337937,-0.027216294491418155,1.2358181113423756,1.114631242246713,-0.02706635251176224,False
CCDC167,DSG,-0.052384144723271076,1.2630344058337937,-0.07557434581347294,1.1874600600203207,1.0606520243126931,-0.07542440383381738,False
SENP7,DIG,1.4071738559774571,0.7224660244710913,2.030122743687278,2.752588768158369,2.6103830791423963,2.0302726856669344,True
POLR3H,NEUTRAL,0.019603780126449203,0.13750352374993502,0.02828227637110588,0.1657858001210409,0.02843221835076231,0.028432218350761998,False
KRT39,DIG,1.2249944190464892,0.32192809488736235,1.767293373475027,2.089221468362389,1.942937247142805,1.7674433154546811,True
CHRDL2,DIG,1.37474581621065,0.4854268271702419,1.9833389715299552,2.468765798700197,2.342123589285579,1.9834889135096105,True
AADAT,NEUTRAL,-0.06471172076609745,0.13750352374993502,-0.09335927863664015,0.04414424511329487,-0.09320933665698476,-0.0932093366569846,False
THUMPD2,DIG,1.1494651698898943,0.632268215499513,1.6583277002747403,2.2905959157742535,2.1437732880684677,1.6584776422543948,True
ASNS,DSG,-0.10374132249559986,1.2630344058337937,-0.1496670914996646,1.1133673143341292,0.9759091030092297,-0.14951714952000805,False
OTUD6B,DCG,-0.9807921619711192,1.4594316186372973,-1.4149839882184987,0.04444763041879862,-0.09841095485922605,-1.4148340462388413,True
LRPPRC,DIG,0.5641481333750161,0.4329594072761063,0.8138937143469013,1.2468531216230077,1.1201801516914132,0.8140436563265557,True
F13A1,DIG,0.8762986782839669,0.53605290024021,1.2642317574978323,1.8002846577380422,1.6420546191385104,1.2643816994774864,True
SNORA16B,DCG,-1.1066550972597313,1.3785116232537298,-1.596565820791108,-0.2180541975373782,-0.35540777930765444,-1.5964158788114453,True
CCNYL2,DIG,1.7303160482388709,0.5849625007211562,2.4963183819648074,3.0812808826859635,2.9207368646029885,2.4964683239444643,True
HCK,DCG,-0.9372278885414175,1.3219280948873624,-1.3521340269815372,-0.03020593209417477,-0.14857526157740214,-1.3519840850018818,True
CPSF6,DSG,0.11557150253530422,1.3504972470841334,0.16673443357576967,1.517231680659903,1.3716548447463275,0.1668843755554269,False
TFF3,DIG,-1.1518369425513344,0.37851162325372983,-1.661749444931516,-1.2832378216777862,-1.41308723758132,-1.6615995029518602,True
SLC39A10,DIG,0.8340195918377717,0.32192809488736235,1.2032359291485908,1.5251640240359532,1.3584775593245701,1.2033858711282464,True
TIGD7,DCG,-0.9517912580836341,1.2927817492278462,-1.3731445279987264,-0.08036277877088027,-0.24304539048195758,-1.3729945860190713,True
EIF3J,NEUTRAL,0.006545585983969959,0.13750352374993502,0.009443284438785766,0.14694680818872077,0.009593226418443054,0.009593226418442418,False
RRAD,NEUTRAL,-0.02009820345987556,0.13750352374993502,-0.02899557846233988,0.10850794528759514,-0.028845636482682915,-0.02884563648268324,False
WDR24,DCG,-1.0075602549053104,1.3785116232537298,-1.4536021831487114,-0.07509055989498159,-0.22771911890765087,-1.453452241169056,True
COX7A2L,DIG,1.1939541671123894,0.6780719051126378,1.722511755941757,2.400583661054395,2.261259633883515,1.7226616979214122,True
SEC14L5,DCG,0.8129233725228996,-0.7369655941662062,1.1728005181615186,0.43583492399531243,0.2984813422250332,1.1729504601411742,True
JSRP1,NEUTRAL,0.04584550088009447,0.13750352374993502,0.0661410767667829,0.2036446005167179,0.06629101874644003,0.06629101874644003,False
PAAF1,DIG,-0.6105524417031848,0.53605290024021,-0.8808409798478326,-0.3447880796076226,-0.48014440456964974,-0.8806910378681765,True
TTYH3,DSG,0.04105222922217882,1.232660756790275,0.05922584751627437,1.2918866043065493,1.1627638197757932,0.05937578949593171,False
MIR940,DCG,-0.9662614338907255,1.3504972470841334,-1.3940205788764086,-0.04352333179227519,-0.17139708358041686,-1.393870636896743,True
HCG4B,DSG,-0.03045739863531046,-0.7369655941662062,-0.043940737969540684,-0.7809063321357469,-0.9182599139060249,-0.04379079598988374,False
NEIL2,NEUTRAL,-0.01816277141444115,0.13750352374993502,-0.026203340248414073,0.11130018350152095,-0.02605339826875816,-0.026053398268758323,False
ZNF362,NEUTRAL,-0.07796104556777698,0.13750352374993502,-0.11247401382315035,0.025029509926784668,-0.11232407184349423,-0.11232407184349406,False
GFRA2,NEUTRAL,-0.03187538460496761,0.13750352374993502,-0.045986459296015185,0.09151706445391983,-0.04583651731635864,-0.0458365173163588,False
SLC5A1,NEUTRAL,0.0321945597216131,0.13750352374993502,0.04644693165397479,0.1839504554039098,0.046596873633631915,0.046596873633631915,False
TLK2P2,DSG,0.02739183198027119,1.1699250014423124,0.03951806015880096,1.2094430616011134,1.0674127935886686,0.03966800213845803,False
ARFGAP1,DCG,-0.8587579630229264,1.232660756790275,-1.2389258545770838,-0.0062650977868088376,-0.13460044347470568,-1.2387759125974271,True
TRAF4,DSG,-0.0625715300061783,-0.7369655941662062,-0.0902716360407484,-0.8272372302069546,-0.964590811977233,-0.09012169406109168,False
NOX4,NEUTRAL,-0.01638035134474278,0.13750352374993502,-0.023631851653079274,0.11387167209685575,-0.023481909673423382,-0.023481909673422893,False
ERICH6-AS1,DSG,0.03050832708946177,-0.7369655941662062,0.04401421219778492,-0.6929513819684213,-0.8303049637386993,0.04416415417744149,False
SEPTIN8,DIG,0.806660288770711,0.53605290024021,1.163764798291564,1.6998176985317741,1.550124708875701,1.1639147402712204,True
DNAJB6P2,NEUTRAL,-0.011538718402003746,0.13750352374993502,-0.01664685181678503,0.12085667193314999,-0.016496909837127705,-0.016496909837127705,False
AOAH,DSG,0.04709891739982853,-0.7369655941662062,0.06794937456397153,-0.6690162196022347,-0.8063698013725126,0.0680993165436289,False
ASCC2,NEUTRAL,-0.019686528869443914,0.13750352374993502,-0.02840165757226415,0.10910186617767087,-0.02825171559260805,-0.02825171559260772,False
H3-3A,DCG,-0.7252204329950431,1.0356239097307214,-1.0462719222332955,-0.010648012502574078,-0.15638481980671412,-1.0461219802536392,True
GFI1B,NEUTRAL,0.024302796229420342,0.13750352374993502,0.03506152359991973,0.17256504734985476,0.03521146557957635,0.03521146557957666,False
ISY1,DSG,0.14398819569798738,1.3785116232537298,0.20773105588003596,1.5862426791337658,1.4565970239421284,0.20788099785969275,False
THBS1,NEUTRAL,0.023691292138725596,0.13750352374993502,0.0341793096807911,0.17168283343072613,0.03432925166044747,0.03432925166044716,False
GET4,DSG,-0.03461744905204314,1.1699250014423124,-0.04994242207560899,1.1199825793667033,0.9706394849896706,-0.0497924800959516,False
LINC01644,NEUTRAL,-0.0380827316305623,0.13750352374993502,-0.0549417680669175,0.08256175568301752,-0.054791826087260465,-0.05479182608726063,False
C21orf91,DIG,-1.217168046351178,0.4329594072761063,-1.7560023043993525,-1.3230428971232462,-1.4590724185647896,-1.7558523624196973,True
NDC1,DIG,-1.1419969528446836,0.4329594072761063,-1.6475533405793326,-1.2145939333032263,-1.364513815693329,-1.6474033985996768,True
RPL34P31,DIG,1.681971280116852,0.5849625007211562,2.426571624742244,3.0115341254634003,2.8759204658318906,2.426721566721898,True
PLXND1,DSG,0.00807156290709022,1.1043366598147357,0.011644803778282366,1.115981463593018,0.9676461414389295,0.011794745757938903,False
TMED7,NEUTRAL,-0.022174959529531493,0.13750352374993502,-0.03199170414516855,0.10551181960476647,-0.0318417621655114,-0.031841762165511066,False
KRT24,DIG,1.4433307465892782,0.37851162325372983,2.082286110466917,2.460797733720647,2.2995726853573752,2.082436052446574,True
CAPN7,DIG,0.8754263070293721,0.53605290024021,1.2629731918150142,1.7990260920552243,1.6369607500261933,1.2631231337946693,True
PLCB2,NEUTRAL,-0.011697563889412827,0.13750352374993502,-0.0168760174137377,0.12062750633619732,-0.016726075434081826,-0.016726075434081663,False
ANKS3,DCG,0.8437813348127307,-0.7369655941662062,1.2173191473289966,0.4803535531627904,0.34299997139251115,1.2174690893086522,True
ETV3L,DCG,2.0794415416798357,-3.321928094887362,3.0,-0.3219280948873622,-0.4592816766576396,3.0001499419796565,True
BTF3P5,DIG,1.2032000235521858,0.37851162325372983,1.7358507071762226,2.1143623304299526,1.9793099362842703,1.7360006491558793,True
LINC01411,DIG,1.405535593724762,0.32192809488736235,2.027759230859639,2.3496873257470012,2.1996919379519597,2.027909172839295,True
LMNTD2-AS1,NEUTRAL,0.06364665754684858,0.13750352374993502,0.09182271721199656,0.22932624096193158,0.0919726591916543,0.0919726591916543,False
DISC1FP1,NEUTRAL,-0.04321255560753058,0.13750352374993502,-0.062342539679122934,0.07516098407081209,-0.06219259769946544,-0.06219259769946578,False
RN7SL32P,NEUTRAL,-0.024989842875568435,0.13750352374993502,-0.03605272238917698,0.10145080136075804,-0.03590278040951983,-0.03590278040951966,False
ARPC3,DIG,1.2084392037827647,0.632268215499513,1.743409246513202,2.375677462012715,2.203650300980078,1.7435591884928578,True
LINC02253,DIG,-1.5528645914079555,0.4854268271702419,-2.240310045196324,-1.754883218026082,-1.9259802377041573,-2.2401601032166614,True
UBXN2B,DCG,-0.7673138292952334,1.1043366598147357,-1.1069998563297538,-0.002663196515018118,-0.15099851866910732,-1.1068499143500972,True
PSMC5,DCG,2.0794415416798357,-3.321928094887362,3.0,-0.3219280948873622,-0.45928167665764025,3.000149941979657,True
MED20,DSG,-0.13807296842656386,1.5109619192773793,-0.1991971868298221,1.3117647324475572,1.168179687306694,-0.19904724485016523,False
CNOT9,NEUTRAL,0.017990681100169128,0.13750352374993502,0.0259550664054288,0.16345859015536382,0.0261050083850858,0.026105008385085168,False
TLK2,DCG,-0.6715382783740549,1.1043366598147357,-0.9688249439773613,0.13551171583737442,-0.0056741798190901695,-0.9686750019977047,True
XAF1,NEUTRAL,0.048848842527607635,0.13750352374993502,0.07047398286774544,0.20797750661768044,0.07062392484740271,0.07062392484740271,False
EFCAB14,NEUTRAL,-0.007122312403071423,0.13750352374993502,-0.010275324783573098,0.12722819896636192,-0.010125382803915768,-0.010125382803916252,False
CISH,NEUTRAL,-0.0112386495049203,0.13750352374993502,-0.01621394390703772,0.1212895798428973,-0.016064001927380226,-0.016064001927380386,False
SMNDC1,NEUTRAL,-0.0028973882169811907,0.13750352374993502,-0.00418004761216888,0.13332347613776613,-0.00403010563251231,-0.004030105632511989,False
C1D,DIG,1.1093986705980834,0.5849625007211562,1.6005239604406636,2.18548646116182,2.039913637826601,1.6006739024203198,True
DHCR7,DSG,-0.025248227700867428,1.2016338611696507,-0.036425492895276794,1.165208368274374,1.0355140649789587,-0.03627555091562037,False
MORC3,DIG,-1.7185330761766135,0.4329594072761063,-2.4793191466036557,-2.046359739327549,-2.182389260769093,-2.4791692046240006,True
GDF3,DSG,0.01810752261658024,-0.7369655941662062,0.026123633081725058,-0.7108419610844812,-0.8481955428547582,0.026273575061381588,False
HOXD3,NEUTRAL,0.03282540989629265,0.13750352374993502,0.04735705607252891,0.18486057982246393,0.047506998052184404,0.04750699805218472,False
PELI1,DIG,-1.2656605369087361,0.632268215499513,-1.8259621800470967,-1.1936939645475837,-1.3204426221583392,-1.8258122380674413,True
LINC01511,DCG,-0.7767080945942614,1.2016338611696507,-1.1205529162894567,0.0810809448801939,-0.03832761973866607,-1.120402974309802,True
TSPAN31,DIG,0.9668338363968151,0.37851162325372983,1.3948463811333365,1.7733580043870663,1.639980803158521,1.394996323112991,True
EMC7,NEUTRAL,-0.013627059187675638,0.13750352374993502,-0.01965969071196003,0.117843833037975,-0.01950974873230221,-0.019509748732302695,False
RAB43,DSG,0.030560933281962264,1.1699250014423124,0.04409010689082543,1.2140151083331379,1.080597017145457,0.04424004887048012,False
SEMA4F,DIG,1.6566008082904407,0.53605290024021,2.3899697708532672,2.9260226710934774,2.796893431961279,2.390119712832921,True
ZNF2,DIG,1.3658778014199993,0.632268215499513,1.9705451305689534,2.6028133460684666,2.479834100327988,1.9706950725486103,True
NF2,NEUTRAL,0.03957881343997239,0.13750352374993502,0.057100157874117624,0.19460368162405264,0.05725009985377371,0.0572500998537734,False
SVOPL,DSG,0.13115353998976192,1.1043366598147357,0.18921456173826187,1.2935512215529976,1.132367179389794,0.18936450371791852,False
HACD4,DIG,-1.3027161591641223,0.37851162325372983,-1.879422142511997,-1.5009105192582672,-1.674494770002679,-1.8792722005323401,True
PRR34,NEUTRAL,-0.05600532187507939,0.13750352374993502,-0.08079860013256722,0.0567049236173678,-0.08064865815291204,-0.08064865815291171,False
NPC2,NEUTRAL,0.0033219954823712774,0.13750352374993502,0.004792626408272582,0.1422961501582076,0.004942568387930189,0.004942568387930189,False
TMEM132B,DIG,-0.5968339436128217,0.4329594072761063,-0.8610493706844211,-0.4280899634083148,-0.5822931114424711,-0.8608994287047661,True
NIP7,NEUTRAL,0.07706409981515497,0.13750352374993502,0.11117999463389616,0.24868351838383118,0.11132993661355328,0.11132993661355359,False
LINC01942,DIG,1.6891319989344038,0.32192809488736235,2.4369023582695264,2.7588304531568886,2.608835065361844,2.4370523002491784,True
MSANTD3,NEUTRAL,-0.04592297461929055,0.13750352374993502,-0.06625284774612021,0.07125067600381481,-0.066102905766464,-0.06610290576646351,False
LINGO1-AS1,NEUTRAL,0.004502828636406697,0.13750352374993502,0.006496208543716755,0.14399973229365176,0.00664615052337419,0.00664615052337419,False
ACSS3,DIG,-1.2416962390586892,0.4854268271702419,-1.7913890063804476,-1.3059621792102059,-1.4356349478403105,-1.7912390644007914,True
SDHCP3,DIG,1.6625913236100025,0.6780719051126378,2.3986122575971685,3.0766841627098063,2.9373601355389254,2.3987621995768227,True
SLC26A11,DCG,-0.7595193669626557,1.070389327891398,-1.0957548241761481,-0.025365496284750044,-0.16271907805502836,-1.095604882196491,True
EBF2,NEUTRAL,-0.03853598229591996,0.13750352374993502,-0.05559567055410861,0.08190785319582641,-0.05544572857445257,-0.055445728574452735,False
TRHDE,DSG,0.07824922278983991,1.485426827170242,0.1128897656723177,1.5983165928425598,1.4672575401673165,0.11303970765197294,False
ADD3,NEUTRAL,-0.015146447951369657,0.13750352374993502,-0.021851705346523805,0.11565181840341121,-0.021701763366867636,-0.02170176336686731,False
RAB8A,DIG,-0.9820969417332447,0.632268215499513,-1.4168663875107694,-0.7845981720112565,-0.9027825486247925,-1.4167164455311143,True
REPS1,DIG,0.5674050916684338,0.53605290024021,0.8185925119251971,1.3546454121654072,1.214117977897904,0.8187424539048522,True
POLR2F,NEUTRAL,0.019003354186915063,0.13750352374993502,0.02741604484571888,0.1649195685956539,0.027565986825376955,0.027565986825376955,False
CNOT10-AS1,NEUTRAL,-0.0014369802940898716,0.13750352374993502,-0.002073124344138622,0.1354303994057964,-0.0019231823644812057,-0.0019231823644815264,False
SNORD19B,NEUTRAL,-0.07346314954029046,0.13750352374993502,-0.10598492152986137,0.03151860222007365,-0.10583497955020439,-0.1058349795502049,False
CALHM2,NEUTRAL,-0.09035808690517261,0.13750352374993502,-0.1303591638823065,0.007144359867628514,-0.13020922190265052,-0.13020922190265052,False
AGPAT2,NEUTRAL,0.018591602549756513,0.13750352374993502,0.026822012800712332,0.16432553655064736,0.026971954780369314,0.02697195478036963,False
PTTG1,DIG,-1.3212434794888421,0.37851162325372983,-1.9061514156654313,-1.5276397924117016,-1.6610169936402466,-1.9060014736857758,True
NUP214,NEUTRAL,0.010493900180949804,0.13750352374993502,0.01513949775064008,0.1526430215005751,0.01528943973029826,0.015289439730297944,False
ING3,DIG,-0.6137587104187436,0.6780719051126378,-0.8854666478235269,-0.2073947427108891,-0.3727882805765113,-0.8853167058438708,True
COX11,DSG,0.03749560879512784,-0.7369655941662062,0.05409472886384353,-0.6828708653023627,-0.8202244470726417,0.054244670843499355,False
PTPRK,DIG,1.583205704380336,0.4329594072761063,2.284083018416629,2.7170424256927355,2.5694747896819505,2.284232960396286,True
OSBP2,NEUTRAL,-0.025717011376305925,0.13750352374993502,-0.037101804779081614,0.1004017189708534,-0.03695186279942513,-0.03695186279942546,False
FAM168B,NEUTRAL,0.04223211438521857,0.13750352374993502,0.06092806198981028,0.1984315857397453,0.061078003969466214,0.061078003969466214,False
SLC9C2,DCG,-0.8328769764392222,1.4594316186372973,-1.20158748357946,0.2578441350578373,0.10939252927643715,-1.2014375415997978,True
SNX8,DSG,-0.04400574287623465,1.3785116232537298,-0.06348686701817856,1.3150247562355513,1.1857966939181026,-0.06333692503852381,False
MRPS7,DCG,-1.0040841056994705,1.2927817492278462,-1.448587159928056,-0.1558054107002098,-0.3185331942508898,-1.4484372179484004,True
CGAS,DIG,1.1431087640556334,0.632268215499513,1.6491573450997745,2.2814255605992875,2.132820612518159,1.6493072870794285,True
EPS15-AS1,NEUTRAL,0.046354477899760604,0.13750352374993502,0.06687537538898168,0.20437889913891671,0.06702531736863811,0.06702531736863841,False
WDR55,DIG,0.6916710976846568,0.4329594072761063,0.9978704625558802,1.4308298698319866,1.2827160150158727,0.9980204045355352,True
HSF5,DCG,-1.030607682762877,1.4329594072761063,-1.4868525930240686,-0.05389318574796231,-0.19941201837549866,-1.4867026510444072,True
WFDC12,DCG,0.6982515347875742,-0.7369655941662062,1.0073640265311408,0.27039843236493455,0.13304485059465662,1.0075139685107963,True
REN,DCG,-0.7466524783114371,1.070389327891398,-1.0771918277273647,-0.006802499835966591,-0.1460012378750024,-1.077041885747705,True
LACTB2-AS1,DCG,-0.8519692711390472,1.2016338611696507,-1.229131842462088,-0.027497981292437412,-0.16469957924663212,-1.2289819004824327,True
CSNK1G1,NEUTRAL,0.04526737711070608,0.13750352374993502,0.06530702047166624,0.20281054422160127,0.06545696245132263,0.06545696245132324,False
TMEM39B,NEUTRAL,0.040608331996763905,0.13750352374993502,0.0585854391905039,0.19608896294043893,0.058735381170159195,0.05873538117015981,False
SLC30A4,NEUTRAL,-0.011145938843843526,0.13750352374993502,-0.01608019069606472,0.12142333305387029,-0.01593024871640915,-0.01593024871640899,False
IGSF22,DIG,-1.1217349129991219,0.4329594072761063,-1.618321396175846,-1.1853619888997398,-1.3216781640819326,-1.6181714541961894,True
SPATA32,NEUTRAL,0.0534133433536863,0.13750352374993502,0.0770591655736627,0.21456268932359773,0.07720910755331871,0.07720910755331871,False
TUT4,NEUTRAL,-0.010939518394167283,0.13750352374993502,-0.015782388936978736,0.12172113481295628,-0.015632446957322268,-0.015632446957321945,False
SDF2,DSG,0.019949011238446668,1.1043366598147357,0.028780339584345206,1.1331169993990808,0.9844385442450083,0.028930281564001986,False
LINC02814,DCG,-0.9515787785559514,1.3504972470841334,-1.3728379848378482,-0.022340737753714812,-0.15021448954185782,-1.3726880428581865,True
SUGCT,DSG,-0.06642776150417355,1.3785116232537298,-0.09583500209942597,1.282676621154304,1.1552838164581514,-0.09568506011977108,False
URB1,DIG,1.5695374572442151,0.4329594072761063,2.264363906055703,2.6973233133318093,2.561293791890265,2.264513848035358,True
NEO1,NEUTRAL,0.08615631992610974,0.13750352374993502,0.1242972954986415,0.2618008192485765,0.12444723747829736,0.12444723747829765,False
NARF-IT1,DCG,-1.053229870296068,1.485426827170242,-1.5194895107922637,-0.034062683622021694,-0.16770527716658473,-1.519339568812607,True
CEP89,DSG,0.08363275135454128,1.1699250014423124,0.12065655563509643,1.2905815570774088,1.1598168228085772,0.12080649761475208,False
TERF1,DCG,-0.9036590148789837,1.2016338611696507,-1.3037043794205159,-0.10207051825086522,-0.2408538335311004,-1.3035544374408607,True
SNORA70F,NEUTRAL,-0.01807299030592745,0.13750352374993502,-0.026073813488395842,0.11142971026153918,-0.025923871508738736,-0.025923871508738736,False
MICAL3,NEUTRAL,-0.019442719554309724,0.13750352374993502,-0.028049915082397514,0.1094536086675375,-0.027899973102740214,-0.027899973102740214,False
P3H2-AS1,DCG,-1.0665412684665683,1.5109619192773793,-1.5386937989201426,-0.027731879642763246,-0.17868367427070486,-1.538543856940479,True
FRAT2,NEUTRAL,-0.016683157222040224,0.13750352374993502,-0.024068708190608325,0.11343481555932669,-0.02391876621095167,-0.023918766210951507,False
RAI14,DCG,-0.8513937092640507,1.232660756790275,-1.228301482199306,0.0043592745909690755,-0.1415856711319987,-1.2281515402196488,True
DCAF4L1,NEUTRAL,0.06134474570061847,0.13750352374993502,0.08850176040687684,0.22600528415681187,0.08865170238653251,0.08865170238653251,False
ETV2,DSG,-0.14030205025397394,1.4059923596758368,-0.20241307212796233,1.2035792875478744,1.0615427504377692,-0.20226313014830563,False
FKTN,NEUTRAL,0.02923529770077086,0.13750352374993502,0.04217761901181463,0.17968114276174965,0.04232756099147092,0.042327560991471225,False
BTBD6P1,NEUTRAL,0.0027592248657167576,0.13750352374993502,0.003980720030467082,0.1414842437804021,0.004130662010123625,0.004130662010123306,False
ZNF578,DSG,-0.1029180540673693,1.4329594072761063,-0.1484793662209359,1.2844800410551704,1.1598507615083922,-0.14832942424128065,False
AKAP5,NEUTRAL,0.033932030964315484,0.13750352374993502,0.048953572799508696,0.1864570965494437,0.04910351477916542,0.04910351477916573,False
RPL35P1,DCG,-0.9552143428965453,1.4329594072761063,-1.3780829954828557,0.054876411793250535,-0.07793107742666927,-1.3779330535031988,True
CHURC1-FNTB,NEUTRAL,0.032473177623457666,0.13750352374993502,0.04684889231926883,0.18435241606920386,0.04699883429892441,0.04699883429892441,False
IVNS1ABP,DCG,0.9331064879239566,-0.7369655941662062,1.3461881027492095,0.6092225085830033,0.4718689268127234,1.346338044728865,True
LONRF2,NEUTRAL,0.016886760188672755,0.13750352374993502,0.02436244518087936,0.16186596893081437,0.024512387160535595,0.02451238716053591,False
TRIL,DSG,-0.06770449974925184,1.1043366598147357,-0.09767694603411371,1.006659713780622,0.8737130848462011,-0.09752700405445919,False
SMIM15-AS1,NEUTRAL,0.03704574301760346,0.13750352374993502,0.05344570973754346,0.19094923348747847,0.05359565171720117,0.05359565171720086,False
KLRF1,DSG,-0.03885600929102004,-0.7369655941662062,-0.0560573719128901,-0.7930229660790963,-0.9303765478493755,-0.055907429933234574,False
CCP110,DCG,-1.2394883266083738,1.485426827170242,-1.788203662037661,-0.3027768348674189,-0.4414279690346614,-1.7880537200580047,True
RIPPLY2,DIG,0.9435136707871707,0.4854268271702419,1.3612024938555933,1.8466293210258353,1.7076592079088346,1.3613524358352496,True
ZNF576,DIG,-1.526820237187903,0.632268215499513,-2.2027359845198986,-1.5704677690203857,-1.7213749137348766,-2.2025860425402417,True
CUX2,DIG,-1.0839609374651347,0.37851162325372983,-1.5638250689983018,-1.185313445744572,-1.3531831448430987,-1.5636751270186446,True
VPS11,NEUTRAL,-0.044879774120617576,0.13750352374993502,-0.06474782756003182,0.0727556961899032,-0.06459788558037612,-0.06459788558037612,False
SYS1-DBNDD2,DCG,-0.8157526402305366,1.4059923596758368,-1.176882288652674,0.22911007102316283,0.09962542416027516,-1.1767323466730177,True
AREL1,NEUTRAL,-0.010455033787182412,0.13750352374993502,-0.015083425397094626,0.1224200983528404,-0.014933483417438902,-0.01493348341743874,False
ZNF436,NEUTRAL,0.0580547461669501,0.13750352374993502,0.08375529439512647,0.2212588181450615,0.08390523637478407,0.08390523637478407,False
NDUFB2-AS1,DSG,-0.03236539858050756,1.4329594072761063,-0.046693400028492954,1.3862660072476134,1.2493793475795525,-0.04654345804883676,False
MAP3K7,DIG,-1.6866746038930691,0.4854268271702419,-2.4333570866298877,-1.9479302594596457,-2.086900372576647,-2.4332071446502317,True
BAHCC1,DCG,0.8374065831819639,-0.7369655941662062,1.2081223247643906,0.4711567305981844,0.33380314882790624,1.2082722667440478,True
TOM1L1,DSG,-0.0004254466816579563,-0.7369655941662062,-0.0006137898177905991,-0.7375793839839968,-0.874932965754277,-0.0004638478381358055,False
CYP2J2,DIG,-0.8717567824253591,0.4854268271702419,-1.2576791868663848,-0.7722523596961429,-0.9011300542686969,-1.2575292448867292,True
PRX,DSG,-0.05766298324136842,1.1043366598147357,-0.08319009996518563,1.0211465598495502,0.8918503384045751,-0.08304015798552904,False
SEMA6A-AS1,NEUTRAL,0.004617620270802982,0.13750352374993502,0.0066618178653958145,0.14416534161533084,0.0068117598450528625,0.006811759845053181,False
QRICH1,NEUTRAL,-0.03385528388711186,0.13750352374993502,-0.04884285017182432,0.0886606735781107,-0.048692908192167456,-0.04869290819216778,False
SRF,DSG,-0.008651504402444903,-3.321928094887362,-0.012481482497636297,-3.3344095773849984,-3.471763159155278,-0.012331540517980449,False
PURG,NEUTRAL,-0.05118650342820806,0.13750352374993502,-0.0738465146563217,0.06365700909361333,-0.07369657267666489,-0.07369657267666456,False
FSD2,NEUTRAL,-0.024116387943966575,0.13750352374993502,-0.03479259329091496,0.10271093045902005,-0.034642651311257766,-0.034642651311257606,False
MIP,DIG,-1.1257583942187954,0.53605290024021,-1.6241260525785788,-1.0880731523383687,-1.2397191229123596,-1.6239761105989228,True
ARID3B,NEUTRAL,0.009472743335533348,0.13750352374993502,0.01366627983378794,0.15116980358372295,0.013816221813445832,0.013816221813445832,False
NFIX,DIG,-1.0029983672792515,0.4329594072761063,-1.4470207704935034,-1.0140613632173971,-1.152886487830439,-1.4468708285138483,True
RPL27,NEUTRAL,0.03934771561971157,0.13750352374993502,0.05676675419486709,0.19427027794480212,0.05691669617452442,0.05691669617452473,False
TYRO3,NEUTRAL,0.02359290563892174,0.13750352374993502,0.034037367965433656,0.17154089171536868,0.034187309945089485,0.034187309945089485,False
HMMR-AS1,DIG,0.9273505935659949,0.37851162325372983,1.3378841025030976,1.7163957257568274,1.5830185245282842,1.3380340444827545,True
MIR6513,NEUTRAL,-0.010325966038422948,0.13750352374993502,-0.014897219996020642,0.12260630375391438,-0.014747278016363519,-0.014747278016363356,False
ZMYND19,NEUTRAL,-0.014300577742560851,0.13750352374993502,-0.02063137259103963,0.11687215115889539,-0.02048143061138167,-0.020481430611381506,False
IQCB2P,DSG,-0.024720769651045298,-0.7369655941662062,-0.03566453178252144,-0.7726301259487277,-0.9099837077190044,-0.0355145898028643,False
GSTZ1,NEUTRAL,-0.06625093525619395,0.13750352374993502,-0.09557989574836681,0.04192362800156821,-0.09542995376871087,-0.0954299537687107,False
RN7SKP161,DSG,0.03051729326156802,1.3504972470841334,0.04402714764981837,1.3945243947339518,1.2526624427565762,0.04417708962947494,False
ANGEL2,DCG,-0.8991840807528777,1.2630344058337937,-1.297248414148478,-0.03421400831468424,-0.1572018825072281,-1.2970984721688221,True
RGS4,DCG,-1.002678214866018,1.5109619192773793,-1.4465588881946028,0.06440303108277656,-0.06345463539214104,-1.4464089462149463,True
CNOT2,DSG,0.11569609768636473,1.2630344058337937,0.16691418638232347,1.429948592216117,1.29244934426295,0.1670641283619804,False
LINC01122,DIG,1.0737328757645488,0.632268215499513,1.5490690951049602,2.181337310604473,2.034514682898688,1.5492190370846148,True
GALNT14,DIG,1.5299466538109734,0.632268215499513,2.207246450277755,2.8395146657772683,2.6890133960380918,2.2073963922574116,True
METTL3,DIG,0.9109415938490343,0.37851162325372983,1.3142109199854901,1.69272254323922,1.5549989503589057,1.3143608619651468,True
APP,DIG,1.4136753973273677,0.4854268271702419,2.0395024851509285,2.5249293123211705,2.388655323320037,2.039652427130586,True
POU3F3,NEUTRAL,-0.016404976311851217,0.13750352374993502,-0.023667377971008666,0.11383614577892635,-0.023517435991350987,-0.023517435991350824,False
PLEKHG7,DIG,0.8075439173228391,0.4854268271702419,1.165039604821707,1.650466431991949,1.4831383972946635,1.1651895468013636,True
LRFN1,DSG,0.029596491790459166,1.4059923596758368,0.04269871193380636,1.448691071609643,1.3156624721915005,0.04284865391346222,False
ATP13A1,DIG,-0.7384519544970392,0.5849625007211562,-1.065360972687641,-0.4803984719664848,-0.6395072954197831,-1.0652110307079854,True
LDHAP7,DIG,1.5408227515706105,0.5849625007211562,2.222937342579807,2.807899843300963,2.644957039768088,2.2230872845594623,True
RORA-AS1,NEUTRAL,0.04273223020453825,0.13750352374993502,0.06164957660221291,0.19915310035214792,0.061799518581871334,0.06179951858187103,False
RAP1B,DSG,0.08436738477412238,1.2927817492278462,0.1217164076263974,1.4144981568542436,1.2750484350197573,0.12186634960605311,False
TNRC6A,DCG,0.8849036789526076,-0.7369655941662062,1.2766461492893264,0.5396805551231202,0.40232697335284084,1.2767960912689826,True
GOPC,DIG,0.8298049888300574,0.53605290024021,1.1971555422900455,1.7332084425302554,1.5637866200327024,1.1973054842697006,True
L3MBTL2,NEUTRAL,0.028869399348853596,0.13750352374993502,0.041649739274034155,0.17915326302396917,0.04179968125368972,0.04179968125369003,False
CXCL11,DIG,1.6898066252635005,0.53605290024021,2.437875638328967,2.973928538569177,2.8467220561600386,2.438025580308622,True
MRPL3P1,NEUTRAL,0.015546879268056113,0.13750352374993502,0.022429405621323992,0.15993292937125902,0.022579347600980598,0.02257934760098123,False
FKBP4,DSG,-0.010596266910707927,1.2927817492278462,-0.015287181724014144,1.277494567503832,1.1530186319621414,-0.015137239744358835,False
BMS1P3,NEUTRAL,0.003215015134280573,0.13750352374993502,0.0046382863906095475,0.14214181014054456,0.0047882283702661696,0.00478822837026585,False
BASP1-AS1,DCG,-0.8583062972141705,1.4059923596758368,-1.2382742385546526,0.16771812112118423,0.023607711304034103,-1.238124296574991,True
HIPK3,DSG,0.006419132700138442,1.2016338611696507,0.009260850913297912,1.2108947120829485,1.0583489554975232,0.009410792892953922,False
SHF,NEUTRAL,0.01326017602486154,0.13750352374993502,0.01913039019238247,0.1566339139423175,0.019280332172038603,0.019280332172038287,False
RNF123,NEUTRAL,0.0001952145402194929,0.13750352374993502,0.0002816350490840815,0.1377851587990191,0.0004315770287412951,0.0004315770287412951,False
RPL13AP20,DIG,-1.2857815123543217,0.632268215499513,-1.8549906115402914,-1.2227223960407785,-1.3738473949739831,-1.854840669560635,True
JAZF1,DSG,-0.06159456375465364,-3.321928094887362,-0.0888621716745579,-3.41079026656192,-3.548143848332198,-0.08871222969490028,False
CD8B,DIG,1.5005034568243847,0.7224660244710913,2.1647688959972866,2.887234920468378,2.7427325038264114,2.1649188379769417,True
DDX55,DIG,0.8863828545369947,0.4854268271702419,1.2787801485695258,1.7642069757397678,1.6079886401533106,1.2789300905491818,True
CPNE8,DIG,1.6985477855627737,0.53605290024021,2.4504864669443442,2.9865393671845544,2.8428259717829936,2.450636408923999,True
LILRA2,DSG,0.023039120963654847,1.1375035237499351,0.0332384255607058,1.170741949310641,1.0346889445234155,0.03338836754036098,False
ELOVL2,DSG,0.11708237074686056,1.1043366598147357,0.16891415565201878,1.2732508154667546,1.1318842900991009,0.16906409763167463,False
HERPUD1,NEUTRAL,-0.03227384310535523,0.13750352374993502,-0.04656131339852445,0.09094221035141056,-0.046411371418866774,-0.04641137141886645,False
MARCHF6,DCG,-1.0449732093741586,1.3785116232537298,-1.507577667025923,-0.12906604377219333,-0.2664196255424737,-1.5074277250462684,True
RPL27A,NEUTRAL,0.05306343053451393,0.13750352374993502,0.07655434808469924,0.21405787183463426,0.07670429006435679,0.0767042900643571,False
LINC02774,DCG,-0.9596809651512707,1.4594316186372973,-1.3845269692592723,0.07490464937802499,-0.07033466823618867,-1.3843770272796074,True
HMGB3P24,DIG,-1.5328923928431022,0.4329594072761063,-2.2114962533711604,-1.7785368460950541,-1.926185607242916,-2.211346311391503,True
MRPL30P1,DIG,-1.5591669086026116,0.4854268271702419,-2.2494023669591634,-1.7639755397889214,-1.9027768938091396,-2.249252424979491,True
RTF2,DCG,-0.9967514817419928,1.232660756790275,-1.4380084197078993,-0.2053476629176243,-0.35007244202355353,-1.4378584777282442,True
TPD52,DCG,-0.7771997497030035,1.1043366598147357,-1.1212622246766668,-0.016925564861931086,-0.16526088701602057,-1.1211122826970104,True
C16orf46,NEUTRAL,-0.02458196008686699,0.13750352374993502,-0.03546427191265344,0.10203925183728157,-0.03531432993299581,-0.03531432993299598,False
POU2F1,DCG,-0.8941662097331751,1.3504972470841334,-1.2900091565125325,0.06048809057160098,-0.06537626447009394,-1.2898592145328767,True
GTF2H5,DIG,-1.4219922308634916,0.4854268271702419,-2.0515011396493934,-1.5660743124791514,-1.730824555811335,-2.051351197669738,True
UTS2B,DCG,-1.1071109634437675,1.3785116232537298,-1.5972234966741259,-0.2187118734203961,-0.36600407848765676,-1.5970735546944699,True
CLCN7,DCG,-0.9698598595199088,1.3504972470841334,-1.3992120096866392,-0.048714762602505735,-0.17838345402726968,-1.3990620677069838,True
SRPK1,DIG,-0.8130219789503431,0.53605290024021,-1.1729427771653913,-0.6368898769251813,-0.7926465702144662,-1.1727928351857366,True
NAAA,DIG,-1.0369609027767437,0.37851162325372983,-1.4960183520317507,-1.117506728778021,-1.2261046279783752,-1.4958684100520934,True
ITGA9-AS1,NEUTRAL,0.03527967949703214,0.13750352374993502,0.05089781865452031,0.18840134240445533,0.05104776063417679,0.051047760634177104,False
RGS6,NEUTRAL,0.01974994073783463,0.13750352374993502,0.02849314156032494,0.16599666531025997,0.02864308353998266,0.028643083539982343,False
TSPAN18,DIG,1.3203110680257961,0.4329594072761063,1.9048062302716269,2.3377656375477334,2.1684741304295434,1.904956172251284,True
ZNF311,DSG,0.024686837100238432,1.3219280948873624,0.035615577459747666,1.3575436723471102,1.2048910867137645,0.035765519439404314,False
CMTM5,DIG,-1.5252597915755535,0.5849625007211562,-2.200484737373385,-1.6155222366522288,-1.7528060598546218,-2.200334795393728,True
ZNF23,NEUTRAL,0.011485077628432074,0.13750352374993502,0.01656946453876373,0.15407298828869875,0.016719406518420587,0.016719406518420587,False
FASTKD3,DCG,0.8965491186513577,-0.7369655941662062,1.2934469673916846,0.5564813732254784,0.4191277914551994,1.2935969093713406,True
SAA2,DIG,1.3075048035462806,0.37851162325372983,1.8863306960147175,2.2648423192684475,2.1151509105498705,1.886480637994373,True
CLIP2,DSG,-0.08978830163684473,1.4594316186372973,-0.1295371375013183,1.329894481135979,1.181356387491556,-0.12938719552166109,False
ST3GAL3-AS1,DIG,-1.1604384502993554,0.37851162325372983,-1.674158797503754,-1.2956471742500242,-1.4594154223192235,-1.6740088555240875,True
LRP2BP,NEUTRAL,-0.019697616093008935,0.13750352374993502,-0.02841765305471863,0.10908587069521639,-0.028267711075061,-0.028267711075061,False
SLC44A1,NEUTRAL,-0.0012181578902350767,0.13750352374993502,-0.0017574303472619075,0.1357460934026731,-0.0016074883676058078,-0.0016074883676061285,False
CNOT8,DIG,1.184761503671087,0.32192809488736235,1.7092495459824288,2.031177640869791,1.8811822530747497,1.7093994879620846,True
ERVFRD-3,DIG,1.5773805422702505,0.32192809488736235,2.2756790859280343,2.5976071808153964,2.453769448380194,2.27582902790769,True
PEG13,DCG,0.8206261253044139,-0.7369655941662062,1.183913241400603,0.44694764723439684,0.3095940654641187,1.1840631833802602,True
PKD1L2,NEUTRAL,-0.008478683740282357,0.13750352374993502,-0.012232154985371245,0.12527136876456377,-0.012082213005714663,-0.01208221300571434,False
RPL5P17,NEUTRAL,0.05972421466819158,0.13750352374993502,0.08616382832278789,0.22366735207272292,0.08631377030244523,0.08631377030244464,False
PTGES3P3,NEUTRAL,-0.023931753605577578,0.13750352374993502,-0.034526222246543344,0.10297730150339168,-0.034376280266885904,-0.03437628026688558,False
DNAJB7,NEUTRAL,-0.05123978731586483,0.13750352374993502,-0.0739233870568034,0.06358013669313162,-0.07377344507714671,-0.07377344507714688,False
GAN,NEUTRAL,0.008971086644478342,0.13750352374993502,0.012942542213374115,0.15044606596330914,0.013092484193031719,0.013092484193032036,False
CAMK2N1,NEUTRAL,0.0037698178028263917,0.13750352374993502,0.0054386974491925635,0.14294222119912758,0.0055886394288493044,0.005588639428849623,False
NDN,NEUTRAL,0.0003379144350836664,0.13750352374993502,0.00048750747974000107,0.13799103122967502,0.000637449459397337,0.000637449459397337,False
CALHM1,NEUTRAL,-0.012084390290984164,0.13750352374993502,-0.017434089944969592,0.12006943380496543,-0.017284147965312965,-0.0172841479653128,False
ORMDL1,DIG,1.2166297467902119,0.32192809488736235,1.755225702292234,2.077153797179596,1.8816058363166226,1.7553756442718895,True
RN7SL268P,NEUTRAL,0.008543402172269494,0.13750352374993502,0.012325523946253197,0.1498290476961882,0.0124754659259098,0.012475465925909483,False
DCAF16,NEUTRAL,0.04414580035154644,0.13750352374993502,0.0636889272432503,0.20119245099318533,0.06383886922290784,0.06383886922290784,False
VWC2,DIG,0.9515546310896128,0.5849625007211562,1.3728031474079114,1.9577656481290675,1.801208707510336,1.3729530893875679,True
KARS1P2,DIG,-1.4361059582751319,0.2016338611696507,-2.0718629441946255,-1.8702290830249748,-2.024770519798529,-2.0717130022149557,True
VAV2,NEUTRAL,-0.012628324257934342,0.13750352374993502,-0.018218820781659675,0.11928470296827534,-0.01806887880200234,-0.018068878802002503,False
ZDHHC19,DCG,-1.0250501665310414,1.3504972470841334,-1.4788347919167397,-0.1283375448326063,-0.2580062362573683,-1.4786848499370802,True
AHI1,DIG,-1.6311558211564452,0.5849625007211562,-2.3532604140995685,-1.7682979133784125,-1.9250143124452923,-2.3531104721199134,True
NDUFAF2,DIG,1.5970308980374355,0.4329594072761063,2.304028556745056,2.7369879640211625,2.583333344692921,2.3041784987247107,True
SLCO2B1,DIG,1.4432111288021616,0.2016338611696507,2.082113538478642,2.2837473996482927,2.13888226172174,2.0822634804582982,True
TPR,DCG,-0.9679280629073422,1.485426827170242,-1.3964250162936833,0.08900181087655867,-0.03173307907614278,-1.3962750743140273,True
BCL9P1,NEUTRAL,0.019252339821548746,0.13750352374993502,0.027775255186057488,0.16527877893599252,0.027925197165714,0.027925197165713685,False
ODAPH,DIG,1.5537667088021436,0.32192809488736235,2.241611525487219,2.563539620374581,2.4470575546106774,2.2417614674668744,True
SOX10,NEUTRAL,-0.009489979127626844,0.13750352374993502,-0.01369114582556702,0.123812377924368,-0.013541203845911202,-0.013541203845910394,False
CFAP58,NEUTRAL,-0.023677577674769884,0.13750352374993502,-0.03415952389165375,0.10334399985828127,-0.034009581911996926,-0.0340095819119966,False
THBS2,NEUTRAL,0.007845750810461103,0.13750352374993502,0.011319025786302799,0.14882254953623783,0.011468967765959128,0.011468967765958493,False
FGFBP1,NEUTRAL,-0.01522337512322008,0.13750352374993502,-0.021962687795862024,0.115540835954073,-0.02181274581620538,-0.021812745816205542,False
GTPBP10,DSG,0.06305188885495651,1.070389327891398,0.09096464736972787,1.161353975261126,1.0072369458414578,0.0911145893493852,False
RP9P,DSG,0.11496749065527036,1.1699250014423124,0.1658630286318068,1.3357880300741192,1.1847526700675206,0.1660129706114638,False
SNORA55,DIG,-1.421851161278618,0.4329594072761063,-2.051297619258876,-1.6183382119827698,-1.7682580943728674,-2.0511476772792148,True
SYCP2L,DSG,0.16578295682300986,1.3504972470841334,0.23917424967246548,1.589671496756599,1.4455823030673884,0.23932419165212251,False
INPP1,DIG,-0.9594294449005114,0.32192809488736235,-1.3841641022408189,-1.0622360073534565,-1.2283249229743454,-1.3840141602611618,True
RPA2P3,NEUTRAL,-0.014385095657550197,0.13750352374993502,-0.020753306167861033,0.11675021758207399,-0.02060336418820421,-0.02060336418820389,False
GNAS-AS1,DCG,-0.9836980787620817,1.4059923596758368,-1.4191763399620563,-0.013183980286219477,-0.15971885156047547,-1.4190263979824,True
TRAK1,NEUTRAL,0.024196405721562415,0.13750352374993502,0.034908034541835435,0.17241155829177046,0.035057976521492715,0.035057976521492715,False
SLC35E4,NEUTRAL,0.012115518401236064,0.13750352374993502,0.017478998315262253,0.15498252206519728,0.017628940294919203,0.017628940294918887,False
TSNAX,DCG,-0.9063796766799399,1.1043366598147357,-1.3076294647086915,-0.20329280489395574,-0.3309536018423741,-1.3074795227290354,True
CEACAM7,DIG,-1.3779247748960277,0.7224660244710913,-1.9879252394605404,-1.2654592149894492,-1.395872909250969,-1.9877752974808829,True
ELF3-AS1,DCG,-0.9041167605432712,1.1043366598147357,-1.3043647668203717,-0.200028107005636,-0.34836342915972585,-1.3042148248407153,True
NDC80,NEUTRAL,-0.0037419169573597514,0.13750352374993502,-0.005398445037801233,0.13210507871213378,-0.005248503058143721,-0.005248503058144364,False
AKIRIN2,DIG,1.5987843647803197,0.632268215499513,2.3065582745193787,2.938826490018892,2.7902215419377643,2.306708216499034,True
SLC8A1,DIG,-1.2535166785694023,0.6780719051126378,-1.8084422958436814,-1.1303703907310436,-1.269694417901924,-1.808292353864027,True
SHOC2,NEUTRAL,0.01705820865629817,0.13750352374993502,0.024609793034890557,0.16211331678482557,0.02475973501454712,0.02475973501454712,False
FPR1,DSG,0.002501614424747173,1.485426827170242,0.0036090667247990434,1.489035893895041,1.3579768412198001,0.003759008704456064,False
NT5DC1,DIG,-0.9896238506065392,0.5849625007211562,-1.4277254216154946,-0.8427629208943385,-1.0033069389773166,-1.4275754796358402,True
FUCA1,NEUTRAL,-0.006490564466798491,0.13750352374993502,-0.009363905168820302,0.12813961858111472,-0.00921396318916293,-0.00921396318916293,False
BRD3,NEUTRAL,0.005012048667185295,0.13750352374993502,0.007230857756842363,0.1447343815067774,0.0073807997364989,0.007380799736498581,False
AKR1C6P,DCG,-0.9739110593443472,1.2927817492278462,-1.4050566555830066,-0.11227490635516046,-0.25526899626256383,-1.40490671360334,True
RNU2-22P,NEUTRAL,-0.013152379975841481,0.13750352374993502,-0.01897487336703381,0.11852865038290121,-0.01882493138737719,-0.018824931387377352,False
LCN1P1,NEUTRAL,-0.01490119478069875,0.13750352374993502,-0.02149787981343459,0.11600564393650042,-0.021347937833778537,-0.021347937833778374,False
CCDC174,DIG,1.1020648785733953,0.4854268271702419,1.5899435350557352,2.075370362225977,1.9052155258926036,1.5900934770353914,True
DBH,NEUTRAL,0.018253077968326436,0.13750352374993502,0.026333625065864143,0.16383714881579917,0.02648356704552137,0.02648356704552137,False
ZNF429,DIG,-0.6524978595889472,0.5849625007211562,-0.9413554262196374,-0.35639292549848123,-0.5155017489517802,-0.9412054842399831,True
NUCKS1,DCG,-0.9126492062223053,1.3219280948873624,-1.3166744838881688,0.005253610999193636,-0.125377902871832,-1.3165245419085119,True
NPY2R,NEUTRAL,-0.008484494035928424,0.13750352374993502,-0.012240537470085924,0.1252629862798491,-0.012090595490428076,-0.012090595490428237,False
PARP4,NEUTRAL,-0.00594127549534855,0.13750352374993502,-0.008571448693694472,0.12893207505624055,-0.008421506714038846,-0.008421506714038364,False
CPA4,DIG,0.7375009948636655,0.5849625007211562,1.063989027940487,1.6489515286616432,1.506396660339797,1.0641389699201431,True
PSEN1,NEUTRAL,-0.049548509940883535,0.13750352374993502,-0.07148338957515019,0.06602013417478483,-0.07133344759549368,-0.07133344759549384,False
TMED2,DIG,-0.5922939756509051,0.32192809488736235,-0.8544995814199693,-0.532571486532607,-0.682566874327649,-0.8543496394403138,True
PLA2G1B,DIG,0.7138865941305793,0.53605290024021,1.029920649109299,1.565973549349509,1.385039627316755,1.0300705910889558,True
EPG5,NEUTRAL,-0.01834744843213149,0.13750352374993502,-0.026469772866002085,0.11103375088393294,-0.02631983088634488,-0.026319830886344715,False
ZNF425,DIG,-1.5194087025977225,0.53605290024021,-2.192043400321268,-1.655990500081058,-1.8137844690550622,-2.1918934583416125,True
SLC39A8,NEUTRAL,0.012476863080729558,0.13750352374993502,0.01800030849241913,0.15550383224235415,0.01815025047207635,0.01815025047207635,False
PPP2R1B,NEUTRAL,0.018787368311375983,0.13750352374993502,0.02710444309417659,0.1646079668441116,0.027254385073832706,0.027254385073832394,False
KLF15,DIG,1.556599364090798,0.5849625007211562,2.2456981832247083,2.8306606839458643,2.714574209242458,2.2458481252043643,True
CTAGE11P,NEUTRAL,-0.0343838767317986,0.13750352374993502,-0.04960544844750327,0.08789807530243175,-0.0494555064678461,-0.049455506467846265,False
B3GALT2,DCG,-0.9449506773823404,1.4329594072761063,-1.3632756561441692,0.06968375113193703,-0.06428741040867794,-1.3631257141645114,True
GHET1,DIG,-1.4399475680972544,0.53605290024021,-2.077405215634032,-1.541352315393822,-1.6991462843678238,-2.0772552736543726,True
KRT14,DIG,1.0463094462566696,0.32192809488736235,1.5095054493497746,1.831433544237137,1.685149323017555,1.509655391329431,True
TSGA10,DIG,1.111319377744916,0.6780719051126378,1.603294955116399,2.2813668602290367,2.1294116342580183,1.6034448970960544,True
CCDC185,DCG,2.0794415416798357,-3.321928094887362,3.0,-0.3219280948873622,-0.459281676657638,3.000149941979657,True
TSPAN9,DSG,-0.11067830403461335,1.3219280948873624,-0.15967504036473762,1.1622530545226248,1.0212375297206533,-0.15952509838508022,False
LACTB2,DCG,-1.0275655674429853,1.3785116232537298,-1.4824637483382488,-0.10395212508451901,-0.23768285567664,-1.4823138063585932,True
CRYZL2P-SEC16B,DCG,-0.9964375564686627,1.3785116232537298,-1.4375555212728561,-0.05904389801912635,-0.20618611985036842,-1.4374055792932015,True
CPT1A,DCG,-0.8419120971763532,1.070389327891398,-1.214622407460752,-0.14423307956935383,-0.30154549172754624,-1.2144724654810957,True
LINC00592,DIG,-0.9217158626338562,0.632268215499513,-1.3297549041305574,-0.6974866886310445,-0.8452537666472126,-1.3296049621508947,True
SLC25A51,DIG,1.4727472692494366,0.37851162325372983,2.124725181828925,2.503236805082655,2.396930767843342,2.124875123808581,True
ACRV1,NEUTRAL,0.03309924031657645,0.13750352374993502,0.047752109861916886,0.1852556336118519,0.04790205184157297,0.047902051841573284,False
SRGAP3-AS4,DIG,1.242327404277152,0.53605290024021,1.7922995853111057,2.328352485551316,2.1826941925232957,1.7924495272907561,True
GAPDHP72,NEUTRAL,0.004933328575465476,0.13750352374993502,0.007117288670899858,0.14462081242083488,0.007267230650555882,0.007267230650555564,False
PCDHA9,DIG,1.2622821100563026,0.32192809488736235,1.8210881403810846,2.1430162352684468,1.9930208474734052,1.8212380823607408,True
BMP6,DSG,-0.05721308867501708,1.1699250014423124,-0.08254103930538766,1.0873839621369248,0.9616629243922233,-0.0823910973257306,False
ZNF565,DSG,0.0755534518903443,1.1375035237499351,0.10900059036424262,1.2465041141141777,1.123797766404324,0.10915053234389951,False
GPATCH11,DIG,-0.8410687532157434,0.6780719051126378,-1.2134057193110164,-0.5353338141983786,-0.6746578413692587,-1.213255777331362,True
VARS2,DSG,-0.07145045111383383,1.2927817492278462,-0.10308121149120737,1.1897005377366388,1.043905307320992,-0.10293126951155018,False
SPATA17-AS1,DCG,-0.8759739889275453,1.070389327891398,-1.2637633297734934,-0.1933740018820953,-0.3307275836523727,-1.2636133877938345,True
SPESP1,NEUTRAL,0.014440204796554078,0.13750352374993502,0.02083281184940959,0.15833633559934462,0.020982753829065205,0.02098275382906552,False
GOLGA2P11,NEUTRAL,-0.006892350926637611,0.13750352374993502,-0.009943560501926532,0.1275599632480085,-0.009793618522269853,-0.009793618522269691,False
POT1-AS1,DIG,-1.0223994660833606,0.4854268271702419,-1.4750106395259883,-0.9895838123557464,-1.1306395867847128,-1.4748606975463316,True
ALKAL1,DCG,-0.8518063770835206,1.4059923596758368,-1.2288968360159895,0.17709552365984726,0.04628248583254265,-1.2287468940363304,True
IQCN,DIG,-0.9399403580836689,0.53605290024021,-1.3560472933387058,-0.8199943930984958,-0.9629691790309248,-1.3558973513590509,True
EFHD2,NEUTRAL,-0.07209038604113899,0.13750352374993502,-0.10400444243732217,0.03349908131261285,-0.10385450045766645,-0.10385450045766645,False
HP1BP3,NEUTRAL,-0.07754436461799649,0.13750352374993502,-0.11187287028326914,0.025630653466665876,-0.11172292830361155,-0.11172292830361104,False
TMEM267,DSG,-0.10474038836876091,1.485426827170242,-0.15110843888039543,1.3343183882898466,1.1846214699338158,-0.1509584969007389,False
C4orf46,NEUTRAL,-0.01715399239552281,0.13750352374993502,-0.024747979760467748,0.11275554398946727,-0.024598037780810638,-0.024598037780810638,False
NGDN,DIG,0.6916092375672551,0.4854268271702419,0.997781217271276,1.4832080444415179,1.3475546081443093,0.9979311592509311,True
POMT1,NEUTRAL,0.020229004870381383,0.13750352374993502,0.029184285008617913,0.16668780875855294,0.029334226988275508,0.029334226988275196,False
NID1,DCG,-1.0216274864966497,1.3785116232537298,-1.473896908404573,-0.09538528515084321,-0.24695659263460504,-1.4737469664249168,True
UBE2D3P2,NEUTRAL,0.059165643035910084,0.13750352374993502,0.08535797979891412,0.22286150354884915,0.08550792177857183,0.08550792177857212,False
BLOC1S4,NEUTRAL,0.05933617272858778,0.13750352374993502,0.08560400214086454,0.22310752589079957,0.08575394412052006,0.08575394412052006,False
MIR1248,DCG,-1.0095136134002336,1.3785116232537298,-1.4564202837624154,-0.07790866050868561,-0.21526224227896448,-1.456270341782759,True
CUEDC2,NEUTRAL,-0.010651535720802796,0.13750352374993502,-0.015366917762253846,0.12213660598768117,-0.015216975782596677,-0.015216975782596193,False
ST13P10,NEUTRAL,-0.05243773434400607,0.13750352374993502,-0.07565165929355044,0.061851864456384575,-0.07550171731389382,-0.07550171731389416,False
HEATR9,DIG,1.7126312475200562,0.4854268271702419,2.470804607668664,2.956231434838906,2.8437291232110247,2.470954549648319,True
LINC00882,DIG,1.091028809280222,0.4329594072761063,1.574021852615567,2.006981259891673,1.8654572788979749,1.5741717945952236,True
SNORD14D,NEUTRAL,-0.01706626090467805,0.13750352374993502,-0.024621409973696218,0.1128821137762388,-0.024471467994039764,-0.0244714679940396,False
MRPL22,DIG,-1.0807329322914647,0.4329594072761063,-1.559168041942284,-1.1262086346661777,-1.2743224894822907,-1.5590180999626282,True
LINC01535,DSG,-0.08044708399232499,1.2016338611696507,-0.11606060912970517,1.0855732520399455,0.9527361334914095,-0.11591066715004952,False
MDN1,DIG,-0.5811850069178721,0.4329594072761063,-0.838472727319432,-0.4055133200433257,-0.5573075659757922,-0.8383227853397762,True
COL6A2,DSG,-0.032228148779984395,1.232660756790275,-0.04649539042191519,1.1861653663683598,1.0565553077269,-0.046345448442260184,False
NLRP13,DSG,0.14991727212112443,1.3504972470841334,0.21628490503274747,1.566782152116881,1.4264427185255255,0.21643484701240345,False
HAVCR2,DIG,0.618908544819199,0.4329594072761063,0.8928962883744631,1.3258556956505694,1.143637515018858,0.893046230354119,True
ADAM21P1,NEUTRAL,-0.05116691983218293,0.13750352374993502,-0.07381826149945347,0.06368526225048154,-0.07366831951979644,-0.07366831951979644,False
ENTR1P2,DCG,-0.8573445501950634,1.1375035237499351,-1.236886730899597,-0.09938320714966187,-0.23964213494284067,-1.23673678891994,True
HSP90AB1,DSG,-0.04808944271267944,1.2630344058337937,-0.06937840052069653,1.1936560053130971,1.0452866364567792,-0.06922845854104216,False
CLUAP1,DCG,-1.1788092290315442,1.5360529002402097,-1.7006622288779512,-0.16460932863774147,-0.30400175719075717,-1.7005122868982963,True
MICAL1,DIG,-0.9837032418394149,0.5849625007211562,-1.4191837887081207,-0.8342212879869645,-0.9947653060699412,-1.4190338467284647,True
TSEN2,DIG,-1.2044724199633492,0.632268215499513,-1.737686387168653,-1.10541817166914,-1.2527096134286284,-1.737536445188997,True
MAP2K6,DCG,-0.857450849838436,1.3504972470841334,-1.237040088867939,0.11345715821619451,-0.014416593571949757,-1.236890146888283,True
CEACAM16,DIG,1.2398382923978302,0.7224660244710913,1.7887085559465903,2.5111745804176815,2.38076088615616,1.7888584979262458,True
DDX21,DIG,-1.0513616464763098,0.5849625007211562,-1.5167942335522278,-0.9318317328310716,-1.0536275546742127,-1.5166442915725702,True
DISC1,DCG,2.0794415416798357,-3.321928094887362,3.0,-0.3219280948873622,-0.45928167665764,3.000149941979657,True
GLO1,DIG,-1.2342660930269156,0.4329594072761063,-1.780669571547327,-1.3477101642712208,-1.480190522183173,-1.780519629567672,True
DNAJB1,DIG,1.7049277619354108,0.632268215499513,2.4596908272181364,3.091959042717649,2.947180970193114,2.45984076919779,True
MCM7,DSG,0.19227238220771298,1.3219280948873624,0.2773904123109749,1.5993185071983373,1.4750529793808294,0.27754035429063156,True
DDR1,DSG,0.05077436036212861,1.3785116232537298,0.0732519178987521,1.4517635411524819,1.304379931867111,0.07340185987840765,False
HSD17B2,NEUTRAL,0.03498793239842946,0.13750352374993502,0.050476916562172486,0.1879804403121075,0.05062685854182963,0.050626858541829314,False
TNPO2,DIG,-1.121816651882127,0.4854268271702419,-1.6184393204570053,-1.1330124932867633,-1.2594175671432641,-1.6182893784773509,True
SPDYE3,DIG,1.2206322669860872,0.53605290024021,1.7610001183298811,2.2970530185700913,2.145841132351311,1.7611500603095358,True
PRPF19,DIG,-0.7308315975461094,0.4854268271702419,-1.0543671215047308,-0.5689402943344889,-0.7249091566102221,-1.054217179525074,True
RPL29P11,NEUTRAL,0.03966825425329781,0.13750352374993502,0.05722919369195528,0.1947327174418903,0.057379135671613096,0.05737913567161279,False
ZNF749,DSG,-0.04532679614379844,1.3785116232537298,-0.065392744016043,1.3131188792376869,1.1657352699523151,-0.06524280203638781,False
MCM10,DCG,-0.9183580825177248,1.4059923596758368,-1.324910651408619,0.08108170826721772,-0.04607564171474339,-1.3247607094289642,True
GOT2P2,DCG,0.8608593409010755,-0.7369655941662062,1.2419575020209233,0.504991907854717,0.3676383260844397,1.2421074440005804,True
CTDSPL,NEUTRAL,0.009697445612424685,0.13750352374993502,0.01399045669433553,0.15149398044427054,0.014140398673991974,0.014140398673991974,False
TTC23L,DCG,0.9060403801889955,-0.7369655941662062,1.3071399633438148,0.5701743691776086,0.43282078740733043,1.3072899053234712,True
MIR6800,DIG,-0.6782797881493299,0.6780719051126378,-0.978550886698255,-0.30047898158561714,-0.43195004137848064,-0.9784009447185953,True
TMEM94,DCG,-0.781517173459172,1.3219280948873624,-1.1274909505191073,0.1944371443682551,0.03774437136894768,-1.1273410085394504,True
MIS12,NEUTRAL,0.03435096930631916,0.13750352374993502,0.049557973067955646,0.18706149681789067,0.04970791504761158,0.049707915047611885,False
TMPRSS6,NEUTRAL,0.01705639017380047,0.13750352374993502,0.024607169519209184,0.1621106932691442,0.02475711149886656,0.02475711149886656,False
HSP90AB2P,NEUTRAL,0.004042858476995383,0.13750352374993502,0.005832611875777147,0.14333613562571218,0.005982553855434893,0.005982553855435531,False
PRPF38AP1,DCG,-0.87039988949139,1.3504972470841334,-1.2557216041595303,0.09477564292460317,-0.03920312821592132,-1.2555716621798687,True
DAXX,DSG,0.10593818448323132,1.1375035237499351,0.15283649339473795,1.290340017144673,1.1471680081696694,0.1529864353743929,False
MAP3K5,DIG,1.0882748547756806,0.5849625007211562,1.5700487361090314,2.1550112368301875,1.9982948377633094,1.5701986780886878,True
LONRF1,NEUTRAL,0.0051848757679694565,0.13750352374993502,0.007480194558074891,0.1449837183080099,0.007630136537732692,0.007630136537732373,False
BCAR1,NEUTRAL,-0.01924686983777544,0.13750352374993502,-0.027767363667593994,0.10973616008234102,-0.027617421687938,-0.027617421687938,False
PDP2,NEUTRAL,0.00801996742653152,0.13750352374993502,0.011570367234348046,0.14907389098428306,0.011720309214003797,0.011720309214004115,False
MED7,DIG,-1.257843750217433,0.4329594072761063,-1.8146849406518668,-1.3817255333757605,-1.5639437140074701,-1.8145349986722088,True
EDEM1,DIG,1.6504889759251302,0.5849625007211562,2.381152260609089,2.966114761330245,2.804382763012247,2.3813022025887447,True
THEM4,DCG,-0.9392245391992351,1.3785116232537298,-1.3550145849839583,0.023497038269771453,-0.11385654350050833,-1.354864643004303,True
KRT18P19,DIG,-1.4177968038020385,0.4329594072761063,-2.045448417833424,-1.6124890105573175,-1.7783269787568994,-2.045298475853754,True
MIR3942,NEUTRAL,0.030005283989298914,0.13750352374993502,0.04328847441182656,0.18079199816176159,0.04343841639148311,0.04343841639148311,False
STEAP4,DSG,0.014422407168695849,1.070389327891398,0.020807135299958937,1.091196463191357,0.9541396658216854,0.020957077279615627,False
SMTNL2,NEUTRAL,0.004640963799307247,0.13750352374993502,0.006695495458205768,0.1441990192081408,0.006845437437862324,0.006845437437862324,False
ORC5,DSG,0.011060073483026867,-0.7369655941662062,0.015956313165830387,-0.7210092810003759,-0.858362862770656,0.016106255145485752,False
NUP98,NEUTRAL,-0.026355797296399596,0.13750352374993502,-0.03802337805819045,0.09948014569174457,-0.03787343607853397,-0.03787343607853463,False
UBE2S,DSG,-0.07245030953901244,1.3504972470841334,-0.1045237022828036,1.2459735448013298,1.0956167896522944,-0.1043737603031485,False
RNU6-574P,DIG,1.094644530953603,0.5849625007211562,1.5792382363429884,2.1642007370641445,2.0348533705997403,1.5793881783226427,True
SSBP2,NEUTRAL,0.025271497369653922,0.13750352374993502,0.0364590639310382,0.17396258768097322,0.03660900591069361,0.03660900591069361,False
ACTG1P17,NEUTRAL,0.01501689900917869,0.13750352374993502,0.021664805730072484,0.1591683294800075,0.021814747709729996,0.02181474770973031,False
ZMYND15,NEUTRAL,0.017283084169455416,0.13750352374993502,0.024934219822539877,0.1624377435724749,0.02508416180219818,0.025084161802197868,False
SERINC1,DIG,-1.5144703570930889,0.37851162325372983,-2.184918873751537,-1.8064072504978073,-1.967709318150298,-2.1847689317718806,True
ATP4B,DIG,-1.3395555799371552,0.2016338611696507,-1.9325701921704732,-1.7309363310008226,-1.8724205936844713,-1.9324202501908065,True
STAT1,DIG,-1.6654907656906885,0.4329594072761063,-2.402795268308319,-1.9698358610322126,-2.1226521511563496,-2.402645326328662,True
PRR5-ARHGAP8,NEUTRAL,-0.01682075401353403,0.13750352374993502,-0.024267218399338673,0.11323630535059634,-0.024117276419680915,-0.024117276419681078,False
RPAIN,NEUTRAL,-0.0034727473890982232,0.13750352374993502,-0.005010115436512102,0.1324934083134229,-0.004860173456855708,-0.004860173456855869,False
RPL39P40,DIG,0.8875891503139837,0.4329594072761063,1.280520465504833,1.7134798727809393,1.5774503513393952,1.2806704074844875,True
LINC02641,NEUTRAL,-0.04055284188558276,0.13750352374993502,-0.05850538388228449,0.07899813986765053,-0.05835544190262733,-0.058355441902626995,False
ARHGEF2,DCG,-0.984111506045429,1.1699250014423124,-1.4197727894535095,-0.24984778801119711,-0.40756891808057155,-1.4196228474738526,True
WDTC1,NEUTRAL,0.04223132012501862,0.13750352374993502,0.06092691611455865,0.19843043986449366,0.06107685809421631,0.06107685809421631,False
NAA60,DCG,-0.9872501757637139,1.4059923596758368,-1.4243009326910676,-0.01830857301523081,-0.16309589869540966,-1.424150990711412,True
F5,DCG,-0.9631867205071464,1.3785116232537298,-1.3895847051257642,-0.011073081872034374,-0.148426663642312,-1.389434763146107,True
TET2,NEUTRAL,0.003717257730875084,0.13750352374993502,0.005362869294039644,0.14286639304397467,0.005512811273695602,0.005512811273695602,False
ZNF98,DIG,-1.192640611306419,0.4854268271702419,-1.7206166954945525,-1.2351898683243108,-1.3908785227068625,-1.7204667535148959,True
L1TD1,DIG,1.1772217791902688,0.4329594072761063,1.6983720228642833,2.13133143014039,2.007329702808486,1.698521964843939,True
RBMXL1,NEUTRAL,-0.029890349589073096,0.13750352374993502,-0.04312265912259322,0.0943808646273418,-0.0429727171429351,-0.04297271714293543,False
BRAP,NEUTRAL,0.00951949993356096,0.13750352374993502,0.013733735345891215,0.15123725909582625,0.013883677325547173,0.013883677325547173,False
C14orf119,DIG,1.1771420280962113,0.4329594072761063,1.698256966356381,2.1312163736324874,2.0019861360615647,1.6984069083360374,True
EXD3,NEUTRAL,0.029986221331152807,0.13750352374993502,0.043260972809453006,0.18076449655938803,0.04341091478911134,0.04341091478911103,False
FEV,NEUTRAL,0.0022160821463692152,0.13750352374993502,0.003197130722769437,0.14070065447270447,0.0033470727024261116,0.0033470727024264312,False
ALDH1L1-AS2,DIG,0.6546378131698254,0.4854268271702419,0.9444427266385029,1.4298695538087447,1.345832027969403,0.9445926686181588,True
CADPS2,DIG,1.3081898168812485,0.7224660244710913,1.8873189613560184,2.6097849858271096,2.4581052924449978,1.8874689033356744,True
PEBP1P2,DIG,-1.2595291485880344,0.53605290024021,-1.8171164565230558,-1.2810635562828456,-1.4311606145673237,-1.8169665145434009,True
KCNS3,DIG,0.8520839752587765,0.4329594072761063,1.2292973255267912,1.6622567328028974,1.5355837628713054,1.2294472675064478,True
DHX33,NEUTRAL,-0.03132821388660984,0.13750352374993502,-0.045197058814120776,0.09230646493581424,-0.045047116834464156,-0.04504711683446432,False
ABCA12,NEUTRAL,-0.02127847282823717,0.13750352374993502,-0.03069834722698832,0.1068051765229467,-0.03054840524733196,-0.03054840524733196,False
ZNF511-PRAP1,NEUTRAL,0.015247938538173831,0.13750352374993502,0.021998125312803096,0.15950164906273812,0.022148067292460043,0.02214806729245941,False
SNORD2,DCG,-0.7732150456351641,1.1699250014423124,-1.1155135118785848,0.054411489563727544,-0.06264730240479979,-1.1153635698989257,True
PPP1R9A,DSG,0.055669682540487375,1.2927817492278462,0.08031437492902405,1.3730961241568702,1.2465307294760688,0.08046431690868129,False
ELOVL2-AS1,DSG,0.1313920843814763,1.3504972470841334,0.18955870854922008,1.5400559556333535,1.3959667619441434,0.1897086505288772,False
ADAMTS19,DIG,-0.689777927547713,0.4854268271702419,-0.9951391953877524,-0.5097123682175105,-0.6424751769844029,-0.9949892534080953,True
HYDIN,NEUTRAL,0.0029941037941394765,0.13750352374993502,0.004319578695711853,0.14182310244564686,0.004469520675367954,0.004469520675367315,False
DYRK3,DCG,-0.8107322914686319,1.2016338611696507,-1.169639456390341,0.031994404779309704,-0.13191083674428172,-1.1694895144106858,True
DNAJC3,DIG,1.4807293593113326,0.26303440583379406,2.1362409035771517,2.3992753094109456,2.238173505444115,2.1363908455568086,True
ATP8A2P2,NEUTRAL,0.014619397830860206,0.13750352374993502,0.021091332751364888,0.1585948565012999,0.02124127473102227,0.021241274731021956,False
ARHGAP5,DIG,1.0119783366872277,0.4329594072761063,1.4599761278257253,1.8929355351018315,1.7566193599196396,1.4601260698053822,True
NSUN2,DCG,0.8512589651965201,-0.7369655941662062,1.2281070876012903,0.49114149343508406,0.35378791166480433,1.2282570295809456,True
PHLDA1,DIG,0.9513493427121725,0.4329594072761063,1.3725069788838262,1.8054663861599325,1.6573525313438187,1.3726569208634813,True
IGF2R,NEUTRAL,-0.01925072041662755,0.13750352374993502,-0.02777291887860849,0.10973060487132653,-0.027622976898951095,-0.02762297689895093,False
SLC25A30-AS1,NEUTRAL,0.047055520635256524,0.13750352374993502,0.06788676626693288,0.2053902900168679,0.06803670824658888,0.06803670824658918,False
CSGALNACT2,DIG,-0.9327749002607288,0.5849625007211562,-1.345709722871851,-0.7607472221506949,-0.8940070724234298,-1.345559780892195,True
FZD2,NEUTRAL,-0.0030669027591568834,0.13750352374993502,-0.0044246054015243145,0.1330789183484107,-0.004274663421867101,-0.004274663421867422,False
POLK,NEUTRAL,-0.00627737360807293,0.13750352374993502,-0.009056335774174076,0.12844718797576093,-0.008906393794517685,-0.008906393794517523,False
SHISAL2A,NEUTRAL,-0.007231772990067533,0.13750352374993502,-0.010433243029605181,0.12707028072032983,-0.010283301049948517,-0.010283301049948195,False
OXCT1-AS1,DSG,0.06435040782777225,1.3219280948873624,0.09283801425230936,1.4147661091396717,1.2619782942505522,0.09298795623196585,False
KIAA0087,DSG,-0.0459738952779099,1.4594316186372973,-0.06632631072778915,1.3931053079095082,1.2441812837977868,-0.06617636874813128,False
MYOC,DCG,-1.0073610763708458,1.560714954474479,-1.4533148292647875,0.10740012520969144,-0.03307596326199558,-1.453164887285131,True
RPS15AP14,NEUTRAL,0.012647132822476115,0.13750352374993502,0.01824595580445033,0.15574947955438534,0.018395897784106958,0.01839589778410664,False
WASHC3,NEUTRAL,-0.056696839245199714,0.13750352374993502,-0.08179624881312839,0.05570727493680663,-0.08164630683347197,-0.08164630683347181,False
SOS1,DIG,-0.973343575339422,0.6780719051126378,-1.4042379492233172,-0.7261660441106794,-0.8654900712815596,-1.4040880072436621,True
APC,NEUTRAL,0.004421629893081032,0.13750352374993502,0.0063790635193944015,0.14388258726932943,0.006529005499050796,0.006529005499050478,False
DCAF11,NEUTRAL,0.016326645975392327,0.13750352374993502,0.023554371183048265,0.16105789493298328,0.023704313162704344,0.02370431316270403,False
NOLC1,NEUTRAL,0.006172086343434209,0.13750352374993502,0.008904438359611029,0.14640796210954604,0.009054380339268739,0.009054380339268739,False
HLA-P,DSG,0.05465118039680051,-0.7369655941662062,0.07884498693719223,-0.658120607229014,-0.7954741889992919,0.07899492891684945,False
TRAM1,DCG,-0.9643112936006786,1.3785116232537298,-1.3912071211509203,-0.012695497897190489,-0.1635736239006756,-1.3910571791712638,True
SUPT16HP1,DIG,-1.1620702488197125,0.6780719051126378,-1.6765129851368032,-0.9984410800241654,-1.1615818190907472,-1.6763630431571488,True
TEX21P,NEUTRAL,-0.0013567525520577928,0.13750352374993502,-0.001957380178567223,0.1355461435713678,-0.001807438198909779,-0.0018074381989100997,False
ZNF566,DSG,-0.09966281894711036,1.3504972470841334,-0.14378305465601074,1.2067141924281226,1.0648522404507494,-0.14363311267635365,False
ZNF277,DIG,-1.6513772003419271,0.632268215499513,-2.3824336975703986,-1.7501654820708856,-1.8944689025897579,-2.3822837555907452,True
RALB,NEUTRAL,0.07161270806301609,0.13750352374993502,0.10331529878714239,0.24081882253707743,0.10346524076679928,0.10346524076679928,False
LINC00165,DSG,0.01700482597770075,1.2016338611696507,0.024532778109208696,1.2261666392788593,1.0845769131298526,0.024682720088865656,False
PCDHGC3,DIG,-1.7159264149366649,0.37851162325372983,-2.475558529359504,-2.097046906105774,-2.2654918768473253,-2.4754085873798473,True
EDRF1-DT,NEUTRAL,-0.027485590065126863,0.13750352374993502,-0.03965332448286549,0.09785019926706953,-0.03950338250320776,-0.03950338250320759,False
CLEC1A,DSG,-0.059193021081764774,1.5109619192773793,-0.08539747796989791,1.4255644413074815,1.2813885596343135,-0.08524753599024117,False
FOXF1,NEUTRAL,-0.01586370366594767,0.13750352374993502,-0.02288648660899477,0.11461703714094025,-0.022736544629338648,-0.02273654462933881,False
RPLP1P6,DIG,-0.8441066655004245,0.4329594072761063,-1.2177885002987814,-0.7848290930226751,-0.9329429478387875,-1.217638558319125,True
HSD17B8,DSG,0.00027091857800157004,1.3785116232537298,0.0003908528889675549,1.3789024761426973,1.2415488943724182,0.0005407948686239751,False
TMEM220-AS1,NEUTRAL,0.018478153529296888,0.13750352374993502,0.02665834046150152,0.16416186421143653,0.026808282441159192,0.026808282441159507,False
RNF148,DIG,1.5243215152723115,0.5849625007211562,2.1991310908037143,2.7840935915248703,2.6254801345647207,2.199281032783371,True
TRAP1,DCG,-0.9405410425956982,1.4059923596758368,-1.356913897905349,0.0490784617704878,-0.0957088639096922,-1.3567639559256943,True
ADAMTSL4-AS1,DCG,-0.7908775531728605,1.2016338611696507,-1.1409951239128833,0.06063873725676738,-0.0809509888922388,-1.1408451819332275,True
CCNT2-AS1,NEUTRAL,0.014218102731209301,0.13750352374993502,0.020512386301165485,0.1580159100511005,0.02066232828082306,0.020662328280822744,False
EMC1-AS1,NEUTRAL,0.012502571008688809,0.13750352374993502,0.01803739719259747,0.1555409209425325,0.018187339172254038,0.018187339172254353,False
LRRC3,DSG,0.039055768500330004,1.1043366598147357,0.05634556353353348,1.1606822233482692,1.002238928476072,0.05649550551318821,False
BANF1,DIG,-0.6239647004458884,0.4329594072761063,-0.9001907790230507,-0.46723137174694435,-0.6060564963599864,-0.9000408370433961,True
OPA1,DCG,-0.7749112326702421,1.0356239097307214,-1.117960592502512,-0.08233668277179063,-0.22530037771590145,-1.1178106505228556,True
CEP295,NEUTRAL,0.08342574144955288,0.13750352374993502,0.12035790347175479,0.2578614272216898,0.12050784545141088,0.12050784545141117,False
TWF2,NEUTRAL,-0.04156004669459469,0.13750352374993502,-0.05995847326540552,0.0775450504845295,-0.05980853128574974,-0.05980853128574991,False
WNK1,DSG,-0.01804975483564517,-0.7369655941662062,-0.026040291790646874,-0.7630058859568531,-0.9003594677271332,-0.0258903498109921,False
CSPG4P5,NEUTRAL,-0.03582175704227423,0.13750352374993502,-0.05167987124081833,0.0858236525091167,-0.051529929261161796,-0.05152992926116196,False
NAV2-AS1,DIG,-1.3183060232154464,0.53605290024021,-1.9019135620669751,-1.365860661826765,-1.5066558122228304,-1.9017636200873205,True
NIFKP6,DSG,-0.02940693536207987,-3.321928094887362,-0.04242523981461493,-3.364353334701977,-3.501706916472234,-0.04227529783495701,False
PCDHAC1,DIG,1.0137847003622353,0.37851162325372983,1.4625821597417008,1.8410937829954306,1.6762632899228762,1.4627321017213564,True
BGLAP,DCG,-0.7664050197433158,1.2016338611696507,-1.1056887212960897,0.0959451398735609,-0.056874516518574884,-1.1055387793164326,True
AP1M1,DIG,0.6286035493334353,0.4854268271702419,0.906883223308548,1.3923100504787898,1.2366213960962373,0.907033165288204,True
BORCS5,DIG,1.260066035055876,0.6780719051126378,1.8178910199677312,2.495962925080369,2.3336420971825453,1.8180409619473872,True
RNF14,DIG,-0.5790455893056515,0.4854268271702419,-0.835386200139891,-0.3499593729696491,-0.48600432494323004,-0.8352362581602355,True
MORC2-AS1,NEUTRAL,0.07299283540214029,0.13750352374993502,0.10530640165509216,0.24280992540502716,0.10545634363474801,0.10545634363474801,False
SNORD14E,NEUTRAL,0.020963089286389878,0.13750352374993502,0.030243344955187237,0.16774686870512226,0.030393286934844246,0.030393286934843933,False
ZFPM2,DCG,-0.9288177007561093,1.2927817492278462,-1.340000690770728,-0.047218941542881865,-0.16173782085550997,-1.339850748791073,True
WDR35,DIG,-1.4189089172805576,0.4329594072761063,-2.047052858433789,-1.6140934511576825,-1.7672811874501742,-2.0469029164541324,True
ASB16-AS1,NEUTRAL,0.03125554834800995,0.13750352374993502,0.045092224601939186,0.1825957483518742,0.04524216658159658,0.04524216658159627,False
GALM,DIG,1.1605504529002104,0.4329594072761063,1.6743203831005742,2.1072797903766807,1.9806068204450868,1.67447032508023,True
GPC1,NEUTRAL,0.05153120786746129,0.13750352374993502,0.07434381804140475,0.21184734179133977,0.07449376002106065,0.07449376002106065,False
PTRH2,DCG,-0.7697830641643616,1.2016338611696507,-1.1105622092302352,0.09107165193941547,-0.04508333261932284,-1.1104122672505787,True
IQCJ,DSG,0.03586209320811724,1.485426827170242,0.05173806402724852,1.5371648911974904,1.4108986160875598,0.05188800600690593,False
SNCB,DIG,-1.2391304933851963,0.4329594072761063,-1.7876874178211173,-1.354728010545011,-1.5089311585791614,-1.7875374758414548,True
PIK3CG,DIG,1.626647628083418,0.53605290024021,2.346756466309742,2.882809366549952,2.728967292596141,2.3469064082893976,True
PEBP1,DIG,-0.8602360898942392,0.4329594072761063,-1.2410583408841314,-0.8080989336080251,-0.9897578318990666,-1.2409083989044767,True
PLEKHA5,DSG,0.13953348761585152,-0.7369655941662062,0.20130427062133058,-0.5356613235448756,-0.6730149053151543,0.20145421260098706,False
TIGAR,DSG,0.08041831564766057,1.3504972470841334,0.11601910518152324,1.4665163522656566,1.3325375811251303,0.11616904716117937,False
RPL21P23,DIG,1.2383098972596442,0.4329594072761063,1.7865035478602107,2.219462955136317,2.0618548030207156,1.7866534898398658,True
TTI2,NEUTRAL,0.04288058607075303,0.13750352374993502,0.06186360887468775,0.19936713262462277,0.06201355085434428,0.06201355085434459,False
ZNF530,DSG,0.01665230261776635,-0.7369655941662062,0.024024194406033816,-0.7129413997601723,-0.8502949815304516,0.024174136385689424,False
TMPRSS12,DIG,-1.3869211183094365,0.4329594072761063,-2.0009042194891995,-1.5679448122130932,-1.7160586670291988,-2.0007542775095337,True
PTGES3L,NEUTRAL,-0.02292773749473181,0.13750352374993502,-0.03307773318245353,0.1044257905674815,-0.03292779120279582,-0.032927791202796146,False
CXCL6,DIG,0.7122235723720923,0.32192809488736235,1.0275214158654393,1.3494495107528017,1.2354495561438534,1.027671357845097,True
CDK2AP1,DIG,1.1851672335471912,0.4854268271702419,1.7098348904626246,2.1952617176328664,2.0390433820464082,1.7099848324422786,True
TAS2R14,DSG,0.07272194511127728,1.4059923596758368,0.10491558957583913,1.510907949251676,1.3661206235714978,0.10506553155549611,False
EMP1,DIG,1.6628929420079854,0.632268215499513,2.399047400964179,3.031315616463692,2.8840241747042,2.3991973429438316,True
P2RY1,DSG,-0.09516866225609966,1.485426827170242,-0.13729935708491164,1.3481274700853303,1.2128825179063192,-0.13714941510525605,False
ZNF704,DCG,-0.8677538873873842,1.1699250014423124,-1.2519042300458993,-0.08197922860358697,-0.21729113232622954,-1.251754288066242,True
CMTM2,NEUTRAL,0.0026770055332741866,0.13750352374993502,0.003862102607286984,0.141365626357222,0.0040120445869442755,0.0040120445869442755,False
CIITA,DCG,-0.7959045893911879,1.1699250014423124,-1.1482476041354335,0.0216773973068789,-0.10255135639893001,-1.1480976621557781,True
TMSB10P1,NEUTRAL,0.005608263703905448,0.13750352374993502,0.00809101423362196,0.14559453798355698,0.008240956213278822,0.008240956213278822,False
TMPRSS11A,NEUTRAL,0.02112822490986665,0.13750352374993502,0.03048158530025128,0.1679851090501863,0.03063152727990839,0.030631527279908703,False
INA,NEUTRAL,0.014615332688374855,0.13750352374993502,0.021085467990460766,0.15858899174039578,0.021235409970118593,0.021235409970117962,False
CYP51A1-AS1,DSG,-0.13401049456582953,-0.7369655941662062,-0.19333627593719965,-0.9303018701034058,-1.067655451873682,-0.19318633395754184,False
DIS3L2,NEUTRAL,0.01656544575718984,0.13750352374993502,0.023898886444012904,0.1614024101939479,0.024048828423668487,0.02404882842366943,False
PGLYRP4,DCG,-0.7858768877916201,1.2016338611696507,-1.1337806887662227,0.06785317240342792,-0.061841130891985,-1.133630746786564,True
LINC02021,DSG,-0.04339852905934562,1.1375035237499351,-0.06261084265579349,1.0748926810941417,0.9338205128168454,-0.062460900676136945,False
FEZ1,NEUTRAL,-0.05124825285072636,0.13750352374993502,-0.0739356002419666,0.06356792350796842,-0.07378565826230966,-0.07378565826231,False
S100A5,DCG,-0.9847028441706681,1.4059923596758368,-1.4206259100342806,-0.014633550358443825,-0.15524206170865365,-1.4204759680546202,True
GJA3,NEUTRAL,0.004254517854873457,0.13750352374993502,0.006137971810599488,0.14364149556053452,0.006287913790255968,0.006287913790256287,False
C3,DIG,0.8856689132107212,0.4854268271702419,1.2777501489586252,1.7631769761288671,1.595848941431582,1.2779000909382823,True
SUMO2P1,DSG,0.12643698192934386,-0.7369655941662062,0.18241000681443187,-0.5545555873517743,-0.6919091691220539,0.18255994879408693,False
BCAS4,DCG,-0.844349779869174,1.3504972470841334,-1.2181392401929454,0.13235800689118804,-0.007616277609065557,-1.2179892982132905,True
FIZ1,DSG,-0.00568675240375195,1.2630344058337937,-0.00820424949165633,1.2548301563421373,1.0975797131105292,-0.008054307512000813,False
ZNF428,DIG,1.688197038611381,0.632268215499513,2.4355534956480733,3.0678217111475865,2.946031085911449,2.4357034376277285,True
B3GALNT2,DCG,-0.9358480691233095,1.2927817492278462,-1.3501433683497106,-0.05736161912186444,-0.1839270138026668,-1.3499934263700548,True
SGCB,DIG,-0.7743539559301146,0.37851162325372983,-1.1171566121131273,-0.7386449888593976,-0.875729687079966,-1.1170066701334724,True
HUNK,DIG,-0.9899648831213435,0.4329594072761063,-1.4282174275333845,-0.9952580202572783,-1.1476000878826338,-1.4280674855537294,True
KRT73-AS1,DIG,-0.8355008808840185,0.4854268271702419,-1.2053729775097342,-0.7199461503394923,-0.8471074813801509,-1.205223035530071,True
MCL1,DCG,-0.7694990718065359,1.3219280948873624,-1.1101524948639496,0.21177560002341278,0.05912301439006723,-1.110002552884293,True
NUBP2,DCG,-0.8215675300935297,1.1043366598147357,-1.1852714014213295,-0.08093474160659375,-0.2129593867041459,-1.185121459441674,True
ZNF223,DIG,-1.035491014631811,0.7224660244710913,-1.493897751694395,-0.7714317272233037,-0.9018454214848246,-1.493747809714739,True
SERPINC1,DCG,0.9474271610587855,-0.7369655941662062,1.3668484668630192,0.629882872696813,0.4925292909265346,1.3669984088426756,True
CHSY1,DIG,1.31018447867475,0.37851162325372983,1.890196650033754,2.268708273287484,2.096963671899304,1.8903465920134113,True
OR7E53P,DIG,1.364190737010755,0.4329594072761063,1.9681112111120767,2.401070618388183,2.306702174374863,1.9682611530917307,True
KCNIP1,DIG,1.6657589552944336,0.4854268271702419,2.40318218411966,2.888609011289902,2.720502954682131,2.403332126099316,True
CEP104,NEUTRAL,-0.09511316468554101,0.13750352374993502,-0.13721929101508532,0.00028423273484970424,-0.13706934903542886,-0.1370693490354287,False
DNPH1,DSG,0.04593347605607827,1.3785116232537298,0.06626799811689606,1.4447796213706259,1.3074260396003465,0.06641794009655196,False
ZNF541,DIG,-1.0187638729538644,0.6780719051126378,-1.469765587347374,-0.7916936822347362,-0.9231647420276018,-1.4696156453677183,True
RNF41,DIG,1.279685638440204,0.6780719051126378,1.8461961244745093,2.524268029587147,2.4000952749296833,1.8463460664541653,True
FRMD3,NEUTRAL,0.04264651767834044,0.13750352374993502,0.061525919565725264,0.19902944331566028,0.061675861545382495,0.061675861545382495,False
BEST3,DSG,0.0021029068026815513,-0.7369655941662062,0.0030338532156803403,-0.7339317409505258,-0.8712853227208031,0.0031837951953384356,False
KLHL11,DIG,1.253225284651248,0.32192809488736235,1.808021903283015,2.1299499981703773,1.9836657769507937,1.8081718452626696,True
COLEC12,DIG,0.9072741435921858,0.5849625007211562,1.3089199076872278,1.893882408408384,1.7371660093415047,1.3090698496668838,True
CALHM3,NEUTRAL,0.0032111537989806733,0.13750352374993502,0.004632715661321173,0.1421362394112562,0.004782657640978185,0.004782657640978504,False
ITPR2,DSG,0.047492690736981355,1.2016338611696507,0.06851746940471622,1.2701513305743668,1.1532712179872038,0.0686674113843714,False
SCARNA16,DCG,-0.7596160423627117,1.1043366598147357,-1.095894297296385,0.008442362518350732,-0.11921843443006684,-1.0957443553167276,True
MACC1,DSG,0.010195083462603118,1.3219280948873624,0.0147083963529466,1.336636491240309,1.2105446784189215,0.014858338332602977,False
IVD,NEUTRAL,-0.0006772680981354645,0.13750352374993502,-0.0009770913265323344,0.13652643242340268,-0.0008271493468752491,-0.0008271493468754094,False
LRP11,DIG,-1.48561355825536,0.4854268271702419,-2.143287313172415,-1.657860486002173,-1.8108216204311567,-2.143137371192758,True
ACOT6,NEUTRAL,0.03739887466477935,0.13750352374993502,0.05395517101370506,0.19145869476364008,0.05410511299336225,0.05410511299336194,False
HSH2D,DIG,1.43956077640255,0.53605290024021,2.076847193174225,2.612900093414435,2.471866593264746,2.076997135153879,True
BTN3A1,DSG,0.028202161696798924,1.070389327891398,0.040687118822320484,1.1110764467137186,0.9720371852873211,0.04083706080197561,False
GNG3,DIG,-1.0666271665742442,0.4329594072761063,-1.5388177236941085,-1.1058583164180023,-1.22606950346499,-1.538667781714453,True
DPP10,NEUTRAL,0.021835636152081866,0.13750352374993502,0.03150216399126428,0.16900568774119928,0.031652105970920656,0.031652105970920975,False
FAM200A,DSG,0.05230626096111932,1.3785116232537298,0.07546198329605083,1.4539736065497806,1.3368790995495883,0.07561192527570648,False
ANKRD11,NEUTRAL,0.021716592287724917,0.13750352374993502,0.03133041999850825,0.16883394374844327,0.0314803619781639,0.0314803619781639,False
ZNF131,DSG,-0.06705472282552773,-0.7369655941662062,-0.09673951608857284,-0.833705110254779,-0.9710586920250586,-0.09658957410891729,False
LINC00303,DCG,-0.9227710327921584,1.2630344058337937,-1.331277192885234,-0.06824278705144038,-0.18933241692825242,-1.3311272509055707,True
CRYZ,NEUTRAL,0.017711482723938427,0.13750352374993502,0.025552268292616517,0.16305579204255155,0.02570221027227447,0.025702210272273842,False
BORCS7,NEUTRAL,0.007621990905180269,0.13750352374993502,0.010996208480604355,0.14849973223053936,0.01114615046026099,0.011146150460261309,False
GYPC,NEUTRAL,-0.03784418285363311,0.13750352374993502,-0.05459761492943163,0.08290590882050339,-0.05444767294977369,-0.05444767294977369,False
PALLD,NEUTRAL,-0.050454787390290946,0.13750352374993502,-0.07279087155707975,0.06471265219285527,-0.07264092957742226,-0.07264092957742176,False
ARMC2,DIG,1.628752075395348,0.53605290024021,2.3497925420104755,2.8858454422506856,2.7453180079831814,2.34994248399013,True
TKTL2,NEUTRAL,0.09014134452015878,0.13750352374993502,0.13004647071829661,0.26754999446823163,0.13019641269795335,0.13019641269795276,False
ZNF165,DSG,-0.06903328917077133,1.070389327891398,-0.09959398394292557,0.9707953439484724,0.8379258577102574,-0.0994440419632708,False
LINC01544,NEUTRAL,0.0893157685384552,0.13750352374993502,0.12885541634361583,0.2663589400935509,0.12900535832327195,0.12900535832327226,False
SFXN5,DIG,0.9048712819597179,0.4854268271702419,1.305453311126124,1.790880138296366,1.6465232781027546,1.305603253105779,True
KPTN,DIG,1.5228877611826355,0.6780719051126378,2.1970626208886843,2.875134526001322,2.7436634662084565,2.19721256286834,True
CHRNE,NEUTRAL,-0.01732685864043617,0.13750352374993502,-0.024997373034741352,0.11250615071519367,-0.024847431055083878,-0.024847431055083878,False
GOT1,NEUTRAL,0.0014805887589350634,0.13750352374993502,0.002136038060111561,0.13963956181004658,0.002285980039769588,0.002285980039769588,False
OCEL1,DIG,1.658031506186503,0.4329594072761063,2.3920338316129266,2.824993238889033,2.6750733564989315,2.3921837735925835,True
LUC7L2,DSG,-0.12457441485677138,1.1699250014423124,-0.1797228905355085,0.9902021109068039,0.8530829137563446,-0.17957294855585332,False
HOXA10-AS,DSG,0.04527205921097044,1.1043366598147357,0.06531377531449857,1.1696504351292343,1.0213151129751448,0.06546371729415565,False
CFAP52,NEUTRAL,0.07326899967834366,0.13750352374993502,0.10570482248684146,0.24320834623677648,0.1058547644664973,0.1058547644664976,False
SLC25A14P1,NEUTRAL,-0.011698810913531263,0.13750352374993502,-0.01687781648924924,0.12062570726068578,-0.016727874509591744,-0.016727874509591744,False
EEF1AKMT2,NEUTRAL,-0.05354310066692336,0.13750352374993502,-0.07724636580598888,0.060257157943946135,-0.07709642382633183,-0.07709642382633149,False
ZNF292,DIG,1.3077657718316569,0.53605290024021,1.886707193665859,2.422760093906069,2.2670034006167845,1.8868571356455135,True
IFT27,NEUTRAL,0.024786547358940755,0.13750352374993502,0.03575942895550326,0.1732629527054383,0.03590937093516013,0.035909370935160445,False
CTRL,NEUTRAL,0.054131416528097324,0.13750352374993502,0.07809512618138088,0.2155986499313159,0.07824506816103789,0.07824506816103789,False
H3C10,DSG,0.02435242362183749,-0.7369655941662062,0.0351331207928522,-0.701832473373354,-0.8391860551436343,0.035283062772506875,False
GOLGA4,NEUTRAL,-0.007725835871079972,0.13750352374993502,-0.011146025097929141,0.12635749865200588,-0.010996083118271861,-0.010996083118272023,False
CSPG4,NEUTRAL,-0.005595992866386167,0.13750352374993502,-0.008073311157185339,0.12943021259274967,-0.007923369177528429,-0.007923369177528268,False
TNFSF8,NEUTRAL,-0.048404240462077634,0.13750352374993502,-0.06983255767263631,0.06767096607729871,-0.06968261569298097,-0.06968261569298063,False
FCER1G,DCG,-0.7907699738957614,1.2016338611696507,-1.1408399198233101,0.06079394134634053,-0.08064993351383182,-1.140689977843654,True
MYBPC3,DIG,-0.7184635933725529,0.4854268271702419,-1.0365238632178468,-0.551097036047605,-0.6794477733450647,-1.036373921238191,True
SYT2,DCG,-0.9536748900348406,1.2927817492278462,-1.3758620344735921,-0.08308028524574596,-0.2241944511790946,-1.3757120924939346,True
MOGS,DIG,-1.0153740784396683,0.5849625007211562,-1.464875147612111,-0.8799126468909547,-1.025485470226175,-1.4647252056324558,True
RNF4,NEUTRAL,0.02216349537057226,0.13750352374993502,0.0319751648598901,0.16947868860982512,0.03212510683954638,0.03212510683954638,False
NECTIN3-AS1,DIG,-0.6717657228209639,0.53605290024021,-0.9691530769529946,-0.43310017671278456,-0.5696863754482564,-0.9690031349733355,True
LINC01366,DIG,0.5869573649955696,0.4854268271702419,0.8468004796923616,1.3322273068626034,1.1342190452930803,0.8469504216720178,True
TCF19,DSG,0.09057521888919082,1.2630344058337937,0.13067241911886796,1.3937068249526616,1.2540551987192707,0.13082236109852433,False
CCBE1,NEUTRAL,-0.01438736136257972,0.13750352374993502,-0.02075657488927124,0.11674694886066378,-0.02060663290961524,-0.02060663290961524,False
CCDC13,NEUTRAL,-0.04190641482262512,0.13750352374993502,-0.06045817684603701,0.07704534690389801,-0.060308234866379824,-0.06030823486638016,False
TMEM132E,DIG,1.6615242295677417,0.5849625007211562,2.3970727663142366,2.9820352670353927,2.8594844157503023,2.3972227082938935,True
FOLH1,DIG,1.4995171132611422,0.32192809488736235,2.163345903029984,2.4852739979173464,2.3358692871887383,2.1634958450096393,True
MIR5010,NEUTRAL,0.02009064800262249,0.13750352374993502,0.028984678241629227,0.16648820199156425,0.029134620221286406,0.029134620221286406,False
OSTCP4,NEUTRAL,-0.005986593011090802,0.13750352374993502,-0.008636828048921227,0.12886669570101378,-0.00848688606926461,-0.00848688606926461,False
TG,DCG,-0.8975933038946166,1.070389327891398,-1.2949534082639036,-0.22456408037250553,-0.3619176621427848,-1.2948034662842478,True
XDH,DIG,1.5039525903322417,0.37851162325372983,2.169744943804436,2.548256567058166,2.4132041729124825,2.1698948857840916,True
TLE1,NEUTRAL,-0.04583665290333348,0.13750352374993502,-0.06612831183458792,0.0713752119153471,-0.06597836985492997,-0.06597836985492964,False
LINC00664,DIG,0.5673862026950319,0.632268215499513,0.8185652608969428,1.4508334763964559,1.299926331681962,0.8187152028765965,True
ARHGEF33,DIG,1.1665002185761846,0.632268215499513,1.6829040805357536,2.3151722960352665,2.1913694572987175,1.6830540225154078,True
CEP85,NEUTRAL,0.006037369411162557,0.13750352374993502,0.008710082909498942,0.14621360665943395,0.00886002488915516,0.008860024889155478,False
ARHGEF38,NEUTRAL,-0.019837536471892694,0.13750352374993502,-0.028619515491453536,0.10888400825848149,-0.02846957351179787,-0.028469573511797543,False
SLMAP,NEUTRAL,-0.01645941510057705,0.13750352374993502,-0.023745916541535433,0.11375760720839959,-0.023595974561878535,-0.02359597456187886,False
TSTD1,DCG,-0.8517255753524716,1.1699250014423124,-1.22878026375931,-0.05885526231699756,-0.20368873278289368,-1.228630321779654,True
LINC00467,DCG,-1.0238848694801275,1.4059923596758368,-1.4771536236402234,-0.0711612639643866,-0.20197430179169248,-1.4770036816605678,True
EFHC1,DSG,0.018141966035909368,1.1375035237499351,0.026173324431982455,1.1636768481819175,1.027481836361221,0.026323266411637732,False
KCNG1,DCG,-0.921021302969827,1.3504972470841334,-1.3287528663476609,0.021744380736472557,-0.10612937105167078,-1.3286029243680046,True
ZNF516,NEUTRAL,-0.032733057118691566,0.13750352374993502,-0.04722381917827151,0.09027970457166351,-0.04707387719861592,-0.04707387719861559,False
C6,DSG,0.0001410304246694864,-3.321928094887362,0.00020346389428513255,-3.321724630993077,-3.4590782127633544,0.00035340587394253444,False
NSD2,NEUTRAL,0.05809160388050758,0.13750352374993502,0.08380846883569436,0.2213119925856294,0.08395841081535135,0.08395841081535074,False
MLXIP,DIG,1.4097985718751622,0.4329594072761063,2.0339094082966396,2.466868815572746,2.3161122858384156,2.0340593502762956,True
KLF6,DCG,0.8634456978777555,-0.7369655941662062,1.245688826405148,0.5087232322389418,0.37136965046866394,1.2458387683848051,True
DHCR24,NEUTRAL,0.019779859932765428,0.13750352374993502,0.028536305834478987,0.16603982958441402,0.028686247814134806,0.028686247814134494,False
MPST,NEUTRAL,-0.0647287129955749,0.13750352374993502,-0.0933837932418409,0.04411973050809412,-0.09323385126218288,-0.09323385126218339,False
CACNA2D3-AS1,NEUTRAL,-0.0049081156572158575,0.13750352374993502,-0.007080914118774794,0.13042260963116023,-0.006930972139117831,-0.006930972139117831,False
RN7SL832P,DIG,0.627290998347693,0.4329594072761063,0.9049896125105037,1.33794901978661,1.18476128349412,0.9051395544901615,True
PFKFB3,DCG,-0.8817354990873062,1.232660756790275,-1.2720754319090117,-0.03941467511873675,-0.1706229251889317,-1.271925489929355,True
LEMD1-AS1,DCG,-0.9025609994830901,1.1699250014423124,-1.3021202780540404,-0.13219527661172803,-0.27947636515672564,-1.301970336074376,True
PPP1R14BP4,DSG,-0.030212159175746513,1.4059923596758368,-0.04358693221739749,1.3624054274584394,1.2329207805955495,-0.04343699023774053,False
SLIT3-AS2,DIG,0.9454896587546424,0.4329594072761063,1.364053241897121,1.7970126491732272,1.6762655050714879,1.364203183876776,True
ENTPD6,DCG,-0.9222150853793476,1.4329594072761063,-1.3304751303097768,0.10248427696632945,-0.02422342501954037,-1.3303251883301208,True
KPNA7,DSG,-0.053176447871424615,1.3785116232537298,-0.07671739763619477,1.301794225617535,1.1703860051712325,-0.0765674556565391,False
HNRNPA1P68,NEUTRAL,-0.01484745440051582,0.13750352374993502,-0.02142034883344919,0.11608317491648583,-0.021270406853792747,-0.02127040685379291,False
ARF6,DIG,-1.4692005301111533,0.32192809488736235,-2.119608318862797,-1.7976802239754346,-1.9114944127303886,-2.119458376883142,True
PVALB,NEUTRAL,0.004739747327344979,0.13750352374993502,0.0068380099642273194,0.14434153371416233,0.00698795194388504,0.006987951943884721,False
ESRP1,DCG,0.8327466145478752,-0.7369655941662062,1.2013994111252928,0.4644338169590866,0.3270802351888091,1.20154935310495,True
GAS5-AS1,DCG,-0.9547019135623027,1.3785116232537298,-1.377343716223538,0.0011679070301917616,-0.14043535671961221,-1.3771937742438825,True
VPS18,NEUTRAL,-0.013575987682159438,0.13750352374993502,-0.019586010104221074,0.11791751364571394,-0.019436068124564568,-0.019436068124564245,False
TBC1D19,NEUTRAL,-0.01605945830844437,0.13750352374993502,-0.023168900860955754,0.11433462288897926,-0.023018958881298356,-0.02301895888129852,False
DGKH,NEUTRAL,0.025897934346143046,0.13750352374993502,0.03736282145044853,0.17486634520038355,0.0375127634301044,0.03751276343010409,False
PTBP2,NEUTRAL,-0.015735615745434778,0.13750352374993502,-0.022701694801273042,0.11480182894866198,-0.022551752821615933,-0.022551752821616096,False
TTLL5,NEUTRAL,0.02819969616281878,0.13750352374993502,0.04068356180867418,0.1781870855586092,0.04083350378833069,0.040833503788331005,False
KLRD1,DSG,-0.012554927679190015,-0.7369655941662062,-0.01811293190148702,-0.7550785260676932,-0.8924321078379721,-0.017962989921831315,False
STYK1,DSG,0.06130521910078565,1.2016338611696507,0.08844473557731482,1.2900785967469655,1.1537081044880946,0.08859467755697208,False
ZNF391,DSG,-0.07519055096231989,1.2630344058337937,-0.10847703499504778,1.154557370838746,1.0251651531457038,-0.10832709301539205,False
MIR214,DCG,-0.8193148834033119,1.2016338611696507,-1.1820215192124774,0.019612341957173207,-0.10633548360889535,-1.181871577232819,True
PLCZ1,DSG,0.012238854309754821,-0.7369655941662062,0.017656934418845797,-0.7193086597473605,-0.8566622415176377,0.01780687639850199,False
MYH8,NEUTRAL,-0.008785191708200026,0.13750352374993502,-0.01267435251067902,0.12482917123925599,-0.012524410531022679,-0.012524410531022195,False
NAPEPLD,DSG,0.04950709577464444,1.4059923596758368,0.07142364156289449,1.4774160012387312,1.3443874018205904,0.07157358354255193,False
C5orf63,DIG,1.4067729296731035,0.37851162325372983,2.029544329296225,2.408055952549955,2.27467875132141,2.02969427127588,True
VN1R84P,DIG,1.7174163666663367,0.632268215499513,2.4777080753310656,3.109976290830579,2.961371342749447,2.477858017310716,True
GFPT2,DIG,1.701238764839361,0.53605290024021,2.4543687294018115,2.9904216296420216,2.8382656772868438,2.454518671381468,True
A2ML1,DSG,-0.013694314992120218,1.4329594072761063,-0.019756720327503224,1.413202686948603,1.2763160272805418,-0.019606778347847627,False
CD164,DIG,0.773053009001275,0.37851162325372983,1.1152797424304308,1.4937913656841606,1.3324892980316696,1.115429684410087,True
GDAP1L1,DCG,-0.9020238371047236,1.3504972470841334,-1.301345316554619,0.0491519305295145,-0.079007049487452,-1.3011953745749603,True
HPSE2,NEUTRAL,0.007495687810272499,0.13750352374993502,0.010813991631931988,0.148317515381867,0.010963933611589876,0.010963933611589559,False
CDH5,NEUTRAL,-0.007328654662134294,0.13750352374993502,-0.010573013737448927,0.1269305100124861,-0.010423071757791249,-0.010423071757791088,False
PTAFR,NEUTRAL,-0.0171950774758771,0.13750352374993502,-0.02480725300214941,0.11269627074778561,-0.024657311022493113,-0.024657311022493113,False
CRTC3-AS1,DIG,-1.1934361099716886,0.632268215499513,-1.7217643574739707,-1.0894961419744578,-1.2526589036554547,-1.721614415494315,True
CFL2,DIG,0.5809550988039882,0.37851162325372983,0.8381410400236715,1.2166526632774013,1.0547779373780293,0.8382909820033276,True
GHDC,NEUTRAL,0.01122052810715126,0.13750352374993502,0.016187800256342352,0.15369132400627739,0.016337742235998497,0.01633774223599818,False
INKA1,NEUTRAL,0.058280262408526004,0.13750352374993502,0.08408064555848795,0.22158416930842295,0.0842305875381461,0.0842305875381458,False
SARNP,DIG,1.306704951772148,0.4854268271702419,1.8851767538267301,2.370603580996972,2.232031665559317,1.885326695806387,True
ABHD12B,DIG,-1.1355173857707679,0.32192809488736235,-1.6382053012946869,-1.3162772064073245,-1.4300913951622782,-1.6380553593150318,True
TMEM25,NEUTRAL,0.027393266824116025,0.13750352374993502,0.03952013020090035,0.17702365395083536,0.03967007218055802,0.03967007218055802,False
KIF1A,NEUTRAL,-0.009464285594213705,0.13750352374993502,-0.013654077892328968,0.12384944585760604,-0.01350413591267339,-0.013504135912673229,False
SH3PXD2A,NEUTRAL,0.034476341539578716,0.13750352374993502,0.04973884696714438,0.1872423707170794,0.049888788946800856,0.049888788946800544,False
ULBP1,DIG,1.380223083144715,0.53605290024021,1.991240997373356,2.527293897613566,2.3578720751160125,1.991390939353011,True
ORC1,NEUTRAL,0.04841064619967418,0.13750352374993502,0.06984179919850009,0.2073453229484351,0.06999174117815621,0.06999174117815651,False
CHRM4,DIG,1.445069701682961,0.26303440583379406,2.0847948923569017,2.3478292981906956,2.220684353547166,2.0849448343365595,True
PPP1R14A,DSG,-0.0046266746870840605,1.4594316186372973,-0.0066748806268626705,1.4527567380104347,1.320495350667455,-0.00652493864720786,False
TYW1,DSG,-0.04962517010396936,1.070389327891398,-0.07159398681226783,0.9987953410791303,0.8446783116594617,-0.0714440448326113,False
CYP4F8,DIG,-0.7881932310135764,0.53605290024021,-1.1371224656455359,-0.6010695654053259,-0.7415969996728283,-1.13697252366588,True
MRPS5,DIG,-0.7768954308000702,0.53605290024021,-1.120823185304556,-0.584770285064346,-0.7020755676255198,-1.1206732433249016,True
RGS17,DIG,-1.0845941326922053,0.53605290024021,-1.564738576612311,-1.0286856763721008,-1.1981074988696532,-1.564588634632655,True
RBL2,NEUTRAL,0.016954349337067114,0.13750352374993502,0.02445995571008581,0.16196347946002082,0.024609897689743993,0.024609897689743677,False
SYT1,DIG,1.5621838982621277,0.4329594072761063,2.2537549629793605,2.686714370255467,2.5444710477447074,2.2539049049590156,True
HECTD3,NEUTRAL,0.00400506785948323,0.13750352374993502,0.005778091539300233,0.14328161528923525,0.005928033518956556,0.005928033518956556,False
DISP2,NEUTRAL,-0.02676029329990676,0.13750352374993502,-0.03860694243650964,0.09889658131342538,-0.03845700045685203,-0.03845700045685236,False
ZYX,DSG,0.03627532620317859,1.3785116232537298,0.05233423321995522,1.430845856473685,1.2934922747034057,0.05248417519961088,False
FOSB,DIG,0.7547215107436798,0.6780719051126378,1.0888329808021333,1.7669048859147711,1.6517124474925773,1.088982922781789,True
RPS3AP47,NEUTRAL,0.006046221670805823,0.13750352374993502,0.008722854020586944,0.14622637777052197,0.008872796000243344,0.00887279600024398,False
SMIM19,DCG,0.9194152238435479,-0.7369655941662062,1.3264357839569028,0.5894701897906965,0.4521166080204165,1.3265857259365583,True
STARD10,DSG,0.07718568655681772,1.1375035237499351,0.11135540722313085,1.248858930973066,1.112805926185843,0.11150534920278811,False
MDFI,DSG,0.0915177992180229,1.485426827170242,0.1320322750849135,1.6174591022551554,1.479069627676894,0.1321822170645694,False
CACUL1,NEUTRAL,-0.0050748736591675146,0.13750352374993502,-0.007321495061219001,0.130182028688716,-0.0071715530815613234,-0.007171553081561485,False
OR1H1P,NEUTRAL,-0.012117686294190964,0.13750352374993502,-0.017482125923677466,0.12002139782625755,-0.017332183944021237,-0.017332183944021237,False
ADAMTS6,NEUTRAL,0.026420765571865623,0.13750352374993502,0.03811710746702039,0.17562063121695543,0.038267049446676735,0.038267049446676735,False
STX16-NPEPL1,DCG,-0.9947828773194868,1.4059923596758368,-1.4351683238700776,-0.029175964194240844,-0.15971403075980303,-1.4350183818904219,True
EFCAB8,DCG,-0.9208122137798005,1.2927817492278462,-1.3284512144101062,-0.035669465182259996,-0.17751429999763077,-1.3283012724304475,True
ZPLD2P,NEUTRAL,-0.0013188265546157133,0.13750352374993502,-0.0019026645301367673,0.13560085921979825,-0.0017527225504795983,-0.0017527225504797585,False
HSPA8P15,DIG,-1.3267018962884223,0.5849625007211562,-1.9140262465132907,-1.3290637457921344,-1.48578014485901,-1.913876304533631,True
ADAMTS12,DCG,-0.9628432821453453,1.3219280948873624,-1.3890892283043428,-0.06716113341698038,-0.19325294623836745,-1.3889392863246857,True
SCARA5,NEUTRAL,-0.021536349216805074,0.13750352374993502,-0.031070384213937593,0.10643313953599742,-0.030920442234281913,-0.03092044223428224,False
SCAANT1,NEUTRAL,0.0037320846343932047,0.13750352374993502,0.005384259994216977,0.142887783744152,0.005534201973873596,0.005534201973873277,False
ARHGEF3,NEUTRAL,0.00782097225729023,0.13750352374993502,0.011283277890522777,0.1487868016404578,0.011433219870180252,0.011433219870179617,False
IL20RA,DIG,0.6982951336724892,0.5849625007211562,1.007426926426196,1.592389427147352,1.435673028080473,1.0075768684058521,True
SAMMSON,NEUTRAL,0.021287617979988228,0.13750352374993502,0.03071154089206775,0.16821506464200275,0.030861482871723918,0.030861482871724546,False
H2AZ1,NEUTRAL,0.007417872465592709,0.13750352374993502,0.01070172782005739,0.1482052515699924,0.010851669799714986,0.010851669799715304,False
ESRG,NEUTRAL,0.01887818911662374,0.13750352374993502,0.027235469819517067,0.1647389935694521,0.02738541179917376,0.02738541179917376,False
PSMA2P3,NEUTRAL,0.030459320636613177,0.13750352374993502,0.043943510831288696,0.18144703458122372,0.044093452810944865,0.044093452810944865,False
GLULP6,DIG,-1.6862882302697233,0.53605290024021,-2.432799667319556,-1.896746767079346,-2.0540287577308316,-2.4326497253398554,True
NR3C2,NEUTRAL,0.05655004838441467,0.13750352374993502,0.08158447436622598,0.219087998116161,0.08173441634588217,0.08173441634588248,False
LEMD2,DSG,-0.1424934096359419,1.4594316186372973,-0.20557453544113302,1.2538570831961642,1.1331295010922462,-0.20542459346147587,False
FJX1,DIG,-1.233362141601868,0.37851162325372983,-1.7793654453092065,-1.4008538220554767,-1.5409197751448895,-1.7792155033295498,True
RBBP4,NEUTRAL,-0.0705018090048098,0.13750352374993502,-0.10171261022493996,0.035790913524995055,-0.1015626682452832,-0.10156266824528339,False
RMI1,NEUTRAL,-0.03737210842332233,0.13750352374993502,-0.053916555489891785,0.08358696826004323,-0.05376661351023621,-0.053766613510236046,False
DCTN4,DIG,-0.8570296667501355,0.37851162325372983,-1.2364324501151414,-0.8579208268614116,-0.9912980280899552,-1.2362825081354847,True
MRPS30-DT,DSG,0.14912072986158822,-0.7369655941662062,0.2151357374650561,-0.5218298567011501,-0.6591834384714295,0.21528567944471164,False
PFN1P1,DCG,-1.0087597848450636,1.3785116232537298,-1.4553327390441908,-0.07682111579046103,-0.22839242327422293,-1.4551827970645344,True
SNX5P2,NEUTRAL,0.04569127287695174,0.13750352374993502,0.06591857279148268,0.20342209654141769,0.0660685147711384,0.06606851477113779,False
SLC22A17,DIG,-0.8114285941748645,0.4854268271702419,-1.1706440088515802,-0.6852171816813383,-0.8024480139286293,-1.1704940668719253,True
C10orf71,DIG,-1.600113786897945,0.632268215499513,-2.308476225215725,-1.676208009716212,-1.8248129577973327,-2.3083262832360596,True
STEAP3-AS1,NEUTRAL,-0.008225350664476445,0.13750352374993502,-0.011866672613212908,0.1256368511367221,-0.01171673063355616,-0.011716730633556322,False
SEPTIN12,DCG,0.8260962309021546,-0.7369655941662062,1.1918049356196025,0.45483934145339633,0.3174857596831188,1.1919548775992592,True
MTDHP1,DSG,0.03729633617256871,1.5360529002402097,0.05380723923949254,1.5898601394797023,1.4436842316002956,0.05395718121914957,False
C12orf71,DSG,-0.08005443094496541,1.4594316186372973,-0.11549413052548957,1.3439374881118078,1.19678172933791,-0.11534418854583259,False
GEM,DCG,-1.0390914429697256,1.3785116232537298,-1.4990920718025802,-0.12058044854885042,-0.2656833595517717,-1.4989421298229242,True
SEC24D,NEUTRAL,0.03729725306087491,0.13750352374993502,0.053808562029704944,0.19131208577963996,0.05395850400936078,0.053958504009360475,False
LHFPL5,DIG,-1.5183929694019886,0.5849625007211562,-2.1905780070769167,-1.6056155063557607,-1.7421533225601513,-2.1904280650972607,True
PCSK9,NEUTRAL,0.05854157066608586,0.13750352374993502,0.08445763368581288,0.2219611574357479,0.08460757566546787,0.08460757566546817,False
RANBP2,NEUTRAL,-0.007124646253151299,0.13750352374993502,-0.010278691817509513,0.1272248319324255,-0.010128749837852766,-0.010128749837852927,False
GCNT2,DSG,-0.07606405208102421,1.5360529002402097,-0.10973723072721348,1.4263156695129962,1.2869607911698995,-0.10958728874755815,False
ENTPD5,NEUTRAL,-0.04559413034712317,0.13750352374993502,-0.06577842574543959,0.07172509800449543,-0.06562848376578229,-0.06562848376578262,False
ZNF569,DSG,0.008931084487281032,1.4059923596758368,0.012884831299560695,1.4188771909753974,1.2782686796251865,0.013034773279217366,False
SLC17A8,NEUTRAL,0.05741956861411997,0.13750352374993502,0.08283892688957445,0.22034245063950947,0.08298886886923089,0.0829888688692312,False
THAP8,DSG,0.05659859329760317,-0.7369655941662062,0.08165450987174341,-0.6553110842944628,-0.7926646660647436,0.08180445185139833,False
TAF6L,DIG,-1.4679808609151992,0.5849625007211562,-2.1178487081622692,-1.5328862074411131,-1.6617483199790002,-2.1176987661826145,True
LINC02812,DIG,-0.6190895850748684,0.37851162325372983,-0.8931574742535188,-0.5146458509997889,-0.6814510658190207,-0.8930075322738588,True
SMC4,DSG,0.07226374800511479,-0.7369655941662062,0.10425455088302882,-0.6327110432831774,-0.770064625053456,0.10440449286268537,False
BNIP3P11,DSG,0.16331891781184438,1.3219280948873624,0.23561939281050007,1.5575474876978626,1.4165319628958901,0.2357693347901563,False
DFFB,NEUTRAL,-0.02968287047204431,0.13750352374993502,-0.04282333002936777,0.09468019372056724,-0.042673388049710666,-0.04267338804971033,False
PRSS51,NEUTRAL,0.03296387489845149,0.13750352374993502,0.04755681884448015,0.18506034259441517,0.04770676082413665,0.04770676082413603,False
UQCR11,NEUTRAL,-0.04949296792454784,0.13750352374993502,-0.0714032593836217,0.06610026436631332,-0.07125331740396569,-0.07125331740396586,False
LAPTM4A,DIG,-1.0844764242088323,0.4329594072761063,-1.564568759167078,-1.1316093518909718,-1.258282321822565,-1.5644188171874223,True
SLC20A2,DCG,0.9711516357197979,-0.7369655941662062,1.4010756488041576,0.6641100546379514,0.5267564728676718,1.4012255907838134,True
MRPS31P4,NEUTRAL,0.00205026137406898,0.13750352374993502,0.00295790191689551,0.14046142566683054,0.003107843896553469,0.0031078438965531493,False
ANAPC10,NEUTRAL,-0.045938726717663345,0.13750352374993502,-0.06627557322032623,0.07122795052960879,-0.06612563124066963,-0.06612563124066963,False
TAPBPL,DSG,-0.06097455993572132,1.3785116232537298,-0.08796769523965202,1.2905439280140778,1.1531903462438,-0.08781775325999469,False
SERPINB8,NEUTRAL,0.04860161111573716,0.13750352374993502,0.07011730333588792,0.20762082708582294,0.07026724531554476,0.07026724531554476,False
GBE1,NEUTRAL,0.005129000466934273,0.13750352374993502,0.0073995835383632545,0.14490310728829828,0.007549525518021244,0.007549525518021244,False
TECR,DIG,-1.5917772078162216,0.632268215499513,-2.296449083916544,-1.664180868417031,-1.8089589409415652,-2.296299141936889,True
ELOVL5,DSG,0.04885182091384571,1.1043366598147357,0.07047827977080096,1.1748149395855367,1.0261364844314638,0.07062822175045792,False
PHF11,NEUTRAL,-0.0887297680719255,0.13750352374993502,-0.1280099963765948,0.009493527373340221,-0.12786005439693712,-0.12786005439693732,False
CCDC15,NEUTRAL,0.008330157017394814,0.13750352374993502,0.012017876218821897,0.1495213999687569,0.012167818198480028,0.012167818198479391,False
AUTS2,DSG,-0.059995782123622596,1.1043366598147357,-0.08655561734400505,1.0177810424707308,0.8883756552592519,-0.08640567536435037,False
MYL4,DIG,1.157930690219111,0.37851162325372983,1.6705408644722461,2.049052487725976,1.8842219946534204,1.6706908064519013,True
BTF3P10,DIG,1.050183017127071,0.4854268271702419,1.5150938308350348,2.000520658005277,1.8475595235762905,1.5152437728146892,True
NDST3,NEUTRAL,0.03799183708128267,0.13750352374993502,0.05481063495142794,0.19231415870136295,0.05496057693108442,0.05496057693108411,False
SLC26A4-AS1,DIG,1.1905808170279903,0.5849625007211562,1.7176450405038122,2.3026075412249685,2.140161422151777,1.7177949824834688,True
REEP3,DIG,0.9192338690024193,0.5849625007211562,1.3261741442269654,1.9111366449481215,1.7856048583278625,1.3263240862066201,True
HLA-DPA1,DSG,-0.029826151831293994,1.1699250014423124,-0.04303004133580912,1.1268949601065033,1.0025622583941336,-0.04288009935615341,False
MIR6126,DCG,-0.937797485013475,1.070389327891398,-1.3529557809870825,-0.2825664530956844,-0.40622232550656784,-1.3528058390074247,True
HNRNPCP2,NEUTRAL,0.007117337194574289,0.13750352374993502,0.010268147074946894,0.1477716708248819,0.01041808905460262,0.01041808905460262,False
CNTLN,DIG,-0.9381982909734949,0.4329594072761063,-1.353534021757962,-0.9205746144818556,-1.0729166821072118,-1.353384079778307,True
JAK3,DIG,-1.3590692360845689,0.632268215499513,-1.9607224471239595,-1.3284542316244465,-1.4732323041489803,-1.960572505144304,True
LINC02473,NEUTRAL,0.00106078697399669,0.13750352374993502,0.0015303921068246344,0.13903391585675964,0.0016803340864819194,0.0016803340864819194,False
RAB1A,DIG,0.8681861406552254,0.4854268271702419,1.2525278396918218,1.7379546668620636,1.5710811299793923,1.2526777816714778,True
DTNBP1,DSG,0.015006388681603451,1.232660756790275,0.02164964253260157,1.2543103993228766,1.0986960105984236,0.02179958451225846,False
LAMB2P1,NEUTRAL,0.048462045564483275,0.13750352374993502,0.069915952807215,0.20741947655715004,0.07006589478687061,0.07006589478687092,False
CYCSP55,DSG,-0.017865130614921006,1.4329594072761063,-0.02577393534298013,1.407185471933126,1.2730711949869724,-0.025623993363322935,False
PML,NEUTRAL,0.062156136261961585,0.13750352374993502,0.08967234954595066,0.22717587329588568,0.08982229152560697,0.08982229152560788,False
CNIH3,DCG,2.0794415416798357,-3.321928094887362,3.0,-0.3219280948873622,-0.45928167665764025,3.000149941979657,True
RAMACL,NEUTRAL,-0.04166137532093041,0.13750352374993502,-0.06010465957212015,0.07739886417781487,-0.05995471759246474,-0.05995471759246457,False
KRT8P47,DIG,1.5944525369560458,0.37851162325372983,2.300308767999314,2.678820391253044,2.515052143183838,2.300458709978971,True
CGN,DCG,0.8227589076259529,-0.7369655941662062,1.186990195879183,0.45002460171297687,0.31267101994269836,1.1871401378588398,True
SEMA3G,NEUTRAL,-0.0426313025828547,0.13750352374993502,-0.061503968822921334,0.07599955492701368,-0.061354026843264506,-0.06135402684326484,False
CRTC3,DIG,0.939444641456099,0.5849625007211562,1.3553321254184243,1.9402946261395804,1.781681169179428,1.3554820673980794,True
CLDN3,DSG,-0.0026248201277419315,-0.7369655941662062,-0.00378681498151882,-0.740752409147725,-0.8781059909180049,-0.0036368730018635116,False
EXOC6B,DIG,-0.7019195799212301,0.4329594072761063,-1.012655897055223,-0.5796964897791168,-0.7328842260716075,-1.0125059550755666,True
ZNF180,DIG,-1.7311522248600928,0.5849625007211562,-2.4975247298295518,-1.9125622291083957,-2.0476885229034814,-2.497374787849897,True
CD276,NEUTRAL,0.006854554509491221,0.13750352374993502,0.009889031798346066,0.1473925555482811,0.010038973778003158,0.010038973778003476,False
RPS6KA4,DIG,-0.6941196168470734,0.632268215499513,-1.00140292900902,-0.3691347135095071,-0.5038076120836443,-1.0012529870293652,True
CBLN3,DIG,0.777182816973655,0.4854268271702419,1.121237795912007,1.6066646230822488,1.4528950269807126,1.1213877378916624,True
PAX5,DIG,1.0102461788444663,0.4854268271702419,1.4574771522959364,1.9429039794661782,1.8038561034295135,1.4576270942755924,True
IGFBP7-AS1,NEUTRAL,0.030190769837848564,0.13750352374993502,0.04355607392568422,0.18105959767561924,0.04370601590533976,0.043706015905340075,False
RPL7AP31,DIG,-1.7000957767006684,0.32192809488736235,-2.452719746082325,-2.1307916511949627,-2.2290604183650644,-2.45256980410267,True
ZNF844,DIG,1.5950711290764457,0.5849625007211562,2.301201207783748,2.886163708504904,2.756816342040501,2.301351149763404,True
KCNE3,DIG,1.5705738632755195,0.37851162325372983,2.265859123897413,2.644370747151143,2.511735971797429,2.266009065877069,True
ZNF76,DIG,0.6096262921547877,0.5849625007211562,0.8795048284872385,1.4644673292083947,1.3447312817033488,0.8796547704668943,True
ATP13A5-AS1,DCG,-1.067733174568222,1.4059923596758368,-1.5404133559422037,-0.13442099626636694,-0.27511877265530216,-1.5402634139625428,True
CCNG2,DIG,1.390743616369541,0.4329594072761063,2.0064189184843197,2.4393783257604262,2.3061831225783074,2.0065688604639753,True
SNHG22,NEUTRAL,-0.016582796950926175,0.13750352374993502,-0.023923918925169818,0.1135796048247652,-0.023773976945512643,-0.023773976945513295,False
NECAP1P1,DSG,0.07850410669683039,-0.7369655941662062,0.11325748542093526,-0.6237081087452709,-0.7610616905155472,0.11340742740059304,False
FAM151A,DIG,0.7371191151963942,0.4329594072761063,1.0634380920382984,1.4963974993144047,1.342244099963792,1.0635880340179544,True
ABHD5,NEUTRAL,0.024061859760355405,0.13750352374993502,0.034713925750830446,0.17221744950076545,0.03486386773048676,0.03486386773048676,False
RN7SL738P,DCG,-0.9698786209793079,1.4059923596758368,-1.399239076751074,0.006753282924762738,-0.1395036044796481,-1.3990891347714098,True
SFMBT2,DCG,-1.0580166105679931,1.5109619192773793,-1.5263953172445932,-0.01543339796721388,-0.14771788478585032,-1.526245375264937,True
KCNH3,DIG,-1.7234519936037704,0.6780719051126378,-2.4864156443823573,-1.8083437392697195,-1.9682041979436167,-2.4862657024027013,True
GATM,NEUTRAL,0.020885020720826993,0.13750352374993502,0.030130715822800348,0.16763423957273538,0.030280657802457856,0.030280657802457856,False
COL4A2-AS2,DIG,-1.6708804508214017,0.13750352374993502,-2.410570940318352,-2.273067416568417,-2.4069049669331686,-2.4104209983386955,True
MIR4763,NEUTRAL,0.07688486958876853,0.13750352374993502,0.11092142007511104,0.24842494382504604,0.11107136205476792,0.11107136205476792,False
MARCHF11,DCG,-0.8420309118933239,1.2927817492278462,-1.2147938208637101,0.07798792836413604,-0.06621835042548495,-1.214643878884052,True
UTP4,NEUTRAL,0.0005836508327276953,0.13750352374993502,0.0008420301619869599,0.138345553911922,0.0009919721416429305,0.0009919721416426102,False
PDZPH1P,NEUTRAL,0.012290098611272041,0.13750352374993502,0.01773086431851851,0.15523438806845352,0.017880806298175355,0.01788080629817567,False
CCR4,NEUTRAL,0.030638637898312514,0.13750352374993502,0.04420221095548812,0.18170573470542314,0.044352152935143684,0.044352152935143684,False
MARK1,DCG,-0.702319013075531,1.1375035237499351,-1.0132321572860996,0.12427136646383552,-0.01411757141707272,-1.0130822153064434,True
ODR4,DCG,0.8579918047674248,-0.7369655941662062,1.2378205218613354,0.5008549276951292,0.36350134592484956,1.2379704638409905,True
SLC30A3,DIG,0.6135012229573951,0.5849625007211562,0.8850951719399481,1.4700576726611043,1.3244848493258838,0.8852451139196034,True
STK11,NEUTRAL,-0.009547179323079025,0.13750352374993502,-0.01377366826388376,0.12372985548605125,-0.01362372628422643,-0.013623726284226268,False
COX6B1P5,NEUTRAL,-0.012864299137955514,0.13750352374993502,-0.018559260570840588,0.11894426317909443,-0.018409318591184186,-0.018409318591183863,False
BARX2,NEUTRAL,-0.0005213668521625587,0.13750352374993502,-0.0007521733720988128,0.1367513503778362,-0.0006022313924411095,-0.0006022313924411095,False
CHP2,DCG,-0.8100602787552935,1.070389327891398,-1.1686699469813933,-0.09828061908999519,-0.2554790834951862,-1.168520005001735,True
ELP3,NEUTRAL,0.015076969016566931,0.13750352374993502,0.021751468431837662,0.1592549921817727,0.02190141041149485,0.021901410411494536,False
SERPINH1,DIG,-0.6460103997627678,0.4854268271702419,-0.9319960001004418,-0.44656917293019993,-0.5808867908120434,-0.9318460581207855,True
PCDHB8,DIG,-0.9546987725939184,0.37851162325372983,-1.3773391847640264,-0.9988275615102966,-1.13220476273884,-1.3771892427843702,True
CYP3A4,DSG,-0.01664685964828589,1.5109619192773793,-0.02401634186095665,1.4869455774164226,1.3631452727972042,-0.023866399881299794,False
FAM241A,NEUTRAL,0.028838996694598495,0.13750352374993502,0.04160587751551046,0.17910940126544547,0.04175581949516838,0.041755819495168066,False
ADGRL4,NEUTRAL,-0.03417831883591839,0.13750352374993502,-0.04930889109050131,0.08819463265943371,-0.04915894911084393,-0.04915894911084443,False
PTP4A2P2,NEUTRAL,0.006601250223324852,0.13750352374993502,0.009523590960857926,0.14702711471079294,0.009673532940514314,0.009673532940514314,False
PROM2,DIG,0.7446449478666541,0.632268215499513,1.0742955735102426,1.7065637890097556,1.542920128756295,1.074445515489898,True
BCS1L,NEUTRAL,-0.024649907361161915,0.13750352374993502,-0.03556229910832065,0.10194122464161437,-0.03541235712866459,-0.03541235712866459,False
RPS27AP1,NEUTRAL,0.057583999043831866,0.13750352374993502,0.08307614985509104,0.22057967360502606,0.08322609183474766,0.08322609183474766,False
KLRA1P,DSG,0.034518419873768705,1.2630344058337937,0.049799553171209154,1.3128339590050029,1.1704692643516856,0.04994949515086425,False
MROH7-TTC4,DIG,0.5799893226613684,0.53605290024021,0.836747719572105,1.372800619812315,1.2153535889035243,0.8368976615517617,True
SLC28A3,NEUTRAL,0.04327488174633755,0.13750352374993502,0.06243245729049751,0.19993598104043253,0.0625823992701558,0.06258239927015549,False
SYNC,NEUTRAL,-0.055017841595404404,0.13750352374993502,-0.07937396723010447,0.05812955651983055,-0.07922402525044768,-0.07922402525044785,False
RPL5P5,DCG,-0.9487177583951953,1.1375035237499351,-1.368710405240042,-0.23120688149010693,-0.35295985885931375,-1.3685604632603867,True
LINC01977,DCG,-0.8845769003395871,1.3785116232537298,-1.2761747074048533,0.1023369158488765,-0.03501666592140216,-1.2760247654251968,True
UBOX5,DSG,0.020233717878729827,1.4059923596758368,0.029191084442389877,1.4351834441182267,1.2903961184380484,0.029341026422045908,False
RTCB,NEUTRAL,-0.012112173886044996,0.13750352374993502,-0.017474173199781923,0.1200293505501531,-0.017324231220125438,-0.017324231220125764,False
ANKS1B,NEUTRAL,0.02402316211804979,0.13750352374993502,0.03465809685418204,0.17216162060411705,0.03480803883383935,0.03480803883383966,False
SLAMF8,DCG,-0.8505963640365464,1.2630344058337937,-1.227151156193709,0.03588324964008471,-0.0975203985242308,-1.2270012142140523,True
AMBP,NEUTRAL,-0.07769524504383894,0.13750352374993502,-0.11209054472539925,0.025412979024535765,-0.1119406027457439,-0.11194060274574372,False
ACACA,DIG,1.6622209828449401,0.53605290024021,2.398077968811974,2.934130869052184,2.804233845611784,2.3982279107916287,True
TMEM101,NEUTRAL,0.05412970680268972,0.13750352374993502,0.07809265956901405,0.2155961833189491,0.07824260154866931,0.07824260154866992,False
ABRAXAS1,NEUTRAL,-0.022831718729296065,0.13750352374993502,-0.0329392073857271,0.10456431636420792,-0.03278926540607103,-0.03278926540607086,False
LTBP1,DIG,0.9120485844935101,0.53605290024021,1.3158079698985858,1.851860870138796,1.7195707692758946,1.3159579118782412,True
PLAAT3,DIG,0.6425088333096562,0.53605290024021,0.9269443075431947,1.4629972077834048,1.322202057387342,0.9270942495228514,True
YTHDF2,NEUTRAL,0.018172187695263926,0.13750352374993502,0.02621692507006071,0.16372044881999573,0.02636686704971682,0.02636686704971745,False
FAM215A,NEUTRAL,0.010528796531630732,0.13750352374993502,0.015189842542712577,0.1526933662926476,0.015339784522369173,0.01533978452236949,False
VPS33A,DIG,1.1229683447682288,0.4329594072761063,1.6201008620724116,2.053060269348518,1.8708420887168062,1.6202508040520671,True
TOX3,NEUTRAL,0.03732708918756263,0.13750352374993502,0.053851606461716654,0.19135513021165168,0.054001548441374544,0.05400154844137485,False
RNASEH1,DIG,-1.4325249361930052,0.632268215499513,-2.0666966213954274,-1.4344284058959145,-1.5611770635066688,-2.066546679415771,True
EIF4E3,NEUTRAL,0.013584540105258544,0.13750352374993502,0.019598348642613738,0.15710187239254875,0.01974829062226998,0.019748290622269665,False
LINC01094,NEUTRAL,-0.004165142851253692,0.13750352374993502,-0.0060090309360978185,0.1314944928138372,-0.005859088956440163,-0.005859088956440163,False
CHAF1A,NEUTRAL,0.022125415780995365,0.13750352374993502,0.031920227624848425,0.16942375137478344,0.032070169604506184,0.0320701696045065,False
LINC01068,NEUTRAL,0.014031935461272849,0.13750352374993502,0.020243803704052328,0.15774732745398734,0.02039374568370934,0.02039374568370934,False
ZNF346-IT1,DIG,-1.494181375639472,0.53605290024021,-2.1556480608237156,-1.6195951605835055,-1.771915567798763,-2.1554981188440543,True
RPL21P5,DIG,-1.4669248944071993,0.26303440583379406,-2.116325270517833,-1.8532908646840387,-1.9804358093275591,-2.116175328538163,True
TAF1B,DIG,-1.581245770678594,0.5849625007211562,-2.281255431784655,-1.6962929310634989,-1.827244603699344,-2.281105489804998,True
EFNB2,DIG,-1.0366419335176111,0.2016338611696507,-1.4955581766634043,-1.2939243154937536,-1.4484657522673192,-1.4954082346837472,True
RAD23B,NEUTRAL,0.04138521510586388,0.13750352374993502,0.059706244599352844,0.19720976834928786,0.05985618657900947,0.059856186579009776,False
IMPA1,DCG,-0.8343646653524022,1.2016338611696507,-1.2037337649968902,-0.0020999038272395687,-0.13815236335169098,-1.203583823017233,True
KLF4,NEUTRAL,0.07404879422747805,0.13750352374993502,0.10682982821578989,0.24433335196572492,0.1069797701954465,0.1069797701954468,False
FDXACB1,NEUTRAL,-0.009761644857060194,0.13750352374993502,-0.014083076626199995,0.12342044712373502,-0.01393313464654221,-0.013933134646542049,False
CXCL5,DIG,1.023181248617587,0.37851162325372983,1.4761385133111706,1.8546501365649004,1.6898196434923443,1.4762884552908246,True
DPH5,NEUTRAL,0.01792137330812983,0.13750352374993502,0.025855076397558747,0.16335860014749376,0.02600501837721655,0.026005018377216235,False
FZD4,DIG,-1.6819230711276125,0.26303440583379406,-2.426502073872542,-2.163467668038748,-2.302719970631387,-2.4263521318928865,True
FLVCR2,NEUTRAL,-0.045727752306707316,0.13750352374993502,-0.06597120148388551,0.07153232226604951,-0.0658212595042285,-0.0658212595042285,False
VWA5A,NEUTRAL,0.018090565463139342,0.13750352374993502,0.026099169080548285,0.16360269283048332,0.026249111060203955,0.026249111060203955,False
TAX1BP1,DSG,0.11272988054920124,-0.7369655941662062,0.16263483962833786,-0.5743307545378684,-0.7116843363081473,0.16278478160799448,False
TUSC3,NEUTRAL,-0.011911481710897863,0.13750352374993502,-0.017184635593951933,0.12031888815598309,-0.01703469361429574,-0.017034693614296062,False
S100A6,DCG,-0.7587160439647415,1.232660756790275,-1.0945958740708253,0.13806488271944972,0.0049461027024929214,-1.0944459320911688,True
RPL7P23,NEUTRAL,0.020105299815232087,0.13750352374993502,0.029005816339021124,0.16650934008895615,0.029155758318676762,0.029155758318676762,False
SNX1,NEUTRAL,-0.016985141735388315,0.13750352374993502,-0.024504379750440883,0.11299914399949414,-0.024354437770783582,-0.024354437770783745,False
APOA1,NEUTRAL,-0.03582965834164608,0.13750352374993502,-0.05169127040623868,0.08581225334369634,-0.05154132842658169,-0.05154132842658119,False
CAMK2A,DIG,-1.550297403171168,0.37851162325372983,-2.236606375458082,-1.8580947522043523,-2.0265397229459037,-2.236456433478425,True
ZNF394,DSG,-0.0062869356175799,1.2016338611696507,-0.009070130837870715,1.19256373033178,1.0740650167639199,-0.008920188858213435,False
ZNF681,DIG,-0.8899187590380931,0.5849625007211562,-1.2838813804583173,-0.6989188797371612,-0.8620218491396188,-1.2837314384786613,True
CBLC,DIG,-0.8295551685815332,0.632268215499513,-1.196795127856386,-0.564526912356873,-0.6923495221722832,-1.1966451858767315,True
SNORA4,DCG,-0.8819987607749171,1.2927817492278462,-1.2724552382401841,0.020326510987662028,-0.12151832382771101,-1.272305296260529,True
UBAP1L,NEUTRAL,0.03315681100356256,0.13750352374993502,0.047835166806532325,0.18533869055646734,0.04798510878618964,0.04798510878618964,False
KRT18P59,NEUTRAL,0.031968352174075516,0.13750352374993502,0.04612058314693066,0.18362410689686567,0.04627052512658779,0.04627052512658779,False
STAG1,DSG,-0.019460817886044795,1.4329594072761063,-0.028076025455840065,1.4048833818202662,1.264978889791343,-0.027926083476185276,False
CSK,NEUTRAL,0.00890791142868584,0.13750352374993502,0.012851399642843181,0.1503549233927782,0.013001341622499784,0.013001341622500101,False
CPNE2,NEUTRAL,0.0012910691840750607,0.13750352374993502,0.0018626191093096503,0.13936614285924467,0.0020125610889670967,0.0020125610889670967,False
TBC1D15,DSG,-0.07995928473281567,1.2927817492278462,-0.11535686355706179,1.1774248856707843,1.0548103974759153,-0.11520692157740559,False
RNF213,DCG,-0.9849164250410481,1.2927817492278462,-1.4209340420968066,-0.12815229286896046,-0.25306993455381294,-1.4207841001171504,True
MIR3652,NEUTRAL,-0.009179194960497123,0.13750352374993502,-0.013242779048862164,0.12426074470107286,-0.013092837069205053,-0.013092837069205538,False
HRH3,DCG,-1.095599974439639,1.4329594072761063,-1.5806166499221423,-0.14765724264603608,-0.2743649446319046,-1.5804667079424826,True
LCA5L,DIG,-0.644840809861774,0.4329594072761063,-0.9303086385504042,-0.4973492312742979,-0.6454630860904111,-0.9301586965707488,True
TGS1,DCG,-1.1130753306099268,1.4329594072761063,-1.6058282596067848,-0.1728688523306785,-0.2982764552320934,-1.6056783176271292,True
ZBTB25,NEUTRAL,-0.017137126773375304,0.13750352374993502,-0.024723647811034033,0.11277987593890099,-0.024573705831378138,-0.024573705831378464,False
CD151,NEUTRAL,0.0186083638640747,0.13750352374993502,0.02684619426575796,0.16434971801569298,0.026996136245415466,0.026996136245415466,False
LINC00377,NEUTRAL,-0.01632934211162772,0.13750352374993502,-0.02355826088542463,0.11394526286451039,-0.02340831890576811,-0.023408318905767785,False
MIR196B,DSG,-0.011566642018982214,1.5109619192773793,-0.016687137080523547,1.4942747821968558,1.354864323854726,-0.016537195100866067,False
TMEM200B,NEUTRAL,-0.013415967681205678,0.13750352374993502,-0.019355150042402038,0.11814837370753298,-0.019205208062746264,-0.019205208062746913,False
SERPINA6,NEUTRAL,0.031482204442498066,0.13750352374993502,0.04541922022544445,0.18292274397537947,0.04556916220510264,0.04556916220510264,False
DUXAP4,DIG,-1.488755347689964,0.632268215499513,-2.1478199572092356,-1.5155517417097226,-1.664156689790833,-2.1476700152295516,True
HOXA13,DSG,-0.00601178708172449,1.1043366598147357,-0.008673175409684255,1.0956634844050515,0.9491418775111589,-0.008523233430029182,False
FAM43B,NEUTRAL,0.01166067888786444,0.13750352374993502,0.016822803604920663,0.15432632735485569,0.016972745584576846,0.016972745584577162,False
PLPP3,DIG,1.4147518053907657,0.5849625007211562,2.0410554137259656,2.6260179144471216,2.488081818885043,2.041205355705622,True
PARD3B,NEUTRAL,0.04741346383563047,0.13750352374993502,0.06840316914703229,0.2059066928969673,0.06855311112668803,0.06855311112668834,False
SLC7A2,NEUTRAL,-0.03646180947766123,0.13750352374993502,-0.05260327171526006,0.08490025203467497,-0.052453329735603044,-0.05245332973560288,False
OR51E1,NEUTRAL,0.040931972849601504,0.13750352374993502,0.05905235424392178,0.1965558779938568,0.059202296223579226,0.059202296223579226,False
CFAP36,DIG,1.2146821583579825,0.4329594072761063,1.752415926119364,2.1853753333954704,2.0321875971029777,1.7525658680990197,True
FAM53B,NEUTRAL,0.01956650509113678,0.13750352374993502,0.028228499862511688,0.1657320236124467,0.02837844184216782,0.02837844184216782,False
PKD1L1,DSG,-0.13875910687520845,-0.7369655941662062,-0.20018707536704491,-0.9371526695332512,-1.0745062513035288,-0.20003713338738754,False
RTN2,DIG,1.415459173648381,0.632268215499513,2.0420759304033096,2.6743441459028228,2.5525535206666854,2.0422258723829647,True
SUCNR1,DSG,0.02655799464258301,1.2927817492278462,0.03831508716681017,1.3310968363946563,1.1935279698947567,0.03846502914646759,False
MIR711,NEUTRAL,0.008286923933695395,0.13750352374993502,0.011955504063366408,0.14945902781330142,0.012105446043023518,0.012105446043023835,False
UGT1A1,NEUTRAL,-0.042139478225620045,0.13750352374993502,-0.0607944162617505,0.07670910748818452,-0.0606444742820933,-0.06064447428209313,False
FYTTD1,DCG,-0.9011412184103682,1.1043366598147357,-1.3000719669412766,-0.19573530712654086,-0.34452440461355044,-1.2999220249616203,True
CEP290,DIG,0.7426909338813643,0.4854268271702419,1.0714765272238373,1.5569033543940791,1.386213497933597,1.0716264692034936,True
GRHL3-AS1,NEUTRAL,0.05181296371385792,0.13750352374993502,0.07475030580374263,0.21225382955367766,0.07490024778339935,0.07490024778339904,False
COPS9,NEUTRAL,-0.0402310411504191,0.13750352374993502,-0.058041123557509455,0.07946240019242556,-0.057891181577851586,-0.05789118157785175,False
MARCHF10,DCG,-0.8234346436818044,1.2016338611696507,-1.1879650769359098,0.01366878423374085,-0.12080494750574125,-1.1878151349562547,True
C1QB,NEUTRAL,-0.006860914397871085,0.13750352374993502,-0.009898207177772303,0.12760531657216273,-0.009748265198114744,-0.009748265198115065,False
TPST1,DSG,-0.06406993660266073,1.232660756790275,-0.09243337980672893,1.140227376983546,1.011414299632045,-0.09228343782707189,False
TAX1BP1-AS1,DSG,0.03295181457171138,1.2630344058337937,0.0475394194709007,1.3105738253046944,1.1722321470405965,0.047689361450557424,False
ITGA8,DCG,-0.8612918278316277,1.3219280948873624,-1.2425814487708802,0.07934664611648223,-0.06959341347522044,-1.2424315067912226,True
RPL18AP7,NEUTRAL,-0.014650151922724796,0.13750352374993502,-0.021135701527184976,0.11636782222275005,-0.020985759547528085,-0.020985759547528085,False
SNAP23,NEUTRAL,0.07452544841263349,0.13750352374993502,0.10751749484493262,0.24502101859486763,0.10766743682458849,0.1076674368245882,False
BLOC1S5-TXNDC5,DSG,0.0060418570426756454,1.3785116232537298,0.008716557193228213,1.387228180446958,1.239844571161586,0.008866499172883392,False
ACSF2,DSG,-0.01006992295477239,1.5109619192773793,-0.014527827908984065,1.4964340913683953,1.366126332105209,-0.014377885929328054,False
ZNF518A,NEUTRAL,0.02367721585663132,0.13750352374993502,0.034159001898419535,0.17166252564835455,0.034308943878076724,0.03430894387807641,False
TNFAIP1,DSG,-0.049605623750538785,1.4594316186372973,-0.07156578738510609,1.3878658312521912,1.2600367499850709,-0.07141584540545037,False
KANSL1L,NEUTRAL,0.02706781408433375,0.13750352374993502,0.039050601147172743,0.17655412489710776,0.039200543126828497,0.039200543126828497,False
KIAA1549,DSG,-0.019543310547314296,1.4059923596758368,-0.02819503720916331,1.3777973224666735,1.2538958921137404,-0.028045095229508096,False
MIR3189,DIG,-1.0986204725233113,0.4854268271702419,-1.5849743075284708,-1.099547480358229,-1.2585709118572268,-1.5848243655487984,True
ARID5B,DIG,1.0093663697231927,0.53605290024021,1.456207856039746,1.992260756279956,1.8725901362350323,1.4563577980194011,True
SLC35F1,DIG,1.1460790369899445,0.53605290024021,1.6534425431321917,2.189495443372402,2.045052467670146,1.6535924851118464,True
FBXW10,NEUTRAL,-0.011169404772659482,0.13750352374993502,-0.016114044875197357,0.12138947887473767,-0.015964102895540472,-0.015964102895540472,False
TTC28-AS1,NEUTRAL,-0.02485923543543284,0.13750352374993502,-0.03586429568299015,0.10163922806694486,-0.03571435370333293,-0.035714353703332605,False
MARCHF4,NEUTRAL,0.03876605179035727,0.13750352374993502,0.055927590672793154,0.19343111442272817,0.056077532652450295,0.0560775326524506,False
GATA3-AS1,DCG,-0.785011152358088,1.2630344058337937,-1.1325316965495442,0.13050270928424945,-0.005079117226467188,-1.1323817545698875,True
ITGB4,DCG,-0.9033749832748476,1.232660756790275,-1.3032946084337729,-0.07063385164349789,-0.18664614260941184,-1.3031446664541173,True
SMARCD1,DIG,0.5937139986570621,0.4329594072761063,0.8565482415689002,1.2895076488450066,1.1687605047432672,0.856698183548556,True
SLC13A5,NEUTRAL,-0.0047490793911114295,0.13750352374993502,-0.006851473286344437,0.13065205046359057,-0.006701531306686455,-0.00670153130668742,False
CNN2,NEUTRAL,0.0058420508062818274,0.13750352374993502,0.008428297726844163,0.1459318214767792,0.008578239706500193,0.008578239706500193,False
NPM1P35,DIG,-1.1259945535698093,0.5849625007211562,-1.624466758503146,-1.03950425778199,-1.1585215074854367,-1.624316816523486,True
PIK3C2A,DIG,-1.6633350005549385,0.4329594072761063,-2.399685156637651,-1.9667257493615449,-2.1058380837765456,-2.399535214657996,True
GULOP,NEUTRAL,0.009862634216426438,0.13750352374993502,0.01422877347414023,0.15173229722407525,0.01437871545379635,0.014378715453796032,False
MCHR1,NEUTRAL,0.009695513142545353,0.13750352374993502,0.013987668729623952,0.15149119247955897,0.014137610709281953,0.014137610709281637,False
DOK1,DIG,-1.4044746218097806,0.4329594072761063,-2.026228571939373,-1.5932691646632666,-1.7199421345948605,-2.026078629959718,True
PDGFD,NEUTRAL,0.05129445230298411,0.13750352374993502,0.07400225196263065,0.21150577571256568,0.07415219394228832,0.07415219394228832,False
CPVL,DSG,0.019982881652195153,1.3785116232537298,0.028829204262293004,1.4073408275160229,1.277695172324385,0.028979146241949114,False
DDA1,DIG,0.8551882335336096,0.632268215499513,1.2337758235455314,1.8660440390450443,1.7212659665205108,1.233925765525187,True
UBE2F,NEUTRAL,-0.02942267843656747,0.13750352374993502,-0.04244795227010653,0.09505557147982849,-0.04229801029045009,-0.04229801029045009,False
LINC01798,DIG,0.9889877310998023,0.5849625007211562,1.4268076951577124,2.0117701958788685,1.8777592690724862,1.426957637137368,True
PPARGC1B,DIG,-0.9881045532807566,0.32192809488736235,-1.4255335388979522,-1.1036054440105898,-1.2536008318056306,-1.4253835969182953,True
SCN3A,NEUTRAL,0.018077304957467056,0.13750352374993502,0.026080038214775197,0.16358356196471022,0.02622998019443206,0.02622998019443206,False
OR5AK4P,DIG,-1.6607505049779263,0.53605290024021,-2.3959565176854962,-1.859903617445286,-1.9926632110610638,-2.3958065757058007,True
FOXP4-AS1,DSG,-0.047198679235134405,1.2630344058337937,-0.0680933004690373,1.1949411053647563,1.0782929111134032,-0.06794335848937993,False
MCPH1,NEUTRAL,-0.027449656727710787,0.13750352374993502,-0.03960148363517273,0.09790204011476229,-0.03945154165551623,-0.039451541655516884,False
HBS1L,DIG,0.7033885723841584,0.53605290024021,1.014775205196593,1.550828105436803,1.4103006711692996,1.014925147176248,True
BATF3,DCG,-0.8658601985449301,1.232660756790275,-1.249172214543904,-0.016511457753628944,-0.14235675552985233,-1.249022272564247,True
PLBD1,DIG,0.7390813539817088,0.632268215499513,1.066269004202912,1.6985372197024249,1.5512457779429347,1.0664189461825666,True
RPL35P5,DSG,0.011959583255554207,1.1375035237499351,0.01725403145388674,1.1547575552038218,1.0114778305165426,0.017403973433543784,False
USO1,DIG,0.7095815493213815,0.4329594072761063,1.0237097823122645,1.4566691895883708,1.3062021969134319,1.0238597242919196,True
TRIM56,DSG,-0.008941773163557123,1.3504972470841334,-0.012900251799817878,1.3375969952843156,1.2094380152673492,-0.012750309820160788,False
PUS3,NEUTRAL,0.05971185577528472,0.13750352374993502,0.08614599820928028,0.22364952195921528,0.0862959401889381,0.0862959401889381,False
RBMS2P1,DIG,1.3982553052904845,0.4329594072761063,2.0172559948392657,2.450215402115372,2.2685565038243323,2.017405936818922,True
IL1R1,NEUTRAL,0.026783845753350865,0.13750352374993502,0.038640921444294214,0.17614444519422923,0.038790863423949176,0.038790863423949176,False
PPM1H,DIG,1.6491956529099594,0.5849625007211562,2.3792863899088346,2.9642488906299906,2.8044180526326605,2.3794363318884906,True
ZSCAN31,DSG,0.09514099471156477,1.4329594072761063,0.1372594412556176,1.5702188485317239,1.4526982279330822,0.13740938323527413,False
VAMP3,NEUTRAL,-0.03927377449425393,0.13750352374993502,-0.056660079699851595,0.08084344405008342,-0.056510137720194295,-0.05651013772019413,False
FAM114A2,DIG,-1.7189030941909862,0.4329594072761063,-2.4798529697580305,-2.046893562481924,-2.229111743113636,-2.4797030277783754,True
TRIM15,DSG,-0.1425482818420402,-0.7369655941662062,-0.20565369930075367,-0.9426192934669599,-1.0799728752372342,-0.20550375732109533,False
TCHP,DIG,-0.6789285205784542,0.5849625007211562,-0.9794868097566164,-0.3945243090354602,-0.562108970207332,-0.9793368677769612,True
EEF1E1,DSG,-0.04802566299174364,1.4059923596758368,-0.06928638583359317,1.3367059738422435,1.2099431194698032,-0.06913644385393793,False
MIR7844,DIG,0.6820786839310851,0.53605290024021,0.9840315348034471,1.520084435043657,1.3447424855296481,0.9841814767831026,True
MAST4,NEUTRAL,-0.01881857621877281,0.13750352374993502,-0.027149466587414513,0.1103540571625205,-0.026999524607759128,-0.026999524607758802,False
MAP3K20-AS1,NEUTRAL,0.02214074954902989,0.13750352374993502,0.03194234957594998,0.169445873325885,0.0320922915556056,0.03209229155560622,False
MCPH1-AS1,NEUTRAL,-0.017839266951019787,0.13750352374993502,-0.025736621963330625,0.1117669017866044,-0.025586679983674022,-0.025586679983674348,False
FAM107B,DCG,2.0794415416798357,-3.321928094887362,3.0,-0.3219280948873622,-0.45928167665764025,3.000149941979657,True
MSANTD3-TMEFF1,NEUTRAL,0.021757118856712485,0.13750352374993502,0.03138888747861086,0.16889241122854587,0.0315388294582669,0.0315388294582669,False
RNF152,NEUTRAL,0.04304446566366117,0.13750352374993502,0.06210003715067924,0.19960356090061426,0.062249979130335274,0.06224997913033497,False
PACS1,DIG,0.6336754600286159,0.37851162325372983,0.9142004437163167,1.2927120669700465,1.1370762024323116,0.9143503856959733,True
GIGYF2,NEUTRAL,0.031148786674911947,0.13750352374993502,0.044938200065603694,0.18244172381553872,0.04508814204526008,0.0450881420452607,False
PNPLA1,DIG,-0.7993285165677998,0.632268215499513,-1.1531872868934965,-0.5209190713939835,-0.6693705697168958,-1.1530373449138371,True
KLB,NEUTRAL,0.0009951443958213348,0.13750352374993502,0.0014356898848198836,0.1389392136347549,0.0015856318644763845,0.0015856318644763845,False
CA9,DIG,1.4096391490717248,0.26303440583379406,2.0336794098087156,2.2967138156425095,2.156571279683807,2.0338293517883708,True
CEBPG,DSG,-0.037052936775809696,1.1375035237499351,-0.05345608813683295,1.0840474356131022,0.9437885078199224,-0.05330614615717717,False
QPCTL,DIG,-0.9797719911646238,0.6780719051126378,-1.413512192855108,-0.7354402877424702,-0.872793869512751,-1.4133622508754535,True
SNRPEP4,DIG,1.4917458817836091,0.4854268271702419,2.1521343859157467,2.6375612130859887,2.5022771882039994,2.1522843278954022,True
ITLN1,DCG,-0.8585329763056314,1.2630344058337937,-1.2386012673557765,0.024433138478017202,-0.13016644617216427,-1.2384513253761171,True
MAPKBP1,NEUTRAL,-0.003894957588214109,0.13750352374993502,-0.0056192359969893324,0.1318842877529457,-0.005469294017332397,-0.005469294017332397,False
ZNF700,DIG,0.7991228323971364,0.37851162325372983,1.1528905473604911,1.531402170614221,1.3665716775416668,1.1530404893401476,True
MSI1,DIG,1.5044634417894454,0.4329594072761063,2.1704819466683745,2.603441353944481,2.4524347186085924,2.17063188864803,True
C17orf67,DSG,0.05097052196840978,1.3219280948873624,0.07353491927534676,1.3954630141627091,1.2632103091003193,0.07368486125500309,False
CYP4A22,NEUTRAL,0.014771343080296633,0.13750352374993502,0.02131054340921346,0.15881406715914848,0.0214604853888698,0.021460485388869483,False
CDC42P6,NEUTRAL,0.03236203819927376,0.13750352374993502,0.046688552023151454,0.18419207577308647,0.046838494002808505,0.0468384940028082,False
PPIB,NEUTRAL,0.04884818922067306,0.13750352374993502,0.07047304034507075,0.20797656409500576,0.07062298232472648,0.07062298232472648,False
SULT1B1,DIG,-1.192142491175445,0.32192809488736235,-1.7198980600518294,-1.397969965164467,-1.5442541863840498,-1.7197481180721736,True
POU6F1,DIG,1.731345026463178,0.5849625007211562,2.497802883746198,3.082765384467354,2.925554269968256,2.4979528257258523,True
CNTNAP4,NEUTRAL,-0.027758996996612967,0.13750352374993502,-0.040047767307065156,0.09745575644286986,-0.039897825327409625,-0.03989782532740913,False
RBBP4P1,DCG,-0.9039205563780129,1.1699250014423124,-1.304081704044152,-0.13415670260183954,-0.26004850117684414,-1.3039317620644968,True
PAQR6,DCG,-1.0003482479036256,1.485426827170242,-1.4431974564125243,0.04222937075771771,-0.09848324358224989,-1.4430475144328676,True
IRF2BP2,DCG,-1.0567958686415058,1.5360529002402097,-1.5246341589210448,0.011418741319164871,-0.12627035964978345,-1.52448421694139,True
ERI3-IT1,DIG,1.1505204540246832,0.4854268271702419,1.6598501534627292,2.1452769806329712,2.0040521831750358,1.6600000954423835,True
GALNT17,DSG,-0.032182256790021034,1.5360529002402097,-0.04642918227557852,1.4896237179646312,1.36950718258868,-0.046279240295922945,False
INTS8,DCG,0.9182677928300053,-0.7369655941662062,1.3247803909239027,0.5878147967576964,0.4504612149874163,1.324930332903557,True
TANGO6,NEUTRAL,0.005093138909478488,0.13750352374993502,0.0073478462472632376,0.14485136999719825,0.00749778822691946,0.00749778822691946,False
IFT172,DIG,-1.1785135820178587,0.6780719051126378,-1.7002357003974535,-1.0221637952848157,-1.1614878224556953,-1.7000857584177975,True
BMP5,DIG,-1.378225191140458,0.7224660244710913,-1.9883586484865825,-1.2658926240154913,-1.3963063182770135,-1.9882087065069283,True
C12orf42,NEUTRAL,0.010206943174703626,0.13750352374993502,0.014725506300780376,0.1522290300507154,0.014875448280437256,0.014875448280437574,False
CCDC149,NEUTRAL,0.03649043506354651,0.13750352374993502,0.0526445697060593,0.19014809345599432,0.05279451168571661,0.052794511685716305,False
DIDO1,DCG,-0.8161012948887797,1.070389327891398,-1.177385290999104,-0.10699596310770598,-0.24434954487798527,-1.177235349019448,True
MEGF9,NEUTRAL,-0.013287901268275075,0.13750352374993502,-0.01917038926356262,0.1183331344863724,-0.01902044728390443,-0.019020447283904753,False
SND1,DIG,1.1639746549598176,0.53605290024021,1.679260462430971,2.215313362671181,2.058031372019666,1.6794104044106266,True
HMG20A,NEUTRAL,0.0031189352553619236,0.13750352374993502,0.0044996724257644,0.14200319617569943,0.004649614405420927,0.004649614405421246,False
UBXN11,NEUTRAL,0.0057944289566384975,0.13750352374993502,0.00835959392052577,0.14586311767046078,0.008509535900183223,0.008509535900183223,False
BAZ2A,DIG,1.2181166699941408,0.53605290024021,1.7573708790247249,2.293423779264935,2.152390279115246,1.7575208210043791,True
TAGLN2,DCG,-0.9889877453879595,1.4329594072761063,-1.426807715771166,0.0061516915049402154,-0.12232241441069192,-1.4266577737915094,True
MIR210HG,NEUTRAL,0.03832434616668756,0.13750352374993502,0.0552903441599921,0.1927938679099271,0.05544028613964932,0.0554402861396487,False
CIT,DIG,-0.8889799633194918,0.4329594072761063,-1.2825269845306835,-0.8495675772545772,-1.0005742125904669,-1.2823770425510288,True
HNRNPF,DIG,-0.7739818762335946,0.53605290024021,-1.1166198145801425,-0.5805669143399325,-0.7255173315181586,-1.1164698726004878,True
EXOG,NEUTRAL,-6.294990662247758e-05,0.13750352374993502,-9.081751810867172e-05,0.13741270623182636,5.912446154802295e-05,5.912446154802295e-05,False
ACTA1,DCG,-0.7907050312232062,1.1699250014423124,-1.1407462273516726,0.029178774090639736,-0.102523980610859,-1.1405962853720166,True
SREBF2,NEUTRAL,0.007880341634528085,0.13750352374993502,0.011368929796644497,0.14887245354657952,0.011518871776302278,0.011518871776302278,False
CRTAP,NEUTRAL,-0.052984874605789434,0.13750352374993502,-0.07644101583589599,0.06106250791403903,-0.07629107385623862,-0.07629107385623879,False
GINM1,DIG,1.5609475657857663,0.5849625007211562,2.251971312246824,2.83693381296798,2.6802174139011017,2.25212125422648,True
FAM237B,DSG,0.054665037192643304,1.3785116232537298,0.07886497806783724,1.457376601321567,1.3372895927303097,0.07901492004749512,False
MKNK2,NEUTRAL,-0.011981024667757731,0.13750352374993502,-0.01728496487294242,0.12021855887699259,-0.017135022893286018,-0.017135022893285855,False
FCN3,NEUTRAL,-0.022669715873929398,0.13750352374993502,-0.032705486669679755,0.10479803708025526,-0.03255554469002289,-0.03255554469002289,False
CENPQ,DSG,-0.05208921990090647,1.1699250014423124,-0.07514885923481246,1.0947761422075,0.9527458741950542,-0.07499891725515714,False
SH3BGRL2,DIG,1.1782942591427001,0.632268215499513,1.6999192843731086,2.3321874998726217,2.1835825517914933,1.7000692263527626,True
TP53I11,DIG,-0.8319099582087522,0.4854268271702419,-1.2001923711739118,-0.7147655440036699,-0.841682375637833,-1.2000424291942566,True
PPIAP59,DIG,1.2751639858169335,0.632268215499513,1.8396727586582944,2.4719409741578073,2.3271629016332733,1.8398227006379495,True
UBE2D3P3,DCG,-0.8300114251907215,1.2630344058337937,-1.1974533670038348,0.06558103882995892,-0.07915103988145764,-1.1973034250241728,True
NCKAP1,DIG,-1.3655049412941052,0.4854268271702419,-1.9700072071143806,-1.4845803799441386,-1.6243584252921917,-1.9698572651347253,True
HOATZ,NEUTRAL,-0.03490305530856091,0.13750352374993502,-0.05035446480553403,0.08714905894440099,-0.05020452282587776,-0.050204522825878097,False
PPIAP31,DSG,0.13533396579188162,1.232660756790275,0.19524564131178423,1.4279063981020592,1.3002797453785908,0.1953955832914399,False
NCLN,NEUTRAL,0.07944934307615675,0.13750352374993502,0.11462117325785726,0.2521246970077923,0.11477111523751364,0.11477111523751335,False
SELENOS,DIG,-1.268174364337527,0.4854268271702419,-1.8295888664122637,-1.344162039242022,-1.4854573698323332,-1.8294389244326084,True
DARS2,DCG,-0.9955665204445657,1.4059923596758368,-1.4362988819204558,-0.03030652224461905,-0.17684139351887498,-1.4361489399407994,True
VPS37B,DIG,1.6380432928861401,0.4329594072761063,2.3631969354082623,2.7961563426843687,2.6539130201736096,2.3633468773879174,True
C20orf141,DSG,0.08222387686181111,1.2630344058337937,0.11862397939119967,1.3816583852249933,1.2438993746004599,0.11877392137085727,False
AGXT2,DCG,-1.051580194575826,1.5109619192773793,-1.5171095318115955,-0.00614761253421614,-0.13719562898018545,-1.5169595898319344,True
NCR1,DSG,0.08803457103658838,1.3504972470841334,0.12700703906127322,1.4775042861454066,1.33192745023183,0.12715698104093007,False
SKINT1L,NEUTRAL,-0.001231980220493776,0.13750352374993502,-0.0017773717545796622,0.13572615199535537,-0.0016274297749230828,-0.0016274297749229224,False
VWC2L,NEUTRAL,-0.013510698642709677,0.13750352374993502,-0.0194918179307825,0.11801170581915252,-0.019341875951125843,-0.019341875951126332,False
UBLCP1,DIG,-1.2940043614350938,0.32192809488736235,-1.8668536751310998,-1.5449255802437374,-1.6949209680387796,-1.8667037331514447,True
NUP85,DCG,-0.9530117735964746,1.4059923596758368,-1.3749053596764296,0.031086999999407228,-0.10400255434088512,-1.3747554176967727,True
SLC38A11,NEUTRAL,-0.02787379989979601,0.13750352374993502,-0.04021339288616699,0.09729013086376803,-0.04006345090651024,-0.04006345090650991,False
POGLUT2,DIG,0.7385783580525405,0.2016338611696507,1.0655433344703134,1.267177195639964,1.1126357588663984,1.06569327644997,True
SAMM50,NEUTRAL,-0.0391054266183587,0.13750352374993502,-0.05641720505415337,0.08108631869578165,-0.056267263074497996,-0.05626726307449816,False
CCDC69,DIG,1.484986151178023,0.4854268271702419,2.1423821560933223,2.6278089832635643,2.4625257207052056,2.1425320980729774,True
RPSAP47,DCG,-0.8792176120540127,1.232660756790275,-1.2684428887725607,-0.03578213198228575,-0.18069650013408617,-1.2682929467929052,True
CCM2,DSG,-0.15482732421148357,1.3219280948873624,-0.2233686128340151,1.0985594820533473,0.9577938937965624,-0.2232186708543587,False
RPS6KC1,DCG,-0.97828359185299,1.2630344058337937,-1.4113648865493513,-0.14833048071555766,-0.2725737670686598,-1.4112149445696966,True
NSMCE2,DCG,-0.861651961222212,1.4594316186372973,-1.2431010114275347,0.2163306072097626,0.09687421865021832,-1.2429510694478776,True
CILP,NEUTRAL,-0.02178892085307575,0.13750352374993502,-0.031434768061054504,0.10606875568888052,-0.031284826081398875,-0.031284826081398875,False
RFX8,DIG,-1.1838052522615945,0.32192809488736235,-1.7078699668161108,-1.3859418719287484,-1.5478247898321378,-1.7077200248364544,True
UGT2B4,DIG,-1.5604759655502274,0.53605290024021,-2.25129093692573,-1.7152380366855198,-1.8562715368352072,-2.2511409949460734,True
BNIP3P39,DIG,1.364545690059435,0.5849625007211562,1.9686233001151554,2.5535858008363115,2.4184595070412227,1.9687732420948074,True
PNKP,DIG,1.2896319821124147,0.632268215499513,1.860545665165385,2.4928138806648983,2.3480358081403634,1.8606956071450391,True
TIMM17BP1,DIG,-0.8494930996376435,0.7224660244710913,-1.2255594821166225,-0.5030934576455312,-0.6804798245465831,-1.225409540136956,True
GFM1,DSG,-0.0577276448152052,1.2630344058337937,-0.08328338689709602,1.1797510189366975,1.0417145401146755,-0.08313344491743997,False
CLN6,NEUTRAL,-0.006621417280240222,0.13750352374993502,-0.009552685873859056,0.12795083787607597,-0.009402743894201305,-0.009402743894201628,False
MED4-AS1,NEUTRAL,0.034427724610791445,0.13750352374993502,0.04966870756507974,0.18717223131501476,0.04981864954473704,0.049818649544736734,False
RPS29P11,NEUTRAL,0.023738842839046915,0.13750352374993502,0.03424791084033547,0.17175143459027048,0.034397852819993094,0.03439785281999278,False
ZNF44,DIG,1.4428021102406212,0.5849625007211562,2.0815234494282757,2.666485950149432,2.5371385836850275,2.08167339140793,True
DONSON,DIG,0.9584006815719047,0.4329594072761063,1.3826799104883896,1.8156393177644958,1.6638450718320283,1.382829852468044,True
ARL6IP1,DCG,-0.7570916817872025,1.070389327891398,-1.0922524148126822,-0.021863086921284136,-0.15921666869156223,-1.092102472833025,True
DPAGT1,NEUTRAL,-0.04935666955210716,0.13750352374993502,-0.0712066223976203,0.06629690135231472,-0.07105668041796433,-0.07105668041796366,False
FBXO41,DIG,0.678859484748821,0.53605290024021,0.979387212107561,1.515440112347771,1.3697063890634826,0.9795371540872178,True
ABHD14A-ACY1,NEUTRAL,-0.07396926004993001,0.13750352374993502,-0.10671508465226015,0.03078843909767487,-0.10656514267260367,-0.10656514267260332,False
MESTIT1,DIG,1.56114838209136,0.5849625007211562,2.2522610289350338,2.83722352965619,2.664130435028313,2.25241097091469,True
TNFSF18,DCG,-0.8046846823968802,1.2927817492278462,-1.1609146007732896,0.1318671484545566,0.01579169789030977,-1.1607646587936313,True
DNAJB12P1,DIG,0.6784168696266862,0.632268215499513,0.9787486534658346,1.6110168689653475,1.4872140302287984,0.9788985954454893,True
RERE-AS1,NEUTRAL,-0.03903223777921251,0.13750352374993502,-0.05631161587886874,0.08119190787106628,-0.0561616738992128,-0.05616167389921263,False
LINC00368,DIG,-1.5418168044060732,0.2016338611696507,-2.2243714576759106,-2.0227375965062597,-2.177279033279796,-2.2242215156962204,True
ZNRF2,DSG,-0.0009098608875160813,-0.7369655941662062,-0.0013126517903182815,-0.7382782459565245,-0.8756318277268031,-0.0011627098106622694,False
TMC7,DCG,-0.8800599192679646,1.1699250014423124,-1.269658081213034,-0.09973307977072166,-0.2473418096919768,-1.2695081392333774,True
WNT7A,DIG,0.9520705307203143,0.53605290024021,1.373547433246721,1.9096003334869311,1.7842779976642418,1.3736973752263757,True
TTPAL,DCG,2.0794415416798357,-3.321928094887362,3.0,-0.3219280948873622,-0.45928167665764047,3.0001499419796565,True
ABHD17A,NEUTRAL,0.023382410543216922,0.13750352374993502,0.033733687734728866,0.1712372114846639,0.033883629714385605,0.033883629714385605,False
TMEM26-AS1,DIG,-1.363157971558313,0.4854268271702419,-1.9666212455154368,-1.4811944183451948,-1.6123738760797792,-1.96647130353578,True
RRM1-AS1,NEUTRAL,0.007710521007781061,0.13750352374993502,0.01112393042059591,0.14862745417053091,0.011273872400251636,0.011273872400251954,False
PTGDS,NEUTRAL,-0.019298672547132658,0.13750352374993502,-0.027842099179488267,0.10966142457044675,-0.02769215719983024,-0.027692157199830404,False
DPCD,NEUTRAL,-0.039427345815205336,0.13750352374993502,-0.05688163628301096,0.08062188746692406,-0.056731694303354854,-0.056731694303354355,False
OPTC,DCG,-0.9263990414360942,1.2927817492278462,-1.3365113029641424,-0.04372955373629628,-0.19340206994405568,-1.336361360984474,True
SLC22A12,DIG,-0.8917296449409471,0.32192809488736235,-1.2864939365699806,-0.9645658416826182,-1.0783800304375672,-1.2863439945903203,True
DNAH2,NEUTRAL,0.03644448832274371,0.13750352374993502,0.05257828257095809,0.1900818063208931,0.052728224550614586,0.052728224550614586,False
MITD1,DIG,-0.5923061186872314,0.53605290024021,-0.8545171001182584,-0.3184641998780484,-0.49038292676233824,-0.8543671581386031,True
ZNF575,DIG,0.5581080599901266,0.632268215499513,0.8051797304279158,1.4374479459274287,1.2865408012129378,0.8053296724075716,True
COLGALT1,DIG,-1.4096013457049887,0.4854268271702419,-2.0336248710789966,-1.5481980439087546,-1.7038866982913072,-2.033474929099341,True
TFCP2L1,NEUTRAL,-0.04456716317480494,0.13750352374993502,-0.06429682529878032,0.0732066984511547,-0.0641468833191229,-0.06414688331912256,False
METTL16,NEUTRAL,0.0019565054663493384,0.13750352374993502,0.0028226407337743394,0.14032616448370935,0.002972582713431123,0.0029725827134314425,False
PGLYRP3,DCG,-0.8606693231458111,1.1043366598147357,-1.2416833643477225,-0.1373467045329868,-0.2814645985334364,-1.2415334223680632,True
G6PC3,NEUTRAL,0.01978345088600385,0.13750352374993502,0.028541486484908125,0.16604501023484314,0.028691428464565488,0.028691428464565488,False
LAMA1,NEUTRAL,-0.003459277888669427,0.13750352374993502,-0.004990683055040226,0.1325128406948948,-0.004840741075383848,-0.004840741075384009,False
NDUFB10,DCG,-0.7737958735116907,1.070389327891398,-1.1163514693756598,-0.0459621414842617,-0.20105314673401406,-1.1162015273960044,True
ATXN7L1,DSG,0.09570273347588333,1.4329594072761063,0.13806985898517507,1.5710292662612813,1.4370581047206668,0.13821980096483183,False
GIN1,NEUTRAL,0.04014597916569173,0.13750352374993502,0.05791840505397511,0.19542192880391013,0.05806834703363184,0.05806834703363184,False
TBRG4,DSG,-0.007481903217158243,1.3219280948873624,-0.010794104667805378,1.3111339902195571,1.1770448548152994,-0.010644162688148997,False
MFSD9,NEUTRAL,0.022050528070790023,0.13750352374993502,0.03181218749671165,0.16931571124664668,0.03196212947636898,0.03196212947636929,False
YY1AP1,DCG,-0.9021277258540431,1.2630344058337937,-1.3014951963380663,-0.038460790504272646,-0.16300637197544116,-1.3013452543584114,True
MAGEL2,NEUTRAL,0.031747840828339605,0.13750352374993502,0.045802452521977705,0.18330597627191272,0.04595239450163467,0.04595239450163436,False
PGP,DCG,-0.8153260661759671,1.1043366598147357,-1.1762668723795746,-0.07193021256483889,-0.22026553471892787,-1.176116930399918,True
HSPB7,NEUTRAL,0.029350314873848135,0.13750352374993502,0.04234355371703029,0.17984707746696532,0.04249349569668762,0.042493495696687936,False
CHERP,DIG,0.6169192560831975,0.5849625007211562,0.8900263513801375,1.4749888521012937,1.3461267395634051,0.8901762933597913,True
THEMIS,DIG,-1.5165684975146538,0.5849625007211562,-2.1879458505328175,-1.6029833498116615,-1.7596997488785397,-2.187795908553161,True
WNT5A-AS1,NEUTRAL,-0.03284851380788112,0.13750352374993502,-0.047390387971202735,0.09011313577873228,-0.047240445991545574,-0.047240445991545574,False
HNRNPKP5,DCG,-0.8983283682486464,1.2016338611696507,-1.2960138819621967,-0.09438002079254604,-0.23596974694154985,-1.2958639399825294,True
AP5S1,DSG,-0.17054229347188588,-0.7369655941662062,-0.24604052105371998,-0.9830061152199262,-1.1203596969902057,-0.24589057907406428,False
ATP13A4,DCG,-0.9567543499408924,1.485426827170242,-1.3803047560086694,0.10512207116157257,-0.018809346359792055,-1.3801548140290134,True
MYH3,NEUTRAL,0.009316509143792024,0.13750352374993502,0.013440881540145437,0.15094440529008046,0.01359082351980242,0.01359082351980242,False
LINC01423,DIG,1.4921868682394677,0.37851162325372983,2.1527705948887133,2.5312822181424433,2.3970970416907997,2.1529205368683653,True
NEFH,NEUTRAL,0.006194478671418431,0.13750352374993502,0.008936743660147826,0.14644026741008284,0.00908668563980392,0.009086685639803603,False
PLEKHS1,NEUTRAL,-0.014781665273996786,0.13750352374993502,-0.021325435186875765,0.11617808856305925,-0.021175493207218975,-0.0211754932072193,False
DGKB,DSG,-0.03065227497073123,1.232660756790275,-0.044221885092238844,1.188438871698036,1.0627570634761603,-0.04407194311258183,False
MCRS1,DIG,-1.3818275657229677,0.53605290024021,-1.9935557764321936,-1.4575028761919837,-1.6384367982247392,-1.9934058344525387,True
CXCL17,DIG,1.3605226848124592,0.5849625007211562,1.9628193303958732,2.5477818311170295,2.4126555373219425,1.9629692723755272,True
KCTD20,DIG,1.7123706778384158,0.4854268271702419,2.4704286850811554,2.9558555122513974,2.8137582327561477,2.470578627060812,True
TTLL3,DIG,-1.5242206745837201,0.53605290024021,-2.1989856084423636,-1.6629327082021534,-1.8085910012301691,-2.198835666462708,True
KCNH8,DIG,0.9487492034159979,0.37851162325372983,1.3687557708156146,1.7472673940693444,1.6031589656035166,1.368905712795271,True
ACTG1P9,DSG,0.04427753311013223,1.1043366598147357,0.06387897744078465,1.1682156372555204,1.0268491118878658,0.06402891942044167,False
FBLN2,DIG,0.8603233391342376,0.5849625007211562,1.2411842149299985,1.8261467156511548,1.6590603393137848,1.241334156909654,True
NEK7,DCG,0.766562607307443,-0.7369655941662062,1.1059160720933618,0.36895047792715563,0.23159689615687515,1.1060660140730165,True
CD83,DSG,-0.084451615193335,1.4329594072761063,-0.12183792643448743,1.311121480841619,1.1690287302865316,-0.12168798445483006,False
HECW2,DIG,-1.019660209129309,0.4329594072761063,-1.4710587271026576,-1.0380993198265513,-1.176235519277054,-1.4709087851230016,True
P4HA1,DIG,1.0127321582188011,0.5849625007211562,1.4610636624110416,2.046026163132198,1.899764058969755,1.4612136043906976,True
CAD,DIG,-0.9086914025918208,0.4329594072761063,-1.3109645802176564,-0.8780051729415501,-1.0311929092340415,-1.3108146382380002,True
EEF1A1P9,NEUTRAL,-0.0036289038918255953,0.13750352374993502,-0.005235401648599446,0.13226812210133557,-0.005085459668943343,-0.0050854596689435035,False
PBX1-AS1,DCG,-0.8971350644642524,1.4594316186372973,-1.2942923085101774,0.1651393101271199,0.02205318170135022,-1.2941423665305125,True
HNRNPC,DIG,1.168956966085401,0.37851162325372983,1.686448417984016,2.064960041237746,1.9272364483574331,1.6865983599636738,True
CUTA,DSG,0.0937924305332811,1.3219280948873624,0.13531387440328724,1.4572419692906498,1.3326862349016129,0.13546381638294247,False
GAPDHP14,DIG,0.6477670474163078,0.5849625007211562,0.9345303069587932,1.5194928076799494,1.392973523759728,0.9346802489384457,True
NCK1,DSG,-0.0994940730301909,1.4059923596758368,-0.14353960575850078,1.262452753917336,1.1315510551002168,-0.14338966377884552,False
IRF9,NEUTRAL,0.045761499467894026,0.13750352374993502,0.06601988834597365,0.20352341209590868,0.06616983032562983,0.06616983032562952,False
H2AZ2P1,DIG,1.33000881524464,0.4854268271702419,1.918797122092048,2.4042239492622897,2.2602230854492427,1.9189470640717048,True
GCLC,DSG,0.019868030066303853,1.4059923596758368,0.02866350844888939,1.4346558681247261,1.2940473567745145,0.028813450428545967,False
VMP1,DCG,-0.9038384345714692,1.2927817492278462,-1.3039632273211024,-0.011181478093256203,-0.13947774908489957,-1.3038132853414461,True
CCDC152,DSG,0.03606070589849028,-3.321928094887362,0.05202460157070732,-3.269903493316655,-3.407257075086932,0.05217454355036456,False
CYFIP2,DIG,-1.3549339503805038,0.37851162325372983,-1.9547564909460458,-1.576244867692316,-1.7410753607648706,-1.9546065489663902,True
ZC3H12A,NEUTRAL,-0.010580060440367068,0.13750352374993502,-0.015263800729623073,0.12223972302031194,-0.01511385874996517,-0.015113858749965656,False
LYRM1,DCG,-0.7845449091707551,1.3219280948873624,-1.1318590498153307,0.1900690450720317,0.08179145042181171,-1.1317091078356745,True
LINC02362,NEUTRAL,0.059728634461994425,0.13750352374993502,0.086170204737389,0.22367372848732403,0.08632014671704467,0.08632014671704498,False
C8orf58,NEUTRAL,-0.028770678654264893,0.13750352374993502,-0.04150731541751792,0.0959962083324171,-0.04135737343786113,-0.041357373437861625,False
LDLRAD1,DIG,1.0802406616709759,0.53605290024021,1.5584578455593294,2.0945107457995396,1.9370637148907472,1.5586077875389843,True
CHST8,DSG,0.024438071705151252,1.2630344058337937,0.03525668485791061,1.2982910906917042,1.175205849248047,0.03540662683756758,False
TMEM198,NEUTRAL,0.012490055726065916,0.13750352374993502,0.0180193414564221,0.1555228652063571,0.018169283436077623,0.018169283436077623,False
MIR4712,NEUTRAL,0.036789303986797785,0.13750352374993502,0.05307574641950974,0.19057927016944476,0.053225688399167095,0.053225688399167095,False
SLC36A2,DIG,-0.6775407610519453,0.37851162325372983,-0.9774846959697756,-0.5989730727160458,-0.7323502739445883,-0.9773347539901174,True
GOLGA5,NEUTRAL,-0.012024746969467854,0.13750352374993502,-0.017348042820795866,0.12015548092913915,-0.01719810084113931,-0.017198100841138982,False
MTFMT,NEUTRAL,0.0075296913798585385,0.13750352374993502,0.01086304841314629,0.1483665721630813,0.01101299039280232,0.01101299039280264,False
SUPT20H,NEUTRAL,-0.013930479988233307,0.13750352374993502,-0.02009743439622714,0.11740608935370789,-0.01994749241656947,-0.01994749241656947,False
EXT1,DCG,-0.8577829299116836,1.1043366598147357,-1.2375191791427913,-0.13318251932805558,-0.26247874077303196,-1.2373692371631348,True
EVA1A,DIG,1.4152365896353516,0.53605290024021,2.0417548095515308,2.577807709791741,2.4352644074047065,2.0419047515311872,True
ZNF727,DSG,0.04991558781055345,-0.7369655941662062,0.07201297099734305,-0.6649526231688632,-0.8023062049391431,0.07216291297699759,False
NDUFV2P1,DSG,-0.11142896484599796,1.3504972470841334,-0.1607580149947119,1.1897392320894216,1.0441623961758437,-0.16060807301505697,False
PKIG,DCG,2.0794415416798357,-3.321928094887362,3.0,-0.3219280948873622,-0.45928167665764025,3.0001499419796573,True
TSC1,NEUTRAL,-0.002504480500021018,0.13750352374993502,-0.0036132015973834343,0.1338903221525516,-0.0034632596177257796,-0.0034632596177261005,False
TAT-AS1,NEUTRAL,-0.03592274000289433,0.13750352374993502,-0.051825558857319244,0.08567796489261578,-0.05167561687766158,-0.05167561687766175,False
ACSL1,NEUTRAL,-0.015026800957492948,0.13750352374993502,-0.021679091221800603,0.11582443252813442,-0.021529149242143913,-0.021529149242144077,False
RXYLT1,DIG,-0.9521094631205774,0.4854268271702419,-1.3736036008275105,-0.8881767736572687,-1.0234607985392574,-1.3734536588478539,True
TMEM40,DIG,-1.1567706835055076,0.632268215499513,-1.6688673285391324,-1.0365991130396195,-1.2376385744572889,-1.6687173865594773,True
SNORA20,NEUTRAL,0.024034603661367938,0.13750352374993502,0.03467460351198725,0.17217812726192228,0.03482454549164465,0.03482454549164465,False
SNORD63B,DIG,0.8740523791598617,0.37851162325372983,1.2609910328911325,1.6395026561448622,1.5061254549163186,1.2611409748707882,True
SNHG16,DCG,-0.8139729643278582,1.2927817492278462,-1.1743147590534901,0.11846699017435602,-0.02251029884164843,-1.1741648170738341,True
OLR1,DSG,0.0013048985674580383,1.2927817492278462,0.0018825706921348244,1.294664319919981,1.1618860461355986,0.0020325126717909733,False
OLIG2,DIG,-1.494567041848236,0.53605290024021,-2.156204459550538,-1.6201515593103277,-1.764594535012575,-2.1560545175708703,True
NOP10,NEUTRAL,0.012625283594653806,0.13750352374993502,0.018214434031823833,0.15571795778175884,0.018364376011480464,0.01836437601148015,False
MTOR,NEUTRAL,-0.027288211987820405,0.13750352374993502,-0.03936856810955526,0.09813495564037976,-0.03921862612989761,-0.039218626129897446,False
FMO2,DCG,-0.8186887399158056,1.232660756790275,-1.1811181851081671,0.05154257168210785,-0.08492445301577811,-1.18096824312851,True
LINC01473,NEUTRAL,-0.004380867911733932,0.13750352374993502,-0.006320256411048134,0.13118326733888688,-0.00617031443139248,-0.00617031443139248,False
IL20RB,DSG,0.0016155176042301704,1.070389327891398,0.002330699236091686,1.0727200271274897,0.9282511820414876,0.0024806412157485987,False
LGALS8-AS1,DCG,-0.7322417937412589,1.2630344058337937,-1.0564016045621534,0.2066328012716403,0.07161918688305326,-1.056251662582498,True
ADCY8,DCG,-0.762403789277731,1.2016338611696507,-1.0999161659459369,0.10171769522371377,-0.027976608071700066,-1.099766223966279,True
PIP5K1A,DCG,-0.9130659882662414,1.3785116232537298,-1.317275773276087,0.061235849977642864,-0.0761177317926366,-1.317125831296431,True
PKHD1,DSG,0.03433941749746933,1.4329594072761063,0.049541307330614695,1.482500714606721,1.3614043581733284,0.049691249310272606,False
RILP,NEUTRAL,-0.015410268542472643,0.13750352374993502,-0.022232318004992476,0.11527120574494254,-0.02208237602533595,-0.022082376025335627,False
PRC1-AS1,DIG,1.5692260905242619,0.4329594072761063,2.263914698832928,2.6968741061090347,2.539815778601793,2.264064640812585,True
DDX6P2,NEUTRAL,0.050470016878642235,0.13750352374993502,0.07281284306439943,0.21031636681433447,0.07296278504405584,0.07296278504405584,False
SPEN,NEUTRAL,-0.044978509731123446,0.13750352374993502,-0.06489027293566778,0.07261325081426724,-0.06474033095601092,-0.06474033095601092,False
CLPTM1L,DCG,2.0794415416798357,-3.321928094887362,3.0,-0.3219280948873622,-0.45928167665764025,3.0001499419796573,True
PAXBP1-AS1,DIG,-1.5657119105142683,0.4329594072761063,-2.2588448087597195,-1.8258854014836132,-1.9739992562997266,-2.258694866780064,True
PCDHGB8P,DIG,0.8229879178824899,0.4329594072761063,1.1873205878406017,1.620279995116708,1.4380618144849984,1.187470529820259,True
INSIG1,DIG,1.0699623509896021,0.4854268271702419,1.5436293777105954,2.0290562048808374,1.862182667998165,1.543779319690251,True
LGALS9,DIG,0.6995978386327854,0.53605290024021,1.0093063324121567,1.5453592326523666,1.4264150180869997,1.0094562743918116,True
MRPL2,DSG,0.012153279437313234,1.232660756790275,0.017533475974749614,1.2501942327650246,1.1070826804078435,0.017683417954406658,False
TMEM151B,DSG,-0.10896973899347706,1.232660756790275,-0.15721010205285407,1.075450654737421,0.9305362865856229,-0.1570601600731966,False
R3HCC1L,NEUTRAL,-0.010036561912150119,0.13750352374993502,-0.01447969809823403,0.12302382565170099,-0.014329756118577478,-0.014329756118577154,False
RNU6-856P,NEUTRAL,-0.007729595407824839,0.13750352374993502,-0.011151448962947,0.126352074786988,-0.01100150698329038,-0.011001506983289897,False
EHD4,NEUTRAL,-0.002743692733228463,0.13750352374993502,-0.003958311899951789,0.13354521184998322,-0.0038083699202942256,-0.0038083699202942256,False
LINC01649,DIG,1.158231092569866,0.26303440583379406,1.6709742534539516,1.9340086592877457,1.7945594076071913,1.6711241954336047,True
KPRP,DCG,-0.9280581673437587,1.3785116232537298,-1.3389049156833404,0.03960670757038942,-0.09774687419988781,-1.338754973703679,True
TIRAP,NEUTRAL,-0.022269531630235827,0.13750352374993502,-0.03212814284586114,0.10537538090407388,-0.03197820086620497,-0.03197820086620497,False
ZC2HC1B,DIG,-1.364381048204919,0.4854268271702419,-1.9683857721281224,-1.4829589449578804,-1.6359200793868596,-1.9682358301484586,True
EPPK1,DCG,-0.7218323465206893,1.070389327891398,-1.0413839466786423,0.029005381212755754,-0.10834820055752198,-1.0412340046989854,True
EPB41,NEUTRAL,-0.022984844066402325,0.13750352374993502,-0.03316012055020475,0.10434340319973026,-0.033010178570547166,-0.03301017857054749,False
GNG14,DIG,0.9715637972612444,0.37851162325372983,1.4016702722160477,1.7801818954697775,1.6503324795662409,1.4018202141957008,True
GUCY2D,NEUTRAL,0.006913205007845367,0.13750352374993502,0.009973646581467259,0.14747717033140229,0.01012358856112539,0.01012358856112571,False
PLIN2,DIG,0.5790472357236099,0.32192809488736235,0.8353885754189146,1.157316670306277,1.001451010575659,0.8355385173985719,True
PCDHA11,DIG,-1.3539632906077834,0.32192809488736235,-1.9533561249055515,-1.6314280300181891,-1.7814234178132307,-1.9532061829258955,True
PIK3R4,DSG,-0.07517232169047575,1.2927817492278462,-0.10845073571495922,1.184331013512887,1.0531315985524592,-0.1083007937353025,False
TMEM116,NEUTRAL,0.020822409498431494,0.13750352374993502,0.030040386922746368,0.16754391067268137,0.03019032890240177,0.03019032890240177,False
IGF2BP3,DSG,-0.04339431017743293,1.4594316186372973,-0.06260475609577996,1.3968268625415174,1.2644799525228552,-0.062454814116124524,False
IQGAP3,DCG,-0.9266874072375145,1.3219280948873624,-1.3369273268758135,-0.0149992319884511,-0.1758139106681547,-1.336777384896157,True
APBB3,DIG,-1.5515102739925948,0.32192809488736235,-2.2383561781773933,-1.916428083290031,-2.0664234710850717,-2.2382062361977364,True
TRPC4,NEUTRAL,-0.002615142044464314,0.13750352374993502,-0.003772852458768891,0.13373067129116611,-0.003622910479111351,-0.003622910479111351,False
SBK3,DSG,-0.047466841972853294,1.232660756790275,-0.06848017752089555,1.1641805792693793,1.0209217283697176,-0.06833023554124044,False
PLA2G4D,NEUTRAL,0.06923486311839755,0.13750352374993502,0.09988479367753834,0.23738831742747335,0.10003473565719516,0.10003473565719516,False
RPS2P2,NEUTRAL,0.023082415689007846,0.13750352374993502,0.03330088664626923,0.17080441039620425,0.03345082862592633,0.033450828625926646,False
RN7SL473P,DCG,-0.7666381002781412,1.070389327891398,-1.1060249854278101,-0.03563565753641207,-0.17114643991392853,-1.1058750434481481,True
KLC4,DSG,0.1284093784212581,1.232660756790275,0.18525557345198335,1.4179163302422584,1.296983347448651,0.1854055154316393,False
LEPROTL1,NEUTRAL,0.025063470059712354,0.13750352374993502,0.03615894396261603,0.17366246771255106,0.03630888594227362,0.036308885942274244,False
ZNF607,DSG,-0.025281453575519395,1.1375035237499351,-0.03647342769986638,1.1010300960500687,0.9875464496021416,-0.03632348572021103,False
NRIR,DIG,1.1322795292337253,0.4854268271702419,1.6335340617255858,2.1189608888958276,1.9520873520131556,1.6336840037052418,True
FAM161B,NEUTRAL,0.03240809451574818,0.13750352374993502,0.04675499724253071,0.18425852099246573,0.04690493922218803,0.04690493922218803,False
SNORD37,NEUTRAL,0.008923808782950305,0.13750352374993502,0.012874334677003782,0.1503778584269388,0.01302427665666011,0.01302427665666011,False
GPS2,NEUTRAL,-0.025850329503027715,0.13750352374993502,-0.03729414217936375,0.10020938157057127,-0.037144200199706615,-0.03714420019970678,False
COPS7A,DSG,0.058655399756400814,1.3219280948873624,0.08462185434991917,1.4065499492372815,1.2642704437999963,0.08477179632957446,False
KLHL31,DSG,0.08714138127915388,1.070389327891398,0.12571843862764967,1.1961077665190478,1.0587541847487674,0.1258683806073042,False
FAM136BP,DIG,0.9732366739174478,0.632268215499513,1.4040837230719712,2.0363519385714843,1.8877469904903543,1.404233665051624,True
MEMO1P2,DIG,0.9340692254058699,0.5849625007211562,1.347577039340044,1.9325395400612,1.7758231409943201,1.3477269813196986,True
APIP,DIG,-1.258647256604616,0.4854268271702419,-1.8158441553319782,-1.3304173281617362,-1.4615194459276442,-1.8156942133523228,True
ZNF209P,DIG,0.7451097740739145,0.632268215499513,1.0749661759743325,1.7072343914738455,1.5563272467593514,1.0751161179539859,True
ULBP2,DIG,-1.364060877084023,0.53605290024021,-1.96792386283977,-1.43187096259956,-1.5723983968670625,-1.967773920860114,True
KCNMB4,DSG,0.09795911056370703,1.1375035237499351,0.1413251230201538,1.278828646770089,1.1403323497165163,0.14147506499980983,False
KRT18P39,NEUTRAL,0.0035301309837644304,0.13750352374993502,0.0050929024639654215,0.14259642621390045,0.0052428444436226195,0.0052428444436226195,False
NPW,DCG,0.7922359803432725,-0.7369655941662062,1.1429549200550455,0.4059893258888393,0.2686357441185607,1.1431048620347024,True
YBX1P1,NEUTRAL,-0.03852477890945591,0.13750352374993502,-0.05557950748401577,0.08192401626591925,-0.05542956550436057,-0.05542956550436007,False
LINC02458,DIG,-1.1400764133916932,0.4854268271702419,-1.6447825878346716,-1.1593557606644298,-1.3300456171249082,-1.6446326458550096,True
TPI1P3,DIG,-0.7495804457376913,0.5849625007211562,-1.081415991813106,-0.4964534910919499,-0.6569975091749225,-1.0812660498334437,True
ZNF805,DSG,-0.15186311034707115,1.3785116232537298,-0.21909215619169298,1.1594194670620368,0.9939019548659717,-0.2189422142120358,False
BTN1A1,DSG,0.053700528764280504,1.4329594072761063,0.07747348654134262,1.510432893817449,1.3567270186598237,0.07762342852099999,False
EIF1AD,DIG,1.6317494687113565,0.53605290024021,2.354116866483075,2.890169766723285,2.7548134417612586,2.354266808462731,True
NPM2,NEUTRAL,-0.04786012246341151,0.13750352374993502,-0.06904756133430226,0.06845596241563276,-0.06889761935464614,-0.06889761935464614,False
MRPL37P1,NEUTRAL,0.014435316433570947,0.13750352374993502,0.020825759432375763,0.1583292831823108,0.020975701412031915,0.020975701412031915,False
GLRB,NEUTRAL,0.051711703630832564,0.13750352374993502,0.07460421838412194,0.21210774213405698,0.07475416036377891,0.07475416036377922,False
MDM1,DSG,-0.08449124815310478,-0.7369655941662062,-0.12189510470900307,-0.8588606988752093,-0.9962142806454884,-0.12174516272934742,False
P2RY12,DSG,-0.03384559689138783,1.232660756790275,-0.04882887479113214,1.183831881999143,1.0363716765156084,-0.04867893281147544,False
GTF2F2,NEUTRAL,0.01176766165591215,0.13750352374993502,0.016977147113843665,0.15448067086377867,0.017127089093501777,0.017127089093501777,False
CHST4,NEUTRAL,-0.03427009880765278,0.13750352374993502,-0.04944130160057544,0.08806222214935958,-0.049291359620918636,-0.0492913596209188,False
STXBP5-AS1,DIG,0.8761584799292936,0.4854268271702419,1.2640294940268044,1.7494563211970462,1.5964951867680601,1.2641794360064587,True
HMGN1P36,DIG,-1.5638498728905037,0.53605290024021,-2.2561584563139654,-1.7201055560737553,-1.8626488584607905,-2.25600851433431,True
ZNF418,DSG,0.05234871448615975,1.3504972470841334,0.07552323078609491,1.4260204778702283,1.2978614978532605,0.07567317276575038,False
NUDCD1,DCG,-0.9516939709452781,1.4059923596758368,-1.373004172326678,0.03298818734915887,-0.10753106448515395,-1.3728542303470228,True
JAKMIP2-AS1,DIG,1.0380428069953938,0.4854268271702419,1.497579209882714,1.9830060370529559,1.8177227744945983,1.4977291518623694,True
EIF2AK1,DSG,-0.023860139864840427,1.0356239097307214,-0.03442290545792235,1.001201004272799,0.8677409585245782,-0.03427296347826647,False
DLX5,DSG,0.03179653617651335,1.4329594072761063,0.04587270505930234,1.4788321123354087,1.3555876248116643,0.046022647038957754,False
RHBG,DCG,-1.0759876544294849,1.4594316186372973,-1.5523220531031656,-0.09289043446586831,-0.23292102446062224,-1.5521721111235083,True
DBF4B,NEUTRAL,-0.01644322442153035,0.13750352374993502,-0.023722558329166133,0.11378096542076889,-0.023572616349509832,-0.02357261634951032,False
DIAPH3,NEUTRAL,0.05496861844636047,0.13750352374993502,0.07930295323708185,0.21680647698701688,0.07945289521673776,0.07945289521673717,False
SLC35A5,DIG,-0.956418281719049,0.6780719051126378,-1.3798199120516155,-0.7017480069389777,-0.8443850097223898,-1.37966997007196,True
MIR202HG,NEUTRAL,0.04774346594478705,0.13750352374993502,0.0688792615533954,0.20638278530333043,0.06902920353305268,0.06902920353305238,False
RPL35AP9,DSG,0.03537396140379457,1.1043366598147357,0.05103383869385202,1.1553704985085878,1.0070813299633572,0.05118378067350915,False
CT75,NEUTRAL,0.004594509869714979,0.13750352374993502,0.006628476604353197,0.14413200035428822,0.006778418584010333,0.006778418584010652,False
ABCA6,DCG,-0.8489456433248646,1.232660756790275,-1.2247696696090729,0.007891087181202128,-0.12372741343571156,-1.2246197276294162,True
RPA2P2,DIG,-1.6698923671564059,0.632268215499513,-2.409145436914879,-1.776877221415366,-1.8918623220022002,-2.408995494935219,True
LINC01778,NEUTRAL,0.03758788629851411,0.13750352374993502,0.054227857160364525,0.19173138091029954,0.05437779914002085,0.05437779914002085,False
LINC00460,DIG,1.1807479400917364,0.26303440583379406,1.7034591977102072,1.9664936035440013,1.8047714956779082,1.7036091396898636,True
SLC25A5P2,DIG,0.5848975302340319,0.5849625007211562,0.8438287662968403,1.4287912670179965,1.3183526254703275,0.8439787082764966,True
CREBL2,DIG,-0.561693749646742,0.632268215499513,-0.8103527871136817,-0.1780845716141688,-0.32537601337365984,-0.8102028451340282,True
SHROOM3-AS1,DIG,-0.7792996318495125,0.4329594072761063,-1.1242917142358866,-0.6913323069597803,-0.8072594289974659,-1.124141772256227,True
IL12B,DIG,-1.1258929116923333,0.4854268271702419,-1.624320120270565,-1.138893293100323,-1.304176555658677,-1.6241701782909046,True
HSPB3,DIG,-1.0426097606490954,0.4329594072761063,-1.504167931270879,-1.0712085239947728,-1.2248631433230095,-1.5040179892912184,True
XIRP2,NEUTRAL,0.0013171347277112122,0.13750352374993502,0.0019002237398516011,0.13940374748978662,0.002050165719509198,0.002050165719509198,False
MIR621,NEUTRAL,-0.043197351099782844,0.13750352374993502,-0.06232060421119612,0.0751829195387389,-0.06217066223153976,-0.06217066223153993,False
FBLN5,NEUTRAL,-0.03353596545544271,0.13750352374993502,-0.04838217105399079,0.08912135269594423,-0.04823222907433358,-0.04823222907433309,False
DTL,DCG,-0.9527918636942505,1.4329594072761063,-1.3745880967510484,0.05837131052505784,-0.08134914861584341,-1.3744381547713915,True
BLZF1,DCG,0.8187408744366579,-0.7369655941662062,1.1811933993228598,0.4442278051566536,0.3068742233863746,1.181343341302516,True
ECHDC1,DIG,-0.6265291419746685,0.632268215499513,-0.9038904860992715,-0.2716222705997585,-0.42022721868088514,-0.9037405441196158,True
EFHD1,NEUTRAL,-0.0347179691958516,0.13750352374993502,-0.0500874419885909,0.08741608176134412,-0.04993750000893322,-0.04993750000893355,False
MYOM1,NEUTRAL,-0.029526825677808375,0.13750352374993502,-0.04259820497856705,0.09490531877136797,-0.04244826299890941,-0.04244826299890924,False
ADD3-AS1,NEUTRAL,-0.03784860562425358,0.13750352374993502,-0.05460399563867277,0.08289952811126225,-0.05445405365901558,-0.054454053659015914,False
EPB41L1,DCG,-0.9540908377934135,1.4059923596758368,-1.376462120242154,0.029530239433682715,-0.09995440742920575,-1.376312178262499,True
AIP,DSG,-0.07594040472005516,1.3504972470841334,-0.1095588452927244,1.2409384017914091,1.0967562182747888,-0.10940890331306943,False
ANKFY1,NEUTRAL,-0.02312080877446788,0.13750352374993502,-0.03335627616026684,0.10414724758966817,-0.03320633418061083,-0.03320633418061066,False
SNX4,DIG,0.6323933714368614,0.4329594072761063,0.9123507808630121,1.3453101881391185,1.2214816635868633,0.9125007228426688,True
KRT8P48,DIG,-1.5887664503020875,0.4854268271702419,-2.2921054789815836,-1.8066786518113416,-1.971961914369699,-2.291955537001928,True
NT5DC2,NEUTRAL,0.03788284296819261,0.13750352374993502,0.054653389684986814,0.19215691343492183,0.05480333166464392,0.054803331664643615,False
TSPAN33,DIG,-0.7325939428876471,0.6780719051126378,-1.056909648389301,-0.3788377432766632,-0.5442312811422855,-1.0567597064096454,True
SMURF2P1,DIG,1.7056086024444659,0.5849625007211562,2.4606730724441865,3.0456355731653426,2.906092375821121,2.460823014423841,True
LINC02427,NEUTRAL,0.018303756061653496,0.13750352374993502,0.0264067380997888,0.16391026184972382,0.026556680079445612,0.026556680079445612,False
LINC00867,NEUTRAL,-0.03568072967033571,0.13750352374993502,-0.051476411750693035,0.08602711199924198,-0.05132646977103658,-0.05132646977103608,False
MRPS9,NEUTRAL,-0.03571283578135117,0.13750352374993502,-0.05152273107783726,0.08598079267209777,-0.05137278909818157,-0.0513727890981814,False
FEZ2,DIG,0.9246593661898157,0.632268215499513,1.3340014821135793,1.9662696976130922,1.8157684278739161,1.3341514240932357,True
SLC11A2,DIG,-1.322737283752864,0.4329594072761063,-1.9083065196691946,-1.4753471123930884,-1.6234609672092026,-1.90815657768954,True
FAM171B,DIG,-1.2167079784610348,0.37851162325372983,-1.7553385667357708,-1.376826943482041,-1.5436321583012753,-1.7551886247561141,True
LINC01215,DIG,1.641823096525423,0.6780719051126378,2.36865003937419,3.0467219444868276,2.9166964114995353,2.3687999813538454,True
PMS2P3,DSG,0.06100475653373552,1.3504972470841334,0.08801125972185883,1.4385085068059922,1.2944193131167818,0.08816120170151506,False
DENND3,DCG,-1.0752063543193409,1.4329594072761063,-1.5511948753088147,-0.11823546803270846,-0.2568279194304422,-1.5510449333291594,True
HCN4,NEUTRAL,0.018416526435591125,0.13750352374993502,0.026569431359027812,0.16407295510896283,0.026719373338684963,0.026719373338684963,False
SNRPG,DIG,-0.5677919354993549,0.632268215499513,-0.8191506096016655,-0.18688239410215257,-0.31363105171290645,-0.8190006676220086,True
AIF1L,NEUTRAL,0.003235074187967335,0.13750352374993502,0.004667225487888365,0.14217074923782339,0.004817167467546093,0.004817167467546093,False
TMED2-DT,DIG,-0.7182448429548071,0.4329594072761063,-1.0362082730749724,-0.6032488657988662,-0.7454921883096246,-1.0360583310953162,True
FBXW4,NEUTRAL,-0.008438879678170452,0.13750352374993502,-0.012174729862355162,0.12532879388757986,-0.012024787882698229,-0.01202478788269839,False
MMP25-AS1,DCG,-0.9480853888225631,1.485426827170242,-1.3677980887935965,0.11762873837664545,-0.017496932023346436,-1.3676481468139394,True
XPO5,DSG,-0.04581168707468981,1.1375035237499351,-0.066092293757412,1.0714112299925231,0.9282392210175214,-0.06594235177775515,False
SPA17,NEUTRAL,0.0017892763540242706,0.13750352374993502,0.0025813801227307005,0.14008490387266573,0.0027313221023876916,0.0027313221023876916,False
RPL27P6,DIG,1.2257613143627577,0.53605290024021,1.7683997695446885,2.3044526697848986,2.146658700810894,1.7685497115243443,True
NUAK2,DCG,0.763383528112398,-0.7369655941662062,1.1013296303040772,0.36436403613787094,0.22701045436759118,1.1014795722837323,True
DLG1,DCG,-0.9815154465135368,1.2927817492278462,-1.4160274672409963,-0.1232457180131501,-0.2515419890047943,-1.4158775252613405,True
TMED4,DSG,-0.10043101084026836,-0.7369655941662062,-0.14489132129072088,-0.8818569154569271,-1.019210497227205,-0.14474137931106362,False
TRMT12,DCG,-1.0042809034478024,1.1375035237499351,-1.4488710790636325,-0.3113675553136974,-0.42626046359651204,-1.4487211370839783,True
PPM1F,NEUTRAL,0.00583048720996008,0.13750352374993502,0.008411614983775937,0.14591513873371095,0.008561556963433947,0.00856155696343363,False
SCPEP1,DSG,-0.015885506204096164,1.3219280948873624,-0.0229179410226604,1.299010153864702,1.1582445656079163,-0.022767999043004337,False
EIF5A,NEUTRAL,-0.028805087023291723,0.13750352374993502,-0.041556956200878,0.09594656754905702,-0.04140701422122138,-0.041407014221221054,False
PARM1,DIG,-0.8536520232503509,0.32192809488736235,-1.2315595405881115,-0.909631445700749,-1.0261135114646531,-1.231409598608456,True
HINT3,DIG,1.0438338462741727,0.53605290024021,1.5059339135318015,2.0419868137720116,1.901459379504508,1.5060838555114555,True
RAD54B,DCG,0.8067183937153625,-0.7369655941662062,1.1638486260070637,0.4268830318408575,0.2895294500705787,1.1639985679867197,True
BRD7,NEUTRAL,-0.031047621743095548,0.13750352374993502,-0.0447922499201603,0.09271127382977472,-0.044642307940503036,-0.0446423079405032,False
RRM1,NEUTRAL,-0.033087520942040066,0.13750352374993502,-0.04773520237839093,0.08976832137154409,-0.04758526039873361,-0.047585260398733946,False
RPL17-C18orf32,NEUTRAL,0.016616256946470075,0.13750352374993502,0.02397219149480917,0.1614757152447442,0.024122133474465898,0.024122133474465898,False
PITRM1-AS1,DCG,-0.9372609062584677,1.3504972470841334,-1.352181661478187,-0.001684414394053535,-0.129843394411021,-1.352031719498531,True
PRICKLE4,DSG,0.054276306035750455,1.3504972470841334,0.0783041575555489,1.4288014046396824,1.2905728474600817,0.07845409953520639,False
SPTLC2,NEUTRAL,0.04492426129344712,0.13750352374993502,0.06481200898365617,0.2023155327335912,0.06496195096331307,0.06496195096331307,False
ZNF32,DIG,0.6120244256373946,0.53605290024021,0.8829646037699853,1.4190175040101953,1.299346883965273,0.8831145457496419,True
NOX5,NEUTRAL,-0.025151112800297366,0.13750352374993502,-0.03628538570982794,0.10121813804010707,-0.03613544373017213,-0.036135443730172294,False
TOX,DCG,2.0794415416798357,-3.321928094887362,3.0,-0.3219280948873622,-0.45928167665764,3.000149941979657,True
RPS3AP53,DIG,-1.7131508681323864,0.4329594072761063,-2.4715542617492163,-2.03859485447311,-2.188877766622056,-2.4714043197695474,True
NPAS3,DIG,-1.0195501311353734,0.32192809488736235,-1.4708999181266957,-1.1489718232393333,-1.29222139382785,-1.4707499761470393,True
TM4SF20,NEUTRAL,-0.008756171953803755,0.13750352374993502,-0.012632485854923704,0.12487103789501132,-0.012482543875267328,-0.01248254387526749,False
CNGB1,NEUTRAL,0.019966354303979212,0.13750352374993502,0.028805360338982823,0.16630888408891784,0.028955302318639457,0.028955302318639457,False
NEPRO,DIG,1.3077148199517847,0.7655347463629772,1.8866336856414434,2.6521684320044208,2.5083586659707366,1.8867836276210996,True
BRI3BP,DIG,0.6209296311025443,0.4329594072761063,0.8958120995326541,1.3287715068087604,1.1780149770744306,0.8959620415123104,True
ELL3,NEUTRAL,-0.0017920502416562951,0.13750352374993502,-0.0025853819966614056,0.1349181417532736,-0.0024354400170045263,-0.002435440017004366,False
SHISA3,NEUTRAL,0.020811505182400547,0.13750352374993502,0.030024655320084234,0.16752817907001927,0.030174597299741056,0.030174597299741368,False
LPAR5,DSG,-0.030729454345405974,1.0,-0.044333231393341006,0.955666768606659,0.7811993989046457,-0.044183289413686766,False
TUBGCP2,NEUTRAL,-0.03614934446517867,0.13750352374993502,-0.052152479991300175,0.08535104375863484,-0.05200253801164264,-0.05200253801164264,False
PEX3,DIG,-0.9208061329329008,0.53605290024021,-1.3284424416024396,-0.7923895413622296,-0.9618113638597827,-1.328292499622785,True
TMEM237,NEUTRAL,0.011620209527429613,0.13750352374993502,0.01676441865931339,0.1542679424092484,0.016914360638968708,0.016914360638969023,False
SERAC1,DIG,0.887869248607271,0.37851162325372983,1.28092456192352,1.65943618517725,1.4981341175247598,1.2810745039031772,True
RPAP3,DIG,0.5998775625511864,0.4854268271702419,0.8654403846331556,1.3508672118033975,1.212295296365742,0.8655903266128124,True
SLC15A1,DIG,-0.6867892010802447,0.2016338611696507,-0.990827374534562,-0.7891935133649113,-0.953311310354123,-0.9906774325549059,True
FAM78A,NEUTRAL,-0.0485562415236063,0.13750352374993502,-0.07005184885031357,0.06745167489962145,-0.0699019068706565,-0.06990190687065667,False
PLA2G7,DSG,0.009432104605516268,1.1043366598147357,0.013607650539524271,1.11794431035426,0.9696089882001693,0.013757592519179913,False
ANKRD40CL,DSG,-0.03961310177957213,1.1699250014423124,-0.057149625491618485,1.112775375950694,0.9842826769490202,-0.056999683511961385,False
PEX7,DIG,-1.638096924787096,0.53605290024021,-2.3632743098858047,-1.8272214096455945,-1.9677488439130977,-2.3631243679061487,True
NXPE3,DIG,-1.2594494969164525,0.53605290024021,-1.8170015434514657,-1.2809486432112558,-1.3930627915535747,-1.8168516014718104,True
MACIR,NEUTRAL,-0.08046144901353858,0.13750352374993502,-0.11608133347457228,0.02142219027536274,-0.11593139149491626,-0.11593139149491642,False
NKAIN2,DIG,0.6641880343094848,0.4854268271702419,0.9582207833160825,1.4436476104863245,1.290686476057339,0.9583707252957373,True
PPP2R2A,NEUTRAL,-0.026178248263332093,0.13750352374993502,-0.03776722894866933,0.0997362948012657,-0.03761728696901143,-0.03761728696901143,False
ARHGAP8,NEUTRAL,0.029419317571368092,0.13750352374993502,0.04244310356655029,0.1799466273164853,0.0425930455462059,0.0425930455462059,False
PLXNB1,NEUTRAL,0.01087469828908649,0.13750352374993502,0.015688873292828774,0.1531923970427638,0.015838815272485336,0.01583881527248565,False
CEP112,DCG,-0.8758048720680353,1.2630344058337937,-1.2635193457189475,-0.00048493988515385666,-0.1389881124985334,-1.2633694037392924,True
NDUFA9,DSG,0.10305587887868656,1.1699250014423124,0.14867820539273477,1.318603206835047,1.1831865534465102,0.1488281473723909,False
ZNF230,DIG,0.8500603614347559,0.53605290024021,1.2263778678982022,1.7624307681384122,1.615369927422985,1.226527809877856,True
PTGER1,DIG,0.8239609659784863,0.5849625007211562,1.1887243995032422,1.7736869002243982,1.644824787686513,1.188874341482899,True
ACAA2,NEUTRAL,0.005862225435565828,0.13750352374993502,0.008457403564463964,0.14596092731439897,0.00860734554412062,0.00860734554412062,False
FAM135A-AS1,DIG,-1.3502743143416516,0.5849625007211562,-1.9480340571404462,-1.36307155641929,-1.4958448352283753,-1.9478841151607629,True
NPAT,NEUTRAL,0.024853825024152693,0.13750352374993502,0.035856490109467114,0.17336001385940214,0.03600643208912289,0.03600643208912351,False
LINC02289,NEUTRAL,0.004966302020048346,0.13750352374993502,0.007164859295880591,0.1446683830458156,0.00731480127553641,0.00731480127553641,False
BST2,DIG,-1.3670144752662428,0.632268215499513,-1.972185004290037,-1.3399167887905241,-1.5084216273023225,-1.9720350623103826,True
GH1,DCG,-0.8950337403680128,1.3785116232537298,-1.2912607386572321,0.08725088459649766,-0.032836123994761504,-1.2911107966775763,True
DCK,DIG,1.0801104836259359,0.37851162325372983,1.5582700383393178,1.9367816615930475,1.8009855960767538,1.5584199803189722,True
FBXO31,NEUTRAL,0.07113968225583753,0.13750352374993502,0.10263286680091338,0.2401363905508484,0.10278280878057099,0.10278280878057099,False
PHYH,DCG,-0.9366440985590235,1.3219280948873624,-1.3512917960690167,-0.029363701181654323,-0.15362922899916254,-1.3511418540893605,True
TDRKH-AS1,DCG,-0.9257526928043183,1.2016338611696507,-1.335578818998394,-0.13394495782874327,-0.2734255084386286,-1.3354288770187375,True
MAP3K2-DT,NEUTRAL,-0.023333094398454806,0.13750352374993502,-0.0336625395772448,0.10384098417269022,-0.033512597597587374,-0.03351259759758754,False
STIM2,NEUTRAL,0.0018840617390083387,0.13750352374993502,0.002718126527595967,0.14022165027753097,0.002868068507253423,0.002868068507253423,False
HDAC4,NEUTRAL,-0.019831099747712414,0.13750352374993502,-0.028610229261399073,0.10889329448853595,-0.02846028728174191,-0.02846028728174207,False
MAD2L1BP,DSG,0.06553668178888632,1.1699250014423124,0.09454944581314434,1.2644744472554568,1.131056356067777,0.0946993877928007,False
SIRT4,DIG,-1.0261998662451486,0.632268215499513,-1.4804934579927935,-0.8482252424932806,-0.9930033150178148,-1.4803435160131386,True
TRAPPC1,NEUTRAL,-0.03184710893351673,0.13750352374993502,-0.04594566612503519,0.09155785762489983,-0.045795724145379406,-0.045795724145379406,False
ACSM1,DCG,-0.8562984427010306,1.1043366598147357,-1.235377516805719,-0.13104085699098333,-0.2675879348346005,-1.2352275748260622,True
LIN54,NEUTRAL,-0.01912435745459233,0.13750352374993502,-0.027590615659928236,0.10991290809000678,-0.02744067368027079,-0.02744067368027079,False
ZNF469,NEUTRAL,-0.04665440707933236,0.13750352374993502,-0.06730808172896775,0.07019544202096727,-0.06715813974931084,-0.06715813974931101,False
MTX3,NEUTRAL,-0.008399578719110014,0.13750352374993502,-0.012118030563616489,0.12538549318631853,-0.0119680885839607,-0.011968088583961022,False
NT5C2,NEUTRAL,0.017484871998987284,0.13750352374993502,0.025225338123517252,0.16272886187345226,0.025375280103172606,0.02537528010317292,False
ENTPD4,NEUTRAL,0.07061277964040322,0.13750352374993502,0.10187270701059488,0.23937623076052988,0.10202264899025104,0.10202264899025075,False
KRT8P15,NEUTRAL,-0.017355839121226374,0.13750352374993502,-0.025039183030659957,0.11246434071927507,-0.02488924105100242,-0.024889241051002257,False
PNLDC1,NEUTRAL,0.0166342757234179,0.13750352374993502,0.023998187094954677,0.1615017108448897,0.024148129074610624,0.02414812907461031,False
SLC22A11,DIG,-0.688770535609197,0.37851162325372983,-0.9936858360338237,-0.6151742127800939,-0.7764762804325828,-0.9935358940541646,True
IL17RE,DIG,1.088075720316614,0.6780719051126378,1.5697614458124658,2.2478333509251036,2.0884375453005086,1.5699113877921196,True
KRBOX1,NEUTRAL,-0.020687501366168523,0.13750352374993502,-0.029845755629354986,0.10765776812058003,-0.02969581364969815,-0.029695813649698314,False
SCARNA8,DIG,-1.3005707622107292,0.4329594072761063,-1.8763269889665983,-1.443367581690492,-1.606909251347939,-1.8761770469869303,True
FBLL1,DIG,-1.3280690177535814,0.4854268271702419,-1.9159985858713686,-1.4305717587011268,-1.5984337660451766,-1.915848643891712,True
CFI,NEUTRAL,-0.025250596696471287,0.13750352374993502,-0.03642891063348637,0.10107461311644865,-0.036278968653829895,-0.03627896865383006,False
SEM1,DSG,-0.0539432748133823,1.4059923596758368,-0.07782369506257716,1.3281686646132596,1.2104436999977846,-0.0776737530829221,False
MAPK8IP1,DIG,-1.1981012419852872,0.37851162325372983,-1.728494720295082,-1.3499830970413522,-1.4588730690349772,-1.7283447783154275,True
C11orf96,DIG,0.7102882241803966,0.32192809488736235,1.0247292986268866,1.346657393514249,1.1926815823579853,1.0248792406065437,True
BLOC1S6,NEUTRAL,-0.01570018893004342,0.13750352374993502,-0.022650584710393443,0.11485293903954158,-0.022500642730737406,-0.02250064273073757,False
TMEM120A,DSG,0.07413725640660045,1.1375035237499351,0.106957452162916,1.244460975912851,1.121754628202998,0.1071073941425728,False
DHRS2,DIG,-1.0465802149198566,0.4329594072761063,-1.509896085957383,-1.0769366786812766,-1.1946944890591282,-1.5097461439777264,True
IMPDH1P9,DSG,-0.03472381936310424,1.232660756790275,-0.05009588199587465,1.1825648747944004,1.0547745119611542,-0.04994594001621725,False
NOA1,DIG,0.970808935163573,0.4854268271702419,1.400581236411182,1.886008063581424,1.7730287829077083,1.4007311783908376,True
RIMS2,DCG,-0.9051906180841761,1.2016338611696507,-1.3059140157692566,-0.10428015459960593,-0.2238550382807033,-1.3057640737896017,True
CHD7,DCG,-1.1482612534040504,1.3504972470841334,-1.656590815930969,-0.3060935688468356,-0.4400723399873635,-1.6564408739513137,True
CYP20A1,NEUTRAL,0.06315853691673345,0.13750352374993502,0.09111850799957388,0.2286220317495089,0.0912684499792294,0.09126844997923,False
PRPF38A,NEUTRAL,-0.07944621235498289,0.13750352374993502,-0.11461665658194531,0.02288686716798971,-0.11446671460228776,-0.1144667146022881,False
PDP1,DCG,-1.0519066546068712,1.3785116232537298,-1.5175805140794327,-0.13906889082570295,-0.2764224725959811,-1.5174305720997763,True
DMBX1,NEUTRAL,0.05269088273772872,0.13750352374993502,0.07601687522578311,0.21352039897571812,0.07616681720543973,0.07616681720543914,False
KLRG1,DSG,0.03638759618243825,1.2630344058337937,0.05249620456227384,1.3155306103960676,1.1909850289248998,0.052646146541929645,False
GTPBP2,DSG,-0.0992643799226845,-0.7369655941662062,-0.14320822865137492,-0.8801738228175812,-1.017527404587861,-0.14305828667171996,False
NOD1,DSG,-0.050040402674505914,1.2016338611696507,-0.0721930407825965,1.129440820387054,0.9929677804896244,-0.07204309880294099,False
HEMK1,NEUTRAL,0.04513006804975907,0.13750352374993502,0.06510892537036886,0.20261244912030388,0.06525886735002714,0.06525886735002684,False
CD163,DSG,0.07942696412245541,1.485426827170242,0.11458888725233203,1.600015714422574,1.454163667359014,0.11473882923198674,False
ACSM4,DSG,-0.024644013585562213,1.2927817492278462,-0.03555379618749085,1.2572279530403554,1.0970759055249988,-0.03540385420783374,False
PCDHGB2,DIG,-0.6852683347204813,0.32192809488736235,-0.9886332281794766,-0.6667051332921143,-0.8167005210871562,-0.9884832861998207,True
OIT3,DIG,1.2511613168832656,0.5849625007211562,1.8050442272195923,2.3900067279407486,2.264474941320491,1.805194169199249,True
ZNF599,DSG,0.11251641795001949,1.485426827170242,0.16232687819508307,1.647753705365325,1.5113847586110154,0.1624768201747382,False
CCNYL1,NEUTRAL,0.025694161073104096,0.13750352374993502,0.037068838759969525,0.17457236250990454,0.03721878073962684,0.03721878073962746,False
SAA4,DIG,0.6267141344871479,0.37851162325372983,0.9041573738796271,1.282668997133357,1.1500342217796433,0.9043073158592838,True
STARD7-AS1,DIG,-0.8182376314068686,0.632268215499513,-1.1804673730994208,-0.5481991575999079,-0.6878746358012288,-1.1803174311197644,True
SLC1A2,DIG,-1.099063932174687,0.4329594072761063,-1.5856140845683449,-1.1526546772922386,-1.2961444450382467,-1.5854641425886886,True
CHRND,NEUTRAL,0.06586625558437449,0.13750352374993502,0.09502492029350207,0.2325284440434371,0.09517486227315912,0.09517486227315912,False
MAT2B,DIG,0.6366656882971616,0.4329594072761063,0.9185144312104736,1.3514738384865799,1.1999196805052568,0.9186643731901308,True
GRK5,NEUTRAL,0.011801934337173798,0.13750352374993502,0.017026592141137813,0.15453011589107282,0.017176534120793518,0.017176534120793202,False
ICE1,DCG,-1.098291159411488,1.4329594072761063,-1.5844992091351435,-0.15153980185903726,-0.30669695946101566,-1.5843492671554877,True
GNE,DIG,0.6708972819195907,0.32192809488736235,0.9679001815712784,1.2898282764586408,1.133962616728021,0.9680501235509337,True
PLCL2,DIG,0.6288839696515046,0.5849625007211562,0.9072877843107912,1.4922502850319472,1.333636828071795,0.9074377262904453,True
TMEM244,DIG,1.6218397925644956,0.5849625007211562,2.339820225849183,2.924782726570339,2.792009447761235,2.3399701678288354,True
GSTA2,DSG,-0.039356882186408676,1.232660756790275,-0.05677997875518298,1.175880778035092,1.0501989698132146,-0.056630036775527456,False
PTPN7,DCG,-0.8819789066548785,1.2927817492278462,-1.2724265947996634,0.02035515442818281,-0.12776463259109322,-1.272276652820008,True
MATK,NEUTRAL,-0.04926205810009977,0.13750352374993502,-0.07107012692499794,0.06643339682493708,-0.07092018494534066,-0.07092018494534066,False
LINC02608,DCG,-1.1297293878798587,1.4059923596758368,-1.6298549854407964,-0.22386262576495963,-0.3546756635922629,-1.6297050434611364,True
POR,DSG,-0.07378951633439161,1.1699250014423124,-0.10645576928522194,1.0634692321570904,0.9214389641446451,-0.10630582730556606,False
INTS12,NEUTRAL,-0.05401768292756774,0.13750352374993502,-0.0779310432799144,0.05957248047002062,-0.07778110130025646,-0.07778110130025646,False
SUSD6,NEUTRAL,0.004589033779030363,0.13750352374993502,0.0066205762754790445,0.14412410002541406,0.006770518255135779,0.006770518255135779,False
ZNF701,DSG,-0.05918540333057567,-0.7369655941662062,-0.08538648787803466,-0.8223520820442409,-0.9597056638145196,-0.0852365458983778,False
TEX15,NEUTRAL,0.01666396840812351,0.13750352374993502,0.024041024583930138,0.16154454833386517,0.0241909665635879,0.024190966563587272,False
DNTTIP1,DCG,-0.7517838633231431,1.1375035237499351,-1.0845948514366448,0.05290867231329033,-0.09026333666171053,-1.0844449094569877,True
LRP4,DIG,0.8521252776316804,0.37851162325372983,1.2293569122553565,1.6078685355090863,1.486616883606627,1.2295068542350127,True
GRIFIN,DSG,0.09032702341468574,1.4059923596758368,0.1303143487386284,1.5363067084144653,1.3897718371402066,0.13046429071828505,False
GRHL2,DCG,-0.831241185015687,1.3219280948873624,-1.199227535404797,0.12270055948256542,-0.009843963437574207,-1.1990775934251405,True
TRDMT1,DCG,-0.8708090863920426,1.2630344058337937,-1.2563119504988487,0.006722455334944977,-0.12702634376249558,-1.2561620085191938,True
RNU6-689P,NEUTRAL,-0.018253488511674847,0.13750352374993502,-0.026334217354716968,0.11116930639521805,-0.026184275375060483,-0.026184275375060156,False
MYOM3,NEUTRAL,-0.06677828799246281,0.13750352374993502,-0.09634070492578112,0.0411628188241539,-0.09619076294612447,-0.09619076294612447,False
MAPK6,NEUTRAL,-0.017154398186705087,0.13750352374993502,-0.024748565193394054,0.11275495855654097,-0.024598623213736664,-0.0245986232137365,False
CYP11A1,NEUTRAL,-0.014311053913626982,0.13750352374993502,-0.02064648651108424,0.11685703723885078,-0.02049654453142703,-0.020496544531427192,False
PARP11-AS1,DSG,0.07429492706716682,-0.7369655941662062,0.10718492284300879,-0.6297806713231975,-0.767134253093472,0.1073348648226657,False
SLC1A3,DCG,-0.9558804293866999,1.3219280948873624,-1.379043955159005,-0.057115860271642616,-0.1981313850736141,-1.3788940131793481,True
PLAAT4,DIG,0.5709346161697231,0.5849625007211562,0.8236845394199033,1.4086470401410596,1.2600828624081843,0.8238344813995583,True
ST6GAL2,NEUTRAL,-0.023244992150419246,0.13750352374993502,-0.03353543490091273,0.10396808884902228,-0.03338549292125522,-0.03338549292125473,False
TXN2P1,NEUTRAL,-0.022619366747947803,0.13750352374993502,-0.03263284823531302,0.10487067551462201,-0.03248290625565692,-0.032482906255656585,False
PHF24,DIG,-1.4982865890925121,0.4854268271702419,-2.1615706319142074,-1.6761438047439654,-1.8073232624785502,-2.1614206899345514,True
LRRD1,DSG,0.06952290723339526,1.2927817492278462,0.10030035349380279,1.393082102721649,1.2686061671799589,0.10045029547345855,False
BLCAP,DCG,0.8358880800304729,-0.7369655941662062,1.2059315877981602,0.468965993631954,0.3316124118616758,1.2060815297778174,True
ZNF705A,DSG,-0.18951029235791197,1.070389327891398,-0.2734055589821772,0.7969837689092208,0.6596301871389411,-0.2732556170025203,True
FXYD1,DSG,0.0043116392668129866,1.4594316186372973,0.006220380588333222,1.4656519992256305,1.3150391754826047,0.006370322567989115,False
INTS13,DSG,-0.09108747578630036,-0.7369655941662062,-0.13141144960398907,-0.8683770437701953,-1.0057306255404752,-0.13126150762433367,False
TGFB3,NEUTRAL,-0.024131172117382263,0.13750352374993502,-0.03481392234458542,0.1026896014053496,-0.0346639803649291,-0.034663980364928765,False
GZMH,DIG,1.321302724993247,0.4329594072761063,1.9062368888608314,2.339196296136938,2.191258563030151,1.9063868308404863,True
SAG,NEUTRAL,0.028857070440742497,0.13750352374993502,0.041631952419442696,0.17913547616937772,0.041781894399099545,0.041781894399099545,False
BRSK2,NEUTRAL,0.06252224286763114,0.13750352374993502,0.09020052973038681,0.22770405348032183,0.0903504717100438,0.0903504717100441,False
CAV3,DIG,-0.7307092479872103,0.4854268271702419,-1.054190608402852,-0.5687637812326102,-0.7355580408448381,-1.0540406664231936,True
RNASE7,DIG,1.3048709583685216,0.4854268271702419,1.8825308606382953,2.3679576878085373,2.2397744720399517,1.8826808026179502,True
RBKS,DIG,-1.0678702418912267,0.53605290024021,-1.5406111022893707,-1.0045582020491608,-1.147101504436195,-1.5404611603097131,True
MYZAP,NEUTRAL,0.03610460364593248,0.13750352374993502,0.05208793263324838,0.1895914563831834,0.05223787461290601,0.05223787461290601,False
CERS3,DIG,-0.9059599022286288,0.4329594072761063,-1.3070238581894928,-0.8740644509133866,-1.0267040443616633,-1.3068739162098357,True
MUC15,DIG,-0.6305138774468281,0.37851162325372983,-0.9096392442042105,-0.5311276209504807,-0.6838264770992886,-0.9094893022245545,True
LZIC,NEUTRAL,0.034226799831829,0.13750352374993502,0.0493788343828789,0.18688235813281392,0.04952877636253622,0.049528776362536525,False
ATAT1,DSG,0.13745105013305786,-0.7369655941662062,0.19829994839194287,-0.5386656457742633,-0.6760192275445436,0.1984498903715979,False
TRMT112,DIG,1.2143584311272715,0.632268215499513,1.7519488864490165,2.384217101948529,2.249544203374392,1.7520988284286714,True
ARHGEF26-AS1,DSG,0.10549677698576113,-3.321928094887362,0.1521996769871265,-3.169728417900236,-3.3070819996705128,0.15234961896678395,False
TIGD1,NEUTRAL,-0.0938970796256987,0.13750352374993502,-0.13546485112995163,0.0020386726199833893,-0.13531490915029395,-0.1353149091502938,False
LYSMD3,NEUTRAL,0.020092186982471102,0.13750352374993502,0.028986898520224846,0.16649042227015987,0.029136840499880853,0.029136840499880853,False
DTNA,NEUTRAL,0.03587939756989996,0.13750352374993502,0.051763028944178203,0.18926655269411322,0.051912970923835025,0.05191297092383534,False
LINC02104,DSG,0.046799623566570345,-0.7369655941662062,0.0675175848349613,-0.6694480093312449,-0.8068015911015227,0.06766752681461824,False
PCSK7,NEUTRAL,0.0010104047712306908,0.13750352374993502,0.0014577059527450652,0.13896122970268007,0.0016076479324016295,0.0016076479324016295,False
SLC2A1,DIG,-1.5284661238335264,0.37851162325372983,-2.205110497021405,-1.826598873767675,-1.9661845342567816,-2.204960555041749,True
MIR3150BHG,DCG,-0.8626286129539513,1.1699250014423124,-1.2445100220375906,-0.07458502059527827,-0.21851586499492498,-1.2443600800579329,True
FGF14-AS2,DIG,-0.5596140476426175,0.2016338611696507,-0.8073524113458044,-0.6057185501761537,-0.7602599869497181,-0.8072024693661459,True
ICE2,NEUTRAL,-0.0226330442613035,0.13750352374993502,-0.03265258071600297,0.10485094303393205,-0.03250263873634534,-0.03250263873634534,False
KRT77,DIG,1.3732781477913565,0.4854268271702419,1.9812215735797711,2.466648400750013,2.33948706970935,1.9813715155594267,True
H6PD,NEUTRAL,-0.02105127652574419,0.13750352374993502,-0.030370572248073387,0.10713295150186164,-0.030220630268416752,-0.03022063026841692,False
CD63,DIG,0.627426179709254,0.37851162325372983,0.9051846379904482,1.283696261244178,1.1503190600156334,0.9053345799701034,True
PRRT4,DIG,-1.7224106390582816,0.53605290024021,-2.4849132873437734,-1.9488603871035632,-2.106142377755079,-2.4847633453641174,True
SAP18P2,NEUTRAL,-0.015367436960763349,0.13750352374993502,-0.02217052509446705,0.11533299865546798,-0.022020583114809724,-0.022020583114810047,False
CHTOP,DCG,-0.9544433722352379,1.4059923596758368,-1.3769707199331167,0.029021639742720096,-0.10400695967542173,-1.3768207779534607,True
CCRL2,NEUTRAL,-0.015092527458160398,0.13750352374993502,-0.02177391451836852,0.1157296092315665,-0.021623972538710894,-0.021623972538711057,False
ZFP91P1,NEUTRAL,0.030521750876641354,0.13750352374993502,0.04403357862897885,0.18153710237891388,0.044183520608634896,0.044183520608634896,False
SYNJ2BP-COX16,NEUTRAL,0.011699382225824855,0.13750352374993502,0.016878640718662002,0.154382164468597,0.0170285826983187,0.017028582698318383,False
TPM1,NEUTRAL,0.015574016818925692,0.13750352374993502,0.022468556831385406,0.15997208058132042,0.02261849881104225,0.02261849881104225,False
RNF38,DIG,1.468591169793264,0.4854268271702419,2.118729197754064,2.604156024924306,2.450666209929593,2.11887913973372,True
RPL23AP32,DIG,0.8765556939260415,0.4329594072761063,1.2646025526900841,1.6975619599661904,1.5750427450783377,1.2647524946697397,True
LINC01447,DSG,-0.06890891203137336,1.070389327891398,-0.09941454566071618,0.9709747822306819,0.8476641718214519,-0.09926460368105794,False
KATNAL2,NEUTRAL,0.0340180165163399,0.13750352374993502,0.04907762372900243,0.18658114747893745,0.04922756570865931,0.04922756570865931,False
HSF2BP,DIG,0.6917392700701726,0.632268215499513,0.9979688145183893,1.630237030017902,1.5102360689232077,0.9981187564980443,True
PWP2,DSG,0.035644592387650255,1.1699250014423124,0.051424276672171525,1.221349278114484,1.0904365508470706,0.05157421865182617,False
ZMYND19P1,NEUTRAL,-0.016447947375339562,0.13750352374993502,-0.02372937211120503,0.11377415163872999,-0.023579430131548066,-0.023579430131548226,False
PROZ,DIG,-1.3428216618521345,0.2016338611696507,-1.9372821523523511,-1.7356482911827005,-1.8901897279562634,-1.9371322103726916,True
EIF3FP3,DIG,1.627491650383425,0.6780719051126378,2.3479741330963617,3.0260460382089995,2.886722011038119,2.3481240750760164,True
MPND,NEUTRAL,-0.020912627718618872,0.13750352374993502,-0.030170544301608523,0.1073329794483265,-0.030020602321952104,-0.030020602321952267,False
S1PR1,NEUTRAL,0.0046314880988921,0.13750352374993502,0.006681824912207885,0.14418534866214291,0.006831766891865374,0.006831766891865693,False
PARD3,DSG,-0.05006122186991695,1.1699250014423124,-0.0722230765325713,1.097701924909741,0.9511374251147675,-0.07207313455291572,False
TSPYL4,DIG,-1.1529503338490887,0.53605290024021,-1.6633557290353551,-1.1273028287951452,-1.2678302630626488,-1.6632057870557007,True
MIIP,NEUTRAL,0.030473420224897414,0.13750352374993502,0.04396385223738494,0.18146737598731996,0.0441137942170418,0.0441137942170418,False
LAPTM4A-DT,DIG,1.2531135918086505,0.632268215499513,1.8078607645728968,2.4401289800724095,2.3163261413358587,1.8080107065525486,True
NANOG,DSG,0.04334292133282469,-3.321928094887362,0.06253061766450664,-3.2593974772228553,-3.3967510589931074,0.06268055964416466,False
TMEM69,NEUTRAL,-0.001326369991333152,0.13750352374993502,-0.0019135474088802758,0.13558997634105474,-0.0017636054292222082,-0.0017636054292222082,False
ARMC6,DIG,-1.333278970048195,0.53605290024021,-1.923514958210076,-1.387462057969866,-1.5595475081327022,-1.92336501623042,True
ZNF579,DSG,0.04424445036462138,1.1375035237499351,0.06383124912789716,1.2013347728778323,1.0610758450846525,0.0639811911075529,False
ITSN1,DIG,-1.1738611243683534,0.53605290024021,-1.6935236228185664,-1.1574707225783563,-1.3024211397565832,-1.6933736808389124,True
KCNE4,NEUTRAL,0.046557648087077075,0.13750352374993502,0.06716848801067964,0.20467201176061467,0.06731842999033683,0.06731842999033652,False
TAS2R3,DSG,0.07495560606371258,1.4329594072761063,0.10813808115494486,1.541097488431051,1.4069832114848952,0.10828802313460138,False
CHURC1,NEUTRAL,0.009462383387846362,0.13750352374993502,0.013651333588636056,0.15115485733857106,0.013801275568293756,0.013801275568293438,False
CEBPE,DIG,-1.0356419737465519,0.53605290024021,-1.4941155396606085,-0.9580626394203985,-1.0818571066820093,-1.4939655976809465,True
LENG8-AS1,DSG,0.06668919927435187,1.4329594072761063,0.09621217707396329,1.5291715843500695,1.3755541147290917,0.09636211905361904,False
FAM24B,NEUTRAL,-0.00278345749821125,0.13750352374993502,-0.0040156803291945715,0.13348784342074044,-0.003865738349536615,-0.003865738349537418,False
DUX4L51,DCG,2.0794415416798357,-3.321928094887362,3.0,-0.3219280948873622,-0.4592816766576378,3.0001499419796547,True
TMEM144,NEUTRAL,0.08686135595856827,0.13750352374993502,0.12531444748631745,0.2628179712362525,0.12546438946597427,0.12546438946597427,False
SLITRK6,NEUTRAL,0.04381447652005535,0.13750352374993502,0.06321092799462978,0.20071445174456481,0.06336086997428582,0.06336086997428612,False
CAB39,NEUTRAL,0.06397913178588457,0.13750352374993502,0.09230237614787712,0.22980589989781214,0.09245231812753492,0.09245231812753461,False
HLCS-IT1,DIG,1.1431860965849518,0.37851162325372983,1.6492689123563216,2.0277805356100513,1.8935953591584083,1.6494188543359738,True
TUBB6,NEUTRAL,-0.020173834346863134,0.13750352374993502,-0.029104690767934885,0.10839883298200013,-0.028954748788278233,-0.028954748788278233,False
IRAG2,DSG,-0.02682592750039111,1.485426827170242,-0.03870163257206112,1.446725194598181,1.3041247874365955,-0.038551690592405846,False
CYP3A43,DSG,0.005472430196654589,1.4059923596758368,0.00789504790632459,1.4138874075821615,1.267630520177748,0.008044989885981988,False
DENND5B-AS1,DSG,-0.0010456415746906548,1.485426827170242,-0.0015085419143535343,1.4839182852558885,1.3501377192424997,-0.0013585999346960723,False
HERC3,NEUTRAL,0.004173319042001677,0.13750352374993502,0.0060208266859432995,0.14352435043587833,0.006170768665599834,0.006170768665599834,False
LINC01424,DSG,-0.048413889182820004,1.3504972470841334,-0.06984647783420225,1.2806507692499312,1.150982077825168,-0.0696965358545449,False
EYS,DIG,-0.9643208924463977,0.5849625007211562,-1.3912209693580375,-0.8062584686368813,-0.9629748677037618,-1.3910710273783833,True
KIF18A,DIG,-1.2703973902236523,0.53605290024021,-1.8327960148339444,-1.2967431145937343,-1.444072886682879,-1.832646072854287,True
RBM46,NEUTRAL,-0.010152035236021881,0.13750352374993502,-0.014646290889938785,0.12285723285999624,-0.014496348910281787,-0.01449634891028195,False
MRPS25,DIG,-1.0748457058914855,0.6780719051126378,-1.5506745696104434,-0.8726026644978055,-1.0319984701223999,-1.5505246276307887,True
NNMT,NEUTRAL,0.026730490674629508,0.13750352374993502,0.038563946336816673,0.1760674700867517,0.038713888316472315,0.038713888316472315,False
C20orf202,DSG,0.11792677292127171,1.0356239097307214,0.1701323704815576,1.205756280212279,1.0801852634888984,0.17028231246121447,False
MAP3K2,NEUTRAL,0.0036206676971231562,0.13750352374993502,0.005223519331346441,0.14272704308128145,0.005373461311004224,0.005373461311004543,False
KRT86,DIG,1.6485996082972731,0.5849625007211562,2.3784264793019636,2.9633889800231197,2.831472045738656,2.3785764212816183,True
LINC02585,NEUTRAL,0.024097973594709797,0.13750352374993502,0.034766027000561014,0.17226955075049605,0.03491596898021833,0.034915968980218016,False
KLHL35,DIG,0.741580927449741,0.4329594072761063,1.0698751264495796,1.5028345337256859,1.3831515944052766,1.070025068429235,True
PPP2R2C,NEUTRAL,0.013421376024339175,0.13750352374993502,0.01936295263222016,0.15686647638215517,0.01951289461187768,0.019512894611877364,False
RRAGD,DIG,1.2044484220108183,0.53605290024021,1.7376517654415449,2.273704665681755,2.1292616899795003,1.7378017074212007,True
LINC02028,DCG,-1.0692605638723973,1.4059923596758368,-1.5426169129168443,-0.13662455324100753,-0.2696531526591485,-1.542466970937186,True
ZFP82,DSG,-0.09881755530295959,1.3219280948873624,-0.1425635969883507,1.1793644978990117,1.0383489730970386,-0.14241365500869466,False
MPPED2-AS1,DIG,-1.3710978523054487,0.26303440583379406,-1.9780760720945794,-1.7150416662607852,-1.8453127136720988,-1.977926130114914,True
PDS5A,NEUTRAL,-0.033805990700435454,0.13750352374993502,-0.04877173513585665,0.08873178861407838,-0.0486217931561987,-0.04862179315619854,False
SMIM39,NEUTRAL,0.007132449983788001,0.13750352374993502,0.010289950220999516,0.14779347397093454,0.01043989220065697,0.010439892200656652,False
MIR6729,NEUTRAL,0.04510079872603536,0.13750352374993502,0.0650666986621825,0.20257022241211753,0.06521664064183888,0.06521664064183888,False
NDUFAF5,DSG,-0.013245436452930397,1.4329594072761063,-0.019109125485052586,1.4138502817910537,1.2489155038229593,-0.01895918350539616,False
NTF3,DSG,-0.009680306857454128,-3.321928094887362,-0.013965730697532498,-3.3358938255848947,-3.473247407355173,-0.013815788717876218,False
ANKRD53,DIG,1.1153520664531493,0.53605290024021,1.609112895117216,2.145165795357426,2.002191009424996,1.60926283709687,True
RALBP1,NEUTRAL,0.04901336283767585,0.13750352374993502,0.07071133550320637,0.20821485925314137,0.07086127748286192,0.07086127748286161,False
GALK2,NEUTRAL,0.03543296562204915,0.13750352374993502,0.051118963786919436,0.18862248753685446,0.05126890576657758,0.05126890576657728,False
RPL35AP8,NEUTRAL,-0.008299374396877994,0.13750352374993502,-0.011973466284856715,0.1255300574650783,-0.011823524305199956,-0.011823524305199794,False
FRZB,DIG,1.319570235879899,0.4329594072761063,1.9037374354086103,2.3366968426847166,2.1710371731347156,1.9038873773882665,True
NBL1,NEUTRAL,0.012803461881563493,0.13750352374993502,0.018471490962742528,0.15597501471267755,0.018621432942400255,0.018621432942400255,False
HPS5,DIG,-1.3380597552982514,0.4329594072761063,-1.930412173381887,-1.4974527661057808,-1.6337689412879748,-1.9302622314022315,True
ATP2C1,DSG,-0.0452000921890329,1.3504972470841334,-0.06520994884884174,1.2852872982352916,1.1533179181708473,-0.06506000686918531,False
CSNK2A1,DSG,0.016157061489980487,1.5109619192773793,0.023309712486932897,1.5342716317643121,1.3887263217498391,0.02345965446658936,False
KRTDAP,DSG,0.02231080423905139,1.2016338611696507,0.032187686633923906,1.2338215478035746,1.1142466641224782,0.03233762861358002,False
C1QTNF9,NEUTRAL,-0.08816305108227608,0.13750352374993502,-0.12719239658604006,0.010311127163894956,-0.1270424546063835,-0.1270424546063835,False
GSTCD,NEUTRAL,-0.014564569482858093,0.13750352374993502,-0.021012232165602107,0.11649129158433291,-0.020862290185944647,-0.020862290185944,False
AGTRAP,NEUTRAL,0.03310630926890485,0.13750352374993502,0.04776230820438535,0.18526583195432036,0.04791225018404336,0.04791225018404367,False
ZSCAN16-AS1,DSG,0.016543565068407682,1.232660756790275,0.023867319282815647,1.2565280760730906,1.102564844017962,0.02401726126247335,False
ADCY10P1,DSG,0.03339338797737169,1.2016338611696507,0.04817647523343527,1.249810336403086,1.130401771784227,0.048326417213091055,False
BMPR1AP1,DIG,1.49242948002007,0.53605290024021,2.1531206097014493,2.6891735099416594,2.5447305342394033,2.153270551681104,True
PRSS23,DIG,1.4204781428474422,0.26303440583379406,2.0493167723771695,2.3123511782109634,2.1730988756183245,2.0494667143568246,True
FABP6,DIG,1.6700518880346362,0.32192809488736235,2.40937557689482,2.7313036717821824,2.5813082839871417,2.409525518874477,True
RGS2,DCG,-0.7861581811698016,1.2016338611696507,-1.1341865093279602,0.06744735184169048,-0.04884748361466869,-1.1340365673483037,True
ZNF883,NEUTRAL,0.05366474611744786,0.13750352374993502,0.07742186309420729,0.2149253868441423,0.07757180507386462,0.07757180507386492,False
LINC01132,DCG,-0.8391721251906771,1.2016338611696507,-1.2106694634648423,-0.009035602295191625,-0.12601688640074046,-1.2105195214851856,True
MED25,DIG,1.3495997651798224,0.5849625007211562,1.9470608884098393,2.5320233891309956,2.403161276593109,1.9472108303894953,True
RASGRF2-AS1,NEUTRAL,-0.008090884987447944,0.13750352374993502,-0.011672679647794112,0.1258308441021409,-0.011522737668137559,-0.011522737668137236,False
KDM5B,DCG,-0.9513105858216844,1.4329594072761063,-1.3724510645101187,0.0605083427659876,-0.09319753239163767,-1.372301122530462,True
KPNA2P3,DCG,-0.8694804864916799,1.3219280948873624,-1.2543951860112699,0.06753290887609253,-0.05083642060713367,-1.254245244031614,True
SCGB1D2,DIG,-0.5801206716174196,0.53605290024021,-0.8369372160596261,-0.3008843158194161,-0.44124863396953384,-0.836787274079972,True
MTFR1,DCG,-0.9247877196975409,1.1699250014423124,-1.334186657082655,-0.16426165564034267,-0.3131268530139324,-1.334036715102999,True
SPOCD1,NEUTRAL,0.0057479698959659545,0.13750352374993502,0.008292567664089133,0.14579609141402416,0.008442509643745598,0.008442509643745598,False
ZNF37A,DSG,0.02771814052355249,1.232660756790275,0.03998882387599259,1.2726495806662677,1.1277773382075578,0.040138765855648385,False
HDHD2,NEUTRAL,0.00804282260748869,0.13750352374993502,0.011603340290573574,0.1491068640405086,0.011753282270231065,0.011753282270230748,False
ZNF551,DSG,0.046594064637387356,1.3785116232537298,0.06722102598721856,1.4457326492409484,1.3083790674706701,0.06737096796687561,False
HAUS3,NEUTRAL,0.007261269611590945,0.13750352374993502,0.010475797659199986,0.147979321409135,0.010625739638857185,0.010625739638857504,False
TMEM270,DSG,-0.025710767094100414,1.4059923596758368,-0.037092796184109815,1.368899563491727,1.2380865256644213,-0.03694285420445322,False
C2CD3,DIG,0.6522157432909759,0.37851162325372983,0.9409484184356001,1.3194600416893298,1.217665668718828,0.9410983604152551,True
FGL1,NEUTRAL,0.036994937239942495,0.13750352374993502,0.05337241249406347,0.19087593624399848,0.053522354473720245,0.053522354473720245,False
RPS17P5,DSG,0.013774521458649496,-0.7369655941662062,0.01987243379901224,-0.717093160367194,-0.8544467421374673,0.02002237577866904,False
POLR1A,DIG,1.195477940326429,0.632268215499513,1.7247100960010915,2.3569783115006047,2.2060711667861113,1.7248600379807457,True
SSR4P1,DSG,0.05808518403103723,1.232660756790275,0.08379920695070023,1.3164599637409753,1.1741979140821432,0.08394914893035714,False
SDR39U1,DIG,0.7459970357351702,0.4329594072761063,1.0762462239729969,1.5092056312491031,1.3417445499949194,1.0763961659526533,True
ZFP91-CNTF,DIG,-0.8670663263458352,0.4854268271702419,-1.250912289140948,-0.7654854619707062,-0.9104314227535704,-1.250762347161292,True
MSI2,DCG,2.0794415416798357,-3.321928094887362,3.0,-0.3219280948873622,-0.45928167665764,3.0001499419796573,True
PLOD3,DSG,-0.101041464419769,1.1043366598147357,-0.14577201964255937,0.9585646401721764,0.8292684187272009,-0.14562207766290297,False
RTP4,DCG,0.7843224192133122,-0.7369655941662062,1.1315380646570803,0.39457247049087407,0.257218888720595,1.1316880066367367,True
LHX9,DCG,-1.0258214067185591,1.4594316186372973,-1.4799474563106056,-0.020515837673308335,-0.16754913920424983,-1.479797514330946,True
YAF2,DIG,-0.9466014565923497,0.632268215499513,-1.3656572271240524,-0.7333890116245394,-0.8781670841490731,-1.3655072851443961,True
HMGB1P3,NEUTRAL,0.010788997710613504,0.13750352374993502,0.015565233493264483,0.15306875724319952,0.015715175472922945,0.01571517547292263,False
LINC02381,DIG,-0.5795493154490916,0.37851162325372983,-0.836112923348998,-0.45760130009526817,-0.5909785013238108,-0.8359629813693409,True
TRIM31,DSG,-0.09181305144208073,-0.7369655941662062,-0.13245823400437315,-0.8694238281705794,-1.0067774099408566,-0.13230829202471617,False
FAM107A,NEUTRAL,0.020433728096424693,0.13750352374993502,0.029479638191585385,0.1669831619415204,0.029629580171241825,0.029629580171241825,False
ETS1-AS1,NEUTRAL,0.031262615533471684,0.13750352374993502,0.045102420395357876,0.1826059441452929,0.04525236237501504,0.04525236237501534,False
COX5BP7,NEUTRAL,-0.012166133166785524,0.13750352374993502,-0.017552019986516215,0.1199515037634188,-0.017402078006859487,-0.017402078006859646,False
TPRG1,DCG,-0.9684809880347438,1.2630344058337937,-1.3972227186329684,-0.13418831279917476,-0.2548441878385914,-1.3970727766533115,True
VWA2,NEUTRAL,-0.05826376991929461,0.13750352374993502,-0.0840568519260619,0.053446671823873124,-0.08390690994640558,-0.08390690994640523,False
FCHSD1,DIG,1.6745764090097017,0.37851162325372983,2.4159030808679454,2.7944147041216754,2.661037502893132,2.4160530228476027,True
AIG1,DIG,-1.6639090913972525,0.5849625007211562,-2.4005133946488773,-1.8155508939277212,-1.9722672929946012,-2.400363452669222,True
RBM23,DIG,-0.9394443765725186,0.4329594072761063,-1.3553317432721965,-0.9223723359960903,-1.0516025735670131,-1.355181801292541,True
MSR1,NEUTRAL,0.02625886083861655,0.13750352374993502,0.037883528311265506,0.17538705206120053,0.03803347029092279,0.03803347029092279,False
LINC00710,DCG,-0.7953540492041452,1.4059923596758368,-1.1474533425377769,0.25853901713805993,0.13358823740882092,-1.1473034005581122,True
CHGB,DSG,-0.08207802704641837,-0.7369655941662062,-0.11841356258581799,-0.8553791567520243,-0.9927327385223015,-0.11826362060616118,False
EMX2OS,NEUTRAL,0.030949019393255076,0.13750352374993502,0.044649996799025454,0.18215352054896047,0.04479993877868175,0.044799938778681436,False
TBX18-AS1,DIG,-0.9571067408190227,0.37851162325372983,-1.3808131485810025,-1.0023015253272727,-1.1636035929797612,-1.3806632066013438,True
STARD4-AS1,NEUTRAL,0.029078650943618087,0.13750352374993502,0.041951625512098994,0.179455149262034,0.04210156749175511,0.042101567491754796,False
C21orf91-OT1,DIG,0.8500826347744865,0.5849625007211562,1.2264100015349757,1.8113725022561318,1.678112651983397,1.226559943514632,True
SLC35F6,DIG,1.1265756140969905,0.4854268271702419,1.625305051644167,2.1107318788144087,1.943858341931737,1.6254549936238234,True
CYCSP39,DCG,-0.7202519561553772,1.232660756790275,-1.0391039253359378,0.19355683145433722,0.044436277786269615,-1.0389539833562778,True
TLR10,NEUTRAL,-0.03259148815173365,0.13750352374993502,-0.047019578331697544,0.09048394541823748,-0.04686963635204168,-0.04686963635204168,False
SILC1,DIG,1.7221405335680497,0.632268215499513,2.484523607492499,3.1167918229920115,2.9800886500723007,2.4846735494721552,True
NCAPD3,NEUTRAL,0.008156536534103215,0.13750352374993502,0.011767394808580363,0.14927091855851538,0.011917336788238376,0.011917336788238059,False
FAM66C,DSG,0.04369840858249155,1.3504972470841334,0.06304347735670028,1.4135407244408338,1.271678772463459,0.06319341933635572,False
GLYATL2,DIG,1.2663921183448024,0.53605290024021,1.8270176289569156,2.3630705291971257,2.2046335390884075,1.8271675709365707,True
LINC02169,NEUTRAL,0.019238826165778586,0.13750352374993502,0.027755759101893596,0.16525928285182861,0.027905701081551104,0.02790570108155079,False
LPCAT2,NEUTRAL,0.019119488260102336,0.13750352374993502,0.027583590897184398,0.16508711464711942,0.027733532876841376,0.027733532876841688,False
TSPEAR,DSG,0.13861661746164555,-3.321928094887362,0.19998150659671854,-3.1219465882906436,-3.259300170060917,0.200131448576376,False
SNORD35B,DSG,-0.1520081693745303,1.4059923596758368,-0.21930143213124445,1.1866909275445923,1.055877889717286,-0.2191514901515892,False
UBE2E2,NEUTRAL,-0.007105266549211748,0.13750352374993502,-0.010250732814742028,0.12725279093519298,-0.010100790835085879,-0.010100790835085879,False
PKP4P1,NEUTRAL,0.005602864164347572,0.13750352374993502,0.008083224344678728,0.14558674809461375,0.0082331663243345,0.008233166324334181,False
IMPG1,DIG,-0.7507468815740428,0.5849625007211562,-1.0830988030097255,-0.4981363022885693,-0.6309095810976703,-1.0829488610300693,True
ZNF219,DIG,-1.0127679960948937,0.32192809488736235,-1.461115365537156,-1.1391872706497936,-1.2736014737479213,-1.4609654235575,True
RAB27B,NEUTRAL,-0.048380383502571615,0.13750352374993502,-0.06979813935546629,0.06770538439446873,-0.06964819737580975,-0.06964819737580975,False
FOXK1,DSG,0.19587335446353368,1.485426827170242,0.28258551712682617,1.768012344297068,1.616570796864313,0.28273545910648085,True
DAND5,DIG,1.7071406471347814,0.53605290024021,2.462883345721325,2.998936245961535,2.8554545347899283,2.463033287700982,True
CRYM,DCG,-0.9008721697345141,1.2927817492278462,-1.299683811750864,-0.006902062523017838,-0.13333195361243408,-1.2995338697712078,True
AK3P5,DSG,-0.02211594121980195,1.1699250014423124,-0.031906558722400086,1.1380184427199123,1.0042758437683175,-0.03175661674274289,False
INS-IGF2,NEUTRAL,-0.030067256725912532,0.13750352374993502,-0.043377882171609344,0.09412564157832568,-0.043227940191952356,-0.04322794019195252,False
PI16,DSG,-0.007071596323304873,1.232660756790275,-0.010202156946800567,1.2224585998434745,1.0874953386610515,-0.01005221496714502,False
NR2F2,DIG,-0.7005875382985738,0.37851162325372983,-1.0107341672119592,-0.6322225439582294,-0.7792505269083283,-1.0105842252323036,True
BRSK1,DSG,0.009108962563717075,1.4059923596758368,0.013141455118317841,1.4191338147941546,1.2725989435198988,0.013291397097974007,False
SLC2A4,NEUTRAL,-0.0070939403059096014,0.13750352374993502,-0.010234392499698118,0.1272691312502369,-0.01008445052004023,-0.010084450520040391,False
ZNF808,DSG,-0.019376389391185883,1.4059923596758368,-0.027954220884997397,1.3780381387908394,1.2409922258720059,-0.027804278905340367,False
KDM4B,NEUTRAL,-0.03346969410560043,0.13750352374993502,-0.04828656170622031,0.08921696204371471,-0.04813661972656236,-0.04813661972656286,False
IRF6,DCG,-0.845767366200531,1.4329594072761063,-1.220184384963226,0.21277502231288037,0.0744904074987989,-1.2200344429835708,True
SLC18A1,NEUTRAL,-0.01026401803187442,0.13750352374993502,-0.014807847914180123,0.1226956758357549,-0.01465790593452288,-0.01465790593452288,False
RPL27AP5,NEUTRAL,-0.10756448145960824,0.13750352374993502,-0.15518274397756968,-0.017679220227634657,-0.15503280199791294,-0.15503280199791258,False
COP1P1,NEUTRAL,0.02273137862001838,0.13750352374993502,0.03279444720766993,0.17029797095760496,0.03294438918732679,0.03294438918732679,False
SHANK2,DCG,0.7929317452022571,-0.7369655941662062,1.1439586965667274,0.4069931024005212,0.26963952063024177,1.144108638546383,True
GGA2,DCG,-0.8991203675950656,1.2630344058337937,-1.297156495491663,-0.03412208965786934,-0.17241842790842252,-1.2970065535120066,True
CLCA3P,NEUTRAL,0.026980867787272805,0.13750352374993502,0.038925164155579256,0.17642868790551428,0.039075106135236716,0.03907510613523609,False
SELENOP,DSG,0.03704127297449822,-0.7369655941662062,0.05343926082852296,-0.6835263333376833,-0.8208799151079617,0.05358920280817892,False
RPS17P1,DSG,0.0888064405560734,-0.7369655941662062,0.1281206113892476,-0.6088449827769586,-0.7461985645472335,0.12827055336890456,False
ARRDC3-AS1,NEUTRAL,0.029151072395879614,0.13750352374993502,0.04205610758213067,0.1795596313320657,0.04220604956178804,0.042206049561788354,False
DNAH6,DIG,1.0049100674361187,0.7224660244710913,1.4497787708294823,2.1722447953005735,2.0119719273657712,1.4499287128091387,True
RPL29P3,DIG,1.353174075450502,0.4854268271702419,1.9522175281119472,2.437644355282189,2.283874759180648,1.9523674700915974,True
STAT5B,NEUTRAL,0.023665163251069835,0.13750352374993502,0.03414161366414619,0.17164513741408122,0.03429155564380434,0.034291555643804025,False
CXCL8,DIG,-1.0085884001263878,0.4854268271702419,-1.4550854831604734,-0.9696586559902315,-1.0935579692781594,-1.4549355411808187,True
SPG21,NEUTRAL,0.08771282410989087,0.13750352374993502,0.12654285636570548,0.2640463801156405,0.12669279834536284,0.12669279834536284,False
MYBPC1,NEUTRAL,-0.053017952399541664,0.13750352374993502,-0.07648873700490588,0.06101478674502914,-0.07633879502524833,-0.07633879502524867,False
CHRNA4,DCG,-0.8317687832914609,1.0,-1.1999886988208375,-0.19998869882083747,-0.3340988927083272,-1.1998387568411777,True
MORN3,DIG,-1.706845055511738,0.5849625007211562,-2.462456897152632,-1.877494396431476,-2.0370987565263174,-2.4623069551729757,True
COQ8B,DSG,0.05121400978942121,1.1699250014423124,0.0738861979472368,1.243811199389549,1.096530110844549,0.07403613992689181,False
MTND4P23,NEUTRAL,-0.0011979000042119897,0.13750352374993502,-0.0017282043955575061,0.1357753193543775,-0.0015782624159003502,-0.0015782624159006707,False
TRIB1,DCG,-0.9880907428837092,1.4594316186372973,-1.4255136147066192,0.03391800393067812,-0.10894058134734891,-1.4253636727269636,True
FBXO22,NEUTRAL,-0.010543114184611192,0.13750352374993502,-0.015210498549664653,0.12229302520027037,-0.015060556570006963,-0.015060556570007124,False
KCTD17,NEUTRAL,-0.04772360636663025,0.13750352374993502,-0.06885061023847443,0.06865291351146059,-0.06870066825881904,-0.06870066825881871,False
SUDS3,DIG,-0.6438367046014827,0.4854268271702419,-0.9288600208708515,-0.44343319370060963,-0.6024566251996188,-0.9287100788911966,True
P2RY6,DSG,-0.01889942834210241,1.3504972470841334,-0.02726611154478747,1.323231135539346,1.1950721555223789,-0.027116169565131146,False
LINC01050,NEUTRAL,-0.008206836253512234,0.13750352374993502,-0.01183996196432986,0.12566356178560517,-0.01169001998467265,-0.011690019984673134,False
WDR27,NEUTRAL,-0.0330397400985132,0.13750352374993502,-0.04766626919238523,0.08983725455754979,-0.04751632721272801,-0.04751632721272718,False
VPS39,NEUTRAL,0.004900528299237599,0.13750352374993502,0.00706996787504611,0.14457349162498112,0.007219909854703397,0.007219909854704034,False
PCBD2,NEUTRAL,-0.02912397482317025,0.13750352374993502,-0.04201701404836275,0.09548650970157227,-0.041867072068705706,-0.04186707206870554,False
EIF4A3,DCG,-0.942236361010578,1.4059923596758368,-1.3593597253752239,0.04663263430061293,-0.0828520125622737,-1.3592097833955665,True
ASXL1,DCG,-0.8162305790719745,1.1043366598147357,-1.1775718086490645,-0.0732351488343288,-0.21975675572822162,-1.1774218666694094,True
BZW1-AS1,NEUTRAL,-0.01530136161389629,0.13750352374993502,-0.022075198519216924,0.1154283252307181,-0.021925256539561355,-0.02192525653956119,False
MMUT,DSG,0.023527911300230533,1.3504972470841334,0.033943600955317996,1.3844408480394514,1.2504620768989259,0.0340935429349752,False
FOLH1B,NEUTRAL,0.010075737333247946,0.13750352374993502,0.0145362162839766,0.15203974003391163,0.014686158263632317,0.014686158263632634,False
KIF12,NEUTRAL,-0.0055294234277123685,0.13750352374993502,-0.007977271758135888,0.12952625199179912,-0.00782732977847782,-0.00782732977847782,False
MNX1,DIG,-0.5834616320755225,0.6780719051126378,-0.8417572031443372,-0.1636852980316994,-0.3266758771437021,-0.8416072611646822,True
APOOP4,DIG,1.337742041984022,0.4329594072761063,1.929953809959024,2.3629132172351306,2.212446224560189,1.9301037519386766,True
WASF2,NEUTRAL,0.004069242669198473,0.13750352374993502,0.005870676219026406,0.14337419996896142,0.006020618198682346,0.006020618198682027,False
RPL13P5,DSG,0.07733711442282482,1.5109619192773793,0.11157387145447169,1.622535790731851,1.468134572813852,0.11172381343412748,False
BTBD9,DSG,-0.07353375522817852,1.1699250014423124,-0.10608678400563605,1.0638382174366763,0.9381171796919752,-0.10593684202597908,False
RPL7AP3,DIG,-0.7696737028523692,0.37851162325372983,-1.1104044342077588,-0.731892810954029,-0.8937675368533943,-1.1102544922280935,True
ELOF1,DIG,1.0640736404489632,0.53605290024021,1.5351337642163854,2.0711866644565955,1.9301531643069079,1.5352837061960412,True
NEK9,NEUTRAL,-0.03406290994503152,0.13750352374993502,-0.04914239125594433,0.08836113249399069,-0.048992449276288194,-0.04899244927628787,False
IL1R2,NEUTRAL,-0.0032480167175358,0.13750352374993502,-0.004685897611113348,0.13281762613882167,-0.004535955631455243,-0.004535955631455564,False
STT3B,NEUTRAL,-0.005492663041103887,0.13750352374993502,-0.00792423773067467,0.12957928601926036,-0.00777429575101682,-0.0077742957510173035,False
SORCS3,NEUTRAL,-0.029990239724374094,0.13750352374993502,-0.0432667701254257,0.09423675362450931,-0.043116828145768886,-0.04311682814576921,False
THBS4-AS1,NEUTRAL,0.008019127084731206,0.13750352374993502,0.011569154877400081,0.1490726786273351,0.011719096857056981,0.011719096857056981,False
LINC01269,NEUTRAL,0.004168333459785978,0.13750352374993502,0.006013634011204766,0.1435171577611398,0.0061635759908613315,0.00616357599086165,False
BPIFB2,DCG,-0.846301274489572,1.2016338611696507,-1.220954651804115,-0.019320790634464347,-0.16501204823335372,-1.2208047098244603,True
CRIP1P2,NEUTRAL,-0.0534311669155164,0.13750352374993502,-0.07708487953792596,0.06041864421200906,-0.07693493755826906,-0.07693493755826956,False
PDF,NEUTRAL,0.05897151120180564,0.13750352374993502,0.08507790676457296,0.22258143051450796,0.08522784874423019,0.08522784874422988,False
FLG2,DCG,-0.8178856097622739,1.1375035237499351,-1.1799595132184786,-0.042455989468543454,-0.19720048751950972,-1.1798095712388206,True
TSHB,DIG,-0.8635569677170741,0.37851162325372983,-1.2458493548505336,-0.8673377315968038,-1.043901862289668,-1.2456994128708632,True
NOP14,NEUTRAL,0.0032573282961407754,0.13750352374993502,0.004699331379389594,0.14220285512932462,0.004849273359045453,0.004849273359045453,False
SLC7A9,DSG,0.021116154067478302,1.1043366598147357,0.03046417075579826,1.134800830570534,1.0071400336221148,0.030614112735454176,False
RPS24P17,NEUTRAL,0.02357913441740675,0.13750352374993502,0.034017500292446996,0.171521024042382,0.0341674422721037,0.0341674422721037,False
P3H4,DIG,1.1820146163639793,0.37851162325372983,1.7052866252865837,2.0837982485403135,1.918967755467759,1.7054365672662395,True
CHCHD4P3,DIG,1.5304754363347906,0.32192809488736235,2.208009322202575,2.529937417089937,2.374071757359319,2.2081592641822314,True
RPL7AP14,DCG,-0.9610099928579723,1.2927817492278462,-1.3864443509409348,-0.0936626017130886,-0.23864147648821638,-1.3862944089612672,True
CMSS1,DIG,0.9972463443759958,0.4329594072761063,1.4387223555758966,1.8716817628520028,1.745008792920408,1.4388722975555506,True
CCT5P1,NEUTRAL,0.03863863233412679,0.13750352374993502,0.05574376325517667,0.19324728700511168,0.055893705234833356,0.05589370523483366,False
PRDM12,NEUTRAL,-0.031735468667110855,0.13750352374993502,-0.04578460326632791,0.09171892048360711,-0.04563466128667128,-0.045634661286670784,False
SERTAD2,DIG,-0.6042288000204318,0.53605290024021,-0.8717178933517662,-0.3356649931115562,-0.4782082954985899,-0.871567951372109,True
NOSIP,DSG,0.04499967220705689,1.485426827170242,0.06492080393474989,1.550347631104992,1.4061348796002053,0.06507074591440624,False
CFAP161,NEUTRAL,0.017771612595138382,0.13750352374993502,0.025639017359605987,0.16314254110954102,0.025788959339263468,0.025788959339263468,False
SLC5A8,NEUTRAL,0.033674319078042886,0.13750352374993502,0.04858177313920508,0.1860852968891401,0.048731715118862616,0.048731715118862616,False
CLEC12A,DSG,0.10883870529728029,1.3785116232537298,0.15702106038916164,1.5355326836428915,1.4058870284512532,0.1571710023688178,False
OSTM1,DIG,-0.7867064492564796,0.53605290024021,-1.1349774929776881,-0.5989245927374781,-0.7433675684397334,-1.1348275509980328,True
CHMP4C,DCG,-0.7968220137775023,1.232660756790275,-1.1495711677479599,0.08308958904231512,-0.0566582802776329,-1.1494212257683043,True
KLHL2P1,NEUTRAL,-0.011189041911306347,0.13750352374993502,-0.016142375277740435,0.12136114847219459,-0.015992433298083305,-0.015992433298083468,False
PHF20L1,DCG,-0.8855922799314613,1.3219280948873624,-1.27763959050667,0.04428850438069243,-0.09022092905243542,-1.2774896485270149,True
TIAM1,DIG,-1.0013573653318442,0.37851162325372983,-1.4446533051218895,-1.0661416818681597,-1.2280164077675313,-1.4445033631422328,True
TPSB2,DCG,-0.9251761119882493,1.2927817492278462,-1.3347469887143797,-0.04196523948653352,-0.17533516189440904,-1.3345970467347226,True
CAPZA1P2,NEUTRAL,-0.004489429572492039,0.13750352374993502,-0.0064768777806545235,0.1310266459692805,-0.006326935800998549,-0.006326935800998549,False
MRPS12,DSG,-0.028812896731176,1.4594316186372973,-0.04156822322771344,1.4178633954095838,1.2766845623724832,-0.04141828124805887,False
PPIE,DIG,-1.545260246478807,0.32192809488736235,-2.2293392944778323,-1.90741119959047,-2.0563131660812672,-2.229189352498177,True
ACER1,DIG,-1.0009655869860976,0.4854268271702419,-1.4440880884453535,-0.9586612612751116,-1.0850663351316079,-1.4439381464656944,True
MIR2110,NEUTRAL,-0.009784560140668105,0.13750352374993502,-0.014116136392221694,0.12338738735771332,-0.01396619441256462,-0.013966194412564298,False
SLC1A4,DIG,1.1974402214461184,0.5849625007211562,1.7275410692412971,2.312503569962453,2.2020649284147837,1.7276910112209534,True
CD82,DIG,-1.4761792461970729,0.26303440583379406,-2.129676477951725,-1.866642072117931,-2.031028129577777,-2.12952653597207,True
EEF1DP4,DSG,0.06274065668398716,1.1699250014423124,0.09051563426010528,1.2604406357024176,1.1095111655070267,0.09066557623976108,False
PLPPR5,NEUTRAL,0.01946882736574782,0.13750352374993502,0.02808758069248772,0.16559110444242275,0.028237522672145045,0.028237522672145045,False
RBM26,NEUTRAL,-0.07631730061342307,0.13750352374993502,-0.11010259112901771,0.027400932620917307,-0.10995264914936115,-0.1099526491493615,False
GPR37,DIG,-0.7628142419358542,0.5849625007211562,-1.1005083239603308,-0.5155458232391746,-0.6716082726595708,-1.100358381980676,True
SLC24A1,NEUTRAL,-0.004360272182882805,0.13750352374993502,-0.006290543055171119,0.1312129806947639,-0.00614060107551424,-0.006140601075513919,False
RUFY1,DIG,-1.1169116640383747,0.53605290024021,-1.6113629188192033,-1.0753100185789934,-1.258760866410107,-1.6112129768395476,True
RPS16P5,DSG,-0.09735871307701524,-0.7369655941662062,-0.14045893254354136,-0.8774245267097476,-1.0147781084800196,-0.14030899056388335,False
CALCOCO1,DIG,-1.6914897549127852,0.37851162325372983,-2.4403038811271633,-2.0617922578734333,-2.195169459101978,-2.4401539391475078,True
DCAF13,DCG,-1.0046524343208405,1.4059923596758368,-1.4494070848117018,-0.04341472513586497,-0.18402323648607724,-1.4492571428320458,True
USP34,DIG,0.9908077182301512,0.53605290024021,1.4294333815651485,1.9654862818053584,1.8197525585210692,1.429583323544805,True
CLEC11A,DIG,1.6761317276902779,0.6780719051126378,2.4181469314154143,3.096218836528052,2.964747776735185,2.418296873395069,True
LILRP1,DSG,-0.0684817101255511,1.3785116232537298,-0.09879822358972808,1.2797133996640018,1.142359817893722,-0.0986482816100708,False
NFYC,DIG,-0.7004314411205529,0.4854268271702419,-1.0105089665873317,-0.5250821394170898,-0.666306936875025,-1.010359024607677,True
CNOT11,DIG,1.2465213579050518,0.32192809488736235,1.7983501814117948,2.120278276299157,1.9916871982354156,1.7985001233914495,True
EZH1,NEUTRAL,0.04757577917844263,0.13750352374993502,0.06863734068716758,0.2061408644371026,0.06878728266682528,0.06878728266682467,False
THA1P,DCG,-0.9588004323586989,1.2016338611696507,-1.383256628966089,-0.18162276779643838,-0.3144598863449724,-1.3831066869864304,True
IFITM3P6,DIG,-0.8683162544335472,0.5849625007211562,-1.252715554194558,-0.6677530534734019,-0.7996699877578612,-1.252565612214899,True
RUFY4,NEUTRAL,-0.06293266378352824,0.13750352374993502,-0.09079264195042866,0.04671088179950636,-0.09064269997077107,-0.09064269997077123,False
LRAT,NEUTRAL,-0.0026869127624182944,0.13750352374993502,-0.003876395717642139,0.13362712803229287,-0.0037264537379861273,-0.0037264537379867696,False
ISCA1P6,NEUTRAL,0.0029698632904741557,0.13750352374993502,0.004284607041285244,0.14178813079122027,0.004434549020942105,0.004434549020941785,False
SYNJ2,DIG,1.0629105913049364,0.53605290024021,1.5334558389839876,2.0695087392241978,1.9000869167266445,1.5336057809636428,True
SUMF1,DIG,1.4485469861944684,0.32192809488736235,2.0898115534774133,2.4117396483647755,2.25045229369185,2.08996149545707,True
TRUB1,NEUTRAL,-0.03799641868947697,0.13750352374993502,-0.054817244814849155,0.08268627893508587,-0.05466730283519317,-0.054667302835193006,False
SNORD45B,NEUTRAL,0.005270467149928663,0.13750352374993502,0.007603676820370272,0.1451072005703053,0.00775361880002744,0.007753618800027121,False
CLCN1,DSG,-0.04898415358800351,1.070389327891398,-0.07066919546355599,0.9997201324278421,0.8623665506575636,-0.07051925348389865,False
PRPF40A,NEUTRAL,0.0029691603774105913,0.13750352374993502,0.004283592952094263,0.1417871167020293,0.0044335349317521245,0.004433534931751805,False
STAU2,DCG,-0.8949642670925801,1.4059923596758368,-1.2911605099072911,0.11483184976854566,-0.03170302150571103,-1.2910105679276356,True
GAL3ST3,DIG,-1.080840100567346,0.53605290024021,-1.5593226530824387,-1.0232697528422285,-1.128346557953906,-1.5591727111027631,True
SLC25A3P2,NEUTRAL,0.004609183131204966,0.13750352374993502,0.006649645645938469,0.1441531693958735,0.006799587625594609,0.0067995876255949285,False
NKG7,DSG,0.04605716155716753,1.3504972470841334,0.0664464385759474,1.4169436856600808,1.2887847056431128,0.0665963805556028,False
PIF1,NEUTRAL,-0.035874742425546,0.13750352374993502,-0.05175631299050412,0.0857472107594309,-0.051606371010848404,-0.05160637101084807,False
BCKDHA,DIG,1.334005327290325,0.6780719051126378,1.9245628702012103,2.602634775313848,2.4593745876215216,1.924712812180864,True
BUB1B-PAK6,NEUTRAL,0.005861468099617473,0.13750352374993502,0.008456310959646985,0.14595983470958201,0.008606252939303604,0.008606252939303286,False
MTCYBP21,DSG,-0.017623198034058485,1.2630344058337937,-0.025424900408340306,1.2376095054254534,1.121058244972265,-0.02527495842868372,False
NMNAT1,NEUTRAL,-0.007628268783972837,0.13750352374993502,-0.011005265545205695,0.12649825820472932,-0.010855323565549425,-0.010855323565549748,False
WBP2,DCG,-0.8593360159794644,1.070389327891398,-1.2397598087108523,-0.16937048081945427,-0.30672406258973256,-1.2396098667311957,True
DECR1,DCG,0.7720298051052717,-0.7369655941662062,1.1138035712438485,0.3768379770776423,0.23948439530736265,1.1139535132235039,True
TCP1P3,DSG,0.004905027983531436,1.4329594072761063,0.007076459547262395,1.4400358668233686,1.3001313747944458,0.0072264015269175395,False
RAP1GAP,NEUTRAL,0.004466182188569967,0.13750352374993502,0.006443338895156509,0.14394686264509152,0.0065932808748148,0.00659328087481448,False
PPWD1,NEUTRAL,0.023557212588881597,0.13750352374993502,0.03398587377914654,0.17148939752908154,0.034135815758803645,0.034135815758803645,False
KIF1B,NEUTRAL,-0.04561313441250196,0.13750352374993502,-0.06580584281631831,0.07169768093361671,-0.06565590083666137,-0.06565590083666188,False
KCNJ3,NEUTRAL,0.038737676996376,0.13750352374993502,0.05588665449823013,0.19339017824816515,0.056036596477887925,0.056036596477887925,False
CIP2A,DIG,0.7808096680097717,0.37851162325372983,1.1264702359158556,1.5049818591695854,1.3813316046692674,1.126620177895511,True
SOCAR,NEUTRAL,0.012498714597545035,0.13750352374993502,0.01803183356736472,0.15553535731729973,0.018181775547021904,0.01818177554702222,False
PLEKHA8,DSG,0.025143365720878396,1.1699250014423124,0.03627420903676882,1.2061992104790813,1.0779818162171004,0.036424151016426404,False
NRSN1,DSG,0.027129120002494938,1.2630344058337937,0.03913904689128103,1.3021734527250748,1.1727812350320328,0.03928898887093751,False
NKD2,DCG,-0.7602865718170042,1.3504972470841334,-1.0968616668148627,0.2536355802692707,0.12425241567771733,-1.0967117248352052,True
GAS5,DCG,-1.0634034738559013,1.4059923596758368,-1.5341669181960051,-0.12817455852016835,-0.25765920538305603,-1.534016976216349,True
SERPINB11,NEUTRAL,-0.0148102824139207,0.13750352374993502,-0.021366720992728423,0.1161368027572066,-0.021216779013070928,-0.021216779013071087,False
RPL10P19,NEUTRAL,0.055764980786376026,0.13750352374993502,0.08045186123577303,0.21795538498570804,0.08060180321542947,0.08060180321542887,False
ZNF736,DSG,-0.029550472675773664,1.1043366598147357,-0.04263232038526348,1.0617043394294723,0.9322533987977495,-0.04248237840560863,False
MIR6887,DSG,-0.05170224924090941,1.1699250014423124,-0.07459057858266518,1.095334422859647,0.9530262013284706,-0.07444063660300769,False
LEMD1,DCG,2.0794415416798357,-3.321928094887362,3.0,-0.3219280948873622,-0.45928167665764,3.000149941979657,True
SF3A3P1,DSG,0.08723261457669004,-0.7369655941662062,0.12585006045356903,-0.6111155337126372,-0.7484691154829164,0.12600000243322493,False
TEX26,NEUTRAL,0.006880735630661586,0.13750352374993502,0.009926803172023465,0.14743032692195848,0.010076745151680099,0.010076745151680735,False
SAMD14,DSG,-0.010363965669784874,1.2630344058337937,-0.014952041875742103,1.2480823639580516,1.12932166936826,-0.014802099896084879,False
SLC9A4,NEUTRAL,-0.04432778213960225,0.13750352374993502,-0.06395147146641053,0.07355205228352449,-0.06380152948675315,-0.06380152948675298,False
CNTN1,DIG,-1.1587962697517147,0.6780719051126378,-1.6717896317714285,-0.9937177266587907,-1.1535781853326885,-1.6716396897917738,True
C16orf74,NEUTRAL,0.06942392091909086,0.13750352374993502,0.10015754642903994,0.23766107017897498,0.1003074884086962,0.1003074884086962,False
JMJD6,DCG,-0.9141756274668513,1.3504972470841334,-1.318876644247983,0.031620602836150535,-0.09584298152616343,-1.3187267022683282,True
SNORD1C,DCG,0.7740478622489652,-0.7369655941662062,1.1167150122772855,0.3797494181110793,0.24239583634080092,1.1168649542569404,True
TPST2,NEUTRAL,0.032766024731373286,0.13750352374993502,0.04727138138959737,0.18477490513953237,0.04742132336925364,0.047421323369253955,False
TEX26-AS1,NEUTRAL,0.007102459305681805,0.13750352374993502,0.01024668281842281,0.14775020656835783,0.010396624798079117,0.010396624798078482,False
AHNAK,DIG,1.1506189498378145,0.37851162325372983,1.6599922528838822,2.038503876137612,1.902972696458457,1.6601421948635362,True
CRYBG2,NEUTRAL,-0.03994546147254401,0.13750352374993502,-0.0576291191724604,0.07987440457747462,-0.057479177192802454,-0.05747917719280262,False
CAV1,DIG,-1.3743971899622465,0.6780719051126378,-1.9828360101702598,-1.304764105057622,-1.464159910682216,-1.9826860681906053,True
AKT3,DCG,-0.9001322837449816,1.3785116232537298,-1.2986163819029422,0.07989524135078763,-0.05745834041949245,-1.2984664399232873,True
PFAS,NEUTRAL,-0.013832150183588443,0.13750352374993502,-0.019955574474694412,0.1175479492752406,-0.019805632495038403,-0.01980563249503808,False
SEC24B,NEUTRAL,-0.022685871208019175,0.13750352374993502,-0.03272879389005498,0.10477472985988004,-0.03257885191039716,-0.03257885191039732,False
AKR1C5P,DCG,-0.8273120216762967,1.4594316186372973,-1.1935589509402158,0.2658726676970815,0.1228727009219899,-1.1934090089605516,True
EEF1A1P14,DCG,-0.9963031038559509,1.3219280948873624,-1.4373615471552623,-0.11543345226789992,-0.26457354270995687,-1.437211605175606,True
LINC01816,DIG,1.7084249823715494,0.632268215499513,2.464736249798249,3.097004465297762,2.9465031955585865,2.4648861917779072,True
MDM4,DCG,-0.8305572710682262,1.1375035237499351,-1.1982408561444005,-0.060737332394465327,-0.20390934136946762,-1.198090914164744,True
MS4A3,DIG,-1.1488601734272086,0.26303440583379406,-1.6574548748782683,-1.3944204690444741,-1.5244958162658786,-1.6573049328985963,True
RSPO2,DCG,-0.7473125313042323,1.070389327891398,-1.078144082906794,-0.00775475501539602,-0.145108336785674,-1.0779941409271339,True
SULT1C2,NEUTRAL,0.014698781156492792,0.13750352374993502,0.021205858681584294,0.1587093824315193,0.021355800661241833,0.021355800661241833,False
LETMD1,DIG,-1.3740701023695279,0.37851162325372983,-1.982364122522308,-1.6038524992685783,-1.7372297004971224,-1.9822141805426523,True
ZNF546,DSG,0.009292001714115903,1.1699250014423124,0.013405524792886762,1.1833305262351992,1.0541301609753277,0.013555466772541805,False
WFS1,NEUTRAL,-0.0028983154042750725,0.13750352374993502,-0.004181385260679738,0.13332213848925528,-0.004031443281023143,-0.004031443281023143,False
SUPT6H,DSG,-0.01905853778679958,1.4594316186372973,-0.027495657951610675,1.4319359606856867,1.2756272344331114,-0.027345715971954215,False
KIFC3,NEUTRAL,0.02557070534145298,0.13750352374993502,0.03689072978814714,0.17439425353808216,0.037040671767804026,0.0370406717678034,False
RPS26P39,NEUTRAL,0.0030027115177726532,0.13750352374993502,0.004331997015910779,0.1418355207658458,0.004481938995567925,0.004481938995567925,False
TSFM,DIG,1.3397282660732979,0.6780719051126378,1.9328193256027166,2.6108912307153544,2.4510307720414555,1.932969267582371,True
MMP15,NEUTRAL,0.004311721976812783,0.13750352374993502,0.00622049991363976,0.14372402366357478,0.006370441893295494,0.006370441893295494,False
PGAM1P2,DIG,1.6110489461117896,0.53605290024021,2.3242523251848697,2.86030522542508,2.7126676204038502,2.3244022671645244,True
IFT80,DSG,0.002797851194664408,1.4329594072761063,0.004036446043687603,1.436995853319794,1.2835641740666635,0.00418638802334378,False
ZNF684,DIG,-1.6528083217805911,0.4329594072761063,-2.384498369372869,-1.9515389620967627,-2.101458844486866,-2.3843484273932143,True
KIFBP,DIG,1.3536616050816943,0.53605290024021,1.9529208846931547,2.4889737849333646,2.355977165548461,1.9530708266728098,True
PACERR,DCG,-1.0582756214793905,1.5109619192773793,-1.5267689910020026,-0.015807071724623256,-0.13667733116394873,-1.5266190490223412,True
BHLHE40-AS1,DIG,-1.2922908363463463,0.53605290024021,-1.8643815809831248,-1.3283286807429149,-1.4903940227719452,-1.8642316390034692,True
RPL31P2,DCG,-0.742677979345555,1.2016338611696507,-1.0714578377792683,0.13017602339038237,-0.011493661483614116,-1.0713078957996134,True
GLT8D1,NEUTRAL,-0.009343169337923023,0.13750352374993502,-0.013479344070007365,0.12402417967992765,-0.013329402090350053,-0.013329402090350053,False
CDCA2,NEUTRAL,-0.035202245128608305,0.13750352374993502,-0.05078610447520088,0.08671741927473414,-0.050636162495545166,-0.05063616249554549,False
DYDC1,DIG,-1.2203671168473968,0.53605290024021,-1.7606175875397017,-1.2245646872994915,-1.3575613066843888,-1.7604676455600363,True
VDAC1P8,DIG,1.270848026947198,0.37851162325372983,1.8334461462002465,2.2119577694539765,2.050655701801484,1.8335960881799014,True
IL11RA,DIG,1.5766864108359897,0.26303440583379406,2.2746776659501013,2.5377120717838952,2.397569535825194,2.2748276079297574,True
HMGN2,NEUTRAL,-0.03628303649766788,0.13750352374993502,-0.052345356823578715,0.0851581669263563,-0.052195414843922094,-0.052195414843922094,False
PECR,NEUTRAL,-0.03383604782280446,0.13750352374993502,-0.048815098397241796,0.08868842535269322,-0.048665156417584954,-0.048665156417584954,False
ITPR1,DIG,-0.7595125938230171,0.4854268271702419,-1.0957450526011803,-0.6103182254309384,-0.8076054998396649,-1.0955951106215231,True
RPL10P12,DSG,-0.05337697186529743,-0.7369655941662062,-0.07700669260773434,-0.8139722867739405,-0.951325868544218,-0.07685675062807737,False
BLM,DIG,-0.941677518405319,0.53605290024021,-1.3585534859199793,-0.8225005856797692,-0.9936288421673214,-1.358403543940323,True
DENND1C,NEUTRAL,0.00092803991980999,0.13750352374993502,0.0013388785900568638,0.13884240233999187,0.0014888205697135845,0.0014888205697132645,False
OPA3,DIG,-0.7463541217975989,0.7224660244710913,-1.0767613902644333,-0.354295365793342,-0.4847090600548623,-1.0766114482847775,True
HERC2P10,NEUTRAL,-0.03890612797815855,0.13750352374993502,-0.056129677894280694,0.08137384585565433,-0.05597973591462352,-0.055979735914624185,False
OR7C1,DIG,1.4139185935648277,0.53605290024021,2.039853343156675,2.575906243396885,2.4329314574644556,2.04000328513633,True
SEC11C,NEUTRAL,0.02660434079281562,0.13750352374993502,0.03838195052791505,0.17588547427785006,0.03853189250757088,0.03853189250757119,False
FLNC,DIG,1.7084772173833496,0.632268215499513,2.464811608990734,3.0970798244902467,2.9364328075245485,2.464961550970388,True
FUT4,NEUTRAL,-0.026885560537756658,0.13750352374993502,-0.03878766485934154,0.09871585889059348,-0.03863772287968509,-0.038637722879684755,False
WDR64,DCG,-0.7480184282954514,1.1043366598147357,-1.0791624769954045,0.02517418281933126,-0.10423120439214499,-1.079012535015744,True
NEUROG2,NEUTRAL,0.03582557531401813,0.13750352374993502,0.05168537984252802,0.18918890359246304,0.05183532182218413,0.05183532182218444,False
BLNK,NEUTRAL,0.04843439940933052,0.13750352374993502,0.06987606783627648,0.2073795915862115,0.0700260098159337,0.070026009815934,False
CASP4,NEUTRAL,-0.008120609950580561,0.13750352374993502,-0.011715563704696147,0.12578796004523887,-0.011565621725039277,-0.011565621725039438,False
POU4F1,NEUTRAL,-0.009955152831803364,0.13750352374993502,-0.014362249621734434,0.12314127412820058,-0.014212307642078455,-0.014212307642078455,False
PLSCR2,DSG,0.006500100787967693,1.4059923596758368,0.009377663172079434,1.4153700228479162,1.2749079848865716,0.009527605151736502,False
PPIL1,DIG,-1.56591877971855,0.5849625007211562,-2.2591432579348494,-1.6741807572136933,-1.8347247752966724,-2.2589933159551956,True
ABCG5,DIG,0.8122738878383924,0.4854268271702419,1.1718635098280468,1.6572903369982885,1.4904168001156175,1.1720134518077026,True
H3C12,DSG,0.026670199757296793,1.1043366598147357,0.03847696492937012,1.1428136247441059,0.9918706571007542,0.03862690690902521,False
OXR1,DCG,-1.1055281043618732,1.4594316186372973,-1.5949399137262508,-0.13550829508895346,-0.2691378127698614,-1.594789971746595,True
PARP4P2,NEUTRAL,0.047969513369608,0.13750352374993502,0.06920537905219029,0.2067089028021253,0.0693553210318475,0.0693553210318475,False
PCDHA8,DIG,-0.6958404115354411,0.4329594072761063,-1.0038855109723164,-0.5709261036962101,-0.7531442843279207,-1.00373556899266,True
TMEM74B,DSG,0.06294332289619162,-0.7369655941662062,0.0908080197994084,-0.6461575743667978,-0.7835111561370758,0.09095796177906507,False
ANO3,DIG,0.5662891517336821,0.26303440583379406,0.816982550915401,1.080016956749195,0.9497459093378747,0.8171324928950582,True
METTL24,DIG,-1.4869316807426192,0.53605290024021,-2.145188961948068,-1.6091360617078578,-1.7496634959753579,-2.145039019968409,True
FNDC3B,DCG,-0.9549048952880503,1.3785116232537298,-1.3776365569526652,0.0008750663010645976,-0.1364785154692144,-1.37748661497301,True
SLC7A10,DSG,-0.030464051560796644,1.5109619192773793,-0.043950336112147007,1.4670115831652324,1.3200991689964725,-0.04380039413249136,False
PARP3,NEUTRAL,0.04648551688452755,0.13750352374993502,0.06706442468246808,0.2045679484324031,0.0672143666621239,0.06721436666212359,False
COX5BP6,DIG,-1.5227927165101864,0.32192809488736235,-2.196925500411079,-1.8749974055237166,-2.0421612088432384,-2.1967755584314133,True
MYBBP1A,NEUTRAL,-0.019037924479616164,0.13750352374993502,-0.02746591923556084,0.11003760451437418,-0.027315977255903436,-0.027315977255903272,False
PRM2,DCG,-0.9475831168068739,1.2630344058337937,-1.3670734634473845,-0.10403905761359078,-0.2335290757613063,-1.3669235214677298,True
SIAH3,NEUTRAL,0.025677496575978457,0.13750352374993502,0.03704479697260746,0.17454832072254248,0.03719473895226454,0.03719473895226392,False
FHAD1,NEUTRAL,0.02341053786384781,0.13750352374993502,0.033774266880716546,0.17127779063065157,0.03392420886037328,0.03392420886037359,False
MIR186,NEUTRAL,0.02676619858314303,0.13750352374993502,0.038615461959349645,0.17611898570928466,0.03876540393900661,0.03876540393900661,False
SLC19A3,NEUTRAL,0.03411495990642045,0.13750352374993502,0.0492174834771186,0.18672100722705362,0.04936742545677447,0.04936742545677416,False
CDH18,DCG,-0.9556671398323602,1.2630344058337937,-1.3787362433766857,-0.11570183754289198,-0.25723515274747405,-1.3785863013970268,True
CLDN8,DIG,1.688594523921418,0.4854268271702419,2.43612694573369,2.921553772903932,2.7568035295717483,2.436276887713346,True
DLX2,NEUTRAL,-0.011914645798281562,0.13750352374993502,-0.017189200407129335,0.12031432334280569,-0.01703925842747269,-0.017039258427472368,False
GDNF,DCG,-0.9803460457755601,1.4059923596758368,-1.4143403785955053,-0.00834801891966852,-0.15460490632408191,-1.414190436615849,True
SNW1,NEUTRAL,0.06338592775595839,0.13750352374993502,0.09144656363566726,0.2289500873856023,0.0915965056153231,0.09159650561532282,False
HNRNPUL2,DIG,-1.490516003821403,0.4329594072761063,-2.1503600470787734,-1.717400639802667,-1.8869854870475304,-2.1502101050991174,True
SAR1A,DIG,-1.1164871653189354,0.632268215499513,-1.6107504966218045,-0.9784822811222915,-1.093467381709129,-1.610600554642148,True
AQP1,DSG,0.07838463256958658,1.1375035237499351,0.11308512069004609,1.2505886444399812,1.1074166354649775,0.11323506266970096,False
RASSF8-AS1,DSG,-0.06987696842023068,-0.7369655941662062,-0.10081115581222151,-0.8377767499784278,-0.9751303317487062,-0.10066121383256454,False
KRT18P2,DIG,0.8939265982481478,0.4329594072761063,1.2896634702113436,1.72262287748745,1.6009315490441975,1.2898134121909939,True
NFKBID,DSG,0.035777489559808105,1.485426827170242,0.051616006763391814,1.5370428339336337,1.3913689806111593,0.05176594874304611,False
INCA1,NEUTRAL,-0.012296502487217345,0.13750352374993502,-0.01774010315858727,0.11976342059134776,-0.017590161178930357,-0.017590161178930357,False
CDIP1,DCG,-0.8594866306549641,1.3504972470841334,-1.239977099756281,0.11052014732785254,-0.0350566885857228,-1.2398271577766238,True
RCAN1,DIG,0.8919501402607511,0.53605290024021,1.286812044074401,1.822864944314611,1.7093874604485697,1.2869619860540573,True
RPL12P7,NEUTRAL,0.055464685675579696,0.13750352374993502,0.08001862696862395,0.21752215071855896,0.08016856894828066,0.08016856894828096,False
ADGRL1,DIG,1.4543553672055065,0.632268215499513,2.0981912759576318,2.730459491457145,2.58568141893261,2.098341217937286,True
EPB41L3,NEUTRAL,-0.057105110975052845,0.13750352374993502,-0.08238526041312266,0.055118263336812356,-0.08223531843346624,-0.08223531843346607,False
TBC1D7,DSG,0.07384666249293591,1.3504972470841334,0.10653821376475965,1.4570354608488931,1.317612816405566,0.10668815574441673,False
TRIM55,DCG,-1.0273936405070119,1.4059923596758368,-1.4822157102003244,-0.07622335052448759,-0.2427631078632677,-1.4820657682206693,True
GTF2F2P1,NEUTRAL,0.0684812574814983,0.13750352374993502,0.09879757056239784,0.23630109431233287,0.09894751254205512,0.09894751254205453,False
RPL41P1,DSG,-0.0511204587445392,1.3219280948873624,-0.07375123231871555,1.248176862568647,1.1217593334299472,-0.07360129033905848,False
ACTC1,NEUTRAL,0.021519984958277262,0.13750352374993502,0.031046775579311695,0.1685502993292467,0.03119671755897005,0.031196717558969734,False
KSR2,DIG,-1.4049631436067413,0.6780719051126378,-2.0269333599132144,-1.3488614548005766,-1.480332514593443,-2.0267834179335593,True
COL6A6,DSG,0.023010007010503507,-0.7369655941662062,0.033196423004873694,-0.7037691711613325,-0.8411227529316123,0.033346364984529676,False
LINC00989,NEUTRAL,0.03994362377544303,0.13750352374993502,0.057626467935966146,0.19512999168590117,0.0577764099156223,0.05777640991562292,False
GALNT6,DIG,1.1383698469843933,0.53605290024021,1.6423205329419124,2.1783734331821223,2.0341528529012844,1.6424704749215673,True
CYP8B1,NEUTRAL,-0.045174403052407865,0.13750352374993502,-0.06517288725882808,0.07233063649110694,-0.06502294527917228,-0.06502294527917228,False
COL5A2,DIG,0.8501459913423789,0.4854268271702419,1.2265014057412817,1.7119282329115237,1.545588303014245,1.2266513477209364,True
OR2C1,DCG,0.7359170657256994,-0.7369655941662062,1.0617039012280238,0.3247383070618176,0.18738472529153946,1.0618538432076792,True
RPL24,DIG,-0.7490125007918007,0.37851162325372983,-1.0805966204561717,-0.7020849972024419,-0.8376997223483562,-1.0804466784765168,True
RASGRP4,DSG,-0.03537126166368504,-0.7369655941662062,-0.05102994379218431,-0.7879955379583905,-0.9253491197286705,-0.05088000181252967,False
ODC1-DT,DIG,-0.8151637102416176,0.37851162325372983,-1.1760326422782297,-0.7975210190244999,-0.9325734131701827,-1.1758827002985737,True
TMEM38A,DIG,-1.2917266783458081,0.5849625007211562,-1.8635676730334707,-1.2786051723123144,-1.4377139957656135,-1.863417731053816,True
RHNO1,DSG,0.013772763239131692,1.4059923596758368,0.01986989722443311,1.42586225690027,1.285400218938925,0.020019839204088598,False
PPTC7,DIG,0.9026508072963855,0.53605290024021,1.3022498433409146,1.8383027435811248,1.654851895750011,1.302399785320571,True
DHX34,DIG,1.280854769708591,0.5849625007211562,1.8478828243575596,2.432845325078716,2.3039832125408295,1.8480327663372151,True
CCDC102A,NEUTRAL,0.03318650359948261,0.13750352374993502,0.04787800416741729,0.1853815279173523,0.04802794614707427,0.04802794614707427,False
APOF,DIG,-1.3166104322388967,0.632268215499513,-1.899467341373731,-1.2671991258742181,-1.4020940513370868,-1.8993173993940722,True
LINC02145,DCG,-1.0434334296183354,1.5109619192773793,-1.505356234408136,0.005605684869243399,-0.1254079285196328,-1.50520629242848,True
RHBDL2,DIG,-0.6798637621666366,0.37851162325372983,-0.9808360781579203,-0.6023244549041904,-0.7375581187470731,-0.9806861361782642,True
PRDM4,DIG,0.8863855078667138,0.37851162325372983,1.2787839765151532,1.657295599768883,1.4894259006703543,1.278933918494808,True
MARK2,DIG,-0.9412946511888989,0.53605290024021,-1.358001125285531,-0.8219482250453211,-0.9828631637678434,-1.357851183305876,True
B3GNT2,DIG,1.15443958264357,0.4329594072761063,1.665504260885803,2.0984636681619095,1.9759444532740578,1.6656542028654595,True
ZNF17,DSG,0.0055987532902773635,1.5109619192773793,0.00807729360704392,1.5190392128844232,1.3719899943221727,0.008227235586699614,False
BEND7,DCG,-0.9867644946932371,1.3785116232537298,-1.4236002430192372,-0.045088619765507376,-0.18244220153578578,-1.4234503010395803,True
BUD23,DSG,0.04037566152266986,1.4059923596758368,0.05824976665136714,1.4642421263272039,1.323633614976993,0.05839970863102361,False
ZFP2,DIG,1.0087431158164797,0.37851162325372983,1.4553086907193165,1.8338203139730462,1.6977266166061609,1.4554586326989718,True
PFDN2,DCG,-0.7445234766649702,1.1043366598147357,-1.0741203276099625,0.030216332204773266,-0.11811898994931562,-1.073970385630306,True
SMYD2,DCG,-0.9081712776181471,1.2630344058337937,-1.3102141984974949,-0.0471797926637012,-0.18729863554565856,-1.3100642565178382,True
FOXC2,NEUTRAL,-0.029782311707189608,0.13750352374993502,-0.042966793406171766,0.09453673034376325,-0.04281685142651424,-0.0428168514265144,False
OR52K3P,NEUTRAL,0.01556837826851595,0.13750352374993502,0.022460422122671467,0.15996394587260648,0.022610364102328067,0.022610364102328383,False
CEACAM1,DIG,-1.608690506385877,0.6780719051126378,-2.32084981588806,-1.6427779107754223,-1.7801314925457021,-2.320699873908405,True
EMC1,NEUTRAL,0.0537922572355175,0.13750352374993502,0.07760582275190456,0.21510934650183958,0.07775576473156193,0.07775576473156193,False
SIRT5,DSG,0.021033983439186218,1.070389327891398,0.03034562359785454,1.1007349514892526,0.9660728470212772,0.03049556557751156,False
GPD2,NEUTRAL,0.013621682807824729,0.13750352374993502,0.019651934235411186,0.1571554579853462,0.019801876215068622,0.019801876215068306,False
RTTN,NEUTRAL,-0.039050283507089,0.13750352374993502,-0.056337650360985383,0.08116587338894964,-0.05618770838132956,-0.056187708381329395,False
ST8SIA2,DIG,0.9493154705589399,0.4854268271702419,1.3695727216145555,1.8549995487847974,1.6839025291067171,1.369722663594211,True
CDH13,NEUTRAL,-0.0019785563111909023,0.13750352374993502,-0.0028544533782746753,0.13464907037166035,-0.002704511398617052,-0.002704511398616891,False
PDCL3P2,DCG,-0.8977130701170333,1.3504972470841334,-1.2951261943990502,0.055371052685083244,-0.08649089929229023,-1.294976252419386,True
ZNF414,DIG,-1.6453118764117318,0.53605290024021,-2.3736832848149207,-1.8376303845747106,-1.950167009648818,-2.373533342835265,True
TIMELESS,DIG,0.9202917858360045,0.632268215499513,1.3277003955964517,1.9599686110959647,1.8151905385714306,1.3278503375761073,True
DCTN1-AS1,DIG,-1.3072643088089226,0.53605290024021,-1.885983735449771,-1.3499308352095611,-1.49566455849385,-1.8858337934701148,True
VTN,DSG,0.046341688954566584,1.3785116232537298,0.06685692484117206,1.445368548094902,1.308014966324622,0.06700686682082753,False
ATP10D,NEUTRAL,-0.0486595938282802,0.13750352374993502,-0.07020095470773106,0.06730256904220396,-0.0700510127280734,-0.07005101272807357,False
PLXNA4,DSG,-0.09834334534151627,1.070389327891398,-0.14187945662863627,0.9285098712627617,0.7911562894924816,-0.14172951464898123,False
ZNF571,DSG,-0.013896302959656727,1.3785116232537298,-0.020048127366587384,1.3584634958871424,1.2325529682490874,-0.019898185386930688,False
LY86,DSG,0.12386435511291416,1.4059923596758368,0.17869849086431078,1.5846908505401476,1.4596110823844946,0.17884843284396693,False
NKTR,NEUTRAL,0.06746232980658547,0.13750352374993502,0.09732756865877656,0.23483109240871158,0.09747751063843237,0.09747751063843237,False
CCN6,DIG,-1.3656559311042646,0.5849625007211562,-1.9702250393647225,-1.3852625386435662,-1.5180358174526682,-1.9700750973850667,True
CEBPZ,DIG,-1.4539517616328779,0.632268215499513,-2.0976089961995252,-1.4653407807000123,-1.5920894383107669,-2.0974590542198692,True
HERPUD2,DSG,-0.13039006650157436,-0.7369655941662062,-0.1881131023230035,-0.9250786964892097,-1.0624322782594884,-0.18796316034334692,False
PPIL4,DIG,0.8692820089712425,0.4854268271702419,1.254108843476807,1.739535670647049,1.5747854273148636,1.2542587854564613,True
MIF-AS1,NEUTRAL,-0.02125568220008374,0.13750352374993502,-0.03066546730077262,0.1068380564491624,-0.03051552532111508,-0.030515525321115244,False
CAPG,DIG,-0.926215505425952,0.7655347463629772,-1.3362465164724857,-0.5707117701095085,-0.720105003197891,-1.3360965744928313,True
CIB3,DIG,-0.6121959043259412,0.53605290024021,-0.8832119952235696,-0.3471590949833596,-0.5192445451461942,-0.8830620532439115,True
GAA,DCG,-0.7777320609602868,1.2016338611696507,-1.1220301874877587,0.07960367368189192,-0.041324876913048536,-1.1218802455081012,True
PNN,DIG,-1.2282524701265707,0.32192809488736235,-1.7719937476112233,-1.450065652723861,-1.5844798558219868,-1.771843805631566,True
CD58,DIG,1.7327513108541501,0.2016338611696507,2.4998317232631333,2.701465584432784,2.5469241476592175,2.4999816652427893,True
RDH12,NEUTRAL,0.008815808869515414,0.13750352374993502,0.012718523737474827,0.15022204748740986,0.012868465717131848,0.012868465717131848,False
TCTA,NEUTRAL,-0.050216459461202866,0.13750352374993502,-0.07244703703567905,0.06505648671425597,-0.0722970950560214,-0.0722970950560214,False
AMHR2,DIG,1.5931956783809036,0.53605290024021,2.2984955043658575,2.8345484046060676,2.682392452250889,2.298645446345513,True
IRF1,NEUTRAL,-0.023309089916255396,0.13750352374993502,-0.033627908429816604,0.10387561532011841,-0.03347796645015922,-0.03347796645015971,False
UBL3,NEUTRAL,0.02895592137596674,0.13750352374993502,0.04177456417347795,0.17927808792341296,0.04192450615313569,0.04192450615313569,False
RN7SL481P,DSG,0.07349097139974838,-0.7369655941662062,0.10602505998852962,-0.6309405341776766,-0.7682941159479532,0.10617500196818704,False
ARL4AP5,DIG,-0.6963672173896088,0.53605290024021,-1.0046455311656355,-0.46859263092542547,-0.6380144534229781,-1.0044955891859806,True
SZT2-AS1,DIG,1.5202915678506688,0.37851162325372983,2.193317105643467,2.571828728897197,2.408060480827988,2.193467047623122,True
ATP5MFP2,DIG,0.7732313129240636,0.53605290024021,1.1155369806156088,1.651589880855819,1.4821680583582675,1.115686922595265,True
RFPL3,NEUTRAL,0.04181791297008956,0.13750352374993502,0.060330495662274476,0.1978340194122095,0.060480437641931485,0.06048043764193179,False
EZH2,DIG,0.8792058307610006,0.5849625007211562,1.2684258919595568,1.853388392680713,1.7103436421300902,1.2685758339392115,True
GRTP1-AS1,DIG,-0.9798596096667261,0.26303440583379406,-1.4136385996335812,-1.150604193799787,-1.3117059977666186,-1.4134886576539252,True
TADA1,DCG,-0.9122557278651348,1.2016338611696507,-1.3161068146135817,-0.11447295344393105,-0.25595976762450334,-1.315956872633926,True
SLC7A2-IT1,NEUTRAL,0.026805511350929328,0.13750352374993502,0.03867217829447856,0.17617570204441357,0.038822120274135334,0.038822120274135334,False
CD70,NEUTRAL,-0.03925021592739358,0.13750352374993502,-0.056626091872271724,0.0808774318776633,-0.0564761498926158,-0.05647614989261563,False
ZDBF2,NEUTRAL,-0.01180799719446687,0.13750352374993502,-0.017035338995288148,0.12046818475464688,-0.016885397015630597,-0.016885397015631083,False
OTUD6B-AS1,DCG,-0.8920516913538394,1.2630344058337937,-1.2869585513327964,-0.02392414549900268,-0.14661005075740474,-1.2868086093531388,True
ZNF239,DIG,-1.6945688756946433,0.5849625007211562,-2.4447461134094484,-1.8597836126882923,-2.0203276307712708,-2.444596171429794,True
HIF3A,DIG,1.259696719231663,0.7224660244710913,1.8173582098596173,2.5398242343307085,2.409410540069186,1.8175081518392713,True
DDX19A,NEUTRAL,0.01514689449436093,0.13750352374993502,0.021852349571882857,0.1593558733218179,0.022002291551539654,0.022002291551539654,False
PATL1,DIG,0.6799387362060534,0.4329594072761063,0.9809442428327824,1.4139036501088886,1.2443188028640242,0.9810941848124374,True
USP8P2,NEUTRAL,0.025556255133886367,0.13750352374993502,0.03686988254535097,0.174373406295286,0.037019824525007586,0.037019824525007586,False
MMADHC-DT,NEUTRAL,-0.012562676410449202,0.13750352374993502,-0.018124110957647828,0.1193794127922872,-0.01797416897799025,-0.017974168977989927,False
ACTR8,NEUTRAL,0.018817831616325283,0.13750352374993502,0.027148392353156033,0.16465191610309104,0.027298334332811352,0.027298334332811352,False
RN7SL574P,NEUTRAL,0.001314556715184976,0.13750352374993502,0.0018965044539646506,0.13940002820389966,0.002046446433620667,0.002046446433620987,False
MPI,NEUTRAL,-0.04114513887877021,0.13750352374993502,-0.059359887817089466,0.07814363593284555,-0.05920994583743216,-0.05920994583743266,False
MRI1,DIG,0.6403085725309955,0.4854268271702419,0.9237700022291583,1.4091968293994002,1.253508175016848,0.9239199442088146,True
CIPC,NEUTRAL,0.035003596187014124,0.13750352374993502,0.05049951463228511,0.18800303838222013,0.050649456611941965,0.050649456611941965,False
DYNC1LI2,NEUTRAL,-0.023474215241910838,0.13750352374993502,-0.03386613391826489,0.10363738983167013,-0.033716191938609384,-0.033716191938609544,False
EIF3A,NEUTRAL,-0.01043507082674173,0.13750352374993502,-0.01505462493306539,0.12244889881686963,-0.014904682953407673,-0.014904682953408322,False
RPL4,NEUTRAL,0.0509166056606763,0.13750352374993502,0.07345713448555663,0.21096065823549165,0.07360707646521333,0.07360707646521333,False
EDEM2,DCG,-0.7493974442165245,1.1375035237499351,-1.0811519764260435,0.05635154732389158,-0.0521858107827557,-1.0810020344463882,True
TSHZ1,NEUTRAL,0.03719994922815407,0.13750352374993502,0.0536681822727791,0.1911717060227141,0.05381812425243694,0.053818124252437254,False
GIHCG,DIG,-0.9513372371553714,0.5849625007211562,-1.3724895142570621,-0.7875270135359059,-0.9473578515332365,-1.3723395722774065,True
GAS1,NEUTRAL,0.037660161486912896,0.13750352374993502,0.05433212821624677,0.1918356519661818,0.054482070195904723,0.05448207019590442,False
CD44-AS1,DIG,-0.7957612505883116,0.32192809488736235,-1.148040809955357,-0.8261127150679946,-0.9723969362875766,-1.1478908679757005,True
LINC01876,NEUTRAL,-0.018297488473465195,0.13750352374993502,-0.026397695881391205,0.11110582786854381,-0.026247753901733988,-0.026247753901733825,False
ZRANB2,NEUTRAL,-0.0038412134798667687,0.13750352374993502,-0.0055416996383996255,0.1319618241115354,-0.0053917576587420215,-0.005391757658742182,False
CPM,DSG,0.05855449156797827,1.1375035237499351,0.08447627460689687,1.221979798356832,1.0834835013032593,0.08462621658655282,False
FCHSD2,DSG,-0.04638985167200197,1.3785116232537298,-0.06692640895477184,1.311585214298958,1.1861542148518982,-0.0667764669751158,False
SPATA3-AS1,NEUTRAL,-0.0045081580101007535,0.13750352374993502,-0.006503897204716214,0.1309996265452188,-0.0063539552250590475,-0.006353955225059209,False
GJC1,NEUTRAL,-0.03978266995265223,0.13750352374993502,-0.05739426065401374,0.08010926309592128,-0.05724431867435692,-0.05724431867435692,False
TACR1,DIG,0.8092853677011331,0.5849625007211562,1.1675519866464261,1.7525144873675824,1.614735788065629,1.1677019286260812,True
MINDY2,NEUTRAL,-0.07079915467464896,0.13750352374993502,-0.10214158934824674,0.03536193440168828,-0.10199164736859029,-0.10199164736859012,False
CYTH2,DIG,1.5629822113210579,0.632268215499513,2.254906685270556,2.887174900770069,2.7713911450363904,2.255056627250212,True
TXN2,NEUTRAL,-0.02398187461741651,0.13750352374993502,-0.034598531581767705,0.10290499216816731,-0.03444858960210965,-0.03444858960210998,False
DBH-AS1,NEUTRAL,0.005902085822095885,0.13750352374993502,0.008514909946438795,0.14601843369637382,0.008664851926094721,0.008664851926094402,False
SPCS2P1,NEUTRAL,-0.0035893309042888525,0.13750352374993502,-0.005178309895727026,0.13232521385420798,-0.00502836791607028,-0.00502836791607012,False
ST6GALNAC3,NEUTRAL,-0.02817108011694386,0.13750352374993502,-0.040642277581200585,0.09686124616873443,-0.04049233560154507,-0.0404923356015449,False
TSGA13,DSG,-0.018473046037940817,1.4594316186372973,-0.026650971909050733,1.4327806467282467,1.287309647995222,-0.026501029929393717,False
CPPED1,DCG,0.7838077175795163,-0.7369655941662062,1.1307955071624654,0.39382991299625913,0.25647633122598124,1.1309454491421225,True
RCCD1-AS1,DIG,-1.3983142334037097,0.4329594072761063,-2.0173410101359845,-1.5843816028598783,-1.756608711037593,-2.017191068156328,True
PDZD8,NEUTRAL,-0.004341631830030792,0.13750352374993502,-0.006263650710551099,0.13123987303938392,-0.006113708730893855,-0.0061137087308933726,False
SLC4A11,DSG,0.07069431831549199,-0.7369655941662062,0.10199034245278611,-0.6349752517134201,-0.7723288334836982,0.10214028443244297,False
ZNF420,DSG,0.05429022424189711,1.232660756790275,0.07832423728253475,1.3109849940728098,1.1642895115021787,0.07847417926219202,False
LINC01140,NEUTRAL,-0.02515017386568697,0.13750352374993502,-0.036284031113521804,0.10121949263641322,-0.03613408913386399,-0.03613408913386448,False
WDR89,NEUTRAL,-0.0022514480476582754,0.13750352374993502,-0.0032481529331757327,0.13425537081675928,-0.0030982109535192346,-0.0030982109535195555,False
YBX1P6,NEUTRAL,0.09610960973279732,0.13750352374993502,0.13865685734328034,0.2761603810932154,0.13880679932293752,0.13880679932293752,False
TMUB2,NEUTRAL,-0.04261968561754812,0.13750352374993502,-0.06148720908468336,0.07601631466525166,-0.06133726710502777,-0.06133726710502777,False
AK2P2,DIG,-0.7721716379311304,0.4329594072761063,-1.11400819275835,-0.6810487854822438,-0.8307923255617263,-1.1138582507786916,True
ATP1A4,DCG,-0.9108157670765893,1.232660756790275,-1.3140293903248725,-0.08136863353459756,-0.2305904438618474,-1.3138794483452176,True
SARDH,NEUTRAL,-0.04350609100720455,0.13750352374993502,-0.06276602174455793,0.07473750200537708,-0.06261607976490047,-0.06261607976490063,False
ATOX1,DIG,0.8479160605374104,0.4329594072761063,1.2232842956274281,1.6562437029035344,1.5081298480874226,1.2234342376070848,True
SLC22A14,NEUTRAL,0.08166681776363342,0.13750352374993502,0.11782031299277665,0.25532383674271164,0.11797025497243256,0.11797025497243227,False
IGFBP4,DIG,-0.598776721625728,0.32192809488736235,-0.8638522068891892,-0.5419241120018268,-0.6882083332214103,-0.8637022649095343,True
EEF1B2P7,NEUTRAL,-0.07727971239814878,0.13750352374993502,-0.11149105783813458,0.02601246591180044,-0.11134111585847684,-0.11134111585847666,False
TRAF3IP1,NEUTRAL,0.0021313336421170848,0.13750352374993502,0.003074864475962131,0.14057838822589716,0.0032248064556187252,0.0032248064556187252,False
SLC14A2-AS1,NEUTRAL,-0.07982741934142183,0.13750352374993502,-0.115166622010833,0.022336901739102022,-0.11501668003117609,-0.1150166800311759,False
DCTN1,DIG,0.9771861857534945,0.5849625007211562,1.409781664211768,1.994744164932924,1.8600327113573378,1.4099316061914233,True
AKAP6,DIG,-1.404338127364893,0.4329594072761063,-2.0260316520806247,-1.5930722448045185,-1.7293884199867113,-2.0258817101009683,True
NECAB3,DCG,-0.9456819305162075,1.2630344058337937,-1.364330631414034,-0.10129622558024032,-0.23963790384433792,-1.3641806894343764,True
TACC1P1,DSG,0.045918246057293215,1.2927817492278462,0.06624602587317611,1.3590277751010222,1.2180101887742811,0.06639596785283343,False
VIPR1-AS1,NEUTRAL,0.023059201978555887,0.13750352374993502,0.033267396341319554,0.17077092009125458,0.033417338320977305,0.033417338320977305,False
PHAX,DIG,-0.5851741101973557,0.4329594072761063,-0.8442277868383368,-0.41126837956223045,-0.5593822343783432,-0.8440778448586805,True
PATE2,NEUTRAL,-0.027827201214346932,0.13750352374993502,-0.04014616519375766,0.09735735855617736,-0.0399962232141005,-0.039996223214100166,False
PITPNC1,DCG,-0.9046845919270219,1.3504972470841334,-1.3051839743417701,0.0453132727423633,-0.10271330729050052,-1.3050340323621146,True
RPL5P28,NEUTRAL,-0.07913857805833573,0.13750352374993502,-0.11417283410776509,0.02333068964216993,-0.11402289212810814,-0.11402289212810779,False
MIR1-1HG,DCG,-0.8343655581103999,1.0356239097307214,-1.2037350529744262,-0.1681111432437048,-0.31107483818781384,-1.203585110994764,True
TRARG1,NEUTRAL,-0.022556322496615207,0.13750352374993502,-0.03254189460655892,0.10496162914337609,-0.03239195262690324,-0.03239195262690324,False
LINC02613,DIG,1.6799040956676763,0.4854268271702419,2.4235893079888156,2.9090161351590575,2.768714219101616,2.4237392499684716,True
PTH1R,NEUTRAL,0.02941096789066685,0.13750352374993502,0.0424310575236096,0.1799345812735446,0.04258099950326763,0.04258099950326732,False
DAB2,DSG,-0.027724880245601168,1.1375035237499351,-0.03999854723956919,1.097504976510366,0.9546670256508925,-0.03984860525991417,False
SHLD3,NEUTRAL,0.007915787039155079,0.13750352374993502,0.011420066706122164,0.1489235904560572,0.011570008685778017,0.011570008685778017,False
DSG4,NEUTRAL,-0.0020159089124177835,0.13750352374993502,-0.002908341790829,0.13459518195910603,-0.002758399811171993,-0.0027583998111718327,False
SHLD1,DSG,0.06147572753796714,1.4594316186372973,0.08869072725406628,1.5481223458913635,1.399198321779641,0.08884066923372264,False
CRLS1,DSG,-0.06169914944569431,-3.321928094887362,-0.08901305693237022,-3.4109411518197326,-3.548294733590011,-0.08886311495271293,False
PTDSS2,NEUTRAL,-0.06862555025137672,0.13750352374993502,-0.09900574102593755,0.03849778272399747,-0.09885579904627981,-0.09885579904627963,False
GBP6,DIG,1.2478717275297058,0.26303440583379406,1.8002983529726504,2.0633327588064443,1.9159085202772124,1.800448294952306,True
FOXK2,DCG,-0.9397285441004272,1.1375035237499351,-1.3557417103554918,-0.21823818660555672,-0.33829521437772236,-1.3555917683758363,True
ANKRD26P3,NEUTRAL,-0.025497520263880444,0.13750352374993502,-0.03678514603966617,0.10071837771026884,-0.03663520406000924,-0.03663520406000957,False
GRWD1,DIG,1.4816087870835475,0.5849625007211562,2.137509649662946,2.7224721503841023,2.593610037846216,2.1376595916426018,True
CCDC30,DIG,-1.519787983737562,0.4329594072761063,-2.1925905873408174,-1.759631180064711,-1.913784579415323,-2.192440645361161,True
WASHC5-AS1,DCG,-0.8201627747570206,1.2016338611696507,-1.1832447678636855,0.018389093305965165,-0.14182763367518605,-1.1830948258840301,True
SMU1P1,DCG,-0.986576624988725,1.4594316186372973,-1.4233292043282042,0.03610241430909311,-0.1087469954217337,-1.4231792623485482,True
LINC01305,NEUTRAL,0.017447985651771025,0.13750352374993502,0.025172122373311845,0.16267564612324686,0.025322064352968066,0.02532206435296775,False
OLIG1,DIG,-0.6479735588484185,0.6780719051126378,-0.9348282399777863,-0.2567563348651485,-0.39190044687806375,-0.9346782979981298,True
MEIG1,DCG,-1.0794258398747698,1.4329594072761063,-1.5572823061947347,-0.12432289891862847,-0.2816029603624022,-1.5571323642150756,True
SEC14L2,NEUTRAL,-0.015043120022310853,0.13750352374993502,-0.02170263465568534,0.11580088909424968,-0.021552692676028207,-0.021552692676028207,False
NCKIPSD,NEUTRAL,0.007370745398641313,0.13750352374993502,0.01063373783427497,0.14813726158420998,0.010783679813930152,0.010783679813930152,False
PBX4,DIG,-1.0358914501077348,0.5849625007211562,-1.4944754579697062,-0.90951295724855,-1.068621780701849,-1.4943255159900521,True
MIR6516,DCG,-0.9593160277229995,1.2630344058337937,-1.3840004758412707,-0.12096607000747706,-0.243611357832872,-1.383850533861611,True
GPR88,NEUTRAL,-0.012046656730864263,0.13750352374993502,-0.017379651924909523,0.1201238718250255,-0.01722970994525379,-0.017229709945254277,False
SF3B1,DIG,-1.1508681265845566,0.4329594072761063,-1.6603517389407116,-1.2273923316646054,-1.3655285311151075,-1.6602017969610565,True
MYOM2,NEUTRAL,0.03275664302061036,0.13750352374993502,0.04725784644200465,0.18476137019193967,0.04740778842166092,0.047407788421661226,False
GIMAP1-GIMAP5,DIG,-0.938611251376683,0.53605290024021,-1.3541297976837248,-0.8180768974435148,-0.9446205792970813,-1.3539798557040694,True
BNIP3P28,DIG,-0.9581158671629184,0.632268215499513,-1.3822690101529713,-0.7500007946534584,-0.9009079393679462,-1.3821190681733093,True
HAS1,DSG,0.08524884811423927,1.4059923596758368,0.12298809041590947,1.5289804500917463,1.3841931244115657,0.12313803239556395,False
RBM38,DCG,-0.9217964247905729,1.1375035237499351,-1.329871130754536,-0.19236760700460076,-0.33262653479778015,-1.32972118877488,True
BCCIP,NEUTRAL,0.05995710520731601,0.13750352374993502,0.08649981834865265,0.2240033420985877,0.08664976032830853,0.08664976032830882,False
LINC02515,NEUTRAL,0.0194562582520423,0.13750352374993502,0.0280694472944764,0.16557297104441143,0.028219389274132617,0.0282193892741323,False
RNF180,NEUTRAL,0.05181810528101874,0.13750352374993502,0.07475772351718794,0.21226124726712298,0.07490766549684448,0.07490766549684418,False
SREK1IP1P1,DIG,-1.249836734888852,0.5849625007211562,-1.8031332593450007,-1.2181707586238444,-1.3643599200989647,-1.8029833173653358,True
EEF1A1P6,DSG,-0.03501084467270026,1.3785116232537298,-0.05050997198663845,1.3280016512670914,1.1906480694968111,-0.05036003000698371,False
LIN7C,DIG,1.0073954841242487,0.4329594072761063,1.45336446915999,1.8863238764360963,1.7443367724017265,1.4535144111396463,True
TM6SF1,NEUTRAL,0.01783736895143269,0.13750352374993502,0.02573388372873871,0.16323740747867374,0.025883825708396008,0.025883825708396008,False
LAMP5-AS1,DSG,0.055407432864999856,1.4059923596758368,0.07993602862272346,1.4859283882985603,1.3393935170243045,0.08008597060238026,False
CKLF-CMTM1,NEUTRAL,-0.029096203713279447,0.13750352374993502,-0.0419769488058433,0.09552657494409172,-0.04182700682618756,-0.041827006826187396,False
LINC00513,DSG,0.010163043076581352,1.3219280948873624,0.014662171846924832,1.3365902667342873,1.212034532345253,0.014812113826582691,False
PPP5C,DIG,-1.5634426471456515,0.632268215499513,-2.255570953751345,-1.6233027382518321,-1.7450933634879688,-2.2554210117716895,True
CMTM4,NEUTRAL,-0.06350882315410294,0.13750352374993502,-0.0916238642171185,0.045879659532816516,-0.09147392223746274,-0.09147392223746274,False
DISP3,NEUTRAL,0.0041058754561959935,0.13750352374993502,0.00592352615916167,0.1434270499090967,0.006073468138817844,0.0060734681388175255,False
GABRB3,NEUTRAL,-0.0020631532979965496,0.13750352374993502,-0.002976501031613332,0.13452702271832168,-0.0028265590519558747,-0.002826559051956035,False
ENTR1,NEUTRAL,0.017321609834737375,0.13750352374993502,0.02498980060878911,0.16249332435872413,0.025139742588447037,0.02513974258844672,False
CCL23,DIG,1.1259088291355297,0.4854268271702419,1.624343084286928,2.1097699114571697,1.997267599829288,1.6244930262665827,True
PTPRM,NEUTRAL,-0.021966905077622095,0.13750352374993502,-0.031691545019163984,0.10581197873077103,-0.03154160303950805,-0.03154160303950822,False
CFAP61,DCG,-0.8333569428686023,1.232660756790275,-1.2022799287669197,0.03038082802335529,-0.11407737817958402,-1.2021299867872648,True
PSORS1C1,DSG,0.006916766292006916,1.1043366598147357,0.00997878442846632,1.114315444243202,0.9659801220891114,0.010128726408121982,False
MAP3K3,DCG,-0.9273909150343882,1.3219280948873624,-1.33794227408559,-0.016014179198227563,-0.13591301088956734,-1.3377923321059344,True
LINC00189,DIG,0.5702115782622353,0.4329594072761063,0.822641416216396,1.2556008234925022,1.1032587558671467,0.8227913581960513,True
LIG1,DIG,0.7101103864636138,0.6780719051126378,1.024472733034801,1.7025446381474387,1.571073578354572,1.0246226750144556,True
RTN4RL1,NEUTRAL,0.009686385967319822,0.13750352374993502,0.013974500999188753,0.15147802474912378,0.014124442978846675,0.014124442978846675,False
FGF21,DIG,0.8646767469821771,0.5849625007211562,1.247464854843188,1.8324273555643442,1.703565243026456,1.2476147968228422,True
RECQL,DSG,-0.030780916919246042,1.4329594072761063,-0.044407476193411455,1.3885519310826948,1.2481691134575865,-0.04425753421375547,False
TRIP4,NEUTRAL,-0.027866315584384883,0.13750352374993502,-0.04020259530143891,0.09730092844849611,-0.04005265332178191,-0.04005265332178223,False
TMCC2,DCG,2.0794415416798357,-3.321928094887362,3.0,-0.3219280948873622,-0.45928167665764047,3.0001499419796565,True
RPSAP49,NEUTRAL,-0.059453394757433164,0.13750352374993502,-0.08577311778056272,0.0517304059693723,-0.08562317580090632,-0.08562317580090616,False
KCNJ10,DCG,2.0794415416798357,-3.321928094887362,3.0,-0.3219280948873622,-0.45928167665764025,3.0001499419796573,True
HOTAIRM1,DSG,0.018673684784426697,1.2016338611696507,0.026940432433616088,1.2285742936032666,1.0760285370178408,0.027090374413271126,False
CLEC16A,DCG,-0.8009810460441487,1.3219280948873624,-1.1555713829739478,0.1663567119134146,0.03033991551446708,-1.1554214409942916,True
MIR4668,NEUTRAL,0.05991336070430296,0.13750352374993502,0.08643670837108958,0.2239402321210246,0.08658665035074627,0.08658665035074598,False
KCNK3,DIG,1.6835051227293005,0.37851162325372983,2.4287844918727277,2.8072961151264577,2.6722437209807746,2.4289344338523837,True
MCTP2,DIG,0.6423651142942596,0.4329594072761063,0.9267369648324004,1.3596963721085067,1.198304069014788,0.926886906812056,True
SEL1L2,DSG,-0.043756047371530556,1.070389327891398,-0.0631266325518097,1.0072626953395885,0.8699091135693087,-0.06297669057215372,False
SFTA1P,DCG,-0.9098186552420863,1.0356239097307214,-1.3125908620260234,-0.276966952295302,-0.4334980616844904,-1.3124409200463667,True
POLD2P1,NEUTRAL,-0.009298653040878596,0.13750352374993502,-0.013415120629022632,0.12408840312091239,-0.013265178649365628,-0.013265178649365304,False
LINC01395,NEUTRAL,-0.0012052269356827435,0.13750352374993502,-0.0017387749232552958,0.13576474882667972,-0.0015888329435979447,-0.0015888329435982654,False
POU4F3,DIG,1.3811170152208725,0.4854268271702419,1.9925306687465199,2.477957495916762,2.3126742333584036,1.9926806107261754,True
HABP2,NEUTRAL,0.03335136303725184,0.13750352374993502,0.048115846060730716,0.18561936981066574,0.04826578804038673,0.04826578804038736,False
SAR1B,NEUTRAL,-0.06507137703837926,0.13750352374993502,-0.09387815295708572,0.0436253707928493,-0.0937282109774282,-0.09372821097742871,False
GLULP3,NEUTRAL,-0.07653944757932284,0.13750352374993502,-0.11042308145506984,0.027080442294865184,-0.11027313947541242,-0.11027313947541242,False
ATP2B4,DCG,-0.9487604092093183,1.2927817492278462,-1.3687719373580671,-0.07599018813022096,-0.20906216743456488,-1.3686219953784118,True
DDX50P1,DIG,1.5451269490199282,0.4854268271702419,2.2291469868949445,2.7145738140651865,2.5996226152226036,2.229296928874598,True
USP48,NEUTRAL,0.028791219390208293,0.13750352374993502,0.04153694943539967,0.1790404731853347,0.041686891415057846,0.041686891415057846,False
UBR5,DCG,-0.8845337907766064,1.2630344058337937,-1.276112513452126,-0.01307810761833239,-0.1531969505002901,-1.2759625714724698,True
ERHP1,DSG,-0.02669812304718065,1.485426827170242,-0.038517249721210865,1.446909577449031,1.311625844599847,-0.03836730774155544,False
CNTN4,DIG,1.3241967896664453,0.4329594072761063,1.9104121416128665,2.343371548888973,2.1624519109227247,1.910562083592522,True
CIAO3,DCG,-0.896472956584881,1.3785116232537298,-1.293337088756075,0.08517453449765489,-0.080342977698412,-1.2931871467764198,True
NRG3,DIG,-1.723353278968906,0.5849625007211562,-2.4862732292681753,-1.9013107285470192,-2.0268425151672758,-2.486123287288517,True
PROKR1,DIG,-1.4876592595508091,0.5849625007211562,-2.1462386362865,-1.5612761355653437,-1.6959875891409293,-2.146088694306844,True
ARL5A,NEUTRAL,0.06444068928117168,0.13750352374993502,0.09296826285741297,0.230471786607348,0.09311820483706996,0.09311820483707027,False
CMAS,DSG,0.05140082386718712,1.4594316186372973,0.07415571369079793,1.5335873323280953,1.3755811347476758,0.07430565567045377,False
KLF12,NEUTRAL,-0.03326608830197966,0.13750352374993502,-0.047992820623040416,0.0895107031268946,-0.04784287864338464,-0.047842878643384476,False
INPP5A,NEUTRAL,-0.007812391699609946,0.13750352374993502,-0.01127089876250937,0.12623262498742566,-0.011120956782851332,-0.011120956782851493,False
DENND4A,NEUTRAL,0.05178016324121042,0.13750352374993502,0.07470298472451527,0.21220650847445027,0.07485292670417128,0.07485292670417097,False
SERPINB2,NEUTRAL,0.004800938415907381,0.13750352374993502,0.006926290044242895,0.1444298137941779,0.007076232023900891,0.007076232023900572,False
MTCL1,NEUTRAL,-0.05502621372345875,0.13750352374993502,-0.07938604565773016,0.058117478092204855,-0.07923610367807264,-0.07923610367807281,False
RIPK2,DCG,-0.9055398402220315,1.4059923596758368,-1.306417836815709,0.09957452286012769,-0.04668236454428556,-1.306267894836053,True
UNGP3,NEUTRAL,-0.01634554269727309,0.13750352374993502,-0.0235816333899947,0.11392189035994033,-0.02343169141033771,-0.023431691410338684,False
KHDRBS2,DIG,-1.1518461407821134,0.53605290024021,-1.6617627151734458,-1.1257098149332356,-1.2701527906354844,-1.6616127731937798,True
EIF3IP1,DSG,-0.00506448418038068,-3.321928094887362,-0.0073065062116958145,-3.329234601099058,-3.4665881828693155,-0.0071565642320379815,False
SLC47A1P1,NEUTRAL,-0.03584975220554135,0.13750352374993502,-0.05172025972403269,0.08578326402590233,-0.05157031774437546,-0.051570317744375795,False
KIAA2012,NEUTRAL,-0.01877402743577052,0.13750352374993502,-0.02708519627909947,0.11041832747083555,-0.026935254299442428,-0.026935254299442754,False
ADH4,NEUTRAL,0.016974516641367673,0.13750352374993502,0.024489050979988325,0.16199257472992334,0.02463899295964413,0.024638992959644446,False
PF4,DIG,-1.51307261447576,0.4329594072761063,-2.1829023574090773,-1.749942950132971,-1.8887680747460047,-2.1827524154294107,True
ASIP,DCG,-0.7731727143631976,1.070389327891398,-1.1154524407624442,-0.04506311287104614,-0.20373087186579533,-1.1153024987827889,True
LYPD4,DSG,-0.09482679794693555,-3.321928094887362,-0.13680615114142367,-3.458734246028786,-3.5960878277990562,-0.13665620916176716,False
EDNRA,NEUTRAL,-0.04869854639210002,0.13750352374993502,-0.07025715137838383,0.06724637237155119,-0.0701072093987263,-0.07010720939872614,False
KCTD9P4,NEUTRAL,-0.07503115348454788,0.13750352374993502,-0.1082470730443359,0.029256450705599124,-0.10809713106468032,-0.10809713106468032,False
POLR1H,DSG,-0.01568620023429625,-0.7369655941662062,-0.022630403288410497,-0.7595959974546167,-0.8969495792248939,-0.02248046130875325,False
RPL28P2,NEUTRAL,-0.014503710992880517,0.13750352374993502,-0.020924431923915465,0.11657909182601955,-0.02077448994425797,-0.020774489944257808,False
GPR161,DCG,-0.9743848923049755,1.1043366598147357,-1.405740252045515,-0.30140359223077917,-0.4427701175984329,-1.4055903100658587,True
GPR26,NEUTRAL,0.03568094940426981,0.13750352374993502,0.05147672875975007,0.1889802525096851,0.051626670739407396,0.051626670739407084,False
SNCAIP,NEUTRAL,0.03888563498361394,0.13750352374993502,0.056100112752678226,0.19360363650261325,0.05625005473233605,0.05625005473233574,False
RASGRP3,DIG,1.0559285482128138,0.37851162325372983,1.5233828800397093,1.9018945032934391,1.766842109147756,1.5235328220193647,True
ISG20L2,DCG,-0.8451968812277175,1.1043366598147357,-1.2193613491220463,-0.11502468930731058,-0.24432091075228718,-1.2192114071423912,True
RAC1,DSG,-0.012362943972782045,1.1043366598147357,-0.017835957960320756,1.086500701854415,0.9351677307639749,-0.01768601598066504,False
MANCR,DCG,-0.8756236774743609,1.1375035237499351,-1.2632579371772177,-0.12575441342728255,-0.2849886633174557,-1.2631079951975577,True
CPQ,DCG,-0.8327129929865792,1.2927817492278462,-1.201350905465544,0.09143084376230215,-0.03961117129730187,-1.2012009634858878,True
DPH1,NEUTRAL,0.03041902097965358,0.13750352374993502,0.04388537071604356,0.18138889446597858,0.04403531269570063,0.04403531269570063,False
LRRC25,DIG,1.4295684676425995,0.5849625007211562,2.062431338879213,2.647393839600369,2.488285016147072,2.062581280858869,True
MINCR,DCG,-0.8285798018424276,1.3785116232537298,-1.1953879710988304,0.18312365215489934,0.03383966748104128,-1.1952380291191753,True
SHROOM1,DIG,0.7428765624882143,0.53605290024021,1.071744332694387,1.607797232934597,1.4374193486456175,1.0718942746740439,True
NFYCP2,NEUTRAL,-0.02550702450019207,0.13750352374993502,-0.036798857754260395,0.10070466599567462,-0.03664891577460437,-0.03664891577460388,False
PPA2,NEUTRAL,-0.01851880639264472,0.13750352374993502,-0.026716990145851372,0.11078653360408365,-0.026567048166195966,-0.02656704816619564,False
CALCRL,DIG,-1.4346335855399928,0.5849625007211562,-2.0697387593513,-1.484776258630144,-1.657869353258022,-2.0695888173716455,True
SERINC5,NEUTRAL,-0.005195361835825666,0.13750352374993502,-0.0074953227561694695,0.13000820099376556,-0.0073453807765131865,-0.007345380776512703,False
TOMM40P4,NEUTRAL,-0.04245189586001051,0.13750352374993502,-0.06124513963357188,0.07625838411636314,-0.06109519765391429,-0.06109519765391429,False
PDCL3P4,DIG,1.2086225405234423,0.4854268271702419,1.7436737455197904,2.229100572690032,2.1207669811940884,1.7438236874994464,True
TMEM51,NEUTRAL,0.03271313971073549,0.13750352374993502,0.0471950844325859,0.18469860818252093,0.04734502641224115,0.047345026412241774,False
CDC42EP4,DCG,-0.9538597214932097,1.2630344058337937,-1.3761286899019816,-0.11309428406818789,-0.25085329469272183,-1.3759787479223249,True
CENPF,DCG,-0.8975411439712306,1.1375035237499351,-1.2948781574011017,-0.15737463365116655,-0.31482293077049706,-1.2947282154214448,True
MIR5004,DSG,0.02739183518686348,1.2927817492278462,0.039518064784935754,1.332299814012782,1.2054378170702877,0.03966800676459277,False
KBTBD11,NEUTRAL,0.05668561234641604,0.13750352374993502,0.08178005182192861,0.21928357557186362,0.08192999380158368,0.08192999380158429,False
ZNF879,DIG,-1.4512820831718751,0.4854268271702419,-2.0937574643230685,-1.6083306371528265,-1.7436146620348165,-2.0936075223434134,True
SOWAHC,NEUTRAL,0.05936906157201378,0.13750352374993502,0.08565145071217581,0.22315497446211083,0.08580139269183228,0.08580139269183228,False
TAL2,NEUTRAL,0.07562969671410107,0.13750352374993502,0.10911058839336994,0.24661411214330498,0.10926053037302644,0.10926053037302615,False
ZNF767P,DIG,-1.6442218607619061,0.53605290024021,-2.372110724642426,-1.8360578244022157,-1.962601506255783,-2.3719607826627707,True
SLC26A6,NEUTRAL,0.012553200339541156,0.13750352374993502,0.018110439877141678,0.1556139636270767,0.01826038185679836,0.01826038185679836,False
CEBPZOS,DIG,-1.6398940719590367,0.6780719051126378,-2.3658670451985113,-1.6877951400858735,-1.827119167256752,-2.365717103218855,True
CDH20,NEUTRAL,-0.012687661747611365,0.13750352374993502,-0.018304426683755516,0.11919909706617951,-0.01815448470409821,-0.018154484704097883,False
TFF2,DIG,1.2085428215190213,0.53605290024021,1.7435587353074475,2.2796116355476577,2.165637487549223,1.7437086772871044,True
MIPOL1,DIG,-1.4284587052200406,0.4854268271702419,-2.0608302901356224,-1.5754034629653804,-1.7291730590669172,-2.0606803481559677,True
LGALS8,DCG,-1.0517238793256456,1.5109619192773793,-1.5173168250876115,-0.006354905810232125,-0.13885734772680772,-1.517166883107956,True
LY86-AS1,DIG,0.6200381351146411,0.53605290024021,0.8945259426919339,1.4305788429321438,1.2861358672298902,0.8946758846715899,True
SPINK7,DIG,1.246212770550812,0.32192809488736235,1.797904983966152,2.1198330788535142,1.9698376910584692,1.798054925945805,True
PPP1CC,DIG,-0.700400179974472,0.6780719051126378,-1.0104638662869083,-0.3323919611742705,-0.4922524198481694,-1.0103139243072543,True
IFT57,DIG,-0.8078956990756151,0.4854268271702419,-1.1655471186119122,-0.6801202914416703,-0.8138181973711328,-1.1653971766322573,True
LINC00926,NEUTRAL,0.019830657546590972,0.13750352374993502,0.028609591300034095,0.16611311504996912,0.028759533279690025,0.028759533279690025,False
LINC01515,DIG,0.584506898133031,0.6780719051126378,0.8432652033019143,1.5213371084145522,1.3969571831071141,0.843415145281569,True
CCR3,NEUTRAL,0.029819664111239493,0.13750352374993502,0.043020681534259815,0.18052420528419483,0.04317062351391688,0.04317062351391688,False
HSPD1P1,DCG,-0.8577950651768484,1.1699250014423124,-1.2375366866296644,-0.06761168518735206,-0.216804883932672,-1.2373867446500082,True
MCRIP2,DCG,-0.9091551144364486,1.1699250014423124,-1.3116335749963024,-0.14170857355399002,-0.3025942606377589,-1.3114836330166455,True
TOGARAM2,DIG,-0.6236813010901902,0.53605290024021,-0.8997819201779937,-0.3637290199377837,-0.48488723890668817,-0.8996319781983383,True
SLC13A2,DSG,-0.004382646616979911,1.485426827170242,-0.006322822540285711,1.4791040046299564,1.3404528704627132,-0.0061728805606298,False
FKBP14-AS1,DSG,0.05228337892819596,1.2016338611696507,0.07542897150062684,1.2770628326702775,1.1425463685673718,0.07557891348028387,False
BMP8A,DIG,-0.9156113650663995,0.37851162325372983,-1.3209479757628688,-0.942436352509139,-1.0776700163520236,-1.3207980337832144,True
ALPK1,NEUTRAL,-0.005042786123450133,0.13750352374993502,-0.007275202532565188,0.13022832121736982,-0.007125260552908617,-0.007125260552908617,False
YKT6,DSG,0.10510127026899746,1.3785116232537298,0.1516290814082133,1.530140704661943,1.3927871228916648,0.15177902338786986,False
ATP6V1E1P1,DIG,-1.1217662046194865,0.32192809488736235,-1.6183665404413674,-1.296438445554005,-1.4453404120448015,-1.6182165984617114,True
PABPC4-AS1,DIG,-1.5517099876837712,0.32192809488736235,-2.2386443041292514,-1.916716209241889,-2.0656181757326855,-2.238494362149596,True
CEP120,NEUTRAL,-0.03295362041209156,0.13750352374993502,-0.047542024747861816,0.0899614990020732,-0.04739208276820619,-0.047392082768206355,False
AKNA,NEUTRAL,0.0046799384885028135,0.13750352374993502,0.0067517240490284,0.14425524779896343,0.006901666028684448,0.006901666028684448,False
S100A7,DCG,-0.8971619985487816,1.5109619192773793,-1.2943311661803587,0.21663075309702062,0.0785803118148645,-1.2941812242007038,True
RPL21P75,DSG,0.04025077522509944,-0.7369655941662062,0.05806959380918732,-0.6788960003570189,-0.8162495821272989,0.05821953578884244,False
COASY,NEUTRAL,0.029544909311124315,0.13750352374993502,0.04262429414667321,0.18012781789660823,0.04277423612632896,0.042774236126329274,False
SMTN,NEUTRAL,-0.0031481052966336387,0.13750352374993502,-0.00454175589964963,0.13296176785028538,-0.004391813919992139,-0.004391813919992139,False
E2F2,NEUTRAL,-0.048807989816293536,0.13750352374993502,-0.07041504486372571,0.06708847888620931,-0.07026510288406805,-0.0702651028840684,False
PPP1R10,DSG,0.006667961320285931,-0.7369655941662062,0.009619834729615938,-0.7273457594365903,-0.8646993412068696,0.009769776709271325,False
GNAS,DCG,-0.8590788543232113,1.1375035237499351,-1.2393888028646691,-0.101885279114734,-0.23866584119514364,-1.2392388608850133,True
FNIP2,NEUTRAL,0.021789852906295613,0.13750352374993502,0.03143611272961265,0.16893963647954768,0.031586054709268764,0.031586054709268764,False
CASS4,DCG,-0.984689436453789,1.4594316186372973,-1.4206065667876295,0.03882505184966778,-0.10632797542742321,-1.4204566248079722,True
FECH,NEUTRAL,-0.00400530726546441,0.13750352374993502,-0.005778436929122039,0.131725086820813,-0.00562849494946469,-0.005628494949464852,False
ZNF442,DIG,0.8418415608457811,0.4854268271702419,1.214520645046433,1.699947472216675,1.573542398360175,1.2146705870260883,True
TPI1,DSG,-0.012319867947577277,-0.7369655941662062,-0.01777381239237663,-0.7547394065585828,-0.892092988328861,-0.017623870412719622,False
RPS20P21,DCG,0.9530329428805907,-0.7369655941662062,1.374935900497643,0.6379703063314367,0.5006167245611566,1.3750858424772978,True
COIL,DSG,0.034559647597816004,1.070389327891398,0.04985903220423933,1.1202483600956374,0.9828947783253572,0.05000897418389438,False
EEF1DP3,NEUTRAL,-0.020662923040645882,0.13750352374993502,-0.029810296601010117,0.1076932271489249,-0.029660354621353892,-0.029660354621353892,False
HMCN2,NEUTRAL,-0.05252240577424267,0.13750352374993502,-0.07577381434605776,0.06172970940387726,-0.07562387236640074,-0.0756238723664009,False
API5,DIG,1.2303252743407083,0.37851162325372983,1.7749841719716932,2.1534957952254232,2.025348016897114,1.7751341139513501,True
ATP5POP1,NEUTRAL,-0.0317473762813278,0.13750352374993502,-0.04580178232230752,0.09170174142762749,-0.04565184034265105,-0.045651840342650886,False
PTGER4,DSG,-0.00394569545789657,-0.7369655941662062,-0.00569243526996549,-0.7426580294361718,-0.8800116112064517,-0.005542493290310888,False
TTC21B,NEUTRAL,0.0379024130168615,0.13750352374993502,0.054681623297151385,0.1921851470470864,0.0548315652768094,0.054831565276809706,False
TBC1D14,NEUTRAL,0.08249328701332909,0.13750352374993502,0.1190126560807598,0.2565161798306948,0.11916259806041797,0.11916259806041767,False
LINC01303,NEUTRAL,0.03148017921359794,0.13750352374993502,0.04541629843775358,0.1829198221876886,0.04556624041740993,0.04556624041741024,False
IL6,DSG,-0.054638410463438064,1.3504972470841334,-0.07882656381765775,1.2716706832664757,1.1275814895772651,-0.07867662183800181,False
RNF26,NEUTRAL,0.03179614490471869,0.13750352374993502,0.04587214057342453,0.18337566432335956,0.04602208255308207,0.046022082553082384,False
PPARD,DSG,0.046620252135874084,1.3504972470841334,0.06725880656141865,1.417756053645552,1.3070889936935421,0.0674087485410743,False
B4GALT6,NEUTRAL,-0.041930020768522695,0.13750352374993502,-0.06049223302711894,0.07701129072281608,-0.06034229104746098,-0.060342291047461145,False
STK32A,DIG,1.63725408173796,0.37851162325372983,2.3620583443985685,2.7405699676522985,2.575739474579743,2.3622082863782237,True
SNORD64,NEUTRAL,-0.03152546571580131,0.13750352374993502,-0.04548163304990158,0.09202189070003344,-0.04533169107024437,-0.04533169107024454,False
AKR1D1,DSG,0.01779899414682348,1.3785116232537298,0.02567852058843392,1.4041901438421638,1.2767973391460123,0.025828462568090307,False
CGA,DIG,0.620194178917997,0.4329594072761063,0.8947510663131968,1.327710473589303,1.1759162276568362,0.8949010082928519,True
CYP51A1P1,NEUTRAL,-0.008277783931269636,0.13750352374993502,-0.011942317827193053,0.12556120592274198,-0.01179237584753682,-0.011792375847536495,False
MUC6,NEUTRAL,0.019906624745979516,0.13750352374993502,0.028719188801862167,0.16622271255179719,0.028869130781520414,0.028869130781519786,False
PIAS1,NEUTRAL,0.029289923081664435,0.13750352374993502,0.042256426777936465,0.17975995052787147,0.0424063687575934,0.0424063687575934,False
BNIP5,DIG,-0.8177030320072358,0.5849625007211562,-1.1796961091967084,-0.5947336084755522,-0.7275068872846512,-1.1795461672170493,True
ODCP,DIG,-0.8884870105720843,0.5849625007211562,-1.281815804046606,-0.6968533033254499,-0.8294697480942078,-1.2816658620669457,True
LAMTOR1,DIG,0.9591252726573664,0.5849625007211562,1.3837252744540574,1.9686877751752134,1.82012359744234,1.3838752164337136,True
ADCY4,DIG,0.6067495581141458,0.4329594072761063,0.875354578552848,1.3083139858289543,1.1719978106467608,0.8755045205325037,True
RAD51D,DIG,-1.6276431273235028,0.53605290024021,-2.348192668126621,-1.812139767886411,-1.9420367913268108,-2.348042726146967,True
DGKG,DCG,-0.8511768424054917,0.9634741239748862,-1.2279886094579298,-0.26451448548304357,-0.38624096221287585,-1.2278386674782737,True
TMEM14A,DSG,-0.004597314418383263,1.3785116232537298,-0.006632522712808862,1.371879100540921,1.2345255187706423,-0.006482580733152574,False
SIX2,DIG,0.5930085437136913,0.5849625007211562,0.8555304852205285,1.4404929859416846,1.3300543443940154,0.8556804272001854,True
GPR27,NEUTRAL,0.041216449262892994,0.13750352374993502,0.0594627669546273,0.1969662907045623,0.05961270893428278,0.05961270893428278,False
HNRNPA1P21,NEUTRAL,-0.02788696894154859,0.13750352374993502,-0.0402323917973967,0.09727113195253832,-0.04008244981773913,-0.04008244981773897,False
CCKAR,NEUTRAL,0.027438184424740466,0.13750352374993502,0.03958493260056987,0.17708845635050488,0.03973487458022649,0.03973487458022649,False
PRPH2,DSG,-0.007767068366110778,1.4594316186372973,-0.011205511014033564,1.4482261076232636,1.318211771289015,-0.011055569034376928,False
UBE2L5,DIG,0.685369386423295,0.37851162325372983,0.9887790149699994,1.3672906382237293,1.182127715028569,0.9889289569496554,True
CCDC181,DCG,-0.8501782305833511,1.2016338611696507,-1.2265479171343543,-0.02491405596470364,-0.16096651548915633,-1.2263979751546978,True
MGAT4EP,DCG,-0.8235549973518835,1.232660756790275,-1.1881387105788859,0.04452204621138911,-0.09608752523934379,-1.1879887685992263,True
SNU13,NEUTRAL,-0.005916798897335013,0.13750352374993502,-0.00853613642712251,0.12896738732281252,-0.00838619444746549,-0.008386194447465974,False
HAGHL,DCG,-0.8164047385494038,1.1375035237499351,-1.1778230676634756,-0.04031954391354042,-0.1735230782868752,-1.1776731256838189,True
GOSR1,DIG,1.1486718453090785,0.5849625007211562,1.657183174836182,2.2421456755573383,2.102602478213117,1.6573331168158367,True
DUSP15,DCG,0.8670640103979543,-0.7369655941662062,1.2509089479344253,0.5139433537682191,0.3765897719979392,1.2510588899140802,True
LAMB3,DCG,2.0794415416798357,-3.321928094887362,3.0,-0.3219280948873622,-0.45928167665764047,3.0001499419796573,True
SLC4A2,DIG,-0.7021282842319972,0.4329594072761063,-1.012956993729379,-0.5799975864532727,-0.7341509858038865,-1.0128070517497243,True
TENT2,NEUTRAL,0.015671584918222795,0.13750352374993502,0.022609317844390298,0.16011284159432532,0.02275925982404827,0.02275925982404827,False
RPL21P135,NEUTRAL,-3.7212089244504714e-06,0.13750352374993502,-5.3685696614164485e-06,0.1374981551802736,0.00014457340999552958,0.00014457340999584988,False
NEUROG2-AS1,NEUTRAL,0.003200429796115067,0.13750352374993502,0.004617244195568484,0.1421207679455035,0.00476718617522491,0.00476718617522491,False
RPL21P131,DSG,0.0439516889396111,1.4059923596758368,0.06340888367187124,1.469401243347708,1.3385882055204006,0.06355882565152814,False
HTR5BP,NEUTRAL,0.04005545101682576,0.13750352374993502,0.057787800542545315,0.19529132429248033,0.057937742522202657,0.05793774252220296,False
MIA-RAB4B,DSG,-0.027799463883932903,1.2630344058337937,-0.04010614868472184,1.2229282571490718,1.0919713981467543,-0.03995620670506489,False
CDHR1,DIG,0.8421301653736942,0.5849625007211562,1.2149370133676314,1.7998995140887875,1.6743677274685294,1.2150869553472872,True
XPOTP1,DCG,-0.8333385683020063,1.1699250014423124,-1.2022534198708132,-0.03232841842850087,-0.15655717213430856,-1.2021034778911563,True
CACNB4,NEUTRAL,0.06491836650289937,0.13750352374993502,0.09365740541634512,0.23116092916628014,0.09380734739600219,0.09380734739600219,False
RNF31,NEUTRAL,-0.04276173340824179,0.13750352374993502,-0.06169214072788634,0.07581138302204868,-0.06154219874822881,-0.061542198748228645,False
C2CD4D,DCG,-0.953452224133554,1.485426827170242,-1.375540795482031,0.1098860316882111,-0.03967138368150577,-1.3753908535023747,True
UBE2J1,DIG,-0.9083663637211519,0.4854268271702419,-1.3104956482508463,-0.8250688210806044,-0.9640389341976057,-1.310345706271191,True
ZDHHC13,DIG,-1.208670428480529,0.37851162325372983,-1.7437428332379978,-1.365231209984268,-1.4866624057278484,-1.7435928912583418,True
SMAD7,NEUTRAL,0.070373447447434,0.13750352374993502,0.10152742364267311,0.23903094739260813,0.1016773656223298,0.10167736562232951,False
AP3S1,NEUTRAL,-0.0679552390502719,0.13750352374993502,-0.0980386863802513,0.03946483736968372,-0.09788874440059495,-0.09788874440059511,False
ZNF529-AS1,DSG,0.0954320991581955,1.2927817492278462,0.1376794161971525,1.4304611654249986,1.2909308066787475,0.1378293581768081,False
ZNF341,DCG,-0.9819515786267141,1.3504972470841334,-1.4166566728778496,-0.06615942579371614,-0.20802137777108884,-1.4165067308981918,True
STPG1,NEUTRAL,-0.00152136959838602,0.13750352374993502,-0.002194872374950745,0.13530865137498427,-0.0020449303952937378,-0.0020449303952935773,False
L3MBTL1,DCG,-0.8209705536772444,1.3504972470841334,-1.184410146506027,0.16608710057810638,0.04030607780073525,-1.1842602045263695,True
SNX14,DIG,0.7607445874070863,0.4329594072761063,1.097522443635324,1.5304818509114302,1.3786876049789634,1.0976723856149788,True
TMEM9B,NEUTRAL,-0.02283757541614601,0.13750352374993502,-0.03294765679880155,0.10455586695113347,-0.0327977148191442,-0.0327977148191442,False
ACAP2,DCG,-0.8850066933303006,1.1043366598147357,-1.2767947676211644,-0.17245810780642867,-0.311078501699569,-1.2766448256415084,True
DNAJB12,DIG,1.170348134596343,0.632268215499513,1.6884554498957929,2.320723665395306,2.18333254448442,1.6886053918754498,True
MAP6,DIG,0.6289958024977426,0.32192809488736235,0.9074491250034671,1.2293772198908295,1.083594656858136,0.9075990669831233,True
AOC3,NEUTRAL,-0.014326313150554678,0.13750352374993502,-0.020668500936527577,0.11683502281340744,-0.020518558956870908,-0.02051855895687107,False
F7,DIG,0.6616788751883406,0.13750352374993502,0.9546008318952064,1.0921043556451413,0.9582668052803884,0.9547507738748618,True
YWHAQ,DIG,-0.8354356106912184,0.37851162325372983,-1.2052788125262635,-0.8267671892725337,-0.9618195834182175,-1.205128870546608,True
MCM8,DSG,0.0676365915821893,1.3504972470841334,0.09757897525825672,1.4480762223423902,1.3181219475640114,0.09772891723791352,False
RNU4-2,DIG,-1.6843063346903706,0.53605290024021,-2.4299403963956645,-1.8938874961554544,-2.0455334667294456,-2.429790454416009,True
FOLR1,DIG,1.3810631435534886,0.4854268271702419,1.9924529483591407,2.4778797755293827,2.3034405247776086,1.9926028903387962,True
KRT8P41,NEUTRAL,0.0024529072763477306,0.13750352374993502,0.003538797163347325,0.14104232091328234,0.0036887391430046146,0.0036887391430046146,False
NT5E,DIG,-1.6101700688696352,0.4854268271702419,-2.3229843733460633,-1.8375575461758213,-2.0064321345984792,-2.322834431366408,True
RPL6P4,DIG,0.6153411096492496,0.4854268271702419,0.8877495673460843,1.3731763945163262,1.2328744784588852,0.8878995093257407,True
SASS6,NEUTRAL,0.03905362057857536,0.13750352374993502,0.05634246473746984,0.19384598848740486,0.056492406717127804,0.056492406717127804,False
SAMD13,NEUTRAL,0.016121412309118836,0.13750352374993502,0.02325828159049204,0.16076180534042706,0.023408223570147973,0.02340822357014829,False
PI4K2A,NEUTRAL,-0.035407550006934,0.13750352374993502,-0.05108229680503166,0.08642122694490337,-0.05093235482537444,-0.05093235482537428,False
SMC3,NEUTRAL,-0.03633411911259491,0.13750352374993502,-0.05241905345880959,0.08508447029112542,-0.05226911147915343,-0.05226911147915343,False
MRPL13,DCG,-0.8367309397608437,1.070389327891398,-1.2071475773513312,-0.1367582494599331,-0.2741118312302134,-1.2069976353716763,True
EPGN,DIG,1.4957102732949017,0.32192809488736235,2.157853793889231,2.4797818887765932,2.3657819341676447,2.1580037358688884,True
CRELD1,DIG,1.6833990002836372,0.53605290024021,2.4286313895466423,2.9646842897868524,2.782198203550458,2.4287813315262983,True
ZNF670-ZNF695,DCG,-1.0261376471307733,1.3785116232537298,-1.4804036947850356,-0.10189207153130586,-0.23924565330158543,-1.48025375280538,True
PDPK1,DCG,-0.9605108579269552,1.3785116232537298,-1.385724251451222,-0.0072126281974922435,-0.13685828338913048,-1.3855743094715662,True
ZSCAN20,NEUTRAL,-0.024459626879151514,0.13750352374993502,-0.03528778240054628,0.10221574134938874,-0.03513784042088962,-0.03513784042088962,False
H2BC5,DSG,-0.13168847034861042,-0.7369655941662062,-0.18998630311419357,-0.9269518972803998,-1.064305479050679,-0.18983636113453745,False
BPIFB4,DCG,-0.7906225321405046,1.2016338611696507,-1.1406272063341811,0.06100665483546952,-0.07336467127402421,-1.1404772643545207,True
RNU6-1330P,NEUTRAL,-0.04007189482809593,0.13750352374993502,-0.057811523947518095,0.07969199980241692,-0.05766158196786145,-0.05766158196786178,False
CNKSR1,NEUTRAL,0.031316419236365106,0.13750352374993502,0.04518004273070368,0.18268356648063871,0.04532998471036071,0.04532998471036071,False
TC2N,NEUTRAL,-0.009120083929706754,0.13750352374993502,-0.013157499857879063,0.12434602389205596,-0.013007557878222269,-0.013007557878222914,False
RFFL,DIG,-1.543788503349926,0.4854268271702419,-2.227216017964333,-1.741789190794091,-1.854291502421972,-2.227066075984678,True
TLK1,NEUTRAL,0.05621551977630857,0.13750352374993502,0.08110185160227583,0.21860537535221086,0.08125179358193306,0.08125179358193366,False
CACNA1A,DIG,-1.013325341261344,0.4854268271702419,-1.4619194446448578,-0.9764926174746159,-1.132181271857169,-1.4617695026652024,True
TSPAN11,DSG,0.03364978842571258,-0.7369655941662062,0.04854638288873839,-0.6884192112774679,-0.8257727930477463,0.04869632486839445,False
CACNA1G,DSG,0.013399036426466292,1.070389327891398,0.0193307234051535,1.0897200512965515,0.952366469526273,0.019480665384810223,False
ZDHHC20P1,DSG,-0.07236638089414386,1.4594316186372973,-0.10440261884306319,1.3550289997942342,1.2178671900905662,-0.10425267686340522,False
ACTN4,DSG,-0.006903585875360784,1.070389327891398,-0.009959769106734098,1.060429558784664,0.9394894052307056,-0.009809827127077128,False
MEI1,NEUTRAL,0.032567467170467185,0.13750352374993502,0.046984923381147126,0.18448844713108214,0.04713486536080561,0.04713486536080499,False
RICTOR,DSG,-0.009237879950929916,1.2927817492278462,-0.01332744359353417,1.279454305634312,1.1216462670846905,-0.013177501613878838,False
SULT4A1,NEUTRAL,0.04336464866360848,0.13750352374993502,0.06256196357688017,0.20006548732681517,0.06271190555653737,0.06271190555653737,False
SPINK13,DIG,1.1976425004465787,0.4329594072761063,1.7278328961521372,2.1607923034282437,2.01267844861213,1.727982838131792,True
FHL2,NEUTRAL,0.03535454946714689,0.13750352374993502,0.05100583318911636,0.18850935693905138,0.05115577516877326,0.051155775168773565,False
DLL1,NEUTRAL,-0.04083284713196109,0.13750352374993502,-0.0589093460626574,0.07859417768727761,-0.058759404083000455,-0.058759404083000455,False
JAKMIP1,NEUTRAL,-0.030345104454958072,0.13750352374993502,-0.043778731712425606,0.09372479203750941,-0.04362878973276751,-0.04362878973276784,False
CAPN14,DIG,-0.7435644959107329,0.4854268271702419,-1.0727368108315163,-0.5873099836612744,-0.7316668438548841,-1.0725868688518592,True
FBXO30,DIG,-1.3980525426296915,0.37851162325372983,-2.016963470154062,-1.6384518469003322,-1.799753914552825,-2.016813528174407,True
GLRX,NEUTRAL,0.05980721891072601,0.13750352374993502,0.08628357813186505,0.22378710188180007,0.08643352011152054,0.08643352011152085,False
LMX1A,DCG,-0.7833408469345344,1.1375035237499351,-1.1301219551982133,0.007381568551721784,-0.14289487338775397,-1.1299720132185558,True
PITPNA,NEUTRAL,-0.007403882415886199,0.13750352374993502,-0.010681544444724017,0.126821979305211,-0.010531602465066871,-0.010531602465067355,False
HEATR5A,DIG,-1.7117896872180287,0.32192809488736235,-2.4695904927943197,-2.1476623979069576,-2.2946153269692764,-2.4694405508146624,True
TCF7L1-IT1,DIG,-1.123191027665498,0.6780719051126378,-1.6204221255839926,-0.9423502204713547,-1.0909155445230254,-1.620272183604318,True
EMC3-AS1,DIG,-0.7133317893227055,0.53605290024021,-1.029120234964318,-0.493067334724108,-0.6755534209605021,-1.0289702929846618,True
SEPTIN4-AS1,DCG,-0.9195507649465895,1.3785116232537298,-1.3266313284340976,0.05188029481963219,-0.09899783118385201,-1.3264813864544402,True
LINC00582,DCG,-0.77212575954005,1.2630344058337937,-1.1139420042310544,0.1490924016027393,0.019684129381223128,-1.1137920622513942,True
RGS8,DCG,-0.8722198615941299,1.3785116232537298,-1.2583472688867092,0.12016435436702055,-0.017189227403256707,-1.2581973269070494,True
CD40,DCG,-0.9536178247957622,1.1043366598147357,-1.3757797067361666,-0.27144304692143084,-0.4179646538153219,-1.37562976475651,True
MS4A4E,DIG,-1.067415028456183,0.53605290024021,-1.539954368124087,-1.003901467883877,-1.1089782729955655,-1.5398044261444306,True
PCDHGC5,DIG,-1.7216908841432528,0.4329594072761063,-2.483874900497206,-2.0509154932210993,-2.2331336738528114,-2.4837249585175503,True
ECI2-DT,DIG,-0.6887742943711719,0.6780719051126378,-0.9936912587810848,-0.31561935366844696,-0.4529729354387243,-0.9935413168014261,True
PFN1P11,NEUTRAL,0.044499339469243795,0.13750352374993502,0.06419897637511254,0.20170250012504756,0.06434891835476908,0.06434891835476877,False
RPL7P9,NEUTRAL,-0.01723981398024569,0.13750352374993502,-0.02487179413514868,0.11263172961478635,-0.024721852155490585,-0.024721852155490585,False
CSDC2,NEUTRAL,-0.05006008472326624,0.13750352374993502,-0.07222143597673757,0.06528208777319745,-0.0720714939970818,-0.0720714939970818,False
CEP63,DIG,1.5301138451296563,0.6780719051126378,2.2074876563640986,2.8855595614767364,2.7462355343058578,2.207637598343755,True
MTAPP2,DCG,-0.8296102040289777,1.070389327891398,-1.1968745272234873,-0.12648519933208924,-0.27796749625990747,-1.1967245852438264,True
IDH3B,DSG,-0.002280319383890005,1.2630344058337937,-0.0032898054667810867,1.2597446003670125,1.1214482621164583,-0.0031398634871259235,False
SNRPN,NEUTRAL,-0.016115343736045826,0.13750352374993502,-0.023249526490214334,0.11425399725972069,-0.023099584510556652,-0.023099584510556166,False
CADPS,NEUTRAL,0.013039089707549396,0.13750352374993502,0.01881143005878784,0.15631495380872285,0.018961372038444113,0.01896137203844443,False
FSCN1,DSG,0.005394656436541296,-0.7369655941662062,0.007782844088297854,-0.7291827500779083,-0.8665363318481871,0.00793278606795383,False
ENPP7P8,DSG,0.0023777052001113384,1.2927817492278462,0.0034303035008965282,1.2962120527287426,1.1650126377683119,0.0035802454805544093,False
MLPH,NEUTRAL,0.03644471254653798,0.13750352374993502,0.052578606057514125,0.19008212980744915,0.05272854803717157,0.05272854803717188,False
METTL27,DSG,0.07365015612247612,1.3504972470841334,0.10625471499859424,1.4567519620827276,1.3285929820657596,0.10640465697824916,False
PITPNB,NEUTRAL,-0.0013504047440112024,0.13750352374993502,-0.0019482222273778918,0.13555530152255713,-0.0017982802477210672,-0.0017982802477212274,False
FARSB,NEUTRAL,0.03331099042873146,0.13750352374993502,0.048057600698630604,0.18556112444856562,0.04820754267828701,0.048207542678286704,False
RPF2,DIG,0.9118279643920862,0.53605290024021,1.3154896823723412,1.8515425826125513,1.6957858893232678,1.3156396243519974,True
CLEC2D,DSG,-0.018267376577442665,1.2630344058337937,-0.02635425359832774,1.236680152235466,1.0964627790048425,-0.026204311618671525,False
GAPDHP73,DIG,-1.5561938325804239,0.5849625007211562,-2.2451131249257674,-1.6601506242046113,-1.816867023271485,-2.2449631829461048,True
FOXRED1,NEUTRAL,-0.03225570537399494,0.13750352374993502,-0.04653514618343799,0.09096837756649703,-0.04638520420378068,-0.04638520420378117,False
CAPRIN1,DIG,-0.9364932361441121,0.4854268271702419,-1.3510741476111674,-0.8656473204409255,-0.9783844932224891,-1.350924205631513,True
KANK4,DIG,1.3837444032266975,0.26303440583379406,1.9963211883930148,2.259355594226809,2.119906342546258,1.996471130372672,True
H2BC6,DSG,0.02197244513367999,1.485426827170242,0.03169953763056496,1.5171263648008069,1.3680331367924539,0.03184947961021959,False
EPHB4,DSG,0.08896494210369227,1.4329594072761063,0.12834928078597058,1.5613086880620768,1.4216757816251635,0.128499222765626,False
LAG3,DSG,0.007663028831503673,1.3785116232537298,0.011055413693399498,1.3895670369471294,1.2544783647812734,0.011205355673054999,False
DUSP18,NEUTRAL,-0.011272260579703902,0.13750352374993502,-0.016262434437946973,0.12124108931198804,-0.016112492458289954,-0.01611249245828979,False
POLH,DSG,-0.09415121722422937,1.1043366598147357,-0.13583149418305526,0.9685051656316804,0.8219835587377885,-0.13568155220340006,False
PLEKHA3,NEUTRAL,0.03864322594510129,0.13750352374993502,0.055750390434949365,0.19325391418488438,0.05590033241460618,0.05590033241460587,False
PURB,DSG,-0.017848181578244693,-3.321928094887362,-0.025749483051819372,-3.3476775779391814,-3.48503115970946,-0.025599541072162866,False
RPL4P3,DCG,-0.9606763914924623,1.4059923596758368,-1.3859630659052797,0.020029293770557066,-0.11087240504656179,-1.3858131239256237,True
HOXD1,NEUTRAL,0.001755028962478645,0.13750352374993502,0.002531971580784444,0.14003549533071946,0.002681913560440428,0.0026819135604401086,False
LINC01219,NEUTRAL,-0.005348741112894909,0.13750352374993502,-0.007716602278572402,0.12978692147136262,-0.007566660298915941,-0.007566660298916263,False
GJD4,DSG,-0.03261741397055047,1.4059923596758368,-0.047056981381935564,1.3589353782939013,1.223569983745611,-0.04690703940227779,False
NOP9,DIG,-1.5415819766705814,0.4329594072761063,-2.2240326728664535,-1.7910732655903472,-1.958534346844531,-2.223882730886798,True
TMX4,DSG,0.02655069588372204,-0.7369655941662062,0.0383045572835968,-0.6986610368826094,-0.8360146186528877,0.03845449926325301,False
SUSD5,NEUTRAL,0.0666022785363331,0.13750352374993502,0.09608677695627321,0.23359030070620823,0.09623671893593014,0.09623671893592983,False
ZYG11A,NEUTRAL,-0.023814595423538493,0.13750352374993502,-0.03435719871831599,0.10314632503161902,-0.03420725673865829,-0.034207256738658785,False
FBXO7,NEUTRAL,-0.04122341183681674,0.13750352374993502,-0.059472811825498906,0.07803071192443611,-0.05932286984584304,-0.05932286984584304,False
RPL15P18,DIG,1.003061031523125,0.26303440583379406,1.4471111758873807,1.7101455817211748,1.5264314672146824,1.4472611178670356,True
GDI2P1,DSG,0.05777374624691724,1.3219280948873624,0.08334989720400486,1.4052779920913672,1.270476283922409,0.08349983918366276,False
RNA5SP494,NEUTRAL,-0.027344083062470586,0.13750352374993502,-0.039449173031882216,0.0980543507180528,-0.03929923105222606,-0.0392992310522254,False
CCL25,DIG,0.6774082461010252,0.4329594072761063,0.9772935173072397,1.410252924583346,1.259496394849015,0.9774434592868952,True
OAZ3,DCG,-0.8497281063223675,1.2927817492278462,-1.2258985250952494,0.06688322413259673,-0.04136694092851072,-1.2257485831155923,True
RHOBTB2,NEUTRAL,-0.018722799096799813,0.13750352374993502,-0.027011289408513453,0.11049223434142157,-0.02686134742885663,-0.02686134742885647,False
ZSCAN22,DIG,0.836577481115674,0.6780719051126378,1.2069261833249634,1.8849980884376012,1.7608253337801358,1.207076125304618,True
KCNA1,DSG,0.00993120838683678,1.1375035237499351,0.014327705089724306,1.1518312288396595,1.0143467315093793,0.014477647069380333,False
CHMP6,DCG,-0.8329818981594342,1.2630344058337937,-1.2017388536248914,0.06129555220890226,-0.07852199900147083,-1.2015889116452367,True
TREH,NEUTRAL,-0.034826587193961596,0.13750352374993502,-0.050244144635815474,0.08725937911411955,-0.05009420265615899,-0.05009420265615899,False
UCN,DIG,1.6414125350263875,0.632268215499513,2.3680577243355514,3.000325939835064,2.849824670095888,2.368207666315208,True
UCN2,NEUTRAL,0.004277461720181914,0.13750352374993502,0.006171072811298822,0.14367459656123385,0.006321014790956233,0.006321014790955594,False
FCF1P2,NEUTRAL,-0.041428762403689125,0.13750352374993502,-0.059769070069969434,0.07773445367996559,-0.05961912809031206,-0.05961912809031206,False
PPIAP16,NEUTRAL,-0.010950565396592242,0.13750352374993502,-0.015798326392593914,0.1217051973573411,-0.015648384412937054,-0.015648384412937054,False
TOMM70,DIG,1.3303434359951416,0.37851162325372983,1.919279877789375,2.297791501043105,2.162176775897191,1.91942981976903,True
LINC02019,NEUTRAL,-0.004139392230494869,0.13750352374993502,-0.005971880643229253,0.13153164310670576,-0.0058219386635734996,-0.005821938663572857,False
TEX46,NEUTRAL,0.019981401849196688,0.13750352374993502,0.028827069357845625,0.16633059310778064,0.028977011337502825,0.028977011337502825,False
RNU11,NEUTRAL,0.01687053003613102,0.13750352374993502,0.024339030020294528,0.16184255377022955,0.02448897199995155,0.02448897199995155,False
MRGPRF-AS1,DCG,-0.7743151382330986,1.0,-1.1171006100141436,-0.11710061001414362,-0.23842077110628623,-1.116950668034488,True
ANTKMT,DCG,-0.914466411478207,1.1043366598147357,-1.3192961568991355,-0.21495949708439976,-0.37358559545783143,-1.31914621491948,True
HECW1,DSG,0.037091791090279456,1.3785116232537298,0.05351214306363561,1.4320237663173654,1.3046309616212146,0.05366208504329168,False
ROS1,DIG,0.9430202550988595,0.4854268271702419,1.3604906454889698,1.8459174726592118,1.6929563382302275,1.3606405874686258,True
HOXA5,DSG,-0.008695781080571407,1.232660756790275,-0.012545360241596441,1.2201153965486786,1.070206232684479,-0.01239541826194153,False
HNRNPLP1,DSG,-0.012616900846720928,1.1375035237499351,-0.018202340282952048,1.119301183466983,0.9965948357571284,-0.018052398303296073,False
OSR2,DCG,-0.9362925217290788,1.3785116232537298,-1.350784577919964,0.027727045333765687,-0.10962653643651406,-1.350634635940309,True
SOHLH1,NEUTRAL,-0.01822735038304773,0.13750352374993502,-0.026296508006168506,0.11120701574376651,-0.02614656602651141,-0.02614656602651141,False
SLF1,NEUTRAL,-0.08294264819074403,0.13750352374993502,-0.11966094722298436,0.017842576526950663,-0.11951100524332836,-0.11951100524332871,False
LIMS1,NEUTRAL,-0.009790552720864504,0.13750352374993502,-0.014124781857953168,0.12337874189198185,-0.013974839878297398,-0.013974839878297073,False
PROX1,DCG,-0.9667411674882176,1.3785116232537298,-1.3947126881584584,-0.016201064904728613,-0.15780432865453228,-1.3945627461788022,True
LSM6,NEUTRAL,0.012285986305844956,0.13750352374993502,0.017724931515872233,0.15522845526580725,0.017874873495528094,0.017874873495527778,False
CKS1B,DCG,-0.9587500590442418,1.1699250014423124,-1.3831839556351286,-0.21325895419281626,-0.3576220811489105,-1.3830340136554722,True
SRGAP1,DIG,-1.1201842980682406,0.5849625007211562,-1.616084331704735,-1.031121830983579,-1.1878382300504584,-1.6159343897250795,True
CAND2,DIG,-1.4685466731247934,0.53605290024021,-2.118665002631125,-1.582612102390915,-1.7256550718797712,-2.118515060651468,True
LIMCH1,NEUTRAL,-0.04435567673197409,0.13750352374993502,-0.063991714856493,0.07351180889344201,-0.06384177287683687,-0.06384177287683754,False
NEB,NEUTRAL,-0.055806386915840715,0.13750352374993502,-0.08051159765341413,0.05699192609652089,-0.08036165567375668,-0.08036165567375651,False
PRRX2,NEUTRAL,0.062313502655892264,0.13750352374993502,0.08989938126207703,0.22740290501201205,0.09004932324173245,0.09004932324173305,False
LINC00671,NEUTRAL,0.006193270118203205,0.13750352374993502,0.008935000086417568,0.14643852383635259,0.00908494206607406,0.00908494206607406,False
PIGAP1,NEUTRAL,-0.0364890662734409,0.13750352374993502,-0.052642594959361924,0.0848609287905731,-0.05249265297970421,-0.05249265297970471,False
ELMOD2,NEUTRAL,0.005419897919214978,0.13750352374993502,0.00781925985017586,0.1453227836001109,0.007969201829831523,0.007969201829831523,False
USP15,DIG,1.623108971330465,0.5849625007211562,2.3416512637608484,2.9266137644820045,2.7972663980176016,2.341801205740503,True
LRRC2-AS1,NEUTRAL,0.002210664174830544,0.13750352374993502,0.003189314242098918,0.14069283799203394,0.003339256221755506,0.003339256221755506,False
ZHX2,DCG,-1.0399987238154582,1.4059923596758368,-1.5004010013794122,-0.09440864170357544,-0.22498755063241221,-1.5002510593997564,True
DMTF1,DSG,0.008369606669271345,1.2630344058337937,0.012074790035948964,1.2751091958697427,1.1440135753974088,0.012224732015605328,False
RPS13P2,NEUTRAL,0.01622145473636672,0.13750352374993502,0.023402612304161054,0.16090613605409607,0.023552554283818743,0.023552554283818743,False
CD4,DSG,0.032469835841672005,1.3785116232537298,0.04684407114725893,1.4253556944009886,1.2744775683975034,0.04699401312691532,False
CLEC20A,DCG,-0.9738058764799233,1.4329594072761063,-1.4049049087861158,0.02805449848999042,-0.12565137666763468,-1.4047549668064572,True
MIR3120,DCG,-0.9143818228765457,1.1699250014423124,-1.319174121343003,-0.14924911990069067,-0.28423616272082985,-1.3190241793633446,True
ZDHHC6,NEUTRAL,-0.028941976224344648,0.13750352374993502,-0.04175444557238831,0.09574907817754671,-0.04160450359273292,-0.04160450359273292,False
VSIG8,DCG,-0.9654424979720255,1.3785116232537298,-1.3928391040876944,-0.014327480833964623,-0.15023030306371682,-1.3926891621080368,True
PTS,NEUTRAL,-0.004378436590364697,0.13750352374993502,-0.00631674875576593,0.1311867749941691,-0.006166806776109137,-0.006166806776108976,False
DUSP1,DIG,-0.8767379785700576,0.53605290024021,-1.2648655338420365,-0.7288126336018265,-0.880968585957005,-1.2647155918623803,True
MIR7851,DIG,-0.6784396102338146,0.5849625007211562,-0.9787814612269656,-0.39381896050580945,-0.5536497985031361,-0.978631519247304,True
BAZ1B,DSG,0.0022275071507169,1.3785116232537298,0.0032136135198839763,1.3817252367736137,1.2443716550033355,0.003363555499540793,False
SLC38A3,NEUTRAL,0.02154821096305855,0.13750352374993502,0.03108749709643377,0.1685910208463688,0.03123743907608974,0.031237439076089113,False
IHO1,NEUTRAL,0.03827276435838743,0.13750352374993502,0.05521592734095742,0.19271945109089245,0.05536586932061398,0.05536586932061398,False
BRMS1L,DIG,-1.5718038722347674,0.37851162325372983,-2.2676336517231688,-1.889122028469439,-2.0509967543688106,-2.2674837097435123,True
MESTP4,NEUTRAL,0.06133711922143153,0.13750352374993502,0.08849075772317438,0.2259942814731094,0.08864069970283142,0.08864069970283142,False
TRIM71,NEUTRAL,-0.02705421795648614,0.13750352374993502,-0.0390309860809517,0.09847253766898331,-0.03888104410129473,-0.038881044101295226,False
CLU,NEUTRAL,-0.01010710957548496,0.13750352374993502,-0.014581476862273507,0.1229220468876615,-0.014431534882615631,-0.014431534882616117,False
PLCG1,DCG,-0.8542767914977896,1.1375035237499351,-1.232460890640396,-0.09495736689046086,-0.21751321676141427,-1.232310948660741,True
LINC00112,DIG,1.319733194106711,0.5849625007211562,1.9039725344343037,2.48893503515546,2.3581817917837995,1.9041224764139533,True
CNOT3,DSG,0.011145417039576371,1.3785116232537298,0.016079437891636184,1.394591061145366,1.257237479375088,0.01622937987129293,False
LSM11,DIG,1.1311522389789797,0.37851162325372983,1.6319077256654217,2.0104193489191515,1.8770421476906063,1.6320576676450766,True
MPZL3,NEUTRAL,-0.01311525024067425,0.13750352374993502,-0.018921306482238526,0.1185822172676965,-0.01877136450258058,-0.018771364502580743,False
RRAGA,DIG,0.9441237736958562,0.37851162325372983,1.3620826862963857,1.7405943095501155,1.5756866044632722,1.3622326282760429,True
GPR39,NEUTRAL,-0.013881417071007715,0.13750352374993502,-0.02002665156885423,0.11747687218108079,-0.019876709589198658,-0.019876709589198332,False
ZRSR2P1,NEUTRAL,-0.02761491510714291,0.13750352374993502,-0.039839901079644795,0.09766362267029022,-0.03968995909998943,-0.039689959099989264,False
INSL3,DIG,-1.0882176765260085,0.5849625007211562,-1.5699662453317826,-0.9850037446106265,-1.1441125680639215,-1.569816303352124,True
CTNNBIP1,NEUTRAL,-0.04130138851262775,0.13750352374993502,-0.05958530838899645,0.07791821536093857,-0.05943536640933916,-0.059435366409339,False
CD226,NEUTRAL,0.06126759974809771,0.13750352374993502,0.08839046232375047,0.2258939860736855,0.08854040430340694,0.08854040430340665,False
THSD1,NEUTRAL,0.00959633306504746,0.13750352374993502,0.013844582123662758,0.1513481058735978,0.013994524103319559,0.013994524103319876,False
GFAP,NEUTRAL,-0.012424645909808388,0.13750352374993502,-0.017924975038881904,0.11957854871105311,-0.01777503305922529,-0.01777503305922513,False
BBIP1,NEUTRAL,0.07967334013992836,0.13750352374993502,0.11494433271093424,0.25244785646086926,0.11509427469059094,0.11509427469059065,False
YOD1,DCG,-0.7937501137628205,1.1375035237499351,-1.1451393528306717,-0.007635829080736567,-0.13376925941266068,-1.1449894108510161,True
TRIM21,NEUTRAL,0.027734231862336967,0.13750352374993502,0.040012038770658225,0.17751556252059325,0.040161980750313575,0.04016198075031389,False
C5AR1,DIG,-1.5612915890766526,0.5849625007211562,-2.252467632942536,-1.6675051322213799,-1.7963672447592678,-2.2523176909628817,True
PLCL1,NEUTRAL,-0.04230614961860738,0.13750352374993502,-0.061034872253871386,0.07646865149606363,-0.0608849302742145,-0.06088493027421467,False
COL4A1,DIG,-1.306094795849999,0.2016338611696507,-1.884296484903677,-1.6826626237340263,-1.837204060507592,-1.88414654292402,True
RN7SL749P,NEUTRAL,0.020846467530492286,0.13750352374993502,0.030075095326294016,0.16757861907622904,0.030225037305950633,0.03022503730595032,False
GGACT,DIG,-1.5600403649835253,0.26303440583379406,-2.2506624981483405,-1.9876280923145464,-2.171342206821037,-2.250512556168683,True
GSTK1,DSG,0.0966998426710888,1.3219280948873624,0.1395083834763228,1.4614364783636853,1.312496418771982,0.1396583254559801,False
RPL21P39,DSG,-0.014168075884162407,1.1375035237499351,-0.02044021281701962,1.1170633109329156,0.9768043831397365,-0.020290270837363972,False
CARD16,NEUTRAL,0.019613365977035987,0.13750352374993502,0.02829610583021014,0.16579962958014516,0.02844604780986823,0.028446047809867918,False
SLC22A5,NEUTRAL,-0.026929993535713057,0.13750352374993502,-0.03885176812514507,0.09865175562478995,-0.038701826145489004,-0.03870182614548851,False
ZNF423,NEUTRAL,-0.028077729560020685,0.13750352374993502,-0.0405076011956633,0.09699592255427172,-0.04035765921600707,-0.04035765921600674,False
ARHGAP22,DIG,-1.1767832069466524,0.53605290024021,-1.6977392968633462,-1.161686396623136,-1.309324001644365,-1.6975893548836902,True
MYL12BP2,NEUTRAL,-0.03776328950768107,0.13750352374993502,-0.054480910500385706,0.08302261324954932,-0.05433096852072891,-0.054330968520728745,False
C2CD6,NEUTRAL,-0.020223823139099525,0.13750352374993502,-0.029176809350594354,0.10832671439934066,-0.029026867370937955,-0.02902686737093812,False
EFL1P1,NEUTRAL,0.03187127545423842,0.13750352374993502,0.04598053104463592,0.18348405479457094,0.04613047302429203,0.04613047302429203,False
PPP3R1,DIG,1.0019635521896453,0.37851162325372983,1.4455278478954914,1.8240394711492212,1.6889870770035376,1.4456777898751472,True
UBA52P8,NEUTRAL,-0.002690335779045338,0.13750352374993502,-0.003881334086754855,0.13362218966318015,-0.0037313921070987613,-0.0037313921070987613,False
ASCL2,NEUTRAL,0.00295339425742388,0.13750352374993502,0.004260847248975375,0.1417643709989104,0.004410789228633401,0.004410789228633401,False
TRPC6,NEUTRAL,0.007456347076347502,0.13750352374993502,0.010757234950193463,0.14826075870012848,0.010907176929850234,0.010907176929850234,False
NME7,DCG,-1.0694068648315243,1.485426827170242,-1.5428279805850542,-0.05740115341481222,-0.19118171942820203,-1.5426780386053989,True
LINC01088,NEUTRAL,0.044514122380353065,0.13750352374993502,0.06422030360765979,0.2017238273575948,0.06437024558731574,0.06437024558731544,False
SDCCAG8,DCG,-0.8417169886149268,1.2630344058337937,-1.214340925306747,0.048693480527046695,-0.08531440677574408,-1.2141909833270905,True
GIMAP6,DIG,1.4114257014780822,0.632268215499513,2.036256860105656,2.668525075605169,2.520073577282253,2.03640680208531,True
ITPRIPL1,DIG,-1.6250251303988505,0.4854268271702419,-2.344415696946363,-1.858988869776121,-1.9992907858335618,-2.344265754966706,True
ABCB10,DCG,0.9854840625034264,-0.7369655941662062,1.4217529698488025,0.6847873756825963,0.547433793912317,1.4219029118284583,True
H4C3,DSG,-0.13236055452136117,1.1043366598147357,-0.19095591561728104,0.9133807441974546,0.7720142188298018,-0.19080597363762392,False
ZNF19,NEUTRAL,-0.041600347257129314,0.13750352374993502,-0.06001661468711925,0.07748690906281577,-0.059866672707461724,-0.059866672707461724,False
HIF1A,NEUTRAL,0.012819820026644606,0.13750352374993502,0.018495090777529193,0.15599861452746422,0.018645032757185508,0.018645032757185508,False
LILRB1,DSG,-0.014422727606891667,1.2016338611696507,-0.020807597594554954,1.1808262635750957,1.0409241318865814,-0.020657655614899285,False
BOLA2P3,DSG,-0.09639520934374983,-0.7369655941662062,-0.13906889048568136,-0.8760344846518876,-1.0133880664221562,-0.1389189485060221,False
LEFTY1,DCG,-0.9237099959919319,1.232660756790275,-1.3326318304371245,-0.09997107364684954,-0.24453020979528997,-1.3324818884574694,True
C1QTNF9-AS1,NEUTRAL,0.08670028519082079,0.13750352374993502,0.125082071488456,0.262585595238391,0.12523201346811252,0.12523201346811252,False
EHBP1,DIG,1.691928823481424,0.5849625007211562,2.440937323173749,3.025899823894905,2.915461182347235,2.441087265153405,True
H2AZP1,DSG,0.04114353589331292,1.2927817492278462,0.059357575197919614,1.3521393244257658,1.2216210335226576,0.05950751717757648,False
SYNGR4,DIG,1.636271105450014,0.632268215499513,2.3606402093826375,2.9929084248821507,2.877124669148471,2.360790151362292,True
ZBTB7A,NEUTRAL,-0.010171777584097923,0.13750352374993502,-0.014674773077603596,0.12282875067233143,-0.014524831097946904,-0.014524831097946904,False
OSR1,DIG,0.5997418619547482,0.4854268271702419,0.8652446100556286,1.3506714372258704,1.2357202383832884,0.8653945520352827,True
TAF12,NEUTRAL,0.08799072687890662,0.13750352374993502,0.1269437853124138,0.2644473090623488,0.1270937272920708,0.1270937272920705,False
MAIP1,NEUTRAL,0.08235897516158848,0.13750352374993502,0.11881888503832101,0.256322408788256,0.11896882701797727,0.11896882701797727,False
PMS1,DIG,1.3912098527456074,0.32192809488736235,2.007091555391953,2.329019650279315,2.1677322956063896,2.0072414973716093,True
SPIDR,DCG,-0.9111330760999885,1.3219280948873624,-1.31448717047936,0.0074409244080024806,-0.133324663848782,-1.3143372284997028,True
TMX3,NEUTRAL,-0.013272391485608107,0.13750352374993502,-0.01914801337702372,0.1183555103729113,-0.01899807139736828,-0.01899807139736828,False
ATXN3,NEUTRAL,0.013461411818231345,0.13750352374993502,0.019420712073526445,0.15692423582346146,0.019570654053182056,0.019570654053182056,False
BRAF,DSG,-0.01388266681819348,-0.7369655941662062,-0.0200284545729215,-0.7569940487391277,-0.8943476305094072,-0.019878512593266336,False
METTL17,DIG,0.7917359267394705,0.26303440583379406,1.1422334952006616,1.4052679010344558,1.278122956390924,1.1423834371803177,True
BAP1,NEUTRAL,0.027220514460996142,0.13750352374993502,0.03927090122332545,0.17677442497326046,0.03942084320298249,0.03942084320298249,False
PLA2G4E,NEUTRAL,0.009662717037428641,0.13750352374993502,0.013940353951411598,0.15144387770134662,0.014090295931068884,0.014090295931068884,False
PELP1,NEUTRAL,0.044914984380435195,0.13750352374993502,0.06479862522725911,0.20230214897719412,0.06494856720691601,0.06494856720691601,False
LINC00974,DIG,1.0365790729339537,0.32192809488736235,1.495467488011094,1.8173955828984565,1.6711113616788724,1.4956174299907485,True
LPP,DCG,-0.9751992943626294,1.3219280948873624,-1.406915185855382,-0.08498709096801949,-0.2306573271828068,-1.406765243875727,True
AQP10,DCG,-0.9230349469010017,1.3785116232537298,-1.331657940461283,0.04685368279244684,-0.10175065069722077,-1.3315079984816136,True
RGL1,DCG,-0.9150831022700844,1.2630344058337937,-1.320185853646339,-0.05715144781254522,-0.1779045328386731,-1.320035911666684,True
PGBD4P3,DIG,-1.081859926122005,0.4329594072761063,-1.5607939503527168,-1.1278345430766106,-1.3100527237083162,-1.5606440083730533,True
ANKRD27,DSG,0.054637291350211135,1.2630344058337937,0.07882494927855506,1.3418593551123488,1.2191734498539455,0.07897489125821056,False
RPL9P25,NEUTRAL,0.030146605302168134,0.13750352374993502,0.0434923579690749,0.18099588171900993,0.04364229994873128,0.04364229994873128,False
FXR2,NEUTRAL,0.053004366731547084,0.13750352374993502,0.07646913702906294,0.21397266077899796,0.07661907900872056,0.07661907900872056,False
EMSLR,DSG,0.0437228081637705,1.4059923596758368,0.06307867851161118,1.4690710381874479,1.328698250680438,0.0632286204912683,False
LIN52,NEUTRAL,0.012102909198518677,0.13750352374993502,0.017460807081032315,0.15496433083096733,0.017610749060688068,0.017610749060688068,False
AZGP1P1,DSG,0.064475564733998,1.3219280948873624,0.09301857750025426,1.4149466723876167,1.2824021494674767,0.0931685194799109,False
MYB-AS1,DIG,-1.1834494323948284,0.4329594072761063,-1.7073566272588776,-1.2743972199827713,-1.421964855993558,-1.7072066852792227,True
MBD5,NEUTRAL,-0.008616993718297064,0.13750352374993502,-0.012431694104758525,0.1250718296451765,-0.01228175212510138,-0.012281752125101542,False
RPL13A,DIG,0.9536137521157735,0.6780719051126378,1.3757738311009438,2.0538457362135816,1.9223746764207164,1.3759237730805998,True
C1QBP,NEUTRAL,-0.021786161834056,0.13750352374993502,-0.031430787637997,0.10607273611193802,-0.031280845658340065,-0.031280845658340065,False
MROH8,DCG,-0.7748354957543694,1.1375035237499351,-1.1178513272295703,0.019652196520364873,-0.13060647622209462,-1.1177013852499134,True
ABLIM3,DIG,-1.0101025404681059,0.4854268271702419,-1.4572699259226798,-0.9718430987524379,-1.1371263613107951,-1.4571199839430233,True
PHIP,DIG,-1.536650857102868,0.5849625007211562,-2.216918571120083,-1.6319560703989269,-1.7647293492080296,-2.2167686291404287,True
ATXN7L3B,DIG,-0.8227106611875893,0.4854268271702419,-1.1869205909818152,-0.7014937638115734,-0.8605171953105814,-1.186770649002159,True
RTKN,DIG,-1.0014120192437346,0.4329594072761063,-1.444732154049539,-1.0117727467734328,-1.1384457167050255,-1.4445822120698824,True
LINC01562,DIG,-0.9764866060837724,0.4854268271702419,-1.4087723840915531,-0.9233455569213113,-1.067346420734353,-1.4086224421118885,True
FAM184B,NEUTRAL,0.024170111443830543,0.13750352374993502,0.03487009991774791,0.17237362366768294,0.03502004189740396,0.03502004189740396,False
ELAVL1,DIG,-1.6189234449620735,0.4854268271702419,-2.33561282562566,-1.850185998455418,-1.9740853117433448,-2.335462883646004,True
CXCL2,DIG,-1.5415744007607775,0.26303440583379406,-2.224021743138949,-1.960987337305155,-2.091258384716477,-2.2238718011592935,True
TBL3,DCG,-0.994166800456389,1.485426827170242,-1.4342795128348802,0.05114731433536179,-0.08562118427379216,-1.4341295708552244,True
DUSP10,DCG,-0.9996347628352958,1.4059923596758368,-1.4421681150426964,-0.036175755366859574,-0.16698879319416493,-1.4420181730630401,True
TSNAX-DISC1,DCG,-0.8475488375933713,1.1043366598147357,-1.2227545049071622,-0.11841784509242648,-0.2477140665374037,-1.2226045629275075,True
GIT2,DIG,1.3926411275948307,0.53605290024021,2.0091564485190765,2.5452093487592866,2.364275426726531,2.009306390498731,True
NADSYN1,DSG,0.0463942982010907,1.4059923596758368,0.06693282394023731,1.4729251836160742,1.326390312341817,0.06708276591989214,False
FAM3D-AS1,NEUTRAL,-0.034946227781357,0.13750352374993502,-0.050416749517939875,0.08708677423199515,-0.05026680753828179,-0.05026680753828179,False
PRICKLE1,DIG,0.6026480962076811,0.53605290024021,0.8694374197999964,1.4054903200402065,1.2617769246386452,0.8695873617796507,True
PMS2,DSG,0.08061211043311226,1.3785116232537298,0.11629869195744452,1.4948103152111742,1.3596310087645758,0.11644863393710055,False
XBP1,NEUTRAL,-0.046655003287365264,0.13750352374993502,-0.06730894187534016,0.07019458187459486,-0.06715899989568215,-0.06715899989568232,False
KLHL30-AS1,NEUTRAL,-0.04711139152559082,0.13750352374993502,-0.06796737092334822,0.0695361528265868,-0.0678174289436915,-0.06781742894369133,False
ACP5,DIG,-0.6285966455616976,0.32192809488736235,-0.9068732632712986,-0.5849451683839362,-0.731229389603519,-0.9067233212916438,True
DPP4,NEUTRAL,-0.02218824472636701,0.13750352374993502,-0.03201087063276038,0.10549265311717464,-0.03186092865310362,-0.03186092865310362,False
VSX1,DCG,-0.7686256131405884,1.1699250014423124,-1.1088923603781657,0.06103264106414663,-0.06611704230512384,-1.1087424183985062,True
ELP2,NEUTRAL,-0.05080662475604837,0.13750352374993502,-0.07329846557985743,0.06420505817007759,-0.07314852360020209,-0.07314852360020192,False
DPF3,NEUTRAL,-0.001848509369674148,0.13750352374993502,-0.002666835300665677,0.13483668844926935,-0.0025168933210086676,-0.0025168933210086676,False
BTBD1,NEUTRAL,-0.024852852250672318,0.13750352374993502,-0.03585508669399107,0.10164843705594395,-0.03570514471433496,-0.035705144714335287,False
DIAPH1-AS1,DIG,-1.4043230133080777,0.4854268271702419,-2.0260098471058097,-1.5405830199355677,-1.7058662824939146,-2.025859905126139,True
COX7A2,DIG,1.6166976297374052,0.632268215499513,2.332401653039096,2.964669868538609,2.8160649204574817,2.3325515950187516,True
UBE2NP1,DIG,1.639906048152092,0.37851162325372983,2.365884323192841,2.744395946446571,2.633906541488064,2.3660342651724986,True
PARK7,NEUTRAL,0.0730946033723962,0.13750352374993502,0.10545322180110171,0.24295674555103675,0.10560316378075882,0.10560316378075942,False
NAA16,NEUTRAL,0.015146462962832763,0.13750352374993502,0.021851727003487184,0.15935525075342222,0.022001668983143187,0.022001668983143503,False
MAPRE2,NEUTRAL,0.0299340811137745,0.13750352374993502,0.04318575037641045,0.18068927412634547,0.04333569235606667,0.04333569235606698,False
ZKSCAN3,DSG,0.0048883260355739875,1.2927817492278462,0.007052363729770999,1.2998341129576172,1.1516172696946085,0.007202305709428246,False
LINC00511,DCG,-0.8087899381626465,1.0356239097307214,-1.1668372329081416,-0.13121332317742018,-0.2567843399008027,-1.1666872909284858,True
KDR,DIG,0.6654464230473196,0.4329594072761063,0.9600362545076673,1.3929956617837735,1.2598004586016547,0.9601861964873223,True
BPHL,DIG,-1.4107968174017118,0.4329594072761063,-2.035349572167382,-1.6023901648912757,-1.7541844108237423,-2.035199630187727,True
CHD9,NEUTRAL,-0.024829517534713977,0.13750352374993502,-0.035821421814997416,0.1016821019349376,-0.035671479835340886,-0.03567147983534121,False
DTWD2,NEUTRAL,-0.06486507464635374,0.13750352374993502,-0.09358052151918697,0.04392300223074805,-0.0934305795395306,-0.09343057953953111,False
LINC02482,NEUTRAL,-0.015947516717738773,0.13750352374993502,-0.023007403283175566,0.11449612046675946,-0.02285746130351976,-0.022857461303519924,False
ST7-AS2,DIG,-1.202908058010305,0.5849625007211562,-1.7354294899368408,-1.1504669892156847,-1.312913108288876,-1.7352795479571845,True
NEK10,NEUTRAL,-0.05497243287569944,0.13750352374993502,-0.079308456295373,0.058195067454562016,-0.0791585143157159,-0.07915851431571573,False
SNHG5,DIG,-1.6171992969232936,0.5849625007211562,-2.333125405800354,-1.748162905079198,-1.8809361838883008,-2.3329754638207003,True
PIK3CD,NEUTRAL,-0.0054350571487465785,0.13750352374993502,-0.007841129995444798,0.12966239375449023,-0.007691188015787954,-0.007691188015787794,False
EBF4,DSG,0.03362000775022659,1.4059923596758368,0.04850341845590042,1.4544957781317371,1.3079609068574802,0.04865336043555573,False
KIAA1586,DIG,-1.0499961204421993,0.6780719051126378,-1.5148241959146116,-0.8367522908019738,-0.9741058725722535,-1.5146742539349558,True
UNC80,NEUTRAL,-0.01460210418772081,0.13750352374993502,-0.02106638329816878,0.11643714045176624,-0.02091644131851174,-0.020916441318511576,False
FCN2,NEUTRAL,0.034859694809082145,0.13750352374993502,0.050291908827965554,0.18779543257790057,0.050441850807622535,0.05044185080762223,False
AMPD1,NEUTRAL,0.08057626456949295,0.13750352374993502,0.11624697730776457,0.2537505010576996,0.11639691928742027,0.11639691928742027,False
C1orf146,NEUTRAL,-0.0034812539593699794,0.13750352374993502,-0.005022387823258138,0.13248113592667687,-0.00487244584360136,-0.00487244584360136,False
TAF4,DCG,-0.9508613806911356,1.4059923596758368,-1.3718029984959341,0.03418936117990268,-0.10641915017030829,-1.371653056516278,True
LINC01976,NEUTRAL,-0.04023268016780099,0.13750352374993502,-0.05804348815975823,0.07946003559017678,-0.05789354618010107,-0.057893546180100904,False
NPTN,NEUTRAL,0.07901891706682276,0.13750352374993502,0.11400019978872147,0.25150372353865647,0.11415014176837712,0.11415014176837712,False
THAP11,NEUTRAL,0.010220361757321668,0.13750352374993502,0.01474486522337918,0.1522483889733142,0.014894807203035258,0.014894807203035258,False
PHACTR2,DIG,-1.0034448679029224,0.53605290024021,-1.4476649347290271,-0.9116120344888171,-1.0810338569863707,-1.4475149927493727,True
KRT8P11,NEUTRAL,0.0029082158981884863,0.13750352374993502,0.004195668654150972,0.141699192404086,0.004345610633807144,0.0043456106338068245,False
IFI44,NEUTRAL,-0.042143232745546946,0.13750352374993502,-0.06079983288902996,0.07670369086090506,-0.06064989090937254,-0.060649890909372874,False
ZNF784,DSG,0.05363807557471301,1.4059923596758368,0.0773833856344659,1.4833757453103027,1.3525627074829958,0.0775333276141207,False
TNS1-AS1,NEUTRAL,0.0034282248650740685,0.13750352374993502,0.0049458830118945946,0.1424494067618296,0.005095824991550588,0.005095824991551226,False
HOXA9,DSG,0.0390749511000427,1.4059923596758368,0.056373238175010346,1.4623655978508472,1.315830726576591,0.056523180154666286,False
EEF1A1P16,DIG,-1.4372969773954989,0.6780719051126378,-2.073581221573183,-1.395509316460545,-1.581566084648965,-2.073431279593528,True
PRSS22,DCG,-0.8835519835596953,1.1699250014423124,-1.2746960650491794,-0.10477106360686705,-0.2338671295592113,-1.2745461230695225,True
PTER,DCG,-0.9076340058732297,1.4059923596758368,-1.3094390792154929,0.09655328046034395,-0.03434841835677576,-1.3092891372358382,True
ITGB2-AS1,DSG,0.02705461613299581,-0.7369655941662062,0.0390315605282276,-0.6979340336379786,-0.8352876154082588,0.039181502507882535,False
SLC17A3,DSG,-0.010820867869908627,1.1699250014423124,-0.015611212414031898,1.1543137890282804,1.0299810873159116,-0.015461270434374215,False
EIF3E,DCG,-0.7502556072866264,1.232660756790275,-1.0823900440315537,0.15027071275872128,0.00463910621476337,-1.0822401020518961,True
RUNX2,DSG,0.0777489560438223,1.0356239097307214,0.11216803331871644,1.1477919430494379,1.004828248105325,0.1123179752983709,False
IFI30,DIG,-0.8954515813072567,0.5849625007211562,-1.2918635557081597,-0.7069010549870035,-0.8357631675248898,-1.2917136137285041,True
FBXW2,NEUTRAL,0.025014682021912527,0.13750352374993502,0.03608855770242751,0.17359208145236255,0.03623849968208531,0.03623849968208531,False
ZNF226,DIG,-1.4584594402382642,0.7224660244710913,-2.1041122017694374,-1.3816461772983462,-1.5120598715598688,-2.1039622597897836,True
C3AR1,DSG,-0.14153428219731268,1.2630344058337937,-0.2041908070418421,1.0588435987919516,0.9187658671177558,-0.204040865062186,False
SEC61A2,DCG,-1.099356194898178,1.485426827170242,-1.5860357305501622,-0.10060890337992023,-0.24208045247782148,-1.585885788570506,True
SLIT3,DIG,-1.424503455766495,0.32192809488736235,-2.0551240713635135,-1.733195976476151,-1.8831913642711917,-2.0549741293838566,True
RHPN2,DSG,0.011539594268783995,1.3504972470841334,0.016648115425445375,1.3671453625095789,1.2088584431297944,0.016798057405101777,False
NDUFB4P12,NEUTRAL,-0.02635014057432458,0.13750352374993502,-0.038015217133305135,0.09948830661662988,-0.03786527515364828,-0.037865275153647786,False
BORCS6,NEUTRAL,-0.003280180996143131,0.13750352374993502,-0.004732300856353915,0.1327712228935811,-0.004582358876696406,-0.004582358876696406,False
USP42,DSG,-0.05088807926503641,1.4329594072761063,-0.07341597959603252,1.3595434276800737,1.2177226749277181,-0.07326603761637586,False
APBB2,NEUTRAL,0.0033624910049890847,0.13750352374993502,0.004851049097931499,0.1423545728478665,0.005000991077587772,0.005000991077587453,False
ABCA1,NEUTRAL,-0.002384748370460716,0.13750352374993502,-0.0034404646478317113,0.1340630591021033,-0.0032905226681739295,-0.0032905226681739295,False
GNA13,DCG,-1.0101207544531587,1.3504972470841334,-1.4572962031485903,-0.10679895606445688,-0.24092926240525173,-1.4571462611689336,True
CLSTN3,DSG,0.03398151427204968,1.4059923596758368,0.0490249621221836,1.4550173217980205,1.314408810447809,0.04917490410183957,False
CATSPER4,NEUTRAL,-0.012643947692283495,0.13750352374993502,-0.018241360632916852,0.11926216311701816,-0.018091418653259916,-0.018091418653260243,False
NUP133,DCG,-0.8103282570984219,1.1375035237499351,-1.1690565580080903,-0.031553034258155144,-0.16503910580222378,-1.1689066160284352,True
IGFBP5,NEUTRAL,-0.005458501013388319,0.13750352374993502,-0.00787495234270271,0.1296285714072323,-0.007725010363048196,-0.007725010363048035,False
CENPE,NEUTRAL,0.018849818074688694,0.13750352374993502,0.027194539058012526,0.16469806280794755,0.027344481037669274,0.027344481037668962,False
RASL10B,DIG,1.6673474139630167,0.4854268271702419,2.4054738455634816,2.8909006727337236,2.7783983611058427,2.4056237875431368,True
MRPS28,DCG,0.8395402467068351,-0.7369655941662062,1.211200550550648,0.4742349563844418,0.3368813746141638,1.2113504925303047,True
ADCY10,DCG,-0.882342290230272,1.2927817492278462,-1.272950846481824,0.019830902746022172,-0.1107618774676419,-1.2728009045021682,True
HMGN3,DIG,1.1186954104887021,0.4329594072761063,1.613936320977294,2.0468957282534004,1.8951014823209336,1.6140862629569486,True
RTCA-AS1,NEUTRAL,0.011182475774862819,0.13750352374993502,0.016132902345255558,0.15363642609519057,0.016282844324912255,0.016282844324912255,False
AGAP2,DIG,1.3961427512767894,0.5849625007211562,2.0142082236400976,2.5991707243612536,2.466767507391707,2.0143581656197527,True
CCDC13-AS1,NEUTRAL,-0.03363185984607413,0.13750352374993502,-0.0485205174158038,0.08898300633413123,-0.048370575436146875,-0.048370575436146875,False
ZNF669,DCG,-0.9579747227861397,1.3504972470841334,-1.3820653818605433,-0.03156813477640985,-0.15972711479337795,-1.3819154398808882,True
NAALADL2-AS2,DCG,-1.049548897567803,1.4594316186372973,-1.514178989691548,-0.05474737105425076,-0.17411899765962185,-1.514029047711887,True
SLC39A13,DIG,1.4681710222518671,0.5849625007211562,2.118123052979649,2.703085553700805,2.556896392225679,2.118272994959305,True
PRELID2P1,DSG,0.093952327306597,1.5360529002402097,0.13554455668520424,1.671597456925414,1.5252494403965202,0.13569449866486102,False
XPC-AS1,DIG,-1.7199684303542833,0.53605290024021,-2.481389924957699,-1.9453370247174888,-2.101882914981582,-2.481239982978044,True
TLR6,NEUTRAL,0.050183832148066335,0.13750352374993502,0.07239996577281944,0.20990348952275445,0.07254990775247615,0.07254990775247645,False
CAVIN4,NEUTRAL,0.053930919423736456,0.13750352374993502,0.07780587000320686,0.2153093937531419,0.07795581198286376,0.07795581198286407,False
LRRN3,DIG,1.6239586266364043,0.5849625007211562,2.3428770572571924,2.9278395579783485,2.771777108557954,2.343026999236849,True
LSMEM2,NEUTRAL,0.010801105469979977,0.13750352374993502,0.01558270129765877,0.15308622504759378,0.015732643277316164,0.015732643277316164,False
EDC4,NEUTRAL,0.06431039669662235,0.13750352374993502,0.09278029039181904,0.23028381414175406,0.09293023237147655,0.09293023237147684,False
IKZF1,DSG,0.012414548568855557,1.3219280948873624,0.01791040765516309,1.3398385025425255,1.2057493671382675,0.018060349634819558,False
EXOSC8,NEUTRAL,-0.020147918092448598,0.13750352374993502,-0.029067301516212615,0.1084362222337224,-0.028917359536555002,-0.02891735953655517,False
SLC52A3,DSG,-0.05702682021353083,1.4059923596758368,-0.08227231071972743,1.3237200489561094,1.196562698974148,-0.08212236874007173,False
TM4SF1-AS1,DSG,-0.007536401434502245,1.232660756790275,-0.010872728975704859,1.22178802781457,1.0817280947411614,-0.010722786996048086,False
SAP30L-AS1,DIG,-1.4194236238351614,0.4329594072761063,-2.0477954230276287,-1.6148360157515225,-1.7629498705676345,-2.047645481047972,True
NAP1L5,NEUTRAL,0.005128325963251157,0.13750352374993502,0.007398610435244562,0.14490213418517958,0.0075485524149026,0.0075485524149026,False
CHRM5,NEUTRAL,-0.007544549064545699,0.13750352374993502,-0.010884483521163548,0.12661904022877146,-0.010734541541507287,-0.01073454154150761,False
ING4,DSG,-0.01293208714632397,1.4329594072761063,-0.0186570579943455,1.4143023492817608,1.2748131067197366,-0.018507116014688296,False
NFAT5,NEUTRAL,0.034205536623354724,0.13750352374993502,0.04934815805745968,0.1868516818073947,0.04949810003711763,0.04949810003711763,False
MAPK6P3,NEUTRAL,-0.03373814228146398,0.13750352374993502,-0.04867385055827435,0.08882967319166067,-0.048523908578616645,-0.04852390857861648,False
PSCA,DCG,-0.8767653829716481,1.3219280948873624,-1.2649050700363096,0.05702302485105282,-0.09562956078229307,-1.264755128056653,True
PDPN,NEUTRAL,0.035899379700371464,0.13750352374993502,0.051791857064715834,0.18929538081465086,0.05194179904437215,0.05194179904437215,False
ARPC3P3,NEUTRAL,-0.01779818272381491,0.13750352374993502,-0.025677349952483393,0.11182617379745163,-0.025527407972827477,-0.025527407972827477,False
DMRTC2,DSG,-0.03185336782025893,1.3219280948873624,-0.04595469578989965,1.2759733990974627,1.1676958044472445,-0.045804753810241856,False
PTP4A1,DIG,1.5909574080764437,0.4854268271702419,2.2952663628974443,2.7806931900676863,2.615942946735501,2.2954163048770986,True
PEF1-AS1,NEUTRAL,0.013353648800726448,0.13750352374993502,0.0192652429025809,0.15676876665251593,0.019415184882238885,0.019415184882238885,False
AFAP1-AS1,NEUTRAL,-0.06167681370425187,0.13750352374993502,-0.08898083326895663,0.04852269048097839,-0.08883089128930109,-0.08883089128930143,False
SBF1P2,NEUTRAL,0.017101025913733223,0.13750352374993502,0.02467156527985658,0.1621750890297916,0.02482150725951395,0.02482150725951395,False
IRX6,NEUTRAL,0.00999668058625057,0.13750352374993502,0.014422161507134674,0.1519256852570697,0.014572103486790208,0.014572103486790208,False
H1-9P,DSG,0.09556533556543978,1.4059923596758368,0.13787163570114966,1.5438639953769864,1.4105599495572927,0.13802157768080694,False
RPL26P29,DIG,1.6658282208561894,0.632268215499513,2.4032821132021094,3.035550328701622,2.9006554032387477,2.4034320551817614,True
NAGLU,NEUTRAL,0.02131147044541019,0.13750352374993502,0.03074595272564499,0.16824947647558,0.0308958947053009,0.0308958947053009,False
ME1,DIG,0.8016761965539925,0.5849625007211562,1.1565742731671709,1.7415367738883272,1.6087634950792253,1.1567242151468269,True
WNT3,DIG,1.0981202243852572,0.37851162325372983,1.5842526020204866,1.9627642252742163,1.7979337322016609,1.5844025440001415,True
NFATC3,NEUTRAL,0.011139508986702533,0.13750352374993502,0.016070914373053788,0.15357443812298882,0.01622085635270921,0.01622085635270921,False
TAS2R5,DSG,-0.014521243699453717,-3.321928094887362,-0.020949726272741984,-3.342877821160104,-3.4802314029303805,-0.02079978429308532,False
ISM2,NEUTRAL,-0.05387266138878463,0.13750352374993502,-0.07772182142508993,0.05978170232484509,-0.07757187944543344,-0.07757187944543344,False
ZNF865,DSG,0.07082254944313766,-3.321928094887362,0.10217534086472813,-3.2197527540226343,-3.357106335792912,0.10232528284438519,False
HID1,DCG,-1.1493282382961476,1.5109619192773793,-1.658130149743501,-0.1471682304661217,-0.28882554225682566,-1.6579802077638457,True
FOXN3,NEUTRAL,0.02670001918127331,0.13750352374993502,0.03851998526446321,0.17602350901439823,0.038669927244120314,0.038669927244120314,False
COG3,NEUTRAL,0.0515583376876811,0.13750352374993502,0.07438295809849607,0.2118864818484311,0.07453290007815186,0.07453290007815155,False
TES,DIG,-1.1869014230261759,0.6780719051126378,-1.7123367970239176,-1.0342648919112798,-1.1936606975358748,-1.7121868550442634,True
LINC01569,DCG,-0.8596887074515448,1.1043366598147357,-1.2402686349485865,-0.1359319751338508,-0.2635927720822691,-1.2401186929689303,True
EMG1,DSG,-0.059020193246717076,1.485426827170242,-0.08514814010934701,1.400278687060895,1.251816447834591,-0.08499819812969052,False
CPB2-AS1,NEUTRAL,0.03448048223149953,0.13750352374993502,0.04974482072284439,0.1872483444727794,0.049894762702501046,0.04989476270250074,False
NAP1L4,NEUTRAL,0.0029604094987065958,0.13750352374993502,0.004270968102784588,0.14177449185271962,0.004420910082441677,0.004420910082441677,False
RAB35,DIG,-1.5857349197185642,0.5849625007211562,-2.287731904842431,-1.702769404121275,-1.8323385477693017,-2.2875819628627765,True
TSPAN32,NEUTRAL,0.03521782820044364,0.13750352374993502,0.050808586095659525,0.18831210984559454,0.05095852807531765,0.05095852807531796,False
ARFGEF3,DIG,1.3444091068435966,0.4329594072761063,1.9395723513692174,2.372531758645324,2.224964122634537,1.939722293348872,True
ANKS6,NEUTRAL,0.00020236790979094143,0.13750352374993502,0.0002919551798904563,0.13779547892982547,0.000441897159547595,0.000441897159547595,False
CCDC137,DCG,-0.8896682065983755,1.3504972470841334,-1.2835199096960541,0.06697733738807932,-0.07859949852549833,-1.283369967716399,True
RPS12P21,NEUTRAL,0.008228911147752246,0.13750352374993502,0.011871809304778073,0.1493753330547131,0.012021751284433793,0.01202175128443411,False
SCG5,NEUTRAL,0.004791172341689272,0.13750352374993502,0.006912200577399475,0.1444157243273345,0.0070621425570549816,0.0070621425570549816,False
AKAP8,DIG,0.7024199695530945,0.5849625007211562,1.013377806695626,1.5983403074167821,1.4694781948788949,1.0135277486752807,True
POU5F1B,DCG,-0.9498366340094461,1.3785116232537298,-1.3703246015400932,0.00818702171363661,-0.14635732747808758,-1.3701746595604385,True
AFG3L2,NEUTRAL,0.004214872806898263,0.13750352374993502,0.0060807760964898695,0.1435842998464249,0.006230718076146245,0.006230718076146564,False
SRP54-AS1,DIG,-0.6518323225734323,0.26303440583379406,-0.9403952592678259,-0.6773608534340319,-0.8045057980775627,-0.9402453172881688,True
PTPRN,NEUTRAL,-0.031390586575661066,0.13750352374993502,-0.045287043583301885,0.09221648016663314,-0.045137101603644925,-0.04513710160364525,False
ARHGDIB,DIG,1.5204456427229038,0.6780719051126378,2.193539388697566,2.871611293810204,2.685554525621783,2.19368933067722,True
ELFN1,DSG,-0.044189722330393706,1.0356239097307214,-0.06375229326431929,0.9718716164664021,0.838411570718181,-0.0636023512846641,False
DPYSL2,NEUTRAL,-0.022746649256373104,0.13750352374993502,-0.03281647807901011,0.1046870456709249,-0.032666536099352744,-0.032666536099352744,False
LOX,NEUTRAL,0.02397398595234575,0.13750352374993502,0.034587150643790886,0.1720906743937259,0.034737092623446916,0.034737092623446916,False
P3H3,DSG,-0.03027773651812394,1.3504972470841334,-0.04368154032404008,1.3068157067600934,1.1728369356195656,-0.043531598344385025,False
OPCML,NEUTRAL,0.06124564613175296,0.13750352374993502,0.08835878995032032,0.22586231370025533,0.08850873192997581,0.0885087319299755,False
ZNF264,DSG,0.044614792575982505,-0.7369655941662062,0.0643655399996597,-0.6726000541665466,-0.8099536359368253,0.06451548197931596,False
ZC3HAV1L,DSG,0.10045338737633079,1.232660756790275,0.14492360380833044,1.3775843605986053,1.2343255096989445,0.1450735457879853,False
IFNA20P,DIG,-1.5330284240967988,0.4329594072761063,-2.2116925049862743,-1.778733097710168,-1.9310751653355152,-2.2115425630066086,True
CAMKV,NEUTRAL,-0.009418624560992956,0.13750352374993502,-0.013588202946139528,0.1239153208037955,-0.013438260966483217,-0.013438260966483056,False
HMGN4,DSG,-0.011197862408147772,-0.7369655941662062,-0.016155100564791736,-0.753120694730998,-0.8904742765012772,-0.016005158585135893,False
RPS26P47,DIG,0.9271544340857615,0.26303440583379406,1.3376011041937415,1.6006355100275356,1.4169213955210438,1.3377510461733966,True
CKS1BP4,DIG,-0.7019780138611155,0.4329594072761063,-1.0127401994105154,-0.5797807921344091,-0.6700873281607292,-1.0125902574308543,True
TSACC,DCG,-1.0096102999173322,1.4594316186372973,-1.4565597729211541,0.0028718457161431843,-0.137158744278612,-1.4564098309414975,True
SLC25A23,NEUTRAL,-0.009256636124860362,0.13750352374993502,-0.013354503032649677,0.12414902071728534,-0.013204561052992336,-0.013204561052992173,False
CYP2B6,DIG,0.948843240800612,0.5849625007211562,1.3688914380840556,1.9538539388052119,1.8187276450101262,1.3690413800637105,True
LARP4B,DCG,-0.8774863719707143,1.2927817492278462,-1.265945237289798,0.026836511938048258,-0.0957779762568214,-1.2657952953101426,True
LINC01894,DIG,1.3096735591403406,0.4854268271702419,1.889459548955168,2.37488637612541,2.2371921470649196,1.8896094909348227,True
ULK3,NEUTRAL,0.0022108631895181637,0.13750352374993502,0.0031896013596018112,0.14069312510953683,0.003339543339257772,0.0033395433392584112,False
TRAT1,DIG,0.6008943425988105,0.5849625007211562,0.8669072881655376,1.4518697888866938,1.2889269853538179,0.8670572301451923,True
MYOZ3,DIG,0.8414910537428272,0.4329594072761063,1.214014970187205,1.6469743774633112,1.4988605226471976,1.2141649121668594,True
FNIP1,NEUTRAL,-0.009870863505668305,0.13750352374993502,-0.014240645828919513,0.1232628779210155,-0.014090703849262204,-0.014090703849262365,False
ARPP19P2,NEUTRAL,0.005171669416776291,0.13750352374993502,0.007461141820700273,0.14496466557063528,0.007611083800357021,0.007611083800356384,False
MDC1-AS1,DSG,0.06879295480643972,1.4059923596758368,0.09924725474734918,1.5052396144231859,1.3587047431489312,0.09939719672700599,False
RPS21,DCG,-0.9947869140411755,1.3219280948873624,-1.4351741476284394,-0.11324605274107702,-0.24814200193264666,-1.4350242056487819,True
MTCYBP18,NEUTRAL,-0.019837095938913023,0.13750352374993502,-0.028618879936708416,0.1088846438132266,-0.02846893795705136,-0.02846893795705136,False
SNORD14A,DIG,1.3024402734987204,0.26303440583379406,1.879024123630669,2.142058529464463,1.9809567254976335,1.8791740656103264,True
SNRPB,DSG,-0.048390122618929395,1.485426827170242,-0.0698121899303383,1.4156146372399037,1.2553834386332947,-0.06966224795068275,False
HEATR3,NEUTRAL,-0.009513067910867498,0.13750352374993502,-0.013724455898648472,0.12377906785128655,-0.01357451391899268,-0.013574513918993005,False
RN7SKP287,DIG,-0.6809578215439644,0.4329594072761063,-0.9824144721960293,-0.549455064919923,-0.6653821869576095,-0.9822645302163708,True
ADPGK-AS1,NEUTRAL,-0.02524978298089571,0.13750352374993502,-0.03642773669006079,0.10107578705987423,-0.03627779471040244,-0.03627779471040293,False
BACE1,NEUTRAL,0.061472498380473715,0.13750352374993502,0.08868606856456426,0.22618959231449928,0.08883601054422018,0.08883601054421987,False
ARHGAP30,DCG,-0.721371843494146,1.4059923596758368,-1.0407195812459338,0.365272778429903,0.2246642670796927,-1.040569639266276,True
RNF216P1,DSG,0.010989423648519053,-0.7369655941662062,0.015854386999946336,-0.7211112071662599,-0.8584647889365382,0.016004328979603296,False
LINS1,DIG,-1.1823588947769372,0.26303440583379406,-1.705783314045643,-1.442748908211849,-1.5852360439130553,-1.7056333720659873,True
RPS20,DCG,-0.8222097986197695,1.232660756790275,-1.1861979990390548,0.04646275775122022,-0.08474549231897624,-1.1860480570594003,True
CTSS,DCG,-0.8537524268032954,1.2927817492278462,-1.231704392296032,0.06107735693181415,-0.06692201681086976,-1.2315544503163751,True
AGRP,NEUTRAL,0.06238255942173096,0.13750352374993502,0.08999900911569234,0.22750253286562735,0.09014895109534872,0.09014895109534843,False
ATP1B1,DCG,-0.9822636501984253,1.4059923596758368,-1.4171068969867597,-0.011114537310922934,-0.14201623612804015,-1.4169569550071026,True
NPM1P40,DCG,-1.1639263566143325,1.4594316186372973,-1.6791907826474568,-0.2197591640101595,-0.3612408430154907,-1.6790408406677821,True
CLPP,DIG,-1.350245858911464,0.4854268271702419,-1.9479930046324283,-1.4625661774621865,-1.6298942121594726,-1.947843062652772,True
SYT13,DIG,-0.6025797844741101,0.4329594072761063,-0.869338866800739,-0.4363794595246327,-0.5865887691833844,-0.8691889248210819,True
HDAC11-AS1,DIG,-1.1434529594939415,0.5849625007211562,-1.6496539141517181,-1.064691413430562,-1.2264234117485535,-1.6495039721720526,True
NPEPL1,DCG,-0.8788841417009802,1.0,-1.2679617927479572,-0.2679617927479572,-0.43038272300137304,-1.267811850768303,True
EIF3H,DCG,0.9243213096899903,-0.7369655941662062,1.3335137696777408,0.5965481755115346,0.45919459374125493,1.3336637116573962,True
ARL14EP,DIG,0.9338616560750177,0.4329594072761063,1.3472775800957828,1.780236987371889,1.6061811186086976,1.3474275220754377,True
NUCB2,DIG,-1.4195156764123888,0.26303440583379406,-2.047928226824296,-1.7848938209905019,-1.915164868401822,-2.0477782848446386,True
CASZ1,NEUTRAL,0.002072466998152447,0.13750352374993502,0.0029899378606405716,0.1404934616105756,0.0031398798402964903,0.0031398798402964903,False
RNF133,DIG,0.6912595559513491,0.5849625007211562,0.9972767333381184,1.5822392340592746,1.4197931149860825,0.9974266753177744,True
MNDA,DCG,-0.8408513585301545,1.3785116232537298,-1.2130920850762017,0.16541953817752808,0.03168880758540887,-1.2129421430965444,True
CNPY2,DIG,-1.2141275864703365,0.5849625007211562,-1.7516158480072406,-1.1666533472860845,-1.2957439659073973,-1.751465906027585,True
ATXN2,DIG,-0.6371722165156033,0.4329594072761063,-0.9192451969592897,-0.4862857896831834,-0.6679446879742237,-0.919095254979634,True
ZNF45,DIG,1.2974489249871632,0.632268215499513,1.871823129885697,2.50409134538521,2.3823007201490727,1.8719730718653522,True
NTN4,DIG,1.5531641300586752,0.5849625007211562,2.2407421881222715,2.8257046888434276,2.6665958653901303,2.240892130101927,True
TARS2,DCG,-0.8603342533896206,1.0,-1.2411999608721145,-0.24119996087211448,-0.3749992324507212,-1.2410500188924583,True
PRRG4,DIG,-1.25812508824456,0.37851162325372983,-1.8150908256284164,-1.4365792023746866,-1.5862706110932614,-1.8149408836487595,True
ZNF525,DSG,-0.024100035454725572,1.1699250014423124,-0.034769001635780776,1.1351559998065317,1.0110978102141017,-0.03461905965612522,False
MAB21L4,NEUTRAL,0.025856486565502306,0.13750352374993502,0.037303024942862285,0.1748065486927973,0.0374529669225183,0.037452966922518614,False
SPTB,NEUTRAL,-0.06208456859183826,0.13750352374993502,-0.08956909922317575,0.047934424526759264,-0.08941915724352023,-0.08941915724352006,False
TAF4B,DIG,1.2996211254638574,0.37851162325372983,1.8749569527412406,2.2534685759949706,2.1206528344742477,1.8751068947208969,True
TTC32,DIG,1.4345495659651182,0.4329594072761063,2.069617544727291,2.5025769520033974,2.3759039820718044,2.0697674867069473,True
HINT1,NEUTRAL,-0.013492892307746772,0.13750352374993502,-0.01946612881963511,0.11803739493029991,-0.019316186839979165,-0.019316186839979006,False
STMN1P1,DSG,-0.004984286940093895,1.2630344058337937,-0.007190806050841089,1.2558435997829527,1.1202617732722342,-0.00704086407118439,False
RFESD,NEUTRAL,-0.033559290567732124,0.13750352374993502,-0.0484158220778189,0.08908770167211612,-0.048265880098162246,-0.04826588009816191,False
PKHD1L1,DCG,-0.8831651992919717,1.1375035237499351,-1.2741380533042406,-0.13663452955430544,-0.27770669783160223,-1.273988111324584,True
NMBR,DIG,-0.7519781359209949,0.53605290024021,-1.0848751275501463,-0.5488222273099362,-0.6893496615774346,-1.0847251855704836,True
PGC,DSG,0.10662661729932693,-0.7369655941662062,0.15382969200450433,-0.5831359021617019,-0.7204894839319814,0.15397963398415973,False
GJA1,DIG,-1.0612876435902878,0.4854268271702419,-1.531114420364442,-1.0456875931942,-1.1846577063112025,-1.5309644783847878,True
PCDHGA1,DIG,-0.7312004518650166,0.37851162325372983,-1.0548992658014287,-0.6763876425476989,-0.8412181356202517,-1.0547493238217718,True
CHRNA1,NEUTRAL,-0.0010924019800847475,0.13750352374993502,-0.0015760029193255495,0.13592752083060947,-0.0014260609396685834,-0.0014260609396690644,False
ZNF587,DSG,0.061845570769649874,-0.7369655941662062,0.08922429825032131,-0.6477412959158849,-0.7850948776861636,0.0893742402299779,False
LOXL3,DIG,1.6546244490778812,0.4329594072761063,2.3871184872182925,2.820077894494399,2.6934049245628042,2.3872684291979476,True
SETBP1,NEUTRAL,-0.02012907679466499,0.13750352374993502,-0.029040119269336293,0.10846340448059873,-0.02889017728968021,-0.028890177289680373,False
UBE3C,DIG,1.7244486769536405,0.53605290024021,2.4878535545085514,3.0239064547487615,2.866624464097245,2.4880034964882065,True
ENTPD3-AS1,NEUTRAL,0.0014370292329439192,0.13750352374993502,0.002073194947980663,0.13957671869791569,0.0022231369276375377,0.0022231369276378577,False
CPEB1-AS1,NEUTRAL,-0.03128144496070863,0.13750352374993502,-0.0451295855166554,0.09237393823327962,-0.044979643536999216,-0.04497964353699955,False
PRKRIP1,DSG,-0.12227449707283874,1.3785116232537298,-0.17640481055417653,1.2021068126995533,1.0647532309292744,-0.17625486857452072,False
ZFP69B,NEUTRAL,0.02786413671423524,0.13750352374993502,0.04019945185627928,0.1777029756062143,0.0403493938359362,0.040349393835937136,False
ADAMTSL3,NEUTRAL,-0.05643106559074709,0.13750352374993502,-0.08141281847985066,0.05609070527008436,-0.0812628765001937,-0.08126287650019337,False
SNORA66,NEUTRAL,0.016768980658993193,0.13750352374993502,0.02419252523749242,0.16169604898742745,0.024342467217148906,0.024342467217148906,False
PLD5,DCG,-0.7237039826010986,1.1375035237499351,-1.0440841467701976,0.09341937697973757,-0.03629109038024288,-1.0439342047905429,True
ZIC2,DIG,1.2803899249194028,0.26303440583379406,1.8472121950854148,2.1102466009192087,1.9491447969523779,1.847362137065071,True
RPS26P15,DIG,0.6400149612045288,0.4854268271702419,0.9233464106245161,1.408773237794758,1.2381319046538202,0.9234963526041711,True
HNRNPA1P52,DSG,0.06337273936224654,1.2927817492278462,0.09142753680546188,1.384209286033308,1.229644736710778,0.09157747878511853,False
MINK1,NEUTRAL,0.045414108563499006,0.13750352374993502,0.06551870921095303,0.20302223296088806,0.06566865119060943,0.06566865119060943,False
LGMN,NEUTRAL,0.019988887282416126,0.13750352374993502,0.02883786855523021,0.16634139230516523,0.028987810534886967,0.028987810534886967,False
MIR4653,DSG,-3.8115027766014975e-05,1.1043366598147357,-5.498836154137495e-05,1.1042816714531944,0.9839632661859594,9.49536181161564e-05,False
CDK4,DIG,1.0599108653344793,0.5849625007211562,1.5291281492023834,2.1140906499235395,1.9821737156390775,1.529278091182039,True
FAM114A1,NEUTRAL,-0.02909686458388657,0.13750352374993502,-0.04197790224059087,0.09552562150934416,-0.04182796026093371,-0.04182796026093354,False
ZNF474-AS1,NEUTRAL,0.025126498554870747,0.13750352374993502,0.036249874860015734,0.17375339860995076,0.036399816839672174,0.03639981683967186,False
P3H1,DIG,0.8151583196600414,0.37851162325372983,1.1760248653129222,1.554536488566652,1.3907682404974437,1.1761748072925773,True
TSEN15,DCG,0.8750473975341465,-0.7369655941662062,1.2624265409653066,0.5254609467991004,0.38810736502882115,1.2625764829449624,True
NALCN,DIG,-0.8647073510767536,0.13750352374993502,-1.2475090072186643,-1.1100054834687292,-1.2811932069672625,-1.247359065239009,True
MAN1B1-DT,NEUTRAL,-0.0037813004014052532,0.13750352374993502,-0.005455263337218806,0.13204826041271622,-0.005305321357561882,-0.005305321357562043,False
SLC17A7,DIG,-1.572013462539829,0.5849625007211562,-2.2679360266168995,-1.6829735258957434,-1.8118356384336298,-2.267786084637244,True
MTMR7,NEUTRAL,0.03063795282402119,0.13750352374993502,0.04420122260220539,0.1817047463521404,0.04435116458186191,0.044351164581862224,False
PCDHA6,DIG,0.6206431853934922,0.37851162325372983,0.8953988457287206,1.2739104689824505,1.140533267753906,0.895548787708376,True
TLR5,DCG,-0.952148932981914,1.1699250014423124,-1.3736605438007254,-0.20373554235841307,-0.3349722142799316,-1.3735106018210685,True
FAT3,NEUTRAL,-0.03438392553402016,0.13750352374993502,-0.04960551885422628,0.08789800489570873,-0.04945557687457054,-0.049455576874570376,False
TRIM24,DSG,0.06260956743633324,1.3785116232537298,0.0903265124526011,1.468838135706331,1.3314845539360516,0.09047645443225644,False
FAM133B,DSG,-0.03676602343117493,1.2927817492278462,-0.053042159677363504,1.2397395895504826,1.0978947547351103,-0.05289221769770752,False
C5orf22,DCG,-0.9356638290006336,1.2630344058337937,-1.3498775660383933,-0.08684316020459959,-0.2285383274437811,-1.349727624058737,True
RAPH1,NEUTRAL,0.004584006434697248,0.13750352374993502,0.006613323350740817,0.14411684710067585,0.006763265330398099,0.006763265330398418,False
PPP4R3A,NEUTRAL,-0.06346015853152778,0.13750352374993502,-0.09155365600746258,0.045949867742472436,-0.09140371402780638,-0.09140371402780638,False
STOM,NEUTRAL,-0.013679421700420542,0.13750352374993502,-0.019735233849425587,0.11776828990050943,-0.01958529186976851,-0.019585291869768023,False
MPZL1,DCG,-1.0153788039195346,1.4594316186372973,-1.4648819650384797,-0.00545034640118236,-0.14892094941576545,-1.4647320230588252,True
ZCCHC10,NEUTRAL,0.07589464245661719,0.13750352374993502,0.10949282430220258,0.2469963480521376,0.1096427662818598,0.10964276628186011,False
MARCKSL1P2,DIG,-1.1608829437273418,0.53605290024021,-1.6748000659680178,-1.1387471657278079,-1.2792745999952961,-1.6746501239883391,True
TMEM63C,NEUTRAL,-0.002564835224369771,0.13750352374993502,-0.0037002750588956005,0.1338032486910394,-0.003550333079238551,-0.003550333079237909,False
MRPS9-AS1,NEUTRAL,-0.008641864372863205,0.13750352374993502,-0.012467574874764758,0.12503594887517025,-0.012317632895109166,-0.012317632895108843,False
STX11,DIG,0.6802544707480439,0.4329594072761063,0.9813997514907493,1.4143591587668556,1.2355800258357532,0.9815496934704062,True
CYP51A1,DSG,0.016778282705465036,1.2630344058337937,0.024205945253807468,1.2872403510876012,1.1368429572136882,0.024355887233463547,False
SCAP,NEUTRAL,-0.03247423978094783,0.13750352374993502,-0.04685042468861253,0.09065309906132249,-0.04670048270895536,-0.04670048270895487,False
HSDL1,NEUTRAL,0.00927249922921559,0.13750352374993502,0.013377388654636066,0.15088091240457108,0.013527330634292617,0.013527330634292935,False
PSTK,NEUTRAL,-0.026649722378941955,0.13750352374993502,-0.03844742231716719,0.09905610143276783,-0.038297480337509654,-0.03829748033751015,False
INPP5F,NEUTRAL,-0.01160630877464468,0.13750352374993502,-0.01674436411220594,0.12075915963772908,-0.01659442213255019,-0.016594422132550354,False
TRIM25,DSG,-0.06087552498453819,1.1375035237499351,-0.08782481800670544,1.0496787057432297,0.9111376091767122,-0.08767487602705014,False
LAIR1,DSG,0.06589155878134823,-3.321928094887362,0.09506142509029471,-3.2268666697970674,-3.3642202515673447,0.09521136706995247,False
SNORD93,DSG,-0.10030798524154537,1.070389327891398,-0.14471383286954084,0.9256754950218572,0.7514800283480515,-0.14456389088988233,False
PSMD6-AS2,NEUTRAL,-0.017384326495774108,0.13750352374993502,-0.025080281624647916,0.1124232421252871,-0.024930339644991122,-0.02493033964499145,False
TSEN34,DSG,-0.14089625582028,1.070389327891398,-0.20327032955174074,0.8671189983396573,0.717450328644025,-0.20312038757208506,False
PSMA8,DIG,-0.7033373137621789,0.37851162325372983,-1.0147012546368603,-0.6361896313831306,-0.769005372903852,-1.0145513126572019,True
ZDHHC5,DIG,1.1102235731842605,0.37851162325372983,1.6017140433109578,1.9802256665646876,1.8305342578461121,1.601863985290614,True
ANKFN1,DSG,0.1831267552405196,1.1375035237499351,0.26419606163958465,1.4016995853895198,1.24932764851458,0.26434600361924177,True
CTDSP2,DIG,1.1482685864346933,0.4854268271702419,1.6566013952579122,2.142028222428154,1.9767449598697955,1.656751337237567,True
INSRR,DCG,-0.7741562218327704,1.1375035237499351,-1.1168713421114742,0.020632181638460922,-0.11257135273487441,-1.116721400131818,True
ZAP70,DIG,-1.195188392017484,0.5849625007211562,-1.7242923660916785,-1.1393298653705224,-1.2905712927216755,-1.7241424241120213,True
GCKR,DIG,-1.0965346237858402,0.5849625007211562,-1.581965063898877,-0.9970025631777207,-1.134781262479673,-1.5818151219192205,True
FOXI1,DIG,-1.3434761803035473,0.5849625007211562,-1.9382264228763746,-1.3532639221552185,-1.5208485833270895,-1.9380764808967186,True
RANBP17,DIG,-1.2207106915828496,0.32192809488736235,-1.761113261106714,-1.4391851662193516,-1.589180554014394,-1.7609633191270588,True
ST13P12,NEUTRAL,-0.008161441712481076,0.13750352374993502,-0.011774471485100779,0.12572905226483425,-0.01162452950544415,-0.011624529505443825,False
DENND1B,DCG,-0.7787740489727959,1.232660756790275,-1.1235334584260714,0.10912729836420354,-0.009886114882509754,-1.1233835164464154,True
MALT1,NEUTRAL,0.019727555886638888,0.13750352374993502,0.028460847046513804,0.16596437079644882,0.028610789026171222,0.028610789026171535,False
PPM1K-DT,NEUTRAL,-0.005818987386232117,0.13750352374993502,-0.008395024245112506,0.1291084995048225,-0.008245082265455887,-0.008245082265456049,False
GAPDHP2,DSG,-0.08170595528560771,1.3504972470841334,-0.11787677650164163,1.232620470582492,1.104461490565526,-0.11772683452198353,False
ELOC,DCG,-0.983313473656152,1.4329594072761063,-1.4186214720830308,0.014337935193075468,-0.1196332263475394,-1.4184715301033743,True
NBAS,DIG,0.7137520288180682,0.5849625007211562,1.0297265124002635,1.6146890131214198,1.480678086315036,1.0298764543799184,True
CCDC68,NEUTRAL,-0.032194939742496556,0.13750352374993502,-0.046447479908218785,0.09105604384171623,-0.046297537928561075,-0.046297537928561075,False
ARL1,NEUTRAL,-0.0709969599650684,0.13750352374993502,-0.10242696205979646,0.035076561690138564,-0.10227702008014004,-0.10227702008013935,False
A2M,DSG,-0.044107762183816256,-0.7369655941662062,-0.06363404976730147,-0.8005996439335077,-0.9379532257037873,-0.06348410778764649,False
ARRDC1-AS1,NEUTRAL,0.03046892158244966,0.13750352374993502,0.043957362068234834,0.18146088581816985,0.04410730404789291,0.04410730404789229,False
FKBP11,DIG,1.0591336345631033,0.4329594072761063,1.5280068422228927,1.960966249498999,1.8402191053972605,1.5281567842025487,True
ANGPTL7,NEUTRAL,-0.022860906430988724,0.13750352374993502,-0.032981316338214044,0.10452220741172097,-0.03283137435855713,-0.0328313743585573,False
SFXN1,DIG,-0.702330815081944,0.4854268271702419,-1.0132491839822242,-0.5278223568119823,-0.6931056193703385,-1.0130992420025668,True
CCNY,DSG,0.04576349190975202,1.3504972470841334,0.06602276283196144,1.4165200099160948,1.270943174002517,0.06617270481161643,False
GALNTL6,NEUTRAL,0.03406005086229777,0.13750352374993502,0.049138266471462855,0.18664179022139787,0.049288208451119066,0.04928820845111938,False
ZNF83,DSG,-0.01913595201061678,1.2016338611696507,-0.027607343068406016,1.1740265181012446,1.0396551919917503,-0.02745740108874944,False
RPRD1A,NEUTRAL,0.004155310341925428,0.13750352374993502,0.005994845623650437,0.14349836937358545,0.0061447876033075555,0.006144787603307236,False
ZC3HC1,DIG,1.1947336899394572,0.5849625007211562,1.7236363696586272,2.3085988703797833,2.163516788313418,1.723786311638284,True
TECRP1,NEUTRAL,0.00940561859269161,0.13750352374993502,0.013569439300169218,0.15107296305010423,0.013719381279825187,0.013719381279824869,False
RHOQ,DIG,1.3488551757464717,0.4854268271702419,1.945986672926846,2.431413500097088,2.2944034151205526,1.946136614906502,True
VAMP5,DIG,-0.7512608380404546,0.53605290024021,-1.0838402854550506,-0.5477873852148406,-0.680077486077742,-1.0836903434753957,True
BACH1-AS1,DIG,-1.2423902516819247,0.5849625007211562,-1.7923902549503041,-1.207427754229148,-1.348523109912323,-1.7922403129706428,True
PPP4R4,NEUTRAL,-0.05419656023125502,0.13750352374993502,-0.07818910867887163,0.05931441507106339,-0.07803916669921418,-0.07803916669921401,False
HSPD1,DIG,-1.2890340789824881,0.26303440583379406,-1.8596830732849081,-1.596648667451114,-1.773746553079055,-1.85953313130525,True
GTF3A,NEUTRAL,-0.025818974121305422,0.13750352374993502,-0.037248905925647814,0.10025461782428721,-0.0370989639459914,-0.0370989639459909,False
PIK3CD-AS2,NEUTRAL,-0.04709013791742273,0.13750352374993502,-0.06793670844824312,0.0695668153016919,-0.06778676646858561,-0.06778676646858561,False
BRD8,DIG,-1.608169895952322,0.37851162325372983,-2.3200987337973356,-1.9415871105436058,-2.1100320812851585,-2.3199487918176795,True
PTPN21,NEUTRAL,-0.03285457384171833,0.13750352374993502,-0.0473991307519673,0.09010439299796771,-0.0472491887723095,-0.04724918877230933,False
SGSM1,NEUTRAL,0.035141930994372766,0.13750352374993502,0.05069908957284375,0.18820261332277877,0.05084903155250027,0.05084903155250027,False
DHDDS-AS1,NEUTRAL,-0.026552372321115805,0.13750352374993502,-0.03830697587151115,0.09919654787842387,-0.038157033891854264,-0.038157033891854104,False
RPL29P33,DSG,-0.01523539692019565,1.3504972470841334,-0.02198003158274125,1.3285172155013922,1.192079088797153,-0.021830089603084666,False
HYI-AS1,DIG,1.2586486027047517,0.4329594072761063,1.8158460973439685,2.248805504620075,2.1219589900614664,1.8159960393236236,True
PTGES3,DIG,-0.9894267826557157,0.5849625007211562,-1.4274411126601234,-0.8424786119389672,-0.9991950110058473,-1.4272911706804687,True
GRP,NEUTRAL,-0.025897833103106328,0.13750352374993502,-0.03736267538762154,0.10014084836231349,-0.037212733407966256,-0.037212733407966096,False
C7,DSG,0.03565081240035072,1.232660756790275,0.05143325025364875,1.2840940070439237,1.1390139551413259,0.051583192233303335,False
PLEKHA4,DIG,1.0515635807473074,0.632268215499513,1.5170855631235816,2.1493537786230945,2.0045757060985605,1.5172355051032367,True
TMEM44,DCG,-0.9679674826250836,1.3785116232537298,-1.396481886924982,-0.017970263671252207,-0.1553238454415299,-1.3963319449453244,True
PDCD2L,DSG,-0.012455422222057958,-0.7369655941662062,-0.01796937587194121,-0.7549349700381475,-0.8922885518084255,-0.017819433892284357,False
FOXN1,DSG,0.08533130632006715,1.1699250014423124,0.12310705246053795,1.2930320539028504,1.1253971002866439,0.12325699444019501,False
TRIM44,DIG,1.4891499693021328,0.37851162325372983,2.1483892758521392,2.5269008991058692,2.4011592063152367,2.1485392178317952,True
SETX,NEUTRAL,-0.005874349549003363,0.13750352374993502,-0.00847489496279547,0.12902862878713955,-0.008324952983138246,-0.008324952983139051,False
EFCAB7,NEUTRAL,-0.02522554947141717,0.13750352374993502,-0.03639277512611276,0.10111074862382226,-0.03624283314645531,-0.03624283314645514,False
UCHL5,DCG,0.9296438348335946,-0.7369655941662062,1.3411925503074256,0.6042269561412194,0.4668733743709405,1.3413424922870816,True
DSEL,NEUTRAL,-0.019231916679170465,0.13750352374993502,-0.02774579081982897,0.10975773293010604,-0.02759584884017336,-0.02759584884017336,False
HS6ST1,NEUTRAL,-0.06585700212010165,0.13750352374993502,-0.0950115703664846,0.04249195338345042,-0.09486162838682659,-0.0948616283868271,False
RGS3,NEUTRAL,-0.008823248954542609,0.13750352374993502,-0.012729257511247353,0.12477426623868766,-0.012579315531589606,-0.012579315531589606,False
TOM1,NEUTRAL,-0.02946390780076581,0.13750352374993502,-0.04250743366937448,0.09499609008056054,-0.042357491689718314,-0.04235749168971815,False
PARP8,DIG,-0.6035274548960063,0.4854268271702419,-0.8707060662188059,-0.385279239048564,-0.549091433488106,-0.870556124239151,True
IQCA1L,DIG,1.4605980753145236,0.5849625007211562,2.1071975999882278,2.692160100709384,2.5595436559406206,2.1073475419678807,True
PPP1R26,NEUTRAL,-0.07782261977103035,0.13750352374993502,-0.11227430761265289,0.02522921613728213,-0.1121243656329962,-0.11212436563299603,False
ZNF680,DSG,0.03117282304897032,1.0,0.044972877223258656,1.0449728772232587,0.9032346646856505,0.04512281920291547,False
TDRD12,DSG,0.06926952972395546,1.232660756790275,0.09993480701746119,1.3325955638077362,1.195986282805304,0.10008474899711738,False
FNTB,NEUTRAL,-0.018446857722364044,0.13750352374993502,-0.026613190156038885,0.11089033359389613,-0.026463248176381036,-0.0264632481763812,False
SPATA18,DIG,-1.4430138850755474,0.53605290024021,-2.081828975932409,-1.5457760756921988,-1.6729825581013373,-2.0816790339527538,True
RBMS3,NEUTRAL,0.023070417014602062,0.13750352374993502,0.03328357621820676,0.1707870999681418,0.03343351819786167,0.03343351819786229,False
BPTF,DCG,0.7864451689606092,-0.7369655941662062,1.1346005451905539,0.39763495102434765,0.26028136925406903,1.1347504871702103,True
ELP6,NEUTRAL,-0.06350651584966906,0.13750352374993502,-0.09162053548045392,0.045882988269481104,-0.09147059350079732,-0.09147059350079749,False
CCL27,DIG,-1.107100816955019,0.4329594072761063,-1.5972088583851258,-1.1642494511090196,-1.3118982122568807,-1.5970589164054678,True
KRT18P52,DIG,1.4687210826921961,0.53605290024021,2.1189166224491007,2.654969522689311,2.5124262203022716,2.1190665644287527,True
LINC01874,DIG,0.8758825286353632,0.5849625007211562,1.263631380463524,1.84859388118468,1.7134675873895922,1.263781322443177,True
PDE7A,DCG,-0.871655125527876,1.1375035237499351,-1.2575325269645137,-0.12002900321457854,-0.256082008001803,-1.2573825849848586,True
ARHGEF4,NEUTRAL,-0.0018848267028783847,0.13750352374993502,-0.0027192301371777414,0.1347842936127573,-0.0025692881575217867,-0.0025692881575216263,False
LSM12,NEUTRAL,-0.021422824204223586,0.13750352374993502,-0.030906602241269423,0.10659692150866559,-0.030756660261613503,-0.03075666026161416,False
TUBAP11,NEUTRAL,-0.0036359301840551356,0.13750352374993502,-0.0052455384455548405,0.13225798530438018,-0.005095596465898068,-0.005095596465897908,False
KIZ,DSG,0.11860836068277905,1.485426827170242,0.17111569376501484,1.656542520935257,1.5337254533633156,0.17126563574467188,False
ABCC9,DSG,-0.10434126903271733,1.1043366598147357,-0.15053263139356246,0.9538040284211733,0.8217793833236213,-0.1503826894139066,False
LPAL2,NEUTRAL,-0.03062073932832114,0.13750352374993502,-0.04417638877732256,0.09332713497261247,-0.04402644679766685,-0.04402644679766718,False
RPS27AP5,DCG,-0.742505946600723,1.1699250014423124,-1.0712096469914285,0.09871535445088386,-0.030485010808986596,-1.0710597050117723,True
RPL7AP34,DIG,-1.1305018384377434,0.53605290024021,-1.6309693960299887,-1.0949164957897786,-1.2354439300572806,-1.6308194540503325,True
OCSTAMP,DCG,-0.7895822823848057,1.3219280948873624,-1.1391264431703483,0.18280165171701412,0.04799994354805682,-1.138976501190686,True
ZNF137P,DSG,0.06386437918755365,1.232660756790275,0.09213682314333597,1.324797579933611,1.1803393737306715,0.0922867651229913,False
RFTN2,DIG,-0.5829630729212639,0.4329594072761063,-0.8410379343248987,-0.4080785270487924,-0.5462147264992927,-0.8408879923452415,True
DHX57,DIG,-0.9565061424805895,0.53605290024021,-1.3799466683365789,-0.8438937680963688,-0.9761838689592703,-1.3797967263569249,True
NPY,DSG,-0.041463246306804605,1.1043366598147357,-0.05981881982598463,1.0445178399887511,0.9084680291817556,-0.05966887784632868,False
LINC01829,DIG,1.1786012218086819,0.53605290024021,1.7003621378890585,2.2364150381292687,2.107285798997072,1.7005120798687139,True
TPT1P1,DIG,1.7128705345526523,0.4329594072761063,2.4711498258839395,2.904109233160046,2.755995378343934,2.471299767863596,True
LSM14B,DCG,-0.8294028295097218,1.070389327891398,-1.19657534903295,-0.12618602114155197,-0.2617436393527974,-1.1964254070532931,True
ERAP1,NEUTRAL,-0.009906283077756737,0.13750352374993502,-0.014291745469921902,0.12321177828001312,-0.014141803490263463,-0.014141803490264272,False
SRL,DCG,-0.8258476231867208,1.3219280948873624,-1.1914462705014195,0.1304818243859429,0.012112494902716075,-1.1912963285217637,True
PALMD,NEUTRAL,0.0320585576497416,0.13750352374993502,0.04625072213933515,0.18375424588927017,0.04640066411899068,0.04640066411899037,False
ZNF385A,DIG,1.5984530232073435,0.53605290024021,2.3060802496752055,2.8421331499154157,2.7264718474897283,2.3062301916548598,True
RASAL1,NEUTRAL,-0.0062862623428252785,0.13750352374993502,-0.009069159507721067,0.12843436424221394,-0.008919217528065553,-0.008919217528064908,False
MAPRE1,DCG,-0.8379067659683792,1.2630344058337937,-1.20884393598989,0.054190469843903744,-0.09383023288927901,-1.2086939940102333,True
RELN,DSG,0.06990101522328818,1.560714954474479,0.1008458480157418,1.6615608024902206,1.5194440179658504,0.10099578999539595,False
AKAP11,NEUTRAL,-0.013543674173777037,0.13750352374993502,-0.01953939156592406,0.11796413218401096,-0.019389449586267083,-0.01938944958626692,False
DEGS1,DCG,-0.9772062041847723,1.4329594072761063,-1.409810544703299,0.02314886257280735,-0.11544358882492611,-1.4096606027236438,True
LINC02102,DCG,-0.8685993437756983,1.1375035237499351,-1.2531239657846078,-0.1156204420346727,-0.24002585842788476,-1.2529740238049483,True
SNORA26,DIG,1.508452978935099,0.37851162325372983,2.1762376321238515,2.5547492553775815,2.417664557157015,2.176387574103508,True
IST1,NEUTRAL,0.03060196204466943,0.13750352374993502,0.044149298883316875,0.1816528226332519,0.044299240862972544,0.044299240862972544,False
N4BP2L2,NEUTRAL,-0.04143737510999341,0.13750352374993502,-0.059781495578643255,0.07772202817129176,-0.059631553598985775,-0.05963155359898594,False
MMP20,NEUTRAL,-0.03221840719103469,0.13750352374993502,-0.046481336279847074,0.09102218747008795,-0.0463313943001904,-0.04633139430019089,False
COBLL1,NEUTRAL,-0.0046811932035360805,0.13750352374993502,-0.006753534220184623,0.1307499895297504,-0.00660359224052828,-0.00660359224052844,False
RSPH4A,DIG,1.0577520076465499,0.4329594072761063,1.5260135759220224,1.9589729831981286,1.8114053471873413,1.5261635179016766,True
TAGLN2P1,DCG,-1.0537838025039175,1.3504972470841334,-1.5202886660415165,-0.16979141895738303,-0.31397360247400236,-1.5201387240618596,True
TOR1AIP2,DCG,-1.0631841638122908,1.4594316186372973,-1.5338505206836712,-0.07441890204637391,-0.19514648415029404,-1.533700578704016,True
LINC02389,DSG,0.04677843556666811,-3.321928094887362,0.06748701701257599,-3.254441077874786,-3.391794659645052,0.06763695899223189,False
RAPGEF3,DIG,-1.3097971430559827,0.6780719051126378,-1.8896378428573986,-1.2115659377447607,-1.3714263964186586,-1.8894879008777432,True
FOXI2,NEUTRAL,0.01611007379183184,0.13750352374993502,0.023241923567831054,0.16074544731776608,0.023391865547488924,0.023391865547488924,False
EIF4A2,DSG,-0.06606114139118091,1.2016338611696507,-0.09530608108052134,1.1063277800891294,0.9701727955303908,-0.09515613910086504,False
BET1P1,DIG,1.2974510821700922,0.53605290024021,1.871826242042811,2.407879142283021,2.260982158007736,1.8719761840224673,True
MKNK1,NEUTRAL,-0.0004152764280197389,0.13750352374993502,-0.0005991172433021599,0.13690440650663285,-0.0004491752636460898,-0.0004491752636464102,False
AIFM2,DIG,0.969739932879299,0.8073549220576041,1.399038992116961,2.206393914174565,2.069562927816297,1.399188934096617,True
TMEM192,NEUTRAL,0.011897742768114715,0.13750352374993502,0.017164814489331628,0.15466833823926665,0.017314756468988723,0.017314756468988408,False
NBPF3,NEUTRAL,-0.060370076910888894,0.13750352374993502,-0.08709561057742472,0.050407913172510296,-0.08694566859776837,-0.08694566859776837,False
ST8SIA5,NEUTRAL,-0.03651517121250096,0.13750352374993502,-0.05268025642548657,0.08482326732444845,-0.05253031444582949,-0.05253031444582949,False
C10orf143,NEUTRAL,-0.04577037852559209,0.13750352374993502,-0.06603269811848242,0.0714708256314526,-0.06588275613882591,-0.06588275613882608,False
PITX2,NEUTRAL,0.007922046837776673,0.13750352374993502,0.0114290976865505,0.14893262143648553,0.01157903966620756,0.01157903966620788,False
CCL24,DSG,0.05138713830373777,1.3785116232537298,0.07413596959627779,1.4526475928500076,1.3152940110797282,0.07428591157593331,False
SRBD1,DIG,-0.9491574314603755,0.5849625007211562,-1.36934471939079,-0.7843822186696338,-0.9299550420048526,-1.3691947774111333,True
FAM177A1,DIG,1.087471076206172,0.37851162325372983,1.5688891287528282,1.947400752006558,1.7855260261071872,1.5690390707324855,True
CRK,NEUTRAL,-0.01467527908844653,0.13750352374993502,-0.021171952364563318,0.1163315713853717,-0.02102201038490741,-0.02102201038490741,False
HELQ,NEUTRAL,-0.01347216416622121,0.13750352374993502,-0.01943622443264934,0.11806729931728568,-0.01928628245299172,-0.019286282452991233,False
NOS1,DIG,0.852688677384678,0.4854268271702419,1.2301697262850442,1.7155965534552862,1.5508463101231027,1.2303196682647002,True
YWHAZP6,DIG,1.0330827851156883,0.4854268271702419,1.490423410914162,1.975850238084404,1.8223604230896915,1.490573352893817,True
LDHA,DIG,-1.2652212899323387,0.26303440583379406,-1.8253284806125225,-1.5622940747787284,-1.6894390194222588,-1.8251785386328654,True
ARPC3P2,DCG,0.9059185479362176,-0.7369655941662062,1.3069641965569119,0.5699986023907057,0.4326450206204282,1.307114138536569,True
RPS26P19,NEUTRAL,0.012425933764389826,0.13750352374993502,0.01792683302029993,0.15543035677023495,0.01807677499995785,0.018076774999957534,False
FAM83C-AS1,DCG,-0.807878924033221,1.232660756790275,-1.1655229173414396,0.06713783944883533,-0.0759737129083453,-1.1653729753617723,True
INPP4B,NEUTRAL,-0.00396351976928894,0.13750352374993502,-0.005718150315618523,0.1317853734343165,-0.005568208335962588,-0.0055682083359622665,False
CCT4,DIG,-0.8776732817321731,0.4854268271702419,-1.2662148910757483,-0.7807880639055064,-0.9177981488820419,-1.2660649490960931,True
NXNL2,NEUTRAL,-0.053899316018810206,0.13750352374993502,-0.07776027592764455,0.05974324782229047,-0.07761033394798823,-0.07761033394798858,False
GRIN2A,DCG,-0.9818529759760474,1.4059923596758368,-1.4165144193227142,-0.010522059646877358,-0.14133509747418174,-1.416364477343057,True
LINC01398,NEUTRAL,0.055464149660109235,0.13750352374993502,0.08001785366176288,0.2175213774116979,0.08016779564141932,0.08016779564141872,False
CKAP2,NEUTRAL,-0.036512906798949904,0.13750352374993502,-0.05267698956728595,0.08482653418264907,-0.05252704758763008,-0.05252704758763024,False
ARMH3,NEUTRAL,-0.01506440349688867,0.13750352374993502,-0.021733340218911643,0.11577018353102338,-0.021583398239253898,-0.02158339823925406,False
RN7SKP296,DCG,-0.9817059407758755,1.4594316186372973,-1.41630229236859,0.04312932626870736,-0.08886682172845992,-1.4161523503889264,True
FYN,DIG,-1.4322872640742506,0.4329594072761063,-2.0663537330083424,-1.633394325732236,-1.7809619617430226,-2.0662037910286872,True
ZNF777,DIG,1.7070214934072965,0.5849625007211562,2.462711443229579,3.047673943950735,2.9150574991819735,2.462861385209234,True
SERPINA10,NEUTRAL,-0.030557938353806217,0.13750352374993502,-0.04408578612282688,0.09341773762710814,-0.04393584414316995,-0.04393584414317028,False
SELENOT,DSG,-0.05229902538024943,1.4594316186372973,-0.07545154455941189,1.3839800740778854,1.2561509928107668,-0.07530160257975457,False
ZPLD1,DSG,-0.06944035284865267,-0.7369655941662062,-0.10018125269233102,-0.8371468468585372,-0.9745004286288145,-0.10003131071267382,False
SERPINF1,NEUTRAL,0.021613845437156904,0.13750352374993502,0.031182187626726816,0.16868571137666183,0.03133212960638332,0.03133212960638394,False
POC5,NEUTRAL,0.040836350666002594,0.13750352374993502,0.05891440059384467,0.1964179243437797,0.05906434257350234,0.05906434257350234,False
RCBTB2,NEUTRAL,0.02143590370390771,0.13750352374993502,0.030925471970601016,0.16842899572053605,0.03107541395025881,0.03107541395025881,False
SPHKAP,NEUTRAL,-0.001073906607781547,0.13750352374993502,-0.001549319737424327,0.13595420401251068,-0.0013993777577663382,-0.0013993777577664985,False
EIF3B,DSG,0.023854954004346892,1.5109619192773793,0.03441542384270558,1.545377343120085,1.4021680955671103,0.03456536582236241,False
CLIC3,NEUTRAL,-0.06797727185305413,0.13750352374993502,-0.09807047299556212,0.039433050754372895,-0.09792053101590623,-0.09792053101590606,False
DEPDC1B,NEUTRAL,-0.01849625346811148,0.13750352374993502,-0.026684453153469723,0.1108190705964653,-0.02653451117381261,-0.02653451117381261,False
AZIN1,DCG,-1.007374157303267,1.4329594072761063,-1.453333701061122,-0.020374293785015762,-0.16009475292591868,-1.453183759081467,True
HOXA2,DSG,0.011720762360457227,-0.7369655941662062,0.016909485732869663,-0.7200561084333366,-0.8574096902036148,0.01705942771252569,False
LINC01902,NEUTRAL,-0.016774384434231654,0.13750352374993502,-0.024200321237231027,0.113303202512704,-0.024050379257575034,-0.02405037925757471,False
NTN1,NEUTRAL,0.0019807655064478387,0.13750352374993502,0.0028576405733162133,0.14036116432325124,0.0030075825529714715,0.003007582552971791,False
RELT,DSG,-0.030741165657863265,1.2630344058337937,-0.04435012724574544,1.2186842785880483,1.0875886581157137,-0.04420018526608981,False
TMEM33,NEUTRAL,-0.004098952793324519,0.13750352374993502,-0.005913538867767248,0.13158998488216778,-0.00576359688810992,-0.00576359688810992,False
CCDC3,DCG,-0.9900269140326037,1.4594316186372973,-1.4283069192214415,0.031124699415855828,-0.1116941922366798,-1.4281569772417841,True
TMEM106B,DSG,-0.061595198938405836,1.1699250014423124,-0.08886308805100725,1.081061913391305,0.9300265533847061,-0.0887131460713509,False
TRDN,DIG,-1.2925732678713833,0.53605290024021,-1.8647890435436862,-1.3287361433034763,-1.4731791190057306,-1.86463910156403,True
KCNQ1,NEUTRAL,-0.014211192386134356,0.13750352374993502,-0.020502416780595032,0.11700110696933999,-0.020352474800939154,-0.02035247480093899,False
MAST4-AS1,NEUTRAL,-0.015665034748745244,0.13750352374993502,-0.022599867947368055,0.11490365580256696,-0.022449925967711285,-0.022449925967711774,False
FCN1,NEUTRAL,-0.03386160918428559,0.13750352374993502,-0.04885197564668899,0.08865154810324602,-0.04870203366703155,-0.04870203366703155,False
LINC02274,NEUTRAL,-0.029350915129103566,0.13750352374993502,-0.042344419702310565,0.09515910404762445,-0.042194477722652994,-0.042194477722652834,False
LLPH,DSG,0.1044513538059912,1.0356239097307214,0.15069145015004207,1.1863153598807634,1.03872572181336,0.1508413921296986,False
LINC01871,DIG,1.3297791638667311,0.6780719051126378,1.9184658051880052,2.596537710300643,2.464102208100459,1.9186157471676624,True
TENM3,NEUTRAL,0.02824269720912177,0.13750352374993502,0.04074559920492855,0.17824912295486356,0.040895541184584085,0.040895541184584085,False
C1QTNF7-AS1,NEUTRAL,-0.011736384185155402,0.13750352374993502,-0.016932023261891357,0.12057150048804366,-0.016782081282235,-0.016782081282234837,False
RAP2A,DIG,1.1751353648149676,0.32192809488736235,1.6953619631917967,2.017290058079159,1.837298357179006,1.6955119051714542,True
HOOK2,DIG,1.069192878973865,0.32192809488736235,1.5425192642493888,1.8644473591367512,1.7181631379171693,1.5426692062290455,True
CSGALNACT1,NEUTRAL,-0.031301045449746406,0.13750352374993502,-0.0451578630449892,0.09234566070494582,-0.045007921065332086,-0.04500792106533225,False
TNFSF12-TNFSF13,NEUTRAL,0.07170175317196065,0.13750352374993502,0.10344376372423213,0.24094728747416716,0.10359370570389032,0.10359370570389001,False
PCNX2,DCG,-1.0410429190324142,1.4329594072761063,-1.5019074566406347,-0.06894804936452847,-0.20524181330083152,-1.5017575146609778,True
SLC17A4,DSG,-0.06232887934504728,1.3504972470841334,-0.08992156513526625,1.2605756819488672,1.1327019301607208,-0.08977162315560862,False
IP6K1,NEUTRAL,0.006498269425328667,0.13750352374993502,0.009375021074282043,0.14687854482421706,0.00952496305393917,0.009524963053939487,False
ABCE1,NEUTRAL,-0.031412496990357246,0.13750352374993502,-0.04531865362992789,0.09218487012000713,-0.045168711650272024,-0.04516871165027219,False
SNORA81,DCG,-0.7961815975696436,1.485426827170242,-1.1486472424607772,0.3367795847094648,0.2162647395818919,-1.1484973004811205,True
ARPP19,NEUTRAL,0.04030130713173709,0.13750352374993502,0.05814249594030011,0.19564601969023512,0.05829243791995598,0.05829243791995598,False
SGPP1,NEUTRAL,0.0796084446182816,0.13750352374993502,0.11485070826367856,0.25235423201361357,0.11500065024333586,0.11500065024333586,False
ABCA5,DCG,-0.8531525907344022,1.1699250014423124,-1.2308390117740935,-0.06091401033178112,-0.18653099999401213,-1.2306890697944366,True
PRKAR1A,DCG,-0.8939135666699513,1.232660756790275,-1.2896446696181045,-0.05698391282782955,-0.18726768586485015,-1.2894947276384487,True
ROR1-AS1,NEUTRAL,0.033500898179175294,0.13750352374993502,0.0483315796684223,0.18583510341835732,0.04848152164807897,0.04848152164807928,False
NREP,NEUTRAL,0.06580018005332113,0.13750352374993502,0.09492959345252727,0.2324331172024623,0.09507953543218327,0.09507953543218327,False
REPIN1,DIG,-1.0329585356425635,0.5849625007211562,-1.4902441568154519,-0.9052816560942957,-1.0682244596271717,-1.4900942148357972,True
MAT1A,DIG,-1.687695038056955,0.5849625007211562,-2.4348292619376797,-1.8498667612165236,-1.9753985478367806,-2.434679319958023,True
KRT19P2,DIG,0.7368326633596785,0.53605290024021,1.0630248293940152,1.5990777296342253,1.4237357801202173,1.0631747713736717,True
RNU4ATAC,NEUTRAL,-0.0631689561913389,0.13750352374993502,-0.09113353983537681,0.04636998391455821,-0.09098359785572,-0.09098359785572,False
HNRNPA1P12,NEUTRAL,0.021358794861921816,0.13750352374993502,0.030814227426659277,0.1683177511765943,0.030964169406315432,0.03096416940631512,False
ZFHX4-AS1,DCG,-0.9111268433262452,1.070389327891398,-1.3144781784875894,-0.24408885059619134,-0.381442432366471,-1.3143282365079332,True
SAMHD1,DCG,0.886663856241993,-0.7369655941662062,1.279185548335808,0.5422199541696019,0.40486637239932294,1.2793354903154646,True
FAM118A,NEUTRAL,0.1069717257112128,0.13750352374993502,0.15432757819890114,0.29183110194883616,0.1544775201785589,0.1544775201785589,False
MANBA,NEUTRAL,-0.004434258807137946,0.13750352374993502,-0.0063972831910761255,0.1311062405588589,-0.006247341211418403,-0.006247341211418564,False
RNU6-1165P,NEUTRAL,-0.01730879064264399,0.13750352374993502,-0.02497130642392778,0.11253221732600724,-0.024821364444270532,-0.02482136444427037,False
ZBTB11,DIG,-0.7090979919944036,0.7224660244710913,-1.023012156554648,-0.3005461320835566,-0.43931565162824665,-1.0228622145749917,True
CA1,DCG,-0.9276793836843753,1.4329594072761063,-1.3383584463763782,0.09460096089972803,-0.04359618830132984,-1.3382085043967198,True
EMC3,DIG,-0.6924583603156772,0.5849625007211562,-0.9990062424495305,-0.4140437417283743,-0.5807059866908391,-0.9988563004698761,True
MMRN2,NEUTRAL,0.03191118587201943,0.13750352374993502,0.046038109606448385,0.1835416333563834,0.0461880515861045,0.04618805158610512,False
TMEM209,DIG,1.0300639132508957,0.6780719051126378,1.4860680994457467,2.1641400045583845,1.9987464666927608,1.4862180414254011,True
MYHAS,NEUTRAL,-0.0552350281580744,0.13750352374993502,-0.0796873012070162,0.05781622254291882,-0.07953735922735951,-0.07953735922736001,False
HNF1A,DIG,-0.8869070110125297,0.53605290024021,-1.2795363465174299,-0.7434834462772199,-0.9160861561515837,-1.2793864045377739,True
TCF4,NEUTRAL,-0.05095165012481968,0.13750352374993502,-0.07350769296018689,0.06399583078974813,-0.07335775098053011,-0.07335775098052978,False
AACS,DIG,-1.2163895592979785,0.32192809488736235,-1.7548791849883054,-1.432951090100943,-1.5829464778959839,-1.7547292430086485,True
SLC35A4,DIG,0.8308687010879466,0.4329594072761063,1.198690154689435,1.6316495619655413,1.4800954039842187,1.198840096669092,True
ZBTB7C,NEUTRAL,-0.07043743800744719,0.13750352374993502,-0.10161974250626785,0.03588378124366717,-0.10146980052661096,-0.10146980052661131,False
LCMT1-AS1,DCG,0.767930999322383,-0.7369655941662062,1.1078902444673078,0.37092465030110155,0.23357106853082382,1.108040186446965,True
RBMX2P5,NEUTRAL,-0.021919859507773302,0.13750352374993502,-0.03162367260884734,0.10587985114108768,-0.03147373062919118,-0.031473730629191336,False
ITGB2,DSG,-0.04710525469689424,1.232660756790275,-0.06795851735102088,1.164702239439254,1.0334939893690573,-0.06780857537136534,False
MINDY1,DCG,-0.9407721073920776,1.4594316186372973,-1.3572472539412097,0.1021843646960876,-0.027689856937788013,-1.3570973119615546,True
S100A8,DCG,0.9605930893632286,-0.7369655941662062,1.3858428863365388,0.6488772921703326,0.5115237104000545,1.3859928283161955,True
SUCLA2-AS1,NEUTRAL,0.015456863131657473,0.13750352374993502,0.022299539787741688,0.1598030635376767,0.02244948176739842,0.022449481767397788,False
GJB3,NEUTRAL,-0.07151598823372544,0.13750352374993502,-0.10317576156906916,0.03432776218086586,-0.10302581958941313,-0.10302581958941313,False
LILRP2,DSG,-0.0670515531017066,1.4329594072761063,-0.09673494314373511,1.336224464132371,1.1999307001960648,-0.09658500116407726,False
EGLN1,DCG,-0.8649836332979823,1.2927817492278462,-1.2479075982091168,0.04487415101872938,-0.1129338875308905,-1.2477576562294599,True
BCL7A,DIG,1.2584120909868914,0.4854268271702419,1.8155048830614995,2.3009317102317413,2.133069702887689,1.8156548250411546,True
RPS3A,NEUTRAL,0.035061455846034734,0.13750352374993502,0.05058298847542167,0.1880865122253567,0.050732930455079255,0.050732930455079255,False
PLA2G2D,NEUTRAL,-0.044789250901447024,0.13750352374993502,-0.06461723016064916,0.07288629358928586,-0.06446728818099187,-0.06446728818099239,False
HSPG2,NEUTRAL,-0.017032190885875754,0.13750352374993502,-0.024572257326527153,0.11293126642340787,-0.024422315346870952,-0.024422315346871115,False
FAM163B,NEUTRAL,0.027342689402144314,0.13750352374993502,0.03944716240504082,0.17695068615497583,0.039597104384697386,0.0395971043846977,False
SYNPR-AS1,NEUTRAL,-0.03711297680172355,0.13750352374993502,-0.05354270758447371,0.0839608161654613,-0.05339276560481616,-0.05339276560481699,False
ATOH7,DIG,1.1535191026816072,0.6780719051126378,1.6641762890094416,2.3422481941220794,2.2144209450540915,1.6643262309890972,True
ZSCAN23,DSG,0.003074286076635466,-0.7369655941662062,0.004435257277035975,-0.7325303368891702,-0.8698839186594481,0.004585199256693016,False
IFNG,DSG,-0.022978833216619206,1.3219280948873624,-0.033151448727031116,1.2887766461603314,1.1360286461505946,-0.033001506747374176,False
PLAGL1,DIG,1.3278448134762342,0.37851162325372983,1.9156751274722938,2.294186750726024,2.1328846830735326,1.9158250694519507,True
IL7R,DCG,-0.8205494057304208,1.1375035237499351,-1.183802558451664,-0.046299034701728914,-0.1847953317553025,-1.1836526164720087,True
ERICH4,DIG,-1.4106833554360587,0.632268215499513,-2.035185881152205,-1.4029176656526918,-1.5307402754680988,-2.035035939172545,True
DEAF1,NEUTRAL,0.007916058125959803,0.13750352374993502,0.011420457801710991,0.14892398155164602,0.011570399781366883,0.011570399781366564,False
MON1B,NEUTRAL,-0.000664833285484949,0.13750352374993502,-0.0009591516839870524,0.13654437206594797,-0.000809209704330807,-0.000809209704330807,False
ARMC8,DSG,-0.05914581773748238,1.3219280948873624,-0.08532937793918832,1.236598716948174,1.1182293874649485,-0.08517943595953194,False
SNX13,DSG,0.0006213335901976949,1.2016338611696507,0.0008963948893159499,1.2025302560589666,1.063596890792227,0.0010463368689726203,False
GSTCD-AS1,NEUTRAL,0.016015931026030678,0.13750352374993502,0.023106104266474147,0.16060962801640916,0.023256046246130944,0.023256046246130944,False
P2RY2,DSG,-0.05365192379730248,1.3219280948873624,-0.07740336439652085,1.2445247304908416,1.1011439206916769,-0.07725342241686484,False
MYO10,DCG,-0.9678950074208327,1.4059923596758368,-1.3963773273072217,0.00961503236861505,-0.11986961449427219,-1.396227385327565,True
RTRAFP2,NEUTRAL,-0.036466861083662976,0.13750352374993502,-0.052610559642187305,0.08489296410774771,-0.05246061766253069,-0.052460617662531024,False
PON3,DSG,-0.02873884657457364,1.2630344058337937,-0.041461391434006165,1.2215730143997876,1.1071845628151669,-0.041311449454349135,False
IQCD,NEUTRAL,0.0357166987235851,0.13750352374993502,0.0515283041254414,0.18903182787537642,0.051678246105097775,0.051678246105097775,False
SC5D,NEUTRAL,-0.044751696733462035,0.13750352374993502,-0.0645630509487325,0.07294047280120251,-0.06441310896907518,-0.06441310896907551,False
DNAJB11,DCG,2.0794415416798357,-3.321928094887362,3.0,-0.3219280948873622,-0.45928167665764025,3.0001499419796573,True
PTPRG-AS1,NEUTRAL,-0.005178213974623464,0.13750352374993502,-0.0074705836218512,0.1300329401280838,-0.007320641642194935,-0.007320641642194774,False
LINC02712,NEUTRAL,-0.008338193121715234,0.13750352374993502,-0.012029469866673035,0.125474053883262,-0.011879527887016355,-0.01187952788701571,False
CYBRD1,NEUTRAL,0.037658714970720986,0.13750352374993502,0.05433004133451013,0.19183356508444516,0.054479983314166966,0.054479983314166966,False
PRKCE,DIG,-1.3191889633871974,0.5849625007211562,-1.9031873754741622,-1.3182248747530059,-1.4560035740549595,-1.9030374334945073,True
PARP6,NEUTRAL,0.053563081799423186,0.13750352374993502,0.07727519248675772,0.21477871623669276,0.07742513446641403,0.07742513446641403,False
NEURL1B,DIG,-1.563415365004462,0.4329594072761063,-2.255531593941546,-1.8225721866654399,-1.976775334699594,-2.255381651961889,True
SYNE1-AS1,DIG,1.4293580742199652,0.53605290024021,2.062127805331743,2.598180705571953,2.428758883074402,2.0622777473114,True
BHMT,NEUTRAL,-0.05998831783506707,0.13750352374993502,-0.08654484865192222,0.0509586750980128,-0.08639490667226553,-0.0863949066722657,False
BTBD10P1,DIG,0.6532990579813559,0.37851162325372983,0.9425113111671335,1.3210229344208633,1.1876457331923194,0.9426612531467895,True
LINC02446,DSG,0.24655943789490217,1.4329594072761063,0.35571007833534574,1.788669485611452,1.6465767350563643,0.3558600203150027,True
MACROD1,DIG,1.2882960299680248,0.4329594072761063,1.8586182936318087,2.291577700907915,2.1306175595568835,1.8587682356114656,True
TMEM63B,DSG,-0.009948240303788375,1.4329594072761063,-0.014352276951847204,1.4186071303242591,1.2942465762651247,-0.014202334972192133,False
MMADHC,NEUTRAL,-0.02434285270426248,0.13750352374993502,-0.03511931287752997,0.10238421087240504,-0.0349693708978722,-0.03496937089787203,False
H1-3,DSG,0.15281020275680474,1.3504972470841334,0.2204585217144792,1.5709557687986127,1.441703048686675,0.22060846369413456,False
DELEC1,NEUTRAL,-0.06455999717278232,0.13750352374993502,-0.09314038776097856,0.044363135988956456,-0.09299044578132222,-0.09299044578132204,False
TMEM238,DSG,-0.07356005026694216,1.2016338611696507,-0.10612471972766034,1.0955091414419904,0.975934257760895,-0.10597477774800279,False
RPL13P2,DCG,0.8514763413876429,-0.7369655941662062,1.2284206951542305,0.49145510098802425,0.35410151921774596,1.2285706371338874,True
CLASP1,NEUTRAL,-0.013817262439842671,0.13750352374993502,-0.01993409600062236,0.11756942774931266,-0.019784154020964197,-0.019784154020964197,False
ZNF316,DSG,-0.08949505595764456,1.5360529002402097,-0.1291140734141741,1.4069388268260357,1.2817346272775976,-0.12896413143451926,False
TTC4P1,DIG,-0.9882380954142252,0.6780719051126378,-1.425726199471657,-0.7476542943590192,-0.8850078761292957,-1.4255762574919977,True
FBXO39,NEUTRAL,-0.02092163406667071,0.13750352374993502,-0.03018353771527943,0.10731998603465559,-0.030033595735622746,-0.030033595735622257,False
MIR4321,NEUTRAL,0.012803683234054118,0.13750352374993502,0.01847181030688304,0.15597533405681807,0.018621752286539953,0.018621752286539634,False
LEF1,NEUTRAL,0.06797259362145375,0.13750352374993502,0.0980637237340321,0.23556724748396712,0.0982136657136885,0.0982136657136885,False
EVI5,NEUTRAL,0.04253534005522718,0.13750352374993502,0.06136552416020195,0.19886904791013696,0.06151546613985933,0.06151546613985933,False
HSPA12A,NEUTRAL,0.009164993986431048,0.13750352374993502,0.013222291374001244,0.15072581512393626,0.013372233353658244,0.013372233353658244,False
DLK2,DSG,-0.0312730067528167,1.3219280948873624,-0.045117411755975716,1.2768106831313868,1.1606341778295586,-0.04496746977632093,False
BEND5,NEUTRAL,0.005545085707072744,0.13750352374993502,0.00799986765089812,0.14550339140083313,0.00814980963055551,0.00814980963055519,False
PTBP3,NEUTRAL,0.08005864883163366,0.13750352374993502,0.11550021564966889,0.2530037393996039,0.11565015762932472,0.11565015762932472,False
IMPDH1,DIG,-1.6223648150578607,0.632268215499513,-2.340577673196716,-1.7083094576972029,-1.8562850941033753,-2.3404277312170607,True
FAM187A,NEUTRAL,-0.06582474874039787,0.13750352374993502,-0.09496503857553405,0.04253848517440097,-0.0948150965958784,-0.0948150965958784,False
CAMTA2,NEUTRAL,0.03670866601310672,0.13750352374993502,0.052959410414758296,0.19046293416469331,0.053109352394415436,0.05310935239441513,False
NEDD8,DIG,1.242607660583426,0.32192809488736235,1.7927039096943451,2.1146320045817073,2.000817815826754,1.7928538516740007,True
RPL29P19,DCG,-0.8267144445768161,1.1375035237499351,-1.1926968294222464,-0.05519330567231129,-0.1795987220655236,-1.1925468874425882,True
MMP24,DCG,-0.8632050501229016,1.070389327891398,-1.2453416450826194,-0.17495231719122128,-0.29273029130686457,-1.2451917031029642,True
SV2A,DCG,0.7732599719971671,-0.7369655941662062,1.1155783269182518,0.37861273275204554,0.24125915098176612,1.1157282688979073,True
KCTD6,NEUTRAL,0.05000490579550356,0.13750352374993502,0.07214182961129277,0.2096453533612278,0.07229177159094982,0.07229177159094982,False
LLPH-DT,DSG,0.035160664674266255,1.3785116232537298,0.050726116559923685,1.4292377398136535,1.3075270811136792,0.05087605853957991,False
TRIM31-AS1,DSG,-0.14918626240906324,1.2927817492278462,-0.21523028094631513,1.077551468281531,0.9326694321697648,-0.21508033896665793,False
FABP3,NEUTRAL,0.030874883612405122,0.13750352374993502,0.044543041475640796,0.18204656522557583,0.04469298345529824,0.04469298345529824,False
RPL17,NEUTRAL,-0.047825925822581515,0.13750352374993502,-0.06899822601016177,0.06850529773977325,-0.06884828403050358,-0.06884828403050443,False
ISM1,DSG,0.024818779268187628,1.3504972470841334,0.03580592977113211,1.3863031768552656,1.2342988750462298,0.035955871750787835,False
ZCCHC9,NEUTRAL,-0.013659725000459358,0.13750352374993502,-0.01970681751806971,0.1177967062318653,-0.01955687553841389,-0.01955687553841389,False
OAS2,NEUTRAL,-0.003679463073045839,0.13750352374993502,-0.0053083431286172975,0.13219518062131771,-0.005158401148961466,-0.005158401148961787,False
ZNF783,DIG,1.31220819510083,0.5849625007211562,1.893116255685825,2.478078756406981,2.3350340058563583,1.8932661976654797,True
UBE2W,DCG,-0.909343845257358,1.2630344058337937,-1.3119058560156913,-0.04887145018189765,-0.18143554572379877,-1.311755914036034,True
JUN,DIG,0.77201595097233,0.37851162325372983,1.1137835839549577,1.4922952072086875,1.35270954671958,1.1139335259346135,True
MIR6769A,DCG,-0.8319287638807412,1.2630344058337937,-1.2002195020236308,0.06281490381016286,-0.10268462868524499,-1.200069560043965,True
MYB,DIG,1.725140823686881,0.4854268271702419,2.488852111168165,2.974278938338407,2.8095286950062213,2.489002053147819,True
NSFL1C,DSG,-0.006441983479798288,1.2630344058337937,-0.009293817619793619,1.253740588214,1.116282376889101,-0.009143875640136514,False
LHX8,NEUTRAL,0.03367652223958944,0.13750352374993502,0.04858495162944257,0.1860884753793776,0.048734893609098995,0.04873489360909961,False
MIR3658,DCG,-1.0631318123668947,1.4594316186372973,-1.533774993513015,-0.07434337487571763,-0.20707190775710943,-1.5336250515333594,True
HMGB1P1,DCG,-1.0813757646928268,1.3785116232537298,-1.5600954530598519,-0.1815838298061221,-0.3192189985127253,-1.5599455110801939,True
TNNI1,DCG,-0.8893680670034068,1.0,-1.2830868997908182,-0.28308689979081825,-0.4250193645373626,-1.2829369578111625,True
PBXIP1,DCG,-0.8442656771414359,1.232660756790275,-1.2180179056047122,0.014642851185562744,-0.11537700372160949,-1.2178679636250571,True
CALU,DIG,1.5031315988956826,0.632268215499513,2.1685605035303,2.8008287190298127,2.6503982467640523,2.1687104455099555,True
IRX1,DCG,-0.8630479127907295,1.3504972470841334,-1.245114943832756,0.10538230325137743,-0.03870689043783332,-1.2449650018531004,True
CAPN10-DT,NEUTRAL,-0.01919051820252506,0.13750352374993502,-0.02768606544287229,0.10981745830706273,-0.027536123463214605,-0.02753612346321444,False
VAT1L,NEUTRAL,-0.03814420419859699,0.13750352374993502,-0.05503045423597185,0.08247306951396316,-0.054880512256314684,-0.05488051225631485,False
TMEM178A,DIG,-0.7870343695364899,0.4854268271702419,-1.1354505819394658,-0.6500237547692239,-0.7903256708266666,-1.1353006399598111,True
LENG8,DSG,-0.08949907288297901,1.2016338611696507,-0.1291198686124337,1.072513992557217,0.9444508926329622,-0.1289699266327788,False
DENND10,NEUTRAL,-0.009395856809114918,0.13750352374993502,-0.013555356023412894,0.12394816772652212,-0.013405414043757521,-0.013405414043757037,False
SPATA46,DCG,2.0794415416798357,-3.321928094887362,3.0,-0.3219280948873622,-0.45928167665763914,3.000149941979658,True
FBXO17,DSG,-0.0010553917364826556,1.2630344058337937,-0.0015226084244187189,1.261511797409375,1.1237527867848416,-0.0013726664447619064,False
LINC02029,DSG,0.01366764516648127,1.1375035237499351,0.01971824390231254,1.1572217676522476,0.9997734705329165,0.01986818588196942,False
TBXT,NEUTRAL,-0.03592099662948843,0.13750352374993502,-0.05182304370115213,0.0856804800487829,-0.05167310172149484,-0.051673101721495,False
PART1,NEUTRAL,0.026172357029517836,0.13750352374993502,0.037758729694860785,0.1752622534447958,0.037908671674517315,0.03790867167451763,False
SRP14P4,DCG,-0.9399608565083911,1.4059923596758368,-1.3560768663143985,0.0499154933614383,-0.09069301798877237,-1.3559269243347392,True
NODAL,DIG,1.5278278146288182,0.6780719051126378,2.2041896114972186,2.8822615166098564,2.752027970747252,2.2043395534768733,True
NECTIN3,DIG,1.6844807632440164,0.7224660244710913,2.4301920436049986,3.15265806807609,3.00499173033121,2.4303419855846533,True
NICN1,NEUTRAL,0.002486850478980944,0.13750352374993502,0.0035877668534581514,0.14109129060339318,0.0037377088331147167,0.0037377088331143975,False
SH2D1B,DCG,-0.8003748935887509,1.1375035237499351,-1.1546968898325227,-0.01719336608258759,-0.1503969004559231,-1.1545469478528663,True
MYBPH,DCG,-0.998470992844976,1.3219280948873624,-1.4404891498489265,-0.1185610549615641,-0.2595765797635355,-1.4403392078692678,True
PPIP5K1,NEUTRAL,-0.0376884942945323,0.13750352374993502,-0.05437300381729374,0.08313051993264128,-0.05422306183763556,-0.054223061837636394,False
KRT8P39,DSG,-0.04202304557106426,1.560714954474479,-0.06062643944842533,1.5000885150260537,1.3584100526007001,-0.060476497468767904,False
MYL12A,NEUTRAL,-0.040157276346342474,0.13750352374993502,-0.057934703440475965,0.07956882030945905,-0.05778476146081859,-0.05778476146081842,False
PUF60,DCG,-0.7825948224412868,1.1043366598147357,-1.1290456693614233,-0.024709009546687533,-0.1730443317007768,-1.128895727381766,True
DNAH5,DCG,-0.8846088771536157,1.3504972470841334,-1.2762208401958757,0.07427640688825776,-0.05167977063863043,-1.2760708982162194,True
HSF2,DIG,-1.6475861164534298,0.5849625007211562,-2.3769643196448693,-1.7920018189237132,-1.9247750977328164,-2.3768143776652155,True
SOX21-AS1,DIG,0.6793731160139345,0.32192809488736235,0.9801282253865856,1.302056320273948,1.1220646193737935,0.9802781673662412,True
EIF4G2,NEUTRAL,0.03369592356540707,0.13750352374993502,0.04861294182598634,0.18611646557592137,0.04876288380564308,0.048762883805642455,False
POLR2M,NEUTRAL,0.074346299464011,0.13750352374993502,0.10725903754517448,0.24476256129510948,0.10740897952483118,0.10740897952483147,False
HIVEP2,DIG,-1.4794593266673235,0.53605290024021,-2.1344086337798727,-1.5983557335396625,-1.7388831678071637,-2.134258691800216,True
MEGF6,NEUTRAL,-0.013979871511772709,0.13750352374993502,-0.020168691302299382,0.11733483244763564,-0.020018749322641815,-0.020018749322641815,False
TENM3-AS1,NEUTRAL,0.026510045678404686,0.13750352374993502,0.038245911433974336,0.17574943518390934,0.03839585341363178,0.03839585341363178,False
WNT16,DIG,1.713137337819862,0.4854268271702419,2.4715347416344358,2.9569615688046778,2.790621638907399,2.47168468361409,True
ELF5,DIG,-0.7320701207550493,0.4329594072761063,-1.0561539327962943,-0.6231945255201881,-0.7638796452810456,-1.0560039908166374,True
NUDCD2,DIG,1.3024716116644552,0.37851162325372983,1.8790693350469654,2.257580958300695,2.09275046522814,1.8792192770266203,True
DNAH17,DCG,-0.846205939935405,1.2630344058337937,-1.220817113115593,0.04221729271820074,-0.09786043895599594,-1.2206671711359376,True
LINC02568,NEUTRAL,-0.006323451457298778,0.13750352374993502,-0.009122812058747036,0.12838071169118798,-0.00897287007908966,-0.00897287007908982,False
AK4,NEUTRAL,0.0035510167951740565,0.13750352374993502,0.005123034320511031,0.14262655807044605,0.005272976300168468,0.005272976300169106,False
TXNDC5,DSG,-0.09965389572549686,1.3785116232537298,-0.1437701811684402,1.2347414420852896,1.0973878603150102,-0.14362023918878453,False
ZNF507,DSG,-0.024142426862772858,1.4059923596758368,-0.0348301595099469,1.3711622001658899,1.2136508630041067,-0.0346802175302899,False
DYRK3-AS1,DCG,-0.8873081820879709,1.2927817492278462,-1.280115114038517,0.0126666351893292,-0.14504369974831774,-1.2799651720588556,True
DPY30,DIG,-0.8754627981356627,0.4329594072761063,-1.2630258373530963,-0.83006643007699,-0.9525856449648425,-1.262875895373441,True
RNU6-1016P,DIG,0.8457728963851149,0.4854268271702419,1.2201923633331004,1.7056191905033424,1.566649077386342,1.2203423053127564,True
COLQ,DIG,-1.0683678771833092,0.4329594072761063,-1.5413290382574294,-1.1083696309813231,-1.2669223005638302,-1.541179096277773,True
ADIRF-AS1,NEUTRAL,0.022753825725892476,0.13750352374993502,0.032826831535996796,0.17033035528593182,0.032976773515654104,0.032976773515653784,False
LDB2,NEUTRAL,0.03339850165032472,0.13750352374993502,0.04818385270404534,0.18568737645398037,0.04833379468370232,0.04833379468370232,False
PGM3,DIG,0.6593598347243029,0.53605290024021,0.9512551637181184,1.4873080639583285,1.3315513706690443,0.9514051056977729,True
FUT1,DIG,-1.2414721943701146,0.6780719051126378,-1.7910657782193038,-1.112993873106666,-1.2444649328995319,-1.7909158362396482,True
CLVS2,DIG,0.9771574148101937,0.53605290024021,1.4097401565145462,1.9457930567547561,1.8013500810525016,1.4098900984942018,True
STX17,NEUTRAL,-0.036238570241225156,0.13750352374993502,-0.0522812055759219,0.08522231817401313,-0.05213126359626599,-0.05213126359626616,False
ANKRD18A,DIG,-0.7553494309802661,0.26303440583379406,-1.0897388782135302,-0.8267044723797361,-0.9668470083384381,-1.0895889362338749,True
ARID1A,NEUTRAL,0.005038980895537446,0.13750352374993502,0.007269712749126101,0.14477323649906113,0.007419654728783569,0.007419654728783569,False
SMIM33,DIG,-1.0040257365156746,0.37851162325372983,-1.448502950996053,-1.0699913277423232,-1.2033685289708627,-1.448353009016391,True
NDUFAF4P3,NEUTRAL,-0.035853838308409505,0.13750352374993502,-0.05172615472437713,0.08577736902555788,-0.05157621274472033,-0.05157621274472083,False
GNAT1,NEUTRAL,0.07092232774563043,0.13750352374993502,0.10231929052692275,0.23982281427685775,0.10246923250657913,0.10246923250657883,False
SEMA6A-AS2,NEUTRAL,-0.009683469623358202,0.13750352374993502,-0.013970293604217796,0.12353323014571722,-0.013820351624560303,-0.013820351624560466,False
SLC48A1,DIG,-1.1128779426404096,0.5849625007211562,-1.6055434889620313,-1.0205809882408752,-1.1777921027399725,-1.6053935469823755,True
GARS1,DSG,-0.06827941904774382,-0.7369655941662062,-0.09850637925495943,-0.8354719734211656,-0.972825555191446,-0.09835643727530426,False
RFC3,NEUTRAL,-0.02470738215717997,0.13750352374993502,-0.035645217711512,0.10185830603842302,-0.03549527573185534,-0.035495275731855014,False
PLD3,DSG,-0.05762300448606994,1.485426827170242,-0.0831324228131756,1.4022944043570664,1.2567053260474996,-0.08298248083351918,False
PMF1-BGLAP,DCG,-0.8459348844178123,1.232660756790275,-1.2204260626645562,0.01223469412571876,-0.12427421154873236,-1.220276120684899,True
WASF1,DIG,-0.8338860854032816,0.5849625007211562,-1.203043320077625,-0.6180808193564687,-0.750854098165572,-1.202893378097971,True
RAB40B,DCG,-0.8317828037003123,1.3219280948873624,-1.2000089259951587,0.12191916889220367,-0.01259026454092262,-1.1998589840155025,True
ERBIN,NEUTRAL,0.01434666091925182,0.13750352374993502,0.0206978565615201,0.15820138031145511,0.020847798541176587,0.020847798541176587,False
BAX,DIG,0.9953823949630155,0.5849625007211562,1.436033245001322,2.020995745722478,1.892133633184592,1.4361831869809782,True
SUGT1P3,NEUTRAL,0.012365215096798662,0.13750352374993502,0.017839234499676775,0.1553427582496118,0.01798917647933246,0.017989176479332777,False
GATA6-AS1,NEUTRAL,-0.047062643404972876,0.13750352374993502,-0.06789704225148005,0.06960648149845497,-0.0677471002718227,-0.0677471002718227,False
ZFP30,DSG,-0.04601707148672973,1.4059923596758368,-0.06638860083013791,1.3396037588456988,1.2065751594275556,-0.06623865885048268,False
EWSR1,NEUTRAL,-0.019941177109180246,0.13750352374993502,-0.02876903732490286,0.10873448642503217,-0.028619095345245812,-0.028619095345246304,False
TMED7-TICAM2,NEUTRAL,-0.037074798722812476,0.13750352374993502,-0.05348762825935804,0.08401589549057698,-0.05333768627970157,-0.0533376862797019,False
RAB3C,DIG,-1.2595498332362431,0.4854268271702419,-1.8171462981624489,-1.331719470992207,-1.5024093274526888,-1.8169963561827918,True
AGTPBP1,NEUTRAL,-0.014114298940661959,0.13750352374993502,-0.02036262908731736,0.11714089466261766,-0.02021268710765999,-0.02021268710765999,False
LINC01090,DIG,-0.6217073176190627,0.4329594072761063,-0.8969340640134015,-0.46397465673729515,-0.6167909468614294,-0.8967841220337402,True
RUSC2,DIG,-1.0064112550684294,0.4329594072761063,-1.4519445267820608,-1.0189851195059545,-1.1584262137660746,-1.4517945848024034,True
LINC02026,DCG,-0.8631262697175107,1.2630344058337937,-1.2452279889824427,0.01780641685135098,-0.12863103871322148,-1.245078047002782,True
CKS1BP3,NEUTRAL,-0.027473216547511677,0.13750352374993502,-0.03963547327036371,0.09786805047957131,-0.03948553129070641,-0.03948553129070608,False
DPY19L1P1,DSG,-0.027627115002924998,1.4329594072761063,-0.03985750180878898,1.3931019054673173,1.256808141531014,-0.03970755982913319,False
CYP3A7,DSG,-0.12465594895116876,1.4594316186372973,-0.17984051936915896,1.2795910992681383,1.138149076023341,-0.17969057738950328,False
BRD7P5,DIG,0.9381644236186157,0.32192809488736235,1.3534851614930297,1.675413256380392,1.4740447194477582,1.3536351034726863,True
ZFR,DCG,-0.7778444939688438,1.1699250014423124,-1.1221923940316363,0.04773260741067609,-0.07632558218175448,-1.122042452051981,True
PCK2,NEUTRAL,-0.03824105115521923,0.13750352374993502,-0.05517017486001596,0.08233334888991906,-0.055020232880360086,-0.05502023288035942,False
HSPA4,NEUTRAL,0.02289734652342172,0.13750352374993502,0.033033888278856664,0.1705374120287917,0.03318383025851375,0.03318383025851375,False
CENPO,DIG,1.4088564859946004,0.4854268271702419,2.0325502656686614,2.5179770928389034,2.376921318409937,2.032700207648318,True
SNHG1,DIG,-0.8095936974637005,0.37851162325372983,-1.1679968124658404,-0.7894851892121106,-0.922044460555469,-1.1678468704861846,True
CTDSP1,NEUTRAL,-0.02328344059510845,0.13750352374993502,-0.03359090428139574,0.10391261946853927,-0.033440962301738195,-0.03344096230173836,False
MRRF,NEUTRAL,-0.07341185547589625,0.13750352374993502,-0.10591091983753283,0.03159260391240219,-0.10576097785787648,-0.1057609778578763,False
SCN2B,NEUTRAL,0.016717253279413972,0.13750352374993502,0.024117898403495302,0.1616214221534303,0.024267840383150587,0.024267840383150902,False
AP2S1,DIG,0.6873152637672789,0.632268215499513,0.9915863225643431,1.623854538063856,1.479076465539321,0.9917362645439967,True
RSC1A1,NEUTRAL,0.10154573223263506,0.13750352374993502,0.14649952431546118,0.2840030480653962,0.14664946629511771,0.14664946629511771,False
MRPL58,DCG,2.0794415416798357,-3.321928094887362,3.0,-0.3219280948873622,-0.4592816766576407,3.0001499419796565,True
TOB1,DSG,-0.09466665487748298,1.4059923596758368,-0.1365751135292917,1.2694172461465452,1.1386042083192407,-0.13642517154963457,False
FAM162B,DIG,0.8969501903882832,0.37851162325372983,1.2940255915975878,1.6725372148513176,1.511235147198826,1.2941755335772438,True
RBMS2,DIG,1.292378958835624,0.37851162325372983,1.8645087148613966,2.2430203381151266,2.109643136886582,1.8646586568410521,True
NFS1,DCG,-0.9785391446777398,1.4059923596758368,-1.4117335713423032,-0.00574121166646635,-0.14634972301667779,-1.411583629362647,True
HNRNPDL,NEUTRAL,0.0018628239755536485,0.13750352374993502,0.0026874869115803123,0.14019101066151532,0.002837428891236735,0.002837428891236735,False
NMU,DIG,-0.8255869397651499,0.4854268271702419,-1.1910701838218771,-0.7056433566516352,-0.8186226373253516,-1.1909202418422227,True
MOB4P1,DIG,0.8426604987433008,0.632268215499513,1.2157021226899807,1.8479703381894936,1.7011477104837092,1.2158520646696365,True
FETUB,DCG,-1.0227237104573879,1.4329594072761063,-1.4754784252764335,-0.0425190180003272,-0.18223947714122773,-1.4753284832967704,True
SLCO1B3,DIG,-0.8076973656897578,0.6780719051126378,-1.1652609840196932,-0.48718907890705543,-0.6495099068048765,-1.1651110420400341,True
NELFA,NEUTRAL,0.007233631197370913,0.13750352374993502,0.01043592385606671,0.14793944760600172,0.010585865835723242,0.010585865835723242,False
UQCRBP3,DCG,-1.0342030422459696,1.4329594072761063,-1.4920396003205394,-0.05908019304443313,-0.19596685271249178,-1.491889658340864,True
KIF6,DSG,0.01490892568420899,-3.321928094887362,0.021509033149590406,-3.300419061737772,-3.4377726435080485,0.02165897512924615,False
BAK1,DSG,0.06699861841848104,-3.321928094887362,0.09665857453875455,-3.2252695203486077,-3.362623102118887,0.09680851651841069,False
WDR4,DIG,-0.9683476277853735,0.4329594072761063,-1.3970303204625503,-0.964070913186444,-1.085762241629691,-1.3968803784828945,True
ATL1,DIG,-1.093470018694164,0.37851162325372983,-1.5775437733308326,-1.1990321500771028,-1.3322283147019855,-1.577393831351177,True
TET3,DIG,0.8092008811455041,0.4854268271702419,1.1674300983115984,1.6528569254818404,1.5118011510528724,1.1675800402912535,True
GZMB,DIG,-1.1660357230443448,0.32192809488736235,-1.682233955135453,-1.3603058602480906,-1.503555430836608,-1.6820840131557975,True
LY96,DCG,-0.8608271306266775,1.232660756790275,-1.2419110324177836,-0.009250275627508575,-0.15443130099040087,-1.241761090438128,True
ALDH5A1,DSG,0.06071627396393309,-0.7369655941662062,0.08759506734902195,-0.6493705268171843,-0.7867241085874627,0.08774500932867864,False
SPPL2B,NEUTRAL,-0.008494019504797293,0.13750352374993502,-0.012254279816785183,0.12524924393314985,-0.012104337837127837,-0.012104337837127353,False
VEGFA,DSG,0.00843782583313624,1.3504972470841334,0.01217320948535044,1.3626704565694838,1.2185812628802732,0.012323151465006154,False
SLC33A1,DSG,-0.052034445932910095,1.4329594072761063,-0.07506983710281429,1.357889570173292,1.2124442126135098,-0.07491989512315957,False
CHMP4B,DCG,-0.8261808855579619,1.2630344058337937,-1.1919270664717239,0.07110733936206981,-0.04998229051474394,-1.191777124492068,True
VASH2,DCG,-0.9278363663842191,1.2630344058337937,-1.3385849245389483,-0.07555051870515461,-0.19689697311810836,-1.3384349825592932,True
ADAMTS3,DIG,-1.0150752145737976,0.4329594072761063,-1.4644439781949181,-1.0314845709188118,-1.1819515635937514,-1.4642940362152632,True
LRRK2,DIG,-0.8549747894840015,0.5849625007211562,-1.2334678888736545,-0.6485053881524984,-0.7804223224369622,-1.233317946894,True
RPL23AP63,DIG,-1.4308337776362374,0.32192809488736235,-2.0642567953322217,-1.7423287004448593,-1.856328655053805,-2.0641068533525604,True
PKIB,DIG,-1.2436866687918415,0.4854268271702419,-1.7942605894857047,-1.3088337623154627,-1.4735840056476477,-1.7941106475060493,True
PPP1R12C,DSG,0.043364247373178254,1.4329594072761063,0.06256138463716653,1.4955207919132727,1.372189740650131,0.06271132661682255,False
TTC4,NEUTRAL,0.048070022931661044,0.13750352374993502,0.06935038369892614,0.20685390744886117,0.06950032567858277,0.06950032567858277,False
HOXD13,NEUTRAL,0.02407656770841045,0.13750352374993502,0.03473514483455111,0.17223866858448614,0.03488508681420892,0.03488508681420892,False
SEMA5A,DCG,-0.7945919949694137,1.070389327891398,-1.1463539306724413,-0.07596460278104322,-0.2133181845513227,-1.146203988692785,True
PRLR,DCG,-0.8488288382395061,1.1699250014423124,-1.2246011554916756,-0.05467615404936321,-0.1880505965233209,-1.224451213512019,True
GKN1,DIG,0.9310985186756638,0.4854268271702419,1.3432912154724401,1.8287180426426821,1.661844505760011,1.3434411574520964,True
TRAIP,NEUTRAL,-0.027778976078553497,0.13750352374993502,-0.04007659102950228,0.09742693272043274,-0.0399266490498441,-0.0399266490498441,False
HNF1B,DIG,-1.4064662599552415,0.5849625007211562,-2.0291018984150746,-1.4441393976939185,-1.5522994146535216,-2.0289519564354057,True
BICDL1,DIG,0.6677125616182176,0.632268215499513,0.963305601385869,1.595573816885382,1.4768605874979381,0.9634555433655226,True
PIK3C2B,DCG,-0.7724844154791844,1.2016338611696507,-1.114459435375829,0.08717442579382162,-0.03223413882503637,-1.1143094933961721,True
ECHDC2,NEUTRAL,-0.017332025988021204,0.13750352374993502,-0.025004827941476827,0.1124986958084582,-0.02485488596182115,-0.02485488596182115,False
FGF14-IT1,DIG,0.6526354580687871,0.32192809488736235,0.9415539388641362,1.2634820337514985,1.0834903328513428,0.941703880843791,True
LINC01257,DIG,0.8598173871371121,0.4854268271702419,1.2404542804928176,1.7258811076630596,1.5962083390329533,1.2406042224724725,True
PACRGL,NEUTRAL,-0.08488968133491649,0.13750352374993502,-0.12246992228452842,0.015033601465406596,-0.12231998030487111,-0.12231998030487076,False
CDC42P3,DCG,-0.9727487059938886,1.3504972470841334,-1.4033797341685394,-0.052882487084406016,-0.18455736550391189,-1.4032297921888772,True
LINC01134,NEUTRAL,0.013662537053665096,0.13750352374993502,0.019710874453284344,0.15721439820321936,0.019860816432940298,0.019860816432940298,False
NEURL2,DCG,0.855331743816194,-0.7369655941662062,1.2339828651185325,0.4970172709523263,0.35966368918204716,1.2341328070981883,True
BRPF3,DIG,1.3119808772977422,0.6780719051126378,1.8927883054186043,2.570860210531242,2.4556677721090474,1.8929382473982588,True
WDFY3-AS2,NEUTRAL,0.02320843839906483,0.13750352374993502,0.03348269898510783,0.17098622273504285,0.03363264096476489,0.03363264096476458,False
MIR6843,NEUTRAL,0.06124698131142119,0.13750352374993502,0.08836071620740638,0.2258642399573414,0.08851065818706329,0.08851065818706298,False
SAP30BP,DCG,-0.9832651044223015,1.3785116232537298,-1.4185516900292232,-0.04004006677549343,-0.17875500603696615,-1.4184017480495668,True
WDR3,DIG,-0.8368251474525364,0.13750352374993502,-1.20728349032095,-1.0697799665710148,-1.2071335483412935,-1.2071335483412937,True
FRRS1,NEUTRAL,0.03156888632927987,0.13750352374993502,0.045544275753639465,0.18304779950357447,0.04569421773329653,0.04569421773329715,False
CRYBB1,NEUTRAL,-0.05660202823514534,0.13750352374993502,-0.08165946543910127,0.05584405831083375,-0.08150952345944465,-0.08150952345944533,False
ARHGAP42,NEUTRAL,-0.016947333961192267,0.13750352374993502,-0.024449834662101197,0.11305368908783382,-0.02429989268244576,-0.024299892682445434,False
MZT1,NEUTRAL,0.027190036896689432,0.13750352374993502,0.03922693139244179,0.1767304551423768,0.03937687337209853,0.03937687337209853,False
ZNF667,DSG,-0.05634507117861274,-3.321928094887362,-0.08128875476792026,-3.4032168496552826,-3.5405704314255617,-0.08113881278826497,False
CRYBA4,NEUTRAL,0.01894269928928031,0.13750352374993502,0.02732853832569559,0.16483206207563061,0.027478480305352812,0.027478480305353128,False
CFAP70,DIG,-0.5709808153416607,0.632268215499513,-0.8237511907361508,-0.19148297523663782,-0.35280404086492606,-0.823601248756496,True
EEF1G,DIG,-0.7083350004106276,0.32192809488736235,-1.0219113923804943,-0.6999832974931319,-0.8167707849099342,-1.0217614504008388,True
TTF1,NEUTRAL,0.006256528567812877,0.13750352374993502,0.009026262737963767,0.14652978648789877,0.009176204717619575,0.009176204717619893,False
CD48,DCG,-1.2382670408233336,1.560714954474479,-1.786441719092075,-0.225726764617596,-0.36776328274397446,-1.786291777112418,True
PRMT5,DIG,-0.8423191099212521,0.53605290024021,-1.2152096027293962,-0.6791567024891861,-0.7998088465700163,-1.2150596607497404,True
SMARCE1P2,DIG,1.5854799534343809,0.4854268271702419,2.287364066248646,2.772790893418888,2.633820780301887,2.287514008228302,True
GCHFR,NEUTRAL,0.020890561243012116,0.13750352374993502,0.030138709106680758,0.16764223285661578,0.03028865108633814,0.03028865108633814,False
NCOA2,DCG,0.928940058529205,-0.7369655941662062,1.3401772157231875,0.6032116215569813,0.46585803978670226,1.340327157702844,True
RAB5B,DIG,0.5986443274009147,0.53605290024021,0.8636612023976087,1.3997141026378186,1.2554935223569825,0.8638111443772651,True
MIR8085,DIG,1.2971182641397412,0.632268215499513,1.871346087120905,2.5036143026204183,2.3757916928050085,1.8714960291005616,True
TUBB2BP1,DIG,-0.9763552540296774,0.632268215499513,-1.4085828831344998,-0.7763146676349868,-0.9249196157161139,-1.4084329411548444,True
ZNF878,DIG,1.228948606393303,0.53605290024021,1.772998059951021,2.309050960191231,2.196514335117124,1.7731480019306762,True
PSMC4,DSG,0.10832800069483742,1.2927817492278462,0.15628426939185813,1.4490660186197042,1.317726479429981,0.15643421137151514,False
TRAPPC3,NEUTRAL,-0.013585201459415405,0.13750352374993502,-0.019599302774976114,0.11790422097495891,-0.019449360795318896,-0.019449360795318896,False
RASSF1-AS1,NEUTRAL,-0.06391948376717538,0.13750352374993502,-0.09221632224708652,0.0452872015028485,-0.09206638026743037,-0.09206638026743072,False
BCL9L,NEUTRAL,-0.02776554569979972,0.13750352374993502,-0.04005721508867694,0.09744630866125809,-0.03990727310902101,-0.03990727310902117,False
MED6,NEUTRAL,-0.025674820006347864,0.13750352374993502,-0.03704093549887481,0.10046258825106022,-0.036890993519217784,-0.036890993519217784,False
TGFBR2,NEUTRAL,-0.01354795692910566,0.13750352374993502,-0.019545570275798008,0.11795795347413701,-0.019395628296140888,-0.019395628296141373,False
PODNL1,DIG,1.0263849680446224,0.53605290024021,1.480760503440954,2.016813403681164,1.8447279535183272,1.4809104454206095,True
KRT8P29,DCG,-0.7891481011415343,1.1699250014423124,-1.1385000520438338,0.03142494939847862,-0.11585613914651853,-1.1383501100641622,True
SPATA7,NEUTRAL,0.021917521522810346,0.13750352374993502,0.03162029960953561,0.16912382335947063,0.03177024158919338,0.03177024158919338,False
LINC02422,DSG,0.02265137663359575,1.4329594072761063,0.03267902873859673,1.465638436014703,1.3293446720783988,0.03282897071825412,False
PPP1R14D,NEUTRAL,0.00419517086760304,0.13750352374993502,0.006052352206372756,0.14355587595630778,0.006202294186029402,0.006202294186029402,False
LINC01629,NEUTRAL,-0.014826589060713458,0.13750352374993502,-0.02139024651118986,0.11611327723874516,-0.021240304531532774,-0.021240304531532934,False
RPS2P45,NEUTRAL,-0.006961309962015504,0.13750352374993502,-0.010043047360290706,0.1274604763896443,-0.009893105380633888,-0.009893105380634372,False
SENP3-EIF4A1,NEUTRAL,0.023463052917272322,0.13750352374993502,0.03385003008786411,0.17135355383779913,0.03399997206752027,0.0339999720675209,False
CBY1,NEUTRAL,0.02089245531759435,0.13750352374993502,0.030141441678687625,0.16764496542862264,0.030291383658345036,0.03029138365834535,False
VN1R1,DSG,-0.03732240620760663,1.485426827170242,-0.05384485034975755,1.4315819768204845,1.2903725993001105,-0.05369490837010056,False
DDX46,NEUTRAL,0.002847425834774882,0.13750352374993502,0.004107967131128839,0.14161149088106387,0.00425790911078541,0.004257909110784771,False
PPP3R2,NEUTRAL,0.008661015422054363,0.13750352374993502,0.012495203998460661,0.14999872774839568,0.012645145978117885,0.012645145978117568,False
TOR3A,DCG,-0.9238383241151558,1.3504972470841334,-1.332816968784106,0.017680278300027386,-0.12418167367734759,-1.33266702680445,True
LINC00885,DCG,-0.9299831464737165,1.2927817492278462,-1.3416820735279453,-0.04890032430009916,-0.17941861520320726,-1.3415321315482895,True
LGALS4,DSG,0.001460307724568171,1.2927817492278462,0.0021067787124063467,1.2948885279402524,1.1638465128806472,0.002256720692061536,False
YPEL2,DCG,-0.9013163508170531,1.1375035237499351,-1.3003246295958997,-0.16282110584596454,-0.28519810030295034,-1.3001746876162439,True
CIDEC,DIG,-1.489713486568103,0.53605290024021,-2.1492022594172098,-1.6131493591769996,-1.7384716949996886,-2.1490523174375546,True
GALNT12,NEUTRAL,-0.059039581849696,0.13750352374993502,-0.08517611195071448,0.05232741179922054,-0.08502616997105751,-0.08502616997105734,False
LINC00994,NEUTRAL,0.025469121890694838,0.13750352374993502,0.03674417584750198,0.174247699597437,0.03689411782715893,0.03689411782715924,False
BBS9,DSG,-0.02220672984344074,-0.7369655941662062,-0.032037539019492904,-0.7690031331856991,-0.9063567149559792,-0.03188759703983785,False
WDCP,DIG,1.4791175474820895,0.6780719051126378,2.1339155506442564,2.8119874557568942,2.6726634285860156,2.134065492623913,True
C6orf163,DIG,0.9650005426710392,0.53605290024021,1.3922014973666668,1.9282543976068767,1.7724977043175913,1.392351439346321,True
CCDC81,DIG,0.9973741188428535,0.26303440583379406,1.4389066951655844,1.7019411009993786,1.5961411301350952,1.4390566371452391,True
ADIPOR2,DSG,-0.0283660852912516,1.232660756790275,-0.04092361057912205,1.191737146211153,1.051888675951712,-0.040773668599465934,False
CCT2,DSG,-0.12767520555351564,1.485426827170242,-0.18419638589653606,1.301230441273706,1.1492847190237625,-0.1840464439168804,False
NAP1L1P1,NEUTRAL,0.024769671805843094,0.13750352374993502,0.035735082678737005,0.17323860642867203,0.03588502465839491,0.03588502465839522,False
ART4,DIG,1.3470706414668074,0.7655347463629772,1.943412134171278,2.7089468805342554,2.5432134733736045,1.9435620761509325,True
MT1B,NEUTRAL,-0.014292308280771531,0.13750352374993502,-0.020619442279525356,0.11688408147040966,-0.02046950029986886,-0.020469500299869024,False
CEBPA-DT,DSG,0.07082941582514875,-0.7369655941662062,0.10218524696000438,-0.6347803472062018,-0.7721339289764813,0.10233518893965972,False
DNAH7,DIG,-0.654605704382592,0.4329594072761063,-0.9443964034503923,-0.511436996174286,-0.7045263235501291,-0.9442464614707355,True
RAB11B-AS1,DIG,-1.619856904118395,0.53605290024021,-2.3369595225213575,-1.8009066222811474,-1.944388333452755,-2.336809580541702,True
ASIC1,DIG,-1.0509476275533622,0.4854268271702419,-1.5161969305052572,-1.0307701033350152,-1.1693420187726722,-1.5160469885256018,True
SLC12A4,NEUTRAL,-0.07092617321870405,0.13750352374993502,-0.10232483837185594,0.03517868537807908,-0.10217489639219784,-0.1021748963921987,False
CHASERR,DIG,0.9534161703796672,0.26303440583379406,1.3754887809100929,1.638523186743887,1.461425301115943,1.3756387228897486,True
SLC45A1,NEUTRAL,-0.07095778922097298,0.13750352374993502,-0.10237045062154207,0.03513307312839295,-0.10222050864188534,-0.10222050864188585,False
CARD8-AS1,DIG,1.2486595689868945,0.6780719051126378,1.8014349679359432,2.4795068730485808,2.348035813255715,1.8015849099155987,True
HARS2,DIG,1.4750172978893323,0.4854268271702419,2.1280001408903786,2.6134269680606206,2.448143705502263,2.1281500828700346,True
NAT10,DIG,1.4907968641484024,0.37851162325372983,2.150765242879718,2.529276866133448,2.376654571364231,2.150915184859374,True
ST3GAL6,DIG,-1.4533471084544198,0.5849625007211562,-2.096736666057506,-1.51177416533635,-1.6329316729563053,-2.09658672407785,True
HMGCL,NEUTRAL,-0.017776184001081524,0.13750352374993502,-0.025645612504290045,0.11185791124564498,-0.02549567052463448,-0.025495670524634806,False
GPATCH2,DCG,-0.8149682203411466,1.1375035237499351,-1.1757506099682762,-0.03824708621834105,-0.17883947541503425,-1.1756006679886202,True
WDR82P2,NEUTRAL,0.05839748953798534,0.13750352374993502,0.08424976855681658,0.22175329230675161,0.08439971053647358,0.08439971053647388,False
BDP1P,NEUTRAL,-0.04664638921214897,0.13750352374993502,-0.06729651439174376,0.07020700935819126,-0.067146572412086,-0.06714657241208584,False
IL17RD,NEUTRAL,-0.03405358888052466,0.13750352374993502,-0.049128943802404484,0.08837457994753053,-0.04897900182274818,-0.04897900182274802,False
COQ10A,DIG,-1.2907852850324886,0.5849625007211562,-1.8622095295688184,-1.277247028847662,-1.399042850690804,-1.8620595875891617,True
NRP1,DSG,0.08140205068890766,1.1699250014423124,0.1174383348470791,1.2873633362893915,1.1703045443208626,0.1175882768267354,False
CAMTA1-AS1,NEUTRAL,-0.017014642488031178,0.13750352374993502,-0.024546940339981237,0.11295658340995378,-0.024396998360324846,-0.024396998360324846,False
RPL19P5,NEUTRAL,0.019991968442886927,0.13750352374993502,0.028842313730161624,0.16634583748009665,0.028992255709819816,0.028992255709819816,False
DNAJC18,DIG,-1.3714551509809842,0.32192809488736235,-1.9785915451218907,-1.6566634502345283,-1.8066588380295683,-1.9784416031422334,True
ASTL,DIG,-0.7450252779707641,0.4854268271702419,-1.074844273865343,-0.5894174466951011,-0.7562909835777699,-1.0746943318856843,True
DERL2,NEUTRAL,-0.0306985414779314,0.13750352374993502,-0.04428863355273578,0.09321489019719924,-0.04413869157307979,-0.04413869157307979,False
PYURF,NEUTRAL,0.03046045771331525,0.13750352374993502,0.043945151286207886,0.1814486750361429,0.044095093265865255,0.044095093265865255,False
ANKRD39,DIG,-0.6423923396645551,0.4329594072761063,-0.9267762427391122,-0.49381683546300587,-0.6353408164567056,-0.9266263007594562,True
HJURP,NEUTRAL,0.05939091883277458,0.13750352374993502,0.08568298407388283,0.22318650782381785,0.08583292605353818,0.08583292605353818,False
RAPGEF4-AS1,NEUTRAL,0.13280050442678198,0.13750352374993502,0.1915906291640712,0.32909415291400623,0.191740571143727,0.191740571143727,False
GPR62,NEUTRAL,-0.036556082804736025,0.13750352374993502,-0.052739279376718975,0.08476424437321604,-0.052589337397062466,-0.052589337397062966,False
RARB,NEUTRAL,-0.007844121101471231,0.13750352374993502,-0.01131667461322502,0.12618684913671,-0.011166732633567473,-0.01116673263356715,False
CCDC125,NEUTRAL,0.010420456434872738,0.13750352374993502,0.015033540822390388,0.1525370645723254,0.015183482802046165,0.01518348280204585,False
WNT9B,DIG,-1.3124557540406567,0.37851162325372983,-1.8934734077406408,-1.514961784486911,-1.6797922775594618,-1.893323465760981,True
N4BP1,NEUTRAL,-0.018356994925429443,0.13750352374993502,-0.026483545544540923,0.1110199782053941,-0.0263336035648849,-0.026333603564884574,False
STX12,NEUTRAL,0.02325828202189836,0.13750352374993502,0.033554608132589696,0.17105813188252472,0.033704550112245484,0.03370455011224517,False
GBA3,NEUTRAL,-0.01131301285464802,0.13750352374993502,-0.016321227542913794,0.12118229620702123,-0.016171285563257205,-0.01617128556325753,False
CLIC1P1,DIG,-1.4361846928475235,0.32192809488736235,-2.0719765341717613,-1.750048439284399,-1.90004382707944,-2.0718265921921053,True
TRMT11,DIG,-1.1467923869548062,0.4854268271702419,-1.6544716895889162,-1.1690448624186742,-1.3253344680097467,-1.6543217476092595,True
NDUFB9,DCG,-0.9992972394965898,1.3219280948873624,-1.441681171795761,-0.11975307690839854,-0.25464902609996953,-1.4415312298161054,True
ARPC3P5,DSG,-0.10364638477137167,-3.321928094887362,-0.1495301253157273,-3.4714582202030897,-3.6088118019733635,-0.14938018333607067,False
TGIF2P1,DCG,-1.0540070319813772,1.4594316186372973,-1.5206107181016282,-0.061179099464330866,-0.19390763234571903,-1.5204607761219515,True
C7orf57,DSG,0.07529372936668097,1.3504972470841334,0.10862588996734635,1.45912313705148,1.3249004805997329,0.10877583194700374,False
FKBP15,NEUTRAL,0.025558721120466126,0.13750352374993502,0.03687344021196049,0.1743769639618955,0.03702338219161819,0.037023382191617875,False
P4HA3,DSG,0.012302809927746365,-0.7369655941662062,0.017749202871759188,-0.719216391294447,-0.8565699730647262,0.017899144851415295,False
SLC7A6OS,NEUTRAL,0.022829461790982105,0.13750352374993502,0.032935951312013954,0.17043947506194898,0.03308589329167023,0.03308589329167085,False
LATS1,DIG,1.076171004372422,0.4854268271702419,1.552586571156588,2.03801339832683,1.8850522638978437,1.5527365131362425,True
PROCA1,DSG,0.048431905526699286,1.5360529002402097,0.06987246992417184,1.6059253701643814,1.4725366346925652,0.0700224119038281,False
MTARC2,DCG,-0.8890853235661261,1.3219280948873624,-1.2826789872360096,0.03924910765135281,-0.10066691620032149,-1.282529045256354,True
DIP2C,DCG,-0.743998163998958,1.1375035237499351,-1.0733624616317905,0.06414106211814463,-0.06015803854266354,-1.0732125196521347,True
CEBPA,DSG,0.1313511202244526,1.3785116232537298,0.18949960976302782,1.5680112330167577,1.4292054313682094,0.1896495517426847,False
UXS1,NEUTRAL,-0.008777060018264827,0.13750352374993502,-0.012662620961935461,0.12484090278799956,-0.012512678982278312,-0.01251267898227815,False
FOXQ1,DIG,-0.583684426762641,0.4854268271702419,-0.8420786279345795,-0.35665180076433767,-0.49562191388133875,-0.8419286859549243,True
SLC31A1,NEUTRAL,0.013132944654924553,0.13750352374993502,0.01894683412592887,0.1564503578758639,0.019096776105584613,0.019096776105584613,False
ZNF281,DCG,-0.963446374518944,1.4329594072761063,-1.3899593066809315,0.043000100595174784,-0.08980738862474433,-1.3898093647012744,True
RUBCN,DCG,-0.9155571099853294,1.3219280948873624,-1.320869702226466,0.0010583926608964678,-0.11731093682232925,-1.3207197602468095,True
FAM230I,NEUTRAL,0.025431109725159072,0.13750352374993502,0.036689335884790085,0.1741928596347251,0.03683927786444683,0.03683927786444652,False
LINC00472,DIG,1.5185621792705846,0.632268215499513,2.1908221253152096,2.8230903408147228,2.674485392733596,2.1909720672948656,True
RPL7P46,DCG,-0.8943976224231751,1.2630344058337937,-1.2903430144527943,-0.02730860861900064,-0.1548101755716409,-1.2901930724731359,True
ACTB,DSG,-0.01990062112925976,-3.321928094887362,-0.028710527413793176,-3.3506386223011555,-3.4879922040714337,-0.028560585434136837,False
RBPMS2,NEUTRAL,-0.02420470296410592,0.13750352374993502,-0.03492000493250601,0.10258351881742901,-0.03477006295284829,-0.034770062952849276,False
THAP10,NEUTRAL,0.030466333267572906,0.13750352374993502,0.04395362791919788,0.1814571516691329,0.04410356989885375,0.04410356989885375,False
SLC6A3,DCG,-0.9860102506205185,1.3785116232537298,-1.4225120988359061,-0.044000475582176346,-0.16583840300100722,-1.4223621568562466,True
KRT18P21,NEUTRAL,-0.003914339190881284,0.13750352374993502,-0.005647197739041747,0.13185632601089328,-0.0054972557593852426,-0.005497255759385564,False
BOD1,DIG,-1.4840303485676258,0.37851162325372983,-2.1410032244072337,-1.762491601153504,-1.8985852985203875,-2.1408532824275763,True
ZDHHC2,NEUTRAL,0.020699062202825358,0.13750352374993502,0.029862434391068327,0.16736595814100336,0.030012376370723598,0.03001237637072391,False
DYNLL1P4,NEUTRAL,-0.0324472580851901,0.13750352374993502,-0.046811498329948076,0.09069202541998694,-0.04666155635029103,-0.04666155635029053,False
CHST13,DIG,1.1219901979011562,0.4854268271702419,1.6186896944380247,2.1041165216082667,1.9918169725455155,1.618839636417681,True
USP37,NEUTRAL,0.008902089350483028,0.13750352374993502,0.012843000159492319,0.15034652390942735,0.012992942139149245,0.012992942139149562,False
RWDD2B,DIG,0.5893522601423491,0.4854268271702419,0.8502555830440693,1.3356824102143112,1.182721275785325,0.8504055250237236,True
HADHAP1,NEUTRAL,-0.052603431613672445,0.13750352374993502,-0.07589070992278696,0.06161281382714806,-0.07574076794313005,-0.07574076794313021,False
DGKE,DSG,-0.18344519021816125,-0.7369655941662062,-0.26465546620267383,-1.00162106036888,-1.1389746421391602,-0.26450552422301876,True
TTC39C,DIG,-0.6188652409867353,0.53605290024021,-0.8928338141501164,-0.3567809139099064,-0.5263691713672491,-0.8926838721704624,True
GAPDHP22,DIG,1.2406118740267924,0.2016338611696507,1.7898245983264167,1.9914584594960674,1.8273406625068533,1.7899745403060692,True
PLPPR1,NEUTRAL,0.014932364338435113,0.13750352374993502,0.021542847979807545,0.15904637172974256,0.021692789959464116,0.0216927899594638,False
KLRG2,DSG,-0.0180943184888874,1.3785116232537298,-0.026104583552183338,1.3524070397015464,1.2269760402544851,-0.02595464157252859,False
CYP27B1,DIG,-0.7378107799287045,0.5849625007211562,-1.0644359533175602,-0.47947345259640406,-0.6088208190608073,-1.0642860113379047,True
CCN1,NEUTRAL,-0.0357009618489022,0.13750352374993502,-0.05150560061437729,0.08599792313555774,-0.05135565863472164,-0.05135565863472181,False
ARHGAP11A,NEUTRAL,0.005761157058419388,0.13750352374993502,0.0083115927179641,0.14581511646789913,0.008461534697620652,0.008461534697620652,False
KCNB2,DCG,-0.8878281528063992,1.485426827170242,-1.280865273215401,0.2045615539548411,0.0840467088272687,-1.2807153312357429,True
CACFD1,NEUTRAL,0.07094765888827517,0.13750352374993502,0.10235583564079638,0.23985935939073139,0.10250577762045394,0.10250577762045394,False
CHORDC1,NEUTRAL,0.029806662817048354,0.13750352374993502,0.04300192463160512,0.18050544838154015,0.0431518666112615,0.0431518666112615,False
TM9SF2,DIG,-0.6060386596233354,0.26303440583379406,-0.8743289688255804,-0.6112945629917863,-0.7730166708578796,-0.8741790268459242,True
LINC01085,NEUTRAL,-0.07724611352030142,0.13750352374993502,-0.11144258490368478,0.026060938846250242,-0.11129264292402738,-0.11129264292402789,False
GPR4,DIG,-0.8518691289511776,0.632268215499513,-1.2289873678242649,-0.5967191523247519,-0.7185097775608893,-1.2288374258446102,True
NLRP12,DSG,0.02065801610985519,-3.321928094887362,0.029803217396292398,-3.29212487749107,-3.429478459261344,0.029953159375949685,False
HNRNPA3P15,DIG,1.1291029763026017,0.4854268271702419,1.6289512645647322,2.114378091734974,1.9621588961421284,1.6291012065443817,True
SLC10A1,NEUTRAL,0.04385115565025163,0.13750352374993502,0.06326384479386808,0.20076736854380312,0.06341378677352537,0.06341378677352537,False
LINC01187,DIG,1.571720479064005,0.4854268271702419,2.267513340809266,2.752940167979508,2.5822503115190205,2.267663282788917,True
MIR675,NEUTRAL,-0.021388293348212645,0.13750352374993502,-0.030856784746544786,0.10664673900339024,-0.03070684276688881,-0.030706842766889137,False
SDC2,DCG,-0.9247070840861582,1.2016338611696507,-1.3340703244859942,-0.1324364633163435,-0.27356118520304684,-1.3339203825063377,True
LINC00570,DIG,-1.6846699684041817,0.5849625007211562,-2.4304650089512796,-1.8455025082301235,-1.9764541808659533,-2.430315066971599,True
SPSB2,DSG,0.1583496633727825,1.2927817492278462,0.22845027407435006,1.5212320233021963,1.3962345528959783,0.2286002160540051,False
KCNT2,DCG,-0.8252027495578362,1.2630344058337937,-1.1905159145150277,0.07251849131876598,-0.033495110652405354,-1.1903659725353724,True
ARAP2,NEUTRAL,-0.011214439239814336,0.13750352374993502,-0.01617901587763074,0.12132450787230428,-0.016029073897975008,-0.016029073897975494,False
SNAPC3,DIG,0.9627811162899701,0.37851162325372983,1.3889995419330803,1.76751116518681,1.605636439287437,1.389149483912735,True
USP2,NEUTRAL,-0.02415200638953496,0.13750352374993502,-0.034843979845700646,0.10265954390423437,-0.03469403786604434,-0.03469403786604417,False
LNP1,DIG,1.324715730525625,0.53605290024021,1.9111608150169195,2.4472137152571296,2.335099566914811,1.911310756996576,True
ZZEF1,NEUTRAL,-0.0727519586331969,0.13750352374993502,-0.10495888993507219,0.03254463381486283,-0.1048089479554146,-0.1048089479554139,False
ADARB2,DCG,-0.9411586095186507,1.3504972470841334,-1.3578048586425098,-0.007307611558376337,-0.15148979507499544,-1.3576549166628527,True
ZNF550,DSG,0.16025229294955848,1.232660756790275,0.23119518832941344,1.4638559451196884,1.3404413857867774,0.23134513030906861,False
PIANP,DSG,-0.14237385317457993,1.232660756790275,-0.20540205192721986,1.027258704863055,0.8989233591751596,-0.2052521099475624,False
LINC02790,NEUTRAL,-0.0026885121589293346,0.13750352374993502,-0.0038787031590570317,0.133624820590878,-0.0037287611794005553,-0.0037287611794002344,False
C6orf58,DIG,1.385416864881268,0.4329594072761063,1.9987340405281404,2.4316934478042467,2.279899201871779,1.998883982507795,True
CLDN24,NEUTRAL,0.005723750705645492,0.13750352374993502,0.008257626758319456,0.14576115050825447,0.008407568737976281,0.008407568737976281,False
BCL10,NEUTRAL,0.056562011203365674,0.13750352374993502,0.08160173306580165,0.21910525681573667,0.08175167504545727,0.08175167504545727,False
HOTAIR,DIG,1.6066013684394773,0.5849625007211562,2.3178358269330563,2.9027983276542124,2.7455872131551153,2.317985768912712,True
TBX4,DCG,-0.8746099577902503,1.2927817492278462,-1.2617954488160998,0.030986300411746326,-0.1169742299067668,-1.2616455068364412,True
NAA15,NEUTRAL,0.006748153747045809,0.13750352374993502,0.009735527946019265,0.14723905169595428,0.009885469925675829,0.009885469925675511,False
RASSF8,DSG,-0.03923103460073888,1.232660756790275,-0.05659841906742932,1.1760623377228456,1.0504801474495855,-0.056448477087773806,False
CD2,DIG,-1.0331793477849232,0.37851162325372983,-1.4905627213982022,-1.1120510981444724,-1.2886152288373471,-1.4904127794185464,True
EFCAB6-AS1,NEUTRAL,-0.08905658937293831,0.13750352374993502,-0.12848149984682286,0.009022023903112159,-0.1283315578671658,-0.1283315578671658,False
TOE1,NEUTRAL,-0.022182996958629145,0.13750352374993502,-0.032003299704269225,0.1055002240456658,-0.0318533577246116,-0.031853357724611765,False
EI24,NEUTRAL,-0.08788587949153694,0.13750352374993502,-0.1267925225066054,0.010711001243329632,-0.12664258052694982,-0.1266425805269493,False
RND1,DIG,1.4127427737882794,0.4329594072761063,2.0381569937960693,2.471116401072176,2.319562243090852,2.0383069357757253,True
RASGEF1B,NEUTRAL,0.052329474898372697,0.13750352374993502,0.07549547392820578,0.2129989976781408,0.07564541590786338,0.07564541590786368,False
CAPN10,NEUTRAL,0.02166593872719631,0.13750352374993502,0.031257342357930255,0.16876086610786528,0.031407284337586924,0.03140728433758661,False
CTAGE1,NEUTRAL,0.035523692781194785,0.13750352374993502,0.051249855409492784,0.1887533791594278,0.05139979738915085,0.05139979738915085,False
LINC02321,NEUTRAL,-0.11173118740873188,0.13750352374993502,-0.16119402998721288,-0.023690506237277864,-0.16104408800755585,-0.16104408800755532,False
ZNF780B,DSG,0.09149904171962299,1.070389327891398,0.13200521373499247,1.2023945416263906,1.06504095985611,0.13215515571464714,False
GPR183,DIG,0.8203516771088026,0.32192809488736235,1.1835172963498137,1.5054453912371761,1.3040768543045422,1.183667238329471,True
SLC4A9,DIG,-0.6758153991450223,0.37851162325372983,-0.9749955249029191,-0.5964839016491892,-0.7613143947217403,-0.9748455829232598,True
PPARG,DIG,-0.7474409328440551,0.4329594072761063,-1.078329327171539,-0.6453699198954328,-0.8039225894779406,-1.0781793851918837,True
CTBP1-AS,NEUTRAL,-0.023538276504422802,0.13750352374993502,-0.03395855478400398,0.10354496896593104,-0.033808612804347785,-0.03380861280434795,False
CA7,NEUTRAL,0.02088572630616089,0.13750352374993502,0.030131733767262484,0.1676352575171975,0.030281675746918982,0.030281675746918982,False
RBM17,DCG,-0.8973290470593874,1.3219280948873624,-1.2945721662381975,0.027355928649164918,-0.12539207136057132,-1.2944222242585404,True
COL27A1,NEUTRAL,0.1000464466872028,0.13750352374993502,0.14433651249418955,0.28184003624412457,0.1444864544738472,0.14448645447384778,False
ZFP41,DCG,-1.1225047127601986,1.4329594072761063,-1.6194319824736287,-0.18647257519752247,-0.3233592348655837,-1.6192820404939734,True
MAP1B,NEUTRAL,0.007917869677569696,0.13750352374993502,0.011423071318234897,0.1489265950681699,0.011573013297891602,0.011573013297891921,False
GP9,DSG,-0.08222964649544677,1.070389327891398,-0.11863230321303359,0.9517570246783644,0.8144034429080848,-0.11848236123337559,False
MPC1,NEUTRAL,0.025854488451499638,0.13750352374993502,0.0373001422736995,0.1748036660236345,0.03745008425335697,0.03745008425335759,False
NPM1P26,NEUTRAL,-0.0023600542577889723,0.13750352374993502,-0.003404838573941034,0.134098685175994,-0.0032548965942837595,-0.0032548965942842414,False
CEACAM21,DIG,-1.1970618286949213,0.7224660244710913,-1.726995163895637,-1.0045291394245455,-1.1349428336860663,-1.7268452219159807,True
PRSS29P,DCG,-0.844611823728749,1.2016338611696507,-1.2185172895696494,-0.01688342839999879,-0.15412783959415075,-1.2183673475899846,True
GPR55,NEUTRAL,0.0014851328706102919,0.13750352374993502,0.002142593827490659,0.13964611757742568,0.0022925358071491098,0.00229253580714879,False
CSTB,DSG,-0.07913607824529852,1.3504972470841334,-0.11416922763989315,1.2363280194442403,1.0907511835306636,-0.11401928566023668,False
POGLUT3,NEUTRAL,-0.019492314965406772,0.13750352374993502,-0.028121466136038078,0.10938205761389694,-0.02797152415638071,-0.027971524156380385,False
OVCA2,NEUTRAL,-0.056205506552713204,0.13750352374993502,-0.08108740557425148,0.05641611817568354,-0.08093746359459404,-0.08093746359459439,False
TGFB2-OT1,DCG,0.7453629515310798,-0.7369655941662062,1.0753314338362496,0.3383658396700434,0.20101225789976426,1.075481375815906,True
CYP39A1,DSG,-0.029458814794488843,1.1375035237499351,-0.04250008601447548,1.0950034377354596,0.9582228756550496,-0.04235014403482039,False
OPLAH,DCG,-0.8295335444159694,1.2016338611696507,-1.1967639307799638,0.004869930389686861,-0.12950139571980857,-1.1966139888003087,True
TINF2,DIG,-0.5961216471465257,0.4329594072761063,-0.8600217441048531,-0.4270623368287468,-0.5667907635556365,-0.8598718021251958,True
ZNHIT1,DSG,0.04045539962663823,-3.321928094887362,0.0583648044185322,-3.26356329046883,-3.4009168722391068,0.05851474639819008,False
NPTX2,DSG,-0.04779127895246182,1.5109619192773793,-0.06894824114245776,1.4420136781349215,1.311082510484929,-0.06879829916280152,False
ALG6,NEUTRAL,-0.07988745129469305,0.13750352374993502,-0.11525322981211227,0.022250293937822754,-0.1151032878324561,-0.11510328783245627,False
TMEM139,DSG,0.02392240577398789,1.1043366598147357,0.03451273617626583,1.1388493959910015,0.9974828706233472,0.03466267815592099,False
EEF1A1P7,DSG,-0.04285971717936789,1.070389327891398,-0.06183350142857757,1.0085558264628205,0.8756863402246059,-0.0616835594489226,False
NRAS,NEUTRAL,0.08098465653189789,0.13750352374993502,0.11683616236666508,0.25433968611660007,0.11698610434632226,0.11698610434632166,False
FRS3,DSG,-0.0036949663169446386,1.2630344058337937,-0.005330709581707788,1.2577036962520858,1.1283114785590451,-0.005180767602050724,False
HES1,DCG,-0.9079630756733973,1.1375035237499351,-1.3099138265843009,-0.17241030283436576,-0.32985859995369704,-1.3097638846046444,True
SLC27A1,DIG,-1.3753243356112441,0.53605290024021,-1.9841735986002504,-1.4481206983600403,-1.6202061485228776,-1.9840236566205953,True
HECA,DIG,0.6276483018157349,0.37851162325372983,0.9055050924519402,1.28401671570567,1.12271464805318,0.905655034431597,True
LINC00310,DIG,1.3171800536092897,0.632268215499513,1.9002891312999812,2.532557346799494,2.390071718869531,1.9004390732796368,True
NAMA,NEUTRAL,0.00020889356120809614,0.13750352374993502,0.00030136970482855545,0.13780489345476357,0.0004513116844848079,0.0004513116844848079,False
GABRA5,NEUTRAL,0.0646562218801836,0.13750352374993502,0.09327921066915738,0.23078273441909242,0.0934291526488144,0.09342915264881471,False
LINC01588,DIG,-1.250988266086243,0.37851162325372983,-1.804794567692906,-1.4262829444391762,-1.5475345963416338,-1.8046446257132482,True
TPCN2,DCG,2.0794415416798357,-3.321928094887362,3.0,-0.3219280948873622,-0.45928167665764,3.0001499419796573,True
AGT,DCG,-0.8678974582564837,1.3504972470841334,-1.2521113590267652,0.09838588805736825,-0.06340987225938713,-1.25196141704711,True
GDI2,DCG,-0.8478528857311839,1.1699250014423124,-1.223193153647776,-0.05326815220546366,-0.2138231690969101,-1.22304321166812,True
AFAP1L1,DIG,-1.4454905706709378,0.32192809488736235,-2.0854020779587197,-1.7634739830713573,-1.9134693708663988,-2.0852521359790632,True
HTR4,DIG,-1.6923114671327784,0.37851162325372983,-2.4414893612719855,-2.0629777380182555,-2.196354939246789,-2.441339419292316,True
PSMC1,NEUTRAL,0.055462927796190824,0.13750352374993502,0.08001609088474715,0.21751961463468217,0.08016603286440335,0.08016603286440335,False
ZNF175,DSG,0.07901223241090427,1.1375035237499351,0.11399055586877782,1.251494079618713,1.1180080080746437,0.11414049784843301,False
PGM5,NEUTRAL,-0.0218422003299564,0.13750352374993502,-0.03151163409813138,0.10599188965180364,-0.031361692118474754,-0.031361692118474595,False
POLR2B,DIG,1.224703896290597,0.4854268271702419,1.7668742377358355,2.2523010649060775,2.110551871035809,1.7670241797154915,True
MTIF2,DIG,-0.9470513926539166,0.6780719051126378,-1.366306347648792,-0.6882344425361542,-0.827558469707034,-1.3661564056691367,True
HNRNPA1P22,NEUTRAL,0.08049267372679876,0.13750352374993502,0.11612638121354593,0.2536299049634809,0.11627632319320212,0.11627632319320183,False
LINC01993,DCG,-0.8328734685586833,1.232660756790275,-1.2015824227776024,0.03107833401267257,-0.09773474333882815,-1.2014324807979433,True
LMNB1,DIG,-0.5763009535685414,0.4854268271702419,-0.8314265277729154,-0.3459997006026735,-0.48204465257625306,-0.8312765857932587,True
HSBP1P2,NEUTRAL,-0.011412658166472467,0.13750352374993502,-0.01646498534013076,0.12103853840980426,-0.016315043360474586,-0.016315043360474422,False
RCC1,NEUTRAL,-0.03789272845992264,0.13750352374993502,-0.05466765143488248,0.08283587231505254,-0.054517709455225896,-0.054517709455226396,False
LUARIS,DSG,0.031691128345051,1.3219280948873624,0.045720633703580746,1.367648728590943,1.2290551855505356,0.045870575683238234,False
ZC3H12C,NEUTRAL,-0.035730429063286835,0.13750352374993502,-0.05154811281843881,0.08595541093149621,-0.05139817083878271,-0.05139817083878271,False
UVSSA,NEUTRAL,-0.07015942065873411,0.13750352374993502,-0.10121864825599838,0.036284875493936636,-0.10106870627634323,-0.10106870627634305,False
PRSS12,NEUTRAL,0.04526080403134343,0.13750352374993502,0.06529753752266637,0.2028010612726014,0.06544747950232319,0.06544747950232288,False
SYT7,DIG,1.18236378885167,0.37851162325372983,1.7057903747029899,2.08430199795672,1.951667222603006,1.7059403166826461,True
NUBPL,DIG,-1.1096037566290577,0.37851162325372983,-1.6008198370405058,-1.222308213786776,-1.351977035202357,-1.6006698950608504,True
KLHL32,DIG,-1.1880859824513164,0.5849625007211562,-1.7140457550322061,-1.12908325431105,-1.2618565331201486,-1.713895813052547,True
UNC79,NEUTRAL,0.0030286280957403443,0.13750352374993502,0.004369386734421579,0.1418729104843566,0.0045193287140798165,0.0045193287140798165,False
UBAC2-AS1,DIG,0.842663516654644,0.26303440583379406,1.2157064766157093,1.4787408824495034,1.3302113499316355,1.215856418595366,True
RB1-DT,NEUTRAL,0.033957171256307955,0.13750352374993502,0.04898984257409274,0.18649336632402774,0.04913978455374885,0.04913978455374885,False
CXADR,DIG,-1.651338434511954,0.5849625007211562,-2.3823777702997404,-1.7974152695785843,-1.9306751198513203,-2.382227828320086,True
CANX,DIG,-0.784476869181403,0.53605290024021,-1.1317608888601103,-0.5957079886199003,-0.7791588364510134,-1.1316109468804534,True
PSME2P1,NEUTRAL,0.03179795769561823,0.13750352374993502,0.04587475587786548,0.1833782796278005,0.04602469785752207,0.04602469785752207,False
CDC20,DIG,1.0935844278222495,0.4854268271702419,1.577708830812554,2.0631356579827957,1.9219108605248607,1.5778587727922082,True
KCTD1,DIG,-1.4336118598481513,0.32192809488736235,-2.0682647207625315,-1.7463366258751691,-1.8928901268854212,-2.0681147787828746,True
NAV2-AS3,DIG,-0.8744140826876404,0.4329594072761063,-1.2615128607769308,-0.8285534535008245,-0.9459328943882377,-1.2613629187972573,True
ST14,NEUTRAL,-0.0626410157657622,0.13750352374993502,-0.0903718828015125,0.047131640948422523,-0.09022194082185675,-0.09022194082185726,False
SMARCAL1-AS1,NEUTRAL,-0.00714064895849347,0.13750352374993502,-0.01030177884114747,0.12720174490878755,-0.010151836861491518,-0.010151836861491518,False
RAVER2,NEUTRAL,-0.04123154163326863,0.13750352374993502,-0.05948454064252348,0.07801898310741154,-0.05933459866286576,-0.059334598662865425,False
ILKAP,NEUTRAL,0.0361599574034468,0.13750352374993502,0.05216779122470886,0.18967131497464387,0.05231773320436547,0.05231773320436547,False
AIDAP2,NEUTRAL,0.039154911571553964,0.13750352374993502,0.056488596750726795,0.1939921205006618,0.056638538730384096,0.056638538730383485,False
GTSE1-DT,NEUTRAL,-0.01686253564772412,0.13750352374993502,-0.024327496555784953,0.11317602719415007,-0.024177554576127986,-0.024177554576127986,False
BECN1,NEUTRAL,-0.020337368351829366,0.13750352374993502,-0.02934062046591638,0.10816290328401865,-0.029190678486258666,-0.029190678486258503,False
TFPI2,DSG,-0.048804216014070395,1.4594316186372973,-0.07040960041797309,1.3890220182193243,1.2419887166883794,-0.07025965843831834,False
RAMP3,DSG,-0.040821502924306544,1.4059923596758368,-0.05889297983053137,1.3470993798453055,1.2005645085710503,-0.05874303785087429,False
MFSD4B,DIG,1.4175682187247893,0.632268215499513,2.045118639276055,2.677386854775568,2.528781906694439,2.0452685812557094,True
MIR4658,DSG,0.006359554975634499,1.5360529002402097,0.009174898425608626,1.5452277986658183,1.4057198605352317,0.009324840405265326,False
RPL29,NEUTRAL,-0.011081336718993317,0.13750352374993502,-0.015986989530912436,0.12151653421902259,-0.01583704755125521,-0.015837047551254885,False
SYBU,DCG,0.8381260232260982,-0.7369655941662062,1.20916025734828,0.4721946631820738,0.33484108141179403,1.209310199327935,True
GAREM1,NEUTRAL,0.0670560036860282,0.13750352374993502,0.09674136397966493,0.23424488772959995,0.09689130595932235,0.09689130595932235,False
ADH1C,NEUTRAL,0.008991108353162013,0.13750352374993502,0.012971427433202171,0.1504749511831372,0.013121369412860384,0.013121369412859749,False
PRKAR1B,DSG,-0.01711684445122555,1.4594316186372973,-0.024694386605450872,1.4347372320318463,1.2856313648599393,-0.02454444462579429,False
LINC01797,DIG,-0.7778251559191237,0.632268215499513,-1.1221644951232046,-0.48989627962369164,-0.6166449372344429,-1.122014553143542,True
EDN2,DIG,1.0716404615393875,0.4854268271702419,1.5460503794788343,2.0314772066490763,1.8902524091911408,1.5462003214584883,True
SLC30A7,NEUTRAL,0.03341379014064982,0.13750352374993502,0.04820590933322003,0.18570943308315505,0.04835585131287615,0.048355851312875835,False
HVCN1,DIG,1.051435815859115,0.5849625007211562,1.5169012373529867,2.101863738074143,1.945147339007263,1.5170511793326416,True
NSUN7,NEUTRAL,-0.00015269386706904956,0.13750352374993502,-0.00022029068479467642,0.13728323306514034,-7.034870513741069e-05,-7.034870513741069e-05,False
MXRA7,DCG,-0.9961963503744022,1.3219280948873624,-1.4372075344368345,-0.11527943954947206,-0.26793202518281845,-1.437057592457179,True
FAM13A-AS1,NEUTRAL,-0.006358159465145239,0.13750352374993502,-0.00917288512954626,0.12833063862038877,-0.00902294314989002,-0.00902294314989002,False
CELF6,NEUTRAL,-0.023921248021744845,0.13750352374993502,-0.034511065892846214,0.1029924578570888,-0.03436112391318948,-0.03436112391318915,False
TRIM45,DIG,-1.4935046773191218,0.2016338611696507,-2.1546717915127687,-1.953037930343118,-2.075567259814602,-2.1545218495331113,True
NRN1,DIG,-1.2249573375442604,0.5849625007211562,-1.7672398761756525,-1.1822773754544964,-1.3148938202232583,-1.767089934195998,True
KCNK6,DSG,0.09830543338476831,1.4594316186372973,0.14182476123664559,1.601256379873943,1.467519590926468,0.1419747032163012,False
PRR29,DCG,-0.9193663999021984,1.3219280948873624,-1.3263653458988411,-0.004437251011478738,-0.15566031441597686,-1.3262154039191854,True
MYF6,DIG,1.1022540286456264,0.4854268271702419,1.5902164209269265,2.0756432480971685,1.877634986527644,1.5903663629065823,True
BLMH,DIG,-1.1054105210863074,0.53605290024021,-1.5947702769177006,-1.0587173766774907,-1.1816800553504019,-1.5946203349380452,True
RPAP1,NEUTRAL,-0.03309985391633517,0.13750352374993502,-0.04775299509924589,0.08975052865068914,-0.04760305311958845,-0.04760305311958878,False
CCDC85A,DIG,1.1748296240518061,0.37851162325372983,1.6949208725089862,2.073432495762716,1.938380101617033,1.6950708144886426,True
MMP17,DIG,-1.0195493113481593,0.4329594072761063,-1.4708987354237473,-1.037939328147641,-1.1886958578819715,-1.4707487934440917,True
NPAS1,DIG,-1.6451279838697475,0.6780719051126378,-2.3734179839565432,-1.6953460788439054,-1.82681713863677,-2.3732680419768855,True
TTC29,NEUTRAL,-0.06017311199568378,0.13750352374993502,-0.08681145027102918,0.050692073478905836,-0.08666150829137206,-0.08666150829137206,False
PPP1R42,DCG,-0.8815660098360961,1.3785116232537298,-1.271830910606807,0.10668071264692269,-0.044481652702678356,-1.27168096862715,True
DCBLD1,DIG,1.2625686773213007,0.4329594072761063,1.8215015695531784,2.254460976829285,2.1068933408184995,1.8216515115328349,True
SH3BGRL3,NEUTRAL,-0.05698126772779298,0.13750352374993502,-0.08220659237445327,0.05529693137548175,-0.0820566503947951,-0.08205665039479611,False
NTN5,DIG,-0.8321652918004281,0.6780719051126378,-1.2005607396803948,-0.522488834567757,-0.6539598943606219,-1.2004107977007386,True
LYG1,DIG,-0.7697636093697248,0.632268215499513,-1.1105341418944912,-0.4782659263949782,-0.6419095866484393,-1.1103841999148363,True
RRM2,DIG,-1.2551823001713716,0.632268215499513,-1.8108452798688401,-1.1785770643693272,-1.3023799031058751,-1.8106953378891848,True
DSC2,NEUTRAL,0.05203728118184028,0.13750352374993502,0.07507392750238555,0.21257745125232058,0.07522386948204329,0.07522386948204329,False
ZNF30,DSG,-0.0789784023100154,1.1699250014423124,-0.11394174934999268,1.0559832520923198,0.9066842909013088,-0.11379180737033712,False
ENO1,NEUTRAL,0.02473655403512924,0.13750352374993502,0.03568730383516283,0.17319082758509785,0.03583724581482004,0.03583724581482004,False
MRPS10,DSG,0.04601198343792794,1.1699250014423124,0.06638126032736376,1.236306261769676,1.1029318192957185,0.06653120230702086,False
RPS25,NEUTRAL,-0.0053553331483413005,0.13750352374993502,-0.007726112575420274,0.12977741117451475,-0.007576170595762931,-0.0075761705957626095,False
ANGPTL1,DCG,-0.8874681720971845,1.3219280948873624,-1.2803459308314014,0.041582164055961046,-0.09096235886417914,-1.2801959888517451,True
KCNJ9,DCG,0.8978621148488216,-0.7369655941662062,1.2953412204944719,0.5583756263282657,0.4210220445579873,1.2954911624741283,True
NDUFA12,DIG,-0.9121280455788245,0.4329594072761063,-1.3159226080123125,-0.8829632007362063,-1.0366178200644478,-1.3157726660326579,True
LYPD6,NEUTRAL,-0.008314821713068125,0.13750352374993502,-0.011995752051319261,0.12550777169861577,-0.011845810071662143,-0.011845810071662143,False
LINC01843,NEUTRAL,0.0030800465436777147,0.13750352374993502,0.004443567874271031,0.14194709162420605,0.0045935098539280385,0.0045935098539280385,False
EMCN,NEUTRAL,0.0037969889568480924,0.13750352374993502,0.005477897138354901,0.1429814208882899,0.005627839118012594,0.005627839118011638,False
MIR3681HG,DIG,1.4985834872420842,0.5849625007211562,2.161998965402244,2.7469614661234,2.636522824575728,2.1621489073818974,True
MAU2,DIG,0.7734561030749326,0.5849625007211562,1.1158612842515083,1.7008237849726644,1.5441073859057852,1.1160112262311646,True
PNMA1,NEUTRAL,-0.006288091061334796,0.13750352374993502,-0.009071797790845928,0.12843172595908908,-0.008921855811188243,-0.008921855811188404,False
ARL9,DIG,-0.559519994581368,0.4329594072761063,-0.8072167214607594,-0.3742573141846531,-0.46879545980798676,-0.8070667794811043,True
FIBIN,DIG,-0.5715083294570128,0.53605290024021,-0.8245122327343682,-0.2884593324941582,-0.4052598896779427,-0.8243622907547122,True
RGL4,NEUTRAL,0.03340271574001167,0.13750352374993502,0.048189932350338555,0.18569345610027357,0.04833987432999586,0.04833987432999586,False
CTBP2P4,NEUTRAL,0.018087779116435374,0.13750352374993502,0.02609514923197627,0.16359867298191128,0.02624509121163241,0.026245091211632727,False
ABCC2,NEUTRAL,0.003294663277608016,0.13750352374993502,0.0047531943720040635,0.14225671812193907,0.00490313635165939,0.004903136351660347,False
FARP1,DIG,1.1075285090078708,0.26303440583379406,1.597825887588803,1.860860293422597,1.6997584894557662,1.5979758295684592,True
HRH4,DIG,1.2705145918054332,0.53605290024021,1.8329651009747643,2.3690180012149744,2.18860433404377,1.8331150429544192,True
GRASLND,DIG,-1.0665048075839056,0.632268215499513,-1.538641196985539,-0.906372981486026,-1.0231415309991458,-1.5384912550058838,True
LMNB2,NEUTRAL,0.021223529367050784,0.13750352374993502,0.030619080568005448,0.16812260431794046,0.03076902254766207,0.03076902254766207,False
TNFAIP8L3,NEUTRAL,-0.0005856062049716361,0.13750352374993502,-0.0008448511678263854,0.13665867258210862,-0.0006949091881697565,-0.0006949091881699168,False
RAB14,NEUTRAL,-0.014111261293724146,0.13750352374993502,-0.020358246689144203,0.11714527706079081,-0.02020830470948748,-0.020208304709487153,False
PPDPF,DCG,0.8743181948412589,-0.7369655941662062,1.2613745238564749,0.5244089296902686,0.3870553479199886,1.26152446583613,True
JARID2-AS1,DSG,0.13072145170474264,-0.7369655941662062,0.18859119011223835,-0.5483744040539679,-0.6857279858242448,0.18874113209189483,False
ARL14EPP1,DIG,0.855759641282556,0.632268215499513,1.2346001906712618,1.8668684061707748,1.7163671364315978,1.2347501326509187,True
H4C5,DSG,-0.12979179010780922,1.0356239097307214,-0.1872499719366376,0.8483739377940838,0.7124627871733508,-0.187100029956982,False
HHIP-AS1,NEUTRAL,-0.029739488320032526,0.13750352374993502,-0.042905012317886175,0.09459851143204884,-0.0427550703382293,-0.04275507033822946,False
PCNP,DIG,-1.0539060955604695,0.32192809488736235,-1.5204650976277394,-1.198537002740377,-1.314832982791548,-1.520315155648083,True
LINC02354,DIG,-1.0264672729580562,0.4854268271702419,-1.4808792443314056,-0.9954524171611637,-1.1607356797195114,-1.4807293023517347,True
DCLRE1CP1,DCG,-1.0231468599888203,1.4594316186372973,-1.4760889010069855,-0.01665728236968822,-0.14733662753023274,-1.4759389590273193,True
PJVK,NEUTRAL,0.06269384100480933,0.13750352374993502,0.09044809351191958,0.2279516172618546,0.09059803549157752,0.09059803549157722,False
EXTL3-AS1,NEUTRAL,-0.005241940191082661,0.13750352374993502,-0.0075625211183114995,0.12994100263162353,-0.007412579138654435,-0.007412579138654435,False
ASAP1-IT2,DCG,-0.9202141755166175,1.4059923596758368,-1.3275884275735503,0.07840393210228647,-0.06666109440401868,-1.3274384855938912,True
DIPK2A,DSG,-0.05819330016389417,-0.7369655941662062,-0.08395518555941303,-0.8209207797256193,-0.9582743614958993,-0.08380524357975802,False
PTOV1,DIG,-0.689719134673861,0.6780719051126378,-0.9950543752002065,-0.31698247008756864,-0.4484535298804357,-0.9949044332205522,True
RBM6,NEUTRAL,0.007864475091127124,0.13750352374993502,0.011346039213163881,0.1488495629630989,0.01149598119282033,0.011495981192820647,False
PCNA,DSG,-0.038282897258214016,1.3219280948873624,-0.055230546025287056,1.2666975488620753,1.1302544662422145,-0.05508060404562971,False
ACCS,DIG,1.3821196056952043,0.37851162325372983,1.993977101051881,2.3724887243056108,2.2662645524588036,1.994127043031535,True
KASH5,DIG,1.4260375666140117,0.632268215499513,2.0573373254753995,2.6896055409749122,2.5448274684503773,2.0574872674550537,True
CNOT7,NEUTRAL,-0.07030532983739844,0.13750352374993502,-0.10142915070447761,0.03607437304545741,-0.1012792087248199,-0.10127920872481938,False
SEMA4A,DCG,-0.81847680398694,1.1043366598147357,-1.1808124261946065,-0.07647576637987075,-0.2041365633282886,-1.1806624842149502,True
SYNPO,DIG,-1.0665235734239418,0.32192809488736235,-1.538668270369897,-1.2167401754825347,-1.3667355632775757,-1.5385183283902402,True
GDF7,DIG,0.9327207057391156,0.53605290024021,1.3456315367042762,1.8816844369444863,1.752555197812288,1.3457814786839304,True
RGS20,DCG,-0.9638985567209043,1.4059923596758368,-1.3906116677012779,0.015380691974558935,-0.12940663370561892,-1.3904617257216192,True
HYPK,NEUTRAL,-0.02315634245725788,0.13750352374993502,-0.0334075404282125,0.10409598332172251,-0.033257598448555144,-0.033257598448555144,False
PARVB,NEUTRAL,0.003355634172614974,0.13750352374993502,0.004841156779869163,0.14234468052980417,0.0049910987595270075,0.004991098759526688,False
NXPH3,DSG,-0.06654815751905793,-0.7369655941662062,-0.09600869683304247,-0.8329742909992487,-0.9703278727695281,-0.09585875485338677,False
PNPT1,DIG,-1.6465464997503971,0.53605290024021,-2.3754644697829788,-1.8394115695427686,-1.9717016704056687,-2.3753145278033228,True
KIF1C,NEUTRAL,0.03145861513085542,0.13750352374993502,0.04538518804251962,0.18288871179245464,0.04553513002217627,0.04553513002217627,False
RPS19,DSG,-0.010490186558362967,1.2927817492278462,-0.015134140125750315,1.2776476091020958,1.1510822144212942,-0.014984198146093395,False
APBB1,NEUTRAL,-0.007589927373253949,0.13750352374993502,-0.01094995058210087,0.12655357316783414,-0.01080000860244271,-0.010800008602442871,False
GPT2,NEUTRAL,0.0037333688994706997,0.13750352374993502,0.005386112797075466,0.14288963654701048,0.005536054776733305,0.005536054776733305,False
GRK3,NEUTRAL,-0.0032718234098820455,0.13750352374993502,-0.004720243408101245,0.1327832803418338,-0.004570301428444437,-0.004570301428444919,False
SHD,NEUTRAL,0.020981415373524003,0.13750352374993502,0.030269783910214537,0.16777330766014956,0.03041972588987075,0.03041972588987138,False
PGDP1,NEUTRAL,-0.04761866689513456,0.13750352374993502,-0.06869921458335408,0.06880430916658094,-0.06854927260369707,-0.0685492726036974,False
TMEM230,DSG,0.02713108441429518,1.2927817492278462,0.03914188093844351,1.3319236301662896,1.1846215148358856,0.03929182291809884,False
SF3B6,DIG,-0.7520460273977906,0.53605290024021,-1.084973074247038,-0.548920174006828,-0.70276224796064,-1.0848231322673831,True
PCDHGA11,DIG,-1.3076988860592331,0.4329594072761063,-1.8866106978936772,-1.453651290617571,-1.605205448598895,-1.8864607559140218,True
USP46,DIG,-1.2413494700099323,0.4854268271702419,-1.7908887243934726,-1.3054618972232306,-1.4472110910935,-1.7907387824138175,True
PHYHIPL,DIG,-1.1467943432475705,0.53605290024021,-1.6544745119227855,-1.1184216116825754,-1.2380922317274994,-1.6543245699431304,True
SCRIB,DCG,-0.8764134748609985,1.1699250014423124,-1.2643973739502268,-0.0944723725079144,-0.22617512720941269,-1.2642474319705697,True
LDHAL6B,NEUTRAL,0.02916944330637983,0.13750352374993502,0.04208261120360595,0.17958613495354098,0.04223255318326249,0.04223255318326187,False
PLSCR4,DSG,0.09128256825838492,-0.7369655941662062,0.13169290854598023,-0.605272685620226,-0.7426262673905035,0.13184285052563788,False
ZNF227,DIG,1.235850494434334,0.6780719051126378,1.7829553796005873,2.461027284713225,2.3458348462910315,1.783105321580243,True
NTHL1,DCG,0.7739268936677013,-0.7369655941662062,1.1165404915049928,0.3795748973387866,0.242221315568507,1.1166904334846484,True
SCAT2,DIG,-1.6053978213070312,0.4329594072761063,-2.3160994754536004,-1.8831400681774941,-2.0346942261588143,-2.3159495334739404,True
DDX18P5,NEUTRAL,-0.05125081814905234,0.13750352374993502,-0.0739393011851399,0.06356422256479512,-0.07378935920548284,-0.0737893592054825,False
PLA2G2C,NEUTRAL,0.04865592411757815,0.13750352374993502,0.07019566043429971,0.20769918418423472,0.07034560241395639,0.07034560241395639,False
STRIT1,DSG,0.08055943936160778,-0.7369655941662062,0.11622270366378672,-0.6207428905024195,-0.7580964722726963,0.11637264564344381,False
MAFF,NEUTRAL,0.050898802136518505,0.13750352374993502,0.07343144942954383,0.21093497317947885,0.07358139140920159,0.07358139140920159,False
ZNF830,DIG,0.8791774330749272,0.4854268271702419,1.268384922758686,1.753811749928928,1.6413094383010478,1.268534864738342,True
PYHIN1,DCG,-0.8925589693248495,1.2016338611696507,-1.2876903987459247,-0.08605653757627407,-0.2296495372635513,-1.2875404567662678,True
TUBGCP4,NEUTRAL,0.02253024069720575,0.13750352374993502,0.03250426652389344,0.17000779027382845,0.03265420850355033,0.03265420850355033,False
CHIT1,DCG,-0.9234682520228823,1.2016338611696507,-1.3322830676118118,-0.13064920644216116,-0.25022409012325786,-1.3321331256321562,True
ASAP2,DIG,-1.4901915173377966,0.5849625007211562,-2.149891912038039,-1.564929411316883,-1.724038234770182,-2.1497419700583844,True
CDHR5,NEUTRAL,-0.0513659727768466,0.13750352374993502,-0.07410543419559408,0.06339808955434094,-0.07395549221593703,-0.07395549221593636,False
RIOK1,DSG,0.061481187206930674,1.1043366598147357,0.08869860389140487,1.1930352637061405,1.06101061860859,0.08884854587106222,False
CAPN12,DSG,0.07782729460873997,-0.7369655941662062,0.11228105197783352,-0.6246845421883727,-0.7620381239586514,0.11243099395748976,False
LAMA4,DIG,-1.7078289429280848,0.4854268271702419,-2.4638763466489886,-1.9784495194787466,-2.1431997628109314,-2.4637264046693335,True
UBE2E3,NEUTRAL,-0.009999330039694604,0.13750352374993502,-0.014425983860479448,0.12307753988945558,-0.01427604188082179,-0.014276041880821629,False
RAB29,DCG,-1.0746753991960387,1.3785116232537298,-1.5504288689854921,-0.17191724573176237,-0.30791075340556673,-1.5502789270058366,True
FHAD1-AS1,NEUTRAL,-0.032988819729586547,0.13750352374993502,-0.04759280662865451,0.08991071712128051,-0.047442864648998676,-0.04744286464899834,False
ATG9B,DIG,-0.9594915392583241,0.4854268271702419,-1.3842536854629024,-0.8988268582926605,-1.039882632721629,-1.384103743483248,True
SUV39H2,DCG,-0.8860659591202907,1.232660756790275,-1.2783229651233665,-0.045662208333091536,-0.19557137219729068,-1.2781730231437107,True
IGSF23,DIG,-0.9744279057636788,0.6780719051126378,-1.4058023073490775,-0.7277304022364397,-0.8650839840067163,-1.405652365369417,True
PSMD12P1,NEUTRAL,0.06549437983172898,0.13750352374993502,0.09448841698933355,0.23199194073926857,0.09463835896899074,0.09463835896899105,False
GABRA4,NEUTRAL,-0.014254031050148884,0.13750352374993502,-0.0205642199087271,0.11693930384120792,-0.020414277929069653,-0.02041427792906949,False
KIFAP3,DCG,0.7327719425685202,-0.7369655941662062,1.0571664476461764,0.3202008534799702,0.1828472717096918,1.057316389625833,True
BRINP1,NEUTRAL,-0.033544587542384464,0.13750352374993502,-0.04839461009606377,0.08910891365387125,-0.048244668116405584,-0.04824466811640592,False
LSM5,DSG,0.07889303806092696,1.3219280948873624,0.11381859477116357,1.435746689658526,1.2978886622249608,0.11396853675082062,False
ATP6V0A4,DSG,-0.16640217496260024,1.2927817492278462,-0.24006759261168098,1.0527141566161653,0.9213746174264402,-0.2399176506320252,False
STMP1,DSG,-0.03314441571128384,1.4059923596758368,-0.04781728417983144,1.3581750754960054,1.211640204221749,-0.0476673422001757,False
FCRL2,DCG,-1.0842102522866754,1.485426827170242,-1.5641847542549585,-0.07875792708471652,-0.2118300794415598,-1.564034812275302,True
VIRMA,DCG,-1.0580074885677917,1.3785116232537298,-1.52638215698014,-0.14787053372641012,-0.279222262754522,-1.5262322150004854,True
MAGOH3P,NEUTRAL,-0.00046984515630415385,0.13750352374993502,-0.0006778432769857026,0.13682568047294932,-0.000527901297328069,-0.0005279012973285496,False
MYL6P5,DCG,0.8171116110962185,-0.7369655941662062,1.1788428691813058,0.44187727501509955,0.30452369324481926,1.1789928111609607,True
PSMC2,DSG,-0.06506514429348087,-3.321928094887362,-0.0938691610069297,-3.415797255894292,-3.55315083766457,-0.09371921902727268,False
FOXM1,DSG,0.12732961569699253,-0.7369655941662062,0.18369780512434863,-0.5532677890418576,-0.6906213708121354,0.18384774710400614,False
ABCB4,DSG,0.10053933818541667,1.5109619192773793,0.14504760461435903,1.6560095238917383,1.519283280072269,0.1451975465940151,False
PGM1,NEUTRAL,-0.017372234056660323,0.13750352374993502,-0.02506283592270621,0.11244068782722881,-0.02491289394304876,-0.02491289394304941,False
RUNX1T1,DCG,-0.9185572081401593,1.2927817492278462,-1.3251979289566191,-0.032416179728772976,-0.1886627130880851,-1.3250479869769627,True
JPH3,NEUTRAL,0.017961334375093823,0.13750352374993502,0.025912728030696327,0.16341625178063135,0.026062670010354526,0.026062670010353894,False
GNLY,DIG,-1.044726356591219,0.632268215499513,-1.5072215337401464,-0.8749533182406335,-1.021775945946419,-1.5070715917604918,True
FANCL,DIG,1.660582637068608,0.53605290024021,2.395714335485198,2.9317672357254083,2.8106090167565045,2.395864277464853,True
ATP8A2,NEUTRAL,0.009364909035577117,0.13750352374993502,0.013510707824003352,0.15101423157393837,0.013660649803659981,0.013660649803660298,False
ADCY2,DCG,-0.8373295654124397,1.1043366598147357,-1.2080112116102377,-0.103674551795502,-0.25477457772206924,-1.2078612696305808,True
FOXL1,NEUTRAL,0.01106981880815399,0.13750352374993502,0.01597037269806314,0.15347389644799816,0.016120314677720817,0.016120314677720498,False
KRT8P45,DCG,-0.906084220932249,1.2630344058337937,-1.3072032121666957,-0.04416880633290199,-0.17757245449721712,-1.3070532701870383,True
H3P14,NEUTRAL,0.026087587942209056,0.13750352374993502,0.037636433752979724,0.17513995750291475,0.03778637573263688,0.037786375732636567,False
KRT18P55,DSG,-0.08730426554710526,1.4059923596758368,-0.12595343095326195,1.2800389287225749,1.1337820413181616,-0.12580348897360494,False
GVINP2,NEUTRAL,0.061338040838406875,0.13750352374993502,0.08849208733541432,0.22599561108534932,0.08864202931507004,0.08864202931507034,False
TBX2-AS1,DCG,-0.8337928947373683,1.1375035237499351,-1.2029088743660548,-0.06540535061611963,-0.20390164766969118,-1.2027589323863976,True
BPNT2,DCG,-0.8420804766556392,1.1043366598147357,-1.2148653277005053,-0.11052866788576954,-0.2570502747796601,-1.2147153857208481,True
SHC2,NEUTRAL,0.04241352311422798,0.13750352374993502,0.061189779463526134,0.19869330321346115,0.061339721443181956,0.061339721443181956,False
KCNC3,DIG,-1.2867795292673037,0.632268215499513,-1.8564304455913738,-1.2241622300918609,-1.3689403026163942,-1.856280503611718,True
ZNF385D,DIG,-0.9529140932608666,0.4854268271702419,-1.3747644367406555,-0.8893376095704136,-1.0648064897015697,-1.3746144947610004,True
STRA6,NEUTRAL,-0.013988990096600148,0.13750352374993502,-0.020181846639409855,0.11732167711052516,-0.020031904659752332,-0.02003190465975282,False
IPO5P1,DIG,0.8988637432434419,0.6780719051126378,1.2967862648122042,1.974858169924842,1.8375045881545617,1.296936206791859,True
RTN3P1,NEUTRAL,-0.005501948805704284,0.13750352374993502,-0.007937634257214526,0.1295658894927205,-0.007787692277558627,-0.007787692277558627,False
ILK,NEUTRAL,0.04458477930433265,0.13750352374993502,0.0643222400014896,0.20182576375142464,0.06447218198114761,0.0644721819811473,False
KCNAB2,NEUTRAL,-0.013010593458796458,0.13750352374993502,-0.018770318662028038,0.11873320508790698,-0.018620376682371403,-0.01862037668237108,False
CHRNA2,NEUTRAL,-0.005407721276681201,0.13750352374993502,-0.007801692668377704,0.1297018310815573,-0.007651750688720369,-0.00765175068872069,False
SYN2,DIG,0.9465069863231349,0.53605290024021,1.3655209353351447,1.9015738355753546,1.7472281652215036,1.3656708773147996,True
C1GALT1,DSG,-0.003117257859194613,1.4594316186372973,-0.004497252454632215,1.454934366182665,1.32506014454879,-0.004347310474976848,False
ADGB,DIG,-0.9058914634433279,0.4854268271702419,-1.3069251218933349,-0.821498294723093,-0.9862485380552728,-1.306775179913674,True
MRPL9P1,DCG,-0.8702298448894644,1.232660756790275,-1.2554762816556022,-0.02281552486532723,-0.16844713140928416,-1.2553263396759338,True
NPHP4,NEUTRAL,-0.03319372478026419,0.13750352374993502,-0.04788842212912024,0.08961510162081478,-0.04773848014946442,-0.04773848014946426,False
ZNF154,DSG,-0.1341668090585041,1.1699250014423124,-0.19356179008060032,0.976363211361712,0.8510689070979625,-0.19341184810094478,False
NRADDP,NEUTRAL,-0.04845463249571505,0.13750352374993502,-0.06990525800966532,0.0675982657402697,-0.0697553160300083,-0.06975531603000813,False
DIRAS2,NEUTRAL,0.0033677314008843887,0.13750352374993502,0.004858609391101949,0.14236213314103696,0.00500855137075799,0.005008551370757671,False
BTBD18,DIG,-0.5606940647213953,0.4329594072761063,-0.8089105466294325,-0.3759511393533262,-0.5153115686838695,-0.808760604649774,True
C6orf15,DSG,-0.07112653862612792,1.2927817492278462,-0.10261390455151205,1.1901678446763342,1.0420480576570592,-0.1024639625718561,False
SESN2,NEUTRAL,-0.015889719620471303,0.13750352374993502,-0.022924019697570013,0.114579504052365,-0.022774077717913316,-0.022774077717913316,False
HOXC8,DIG,0.6861183921113434,0.4854268271702419,0.9898596017617445,1.4752864289319865,1.310003166373628,0.9900095437413997,True
RNU6ATAC18P,NEUTRAL,-0.06749363009024692,0.13750352374993502,-0.09737272542279335,0.04013079832714167,-0.09722278344313698,-0.09722278344313698,False
RNU6-342P,NEUTRAL,0.01820811196634263,0.13750352374993502,0.026268752837793508,0.16377227658772853,0.026418694817449812,0.026418694817449812,False
GGN,DSG,-0.017066413960407235,1.4059923596758368,-0.02462163078643769,1.381370728889399,1.240762217539188,-0.024471688806781487,False
CYP2B7P,DIG,0.8315329219125155,0.6780719051126378,1.1996484227790958,1.8777203278917336,1.762527889469539,1.1997983647587507,True
ZSWIM9,DIG,0.851997021466046,0.6780719051126378,1.2291718777212322,1.90724378283387,1.7757727230410034,1.2293218197008866,True
ZDHHC4,DSG,0.021760268890167037,1.070389327891398,0.03139343201625437,1.1017827599076524,0.9644291781373742,0.031543373995910715,False
LRATD1,DIG,-1.512744646187043,0.4329594072761063,-2.1824291991853766,-1.7494697919092703,-1.8761427618408635,-2.1822792572057206,True
CMTM8,NEUTRAL,0.05707000191648552,0.13750352374993502,0.0823346087484373,0.2198381324983723,0.08248455072809509,0.08248455072809478,False
PRDM10,NEUTRAL,-0.04552606345859776,0.13750352374993502,-0.06568022598291524,0.07182329776701978,-0.06553028400325767,-0.06553028400325817,False
SLC25A35,NEUTRAL,-0.039114399844297626,0.13750352374993502,-0.05643015068271623,0.08107337306721879,-0.05628020870305986,-0.05628020870305969,False
DBX2,DIG,0.8974414623078812,0.6780719051126378,1.29473434715972,1.9728062522723577,1.8129457935984608,1.294884289139376,True
CDK5P1,DCG,-0.7641813646539576,1.1043366598147357,-1.1024806651260253,0.0018559946887104495,-0.13230391807995048,-1.102330723146365,True
LCOR,NEUTRAL,0.0019464221339127057,0.13750352374993502,0.0028080935600723745,0.14031161731000738,0.0029580355397287087,0.0029580355397280694,False
PLPP4,NEUTRAL,0.0272481281031191,0.13750352374993502,0.03931073928787712,0.17681426303781214,0.039460681267534214,0.039460681267534214,False
FOXI3,DIG,-0.6320925732222273,0.7224660244710913,-0.9119168207704514,-0.18945079629936012,-0.333809472015185,-0.9117668787907945,True
NCK1-DT,DSG,0.08002164583289718,1.3785116232537298,0.11544683160689376,1.4939584548606235,1.3566048730903444,0.11559677358654905,False
B9D1,NEUTRAL,0.014341223166769591,0.13750352374993502,0.020690011542980405,0.1581935352929154,0.02083995352263801,0.020839953522638326,False
MDC1,DSG,0.04072494489984063,-0.7369655941662062,0.05875367604747636,-0.6782119181187298,-0.8155654998890085,0.05890361802713267,False
CCDC186,NEUTRAL,0.011487747138183723,0.13750352374993502,0.01657331582724404,0.15407683957717905,0.01672325780689971,0.016723257806900024,False
TTC12,NEUTRAL,0.02494893669859102,0.13750352374993502,0.03599370725050993,0.17349723100044495,0.03614364923016692,0.03614364923016661,False
PDE1B,DIG,-0.9170021330555435,0.4329594072761063,-1.322954429843834,-0.8899950225677278,-1.0381088773838405,-1.322804487864178,True
ASB5,NEUTRAL,0.07227873915482697,0.13750352374993502,0.10427617854037581,0.24177970229031082,0.10442612052003238,0.10442612052003238,False
SUCLA2,NEUTRAL,0.003995497838384847,0.13750352374993502,0.005764284917320393,0.14326780866725541,0.005914226896977964,0.005914226896977964,False
MIS18BP1,NEUTRAL,0.016183759343053442,0.13750352374993502,0.02334822934716363,0.16085175309709865,0.023498171326821277,0.023498171326821277,False
SLC30A5,NEUTRAL,-0.0311409175620631,0.13750352374993502,-0.044926847335520464,0.09257667641441455,-0.04477690535586274,-0.044776905355863074,False
SUPT7L,DIG,-0.7172510382617637,0.5849625007211562,-1.0347745159727066,-0.44981201525155046,-0.5953848385867724,-1.0346245739930529,True
LAMTOR3P2,NEUTRAL,-0.035750669588073034,0.13750352374993502,-0.05157731372317285,0.08592621002676218,-0.051427371743516276,-0.051427371743516276,False
LINC01152,DCG,-0.7578169840129965,1.1375035237499351,-1.093298804736981,0.0442047190129542,-0.10816721786198528,-1.093148862757324,True
MEGF8,DIG,-1.4811327974836357,0.632268215499513,-2.1368229418276385,-1.5045547263281256,-1.6554618710426172,-2.136672999847983,True
ARHGAP1,DIG,0.8188904043823694,0.53605290024021,1.1814091254340022,1.7174620256742124,1.5982900343740183,1.1815590674136571,True
EIF2AK3,DIG,-1.5138561582481862,0.632268215499513,-2.184032772123876,-1.5517645566243632,-1.678513214235119,-2.183882830144221,True
KCNK5,DSG,-0.03577627089523823,1.1375035237499351,-0.051614248602060354,1.0858892751478748,0.9427172661728715,-0.051464306622404844,False
IGFALS,DCG,-0.7900468929577441,1.1043366598147357,-1.1397967345398712,-0.03546007472513546,-0.1648654619366121,-1.139646792560214,True
LINC00641,DIG,-0.651415847069256,0.37851162325372983,-0.9397944121232991,-0.5612827888695693,-0.7109741975881442,-0.9396444701436425,True
PUM2,DIG,0.9987291137515183,0.632268215499513,1.440861539600745,2.0731297551002577,1.9263071273944716,1.4410114815803992,True
C3orf52,DIG,-1.1724771004037051,0.632268215499513,-1.6915268983082967,-1.0592586828087838,-1.196899702441036,-1.6913769563286423,True
CTNNBL1,DCG,-0.9964086681938873,1.3785116232537298,-1.4375138443020978,-0.05900222104836805,-0.24439299034305736,-1.4373639023224407,True
TNFRSF9,NEUTRAL,-0.015947975876636714,0.13750352374993502,-0.023008065709440608,0.11449545804049441,-0.02285812372978439,-0.022858123729783738,False
CDKN2AIP,NEUTRAL,0.06120253857064766,0.13750352374993502,0.08829659888568889,0.2258001226356239,0.08844654086534504,0.08844654086534533,False
TMEM51-AS1,NEUTRAL,0.018479320061921812,0.13750352374993502,0.026660023412334533,0.16416354716226955,0.026809965391990397,0.02680996539199071,False
TNP1,NEUTRAL,-0.028854603365356148,0.13750352374993502,-0.04162839318201731,0.09587513056791772,-0.041478451202360045,-0.04147845120236021,False
RASAL2,DCG,-1.0021734961758797,1.5109619192773793,-1.4458307330432962,0.0651311862340831,-0.06591683021188836,-1.4456807910636407,True
MT1P3,DCG,-0.7171374049650394,1.070389327891398,-1.0346105777790426,0.03577875011235543,-0.11931225513739727,-1.0344606357993882,True
MRPL43,NEUTRAL,-0.026615124574976216,0.13750352374993502,-0.03839750823696017,0.09910601551297485,-0.038247566257302315,-0.038247566257302475,False
LRRC59,DSG,0.014922612993089139,1.2016338611696507,0.021528779762234912,1.2231626409318856,1.0800293661341953,0.021678721741891373,False
MTAP,DIG,-1.4952034571940467,0.4854268271702419,-2.1571226128138847,-1.6716957856436427,-1.8405703740662998,-2.1569726708342283,True
CYP4F23P,DIG,-0.9324537536659152,0.632268215499513,-1.345246406272115,-0.712978190772602,-0.8577562632971376,-1.3450964642924614,True
AKAP12,DIG,0.6088453083061484,0.53605290024021,0.8783781069617923,1.4144310072020023,1.2739035729345005,0.8785280489414486,True
ADGRE3,DIG,-1.2653405103778965,0.4854268271702419,-1.8255004793581013,-1.3400736521878596,-1.4957623065704062,-1.8253505373784378,True
IGFBP6,DIG,0.767525256198361,0.53605290024021,1.1073048808744066,1.6433577811146165,1.4991372008337798,1.1074548228540624,True
SGSH,DCG,-0.8508421191306924,1.2016338611696507,-1.2275057058493066,-0.025871844679655975,-0.17156310227854496,-1.2273557638696515,True
ITLN2,DCG,-0.7699733726349781,1.070389327891398,-1.1108367663170329,-0.04044743842563481,-0.17780102019591218,-1.1106868243373729,True
KRT35,DIG,-0.9193394258221522,0.32192809488736235,-1.3263264305273261,-1.0043983356399637,-1.1506825568595382,-1.3261764885476595,True
DRC1,DIG,-1.352781837816767,0.5849625007211562,-1.9516516488229079,-1.3666891481017518,-1.5007000749081314,-1.951501706843249,True
RSPH6A,DIG,-1.236396846990463,0.6780719051126378,-1.7837435997238913,-1.1056716946112535,-1.2208641330334349,-1.7835936577442133,True
MST1R,NEUTRAL,0.06843717281998414,0.13750352374993502,0.09873396983985208,0.2362374935897871,0.09888391181950754,0.09888391181950754,False
LNCOG,DIG,-1.642895341883461,0.632268215499513,-2.3701969624348473,-1.7379287469353344,-1.8856958249515074,-2.3700470204551913,True
TPPP3,NEUTRAL,-0.006771258270009932,0.13750352374993502,-0.009768860726721711,0.12773466302321332,-0.009618918747065823,-0.009618918747065662,False
TMEM97,DSG,0.02027609087406571,1.4329594072761063,0.02925221575262857,1.4622116230287348,1.3411152665953414,0.029402157732285744,False
GAL3ST1,NEUTRAL,-0.08708945508837243,0.13750352374993502,-0.125643524969717,0.011859998780218012,-0.1254935829900611,-0.12549358299006075,False
GRHL1,DIG,1.7213654518684602,0.4329594072761063,2.483405400968217,2.9163648082443236,2.789691838312729,2.483555342947872,True
MIR1287,NEUTRAL,0.029197167015172998,0.13750352374993502,0.0421226080607969,0.17962613181073192,0.04227255004045388,0.04227255004045388,False
FAM81B,NEUTRAL,-0.01780117485346428,0.13750352374993502,-0.02568166668309024,0.11182185706684478,-0.025531724703434275,-0.025531724703433952,False
RBM44,NEUTRAL,0.028906843170563298,0.13750352374993502,0.04170375928992667,0.1792072830398617,0.0418537012695838,0.04185370126958411,False
ATP5MGL,NEUTRAL,-0.013860234322457962,0.13750352374993502,-0.019996091322569104,0.11750743242736592,-0.01984614934291175,-0.01984614934291159,False
HAGH,DCG,-0.7447110774010774,1.0,-1.0743909782616115,-0.07439097826161145,-0.21632344300815723,-1.0742410362819568,True
DYNC1LI1,NEUTRAL,0.022143009031148433,0.13750352374993502,0.031945609319597376,0.1694491330695324,0.03209555129925548,0.03209555129925517,False
AP2A2,NEUTRAL,-0.027254004448697116,0.13750352374993502,-0.03931921706250108,0.09818430668743394,-0.03916927508284365,-0.03916927508284415,False
ITPKC,DSG,-0.004331241587771393,-0.7369655941662062,-0.0062486607595698285,-0.7432142549257761,-0.8805678366960535,-0.006098718779912926,False
C5orf47,DIG,-1.14150989229187,0.4329594072761063,-1.6468506607351756,-1.2138912534590693,-1.3646477831933892,-1.6467007187555045,True
ZNF417,DSG,0.005238360309085162,0.9634741239748862,0.007557356440306741,0.9710314804151929,0.8410323819964615,0.007707298419963387,False
FKBP5,DIG,-0.5689063683176482,0.632268215499513,-0.8207583963020212,-0.18849018080250823,-0.31028080603864633,-0.8206084543223671,True
PCDHGB9P,DIG,0.6801075073270082,0.37851162325372983,0.981187728092029,1.359699351345759,1.2263221501172155,0.9813376700716854,True
PITRM1,DCG,-0.882379846292742,1.3219280948873624,-1.2730050284269048,0.04892306646045763,-0.0753424613570521,-1.2728550864472503,True
PLTP,DCG,0.8191588524147081,-0.7369655941662062,1.1817964140789936,0.4448308199127874,0.3074772381425075,1.1819463560586485,True
CLCA4-AS1,NEUTRAL,-0.012782387688241647,0.13750352374993502,-0.018441087328546366,0.11906243642138865,-0.018291145348890245,-0.01829114534889008,False
TRAM1L1,NEUTRAL,-0.015295261451106426,0.13750352374993502,-0.022066397844611372,0.11543712590532365,-0.021916455864954273,-0.021916455864954273,False
LINC02391,DIG,1.677227589337084,0.53605290024021,2.419727925578762,2.955780825818972,2.7723299779878583,2.4198778675584185,True
PLXNA1,DIG,0.6458517297108504,0.5849625007211562,0.9317670876034031,1.5167295883245593,1.4011239283912549,0.9319170295830578,True
MFF-DT,NEUTRAL,0.0778366843868297,0.13750352374993502,0.11229459856411861,0.24979812231405363,0.11244454054377472,0.112444540543775,False
COL26A1,DSG,0.0645032681950808,-0.7369655941662062,0.09305854514617387,-0.6439070490200324,-0.7812606307903115,0.09320848712582942,False
ARSK,NEUTRAL,-0.03829542533964752,0.13750352374993502,-0.05524862022624303,0.082254903523692,-0.05509867824658668,-0.05509867824658668,False
NDUFA13,DIG,-0.7340125416840841,0.632268215499513,-1.0589562538379318,-0.42668803833841884,-0.5714661108629534,-1.0588063118582773,True
ARL2BP,NEUTRAL,-0.03111124114579193,0.13750352374993502,-0.04488403331693469,0.09261949043300033,-0.04473409133727859,-0.044734091337278424,False
DNAAF4-CCPG1,NEUTRAL,0.022208709496197805,0.13750352374993502,0.0320403950547082,0.16954391880464323,0.0321903370343648,0.0321903370343648,False
KHDC4,DCG,-1.0460851513146114,1.3785116232537298,-1.5091818601491709,-0.1306702368954411,-0.2822415443792041,-1.5090319181695162,True
MED4,NEUTRAL,0.0067394563844731595,0.13750352374993502,0.00972298030416689,0.1472265040541019,0.009872922283823407,0.00987292228382309,False
CADM2,NEUTRAL,0.018347634272235423,0.13750352374993502,0.02647004097659843,0.16397356472653346,0.02661998295625434,0.026619982956254656,False
ZNF20,DIG,-1.1669881642574989,0.4329594072761063,-1.6836080373504088,-1.2506486300743025,-1.4014051598086321,-1.683458095370752,True
DDX31,NEUTRAL,-0.048298011836742274,0.13750352374993502,-0.06967930216166454,0.06782422158827048,-0.06952936018200769,-0.06952936018200752,False
RAX2,NEUTRAL,0.010234719161042589,0.13750352374993502,0.014765578578527394,0.1522691023284624,0.014915520558183397,0.014915520558183397,False
TULP3,DSG,0.012707742101169513,1.1043366598147357,0.018333396510253154,1.122670056324989,0.9813035309573341,0.018483338489908015,False
NCOA4,DIG,1.1169011182038395,0.53605290024021,1.6113477043960174,2.1474006046362275,1.9997629996149988,1.6114976463756734,True
AGAP1,NEUTRAL,-0.04144804276761227,0.13750352374993502,-0.059796885755387885,0.07770663799454713,-0.05964694377573094,-0.059646943775731105,False
SNX6,DIG,1.2318522357296102,0.26303440583379406,1.777187111595091,2.040221517428885,1.913076572785353,1.777337053574747,True
FAM187B,DSG,0.019477903389814703,-3.321928094887362,0.028100674627400003,-3.2938274202599622,-3.431181002030204,0.028250616607057116,False
DPY19L1P2,DSG,0.08544405019094455,1.1375035237499351,0.12326970748394339,1.2607732312338786,1.128996950075535,0.12341964946359894,False
KRT18P33,DIG,-0.6486730216249486,0.53605290024021,-0.9358373514567726,-0.3997844512165626,-0.5423277536035958,-0.9356874094771143,True
LINC02433,NEUTRAL,0.005326152852041047,0.13750352374993502,0.007684014306656228,0.14518753805659124,0.007833956286313507,0.007833956286313507,False
SLC22A1,NEUTRAL,0.03452346917271894,0.13750352374993502,0.04980683776976462,0.18731036151969965,0.049956779749421046,0.04995677974942074,False
SAFB,DIG,1.2411627671689773,0.4329594072761063,1.7906193691307066,2.223578776406813,2.0728222466724837,1.790769311110364,True
KPNA6,NEUTRAL,-0.024626136427053524,0.13750352374993502,-0.035528004899565174,0.10197551885036985,-0.03537806291990911,-0.03537806291990911,False
SNORC,NEUTRAL,-0.024814189859281494,0.13750352374993502,-0.03579930865366262,0.1017042150962724,-0.03564936667400554,-0.035649366674005374,False
FAM221A,DSG,0.06207739534202299,1.3219280948873624,0.0895587504112402,1.4114868452986027,1.2707212570418174,0.0897086923908956,False
GKAP1,NEUTRAL,-0.05918099066050356,0.13750352374993502,-0.08538012174080455,0.05212340200913047,-0.08523017976114888,-0.08523017976114854,False
SULT1E1,DIG,1.6122374421538688,0.4329594072761063,2.3259669625308934,2.758926369807,2.610812514990888,2.32611690451055,True
CLEC4E,DSG,-0.07982672226209134,1.3504972470841334,-0.11516561633793979,1.2353316307461937,1.0882267362840727,-0.11501567435828272,False
LACC1,NEUTRAL,0.02361261032774957,0.13750352374993502,0.034065795822287824,0.17156931957222285,0.034215737801943986,0.034215737801943986,False
ZNF136,DIG,0.9061605007040746,0.4854268271702419,1.3073132606152285,1.7927400877854702,1.636521752199014,1.3074632025948851,True
RAN,DIG,1.7314312635527545,0.53605290024021,2.4979272975676707,3.033980197807881,2.8904984866362713,2.498077239547325,True
SMIM23,DIG,0.6751016178369474,0.37851162325372983,0.9739657561494803,1.3524773794032101,1.1840324086616556,0.9741156981291343,True
TP53AIP1,NEUTRAL,0.023960139030465087,0.13750352374993502,0.03456717375826208,0.1720706975081971,0.03471711573791771,0.034717115737918025,False
NIF3L1,NEUTRAL,-0.02493387027741137,0.13750352374993502,-0.035971970999390104,0.10153155275054492,-0.0358220290197344,-0.03582202901973375,False
BTBD7P1,DCG,-0.7829734228296884,1.232660756790275,-1.129591874264249,0.10306888252602597,-0.024557770197440983,-1.1294419322845908,True
SEPTIN11,DIG,0.7687182959012241,0.4329594072761063,1.1090260733373107,1.541985480613417,1.417983753281513,1.1091760153169652,True
DCLRE1C,DCG,-1.0519114023840752,1.5360529002402097,-1.5175873636740602,0.018465536566149465,-0.1156522454759665,-1.5174374216944042,True
PSMB2,NEUTRAL,-0.033638782354265435,0.13750352374993502,-0.04853050448404192,0.0889730192658931,-0.04838056250438402,-0.048380562504384356,False
GIPC1,DIG,0.723827214409477,0.5849625007211562,1.0442619326890248,1.6292244334101809,1.4725080343433012,1.04441187466868,True
ZFP69,DIG,-0.8769249786986771,0.37851162325372983,-1.2651353180002414,-0.8866236947465116,-1.0503919428157178,-1.2649853760205843,True
CEP83,DIG,0.878319915277303,0.5849625007211562,1.2671477860845797,1.8521102868057358,1.6930014633524366,1.2672977280642335,True
RMC1,NEUTRAL,0.0075509753556833184,0.13750352374993502,0.010893754699519101,0.1483972784494541,0.011043696679175062,0.011043696679175062,False
TUSC2,NEUTRAL,0.027570288123008664,0.13750352374993502,0.039775517950944486,0.1772790417008795,0.03992545993060153,0.03992545993060184,False
ZFP14,DSG,0.009888604466989127,1.3504972470841334,0.014266240625837666,1.364763487709971,1.2311249036370853,0.014416182605492258,False
CD300LF,DCG,-0.7749180298222207,1.1043366598147357,-1.1179703987199636,-0.013633738905227899,-0.14565838400277925,-1.1178204567403072,True
SPIN1,NEUTRAL,-0.008018099963993377,0.13750352374993502,-0.011567673055405223,0.12593585069452978,-0.011417731075747131,-0.011417731075747293,False
C11orf71,NEUTRAL,0.012666595773812782,0.13750352374993502,0.018274034907824803,0.15577755865775983,0.018423976887480382,0.018423976887480382,False
TMEM30A,DIG,0.6518145042008435,0.5849625007211562,0.9403695527900554,1.5253320535112116,1.3925587747021084,0.9405194947697089,True
SDCBPP1,DCG,-0.8623758011127891,1.2927817492278462,-1.244145291648068,0.04863645757977819,-0.10907387735786941,-1.2439953496684044,True
MGAM2,DSG,-0.1358522401042947,1.3785116232537298,-0.1959933530921227,1.182518270161607,1.0415327167133879,-0.1958434111124678,False
MRAP-AS1,DIG,-0.6810331803182323,0.5849625007211562,-0.982523191925953,-0.39756069120479687,-0.5541176318235304,-0.982373249946298,True
BMS1,DIG,1.5930398962972485,0.53605290024021,2.298270758326309,2.834323658566519,2.6866860535452908,2.298420700305965,True
MTCO1P28,DCG,-0.8238930393173823,1.1699250014423124,-1.1886264020461232,-0.01870140060381087,-0.14691879486579082,-1.1884764600664623,True
IQCE,DSG,-0.0448845504765551,1.3785116232537298,-0.0647547183850564,1.3137569048686735,1.1652440529682975,-0.06460477640539987,False
MIR593,DIG,-0.8536841920406517,0.7224660244710913,-1.2316059503423498,-0.5091399258712584,-0.6608196192533641,-1.2314560083626802,True
RBM12B,DCG,-1.0885448801540825,1.3785116232537298,-1.570438300383366,-0.19192667712963618,-0.3292802588999139,-1.570288358403709,True
FN1,NEUTRAL,-0.02734445828747219,0.13750352374993502,-0.039449714367131246,0.09805380938280378,-0.039299772387475514,-0.039299772387475514,False
FBXO42,NEUTRAL,0.024815798431126013,0.13750352374993502,0.03580162933228562,0.17330515308222064,0.03595157131194235,0.035951571311942036,False
CASP2,DSG,-0.04644480652885956,-0.7369655941662062,-0.06700569205423304,-0.8039712862204392,-0.9413248679907175,-0.06685575007457584,False
LINC02408,DSG,-0.020120883301614167,-3.321928094887362,-0.029028298557544314,-3.3509563934449065,-3.4883099752151643,-0.028878356577886788,False
NR2C2,DIG,0.7864560630769556,0.4329594072761063,1.1346162620781817,1.567575669354288,1.4364124930258275,1.1347662040578388,True
ANGPT4,DSG,-0.0561420186500586,-3.321928094887362,-0.08099581189193523,-3.4029239067792973,-3.540277488549576,-0.08084586991227875,False
PRF1,DIG,-1.7054144908952835,0.53605290024021,-2.460393028674802,-1.9243401284345918,-2.0573367478194937,-2.4602430866951446,True
CCNC,DIG,-1.548994169272963,0.5849625007211562,-2.234726206376023,-1.649763705654867,-1.7825369844639682,-2.234576264396368,True
ZNF37BP,DIG,-0.669645791606899,0.5849625007211562,-0.9660946627034374,-0.38113216198228117,-0.5143920122550159,-0.9659447207237816,True
COX5A,NEUTRAL,0.051567628008663054,0.13750352374993502,0.074396361198505,0.21189988494844003,0.07454630317816024,0.07454630317816055,False
SLC25A22,NEUTRAL,-0.04406412578417381,0.13750352374993502,-0.06357109574993507,0.07393242799999995,-0.0634211537702768,-0.0634211537702773,False
SLC35C2,DCG,-0.7789771447893008,1.1699250014423124,-1.1238264637533684,0.04609853768894401,-0.07951845197328647,-1.123676521773711,True
ZNF300P1,DIG,1.3708170369571635,0.32192809488736235,1.9776709411842028,2.299599036071565,2.149603648276523,1.9778208831638582,True
FAM174B,DIG,-0.6242474066435921,0.4329594072761063,-0.9005986378525066,-0.4676392305764003,-0.6290315336701181,-0.9004486958728506,True
BIN2,DIG,1.285745152835091,0.5849625007211562,1.854938155842208,2.4399006565633643,2.3074974395938166,1.855088097821863,True
PREX1,DCG,-0.9269294460039477,1.2016338611696507,-1.3372765150038495,-0.13564265383419882,-0.26326182006697774,-1.3371265730241932,True
ADAMTS10,DIG,1.5695934363413342,0.4329594072761063,2.2644446668215097,2.697404074097616,2.580024633210191,2.264594608801165,True
TNRC6C,DCG,-0.883481618266235,1.0,-1.2745945493892534,-0.27459454938925343,-0.40593930818626633,-1.2744446074095968,True
GCN1,DIG,1.2707517635106491,0.53605290024021,1.8333072674177182,2.3693601676579283,2.1884262456251737,1.8334572093973736,True
EDC3,NEUTRAL,0.017367384689735477,0.13750352374993502,0.02505583976509228,0.1625593635150273,0.025205781744750272,0.025205781744749956,False
GPR17,NEUTRAL,0.012480895795969801,0.13750352374993502,0.018006126470697544,0.15550965022063257,0.018156068450353228,0.01815606845035291,False
POLR2E,NEUTRAL,-0.023264265298300627,0.13750352374993502,-0.033563240175783514,0.1039402835741515,-0.03341329819612565,-0.03341329819612565,False
SLC4A5,DIG,1.0782157303019841,0.4854268271702419,1.5555364871151445,2.0409633142853862,1.9122532024380676,1.5556864290948007,True
SLC35B1,DSG,-0.010585138022744071,1.1043366598147357,-0.01527112613253808,1.0890655336821977,0.9268257029012527,-0.015121184152882635,False
IFITM3P3,DIG,-1.628331361843186,0.5849625007211562,-2.3491855806551367,-1.7642230799339806,-1.8839591274390146,-2.349035638675463,True
ZBTB41,DCG,-0.9717425918791922,1.4594316186372973,-1.4019282183246986,0.05750340031259871,-0.08535518496542675,-1.4017782763450426,True
PRH1,DSG,-0.010284352034500049,1.2630344058337937,-0.014837183678929541,1.248197222154864,1.0925401818843332,-0.014687241699272565,False
ATP12A,NEUTRAL,-0.02122705313727178,0.13750352374993502,-0.030624164293828512,0.1068793594561065,-0.030474222314171868,-0.030474222314172194,False
NUP35,NEUTRAL,-0.009050333587963193,0.13750352374993502,-0.013056871385745317,0.1244466523641897,-0.01290692940608834,-0.012906929406087855,False
FAM210A,DIG,-1.0159994359724003,0.5849625007211562,-1.4657773478233658,-0.8808148471022096,-1.04015007067466,-1.4656274058437104,True
ITGA2,DIG,-1.5932645982061178,0.5849625007211562,-2.298594934655913,-1.713632433934757,-1.8772105394025629,-2.2984449926762567,True
IBTK,DIG,-1.2045420241029965,0.632268215499513,-1.7377868047157472,-1.1055185892162342,-1.2541235372973625,-1.7376368627360932,True
PKLR,DCG,-0.8716049549589913,1.3504972470841334,-1.257460146133585,0.0930371009505484,-0.05021726117819856,-1.2573102041539221,True
MTMR4,DCG,-1.0046367843498218,1.4059923596758368,-1.4493845066761228,-0.04339214700028604,-0.1742938458174051,-1.4492345646964677,True
MT1CP,NEUTRAL,0.046645706940109936,0.13750352374993502,0.06729553008125651,0.2047990538311915,0.06744547206091316,0.06744547206091285,False
LSINCT5,DCG,-0.9290804671082883,1.5109619192773793,-1.3403797824839292,0.17058213679345013,0.045469451345278446,-1.34022984050427,True
LINC02610,NEUTRAL,-0.03281739432755097,0.13750352374993502,-0.047345492051255385,0.09015803169867964,-0.04719555007159951,-0.04719555007159951,False
ZNF263,DCG,-0.8469277693510048,1.1699250014423124,-1.2218584928338465,-0.05193349139153414,-0.20079868876512433,-1.221708550854191,True
ATP5PBP3,DIG,0.8938294952181566,0.53605290024021,1.28952338015152,1.8255762803917301,1.6786792961164443,1.2896733221311756,True
RSPO1,NEUTRAL,0.05817226167475,0.13750352374993502,0.08392483343545694,0.22142835718539194,0.08407477541511409,0.08407477541511378,False
DYRK4,DSG,0.07116387123779244,1.2927817492278462,0.1026677641252239,1.39544951335307,1.247232670090059,0.10281770610487866,False
SOX11,DIG,-1.5150800852935349,0.4329594072761063,-2.1857985256026105,-1.7528391183265042,-1.8795120882580985,-2.1856485836229553,True
ACSM3,DCG,-0.871727698441143,1.2630344058337937,-1.2576372275465868,0.005397178287206872,-0.12835162081023255,-1.2574872855669306,True
BCKDHB,DIG,0.8160254716442773,0.632268215499513,1.1772759011802763,1.8095441166797892,1.6609391685986616,1.1774258431599307,True
TMEM120B,DIG,-1.0986011523922208,0.4329594072761063,-1.5849464344711572,-1.151987027195051,-1.3342052078267612,-1.5847964924915001,True
SFRP5,NEUTRAL,0.009256723159048665,0.13750352374993502,0.013354628596441528,0.15085815234637656,0.013504570576097316,0.013504570576096999,False
BACE1-AS,NEUTRAL,0.0007038272093914283,0.13750352374993502,0.0010154080246317317,0.13851893177456676,0.0011653500042893622,0.0011653500042893622,False
DOCK2,DIG,-1.1956153343193403,0.4854268271702419,-1.7249083136333123,-1.2394814864630703,-1.4101713429235538,-1.7247583716536563,True
PLCXD2,DSG,-0.07428341506639476,-0.7369655941662062,-0.10716831453658422,-0.8441339087027905,-0.9814874904730696,-0.10701837255692856,False
CAMK2B,DSG,-0.05486599751687333,1.2630344058337937,-0.07915490253101934,1.1838795033027742,1.0282224630322423,-0.07900496055136402,False
NDUFA6,NEUTRAL,-0.060656547548066216,0.13750352374993502,-0.08750890034504075,0.04999462340489427,-0.08735895836538288,-0.08735895836538288,False
GLRX3,NEUTRAL,0.03221803408562348,0.13750352374993502,0.046480798002520585,0.1839843217524556,0.046630739982177434,0.04663073998217774,False
RTP3,NEUTRAL,-0.027452451441679734,0.13750352374993502,-0.03960551555515643,0.09789800819477859,-0.03945557357549967,-0.03945557357549967,False
SPAG1,DCG,-0.8484581724901425,1.2016338611696507,-1.2240663978532413,-0.022432536683590687,-0.17084028139755061,-1.2239164558735849,True
RNU4-5P,NEUTRAL,0.022422334551084673,0.13750352374993502,0.03234859086200312,0.16985211461193814,0.03249853284165929,0.03249853284165929,False
PIDD1,NEUTRAL,-0.04046332992599334,0.13750352374993502,-0.058376245422084576,0.07912727832785044,-0.058226303442427574,-0.05822630344242724,False
SLC25A39P1,DCG,-0.8944503498746248,1.1699250014423124,-1.2904190840855194,-0.12049408264320705,-0.26705858243817615,-1.290269142105847,True
HACL1,DIG,1.4537197777540456,0.4854268271702419,2.0972743142079677,2.5827011413782097,2.4044618138906935,2.0974242561876233,True
MUSK,NEUTRAL,-0.01634680278378197,0.13750352374993502,-0.023583451310552152,0.11392007243938287,-0.023433509330895434,-0.02343350933089576,False
LINC02594,NEUTRAL,-0.045844662501612884,0.13750352374993502,-0.06613986724230513,0.0713636565076299,-0.06598992526264756,-0.06598992526264756,False
RTKN2,DIG,-0.734878888898193,0.5849625007211562,-1.0602061286674145,-0.4752436279462583,-0.6357876460292351,-1.0600561866877587,True
ENPEP,NEUTRAL,-0.017072761590692907,0.13750352374993502,-0.024630788481172228,0.11287273526876279,-0.02448084650151628,-0.02448084650151644,False
KRT222,DIG,1.1350157469738593,0.32192809488736235,1.6374815894900694,1.9594096843774318,1.81312546315785,1.6376315314697258,True
HSD11B1L,DIG,0.6844028266768587,0.4854268271702419,0.9873845640170928,1.4728113911873346,1.3054833564900485,0.9875345059967489,True
RORA,NEUTRAL,-0.06398769277902562,0.13750352374993502,-0.09231472705022681,0.04518879669970821,-0.0921647850705714,-0.09216478507057106,False
RPL35AP16,DIG,-1.3488873254090437,0.4329594072761063,-1.9460330550856046,-1.5130736478094984,-1.6952918284411915,-1.9458831131059242,True
ATP6V0B,DIG,0.7205872598815899,0.4329594072761063,1.0395876663589365,1.4725470736350428,1.3183936742844307,1.0397376083385927,True
MRPL23-AS1,NEUTRAL,-0.01879546772312295,0.13750352374993502,-0.02711612807533806,0.11038739567459696,-0.026966186095681795,-0.02696618609568212,False
FRMD4A,DCG,-0.8564630932194863,1.0356239097307214,-1.235615057292175,-0.19999114756145353,-0.3476967378189428,-1.23546511531252,True
ADTRP,DSG,-0.0704573683488943,1.4059923596758368,-0.10164849591103682,1.3043438637648,1.1580869763603876,-0.10149855393138003,False
TSPOAP1,DCG,-0.9874656357301816,1.2927817492278462,-1.4246117757162007,-0.1318300264883545,-0.2797905568068689,-1.4244618337365442,True
ZNF728,DIG,-1.3812530808937598,0.632268215499513,-1.9927269700180295,-1.3604587545185165,-1.5052368270430476,-1.992577028038371,True
UNC13B,DIG,0.6463319688280214,0.53605290024021,0.9324599261961866,1.4685128264363967,1.3235624092581724,0.932609868175843,True
GPN2,NEUTRAL,0.015688381366068843,0.13750352374993502,0.022633549996402342,0.16013707374633737,0.022783491976059014,0.022783491976058383,False
ANGPTL3,DIG,0.8407328395222846,0.26303440583379406,1.2129210982912968,1.475955504125091,1.3285312655958594,1.2130710402709524,True
CDS2,DSG,-0.04404806811333418,1.3219280948873624,-0.0635479294278465,1.258380165459516,1.1384813337681774,-0.06339798744818964,False
SCGB2A2,DIG,0.561432767730931,0.4854268271702419,0.8099762697979793,1.2954030969682213,1.1398851685909508,0.810126211777635,True
IPO4,NEUTRAL,0.009705218740611232,0.13750352374993502,0.014001670947822457,0.15150519469775747,0.014151612927479967,0.014151612927479967,False
PLBD1-AS1,DIG,1.4421740913071193,0.632268215499513,2.080617409627328,2.712885625126841,2.5655941833673523,2.080767351606984,True
MCM2,DIG,1.587977716878071,0.37851162325372983,2.2909675771821716,2.6694792004359016,2.5610592551494404,2.291117519161829,True
NCOA4P2,NEUTRAL,0.02978702858066326,0.13750352374993502,0.04297359841614071,0.18047712216607573,0.043123540395796814,0.043123540395796814,False
MARCHF9,DIG,0.7352671012442012,0.4329594072761063,1.0607662006938126,1.4937256079699188,1.3456117531538054,1.0609161426734672,True
DEPP1,DIG,-1.3151356280053483,0.632268215499513,-1.8973396486197085,-1.2650714331201955,-1.4136763812013236,-1.8971897066400545,True
GRIN3A,NEUTRAL,0.04166991607695991,0.13750352374993502,0.060116981278489356,0.19762050502842438,0.06026692325814764,0.06026692325814734,False
LRRC8C-DT,NEUTRAL,-0.011552339213115987,0.13750352374993502,-0.016666502493429543,0.12083702125650547,-0.016516560513773426,-0.01651656051377294,False
LPXN,DIG,-1.4835542897376819,0.4329594072761063,-2.140316416694102,-1.707357009417996,-1.8654043634462276,-2.1401664747144467,True
APPL1,NEUTRAL,-0.009410898146621934,0.13750352374993502,-0.013577056086442602,0.12392646766349241,-0.013427114106787433,-0.01342711410678695,False
SNORD58A,NEUTRAL,-0.020705586775112736,0.13750352374993502,-0.02987184735915125,0.10763167639078378,-0.02972190537949435,-0.029721905379494186,False
LINC00997,DSG,-0.0387301060625918,1.3504972470841334,-0.05587573194960477,1.2946215151345286,1.1490446792209508,-0.055725789969949875,False
EVX1,DSG,-0.08039362509560427,1.485426827170242,-0.1159834842445148,1.3694433429257271,1.2488451834984153,-0.11583354226485776,False
STC1,NEUTRAL,-0.023310813646030087,0.13750352374993502,-0.03363039524621438,0.10387312850372063,-0.033480453266558706,-0.033480453266558706,False
GTF2I,DSG,-0.0477324980886742,1.1043366598147357,-0.06886343828177219,1.0354732215329636,0.8885628047487247,-0.06871349630211644,False
ITPR1-DT,DIG,-1.5900780086316881,0.32192809488736235,-2.293997657679535,-1.9720695627921725,-2.133356917465096,-2.2938477156998758,True
RIOK3,NEUTRAL,-0.031912057564609714,0.13750352374993502,-0.046039367193025565,0.09146415655690945,-0.04588942521336754,-0.045889425213367876,False
TMPRSS5,NEUTRAL,0.058994864103373595,0.13750352374993502,0.08511159787985541,0.2226151216297904,0.0852615398595126,0.0852615398595126,False
SPINT2,DSG,-0.04237626465392007,1.2927817492278462,-0.06113602686760875,1.2316457223602375,1.0988674485758565,-0.060986084887951035,False
REX1BD,DIG,-1.371569924656259,0.53605290024021,-1.978757128534034,-1.4427042282938238,-1.5856790142262513,-1.9786071865543775,True
FAM78B-AS1,DCG,0.9437261161259954,-0.7369655941662062,1.3615089876923756,0.6245433935261694,0.48718981175589077,1.3616589296720305,True
LINC01985,NEUTRAL,-0.026644236987172727,0.13750352374993502,-0.03843950856966439,0.09906401518027064,-0.03828956659000815,-0.03828956659000815,False
KAZN-AS1,NEUTRAL,0.011984555216798944,0.13750352374993502,0.017290058378535793,0.1547935821284708,0.017440000358192237,0.017440000358192237,False
PSME3IP1,NEUTRAL,0.0206317904664236,0.13750352374993502,0.029765381790569524,0.16726890554050455,0.029915323770225166,0.029915323770225166,False
ST8SIA1,DSG,-0.06320306104341908,1.4059923596758368,-0.09118274273634315,1.3148096169394936,1.185324970076606,-0.09103280075668664,False
LINC01143,DIG,1.0536125169385544,0.7224660244710913,1.5200415532057916,2.242507577676883,2.104709390756165,1.5201914951854465,True
CSPG4P13,NEUTRAL,-0.02887164708387397,0.13750352374993502,-0.04165298207020128,0.09585054167973374,-0.041503040090543515,-0.041503040090543515,False
RPL9P18,DIG,-1.6437214622137641,0.53605290024021,-2.3713888021385534,-1.8353359018983433,-2.004757724395892,-2.3712388601588925,True
LY6E-DT,DCG,-0.8907890753276074,1.485426827170242,-1.2851369814532045,0.20028984571703745,0.07747277814509618,-1.2849870394735479,True
SLC1A5,DIG,-1.5986525862366003,0.5849625007211562,-2.3063681582678592,-1.7214056575467032,-1.8741455287121584,-2.306218216288204,True
MIR4775,NEUTRAL,-0.018127124496299808,0.13750352374993502,-0.026151912616388585,0.11135161113354644,-0.02600197063673249,-0.026001970636732326,False
NAGS,NEUTRAL,0.009694691421723611,0.13750352374993502,0.013986483237069428,0.15149000698700443,0.0141364252167256,0.014136425216724965,False
ASTE1,DSG,0.12237299429409647,1.2630344058337937,0.1765469120068264,1.43958131784062,1.2947503931997455,0.17669685398648222,False
STAT3,NEUTRAL,0.010124414057204174,0.13750352374993502,0.014606441952234973,0.15210996570217,0.014756383931891343,0.01475638393189166,False
H2AC8,DSG,0.009728051449010507,1.1699250014423124,0.014034611583000154,1.1839596130253125,1.0530468857579014,0.014184553562657456,False
MIR4793,NEUTRAL,-0.006473505532330011,0.13750352374993502,-0.009339294328659776,0.12816422942127526,-0.00918935234900328,-0.009189352349003603,False
RSL24D1P11,NEUTRAL,0.04158068458310475,0.13750352374993502,0.0599882474448134,0.19749177119474842,0.060138189424469794,0.060138189424469794,False
KCNK15-AS1,DCG,-1.0619061707339283,1.3504972470841334,-1.5320067664072272,-0.18150951932309378,-0.32559871301230514,-1.5318568244275719,True
STARD6,NEUTRAL,-0.03909714539095405,0.13750352374993502,-0.0564052577684442,0.08109826598149082,-0.05625531578878734,-0.056255315788787674,False
SCGB1A1,DIG,0.5596564117445425,0.32192809488736235,0.8074135298255634,1.1293416247129258,0.9921001256610104,0.8075634718052214,True
WNT8B,NEUTRAL,0.012022539707417053,0.13750352374993502,0.01734485841478123,0.15484838216471625,0.017494800394437963,0.01749480039443828,False
HNRNPA1P51,NEUTRAL,0.03778116575721935,0.13750352374993502,0.054506700476944274,0.1920102242268793,0.054656642456600624,0.05465664245660093,False
RPL26,NEUTRAL,0.014901001960434705,0.13750352374993502,0.02149760163259587,0.1590011253825309,0.0216475436122539,0.021647543612253583,False
APOC2,DIG,1.4844627726749697,0.632268215499513,2.1416270805224595,2.7738952960219727,2.652104670785836,2.141777022502115,True
PHF19,NEUTRAL,-0.05690355002679815,0.13750352374993502,-0.08209446943263873,0.055409054317296286,-0.08194452745298109,-0.08194452745298092,False
CDA,NEUTRAL,0.021101594229586615,0.13750352374993502,0.030443165349875775,0.1679466890998108,0.030593107329532097,0.030593107329532097,False
LINC00937,DSG,-0.08021979955997376,1.2927817492278462,-0.11573270700628079,1.1770490422215654,1.0320701674464359,-0.1155827650266239,False
ALDOAP1,NEUTRAL,0.009942403460392806,0.13750352374993502,0.014343856166825972,0.151847379916761,0.014493798146482497,0.014493798146482814,False
NAGK,DIG,-0.9136585961076218,0.632268215499513,-1.3181307256700383,-0.6858625101705254,-0.8296022921555055,-1.317980783690383,True
ALLC,DIG,-1.0305249412988664,0.4854268271702419,-1.4867332223242646,-1.0013063951540229,-1.1383164801305536,-1.4865832803446033,True
BNIP3,NEUTRAL,0.026596249432721316,0.13750352374993502,0.03837027716283295,0.17587380091276797,0.03852021914248953,0.03852021914248984,False
SNORA17A,NEUTRAL,-0.029410801590013375,0.13750352374993502,-0.04243081760248154,0.09507270614745347,-0.04228087562282356,-0.04228087562282356,False
CASC2,NEUTRAL,0.03103512958331104,0.13750352374993502,0.0447742275431892,0.18227775129312423,0.044924169522845024,0.044924169522845024,False
RAD54L2,NEUTRAL,0.013856826771483729,0.13750352374993502,0.019991175265677,0.15749469901561203,0.02014111724533409,0.020141117245333774,False
ETNK1,DSG,-0.004903272958504835,1.3219280948873624,-0.007073927581359882,1.3148541673060026,1.1763551071276295,-0.006923985601703012,False
LARP4P,NEUTRAL,0.02547749666629294,0.13750352374993502,0.03675625809472592,0.17425978184466095,0.036906200074382105,0.03690620007438242,False
FAM200B,NEUTRAL,-0.004383503229340733,0.13750352374993502,-0.006324058370690631,0.13117946537924438,-0.006174116391035435,-0.006174116391035274,False
CHRM2,DSG,0.04559588536569972,1.4059923596758368,0.06578095770203665,1.4717733173778735,1.323088355618084,0.0659308996816936,False
COX6B1P4,NEUTRAL,0.06182897986966946,0.13750352374993502,0.08920036264119569,0.2267038863911307,0.08935030462085139,0.089350304620852,False
TRAV1-1,DIG,0.8328249313743452,0.53605290024021,1.2015123984224592,1.7375652986626693,1.6137708314010508,1.2016623404021125,True
ZNF134,DSG,0.005524792700304358,1.1699250014423124,0.007970591030668642,1.177895592472981,1.0469828652055695,0.008120533010325667,False
EPHX4,NEUTRAL,-0.028221197125417635,0.13750352374993502,-0.04071458114078989,0.09678894260914513,-0.040564639161134376,-0.0405646391611347,False
ZNF556,NEUTRAL,-0.04674804464027808,0.13750352374993502,-0.06744317217378508,0.07006035157614994,-0.06729323019412817,-0.06729323019412817,False
COL6A4P2,DSG,0.026877639218604598,1.2927817492278462,0.038776236811483566,1.3315579860393298,1.1737499474897093,0.03892617879113995,False
NUAK1,DIG,0.7240317081600084,0.4329594072761063,1.0445569548088094,1.4775163620849157,1.2958574637938762,1.0447068967884656,True
PRRC2C,DCG,-0.8613776307059486,1.2927817492278462,-1.2427052361521571,0.050076513075689055,-0.06444236623693853,-1.242555294172501,True
ZSCAN12P1,DSG,0.010704745903630365,1.3504972470841334,0.015443683829143974,1.3659409309132775,1.2218517372240674,0.01559362580880058,False
ELAVL4,DIG,1.6964580184470106,0.4854268271702419,2.44747157028982,2.932898397460062,2.762257064319125,2.4476215122694756,True
TIMP4,DIG,-0.8881665875417781,0.37851162325372983,-1.2813535313297968,-0.902841908076067,-1.078641058443781,-1.281203589350141,True
BLVRB,DSG,-0.06453319772546624,-0.7369655941662062,-0.09310172433123709,-0.8300673184974433,-0.9674209002677233,-0.0929517823515823,False
LINC02009,NEUTRAL,0.09542685060916525,0.13750352374993502,0.13767184414149466,0.2751753678914297,0.13782178612115129,0.13782178612115129,False
SLC25A44,DCG,-1.089207627766557,1.4594316186372973,-1.5713944430772437,-0.11196282443994643,-0.26982616233834633,-1.571244501097588,True
HEY1,DCG,-0.8602996136795458,1.2630344058337937,-1.2411499863341717,0.021884419499621943,-0.11333555912006164,-1.2410000443545153,True
ASB16,NEUTRAL,-0.019624352594868187,0.13750352374993502,-0.028311956169272796,0.10919156758066223,-0.02816201418961479,-0.02816201418961479,False
UGT1A9,NEUTRAL,0.008969737166715187,0.13750352374993502,0.012940595328497423,0.15044411907843244,0.013090537308154997,0.013090537308154997,False
PLA2G4A,DCG,-0.9643218455894831,1.4329594072761063,-1.39122234445284,0.04173706282326628,-0.09658404983702251,-1.391072402473183,True
GSS,DCG,0.933520936536279,-0.7369655941662062,1.3467860257069104,0.6098204315407042,0.4724668497704249,1.3469359676865666,True
LINC00485,NEUTRAL,0.03401377195413718,0.13750352374993502,0.049071500120161815,0.18657502387009683,0.04922144209981805,0.04922144209981805,False
ALDH3A1,NEUTRAL,0.00793573131517887,0.13750352374993502,0.011448840214235808,0.14895236396417083,0.011598782193892501,0.011598782193892819,False
MKKS,DSG,-0.03362300903617633,1.485426827170242,-0.04850774839625639,1.4369190787739856,1.303276485229422,-0.04835780641660118,False
GABPB1,NEUTRAL,-0.014718060228021938,0.13750352374993502,-0.021233672502472337,0.11626985124746268,-0.02108373052281514,-0.021083730522815626,False
INTS6P1,DSG,0.14087546981668553,-0.7369655941662062,0.20324034168743507,-0.5337252524787711,-0.6710788342490488,0.20339028366709194,False
DPPA4,DIG,0.6893536295002914,0.4329594072761063,0.9945270626988783,1.4274864699749845,1.2854185540087517,0.9946770046785334,True
GAPDH,DSG,-0.05770810621399262,1.1375035237499351,-0.08325519865402073,1.0542483250959145,0.9181953203086906,-0.08310525667436461,False
VN1R105P,DSG,0.09645025881944269,1.3504972470841334,0.139148310091267,1.4896455571754004,1.357878485693669,0.1392982520709244,False
TIAL1,NEUTRAL,0.03905926288122208,0.13750352374993502,0.05635060485951746,0.19385412860945248,0.056500546839174895,0.056500546839174895,False
SIPA1L3,DSG,0.11124441350657012,1.3785116232537298,0.16049176369252993,1.5390033869462596,1.4016498051759816,0.1606417056721864,False
GMPSP1,NEUTRAL,0.039158079558603204,0.13750352374993502,0.05649316718993233,0.19399669093986735,0.05664310916958967,0.056643109169589985,False
ARMC8P1,DIG,-1.7295877616283517,0.26303440583379406,-2.4952676864834658,-2.232233280649672,-2.3723758166083355,-2.4951177445037636,True
SOX30,DIG,0.9903340591645836,0.37851162325372983,1.4287500359801821,1.807261659233912,1.6424311661613584,1.4288999779598381,True
ACTR6,NEUTRAL,-0.020350670222123224,0.13750352374993502,-0.029359811008223876,0.10814371274171114,-0.029209869028567523,-0.029209869028567686,False
PCDHA5,DIG,0.7578944269917487,0.32192809488736235,1.0934105313383784,1.4153386262257408,1.2353469253255864,1.0935604733180353,True
LINC00323,DIG,-1.0046338708086013,0.37851162325372983,-1.4493803033246526,-1.0708686800709228,-1.2007180959744566,-1.4492303613449962,True
HSPH1,NEUTRAL,0.02806188718805919,0.13750352374993502,0.04048474548419853,0.17798826923413355,0.040634687463855096,0.040634687463855096,False
OR9A3P,DSG,-0.015294786400156147,-0.7369655941662062,-0.022065712490961235,-0.7590313066571674,-0.8963848884274377,-0.021915770511304035,False
HLA-DMB,DSG,0.006532702063180733,1.232660756790275,0.009424696870155944,1.2420854536604309,1.0971710855086323,0.00957463884981247,False
DUSP3,NEUTRAL,0.024763022350945546,0.13750352374993502,0.0357254895431317,0.17322901329306672,0.03587543152278916,0.03587543152278916,False
AGBL5,DIG,1.2059924635561385,0.53605290024021,1.739879346521905,2.275932246762115,2.1586269642009412,1.7400292885015598,True
KDM1A,NEUTRAL,-0.0008504616660905313,0.13750352374993502,-0.001226956828134975,0.13627656692180004,-0.001077014848477514,-0.0010770148484776742,False
EMILIN1,DIG,-1.364552272815611,0.4854268271702419,-1.9686327970248458,-1.483205969854604,-1.6235078859120469,-1.9684828550451912,True
LINGO1,NEUTRAL,-0.009865638060185542,0.13750352374993502,-0.014233107104635094,0.12327041664529992,-0.014083165124978553,-0.01408316512497823,False
BAALC-AS2,DCG,-0.9437483959014891,1.485426827170242,-1.3615411306139924,0.12388569655624959,-0.01450377802201087,-1.3613911886343308,True
SPRED2,DIG,1.2744009065755166,0.6780719051126378,1.8385718680208971,2.516643773133535,2.377319745962655,1.8387218100005525,True
DNAJA2,NEUTRAL,0.03590098237735061,0.13750352374993502,0.05179416923884579,0.1892976929887808,0.0519441112185029,0.0519441112185029,False
UBE4A,NEUTRAL,-0.008515863609159235,0.13750352374993502,-0.01228579419782082,0.1252177295521142,-0.01213585221816276,-0.012135852218163082,False
CCDC168,DIG,1.5145768442452618,0.32192809488736235,2.185072502237895,2.5070005971252574,2.3270088962251028,2.185222444217551,True
AKR7A2,NEUTRAL,-0.04530444098718109,0.13750352374993502,-0.06536049234245285,0.07214303140748217,-0.06521055036279544,-0.06521055036279577,False
UMODL1,DIG,-1.1001575359978097,0.53605290024021,-1.5871918213806615,-1.0511389211404514,-1.1960893383186766,-1.5870418794010057,True
GDF1,DIG,-0.9666266879066385,0.632268215499513,-1.3945475290338312,-0.7622793135343182,-0.9070573860588522,-1.3943975870541752,True
FBXL2,NEUTRAL,-0.006970547545241004,0.13750352374993502,-0.010056374375799934,0.1274471493741351,-0.009906432396141841,-0.009906432396141841,False
CST2,DCG,-0.7973580834708479,1.2927817492278462,-1.1503445528361205,0.1424371963917257,0.011193584690532738,-1.150194610856463,True
SOX9-AS1,DCG,-1.0457664237982718,1.5360529002402097,-1.5087220335419527,0.027330866698257017,-0.1034441684530128,-1.5085720915622969,True
IL18RAP,NEUTRAL,-0.0068307360365459325,0.13750352374993502,-0.00985466900554635,0.12764885474438867,-0.009704727025890649,-0.009704727025890326,False
YTHDC2,NEUTRAL,-0.012802295521888224,0.13750352374993502,-0.018469808261423123,0.1190337154885119,-0.018319866281766406,-0.01831986628176657,False
MED12L,DSG,0.03517428538518675,1.2016338611696507,0.05074576709202207,1.2523796282616728,1.1313496218358237,0.05089570907167866,False
ABTB1,DIG,0.6348180494804316,0.53605290024021,0.9158488518522234,1.4519017520924336,1.325358070238866,0.9159987938318782,True
TREHP1,NEUTRAL,-0.00395251778564018,0.13750352374993502,-0.005702277808368514,0.1318012459415665,-0.005552335828711861,-0.005552335828711539,False
ADNP,DCG,-0.8159801144956077,1.1043366598147357,-1.1772104646468218,-0.07287380483208605,-0.2021700262770614,-1.1770605226671653,True
C15orf40,NEUTRAL,-0.01208413237651992,0.13750352374993502,-0.017433717853051055,0.12006980589688396,-0.01728377587339449,-0.01728377587339449,False
SLAMF9,DCG,-0.9134707082308969,1.3504972470841334,-1.3178596607620443,0.03263758632208913,-0.10922436565528429,-1.317709718782386,True
BNIP3P5,NEUTRAL,0.04815544355646596,0.13750352374993502,0.06947361961072183,0.20697714336065687,0.06962356159037883,0.06962356159037822,False
PPP3CA,NEUTRAL,0.04105605652385514,0.13750352374993502,0.05923136914542279,0.1967348928953578,0.059381311125079564,0.059381311125079564,False
OR2H2,DSG,0.060714616958060644,1.2016338611696507,0.08759267679486706,1.2892265379645178,1.1529032923945517,0.08774261877452395,False
GLCE,NEUTRAL,-0.06359127362917451,0.13750352374993502,-0.09174281510862319,0.045760708641311834,-0.0915928731289672,-0.09159287312896704,False
EPB42,NEUTRAL,-0.10599363621143756,0.13750352374993502,-0.15291649332802984,-0.01541296957809482,-0.1527665513483723,-0.15276655134837247,False
WDR7-OT1,NEUTRAL,-0.011814860659783627,0.13750352374993502,-0.017045240882663945,0.12045828286727107,-0.01689529890300633,-0.01689529890300649,False
SLC26A8,DIG,1.2189867234499212,0.53605290024021,1.7586261008306878,2.294679001070898,2.163829725039614,1.7587760428103434,True
TMEM208,NEUTRAL,-0.03614495140078394,0.13750352374993502,-0.052146142139083584,0.08535738161085143,-0.051996200159427026,-0.051996200159427026,False
TROAP,DIG,-1.6570032493137996,0.53605290024021,-2.3905503705219173,-1.8544974702817072,-1.9701587727073935,-2.3904004285422618,True
RNF20,NEUTRAL,0.004415039112217013,0.13750352374993502,0.0063695550325262975,0.1438730787824613,0.006519497012183679,0.00651949701218336,False
FAM111A,DIG,1.065772043576825,0.4329594072761063,1.5375840419863818,1.970543449262488,1.8616544999847984,1.5377339839660367,True
ZC3H3,DCG,-0.8586454071397466,1.3504972470841334,-1.2387634707625974,0.11173377632153603,-0.015047279903974625,-1.2386135287829416,True
ZEB2,NEUTRAL,-0.0034579236288921097,0.13750352374993502,-0.004988729271175415,0.1325147944787596,-0.004838787291517663,-0.004838787291517984,False
ERGIC1,DIG,1.4037298715973858,0.4854268271702419,2.02515412450125,2.510580951671492,2.342718944327441,2.0253040664809068,True
NAGPA,DCG,-0.8637440859691702,1.1375035237499351,-1.2461193094248924,-0.10861578567495722,-0.26098772254989777,-1.2459693674452357,True
CENATAC,NEUTRAL,0.001948760849227833,0.13750352374993502,0.0028114676130595595,0.14031499136299458,0.002961409592716489,0.002961409592716489,False
CALCA,DIG,-0.8999052725793694,0.4329594072761063,-1.298288874020087,-0.8653294667439808,-1.001645641926174,-1.2981389320404306,True
VASN,DCG,-0.9321937895586138,1.2630344058337937,-1.3448713573437021,-0.08183695150990844,-0.2112291692029504,-1.344721415364046,True
CRHR2,DSG,-0.025472411248603114,1.3504972470841334,-0.03674892138784396,1.3137483256962894,1.179769554555762,-0.036598979408188875,False
PLA2G12AP1,NEUTRAL,-0.011904298069122373,0.13750352374993502,-0.01717427178958691,0.1203292519603481,-0.017024329809930856,-0.017024329809930693,False
RIBC2,NEUTRAL,0.024417009346836643,0.13750352374993502,0.035226298298020695,0.17272982204795573,0.035376240277676343,0.035376240277676343,False
GPX3,DIG,1.6943546907778666,0.4854268271702419,2.4444371098921813,2.9298639370624233,2.764580674504067,2.4445870518718382,True
AXIN2,DCG,-0.7844559567134458,1.2016338611696507,-1.1317307185462957,0.06990314262335495,-0.06765956420078267,-1.1315807765666392,True
ERCC6,DIG,-0.7601359880434992,0.53605290024021,-1.0966444203515888,-0.5605915201113788,-0.7082291251326085,-1.096494478371934,True
SULT6B1,DIG,-1.463396952067686,0.4854268271702419,-2.1112355256000748,-1.6258086984298328,-1.766864472858787,-2.1110855836203997,True
SLC37A4,NEUTRAL,0.021717497244088207,0.13750352374993502,0.03133172557456579,0.1688352493245008,0.03148166755422281,0.03148166755422249,False
AADACL4,NEUTRAL,-0.07431848842918302,0.13750352374993502,-0.10721891470314615,0.03028460904678887,-0.10706897272348881,-0.10706897272348899,False
RASSF7,NEUTRAL,-0.0027247694499223053,0.13750352374993502,-0.0039310113729686584,0.13357251237696635,-0.003781069393313186,-0.003781069393313347,False
CLMP,NEUTRAL,0.001397858464733064,0.13750352374993502,0.0020166834749350514,0.13952020722487007,0.002166625454592021,0.0021666254545917012,False
ASRGL1,DIG,0.5834362182895206,0.5849625007211562,0.8417205388013022,1.4266830395224583,1.3076657898190076,0.8418704807809572,True
EIF2B1,DIG,0.7404249364377831,0.32192809488736235,1.0682073839493156,1.390135478836678,1.2401400910416367,1.0683573259289718,True
SIRPG-AS1,DSG,-0.13026977040369872,-0.7369655941662062,-0.18793955173916,-0.9249051459053662,-1.062258727675635,-0.18778960975950096,False
LINC01003,DIG,-0.9956312595922409,0.53605290024021,-1.436392280767758,-0.900339380527548,-1.0268830623811147,-1.436242338788102,True
CRNDE,NEUTRAL,0.06642410883672936,0.13750352374993502,0.09582973241421823,0.23333325616415324,0.09597967439387455,0.09597967439387545,False
ST8SIA4,NEUTRAL,-0.016573114818150783,0.13750352374993502,-0.023909950560229532,0.11359357318970549,-0.023760008580573033,-0.023760008580573033,False
GLYR1,DCG,-0.872463616684595,1.1043366598147357,-1.2586989331469147,-0.154362273332179,-0.2748166272541838,-1.2585489911672583,True
ACADSB,NEUTRAL,0.0017888647542564139,0.13750352374993502,0.0025807863097867824,0.1400843100597218,0.002730728289444513,0.002730728289444513,False
IQCJ-SCHIP1-AS1,DSG,0.0016605819365146902,1.1375035237499351,0.002395713324799535,1.1398992370747347,1.018426508609673,0.0025456553044562115,False
TSC22D2,DSG,0.08533148046912375,1.2016338611696507,0.12310730370451828,1.324741164874169,1.1916338631666448,0.12325724568417477,False
ANKH,DCG,-0.8028812914113619,1.232660756790275,-1.1583128575416985,0.07434789924857643,-0.05522047820668104,-1.1581629155620423,True
RPL9P3,DIG,-1.2477783205800084,0.37851162325372983,-1.8001635952295374,-1.4216519719758076,-1.542903623878266,-1.8000136532498805,True
ADORA1,DCG,0.7918525243220729,-0.7369655941662062,1.1424017099548618,0.40543611578865557,0.2680825340183762,1.1425516519345174,True
DACT3,DIG,-0.8899182863538414,0.6780719051126378,-1.2838806985190916,-0.6058087934064538,-0.7431623751767347,-1.2837307565394374,True
STKLD1,NEUTRAL,-0.0219946928155243,0.13750352374993502,-0.03173163425083302,0.10577188949910199,-0.0315816922711751,-0.03158169227117477,False
TALDO1,NEUTRAL,0.0018387770393142,0.13750352374993502,0.002652794515919087,0.14015631826585412,0.0028027364955755213,0.0028027364955755213,False
CNN1,DIG,-1.417058688959718,0.4854268271702419,-2.0443835432108015,-1.5589567160405595,-1.6853617898970596,-2.0442336012311464,True
HNRNPUL1,DIG,-1.6117239045256857,0.632268215499513,-2.325226084341404,-1.692957868841891,-1.8147484940780287,-2.3250761423617496,True
RPL39P5,DSG,-0.000632280752682898,1.4059923596758368,-0.0009121883063451582,1.4050801713694916,1.2585453000952358,-0.0007622463266886749,False
TPT1P4,DIG,1.307493848446749,0.4854268271702419,1.8863148911469507,2.3717417183171925,2.2069914749850077,1.8864648331266054,True
SLC27A2,NEUTRAL,0.04649343936480367,0.13750352374993502,0.06707585440547398,0.204579378155409,0.06722579638513126,0.06722579638513126,False
ZNF229,DIG,0.8683229001404992,0.5849625007211562,1.2527251419230208,1.8376876426441768,1.7025613488490925,1.2528750839026768,True
TMX2,DIG,0.6034639457600318,0.53605290024021,0.8706144419032843,1.4066673421434943,1.245586947017074,0.8707643838829398,True
MBTD1,DSG,-0.07912758503661549,1.232660756790275,-0.11415697452984491,1.11850378226043,1.0060000950656158,-0.11400703255019004,False
VEZF1P1,DCG,-1.112338859388694,1.485426827170242,-1.604765756228155,-0.11933892905791299,-0.27055569835123705,-1.6046158142484974,True
OR10Q1,DIG,-0.6361421938126764,0.37851162325372983,-0.9177591883137741,-0.5392475650600443,-0.6946995783866656,-0.9176092463341132,True
SLC27A3,DCG,-0.7981119574425494,1.2016338611696507,-1.1514321630765494,0.050201698093101266,-0.09092302379360143,-1.1512822210968927,True
DIS3L,NEUTRAL,0.008324950599423576,0.13750352374993502,0.012010364945433998,0.14951388869536902,0.012160306925090498,0.012160306925090498,False
TLR2,NEUTRAL,-0.021716279495696725,0.13750352374993502,-0.031329968735000345,0.10617355501493467,-0.031180026755344308,-0.031180026755344634,False
LINC02861,DCG,-0.8916232968422338,1.2016338611696507,-1.286340508695359,-0.08470664752570833,-0.24659136223878333,-1.2861905667156999,True
RN7SKP71,NEUTRAL,0.019537964469529694,0.13750352374993502,0.028187324449255258,0.16569084819919028,0.028337266428912482,0.02833726642891185,False
ST13P13,NEUTRAL,-0.036713752461840096,0.13750352374993502,-0.05296674860912168,0.08453677514081334,-0.05281680662946374,-0.052816806629463905,False
CLIC6,DIG,-1.3567817311273502,0.53605290024021,-1.9574222750661712,-1.4213693748259613,-1.5658123505282162,-1.9572723330865163,True
SULT2B1,DIG,0.9087465284007374,0.6780719051126378,1.3110441099488055,1.9891160150614433,1.8576449552685763,1.3111940519284602,True
SPATA4,NEUTRAL,0.0199352211573062,0.13750352374993502,0.028760444702670397,0.1662639684526054,0.028910386682326924,0.028910386682326608,False
M6PR,DSG,-0.13179542667648794,1.3219280948873624,-0.19014060847801414,1.1317874864093482,0.9790394863996106,-0.18999066649835883,False
PACRG,NEUTRAL,0.023719653828457005,0.13750352374993502,0.03422022694991784,0.17172375069985285,0.03437016892957582,0.034370168929575506,False
PRH2,DSG,0.02674531105357242,1.3219280948873624,0.03858532762402171,1.3605134225113842,1.219653202834908,0.038735269603679075,False
SYT9,NEUTRAL,-0.001995669526466274,0.13750352374993502,-0.00287914252908612,0.1346243812208489,-0.002729200549430353,-0.002729200549430674,False
ADD2,DIG,1.1866922541340261,0.4329594072761063,1.712035030100505,2.1449944373766114,2.02247522248876,1.7121849720801612,True
HSPA2,NEUTRAL,-0.048854574239910235,0.13750352374993502,-0.0704822519806602,0.06702127176927482,-0.07033231000100217,-0.07033231000100183,False
DIABLO,DIG,-1.306487955047907,0.4329594072761063,-1.8848636937287784,-1.451904286452672,-1.6341224670843817,-1.884713751749121,True
ZNF431,DIG,-1.5980314925836216,0.5849625007211562,-2.3054721095347794,-1.7205096088136234,-1.8556359026087106,-2.3053221675551256,True
AZGP1P2,DSG,-0.08523323817573168,-0.7369655941662062,-0.12296557003503597,-0.8599311642012422,-0.9972847459715165,-0.12281562805537782,False
EPAS1,DIG,1.0791427791236479,0.4854268271702419,1.556873935852821,2.042300763023063,1.9135906511757435,1.5570238778324768,True
MIA,DSG,0.10244171922185988,1.4329594072761063,0.14779216030151685,1.5807515675776231,1.4410311084367207,0.14794210228117247,False
ADH5P2,NEUTRAL,0.003480621801282699,0.13750352374993502,0.005021475811920561,0.14252499956185558,0.005171417791577888,0.005171417791577888,False
HOXD11,NEUTRAL,-0.00315192750535584,0.13750352374993502,-0.004547270181218393,0.13295625356871663,-0.004397328201561829,-0.004397328201561989,False
RHOH,NEUTRAL,0.060594868195183275,0.13750352374993502,0.08741991584851129,0.2249234395984463,0.08756985782816823,0.08756985782816823,False
CCDC88A,DIG,-0.7692624381403048,0.632268215499513,-1.1098111046471708,-0.47754288914765786,-0.6042915467584142,-1.1096611626675168,True
SAA3P,DIG,0.9342804531103329,0.4329594072761063,1.347881776501771,1.7808411837778773,1.6445250085956837,1.3480317184814261,True
BLZF2P,NEUTRAL,-0.056764536848971474,0.13750352374993502,-0.08189391581036998,0.05560960793956504,-0.08174397383071272,-0.08174397383071307,False
GPAA1,DCG,-0.9045937788975895,1.3785116232537298,-1.3050529588345599,0.07345866441916993,-0.06398569403626331,-1.3049030168549047,True
IFI27L2,NEUTRAL,0.014502364318982093,0.13750352374993502,0.020922489084160514,0.15842601283409552,0.02107243106381753,0.021072431063817215,False
TMEM246-AS1,NEUTRAL,-0.000513857925815244,0.13750352374993502,-0.0007413402812951413,0.1367621834686399,-0.0005913983016387821,-0.0005913983016386219,False
SCML2P1,NEUTRAL,-0.04285866739969395,0.13750352374993502,-0.061831986916647944,0.07567153683328708,-0.061682044936990595,-0.06168204493699076,False
CYRIB,DCG,-0.9091206052676828,1.3504972470841334,-1.3115837887896589,0.03891345829447457,-0.10542133600576042,-1.311433846810003,True
NR4A1AS,DIG,-0.9269937067787993,0.632268215499513,-1.3373692237050516,-0.7051010082055387,-0.8771281692381754,-1.3372192817253952,True
PSMC1P1,NEUTRAL,-0.007707853558046871,0.13750352374993502,-0.011120082104092573,0.12638344164584245,-0.010970140124436346,-0.010970140124436508,False
MIDEAS,NEUTRAL,0.01440173189129089,0.13750352374993502,0.0207773071797778,0.15828083092971282,0.020927249159433566,0.020927249159433566,False
PGR-AS1,NEUTRAL,0.017155090543676126,0.13750352374993502,0.0247495640533627,0.16225308780329772,0.024899506033020172,0.024899506033019856,False
CUX1,DSG,0.06619934296259028,1.0,0.09550546380223669,1.0955054638022368,0.937039260768626,0.09565540578189288,False
MRPL30,DIG,-1.1511334664734914,0.5849625007211562,-1.6607345434826277,-1.0757720427614714,-1.2344590733102803,-1.6605846015029708,True
PLA2G6,NEUTRAL,-0.03678176251903785,0.13750352374993502,-0.05306486638137146,0.08443865736856357,-0.05291492440171428,-0.052914924401714615,False
CNNM4,DIG,0.5580406618145236,0.632268215499513,0.8050824954142083,1.4373507109137211,1.3006475379940092,0.8052324373938635,True
MIR6797,DSG,-0.08636874273743525,1.4059923596758368,-0.12460375683511252,1.2813886028407242,1.1505755650134193,-0.12445381485545509,False
CNGB3,DCG,-0.804211970692076,1.1375035237499351,-1.1602326219409984,-0.02272909819106328,-0.15610818274148772,-1.1600826799613386,True
MFHAS1,NEUTRAL,0.019253132961872196,0.13750352374993502,0.027776399445668856,0.16527992319560386,0.02792634142532511,0.02792634142532511,False
SLC13A3,DCG,-0.7832259551833491,1.1699250014423124,-1.1299562014385394,0.03996880000377301,-0.0892315652560976,-1.1298062594588827,True
MON2,DIG,1.15836292600583,0.5849625007211562,1.67116444889824,2.256126949619396,2.0994105505525176,1.671314390877896,True
RMST,DIG,0.8204683980780577,0.5849625007211562,1.1836856891133258,1.7686481898344821,1.609539366381186,1.183835631092983,True
SLC11A1,NEUTRAL,0.012644389681118067,0.13750352374993502,0.018241998288016616,0.15574552203795164,0.018391940267672373,0.018391940267672373,False
CD302,NEUTRAL,-0.026587934824565104,0.13750352374993502,-0.03835828171887905,0.09914524203105597,-0.03820833973922299,-0.03820833973922266,False
PTGIR,DIG,-0.6286679228985053,0.6780719051126378,-0.9069760947316388,-0.22890418961900094,-0.34409662804119334,-0.9068261527519822,True
SLC7A5,NEUTRAL,0.06642572268682272,0.13750352374993502,0.09583206070774464,0.23333558445767966,0.09598200268740209,0.09598200268740179,False
FERMT3,DIG,1.2052051034150117,0.4329594072761063,1.7387434259509078,2.1717028332270143,2.03567331178547,1.7388933679305623,True
MIAT,NEUTRAL,-0.002372739110847554,0.13750352374993502,-0.0034231389485430545,0.13408038480139198,-0.003273196968887208,-0.003273196968887208,False
DNAAF4,NEUTRAL,0.01163737770640498,0.13750352374993502,0.016789187105982244,0.15429271085591725,0.01693912908563921,0.016939129085639527,False
HLX,DCG,-0.8956727380616022,1.2016338611696507,-1.292182617460913,-0.09054875629126236,-0.22024305958667728,-1.292032675481257,True
RNF10,DIG,-0.7606827590299816,0.4329594072761063,-1.097433244142289,-0.6644738368661827,-0.8461327351572219,-1.0972833021626323,True
LINC00163,DSG,0.025145214354321255,1.2630344058337937,0.03627687605106925,1.299311281884863,1.1679119269238536,0.036426818030726484,False
SGO2,NEUTRAL,-0.0007777752616350372,0.13750352374993502,-0.0011220925128869843,0.13638143123704805,-0.0009721505332308142,-0.0009721505332308142,False
SEMA7A,NEUTRAL,0.004964029988970397,0.13750352374993502,0.007161581447911687,0.1446651051978467,0.007311523427568761,0.007311523427568761,False
FBXW12,NEUTRAL,-0.01929548006765678,0.13750352374993502,-0.027837493405180276,0.10966603034475475,-0.02768755142552255,-0.02768755142552255,False
PTCHD4,DSG,-0.07521577164765189,1.4594316186372973,-0.10851342075270408,1.3509181978845932,1.223174371903963,-0.108363478773049,False
SNORD110,DSG,-0.08782878245379533,1.3785116232537298,-0.12671014889340612,1.2518014743603236,1.1144478925900458,-0.1265602069137488,False
RASL11B,DIG,1.3452945702258394,0.32192809488736235,1.940849804999668,2.2627778998870305,2.128908919038186,1.940999746979323,True
MTND4P26,NEUTRAL,0.02482471229055832,0.13750352374993502,0.035814489313083786,0.1733180130630188,0.035964431292741204,0.035964431292741204,False
SRM,NEUTRAL,0.024262316120245188,0.13750352374993502,0.03500312314715809,0.1725066468970931,0.03515306512681431,0.03515306512681431,False
EIF1P3,DCG,-0.8927725662806147,1.4059923596758368,-1.2879985540147563,0.11799380566108053,-0.038164340289455506,-1.2878486120350991,True
CFAP410,DSG,-0.009874272440796498,1.2016338611696507,-0.014245563882723668,1.187388297286927,1.0280033272639382,-0.014095621903068333,False
MYH6,DIG,1.5938262679414135,0.4854268271702419,2.2994052527976416,2.7848320799678836,2.649178643670675,2.2995551947772968,True
KRT18P29,NEUTRAL,0.03684685812335048,0.13750352374993502,0.05315877948689696,0.19066230323683198,0.053308721466554354,0.053308721466553737,False
DSCR8,DIG,-1.1102330074010311,0.4854268271702419,-1.6017276540087075,-1.1163008268384655,-1.2490636356053553,-1.6015777120290475,True
SNORD102,NEUTRAL,0.03882271574388976,0.13750352374993502,0.05600933947755165,0.19351286322748668,0.05615928145720817,0.05615928145720848,False
PM20D2,DIG,0.677024602445518,0.4854268271702419,0.9767400365079708,1.4621668636782128,1.2932922752555558,0.9768899784876273,True
SPACA3,DIG,-0.5646791714083806,0.4854268271702419,-0.8146598402841597,-0.32923301311391784,-0.4754891354326998,-0.8145098983044978,True
ZNF334,DCG,-0.8374245042494656,1.232660756790275,-1.2081481793996027,0.024512577390672252,-0.11372810658921767,-1.2079982374199465,True
MICOS13,DIG,1.6901456041946878,0.32192809488736235,2.438364681551957,2.7602927764393193,2.6140085552197374,2.438514623531614,True
LINC01252,DIG,-0.8082464155507639,0.6780719051126378,-1.1660530955313675,-0.48798119041872967,-0.6503020183165542,-1.1659031535517124,True
MARCHF1,NEUTRAL,0.03530482237518624,0.13750352374993502,0.05093409216014691,0.18843761591008193,0.05108403413980421,0.05108403413980421,False
ZYG11B,NEUTRAL,-0.03783256600218112,0.13750352374993502,-0.0545808553554511,0.08292266839448392,-0.054430913375795545,-0.05443091337579538,False
RNF114,DCG,-0.8604080699519234,1.070389327891398,-1.2413064556604843,-0.17091712776908619,-0.3082707095393642,-1.2411565136808278,True
SLC46A2,NEUTRAL,0.0032764285472025494,0.13750352374993502,0.004726887216876149,0.14223041096681116,0.004876829196533326,0.004876829196533007,False
ATP23,DIG,1.0950202896287682,0.5849625007211562,1.5797803415202203,2.1647428422413766,1.9971581810695063,1.579930283499877,True
ABRA,DCG,-0.9289085799457367,1.3219280948873624,-1.3401318017269237,-0.018203706839561296,-0.13810253853089863,-1.3399818597472628,True
TEKT1,NEUTRAL,0.07126761617003732,0.13750352374993502,0.10281743642449095,0.24032096017442597,0.10296737840414798,0.10296737840414767,False
DLD,DIG,0.686099422024062,0.632268215499513,0.9898322337108983,1.6221004492104112,1.4614534322447148,0.9899821756905544,True
MAP2,NEUTRAL,0.06864639805772134,0.13750352374993502,0.09903581805276435,0.23653934180269937,0.09918576003242072,0.09918576003242101,False
ZNF781,DSG,0.007341686371668281,1.2927817492278462,0.010591814520167917,1.3033735637480142,1.180759075553146,0.010741756499825098,False
GFI1,NEUTRAL,-0.002246703291768072,0.13750352374993502,-0.0032413076973827077,0.1342622160525523,-0.0030913657177249537,-0.0030913657177246323,False
MIR4800,NEUTRAL,0.009063515679332093,0.13750352374993502,0.013075889123591776,0.1505794128735268,0.013225831103247343,0.01322583110324766,False
SETD4,DIG,1.2936585150544766,0.32192809488736235,1.8663547242728737,2.188282819160236,2.0450332485717184,1.866504666252529,True
ZSCAN32,DCG,0.7330676330567559,-0.7369655941662062,1.0575930388471921,0.3206274446809859,0.1832738629107059,1.0577429808268475,True
PANK3,DIG,-0.9921417198006546,0.4329594072761063,-1.4313579390154518,-0.9983985317393456,-1.1491550614736767,-1.4312079970357963,True
CD55,DCG,2.0794415416798357,-3.321928094887362,3.0,-0.3219280948873622,-0.45928167665764025,3.000149941979657,True
RAC1P5,NEUTRAL,-0.02218286041088494,0.13750352374993502,-0.032003102707515815,0.1055004210424192,-0.03185316072785826,-0.03185316072785875,False
RAB17,NEUTRAL,0.049453292704246206,0.13750352374993502,0.07134602014004636,0.2088495438899814,0.07149596211970272,0.07149596211970333,False
TMEM119,DIG,-1.013900683403674,0.5849625007211562,-1.4627494879004113,-0.8777869871792551,-1.0345033862461361,-1.4625995459207577,True
EIF3LP2,DIG,1.3938645237018452,0.53605290024021,2.010921436015709,2.546974336255919,2.427303716210996,2.011071377995364,True
TBCD,DCG,0.6823997413570277,-0.7369655941662062,0.9844947227596952,0.24752912859348897,0.11017554682320967,0.9846446647393514,True
KIF1C-AS1,NEUTRAL,-0.015897649293436844,0.13750352374993502,-0.02293545979743327,0.11456806395250174,-0.022785517817777125,-0.02278551781777745,False
TGFBI,NEUTRAL,0.004958311710740621,0.13750352374993502,0.007153331716267167,0.1446568554662022,0.007303273695924609,0.007303273695924927,False
SMOC1,NEUTRAL,-0.06710051014369475,0.13750352374993502,-0.09680557322542802,0.040697950524507004,-0.09665563124577047,-0.09665563124577063,False
SFXN3,NEUTRAL,-0.022385092492466434,0.13750352374993502,-0.03229486192872209,0.10520866182121293,-0.032144919949066014,-0.03214491994906634,False
DHCR24-DT,NEUTRAL,-0.031781657430537784,0.13750352374993502,-0.045851239566268735,0.09165228418366628,-0.0457012975866122,-0.045701297586612365,False
RING1,DSG,-0.05008561792640143,1.1043366598147357,-0.07225827260227871,1.032078387212457,0.8968855200168246,-0.07210833062262219,False
FAM204A,NEUTRAL,0.056950904680492936,0.13750352374993502,0.08216278775668721,0.21966631150662225,0.08231272973634399,0.08231272973634368,False
METTL21EP,DIG,-0.8664894600553514,0.2016338611696507,-1.250080047004411,-1.0484461858347605,-1.2036319649445928,-1.2499301050247518,True
PDC-AS1,DCG,-0.8499084271210452,1.1699250014423124,-1.2261586730172709,-0.05623367157495851,-0.19858581295392402,-1.2260087310376115,True
RCHY1,DIG,0.77790594986323,0.37851162325372983,1.1222810561457006,1.5007926793994304,1.3649966138831378,1.122430998125357,True
RNU6-388P,DSG,-0.0689459708911263,-3.321928094887362,-0.09946801029390273,-3.421396105181265,-3.5587496869514776,-0.09931806831424461,False
PDE10A,NEUTRAL,-0.003473030025941695,0.13750352374993502,-0.005010523195284552,0.13249300055465046,-0.004860581215628688,-0.0048605812156282055,False
NPM1P5,DIG,-1.2018901495241658,0.53605290024021,-1.733960958411809,-1.197908058171599,-1.3553550890803912,-1.7338110164321534,True
ZG16B,DCG,-0.7201560199841179,1.2016338611696507,-1.0389655186974203,0.1626683424722304,0.01953506767453826,-1.038815576717765,True
PACSIN1,DIG,-1.627805630138196,0.4854268271702419,-2.3484271101315097,-1.8630002829612677,-2.031874871383925,-2.3482771681518537,True
CNP,DIG,0.8763060191017811,0.37851162325372983,1.2642423480592888,1.6427539713130186,1.4779234782404644,1.264392290038945,True
PATL2,NEUTRAL,-0.031050501659171875,0.13750352374993502,-0.044796404760801795,0.09270711898913322,-0.04464646278114441,-0.044646462781144244,False
GDF6,DCG,-0.8938009873750785,1.3219280948873624,-1.2894822520276847,0.032445842859677665,-0.10386353384144556,-1.2893323100480283,True
FLOT2,DSG,0.08134590447137638,-0.7369655941662062,0.11735733297748206,-0.6196082611887241,-0.7569618429590025,0.11750727495713842,False
PRDX3P4,NEUTRAL,0.0003373599688627333,0.13750352374993502,0.0004867075540727204,0.13799023130400773,0.0006366495337296922,0.000636649533729372,False
ZCCHC8,DIG,-0.74053328422147,0.37851162325372983,-1.068363696759532,-0.6898520735058022,-0.854682566578357,-1.0682137547798765,True
ITPA,DSG,0.030984710381716674,1.2630344058337937,0.04470148801108343,1.307735893844877,1.1764344688539827,0.0448514299907393,False
MED22,NEUTRAL,-0.029556145036337834,0.13750352374993502,-0.04264050387171955,0.09486301987821547,-0.04249056189206298,-0.042490561892062816,False
BANK1,NEUTRAL,0.02327065377763249,0.13750352374993502,0.03357245680323442,0.17107598055316944,0.03372239878289185,0.033722398782892474,False
ZNF142,NEUTRAL,0.017826910878185803,0.13750352374993502,0.025718795918328177,0.1632223196682632,0.0258687378979858,0.0258687378979858,False
DLGAP1,NEUTRAL,0.01855162850974348,0.13750352374993502,0.02676434245142123,0.16426786620135625,0.026914284431079065,0.02691428443107875,False
ATF4,NEUTRAL,-0.02662322426587569,0.13750352374993502,-0.03840919362085357,0.09909433012908145,-0.03825925164119681,-0.038259251641196645,False
CDON,NEUTRAL,0.0076458452242232295,0.13750352374993502,0.011030622988391418,0.14853414673832643,0.011180564968047948,0.011180564968048584,False
DENND6A,NEUTRAL,-0.0031986161952942925,0.13750352374993502,-0.0046146277226582,0.13288889602727683,-0.004464685743002263,-0.004464685743002263,False
BMP7,DCG,-0.7547261542856329,1.2016338611696507,-1.0888396800170814,0.11279418115256923,-0.03122160323466459,-1.0886897380374245,True
EPHA2,NEUTRAL,0.022785730436488388,0.13750352374993502,0.03287286030375451,0.17037638405368954,0.0330228022834119,0.0330228022834119,False
HMGN3P1,DCG,0.9014693395266659,-0.7369655941662062,1.30054534564857,0.5635797514823638,0.4262261697120836,1.3006952876282245,True
SIN3A,NEUTRAL,-0.006760943253189637,0.13750352374993502,-0.009753979303108385,0.12774954444682662,-0.009604037323451239,-0.009604037323450432,False
LUCAT1,NEUTRAL,-0.005374515952140219,0.13750352374993502,-0.007753787511331319,0.1297497362386037,-0.007603845531674673,-0.007603845531675316,False
RPS3AP20,NEUTRAL,0.029191132774697762,0.13750352374993502,0.04211390249198775,0.17961742624192278,0.042263844471643316,0.04226384447164362,False
REP15,DSG,-0.05718845181093492,1.4594316186372973,-0.08250549582375327,1.376926122813544,1.2595848127660867,-0.08235555384409828,False
MFSD12,NEUTRAL,0.016751626009096788,0.13750352374993502,0.024167487770150514,0.16167101152008553,0.02431742974980655,0.02431742974980655,False
COL6A5,DSG,0.06925876785450219,1.4594316186372973,0.09991928092177027,1.5593508995590675,1.4294766779251935,0.10006922290142761,False
EPC2,NEUTRAL,-0.028344227714843875,0.13750352374993502,-0.04089207676203278,0.09661144698790225,-0.04074213478237452,-0.04074213478237485,False
LINC01979,DCG,-0.8846199286847025,1.3219280948873624,-1.2762367841849689,0.04569131070239352,-0.08040050211899279,-1.276086842205309,True
MEOX2,DSG,0.010342857787407006,1.4059923596758368,0.014921589638511885,1.4209139493143488,1.291429302451461,0.015071531618167478,False
RPS14,DIG,1.5005622827997733,0.4329594072761063,2.1648537639402554,2.597813171216362,2.4462590132350353,2.1650037059199083,True
CDYL,DIG,0.60555484997765,0.632268215499513,0.8736309790490159,1.5058991945485287,1.3841085693123925,0.8737809210286718,True
HOXC6,DIG,-0.9183236522128594,0.53605290024021,-1.3248609789785335,-0.7888080787383235,-0.9409640310935018,-1.324711036998877,True
RPL21P7,NEUTRAL,0.02049838082454552,0.13750352374993502,0.029572912361825243,0.16707643611176026,0.02972285434148125,0.02972285434148156,False
COX11P1,DSG,-0.0269658147084424,1.2016338611696507,-0.03890344715340052,1.1627304140162502,1.0257997670042662,-0.03875350517374271,False
SERPINA12,NEUTRAL,-0.015604854838926919,0.13750352374993502,-0.02251304668991201,0.11499047706002301,-0.022363104710255034,-0.022363104710254707,False
HINT1P1,DSG,-0.03755665060722113,-3.321928094887362,-0.05418279358343741,-3.3761108884707998,-3.5134644702410673,-0.05403285160377944,False
TMEM100,DSG,0.1426568448424888,1.5109619192773793,0.2058103226031249,1.7167722418805043,1.578430214915689,0.20596026458277913,False
CYYR1,DIG,1.467865321669788,0.32192809488736235,2.117682020265886,2.4396101151532483,2.296360544564731,2.1178319622455417,True
PLEKHA8P1,DIG,-1.2309507447035077,0.4854268271702419,-1.775886534962327,-1.2904597077920852,-1.4585657643998562,-1.7757365929826714,True
SLURP1,DCG,-0.9786144715372846,1.3785116232537298,-1.4118422450290142,-0.03333062177528445,-0.18649860142704625,-1.4116923030493571,True
MMP14,DIG,-1.6854627858192908,0.37851162325372983,-2.431608802704388,-2.053097179450658,-2.1635865844091677,-2.4314588607247325,True
CHADL,NEUTRAL,0.05863011133278032,0.13750352374993502,0.08458537086656999,0.222088894616505,0.08473531284622676,0.08473531284622676,False
GPR182,DIG,1.1682528028874617,0.53605290024021,1.6854325252303726,2.2214854254705827,2.0777720300690232,1.6855824672100284,True
SKP1P1,DSG,-0.09465789285853127,1.4059923596758368,-0.1365624726080019,1.2694298870678349,1.122895015793578,-0.13641253062834677,False
POLR2L,NEUTRAL,0.09145636088891156,0.13750352374993502,0.13194363831218406,0.26944716206211905,0.13209358029183987,0.1320935802918393,False
EPB41L4B,NEUTRAL,0.012714626047598009,0.13750352374993502,0.018343327945627288,0.1558468516955623,0.018493269925284408,0.018493269925284408,False
SAPCD2,NEUTRAL,-0.000618490138192562,0.13750352374993502,-0.0008922926552091388,0.1366112310947259,-0.0007423506755520737,-0.0007423506755520737,False
KCP,DIG,1.3969513604100956,0.5849625007211562,2.015374800026736,2.600337300747892,2.4577824324260464,2.0155247420063915,True
NEK3,NEUTRAL,-0.03958581973600844,0.13750352374993502,-0.05711026582266383,0.08039325792727119,-0.05696032384300603,-0.056960323843006366,False
NAPSB,DIG,-1.4376970529984023,0.632268215499513,-2.0741584086614724,-1.4418901931619594,-1.5576739488956375,-2.0740084666818164,True
HAVCR1,DIG,-1.5727034126666013,0.32192809488736235,-2.2689314142432546,-1.9470033193558922,-2.0969987071509264,-2.2687814722635893,True
LINC01485,DIG,1.635449913308038,0.37851162325372983,2.3594554795517917,2.7379671028055217,2.6045899015769782,2.359605421531448,True
GOLT1B,DSG,0.03085421247941266,1.1375035237499351,0.044513219334583014,1.182016743084518,1.0459637382972953,0.04466316131424003,False
LNX2,NEUTRAL,-0.003389012005378177,0.13750352374993502,-0.004889310813672257,0.13261421293626277,-0.004739368834015829,-0.004739368834015668,False
TEX41,NEUTRAL,-0.0796587252410306,0.13750352374993502,-0.11492324786877134,0.02258027588116368,-0.11477330588911357,-0.11477330588911375,False
PSMG3,DSG,0.04894346379168828,1.3504972470841334,0.07061049249619722,1.4211077395803307,1.2770185458911216,0.07076043447585449,False
TENM2,DIG,-1.3703057298839596,0.4854268271702419,-1.97693328100532,-1.4915064538350782,-1.656789716393435,-1.976783339025664,True
OBSCN,DCG,-0.7760159398054949,1.0356239097307214,-1.1195543480081758,-0.08393043827745439,-0.20950145500083614,-1.1194044060285198,True
ERC2,NEUTRAL,-0.043790282457068924,0.13750352374993502,-0.06317602333994031,0.07432750040999471,-0.06302608136028363,-0.06302608136028313,False
RN7SL333P,DCG,2.0794415416798357,-3.321928094887362,3.0,-0.3219280948873622,-0.45928167665763847,3.000149941979657,True
LINC02660,DCG,-0.7229545641697351,1.1375035237499351,-1.0430029645157188,0.0945005592342163,-0.03696647717900573,-1.04285302253606,True
FLVCR1-DT,DCG,-0.8703856302710798,1.4059923596758368,-1.2557010324531017,0.15029132722273508,0.0018847638891205819,-1.2555510904734464,True
SHB,DIG,0.8148245679958882,0.37851162325372983,1.17554336344216,1.5540549866958897,1.407817284961675,1.175693305421816,True
CLN8,NEUTRAL,-0.04990739515281339,0.13750352374993502,-0.07200115149064977,0.06550237225928525,-0.07185120951099239,-0.07185120951099239,False
TLL2,NEUTRAL,0.03126294695119772,0.13750352374993502,0.04510289853006769,0.1826064222800027,0.045252840509724696,0.04525284050972501,False
TSSK1B,NEUTRAL,-0.08894897375302453,0.13750352374993502,-0.12832624332565107,0.009177280424283951,-0.12817630134599348,-0.1281763013459933,False
MIR4707,DIG,1.0433937613477913,0.4854268271702419,1.505299005190941,1.990725832361183,1.8767346666335851,1.5054489471705979,True
SNX10,DSG,0.010617596294519084,-0.7369655941662062,0.015317953520263716,-0.7216476406459424,-0.8590012224162213,0.015467895499920014,False
CYGB,DCG,2.0794415416798357,-3.321928094887362,3.0,-0.3219280948873622,-0.45928167665764025,3.000149941979657,True
FAM86HP,DSG,0.02877773637366405,1.4059923596758368,0.04151749755429507,1.447509857230132,1.316696819402826,0.0416674395339512,False
UNC13A,DIG,1.2801334665932111,0.5849625007211562,1.8468422039300234,2.4318047046511797,2.2726958811978815,1.8469921459096788,True
PPP4R1-AS1,NEUTRAL,-0.014463381091986329,0.13750352374993502,-0.020866248175895878,0.11663727557403913,-0.02071630619623913,-0.02071630619623929,False
NUS1,DIG,1.3918697294594096,0.5849625007211562,2.0080435562545533,2.5930060569757094,2.4324620388927327,2.008193498234209,True
SCMH1,DIG,0.7515236899604212,0.4854268271702419,1.0842195006164745,1.5696463277867165,1.428421530328783,1.0843694425961312,True
MIR1260B,NEUTRAL,0.015469493313405074,0.13750352374993502,0.02231776128831448,0.1598212850382495,0.02246770326797034,0.02246770326797097,False
SH3PXD2A-AS1,NEUTRAL,0.02125107840420661,0.13750352374993502,0.03065882542729142,0.16816234917722644,0.030808767406948653,0.03080876740694928,False
TXK,NEUTRAL,-0.046338468229986676,0.13750352374993502,-0.06685227831779256,0.07065124543214246,-0.06670233633813592,-0.06670233633813559,False
MTO1,DIG,-1.4590123230741716,0.5849625007211562,-2.1049098430949935,-1.5199473423738374,-1.6804913604568141,-2.104759901115338,True
XKR6,NEUTRAL,0.05623409204293811,0.13750352374993502,0.08112864571924033,0.21863216946917535,0.08127858769889752,0.08127858769889752,False
OLFML1,NEUTRAL,-0.005242628322690009,0.13750352374993502,-0.007563513882368901,0.12994000986756613,-0.00741357190271316,-0.007413571902713482,False
HYLS1,NEUTRAL,0.003290411865843908,0.13750352374993502,0.004747060881335207,0.14225058463127022,0.0048970028609927885,0.0048970028609927885,False
MATR3,DIG,1.6974944938587868,0.4854268271702419,2.448966888226393,2.934393715396635,2.769110452838278,2.4491168302060493,True
CPNE1,DCG,-0.8888099663513687,1.2927817492278462,-1.282281730747806,0.010500018480040119,-0.13051756784670174,-1.28213178876815,True
ZNF461,DSG,-0.01993304492492398,1.4329594072761063,-0.02875730506300475,1.4042021022131015,1.2702309406724857,-0.02860736308334909,False
PPFIA4,DCG,-0.9103209813572589,1.3504972470841334,-1.313315565421292,0.037181681662841415,-0.09069207012530235,-1.3131656234416358,True
GAPDHP44,DIG,0.8115704575277026,0.53605290024021,1.1708486744072037,1.7069015746474139,1.5547456222922345,1.1709986163868589,True
CRISPLD1,DCG,0.8589690287343543,-0.7369655941662062,1.2392303580322626,0.5022647638660563,0.3649111820957763,1.2393803000119175,True
KCNJ6,DIG,-0.7039045492792108,0.4329594072761063,-1.0155196025042983,-0.582560195228192,-0.697357344238058,-1.0153696605246434,True
CARTPT,NEUTRAL,0.026892687138520305,0.13750352374993502,0.038797946370921654,0.17630147012085667,0.0389478883505788,0.0389478883505788,False
HSPA8P4,DIG,-0.5679023719815631,0.4329594072761063,-0.8193099357668806,-0.3863505284907743,-0.5344643833068847,-0.8191599937872223,True
NSUN4,NEUTRAL,-0.05880575477853865,0.13750352374993502,-0.08483877079473018,0.05266475295520484,-0.08468882881507231,-0.08468882881507266,False
OSBPL1A,DIG,-0.7811904765650538,0.37851162325372983,-1.1270196265300891,-0.7485080032763594,-0.8813237447970839,-1.1268696845504347,True
KRT8P30,NEUTRAL,0.024660915094829518,0.13750352374993502,0.035578179911094326,0.17308170366102935,0.03572812189075007,0.0357281218907507,False
HMGB1P21,NEUTRAL,-0.013891470477472348,0.13750352374993502,-0.020041155568504797,0.11746236818143022,-0.019891213588847472,-0.019891213588847798,False
UBE2V2,DCG,-0.9221486294428607,1.3504972470841334,-1.3303792546597695,0.020117992424363962,-0.12406419109225508,-1.330229312680113,True
CDC25C,DIG,1.1668948540097543,0.4329594072761063,1.6834734191187235,2.11643282639483,1.9648786684135062,1.6836233610983797,True
TPH1,DIG,0.9818555262602938,0.26303440583379406,1.4165180986051493,1.6795525044389434,1.5184507004721122,1.4166680405848053,True
SLC26A7,DCG,-0.6791760561370525,1.2630344058337937,-0.9798439280794498,0.2831904777543439,0.1299188019904426,-0.9796939860997936,True
MAP3K9,NEUTRAL,0.021699579313660754,0.13750352374993502,0.03130587546519511,0.16880939921513013,0.03145581744485078,0.03145581744485078,False
ALG1,DCG,-0.806536704519754,1.2016338611696507,-1.1635865039055764,0.038047357264074266,-0.09859398074551722,-1.1634365619259202,True
RBM27,DIG,0.7175391359990879,0.32192809488736235,1.0351901531496357,1.357118248036998,1.2071228602419566,1.0353400951292917,True
ATG7,DIG,-1.5357422673976069,0.4329594072761063,-2.2156077532580998,-1.7826483459819935,-1.9755559749931046,-2.2154578112784438,True
PTGER3,NEUTRAL,0.009678086784549334,0.13750352374993502,0.013962527809362338,0.15146605155929735,0.014112469789017968,0.01411246978901765,False
POLDIP3,NEUTRAL,-0.003708191622408045,0.13750352374993502,-0.005349789664314086,0.13215373408562092,-0.005199847684657361,-0.005199847684657521,False
ACO2,NEUTRAL,-0.004568788063151512,0.13750352374993502,-0.006591367881581378,0.13091215586835364,-0.006441425901924599,-0.006441425901924599,False
TRMT1L,DCG,-0.9492931191599883,1.3504972470841334,-1.369540475362131,-0.019043228277997537,-0.1515462625634968,-1.3693905333824739,True
MPP4,NEUTRAL,-0.009566310378862115,0.13750352374993502,-0.013801268543188994,0.12370225520674602,-0.01365132656353181,-0.013651326563531487,False
ZNF603P,DSG,0.035852951233807245,1.4329594072761063,0.05172487494624756,1.4846842822223538,1.3295271246203753,0.05187481692590499,False
NR1I3,DCG,-1.0311085544722691,1.3504972470841334,-1.4875751981553305,-0.13707795107119702,-0.2812601345878156,-1.4874252561756731,True
KIAA1191,DIG,-0.6831216382602642,0.4854268271702419,-0.9855361998420276,-0.5001093726717857,-0.6653926352301428,-0.9853862578623717,True
RNF217-AS1,DIG,-0.784148836397245,0.5849625007211562,-1.1312876375891565,-0.5463251368680003,-0.6790984156771025,-1.131137695609501,True
DUS3L,DIG,-0.7045815544826998,0.53605290024021,-1.016496314554028,-0.480443414313818,-0.6320893848878084,-1.0163463725743713,True
DERL1,DCG,-1.0544171287650024,1.4059923596758368,-1.5212023626976485,-0.11521000302181172,-0.2556720409831576,-1.521052420717994,True
SEC61B,NEUTRAL,-0.020118084268446294,0.13750352374993502,-0.02902426040627374,0.10847926334366129,-0.028874318426617144,-0.028874318426617144,False
TTC39A,NEUTRAL,-0.008393654427953808,0.13750352374993502,-0.012109483618144647,0.12539404013179037,-0.011959541638487238,-0.011959541638487238,False
DDOST,NEUTRAL,-0.05855177137693939,0.13750352374993502,-0.08447235020077482,0.053031173549160204,-0.08432240822111738,-0.08432240822111771,False
RPS29P17,DIG,0.7218376014754728,0.4329594072761063,1.0413915279758486,1.4743509352519548,1.3267021741040914,1.0415414699555037,True
MLF2,DSG,0.007429950875236971,-0.7369655941662062,0.010719153281752991,-0.7262464408844532,-0.8636000226547331,0.010869095261408458,False
RIPK3,DIG,-0.9173327633615129,0.4854268271702419,-1.3234314285466238,-0.8380046013763819,-0.9917741974779176,-1.323281486566967,True
LINC01117,NEUTRAL,-0.15030303705815304,0.13750352374993502,-0.2168414461943475,-0.07933792244441248,-0.2166915042146911,-0.21669150421469074,False
SORBS2,NEUTRAL,0.008158727785723578,0.13750352374993502,0.011770556116426398,0.14927407986636143,0.011920498096082465,0.011920498096082147,False
NEDD4L,NEUTRAL,0.009281774379603628,0.13750352374993502,0.013390769868104389,0.1508942936180394,0.01354071184776097,0.01354071184776097,False
ARL6IP1P2,DSG,0.10921651081766769,-0.7369655941662062,0.157566118539845,-0.5793994756263612,-0.7167530573966407,0.1577160605195001,False
MYH10,NEUTRAL,-0.05731951227562659,0.13750352374993502,-0.08269457610622054,0.05480894764371448,-0.08254463412656299,-0.08254463412656282,False
ZFHX3,NEUTRAL,0.0846379177170872,0.13750352374993502,0.12210670416160985,0.25961022791154487,0.12225664614126626,0.12225664614126626,False
SLC34A1,DIG,-1.3275830017858237,0.4854268271702419,-1.9152974130448917,-1.4298705858746499,-1.5651546107566283,-1.9151474710652203,True
TRPM4,DIG,0.7543921465709424,0.6780719051126378,1.0883578087434786,1.7664297138561165,1.6349586540632512,1.0885077507231342,True
RPS4XP13,DIG,0.6248329171394219,0.37851162325372983,0.9014433509412286,1.2799549741949585,1.0953740263132203,0.9015932929208849,True
LCP2,DIG,-1.6009076535526967,0.4854268271702419,-2.3096215327016623,-1.8241947055314203,-1.96224337796632,-2.309471590722006,True
CKLF,NEUTRAL,-0.002974219393058104,0.13750352374993502,-0.00429089156888071,0.1332126321810543,-0.0041409495892244024,-0.004140949589224564,False
SLC43A1,DIG,-1.3810094338266279,0.4329594072761063,-1.992375461602551,-1.5594160543264448,-1.701115375740117,-1.9922255196228964,True
ZDHHC16,NEUTRAL,0.08794626921467914,0.13750352374993502,0.12687964646070332,0.26438317021063834,0.12702958844036055,0.12702958844036086,False
TMBIM6,DIG,-0.8128284312581678,0.53605290024021,-1.1726635468697144,-0.6366106466295044,-0.780324042031065,-1.1725136048900597,True
MCUR1,DSG,0.005648086960048792,1.4059923596758368,0.008148467047772013,1.4141408267236089,1.2832391279064905,0.008298409027427772,False
GP5,DCG,-0.9146001326479093,1.4329594072761063,-1.3194890757675268,0.11347033150857944,-0.04168682609339773,-1.3193391337878664,True
DHX37,DIG,1.3023668113286357,0.37851162325372983,1.878918140122195,2.257429763375925,2.12133606600904,1.8790680821018506,True
OR10D1P,NEUTRAL,-0.04334051577125045,0.13750352374993502,-0.06252714717275293,0.07497637657718209,-0.06237720519309575,-0.062377205193095586,False
FRK,DIG,0.6244407396058407,0.37851162325372983,0.9008775583583829,1.2793891816121128,1.1180871139596222,0.9010275003380398,True
ZCCHC4,NEUTRAL,0.012485686945983463,0.13750352374993502,0.01801303863906241,0.15551656238899741,0.01816298061871818,0.018162980618717864,False
TMEM17,DIG,-1.5408118862688547,0.4854268271702419,-2.2229216672628462,-1.7374948400926042,-1.8777967561500468,-2.222771725283191,True
ACLY,NEUTRAL,-0.008314840554305127,0.13750352374993502,-0.011995779233478446,0.12550774451645658,-0.011845837253822343,-0.01184583725382202,False
ZNF282,DIG,-0.915400491601362,0.53605290024021,-1.3206437496606043,-0.7845908494203943,-0.9423848183943989,-1.3204938076809491,True
MATN2,DCG,-1.0455854693228421,1.4059923596758368,-1.5084609714176238,-0.10246861174178701,-0.23328164956909359,-1.5083110294379685,True
ZFYVE28,NEUTRAL,-0.006986340141169016,0.13750352374993502,-0.01007915827562804,0.12742436547430697,-0.009929216295972229,-0.00992921629597239,False
PLEKHG5,NEUTRAL,0.04605531130813072,0.13750352374993502,0.06644376923083758,0.2039472929807726,0.06659371121049357,0.06659371121049387,False
PIK3R5,NEUTRAL,0.04813383307642466,0.13750352374993502,0.06944244227833501,0.20694596602827003,0.06959238425799037,0.06959238425799007,False
STX18-AS1,NEUTRAL,-0.052279849522473346,0.13750352374993502,-0.07542387964449354,0.06207964410544148,-0.07527393766483777,-0.07527393766483777,False
FREM1,DIG,1.13737107296204,0.32192809488736235,1.6408796066128946,1.962807701500257,1.803800736381776,1.6410295485925506,True
FBXO2,NEUTRAL,-0.038384820978478645,0.13750352374993502,-0.05537759087106179,0.08212593287887324,-0.05522764889140493,-0.05522764889140543,False
NAA20,DCG,-0.938714344605504,1.4059923596758368,-1.3542785297736941,0.05171382990214268,-0.07777081696074559,-1.3541285877940383,True
COP1,DCG,0.841815739143867,-0.7369655941662062,1.2144833922051341,0.4775177980389279,0.3401642162686481,1.21463333418479,True
ZNF792,DSG,0.05666124301964625,1.1043366598147357,0.08174489431504804,1.1860815541297838,1.0494247604602929,0.08189483629470257,False
TEX35,DCG,-0.9446314507511097,1.3504972470841334,-1.362815109466373,-0.01231786238223953,-0.15789469829581457,-1.3626651674867136,True
UBXN8,NEUTRAL,-0.008942397765709409,0.13750352374993502,-0.012901152910245512,0.1246023708396895,-0.012751210930589063,-0.012751210930588902,False
SENP6,DIG,0.897823731557897,0.4329594072761063,1.2952858451110019,1.7282452523871081,1.576451006454643,1.295435787090659,True
LAMC1-AS1,DCG,-0.9036940268899446,1.3219280948873624,-1.3037548910751007,0.01817320381226173,-0.13219411652037272,-1.3036049490954436,True
ACTR3B,DIG,0.5566342517033002,0.4854268271702419,0.8030534745212903,1.288480301691532,1.147424527262565,0.8032034165009463,True
TUBA4A,NEUTRAL,-0.03351093923322217,0.13750352374993502,-0.04834606584730103,0.08915745790263399,-0.048196123867644707,-0.04819612386764487,False
RPS12P31,DSG,0.04919577303020719,1.1699250014423124,0.07097449778337893,1.2408994992256912,1.1004458569880153,0.07112443976303578,False
TUBB8P1,NEUTRAL,-0.027339105193779495,0.13750352374993502,-0.039441991485407384,0.09806153226452763,-0.03929204950575094,-0.039292049505750444,False
MAP3K21,DCG,2.0794415416798357,-3.321928094887362,3.0,-0.3219280948873622,-0.45928167665764047,3.0001499419796565,True
NEK5,NEUTRAL,-0.017977918922695266,0.13750352374993502,-0.025936654475276318,0.1115668692746587,-0.025786712495618244,-0.025786712495618733,False
HSPA9P1,NEUTRAL,0.01853124193682956,0.13750352374993502,0.026734930843777593,0.1642384545937126,0.02688487282343371,0.02688487282343371,False
RNF157,DCG,-1.0021041582023684,1.3785116232537298,-1.4457306994927661,-0.06721907623903633,-0.2099811122480642,-1.4455807575131092,True
ELF1,NEUTRAL,0.04019550025874423,0.13750352374993502,0.05798984888934135,0.19549337263927635,0.05813979086899671,0.05813979086899733,False
KCNG3,DIG,0.5616825590576973,0.53605290024021,0.8103366425063622,1.3463895427465722,1.2038462403595396,0.81048658448602,True
NFKBIA,DIG,-0.7753096411644717,0.4854268271702419,-1.118535374461385,-0.6331085472911432,-0.7868781433926776,-1.1183854324817282,True
FXYD5,DSG,0.033429050154592264,1.1375035237499351,0.0482279248796587,1.1857314486295938,1.0304038591361857,0.04837786685931344,False
UBE2O,DCG,-0.928527847558027,1.3219280948873624,-1.3395825209992689,-0.017654426111906485,-0.14470240028826462,-1.3394325790196122,True
GRIK4,NEUTRAL,0.044757755683408104,0.13750352374993502,0.06457179216577269,0.2020753159157077,0.06472173414542964,0.06472173414542932,False
UBAP1,DIG,-1.3171168852868262,0.37851162325372983,-1.900197998674422,-1.5216863754206922,-1.6679240771549062,-1.9000480566947648,True
ZNF451,DIG,0.6710775106612583,0.53605290024021,0.9681601966831079,1.5042130969233178,1.3733638208920331,0.9683101386627627,True
GRM4,DSG,-0.0834560637486964,1.3785116232537298,-0.12040164930235749,1.2581099739513724,1.1207563921810924,-0.12025170732270228,False
SUCLA2P3,DIG,-0.7438634300115875,0.6780719051126378,-1.0731680815763718,-0.39509617646373396,-0.5344202036346107,-1.0730181395967122,True
RNF19A,DCG,-0.930793022092692,1.4329594072761063,-1.342850477067178,0.09010893020892818,-0.03240625704827604,-1.3427005350875214,True
HNRNPA1P36,DCG,-0.9145959567185132,1.4329594072761063,-1.319483051174896,0.11347635610121021,-0.04004371730408136,-1.319333109195237,True
MARS1,DIG,-1.2181954487846187,0.53605290024021,-1.7574845327950745,-1.2214316325548644,-1.33709293498055,-1.7573345908154183,True
LINC00294,DIG,1.496602123148941,0.4854268271702419,2.159140461250871,2.644567288421113,2.5136330119525705,2.159290403230527,True
RHOA,NEUTRAL,-0.00019124882827641814,0.13750352374993502,-0.0002759137361302134,0.13722761001380482,-0.00012597175647322594,-0.00012597175647322594,False
MIR6785,DCG,-0.8731388550533357,1.4059923596758368,-1.2596730961929148,0.146319263482922,6.237607851033293e-05,-1.259523154213253,True
HMSD,NEUTRAL,0.05686857221662978,0.13750352374993502,0.08204400711936767,0.21954753086930268,0.0821939490990238,0.0821939490990238,False
NTRK2,NEUTRAL,-0.019296975508813395,0.13750352374993502,-0.027839650870720867,0.10966387287921416,-0.027689708891064743,-0.02768970889106507,False
FADS6,DCG,-0.8953061391498208,1.3785116232537298,-1.2916537270288908,0.08685789622483897,-0.05049568554543894,-1.2915037850492315,True
GCNT7,DCG,-1.080266227484769,1.3785116232537298,-1.5584947292321052,-0.1799831059783754,-0.3174274644338055,-1.5583447872524456,True
DPYSL4,NEUTRAL,0.004513547707668299,0.13750352374993502,0.006511672894668804,0.14401519664460383,0.006661614874326534,0.006661614874326215,False
RPL37A-DT,NEUTRAL,0.05516605353220016,0.13750352374993502,0.07958779185632026,0.21709131560625528,0.07973773383597786,0.07973773383597786,False
MKNK2P1,DSG,-0.07283486865610914,1.0356239097307214,-0.10507850381396766,0.9305454059167537,0.7875817109726425,-0.10492856183431047,False
AQP6,DIG,-1.1653978734352302,0.5849625007211562,-1.6813137326675505,-1.0963512319463944,-1.2256985984107966,-1.681163790687894,True
ZNF114,DIG,0.6218502031880394,0.632268215499513,0.8971402043151787,1.5294084198146916,1.4136246640810122,0.8972901462948335,True
NECAB1,DCG,0.7898193090288144,-0.7369655941662062,1.1394684003342181,0.40250280616801193,0.2651492243977331,1.1396183423138746,True
BCO1,NEUTRAL,0.02316202535797412,0.13750352374993502,0.03341573912089368,0.1709192628708287,0.03356568110055073,0.03356568110055104,False
ZDHHC17,DIG,-0.8561627877543281,0.4854268271702419,-1.2351818080868393,-0.7497549809165974,-0.9145052242487828,-1.2350318661071844,True
TBX19,DCG,-1.0611766548749764,1.4594316186372973,-1.5309542974952675,-0.07152267885797015,-0.21997428463937185,-1.5308043555156123,True
HYAL1,NEUTRAL,-0.020940750241229704,0.13750352374993502,-0.03021111652551646,0.10729240722441856,-0.030061174545860637,-0.030061174545861127,False
LINC01960,NEUTRAL,0.01183075141205072,0.13750352374993502,0.017068166392155675,0.15457169014209068,0.01721810837181195,0.01721810837181195,False
ACSBG1,NEUTRAL,0.07867947870382079,0.13750352374993502,0.11351049374573106,0.2510140174956661,0.11366043572538768,0.11366043572538768,False
KCNK1,DCG,-0.8731654872395979,1.1699250014423124,-1.2597115183159633,-0.08978651687365091,-0.2363510166686246,-1.259561576336308,True
STRN,DIG,0.6730458926519199,0.4854268271702419,0.9709999716196105,1.4564267987898525,1.3194167138133177,0.9711499135992667,True
AKR1A1,NEUTRAL,-0.03334681831144614,0.13750352374993502,-0.04810928940734863,0.08939423434258639,-0.047959347427693325,-0.047959347427693325,False
LINC02848,DSG,-0.053208243342235645,1.4329594072761063,-0.07676326880425657,1.3561961384718497,1.222224976931233,-0.07661332682459954,False
NKAPL,DSG,0.0092308746332511,1.4059923596758368,0.01331733705645909,1.4193096967322958,1.2572514386340927,0.013467279036115835,False
ZNF213,DCG,-0.6832830798385078,1.2016338611696507,-0.9857691108063529,0.21586475036329777,0.07381579100252315,-0.9856191688266982,True
ARFIP2,NEUTRAL,-0.0036038783406492753,0.13750352374993502,-0.005199297410021856,0.13230422633991315,-0.005049355430366251,-0.005049355430366411,False
CCDC50,DCG,-0.8309381281011785,1.070389327891398,-1.1987903166971285,-0.12840098880573048,-0.2657545705760104,-1.198640374717473,True
GOLPH3L,DCG,0.7087208862725021,-0.7369655941662062,1.0224681079997697,0.2855025138335635,0.14814893206328467,1.0226180499794262,True
CFAP43,NEUTRAL,-0.0037691761223840837,0.13750352374993502,-0.0054377717000006105,0.1320657520499344,-0.005287829720344295,-0.005287829720343974,False
RASGRP1,NEUTRAL,0.028578779238264747,0.13750352374993502,0.04123046308170502,0.17873398683164005,0.04138040506136135,0.04138040506136135,False
RIPK4,DIG,1.6173550507066015,0.5849625007211562,2.333350111011132,2.918312611732288,2.814767857104548,2.333500052990787,True
GCAT,NEUTRAL,-0.01973194405105125,0.13750352374993502,-0.028467177829550123,0.1090363459203849,-0.028317235849892475,-0.0283172358498928,False
AGPAT4,NEUTRAL,0.02637366184827193,0.13750352374993502,0.03804915115858437,0.1755526749085194,0.038199093138241026,0.038199093138241026,False
ABL1,NEUTRAL,0.015402406088489534,0.13750352374993502,0.02222097488162183,0.15972449863155685,0.02237091686127805,0.02237091686127805,False
ANKRD30BP3,DIG,-0.9513786111820124,0.4854268271702419,-1.3725492043601186,-0.8871223771898767,-1.018301834924456,-1.3723992623804544,True
DST-AS1,DIG,1.5221413134829325,0.4854268271702419,2.1959857244940397,2.6814125516642817,2.5426111976440477,2.1961356664736904,True
SFPQ,NEUTRAL,0.0072018349328792615,0.13750352374993502,0.010390051542965812,0.14789357529290084,0.010539993522621789,0.010539993522621471,False
MPDZ,DIG,-0.6081444507304254,0.37851162325372983,-0.8773669832129274,-0.49885535995919755,-0.6480933106416165,-0.8772170412332704,True
ANKRD10-IT1,DIG,1.0838366285552359,0.2016338611696507,1.5636457291504522,1.7652795903201028,1.6237953276364459,1.5637956711301089,True
OGDHL,DIG,-1.6254143477076046,0.4854268271702419,-2.3449772188275304,-1.8595503916572884,-1.990729849391872,-2.344827276847873,True
SMAP2,DIG,-1.5121648708787534,0.37851162325372983,-2.1815927602232774,-1.8030811369695476,-1.9668493850387536,-2.1814428182436196,True
NPPC,NEUTRAL,0.0009780162661469148,0.13750352374993502,0.0014109792170788945,0.1389145029670139,0.001560921196736471,0.001560921196736471,False
PRC1,DIG,1.5865623240418625,0.7224660244710913,2.2889255969564637,3.011391621427555,2.8673350092731096,2.289075538936119,True
DENND11,DSG,0.11593932936449669,1.2630344058337937,0.16726509551815155,1.4302995013519453,1.2835550637601971,0.16741503749780914,False
FAAHP1,NEUTRAL,0.019349284477975986,0.13750352374993502,0.027915116761125753,0.16541864051106078,0.028065058740782203,0.02806505874078189,False
SCGB2B2,DSG,0.0001913102814324958,-0.7369655941662062,0.00027600239429373364,-0.7366895917719125,-0.8740431735421923,0.0004259443739492386,False
MAP3K10,DSG,-0.07930237069453469,1.2630344058337937,-0.11440913693174347,1.1486252689020502,1.0085475372278538,-0.11425919495208753,False
LRRC56,NEUTRAL,0.05221668142357377,0.13750352374993502,0.07533274734146873,0.21283627109140374,0.0754826893211248,0.0754826893211245,False
LYRM4,DIG,-1.3937090183905638,0.5849625007211562,-2.0106970892742915,-1.4257345885531354,-1.5585078673622363,-2.0105471472946355,True
USHBP1,DIG,0.8030759766249378,0.5849625007211562,1.1585937289338588,1.7435562296550149,1.6146941171171267,1.158743670913513,True
GRIK5,DIG,0.9506275800388013,0.6780719051126378,1.3714656954542548,2.0495376005668926,1.9343451621446988,1.37161563743391,True
SLC39A6,NEUTRAL,-0.029607235699164694,0.13750352374993502,-0.042714212117615585,0.09478931163231943,-0.04256427013796006,-0.042564270137960394,False
ADCY1,DSG,0.03450626644028373,1.2630344058337937,0.0497820194729906,1.3128164253067842,1.18713765449211,0.049931961452646584,False
LINC00923,DIG,0.9118925717375486,0.37851162325372983,1.3155828910692446,1.6940945143229744,1.5223499129347937,1.3157328330489009,True
TTBK1,DSG,-0.0399780183078318,1.4059923596758368,-0.05767608875727712,1.3483162709185597,1.202059383514147,-0.057526146777620454,False
MAPKAPK3,NEUTRAL,0.008188579255177563,0.13750352374993502,0.011813622683370911,0.14931714643330593,0.011963564663028102,0.011963564663028102,False
LY9,DCG,-1.0115943095973563,1.4594316186372973,-1.4594220938476008,9.52478969651338e-06,-0.131950945706505,-1.4592721518679446,True
GAREM2,DIG,0.7777824435401981,0.5849625007211562,1.122102874185944,1.7070653749071,1.5966267333594306,1.1222528161656005,True
PHF20,DCG,0.8275129112568729,-0.7369655941662062,1.1938487733418794,0.4568831791756732,0.31952959740539433,1.1939987153215355,True
PHF3,DIG,1.2645961215182473,0.5849625007211562,1.8244265532417925,2.409389053962949,2.252672654896068,1.824576495221447,True
KAZALD1,NEUTRAL,-0.05694643410095442,0.13750352374993502,-0.08215633807375711,0.05534718567617791,-0.08200639609410001,-0.08200639609409967,False
UTP15,NEUTRAL,0.01931705090990556,0.13750352374993502,0.027868613552320388,0.16537213730225542,0.028018555531975946,0.028018555531975946,False
SNX5P1,DIG,-1.7071549261068009,0.4329594072761063,-2.4629039459234465,-2.02994453864734,-2.155013662470597,-2.46275400394379,True
SNORA63B,DSG,0.02223868385324217,1.0356239097307214,0.03208363891096994,1.0677075486416914,0.9545426273236365,0.03223358089062613,False
SLC12A5,DCG,-0.8308347807740831,1.1043366598147357,-1.1986412180208388,-0.09430455820610306,-0.22871283493870426,-1.1984912760411823,True
PPP2R2D,NEUTRAL,0.039619765971531745,0.13750352374993502,0.057159239888310155,0.19466276363824517,0.05730918186796652,0.05730918186796652,False
SH3GL1,NEUTRAL,0.014518986465398542,0.13750352374993502,0.020946469772364456,0.15844999352229946,0.021096411752021593,0.021096411752021593,False
MKRN1,DSG,-0.0882489000999181,1.4059923596758368,-0.1273162505380574,1.2786761091377794,1.1477744103206609,-0.1271663085584018,False
SNRPA,DSG,0.04264324056487255,-0.7369655941662062,0.06152119169037671,-0.6754444024758295,-0.8127979842461078,0.061671133670033525,False
VN1R48P,DIG,0.9209148589025081,0.37851162325372983,1.328599300019608,1.7071109232733377,1.5608732215391223,1.3287492419992628,True
BMPR1AP2,NEUTRAL,-0.0041308421833290854,0.13750352374993502,-0.0059595455325838105,0.1315439782173512,-0.005809603552927043,-0.0058096035529273645,False
LINC01089,DIG,1.262517643477682,0.4854268271702419,1.8214279432800722,2.306854770450314,2.1389927631062635,1.8215778852597289,True
UGP2,DIG,0.9287764976343417,0.5849625007211562,1.3399412472312848,1.924903747952441,1.7662167174036316,1.3400911892109406,True
COL12A1,DIG,-1.1440227694341076,0.5849625007211562,-1.6504759761266452,-1.065513475405489,-1.1982867542145905,-1.6503260341469896,True
LINC00272,DCG,0.7349285989041423,-0.7369655941662062,1.0602778450464803,0.32331225088027404,0.18595866910999562,1.060427787026133,True
CSE1L,DCG,-0.7447533876800437,1.2016338611696507,-1.0744520190912548,0.1271818420783959,0.005985329548801395,-1.0743020771115985,True
KCNQ1OT1,NEUTRAL,-0.025986306628260524,0.13750352374993502,-0.03749031570361146,0.10001320804632356,-0.03734037372395406,-0.03734037372395406,False
SCIMP,NEUTRAL,0.08019635183315112,0.13750352374993502,0.11569887908707366,0.2532024028370087,0.11584882106673124,0.11584882106673153,False
SLC25A2,DIG,-0.7450754346150861,0.37851162325372983,-1.0749166346073737,-0.696405011353644,-0.8612355044261952,-1.0747666926277135,True
NUP50-DT,NEUTRAL,-0.001732853379465587,0.13750352374993502,-0.0024999789771426835,0.13500354477279233,-0.0023500369974854946,-0.002350036997485976,False
C10orf105,DIG,0.6312229570666001,0.53605290024021,0.9106622298552511,1.4467151300954613,1.313718510710557,0.9108121718349063,True
LRRTM3,DIG,1.3886246940653015,0.5849625007211562,2.0033619597839647,2.5883244605051208,2.4627926738848602,2.0035119017636176,True
GPATCH3,NEUTRAL,0.012981160337697343,0.13750352374993502,0.018727855644180457,0.15623137939411547,0.018877797623836384,0.018877797623836384,False
MSL2,DSG,-0.010152831972744867,1.2630344058337937,-0.01464744033805793,1.2483869654957358,1.0952147156525653,-0.014497498358401424,False
RPL10P8,DIG,1.4186122828921375,0.37851162325372983,2.046624905472658,2.425136528726388,2.256691557984837,2.0467748474523155,True
COX14,DIG,-1.6328351516079596,0.5849625007211562,-2.355683175813982,-1.770720675092826,-1.9000680415572297,-2.3555332338343278,True
LMAN2L,DIG,-0.8579196972284875,0.4329594072761063,-1.2377164926725,-0.8047570853963937,-0.9272763002842458,-1.2375665506928437,True
FUT7,NEUTRAL,-0.013953477189757072,0.13750352374993502,-0.020130612344819797,0.11737291140511522,-0.01998067036516281,-0.01998067036516281,False
TGIF2-RAB5IF,DCG,-0.8301782475674817,1.1375035237499351,-1.197694040819496,-0.06019051706956091,-0.21763881418889164,-1.1975440988398391,True
AMIGO3,NEUTRAL,-0.011282196284301403,0.13750352374993502,-0.016276768629697524,0.12122675512023749,-0.016126826650041993,-0.01612682665004167,False
NT5C3AP2,DSG,0.08141291325590878,-0.7369655941662062,0.11745400621862297,-0.6195115879475832,-0.7568651697178592,0.11760394819827907,False
POGK,DCG,-0.7763387680028646,1.2630344058337937,-1.1200200906475803,0.14301431518621333,-0.014236128045393657,-1.119870148667923,True
HOXA11,DSG,0.030226053806445146,1.070389327891398,0.04360697793220139,1.1139963058235995,0.9958281166855281,0.04375691991185653,False
CAPZB,NEUTRAL,-0.03247109214755203,0.13750352374993502,-0.04684588361352188,0.09065764013641314,-0.04669594163386639,-0.04669594163386622,False
TMEM78,DCG,0.9155540135793526,-0.7369655941662062,1.3208652350569188,0.5838996408907126,0.446546059120433,1.321015177036571,True
MBNL2,DIG,-1.6219737531029614,0.2016338611696507,-2.3400134900537024,-2.1383796288840515,-2.27986389156771,-2.339863548074047,True
NELL2,DIG,1.5577578772457925,0.5849625007211562,2.2473695644082237,2.8323320651293797,2.672501227132049,2.2475195063878792,True
LINC02073,DSG,0.052946770607049325,1.4059923596758368,0.0763860433858756,1.4823784030617124,1.337591077381534,0.07653598536553362,False
TEKT5,DCG,0.7667788815071336,-0.7369655941662062,1.1062280898087278,0.36926249564252156,0.23190891387224477,1.106378031788386,True
ANKRD46,DCG,-1.0544212234258576,1.485426827170242,-1.5212082700445586,-0.035781442874316616,-0.17417091745257673,-1.5210583280649017,True
WDR59,NEUTRAL,0.013828741597399316,0.13750352374993502,0.019950656924302916,0.15745418067423794,0.020100598903958745,0.020100598903958745,False
CCN5,DCG,-1.0258538475814594,1.4594316186372973,-1.479994258582634,-0.02056263994533669,-0.16196875133147523,-1.479844316602977,True
PPP2R2B,DIG,0.7262670892604014,0.4854268271702419,1.0477819280368432,1.533208755207085,1.3679254926487276,1.0479318700164995,True
CANT1,DCG,0.8801762369598254,-0.7369655941662062,1.2698258921702492,0.532860298004043,0.39550671623376266,1.2699758341499043,True
CRY2,DIG,-0.819243636959858,0.4329594072761063,-1.1819187323218254,-0.7489593250457192,-0.8605917274935221,-1.181768790342169,True
AP5Z1,DSG,0.05433929075941103,1.485426827170242,0.07839502530402577,1.5638218524742677,1.4223503033763674,0.07854496728368306,False
ARMC1,DCG,-0.8459567382635392,1.3504972470841334,-1.2204575910994109,0.13003965598472256,-0.0027070142475127245,-1.2203076491197538,True
HNRNPA3P13,NEUTRAL,-0.0514571413320373,0.13750352374993502,-0.07423696261805272,0.0632665611318823,-0.07408702063839637,-0.0740870206383962,False
CEP152,NEUTRAL,-0.011162637245115122,0.13750352374993502,-0.016104281396770028,0.12139924235316499,-0.01595433941711456,-0.015954339417114397,False
MTRR,DCG,-0.9507629911893223,1.070389327891398,-1.3716610524495925,-0.3012717245581944,-0.43862530632847263,-1.3715111104699362,True
KIAA0319,DSG,0.035309011571803814,1.3219280948873624,0.050940135893332385,1.3728682307806948,1.2350102033471295,0.05109007787298995,False
UCHL1,NEUTRAL,0.03237259520106282,0.13750352374993502,0.046703782557279194,0.1842073063072142,0.04685372453693502,0.04685372453693502,False
DDRGK1,DSG,0.002382018583225136,1.485426827170242,0.0034365263973242578,1.4888633535675662,1.3650154430554668,0.003586468376979082,False
RNF11,DIG,-1.0023305594157847,0.4854268271702419,-1.4460573274006132,-0.9606305002303713,-1.1312718333713088,-1.4459073854209583,True
NDUFB1P1,NEUTRAL,-0.057707010503529166,0.13750352374993502,-0.08325361787796885,0.05424990587196617,-0.08310367589831216,-0.08310367589831198,False
JAKMIP3,NEUTRAL,-0.06555009081129091,0.13750352374993502,-0.09456879094327061,0.042934732806664405,-0.09441884896361402,-0.09441884896361402,False
RPL23AP18,DCG,-1.0746760164885945,1.5109619192773793,-1.5504297595504013,-0.03946784027302197,-0.17476747382330024,-1.550279817570744,True
DLX4,DSG,-0.004676777103235261,1.3219280948873624,-0.006747163134180562,1.3151809317531817,1.174320712076705,-0.00659722115452415,False
NUP205,DSG,-0.009500963979129555,1.1043366598147357,-0.013706993616354883,1.0906296661983808,0.9603527796794116,-0.013557051636700203,False
LGALS12,DIG,-1.1817587348238479,0.32192809488736235,-1.704917466257581,-1.3829893713702186,-1.496803560125172,-1.7047675242779254,True
ZNF518B,NEUTRAL,0.016460143922925923,0.13750352374993502,0.023746968009923836,0.16125049175985887,0.02389690998958009,0.02389690998958072,False
NPHS1,DSG,-0.04721766499263907,1.3504972470841334,-0.0681206911272368,1.2823765559568967,1.146595228724151,-0.06797074914758032,False
HSF4,NEUTRAL,-0.0009796393943749405,0.13750352374993502,-0.0014133208961241942,0.13609020285381082,-0.0012633789164673485,-0.001263378916467509,False
DBP,DIG,1.181496725090907,0.632268215499513,1.7045394661152025,2.336807681614715,2.192029609090181,1.704689408094858,True
ZNF248,DSG,0.04084626975164223,1.3504972470841334,0.05892871080950712,1.4094259578936406,1.275447186753113,0.0590786527891623,False
FSD1L,NEUTRAL,-0.0019797657152093207,0.13750352374993502,-0.002856198179454479,0.13464732557048054,-0.002706256199796978,-0.002706256199797299,False
HDC,NEUTRAL,0.015817095882724206,0.13750352374993502,0.022819245791271453,0.16032276954120647,0.02296918777092793,0.022969187770928247,False
NFYA,DSG,0.005000073004844745,1.3219280948873624,0.007213580528172292,1.3291416754155347,1.179481668199938,0.00736352250782991,False
PCDH9,NEUTRAL,0.04911760827870865,0.13750352374993502,0.07086172988401966,0.2083652536339547,0.07101167186367563,0.07101167186367563,False
DDI1,NEUTRAL,-0.02164683806462226,0.13750352374993502,-0.031229785926756983,0.10627373782317803,-0.031079843947100592,-0.031079843947100592,False
FNDC3A,NEUTRAL,-0.028730427728037067,0.13750352374993502,-0.041449245605857846,0.09605427814407717,-0.04129930362620171,-0.041299303626201385,False
MIR30C2,DIG,0.9750449959689859,0.53605290024021,1.4066925803280552,1.9427454805682651,1.798302504866008,1.406842522307709,True
RCC2P6,DIG,1.5820253526489567,0.32192809488736235,2.2823801308272635,2.6043082257146257,2.4875207382978246,2.282530072806919,True
ZNF496,DCG,-0.802854240265406,1.1043366598147357,-1.1582738309875775,-0.0539371711728418,-0.17650972406003218,-1.1581238890079215,True
ZDHHC22,NEUTRAL,-0.0683898734045638,0.13750352374993502,-0.09866573120778821,0.03883779254214681,-0.09851578922813124,-0.09851578922813106,False
LINC01150,NEUTRAL,0.08382840333630201,0.13750352374993502,0.12093882177892275,0.25844234552885775,0.12108876375857909,0.12108876375857909,False
DMWD,DIG,-0.9519690596805794,0.7224660244710913,-1.3734010414809017,-0.6509350170098104,-0.7813487112713308,-1.3732510995012457,True
C2orf92,DIG,1.720425888453882,0.37851162325372983,2.4820498974894045,2.8605615207431345,2.725509126597451,2.4821998394690596,True
ZNF224,DIG,1.112549531984776,0.6780719051126378,1.6050696925377737,2.2831415976504115,2.1398814099580856,1.6052196345174283,True
AOX1,NEUTRAL,-0.006923042496307565,0.13750352374993502,-0.009987839077286474,0.12751568467264854,-0.0098378970976292,-0.009837897097629361,False
REEP2,DIG,1.083847547217778,0.37851162325372983,1.563661481450755,1.9421731047044848,1.8087959034759395,1.5638114234304097,True
PRR22,DIG,-1.3630956923418218,0.53605290024021,-1.9665313955986545,-1.4304784953584444,-1.6025639455212821,-1.9663814536189999,True
NME8,DSG,-0.00425120555920821,1.1375035237499351,-0.0061331931780692775,1.1313703305718659,0.9912188931940381,-0.005983251198411405,False
TCP11L2,DIG,1.5251204596159311,0.5849625007211562,2.2002837238462005,2.7852462245673566,2.597687116135836,2.200433665825855,True
RNF216,DSG,0.04461731931333821,1.4329594072761063,0.06436918531111241,1.4973285925872186,1.363127097216017,0.06451912729076954,False
SCN1A,NEUTRAL,0.0463680996452367,0.13750352374993502,0.0668950274136283,0.2043985511635633,0.06704496939328573,0.06704496939328604,False
DNAJC25,NEUTRAL,-0.009889157005289499,0.13750352374993502,-0.014267037770103512,0.1232364859798315,-0.014117095790447329,-0.01411709579044749,False
TMC3-AS1,NEUTRAL,-0.02873389796840792,0.13750352374993502,-0.04145425210443157,0.09604927164550345,-0.04130431012477513,-0.04130431012477464,False
FUNDC2P2,DIG,-1.1941364948476323,0.5849625007211562,-1.7227747992612084,-1.137812298540052,-1.2614597819484996,-1.7226248572815503,True
SPIRE1,DIG,-1.3003695300404134,0.53605290024021,-1.8760366723124164,-1.3399837720722063,-1.5081474203334282,-1.8758867303327609,True
AOX3P,NEUTRAL,0.016338591254767165,0.13750352374993502,0.023571604578364377,0.1610751283282994,0.023721546558021087,0.023721546558021087,False
CBLL1,DIG,0.8109278723986381,0.6780719051126378,1.1699216200281533,1.847993525140791,1.6929253017567616,1.170071562007809,True
CCDC51,NEUTRAL,0.014211256434538624,0.13750352374993502,0.020502509182910245,0.15800603293284526,0.020652451162567524,0.02065245116256721,False
RPL12P13,NEUTRAL,0.05101978718626861,0.13750352374993502,0.07360599396084,0.21110951771077502,0.07375593594049618,0.07375593594049618,False
SPCS2P4,NEUTRAL,0.039044958875050356,0.13750352374993502,0.05632996854074867,0.1938334922906837,0.056479910520406656,0.05647991052040604,False
DEDD,DCG,-0.878450710585792,1.3785116232537298,-1.2673364838275083,0.11117513942622148,-0.02617844234405704,-1.2671865418478523,True
PPFIBP1,DSG,-0.14120323529480192,1.4594316186372973,-0.20371320731728818,1.255718411320009,1.1251244900422668,-0.2035632653376316,False
STK32C,NEUTRAL,0.06369489242924951,0.13750352374993502,0.09189230543763426,0.2293958291875693,0.09204224741728986,0.09204224741728986,False
SLC25A34-AS1,NEUTRAL,0.0125624630703193,0.13750352374993502,0.018123803172900396,0.15562732692283543,0.01827374515255686,0.01827374515255686,False
SCFD1,DIG,-0.7242522525896816,0.26303440583379406,-1.0448751331637947,-0.7818407273300005,-0.9089856719735332,-1.0447251911841398,True
TNFSF11,NEUTRAL,-0.02188895584421476,0.13750352374993502,-0.031579088046686125,0.10592443570324889,-0.03142914606702976,-0.0314291460670296,False
LY75-CD302,NEUTRAL,0.0018235620390497052,0.13750352374993502,0.002630843910490376,0.1401343676604254,0.0027807858901473144,0.0027807858901473144,False
MYLK2,DCG,-1.1391506757490126,1.5360529002402097,-1.6434470307284121,-0.10739413048820245,-0.24336257989425628,-1.6432970887487561,True
COA6-AS1,DCG,-1.0084386099921785,1.4594316186372973,-1.4548693816766756,0.004562236960621746,-0.1312063918559613,-1.4547194396970204,True
RWDD3,NEUTRAL,0.04289915683485144,0.13750352374993502,0.06189040082395805,0.19939392457389307,0.062040342803615006,0.06204034280361439,False
SCAMP2,NEUTRAL,0.07578375558588318,0.13750352374993502,0.10933284836369495,0.24683637211362996,0.1094827903433512,0.1094827903433515,False
CPSF4L,DCG,-1.0086480172553172,1.5109619192773793,-1.4551714924967316,0.05579042678064772,-0.09686312426467462,-1.4550215505170758,True
ISLR2,NEUTRAL,0.06695908244583823,0.13750352374993502,0.09660153618708606,0.23410505993702108,0.0967514781667416,0.0967514781667416,False
AHCYP2,NEUTRAL,0.04417234367601394,0.13750352374993502,0.06372722116582828,0.20123074491576332,0.06387716314548482,0.06387716314548421,False
TGM3,DSG,-0.04183432524899247,1.2927817492278462,-0.060354173575657394,1.2324275756521887,1.065821964017981,-0.06020423159600055,False
UCP3,DIG,1.0806365092055465,0.37851162325372983,1.5590289328344027,1.9375405560881325,1.7732838954833365,1.5591788748140594,True
LAMC1,DCG,2.0794415416798357,-3.321928094887362,3.0,-0.3219280948873622,-0.4592816766576431,3.0001499419796542,True
SGCZ,NEUTRAL,-0.03020247841133093,0.13750352374993502,-0.04357296582658311,0.0939305579233519,-0.043423023846926624,-0.04342302384692629,False
ZIC4-AS1,DSG,-0.048298507279637595,-0.7369655941662062,-0.06968001693467266,-0.8066456111008788,-0.943999192871153,-0.06953007495501512,False
LIX1,NEUTRAL,-0.020824971491975208,0.13750352374993502,-0.03004408309812667,0.10745944065180835,-0.02989414111846966,-0.02989414111846966,False
NGEF,NEUTRAL,0.07160114664339562,0.13750352374993502,0.10329861918439032,0.24080214293432534,0.10344856116404713,0.10344856116404684,False
HSP90B1,NEUTRAL,0.02080470703605378,0.13750352374993502,0.030014847668062512,0.16751837141799752,0.03016478964772063,0.03016478964772032,False
DUSP26,DIG,0.6140832838850435,0.37851162325372983,0.8859349083537618,1.2644465316074915,1.1318872602641343,0.8860848503334184,True
RRP12,NEUTRAL,0.02838743134702447,0.13750352374993502,0.04095440642792811,0.17845793017786313,0.041104348407584056,0.04110434840758468,False
NOS2,DSG,-0.08321080790409931,1.2016338611696507,-0.12004781991160823,1.0815860412580425,0.9443844433038492,-0.11989787793195099,False
SNX19,NEUTRAL,0.031027219948355795,0.13750352374993502,0.04476281635206403,0.18226634010199905,0.0449127583317214,0.04491275833172171,False
MIR1279,DSG,-0.016545551759658918,-0.7369655941662062,-0.023870185472431582,-0.7608357796386378,-0.8981893614089167,-0.02372024349277572,False
TESMIN,DSG,0.03387452054434135,1.2927817492278462,0.048870602801812574,1.3416523520296588,1.213003315954484,0.04902054478146809,False
TMEM242,NEUTRAL,-0.019422773739870555,0.13750352374993502,-0.028021139354819636,0.10948238439511539,-0.027871197375163675,-0.027871197375163186,False
LHFPL4,DIG,-0.8360432797286654,0.4854268271702419,-1.20615549363309,-0.7207286664628482,-0.8870685963601228,-1.2060055516534312,True
TPP2,DIG,-1.3722448601447912,0.2016338611696507,-1.9797308546162593,-1.7780969934466087,-1.933282772556444,-1.979580912636603,True
TM9SF1,NEUTRAL,-0.02730838503258422,0.13750352374993502,-0.03939767166119565,0.09810585208873937,-0.039247729681539986,-0.03924772968154015,False
MYO5A,NEUTRAL,-0.0030639271994035724,0.13750352374993502,-0.004420312576224344,0.13308321117371066,-0.004270370596568563,-0.004270370596569044,False
SHISA2,NEUTRAL,-0.09300998242359121,0.13750352374993502,-0.13418504039568468,0.0033184833542503345,-0.13403509841602904,-0.1340350984160285,False
CCM2L,DCG,-0.9803715783218866,1.3504972470841334,-1.4143772142734718,-0.06387996718933842,-0.18836858725930253,-1.4142272722938154,True
ECRG4,NEUTRAL,0.0010321766528381367,0.13750352374993502,0.001489116138370949,0.13899263988830596,0.0016390581180281757,0.0016390581180284955,False
CSTF3-DT,DIG,0.8874767721779013,0.26303440583379406,1.2803583381252026,1.5433927439589967,1.4133173967375785,1.2805082801048573,True
RNF157-AS1,DCG,-0.9469144080854259,1.2927817492278462,-1.3661087206911522,-0.07332697146330602,-0.22128750178182136,-1.3659587787114968,True
HPS3,DSG,0.10461124324716756,1.4594316186372973,0.1509221218539177,1.610353740491215,1.4780068304725544,0.15107206383357508,False
CASKIN1,DCG,-0.756042154447499,1.1043366598147357,-1.0907382669244146,0.013598392890321165,-0.13051950111013047,-1.0905883249447592,True
CYB5R3,NEUTRAL,-0.000385894313335947,0.13750352374993502,-0.0005567278121570225,0.136946795937778,-0.00040678583250030253,-0.00040678583250062297,False
FASTK,DIG,1.0881580726832787,0.53605290024021,1.5698802551634583,2.1059331554036684,1.9793894735501008,1.5700301971431125,True
QDPR,NEUTRAL,-0.037163232951639126,0.13750352374993502,-0.05361521188273108,0.08388831186720394,-0.05346526990307564,-0.05346526990307514,False
CCDC162P,DIG,-1.1288431612483885,0.53605290024021,-1.6285764306744706,-1.0925235304342604,-1.2482802237235446,-1.628426488694815,True
HOTTIP,DSG,0.023325881130558695,-3.321928094887362,0.033652133031422476,-3.28827596185594,-3.4256295436261675,0.03380207501107959,False
RN7SL600P,DCG,-0.8432291599010165,1.1043366598147357,-1.2165225273221634,-0.11218586750742765,-0.2608643226614997,-1.2163725853425025,True
SDCBP,DCG,0.8064617991763331,-0.7369655941662062,1.163478438338087,0.42651284417188073,0.28915926240160134,1.1636283803177427,True
RNU6-8,DIG,-1.6760394750393746,0.32192809488736235,-2.4180138389734473,-2.096085744086085,-2.209899932841029,-2.4178638969937802,True
ZNF330,NEUTRAL,0.008375433734315782,0.13750352374993502,0.012083196713791511,0.14958672046372654,0.012233138693447406,0.012233138693447406,False
MMP11,NEUTRAL,0.003945886558675059,0.13750352374993502,0.005692710970110926,0.14319623472004595,0.005842652949767956,0.005842652949767956,False
TMEM125,DIG,1.3952533428061054,0.37851162325372983,2.012925078450117,2.391436701703847,2.2562030378609643,2.013075020429773,True
MAN1B1,NEUTRAL,0.014342773145251097,0.13750352374993502,0.020692247689249158,0.15819577143918417,0.020842189668906698,0.020842189668906382,False
INHBA,DSG,0.05940566544416192,1.1043366598147357,0.08570425893700126,1.190040918751737,1.0607446973067611,0.0858542009166574,False
TRAPPC8,NEUTRAL,-0.036705687108472614,0.13750352374993502,-0.0529551127638154,0.08454841098611962,-0.052805170784158535,-0.05280517078415887,False
NANOS3,DIG,0.9212560739811758,0.632268215499513,1.3290915693214784,1.9613597848209914,1.8165817122964567,1.3292415113011333,True
OR2S1P,DIG,0.6308624816799381,0.37851162325372983,0.9101421738025512,1.288653797056281,1.1150695463118674,0.9102921157822061,True
THY1-AS1,NEUTRAL,0.01354250800345529,0.13750352374993502,0.019537709137784045,0.15704123288771907,0.01968765111744105,0.019687651117440735,False
LINC00365,NEUTRAL,0.04486645065295381,0.13750352374993502,0.06472860585930586,0.20223212960924086,0.06487854783896266,0.06487854783896266,False
NAP1L4P3,NEUTRAL,-0.036016692354450666,0.13750352374993502,-0.051961103448989424,0.0855424203009456,-0.051811161469333115,-0.05181116146933345,False
PAN3,NEUTRAL,-0.038208637150842543,0.13750352374993502,-0.05512341133664635,0.08238011241328867,-0.054973469356990434,-0.05497346935699077,False
PPP1R8,NEUTRAL,0.04068874185961099,0.13750352374993502,0.05870144610087195,0.19620496985080696,0.058851388080529,0.0588513880805293,False
CASQ1,DCG,-0.8828672283675171,1.232660756790275,-1.273708172129201,-0.041047415338925974,-0.18362207311691048,-1.2735582301495454,True
LINC00705,DCG,-0.6934740029356682,1.232660756790275,-1.000471505020707,0.23218925176956806,0.08251559628009017,-1.0003215630410425,True
PRKD1,DIG,-1.317231966380711,0.32192809488736235,-1.9003640255978695,-1.5784359307105071,-1.725388859772826,-1.9002140836182122,True
KHDRBS3,DCG,2.0794415416798357,-3.321928094887362,3.0,-0.3219280948873622,-0.45928167665764047,3.000149941979657,True
RPL7L1P9,NEUTRAL,0.060005537215228034,0.13750352374993502,0.08656969096628762,0.22407321471622266,0.08671963294594444,0.08671963294594444,False
ARID1B,NEUTRAL,0.0009684542591105545,0.13750352374993502,0.0013971841569465923,0.1389007079068816,0.0015471261366035293,0.0015471261366038493,False
GUCY1A2,NEUTRAL,0.014963724386238029,0.13750352374993502,0.021588090965254852,0.15909161471518987,0.021738032944911844,0.02173803294491153,False
PRDX1,NEUTRAL,-0.019816130004168372,0.13750352374993502,-0.028588632486624705,0.10891489126331032,-0.028438690506967453,-0.028438690506967287,False
STK16P1,DIG,-1.1398104994249936,0.4329594072761063,-1.6443989550736111,-1.2114395477975048,-1.3477557229796873,-1.6442490130939402,True
EXOC7,DCG,-0.9123259584240127,1.3785116232537298,-1.3162081358925937,0.06230348736113611,-0.07505009440914315,-1.316058193912938,True
PEA15,DCG,0.9373912574480445,-0.7369655941662062,1.3523697184929635,0.6154041243267573,0.47805054255647844,1.3525196604726206,True
SDHD,NEUTRAL,0.02546001798149006,0.13750352374993502,0.03673104168283955,0.17423456543277457,0.03688098366249718,0.03688098366249718,False
YTHDF3,DCG,-0.8833023268027604,1.2927817492278462,-1.274335886484025,0.018445862743821095,-0.0994670095692982,-1.2741859445043704,True
CMPK1,NEUTRAL,0.03101844011890644,0.13750352374993502,0.04475014973565759,0.18225367348559263,0.04490009171531377,0.04490009171531408,False
CLDN6,DCG,-0.8489824968865829,1.2630344058337937,-1.224822838059803,0.03821156777399071,-0.09670387100976588,-1.2246728960801463,True
HS3ST2,DCG,-1.0540548087383945,1.4594316186372973,-1.5206796453920466,-0.061248026754749274,-0.1889918527353779,-1.5205297034123904,True
ARHGEF40,DIG,-0.8116250061481475,0.37851162325372983,-1.1709273714314068,-0.792415748177677,-0.9220845695932581,-1.170777429451752,True
SLC38A4,DIG,1.0907324257299218,0.4329594072761063,1.5735942615373477,2.006553668813454,1.8555470334775646,1.5737442035170028,True
CPEB2-DT,NEUTRAL,0.003623920697891769,0.13750352374993502,0.005228212419423327,0.14273173616935836,0.005378154399080221,0.005378154399079264,False
CSN3,DIG,0.7875803655975123,0.26303440583379406,1.1362382877490478,1.399272693582842,1.2690016461715194,1.136388229728703,True
PNRC2,NEUTRAL,0.06194476658013679,0.13750352374993502,0.08936740755418775,0.22687093130412278,0.08951734953384462,0.08951734953384431,False
GSTO1,NEUTRAL,0.03507086181870998,0.13750352374993502,0.05059655842555497,0.18810008217548999,0.05074650040521186,0.05074650040521124,False
PKNOX1,DIG,-1.709681377161695,0.53605290024021,-2.466548844331391,-1.9304959440911809,-2.044470092089617,-2.466398902351736,True
ATP2A2,DIG,1.4068878169957624,0.53605290024021,2.029710076666886,2.565762976907096,2.3848290548743414,2.029860018646542,True
SRD5A1,DCG,-0.9079901457004811,1.1699250014423124,-1.3099528803781315,-0.14002787893581914,-0.2668545339475772,-1.309802938398475,True
LINC00924,DIG,0.5846584768547691,0.5849625007211562,0.8434838851720703,1.4284463858932264,1.2833643038268603,0.8436338271517266,True
HMGN1P18,DIG,-1.3535553207460482,0.632268215499513,-1.9527675488091942,-1.3204993333096813,-1.4981302994104642,-1.9526176068295336,True
MIR555,DCG,-0.6955130033111543,1.1043366598147357,-1.0034131607507915,0.10092349906394427,-0.04775495609012926,-1.0032632187711346,True
ZNF773,DSG,0.035406052109746844,1.3504972470841334,0.05108013579618799,1.4015773828803215,1.2733264342124573,0.05123007777584504,False
PRTG,NEUTRAL,-0.0006511792509027481,0.13750352374993502,-0.0009394530760071847,0.13656407067392784,-0.0007895110963513413,-0.0007895110963513413,False
HADHB,DIG,0.8777955589610592,0.6780719051126378,1.2663912998274758,1.9444632049401136,1.8051391777692345,1.2665412418071318,True
MIOS,DSG,0.019823894334905123,1.4329594072761063,0.028599834048074438,1.4615592413241807,1.313699125889484,0.02874977602773081,False
CAPZA3,DSG,0.010412519050036694,1.4329594072761063,0.0150220895966498,1.447981496872756,1.3096968820586758,0.015172031576306826,False
PLEKHB2,NEUTRAL,-0.018823793116554455,0.13750352374993502,-0.027156992979972917,0.1103465307699621,-0.027007051000316692,-0.027007051000316692,False
SCARNA7,DSG,0.003144236053874208,1.1699250014423124,0.0045361737623086035,1.174461175204621,1.0589519686848992,0.004686115741964492,False
MTND6P21,DSG,0.11627145072052628,1.2927817492278462,0.16774424535146876,1.460525994579315,1.3008105111696486,0.16789418733112543,False
MARCHF3,DIG,-0.8068799109640895,0.37851162325372983,-1.1640816461408203,-0.7855700228870905,-0.9189472241156358,-1.1639317041611654,True
JOSD2,DIG,1.359409871381749,0.632268215499513,1.961213879977953,2.5934820954774658,2.4487040229529304,1.961363821957607,True
GJA1P1,NEUTRAL,0.011582567316363835,0.13750352374993502,0.016710112428080695,0.1542136361780157,0.016860054407736726,0.016860054407736726,False
HNRNPA1P39,NEUTRAL,0.02392226006652355,0.13750352374993502,0.034512525964829614,0.17201604971476464,0.034662467944486665,0.034662467944486346,False
CA12,NEUTRAL,0.030232689761225912,0.13750352374993502,0.043616551591255166,0.18112007534119018,0.04376649357091156,0.04376649357091156,False
XBP1P1,NEUTRAL,0.013200783069502162,0.13750352374993502,0.019044704270221757,0.15654822802015678,0.019194646249878045,0.01919464624987836,False
ACTG1P25,DCG,-0.9380920328012956,1.3785116232537298,-1.353380723619876,0.02513089963385373,-0.12067741187134651,-1.3532307816402187,True
SRXN1,DSG,0.07895337285177295,-0.7369655941662062,0.11390563947471016,-0.6230599546914961,-0.7604135364617752,0.11405558145436587,False
PLCB1,DSG,0.05607556600286221,1.1375035237499351,0.08089994098737106,1.218403464737306,1.0849173931932383,0.08104988296702734,False
STBD1,DIG,-1.1383692104071865,0.26303440583379406,-1.6423196145551329,-1.3792852087213388,-1.4929885563160077,-1.6421696725754757,True
HNRNPKP4,DIG,-0.924104114645571,0.632268215499513,-1.3332004234642514,-0.7009322079647384,-0.8092641014192851,-1.333050481484596,True
SPRR2G,DCG,-0.8129719880072587,1.2927817492278462,-1.172870655479714,0.11991109374813225,-0.006950903194359797,-1.172720713500054,True
CDHR2,DIG,0.7423042332657781,0.32192809488736235,1.0709186361634224,1.3928467310507848,1.2428513432557444,1.0710685781430793,True
ARFIP1,NEUTRAL,0.019240087513558754,0.13750352374993502,0.027757578842080882,0.1652611025920159,0.027907520821738013,0.027907520821738325,False
SCT,NEUTRAL,0.017433258797619148,0.13750352374993502,0.025150876013859038,0.16265439976379406,0.025300817993516085,0.025300817993516085,False
LINC02574,NEUTRAL,-0.00826501301339194,0.13750352374993502,-0.0119238932873033,0.1255796304626317,-0.011773951307646286,-0.011773951307645964,False
SLC22A16,DIG,1.669167509797539,0.53605290024021,2.40809968879789,2.9441525890381,2.819602558004854,2.408249630777545,True
LMO2,DIG,-1.018717957326942,0.32192809488736235,-1.4696993451001141,-1.1477712502127517,-1.2910208208012688,-1.4695494031204577,True
ZNF835,DSG,0.09851954376918128,1.2630344058337937,0.142133657226441,1.4051680630602346,1.251995813217065,0.1422835992060979,False
FBXW11,DIG,-1.724635253793152,0.4854268271702419,-2.4881227279896594,-2.0026959008194174,-2.1679791633777734,-2.4879727860100025,True
SLCO1A2,DSG,0.02563478300356188,1.3785116232537298,0.03698317431350341,1.4154947975672332,1.2781412157969552,0.0371331162931605,False
MOGAT2,DIG,1.2886032797812181,0.4329594072761063,1.859061561413617,2.2920209686897235,2.1749244438946547,1.8592115033932735,True
MTMR2,NEUTRAL,-0.016949349265131516,0.13750352374993502,-0.024452742131100238,0.11305078161883478,-0.02430280015144324,-0.02430280015144275,False
SGPL1,DIG,-0.6022230458254405,0.53605290024021,-0.8688242017214101,-0.33277130148120004,-0.46576792086610214,-0.8686742597417528,True
SMCO2,DSG,0.014888202015122993,1.2016338611696507,0.021479135214971013,1.2231129963846217,1.0971226902498779,0.021629077194627568,False
PIK3R2,DIG,1.3142292311010384,0.53605290024021,1.8960319943007837,2.432084894540994,2.259999444378156,1.8961819362804382,True
TRIM6,NEUTRAL,0.0690815116249047,0.13750352374993502,0.09966355423836329,0.2371670779882983,0.0998134962180205,0.0998134962180202,False
FAM47E-STBD1,DIG,1.001355320061721,0.4854268271702419,1.4446503544208256,1.9300771815910673,1.7905834911117244,1.4448002964004818,True
RDH5,DIG,-0.592195732093441,0.5849625007211562,-0.8543578459268165,-0.26939534520566033,-0.42660645970475686,-0.8542079039471603,True
CNTN4-AS1,DIG,1.1966544161042967,0.4329594072761063,1.726407391771547,2.1593667990476533,2.0008141294651467,1.7265573337512035,True
NKX3-1,NEUTRAL,-0.011463754766300073,0.13750352374993502,-0.016538702151308333,0.12096482159862669,-0.016388760171651664,-0.01638876017165134,False
CD69,DSG,0.02552595237903163,1.4329594072761063,0.03682616491119677,1.469785572187303,1.3358144106466863,0.03697610689085126,False
KRT23,DIG,-1.64791782414609,0.32192809488736235,-2.377442872688095,-2.0555147778007328,-2.2017989990203146,-2.3772929307084385,True
MIR3916,DCG,-0.8444947579450239,1.1043366598147357,-1.2183483993440116,-0.1140117395292759,-0.24156350263597873,-1.2181984573643534,True
RPS4XP1,NEUTRAL,-0.0036870300407833337,0.13750352374993502,-0.005319259955446748,0.13218426379448828,-0.005169317975789936,-0.005169317975790419,False
MTHFD1L,DIG,0.5660841217207273,0.5849625007211562,0.8166867551324777,1.4016492558536338,1.2449328567867548,0.8168366971121335,True
ZBTB44,NEUTRAL,-0.036914183997112715,0.13750352374993502,-0.053255910191097246,0.08424761355883778,-0.05310596821143977,-0.05310596821143977,False
TDRD3,NEUTRAL,0.03770380545008907,0.13750352374993502,0.054395093145485775,0.1918986168954208,0.05454503512514279,0.05454503512514279,False
ARIH1,NEUTRAL,0.04402439838652065,0.13750352374993502,0.06351378123035342,0.20101730498028844,0.06366372321000935,0.06366372321000965,False
ADCY3,DIG,1.6023173514973545,0.37851162325372983,2.3116552969355717,2.6901669201893017,2.555114526043619,2.311805238915228,True
ULK2,NEUTRAL,-0.06901387598383127,0.13750352374993502,-0.09956597663439931,0.03793754711553571,-0.09941603465474247,-0.09941603465474247,False
SMARCE1P1,NEUTRAL,0.03367457199495981,0.13750352374993502,0.04858213802118688,0.1860856617711219,0.04873208000084267,0.04873208000084298,False
MCM5,NEUTRAL,0.003599279080780303,0.13750352374993502,0.00519266208061713,0.14269618583055216,0.005342604060274433,0.005342604060275071,False
IFTAP,DIG,1.659146701850827,0.53605290024021,2.3936427188674676,2.9296956191076777,2.7849841996282443,2.3937926608471223,True
HMGN2P46,NEUTRAL,-0.013519783949010204,0.13750352374993502,-0.01950492525712723,0.11799859849280779,-0.01935498327746932,-0.019354983277469,False
CLEC3A,NEUTRAL,0.036129995122066445,0.13750352374993502,0.0521245647899477,0.18962808853988272,0.052274506769605864,0.052274506769605864,False
ANKRD23,DIG,-1.1438726712809721,0.632268215499513,-1.65025943026547,-1.017991214765957,-1.1648138424717414,-1.650109488285814,True
ADH1A,NEUTRAL,-0.016988697097468114,0.13750352374993502,-0.024509509053681974,0.11299401469625305,-0.024359567074024324,-0.024359567074023997,False
ST3GAL6-AS1,DIG,0.7722966732843115,0.6780719051126378,1.1141885806423202,1.792260485754958,1.6680877310974946,1.1143385226219769,True
FLT4,DIG,1.2513117511697496,0.4854268271702419,1.8052612580186824,2.290688085188924,2.1233600504916383,1.8054111999983382,True
RRH,NEUTRAL,-0.0016481459920440875,0.13750352374993502,-0.002377772049383026,0.135125751700552,-0.0022278300697257274,-0.002227830069725407,False
ZNF8,DIG,0.8225263679965689,0.632268215499513,1.1866547121090605,1.8189229276085734,1.7103461190411338,1.1868046540887145,True
PLEKHO2,NEUTRAL,0.04120690136281978,0.13750352374993502,0.059448992246540766,0.19695251599647579,0.05959893422619753,0.05959893422619784,False
RGS14,DIG,0.5975303110911804,0.37851162325372983,0.8620540165920856,1.2405656398458154,1.1044719424789304,0.8622039585717411,True
WAKMAR2,DIG,-1.2792115715608123,0.37851162325372983,-1.8455121905385614,-1.4670005672848316,-1.6283026349373222,-1.8453622485589052,True
KCNJ15,DIG,1.7164264958565976,0.5849625007211562,2.476279993622734,3.0612424943438903,2.9576977397161497,2.4764299356023884,True
PER3,NEUTRAL,0.06173089716726697,0.13750352374993502,0.08905885921284262,0.22656238296277764,0.08920880119249991,0.0892088011925002,False
SIGLEC18P,DIG,1.6643480290707746,0.5849625007211562,2.401146647853727,2.986109148574883,2.8572470360369926,2.401296589833378,True
NIPAL3,NEUTRAL,0.02502789699690764,0.13750352374993502,0.036107622881318434,0.17361114663125346,0.03625756486097626,0.03625756486097626,False
CHRNB2,DCG,0.7608380544163088,-0.7369655941662062,1.097657288026016,0.3606916938598098,0.22333811208953142,1.0978072300056727,True
STON1,DIG,0.8748583955532938,0.5849625007211562,1.2621538687448122,1.8471163694659682,1.7015435461307467,1.2623038107244664,True
AGBL4,NEUTRAL,-0.07183557108863536,0.13750352374993502,-0.10363682216900083,0.03386670158093419,-0.10348688018934507,-0.1034868801893449,False
CLDND2,DSG,0.037853362432853574,1.3219280948873624,0.05461085826285044,1.3765389531502128,1.235678733473736,0.05476080024250649,False
UFL1,DIG,-0.7935932287062212,0.5849625007211562,-1.1449130155375262,-0.55995051481637,-0.6927237936254732,-1.1447630735578718,True
LINC00299,DIG,-0.8696282448196079,0.6780719051126378,-1.2546083562182218,-0.5765364511055839,-0.728491677076599,-1.2544584142385624,True
EZR,NEUTRAL,-0.03625506500501163,0.13750352374993502,-0.052305002489837285,0.08519852126009773,-0.05215506051018086,-0.05215506051018069,False
PTHLH,DSG,-0.02882539756165615,1.4594316186372973,-0.04158625811385415,1.4178453605234431,1.2900162792563237,-0.041436316134197765,False
ARID2,DIG,1.2893766740781214,0.53605290024021,1.860177333530411,2.396230233770621,2.241373626249506,1.8603272755100673,True
CD34,DCG,-0.9197313489188355,1.3785116232537298,-1.326891856035321,0.051619767218408885,-0.08573381455187033,-1.326741914055665,True
RPL5P11,NEUTRAL,-0.014820924835112463,0.13750352374993502,-0.02138207476100483,0.11612144898893019,-0.02123213278134844,-0.021232132781348768,False
TREX1,NEUTRAL,-0.02242187131759616,0.13750352374993502,-0.03234792255734647,0.10515560119258854,-0.03219798057768826,-0.032197980577688586,False
USP5,DSG,-0.059780650418495555,1.5360529002402097,-0.08624524789988028,1.4498076523403294,1.302033394243013,-0.0860953059202251,False
CHRM3,DCG,-0.7134549267041278,1.1699250014423124,-1.029297884653844,0.1406271167884683,0.014735318213464696,-1.0291479426741872,True
TMEM234,NEUTRAL,-0.008997601082975313,0.13750352374993502,-0.01298079446230565,0.12452272928762936,-0.012830852482647565,-0.012830852482647565,False
OXGR1,DIG,-1.1947634527832995,0.26303440583379406,-1.7236793083658415,-1.4606449025320474,-1.6217467064988789,-1.7235293663861857,True
SFXN2,NEUTRAL,-0.013316890351000149,0.13750352374993502,-0.019212211669450002,0.11829131208048502,-0.019062269689792608,-0.01906226968979277,False
TADA2B,NEUTRAL,0.0006548800001853641,0.13750352374993502,0.0009447921286447883,0.1384483158785798,0.0010947341083013902,0.0010947341083017102,False
CDC42P4,NEUTRAL,-0.0040494276749697775,0.13750352374993502,-0.005842089225117424,0.1316614345248176,-0.005692147245459604,-0.005692147245459604,False
UNC5CL,DSG,0.013369448209110246,-0.7369655941662062,0.019288036630705184,-0.717677557535501,-0.8550311393057806,0.019437978610360503,False
SRSF4,NEUTRAL,-0.07032197180407794,0.13750352374993502,-0.10145315998727676,0.03605036376265826,-0.10130321800761881,-0.10130321800761881,False
HEXB,NEUTRAL,0.009365446647570481,0.13750352374993502,0.013511483434160101,0.1510150071840951,0.01366142541381765,0.013661425413817967,False
ACADM,NEUTRAL,0.09884753701650574,0.13750352374993502,0.14260685145780108,0.2801103752077361,0.142756793437457,0.14275679343745673,False
PAPOLG,DIG,1.2998156175960485,0.53605290024021,1.8752375455758443,2.4112904458160545,2.2899712679681112,1.875387487555499,True
SPACA9,NEUTRAL,0.002924081491459813,0.13750352374993502,0.0042185578668842766,0.1417220816168193,0.004368499846540398,0.004368499846540079,False
NAA35,NEUTRAL,-0.02982362654468385,0.13750352374993502,-0.04302639811733984,0.09447712563259518,-0.04287645613768206,-0.042876456137682394,False
ALOX5AP,NEUTRAL,0.008923594975003698,0.13750352374993502,0.012874026217339508,0.15037754996727454,0.013023968196996059,0.013023968196995741,False
SGTA,NEUTRAL,-0.00038888297623812507,0.13750352374993502,-0.0005610395413048837,0.13694248420863014,-0.0004110975616490193,-0.00041109756164933975,False
LINC01779,DIG,-1.056536764990054,0.26303440583379406,-1.5242603513680189,-1.2612259455342247,-1.43563632729263,-1.5241104093883484,True
OLFML2B,DCG,-0.7999706513649206,1.0,-1.154113691580885,-0.15411369158088495,-0.289796485086537,-1.15396374960123,True
LASTR,DCG,0.8863819285762272,-0.7369655941662062,1.2787788126905184,0.5418132185243122,0.40445963675403457,1.2789287546701753,True
DHFRP1,DIG,-0.9499357174782915,0.5849625007211562,-1.3704675487692306,-0.7855050480480744,-0.9701197480865685,-1.3703176067895757,True
EEF1D,DCG,-0.8148900692843685,1.2630344058337937,-1.1756378618262222,0.08739654400757146,-0.050945134256527254,-1.1754879198465658,True
LTV1,DIG,1.4655252574340476,0.5849625007211562,2.114306021197622,2.699268521918778,2.5425521228518972,2.114455963177276,True
NPAP1,NEUTRAL,0.010629310864536706,0.13750352374993502,0.015334854072334286,0.1528383778222693,0.01548479605199108,0.015484796051990763,False
APOLD1,DIG,-1.0108907401022653,0.632268215499513,-1.4584070576261121,-0.8261388421265992,-0.95087117620144,-1.4582571156464577,True
CCNB1,NEUTRAL,-0.0018596736271390948,0.13750352374993502,-0.0026829419195455633,0.13482058183038945,-0.0025329999398893293,-0.0025329999398893293,False
FLRT3,DSG,0.028466713193013898,1.4329594072761063,0.04106878595396958,1.4740281932300758,1.335743578415995,0.04121872793362523,False
SNORD73B,NEUTRAL,0.10144459551509286,0.13750352374993502,0.14635361487461124,0.28385713862454626,0.14650355685426736,0.14650355685426736,False
ZBED5,NEUTRAL,-0.028787032600062334,0.13750352374993502,-0.04153090917401885,0.09597261457591616,-0.04138096719436195,-0.04138096719436244,False
ABL2,DCG,0.7389937247954458,-0.7369655941662062,1.066142582010453,0.32917698784424687,0.19182340607396778,1.0662925239901095,True
ELAVL2,DIG,-0.9480713875138059,0.37851162325372983,-1.3677778891748866,-0.9892662659211569,-1.138504216603577,-1.3676279471952313,True
UBTD1,NEUTRAL,0.018095473878940938,0.13750352374993502,0.026106250427683865,0.16360977417761888,0.02625619240733973,0.02625619240733973,False
TGOLN2,DIG,1.2684267534947014,0.53605290024021,1.8299529869976934,2.3660058872379035,2.2159088289534257,1.8301029289773483,True
HERC2,NEUTRAL,0.023354825115971752,0.13750352374993502,0.03369389037564146,0.17119741412557649,0.0338438323552978,0.033843832355298115,False
LINC02575,DSG,-0.08838335298101209,1.2016338611696507,-0.12751022504284493,1.0741236361268056,0.9232828355160972,-0.127360283063187,False
ANGPT1,DCG,-0.9749035971724066,1.3504972470841334,-1.4064885849854427,-0.05599133790130928,-0.2000805315905203,-1.4063386430057871,True
POU5F1P4,DCG,-0.9050402331906231,1.3219280948873624,-1.305697056229103,0.016231038658259367,-0.11417201487265526,-1.3055471142494417,True
PSMD11,DIG,-0.7783158942607556,0.4329594072761063,-1.122872480895051,-0.6899130736189447,-0.8185316848336844,-1.1227225389153943,True
ILF2P1,NEUTRAL,-0.04669342072279047,0.13750352374993502,-0.06736436651891177,0.07013915723102325,-0.0672144245392544,-0.0672144245392539,False
GMEB1,NEUTRAL,-0.015136895806941126,0.13750352374993502,-0.021837924515126908,0.11566559923480811,-0.021687982535470975,-0.02168798253547065,False
ALS2CL,NEUTRAL,-0.06082449707473578,0.13750352374993502,-0.08775120029428657,0.04975232345564845,-0.08760125831462934,-0.08760125831462952,False
CER1,DIG,-0.9999591901285523,0.37851162325372983,-1.4426361646898065,-1.0641245414360767,-1.210362243170282,-1.4424862227101374,True
B3GAT2,DIG,-1.0206482483867694,0.53605290024021,-1.4724841664395991,-0.9364312661993891,-1.0921879594886743,-1.472334224459945,True
PPIAP2,DCG,-0.8809489380293286,1.3219280948873624,-1.2709406641713112,0.05098743071605116,-0.08352200271707443,-1.2707907221916472,True
FAF2,DIG,1.072204698660466,0.4854268271702419,1.5468644015753,2.032291228745542,1.8970072038635513,1.5470143435549548,True
LACTB,NEUTRAL,-0.051668943701544845,0.13750352374993502,-0.0745425288461898,0.06296099490374522,-0.07439258686653265,-0.07439258686653281,False
RCC2,NEUTRAL,0.06174907660576099,0.13750352374993502,0.08908508659860409,0.2265886103485391,0.08923502857826054,0.08923502857826054,False
ZWILCH,NEUTRAL,-0.029782595581979206,0.13750352374993502,-0.042967202950922954,0.09453632079901206,-0.04281726097126634,-0.042817260971266015,False
NT5C3AP1,NEUTRAL,-0.02679930982178217,0.13750352374993502,-0.03866323137913203,0.098840292370803,-0.0385132893994759,-0.03851328939947623,False
RPL7P38,DIG,-1.0782751956822576,0.632268215499513,-1.5556222775243698,-0.9233540620248568,-1.0977211315724797,-1.555472335544697,True
OSBPL10-AS1,NEUTRAL,0.004666612652668711,0.13750352374993502,0.006732498931754841,0.14423602268168986,0.006882440911410878,0.0068824409114111975,False
FOCAD-AS1,DIG,-0.7761284029795772,0.32192809488736235,-1.119716598071707,-0.7977885031843446,-0.9567954683028187,-1.1195666560920423,True
KRT8P37,DCG,-0.7942222929472023,1.0356239097307214,-1.1458205633983902,-0.11019665366766884,-0.2418219150174455,-1.1456706214187335,True
NCOA1,DIG,1.5205163323960709,0.632268215499513,2.193641372338486,2.825909587837999,2.7021067491014508,2.1937913143181413,True
CPNE3,DCG,2.0794415416798357,-3.321928094887362,3.0,-0.3219280948873622,-0.45928167665764047,3.000149941979657,True
NTRK1,DCG,-0.7398207344516301,1.1375035237499351,-1.0673357047401975,0.07016781900973768,-0.06303571536359785,-1.0671857627605412,True
CCT6P3,DSG,-0.01847826313466844,1.1375035237499351,-0.02665849858862751,1.1108450251613076,0.970693587783479,-0.026508556608970456,False
RNF212B,DIG,1.0678283900961345,0.4329594072761063,1.540550722912139,1.9735101301882452,1.847667433069737,1.5407006648917934,True
LINC02523,DIG,-1.3235031525034064,0.37851162325372983,-1.909411434717574,-1.5308998114638441,-1.6922018791163163,-1.9092614927378924,True
DDB1,DIG,0.6125570685205091,0.32192809488736235,0.8837330450160195,1.2056611399033819,1.0684196408514643,0.8838829869956757,True
ANKRA2,NEUTRAL,-0.002447700917119869,0.13750352374993502,-0.0035312859747082025,0.13397223777522682,-0.003381343995051976,-0.003381343995051494,False
ABCD4,NEUTRAL,-0.009450958390540765,0.13750352374993502,-0.0136348508016811,0.12386867294825392,-0.01348490882202569,-0.013484908822025366,False
YPEL5,DIG,-1.076793099403566,0.632268215499513,-1.5534840645729813,-0.9212158490734683,-1.0450186878100165,-1.5533341225933266,True
TSLP,NEUTRAL,-0.005106813475911307,0.13750352374993502,-0.007367574476442172,0.13013594927349284,-0.007217632496786809,-0.007217632496786809,False
RPL34,NEUTRAL,-0.003304793220629334,0.13750352374993502,-0.004767808790565407,0.13273571495936962,-0.004617866810907648,-0.004617866810907809,False
C19orf81,DIG,0.8791408795882858,0.632268215499513,1.2683321872247812,1.9006004027242942,1.7848166469906166,1.2684821292044377,True
SPATA2,DCG,-0.9876175747784872,1.4329594072761063,-1.4248309774277086,0.008128429848397678,-0.11727917305301548,-1.4246810354480515,True
UBE2T,DCG,2.0794415416798357,-3.321928094887362,3.0,-0.3219280948873622,-0.45928167665764047,3.0001499419796573,True
ITPRID2,NEUTRAL,0.025324720242161508,0.13750352374993502,0.03653584830526676,0.17403937205520179,0.03668579028492485,0.03668579028492485,False
RIPOR1,NEUTRAL,0.02077048885911102,0.13750352374993502,0.029965481273878932,0.16746900502381395,0.030115423253534963,0.030115423253534647,False
MYL12B,NEUTRAL,-0.010260061348164989,0.13750352374993502,-0.014802139626214163,0.12270138412372086,-0.01465219764655629,-0.014652197646556613,False
ACTG1P19,NEUTRAL,0.042670000531006544,0.13750352374993502,0.06155979816081258,0.1990633219107476,0.06170974014046961,0.06170974014046961,False
OSER1,DCG,-0.8676383751762418,1.232660756790275,-1.251737581151722,-0.019076824361446976,-0.15140598205143552,-1.2515876391720657,True
CNPY3,DSG,0.08407197361406234,1.3504972470841334,0.12129021941075552,1.471787466494889,1.343628486477921,0.12144016139041118,False
PRXL2A,DIG,-0.7473935480837401,0.5849625007211562,-1.078260965412819,-0.49329846469166283,-0.615094286534806,-1.0781110234331643,True
CACNA2D3,NEUTRAL,0.033143634750508834,0.13750352374993502,0.047816157491594215,0.18531968124152923,0.04796609947125074,0.04796609947125104,False
XPOT,DSG,-0.0088608134208769,1.0356239097307214,-0.012783451580541475,1.02284045815018,0.8769878474819348,-0.012633509600886656,False
SNORA31B,NEUTRAL,-0.0067086365648808014,0.13750352374993502,-0.009678516703279903,0.12782500704665511,-0.009528574723622663,-0.009528574723622825,False
RGP1,DIG,0.740794696861417,0.37851162325372983,1.0687408354788093,1.447252458732539,1.3143533288508382,1.0688907774584662,True
C8B,DIG,-1.0513203646717508,0.32192809488736235,-1.5167346764975116,-1.1948065816101492,-1.3614930463215287,-1.516584734517852,True
MAK16,NEUTRAL,-0.04687039898510203,0.13750352374993502,-0.0676196921802938,0.06988383156964122,-0.06746975020063566,-0.06746975020063582,False
MIR6746,DIG,-1.493178448237103,0.37851162325372983,-2.1542011424339464,-1.7756895191802167,-1.9397612267563231,-2.1540512004542856,True
RN7SL244P,DSG,-0.06845473819129964,-0.7369655941662062,-0.09875931131394033,-0.8357249054801466,-0.973078487250422,-0.09860936933428213,False
ABCA7,NEUTRAL,0.04528217129713168,0.13750352374993502,0.06532836397105644,0.20283188772099148,0.06547830595071287,0.06547830595071287,False
MIR3606,DIG,-0.7408394605652995,0.37851162325372983,-1.0688054158524123,-0.6902937925986825,-0.8417095508416372,-1.0686554738727543,True
NFASC,DCG,-0.9365129952013064,1.3504972470841334,-1.3511026539049944,-0.0006054068208609653,-0.14469460051007219,-1.3509527119253384,True
MUC19,DIG,0.6248461231008372,0.632268215499513,0.9014624031162727,1.5337306186157855,1.385963540599613,0.9016123450959286,True
C1RL-AS1,DSG,0.046896495575482214,1.070389327891398,0.06765734160181941,1.1380466694932174,1.000693087722937,0.06780728358147452,False
MRPL42,DIG,1.4404012795024785,0.4329594072761063,2.0780597828283436,2.51101919010445,2.357364570776208,2.078209724807998,True
QSOX1,DCG,-0.7886171184080285,1.1375035237499351,-1.1377340058874073,-0.0002304821374721211,-0.14306843299694486,-1.1375840639077512,True
VEGFC,NEUTRAL,0.003084005104917974,0.13750352374993502,0.0044492788709414085,0.14195280262087642,0.004599220850599013,0.004599220850599333,False
SFTPB,DIG,-1.3071974307138297,0.632268215499513,-1.8858872507536364,-1.2536190352541234,-1.390322208173834,-1.8857373087739788,True
CDC26,NEUTRAL,-0.026763370513087918,0.13750352374993502,-0.03861138191670585,0.09889214183322917,-0.038461439937048376,-0.03846143993704871,False
RAB37,DCG,-0.9380066546278198,1.2016338611696507,-1.3532575489524024,-0.1516236877827517,-0.31100865780574,-1.3531076069727466,True
ITFG1-AS1,NEUTRAL,-0.04552160314830116,0.13750352374993502,-0.0656737911153695,0.07182973263456552,-0.06552384913571425,-0.06552384913571359,False
SMARCAL1,NEUTRAL,0.011484865599261476,0.13750352374993502,0.016569158645330786,0.1540726823952658,0.01671910062498659,0.01671910062498659,False
AP4S1,DIG,-1.317684235453791,0.26303440583379406,-1.9010165119467495,-1.6379821061129554,-1.7651270507564873,-1.9008665699670935,True
STK3,DCG,-0.997186909846938,1.3785116232537298,-1.4386366096755674,-0.06012498642183761,-0.19747856819211718,-1.4384866676959118,True
IKZF2,NEUTRAL,0.022213402495961654,0.13750352374993502,0.0320471656221944,0.16955068937212942,0.03219710760185001,0.03219710760185001,False
CEP41,DIG,1.0827290880898914,0.632268215499513,1.562047886013516,2.194316101513029,2.062980849291675,1.5621978279931708,True
FAM86JP,DIG,-1.264580013940228,0.632268215499513,-1.824403314918863,-1.19213509941935,-1.3426363691585261,-1.8242533729392059,True
RPL39P,DCG,-0.8701441821711514,1.3504972470841334,-1.255352696476703,0.09514455060743043,-0.03272920118071241,-1.2552027544970425,True
ZNF205,DCG,-0.9616280777911554,1.4329594072761063,-1.3873360590088863,0.04562334826721992,-0.11785028302681035,-1.3871861170292306,True
RPS14P8,NEUTRAL,-0.014547634226659235,0.13750352374993502,-0.02098779975546783,0.11651572399446719,-0.020837857775810847,-0.02083785777581052,False
RPS19BP1,NEUTRAL,-0.03053184588703507,0.13750352374993502,-0.04404814265041159,0.09345538109952342,-0.04389820067075464,-0.04389820067075464,False
PEG3,DSG,0.012168945909815371,1.3219280948873624,0.017556077916936672,1.339484172804299,1.2211148433210728,0.017706019896592436,False
SEMA6D,NEUTRAL,0.017595498770237014,0.13750352374993502,0.025384938817788794,0.16288846256772382,0.025534880797446327,0.02553488079744601,False
OSGIN1,NEUTRAL,0.03689000109670124,0.13750352374993502,0.05322102164059931,0.19072454539053432,0.05337096362025549,0.053370963620255805,False
OPA1-AS1,DCG,-0.9321388449521754,1.4329594072761063,-1.3447920890324698,0.08816731824363644,-0.037240284657778115,-1.3446421470528134,True
GASK1B,NEUTRAL,-0.03330212513587834,0.13750352374993502,-0.048044810784595375,0.08945871296533964,-0.047894868804937346,-0.04789486880493751,False
ADAMTS2,DIG,-1.5420575560380176,0.4854268271702419,-2.224718788861403,-1.739291961691161,-1.8773406341260608,-2.2245688468817466,True
RBP5,DSG,0.03726066553949677,1.232660756790275,0.05375577739405429,1.2864165341843292,1.1590992676624232,0.053905719373710984,False
BMF-AS1,NEUTRAL,0.017271502302441084,0.13750352374993502,0.024917510720434063,0.1624210344703691,0.025067452700090382,0.02506745270009007,False
CPHL1P,DSG,0.025668204168379283,1.4594316186372973,0.03703139086224621,1.4964630094995435,1.3551429594903084,0.03718133284190241,False
URAD,NEUTRAL,-0.01469441315563016,0.13750352374993502,-0.021199556988401175,0.11630396676153384,-0.02104961500874415,-0.021049615008744634,False
CMKLR1,DIG,-0.6246198373674561,0.632268215499513,-0.9011359418108997,-0.2688677263113868,-0.4166348043275603,-0.900985999831245,True
RBMS3-AS2,NEUTRAL,-0.03199123770398237,0.13750352374993502,-0.046153599987435394,0.09134992376249962,-0.046003658007778184,-0.04600365800777868,False
HOXC12,DIG,-1.2789764338467722,0.37851162325372983,-1.8451729585245895,-1.4666613352708597,-1.6000385364994036,-1.8450230165449326,True
MAS1LP1,DSG,0.09294305697026994,1.3785116232537298,0.13408848737606885,1.5126001106297986,1.3752465288595155,0.13423842935572589,False
ABCA3,DCG,-0.9398158107517818,1.3219280948873624,-1.3558676095206361,-0.033939514633273715,-0.17470510289005897,-1.3557176675409799,True
C1QTNF1,DCG,-0.8139524474313438,1.2016338611696507,-1.1742851594286343,0.027348701741016335,-0.12003693974725586,-1.1741352174489788,True
DNASE2B,NEUTRAL,-0.011882293040082821,0.13750352374993502,-0.01714252524331693,0.12036099850661809,-0.016992583263660068,-0.01699258326366023,False
NCAPG,NEUTRAL,-0.00884432403490353,0.13750352374993502,-0.01275966242517039,0.12474386132476463,-0.012609720445513365,-0.01260972044551385,False
CCDC178,NEUTRAL,0.01717548674255072,0.13750352374993502,0.02477898954833206,0.1622825132982671,0.02492893152798845,0.024928931527988134,False
CYBC1,DCG,-1.0956370999130876,1.3785116232537298,-1.5806702106585773,-0.2021585874048475,-0.3395121691751265,-1.5805202686789213,True
CR1L,DCG,-0.8138230936944322,1.232660756790275,-1.1740985414338716,0.05856221535640338,-0.055520814729039254,-1.1739485994542116,True
SNORD108,NEUTRAL,0.022882416182767294,0.13750352374993502,0.03301234835043574,0.17051587210037075,0.03316229033009266,0.03316229033009266,False
BCLAF1P1,NEUTRAL,0.04441390700312971,0.13750352374993502,0.06407572337991883,0.20157924712985387,0.06422566535957543,0.06422566535957451,False
MTMR3,NEUTRAL,0.003980534001818666,0.13750352374993502,0.005742696664513689,0.1432462204144487,0.005892638644170969,0.005892638644171288,False
SLC25A39,NEUTRAL,0.033451154769852685,0.13750352374993502,0.04825981509847566,0.18576333884841068,0.04840975707813348,0.04840975707813317,False
SBDS,DSG,0.011137884519670491,1.4594316186372973,0.016068570762522574,1.4755001893998199,1.3235017127946205,0.01621851274217723,False
LINC00324,NEUTRAL,-0.021352357072937603,0.13750352374993502,-0.030804939660417464,0.10669858408951756,-0.03065499768075907,-0.030654997680759723,False
ZNF460-AS1,DSG,0.022468514492478154,1.2016338611696507,0.03241521443444004,1.2340490756040907,1.0790632685751684,0.03256515641409678,False
PIK3C2G,DSG,-0.08212913119552931,-0.7369655941662062,-0.1184872902883092,-0.8554528844545154,-0.9928064662247945,-0.1183373483086529,False
EIF5AP3,DIG,0.6065198390099897,0.5849625007211562,0.8750231639404847,1.459985664661641,1.324859370866553,0.8751731059201387,True
RPS27AP11,DIG,1.0642713583620105,0.4854268271702419,1.5354190108690333,2.0208458380392753,1.851971249616617,1.5355689528486884,True
STX2,DIG,1.01648628866416,0.4854268271702419,1.4664797277874109,1.9519065549576529,1.7923522162595158,1.4666296697670664,True
RUFY3,DIG,0.6627651486876552,0.37851162325372983,0.9561679932857167,1.3346796165394466,1.202417248852507,0.9563179352653713,True
WDR19,NEUTRAL,-0.019037357172401275,0.13750352374993502,-0.02746510078425526,0.11003842296567976,-0.02731515880459847,-0.027315158804598307,False
DUSP14,DIG,-1.4582083162451607,0.4854268271702419,-2.1037499064299388,-1.6183230792596968,-1.7308253908875775,-2.1035999644502827,True
ZC2HC1C,NEUTRAL,0.016215436965830794,0.13750352374993502,0.023393930496451665,0.16089745424638668,0.023543872476108955,0.023543872476109583,False
NBPF22P,NEUTRAL,0.016341480416630916,0.13750352374993502,0.023575772757857535,0.16107929650779257,0.023725714737513778,0.023725714737513778,False
SPDL1,DIG,1.6270565893739335,0.4854268271702419,2.3473464727354845,2.8327732999057265,2.6347650383362033,2.3474964147151414,True
PTK6,DCG,-0.9823111725499055,1.3504972470841334,-1.4171754572475717,-0.06667821016343822,-0.2107674038526492,-1.417025515267916,True
ZNF788P,DIG,1.1864899797157646,0.4329594072761063,1.7117432098003804,2.144702617076487,1.9939460873421553,1.7118931517800355,True
MIR4258,DCG,-0.913778371126644,1.2630344058337937,-1.318303524496004,-0.05526911866221029,-0.22738149368699426,-1.3181535825163369,True
RBAKDN,DSG,0.0417983035720696,1.1699250014423124,0.06030220528099626,1.2302272067233087,1.1051080736090628,0.060452147260653816,False
GLI1,DIG,1.254159932982779,0.5849625007211562,1.80937031579589,2.3943328165170463,2.264985450052642,1.809520257775544,True
KRT8P9,NEUTRAL,0.012692094169593363,0.13750352374993502,0.01831082131696807,0.1558143450669031,0.01846076329662492,0.0184607632966246,False
MYL6,DIG,1.0123751973730486,0.7224660244710913,1.4605486767690827,2.183014701240174,2.0438010082236073,1.4606986187487367,True
ARHGAP27P1-BPTFP1-KPNA2P3,DCG,-0.9575042024390904,1.3785116232537298,-1.3813865644892178,-0.0028749412354880377,-0.14022852300576522,-1.381236622509561,True
KCNH7,NEUTRAL,-0.028955000227912368,0.13750352374993502,-0.04177323523774798,0.09573028851218704,-0.04162329325809167,-0.04162329325809167,False
LINC01018,DCG,-0.8215190152767693,1.070389327891398,-1.1852014093357797,-0.1148120814443816,-0.24262856991839601,-1.1850514673561237,True
BTF3P12,DCG,-0.9142134055951548,1.2927817492278462,-1.3189311465663405,-0.026149397338494307,-0.16485383328468908,-1.3187812045866825,True
KCNAB1-AS1,DSG,0.07973330845224819,-0.7369655941662062,0.11503084869772853,-0.6219347454684777,-0.759288327238749,0.11518079067738478,False
KL,NEUTRAL,0.01783757995199399,0.13750352374993502,0.025734188138202125,0.16323771188813715,0.025884130117858978,0.025884130117858978,False
DNAH8,DSG,0.05260942476088137,1.4329594072761063,0.07589935620654459,1.508858763482651,1.3689542714537293,0.07604929818620161,False
TUBGCP3,DIG,1.484453009569628,0.13750352374993502,2.1416129953387992,2.2791165190887344,2.1452789687239813,2.141762937318455,True
ALMS1,DIG,1.059404306994349,0.37851162325372983,1.5283973399971564,1.9069089632508862,1.7718565691052028,1.528547281976812,True
PRORSD1P,DIG,-0.8251978384110716,0.5849625007211562,-1.1905088292279453,-0.6055463285067891,-0.7159849700544587,-1.1903588872482893,True
RANBP9,DSG,-0.028885088847338015,1.3219280948873624,-0.04167237443569166,1.2802557204516707,1.1556999860626358,-0.0415224324560348,False
SLC7A8,DIG,-1.4645028677579588,0.4329594072761063,-2.1128310246820727,-1.6798716174059665,-1.7787629334708392,-2.112681082702417,True
ADAM12,NEUTRAL,-0.015201334162466709,0.13750352374993502,-0.021930889411086705,0.11557263433884832,-0.021780947431428714,-0.021780947431428714,False
ZNF587B,DSG,-0.015770355793274553,1.232660756790275,-0.022751814096011735,1.2099089426942633,1.0523089088731084,-0.022601872116354293,False
RBFOX3,DCG,0.8250466888594552,-0.7369655941662062,1.1902907665193956,0.45332517235318937,0.3159715905829119,1.1904407084990527,True
MYCBP2,NEUTRAL,-0.020733604298821144,0.13750352374993502,-0.02991226810166336,0.10759125564827166,-0.029762326122006095,-0.029762326122006095,False
HPX,NEUTRAL,0.006741932433389666,0.13750352374993502,0.009726552487659733,0.14723007623759476,0.00987649446731573,0.00987649446731573,False
TMEM233,DIG,0.7572526535144068,0.5849625007211562,1.0924846479252432,1.6774471486463995,1.5478780049983734,1.0926345899048981,True
ZNF474,NEUTRAL,0.01971999866485927,0.13750352374993502,0.028449944280129452,0.16595346803006447,0.028599886259786694,0.02859988625978638,False
PRSS57,NEUTRAL,0.008681027440997791,0.13750352374993502,0.012524075238948523,0.15002759898888354,0.012674017218605374,0.012674017218605692,False
ACAT2,NEUTRAL,0.023914443879971343,0.13750352374993502,0.03450124959125208,0.1720047733411871,0.03465119157090767,0.03465119157090767,False
ABCC11,NEUTRAL,0.01913163942253522,0.13750352374993502,0.027601121318967355,0.16510464506890238,0.027751063298625304,0.027751063298624992,False
THOC7,NEUTRAL,0.01481217267717408,0.13750352374993502,0.021369448066150046,0.15887297181608506,0.021519390045807867,0.021519390045807867,False
TCF7L2,NEUTRAL,0.010768154346180527,0.13750352374993502,0.015535162874761586,0.1530386866246966,0.01568510485441897,0.015685104854419287,False
NXPE1,NEUTRAL,-0.01761957359250195,0.13750352374993502,-0.025419671444480704,0.11208385230545431,-0.025269729464824264,-0.025269729464824427,False
SP110,NEUTRAL,-0.010344861389355194,0.13750352374993502,-0.014924480225106451,0.12257904352482857,-0.014774538245448596,-0.014774538245448596,False
SLC24A5,NEUTRAL,0.006188135269279611,0.13750352374993502,0.008927592065339785,0.1464311158152748,0.009077534044997154,0.009077534044997154,False
ATXN1L,NEUTRAL,0.056450888543315286,0.13750352374993502,0.08144141695521656,0.21894494070515158,0.08159135893487324,0.08159135893487354,False
HNRNPA3P11,NEUTRAL,0.005037557079544142,0.13750352374993502,0.007267658616853423,0.14477118236678843,0.00741760059651028,0.007417600596509962,False
SRSF8,NEUTRAL,0.0071512523841443945,0.13750352374993502,0.010317076350750494,0.1478206001006855,0.010467018330406714,0.010467018330407033,False
NKX2-8,DIG,-1.5004827943015213,0.4329594072761063,-2.1647390862780194,-1.731779679001913,-1.8992407602560903,-2.164589144298355,True
KRR1,DIG,-0.610135647247559,0.4854268271702419,-0.8802396725536312,-0.39481284538338934,-0.5928211069529125,-0.8800897305739744,True
OLFM4,NEUTRAL,0.0289673750304763,0.13750352374993502,0.041791088304038944,0.17929461205397396,0.04194103028369453,0.041941030283695155,False
ZNF12,DSG,-0.07452600314256963,1.4329594072761063,-0.10751829515106051,1.3254411121250458,1.191239616753843,-0.10736835317140411,False
ALDOAP2,NEUTRAL,0.03333684927663427,0.13750352374993502,0.0480949071302631,0.18559843088019812,0.04824484910991869,0.048244849109918074,False
GSR,NEUTRAL,-0.0012489987179058045,0.13750352374993502,-0.0018019242563993777,0.13570159949353564,-0.0016519822767422827,-0.0016519822767416413,False
SMAD3,NEUTRAL,-0.006828240184622943,0.13750352374993502,-0.00985106825235426,0.12765245549758075,-0.009701126272697936,-0.009701126272697775,False
SCGB2B3P,DSG,0.11570734409994231,1.2016338611696507,0.16693041152741964,1.3685642726970704,1.240501172772815,0.16708035350707606,False
PROSER1,NEUTRAL,-0.016958836956424198,0.13750352374993502,-0.02446642997627767,0.11303709377365735,-0.024316487996621512,-0.024316487996621675,False
SIPA1L1,NEUTRAL,-0.01549279231300431,0.13750352374993502,-0.022351374639493972,0.11515214911044105,-0.022201432659837286,-0.02220143265983745,False
LINC01856,NEUTRAL,-0.0766685750643338,0.13750352374993502,-0.11060937303733763,0.02689415071259739,-0.11045943105768087,-0.11045943105768104,False
VWA8-AS1,NEUTRAL,0.032189791594482334,0.13750352374993502,0.04644005270060891,0.18394357645054393,0.04658999468026511,0.04658999468026511,False
DPP8,NEUTRAL,0.010414394370207478,0.13750352374993502,0.015024795111760268,0.1525283188616953,0.015174737091415516,0.015174737091415832,False
LINC00900,NEUTRAL,0.062340945527875384,0.13750352374993502,0.08993897295739482,0.22744249670732986,0.09008891493705157,0.09008891493705186,False
MYL6P3,DIG,1.0696979737050092,0.7224660244710913,1.5432479619131896,2.265713986384281,2.1421720288292514,1.5433979038928463,True
TFAP2E,NEUTRAL,0.02369782813304138,0.13750352374993502,0.034188739127377764,0.1716922628773128,0.03433868110703457,0.03433868110703457,False
ARHGAP35,DIG,-1.1005333626548146,0.5849625007211562,-1.587734024634956,-1.0027715239138,-1.131633636451688,-1.5875840826553018,True
RNA5SP290,NEUTRAL,0.0031798417109101845,0.13750352374993502,0.004587541867142,0.14209106561707702,0.004737483846798633,0.0047374838467983136,False
PIEZO2,NEUTRAL,-0.024559987910512282,0.13750352374993502,-0.035432572762788966,0.10207095098714605,-0.03528263078313227,-0.03528263078313276,False
GAPLINC,NEUTRAL,-0.02776768360982028,0.13750352374993502,-0.040060299440861466,0.09744322430907355,-0.039910357461204735,-0.0399103574612044,False
DCP1B,DSG,0.014124095619358576,1.3785116232537298,0.02037676270709015,1.3988883859608199,1.2480102599573346,0.020526704686745965,False
PLEKHG3,NEUTRAL,0.012096759764708653,0.13750352374993502,0.01745193532337032,0.15495545907330532,0.017601877303028594,0.017601877303028278,False
EGF,NEUTRAL,-0.06787378814016953,0.13750352374993502,-0.09792117755617072,0.0395823461937643,-0.09777123557651275,-0.09777123557651275,False
C12orf43,DIG,1.386563800286858,0.4329594072761063,2.0003887185500053,2.433348125826112,2.2511299451944002,2.0005386605296605,True
FOXD1,NEUTRAL,-0.06257923695422275,0.13750352374993502,-0.09028275481647254,0.047220768933462484,-0.09013281283681594,-0.09013281283681611,False
TMEM163,NEUTRAL,-0.07674805847701642,0.13750352374993502,-0.11072404336264777,0.026779480387287252,-0.11057410138299213,-0.11057410138299197,False
MTFP1,NEUTRAL,-0.038566049018761414,0.13750352374993502,-0.05563904766604777,0.08186447608388725,-0.055489105686391205,-0.05548910568639154,False
RPL11,NEUTRAL,-0.006666331433605056,0.13750352374993502,-0.009617483300184228,0.1278860404497508,-0.009467541320526851,-0.00946754132052669,False
SLC25A48,NEUTRAL,0.01358316017979582,0.13750352374993502,0.01959635783099187,0.1570998815809269,0.0197462998106477,0.01974629981064833,False
PI3,DCG,-0.8491494045599802,1.1699250014423124,-1.2250636349324997,-0.05513863349018733,-0.19716890150263322,-1.2249136929528444,True
NAV2-AS2,DIG,-0.7586207226292743,0.4329594072761063,-1.0944583544528559,-0.6614989471767496,-0.7708406592212533,-1.0943084124731999,True
TMEM225B,DSG,-0.10962407008535564,1.2630344058337937,-0.15815410227420676,1.1048803035595869,0.9525456827886201,-0.1580041602945517,False
RPL35AP17,DIG,0.6757917963786781,0.4854268271702419,0.9749614733089632,1.460388300479205,1.295105037920844,0.9751114152886157,True
PKMP5,DIG,1.6764260258850159,0.632268215499513,2.4185715139615054,3.0508397294610186,2.9022347813798905,2.4187214559411596,True
LINC01337,NEUTRAL,0.02077736102758386,0.13750352374993502,0.02997539571725485,0.16747891946718987,0.03012533769691122,0.03012533769691122,False
FGGY,DIG,0.7207458318234068,0.5849625007211562,1.0398164373130199,1.6247789380341762,1.4899104224939375,1.0399663792926765,True
THUMPD3-AS1,DIG,-1.1388800000274526,0.5849625007211562,-1.6430565282072285,-1.0580940274860722,-1.1999445510868096,-1.6429065862275725,True
CPT1C,DIG,-0.9737509255659788,0.5849625007211562,-1.4048256313750758,-0.8198631306539196,-0.9487252431918064,-1.4046756893954202,True
RNA5SP334,DIG,1.4391739359984856,0.37851162325372983,2.0762891004416657,2.4548007236953957,2.3333695279518154,2.076439042421322,True
LINC01907,NEUTRAL,-0.0422223159164216,0.13750352374993502,-0.0609139257874686,0.07658959796246642,-0.060763983807811374,-0.060763983807812214,False
YARS1,NEUTRAL,-0.04033439891294594,0.13750352374993502,-0.058190237288944305,0.07931328646099071,-0.05804029530928908,-0.058040295309288746,False
ROCK2,DIG,1.1353279688419329,0.5849625007211562,1.637932030430796,2.2228945311519523,2.0881830775763666,1.6380819724104525,True
EIF2B4,DIG,-1.6058520171667463,0.4329594072761063,-2.3167547415680034,-1.8837953342918972,-2.0104683042234908,-2.3166047995883483,True
SLC25A5P5,DSG,0.0026267114688056817,-0.7369655941662062,0.0037895436098921223,-0.7331760505563141,-0.8705296323265913,0.003939485589549842,False
LINC02157,DIG,1.2674329681059722,0.32192809488736235,1.828519257745666,2.1504473526330283,1.9678657350574316,1.828669199725317,True
MRPL9,DCG,-0.7475838903905083,1.2016338611696507,-1.0785355713148648,0.12309828985478588,-0.022592967744103035,-1.0783856293352092,True
MFSD14A,NEUTRAL,-0.04278086953769491,0.13750352374993502,-0.061719748326950166,0.07578377542298485,-0.06156980634729452,-0.06156980634729435,False
ADCY7,NEUTRAL,0.028558591867870884,0.13750352374993502,0.0412013388625492,0.17870486261248422,0.041351280842205615,0.0413512808422053,False
DMGDH,NEUTRAL,-0.0005450901518249921,0.13750352374993502,-0.0007863988588753282,0.1367171248910597,-0.0006364568792182026,-0.0006364568792182026,False
CCDC62,DIG,-0.679259566620759,0.53605290024021,-0.9799644082401556,-0.4439115079999456,-0.5905857182689312,-0.9798144662604984,True
STK32A-AS1,DIG,0.7265374117931465,0.4329594072761063,1.048171921014275,1.4811313282903813,1.2989131476586708,1.0483218629939317,True
RO60,DCG,-0.9708411123512525,1.4059923596758368,-1.400627658280277,0.005364701395559779,-0.12544833643174474,-1.40047771630062,True
INO80-AS1,NEUTRAL,-0.015701828349167862,0.13750352374993502,-0.022652949892234216,0.11485057385770081,-0.02250300791257639,-0.02250300791257623,False
DPP6,DIG,1.1482689282374476,0.5849625007211562,1.6566018883750506,2.2415643890962067,2.0786215855633317,1.6567518303547055,True
SEPTIN7P8,DSG,0.051423922249265064,1.2927817492278462,0.07418903761207434,1.3669707868399206,1.2277396460287582,0.07433897959173173,False
COMMD10,NEUTRAL,0.006693991450698466,0.13750352374993502,0.009657388269675795,0.14716091201961082,0.009807330249331106,0.009807330249331423,False
ZNF540,DSG,-0.053093369778747124,1.3219280948873624,-0.07659754128388244,1.24533055360348,1.1074725261699145,-0.07644759930422595,False
CHAC2,DIG,-1.6074917303242082,0.4854268271702419,-2.319120347608754,-1.833693520438512,-1.9739954364959535,-2.318970405629098,True
DACH1,NEUTRAL,0.0007290951699479342,0.13750352374993502,0.0010518619860199808,0.138555385735955,0.0012018039656773076,0.0012018039656773076,False
NDRG1,DCG,-0.7896432217941958,1.1375035237499351,-1.13921436015407,-0.001710836404134941,-0.14186227378196328,-1.1390644181744132,True
ZDHHC20P4,NEUTRAL,-0.050407874407476606,0.13750352374993502,-0.0727231904294202,0.06478033332051482,-0.07257324844976258,-0.07257324844976291,False
PTPRC,DCG,-0.8135523551609813,1.1699250014423124,-1.1737079482942845,-0.0037829468519721132,-0.12784113644440143,-1.173558006314628,True
PRR14L,NEUTRAL,-0.07188777652108659,0.13750352374993502,-0.10371213868750569,0.03379138506242933,-0.10356219670784728,-0.10356219670784779,False
CFAP298-TCP10L,DIG,0.9423540835004254,0.632268215499513,1.359529563027528,1.9917977785270409,1.8717968174323476,1.3596795050071837,True
FBXL16,DCG,-1.0147792622087695,1.3219280948873624,-1.4640170091855529,-0.14208891429819048,-0.2765983477313167,-1.4638670672058962,True
RN7SL689P,NEUTRAL,-0.0035395343433951747,0.13750352374993502,-0.005106468644272392,0.13239705510566263,-0.00495652666461592,-0.004956526664615598,False
POU2F2,DIG,-0.6692896203410758,0.6780719051126378,-0.9655808161845271,-0.28750891107188925,-0.4307690987642145,-0.9654308742048716,True
MIR6732,NEUTRAL,0.02720564810418484,0.13750352374993502,0.0392494536040777,0.1767529773540127,0.03939939558373426,0.03939939558373457,False
ACOT12,NEUTRAL,-0.013360742855513029,0.13750352374993502,-0.019275477460241296,0.11822804628969372,-0.01912553548058391,-0.019125535480584068,False
IL18,NEUTRAL,0.006221779184566076,0.13750352374993502,0.008976129975079657,0.14647965372501467,0.009126071954735521,0.009126071954735521,False
YWHAG,DSG,-0.0012982318834402974,1.2016338611696507,-0.001872952700163256,1.1997609084694874,1.0631195704598952,-0.0017230107205078483,False
C1GALT1C1L,DIG,1.253468342078116,0.5849625007211562,1.8083725610274088,2.393335061748565,2.2346480311997565,1.8085225030070653,True
AMTN,DIG,-0.8609642350523913,0.53605290024021,-1.2421088322928449,-0.7060559320526348,-0.8470894322023196,-1.241958890313186,True
SH2D6,DIG,-0.850239346137988,0.4329594072761063,-1.2266360882419503,-0.793676680965844,-0.9203496508974347,-1.226486146262291,True
STK17A,DSG,0.05612659714362135,1.3219280948873624,0.08097356336107518,1.4029016582484375,1.2664585756285742,0.08112350534073043,False
CPN2,DCG,-0.943243375084456,1.3785116232537298,-1.3608125395857131,0.017699083668016646,-0.12390418008178491,-1.3606625976060547,True
RPL32P31,DCG,-0.7703155921562121,1.1375035237499351,-1.1113304847232126,0.026173039026722522,-0.1258627029184265,-1.111180542743551,True
FHDC1,NEUTRAL,-0.02498615730855623,0.13750352374993502,-0.036047405239925605,0.10145611851000941,-0.03589746326026778,-0.03589746326026811,False
MFAP1,NEUTRAL,-0.01551927796028234,0.13750352374993502,-0.02238958535147672,0.1151139383984583,-0.02223964337181928,-0.022239643371818954,False
PADI3,NEUTRAL,0.033152209999528705,0.13750352374993502,0.04782852896082957,0.18533205271076458,0.04797847094048596,0.04797847094048596,False
TUB,NEUTRAL,0.010162555493909096,0.13750352374993502,0.014661468413821543,0.15216499216375656,0.014811410393478911,0.014811410393479229,False
USP30,DIG,1.2377479311698332,0.4329594072761063,1.7856928021692924,2.218652209445399,2.0676455741095103,1.7858427441489482,True
DUS4L,DIG,-1.4254798728443445,0.6780719051126378,-2.056532743439566,-1.3784608383269283,-1.5509655349396154,-2.0563828014599115,True
LINC02356,DIG,0.9300530021027199,0.5849625007211562,1.3417828538974867,1.9267453546186428,1.7591606934467714,1.341932795877142,True
RBFOX2,NEUTRAL,0.01744119568129187,0.13750352374993502,0.025162326516573786,0.16266585026650882,0.025312268496230174,0.025312268496230174,False
SNORD12C,DCG,-1.0384236238164035,1.485426827170242,-1.4981286124218718,-0.012701785251629794,-0.15273781093505656,-1.497978670442209,True
MIR6735,DIG,-1.4623317696867624,0.4329594072761063,-2.109698792261474,-1.6767393849853678,-1.8308927843359568,-2.1095488502817856,True
TNFRSF10B,NEUTRAL,0.03183998720340441,0.13750352374993502,0.0459353916403196,0.18343891539025461,0.04608533361997734,0.04608533361997734,False
NHEJ1,NEUTRAL,0.03196416999055067,0.13750352374993502,0.04611454953149927,0.18361807328143429,0.04626449151115484,0.04626449151115484,False
SNX21,DCG,0.7988671888515144,-0.7369655941662062,1.152521731684987,0.41555613751878073,0.2782025557485004,1.1526716736646423,True
MIR6720,DIG,0.9492808938793624,0.5849625007211562,1.3695228380103985,1.9544853387315548,1.821712059922453,1.3696727799900537,True
PER1,NEUTRAL,-0.025231569576493633,0.13750352374993502,-0.036401460301852206,0.10110206344808281,-0.03625151832219636,-0.03625151832219653,False
PRKAG3,NEUTRAL,0.042099782882896036,0.13750352374993502,0.060737147987656184,0.1982406717375912,0.06088708996731247,0.060887089967311854,False
ANKRD49,NEUTRAL,-0.06450045069338041,0.13750352374993502,-0.09305448035044302,0.044449043399492,-0.09290453837078563,-0.09290453837078597,False
E2F8,DIG,-1.074417432293166,0.4329594072761063,-1.5500567014140043,-1.117097294137898,-1.2562096285528963,-1.5499067594343465,True
DDX19B,NEUTRAL,-0.015290944793966752,0.13750352374993502,-0.022060170224762747,0.11544335352517227,-0.021910228245104982,-0.02191022824510482,False
RNU5B-2P,NEUTRAL,0.036070771372569414,0.13750352374993502,0.05203912298024548,0.1895426467301805,0.05218906495990185,0.05218906495990155,False
CSF1R,DIG,1.3931305472993332,0.37851162325372983,2.0098625318996755,2.3883741551534055,2.2549969539248598,2.01001247387933,True
PADI4,NEUTRAL,-0.01932882567666049,0.13750352374993502,-0.02788560094992535,0.10961792280000968,-0.02773565897026788,-0.027735658970268206,False
SEPTIN7P2,DIG,-1.643791722172129,0.53605290024021,-2.3714901658320593,-1.8354372655918492,-2.007355992476138,-2.3713402238524037,True
NBPF18P,DCG,-0.9362449690479291,1.3219280948873624,-1.3507159739026884,-0.02878787901532598,-0.16950986764146447,-1.3505660319230173,True
MIR7113,DSG,0.09624505111836686,1.4059923596758368,0.13885225795857264,1.5448446176344095,1.4139429188172918,0.13900219993822976,False
SAAL1,DIG,0.6357281882794285,0.32192809488736235,0.9171619045840567,1.239089999471419,1.1016596931683782,0.9173118465637122,True
TAPT1,NEUTRAL,-0.01577369071877781,0.13750352374993502,-0.02275662537649702,0.114746898373438,-0.02260668339683998,-0.022606683396839817,False
PEF1,NEUTRAL,-0.005314746884743632,0.13750352374993502,-0.007667558974199705,0.1298359647757353,-0.007517616994541515,-0.007517616994541515,False
ZNF790-AS1,DSG,-0.1704645956352313,1.1043366598147357,-0.24592842677009066,0.8584082330446451,0.7097297778905721,-0.24577848479043374,False
CEND1,NEUTRAL,0.01004450554469053,0.13750352374993502,0.014491158337506724,0.15199468208744174,0.01464110031716327,0.01464110031716327,False
GRK4,NEUTRAL,-0.006836774188017826,0.13750352374993502,-0.009863380216730987,0.12764014353320402,-0.009713438237075237,-0.009713438237075076,False
KMT2D,DIG,1.6030363978521966,0.6780719051126378,2.3126926615458716,2.9907645666585094,2.8309041079846113,2.3128426035255267,True
MIR4492,NEUTRAL,0.03366433329301643,0.13750352374993502,0.04856736669666803,0.18607089044660305,0.04871730867632468,0.04871730867632375,False
RPL36AP15,DIG,-1.2952443352481924,0.5849625007211562,-1.868642579202089,-1.2836800784809328,-1.4183915320565068,-1.868492637222414,True
COL17A1,NEUTRAL,0.09817293216031762,0.13750352374993502,0.14163360237721886,0.2791371261271539,0.14178354435687432,0.1417835443568749,False
PCARE,DIG,-1.3584292264288838,0.4854268271702419,-1.9597991083675814,-1.4743722811973394,-1.5893234800399165,-1.9596491663879214,True
CABCOCO1,DIG,-1.2248924082875496,0.4854268271702419,-1.7671462030589873,-1.2817193758887453,-1.4128988336233306,-1.7669962610793313,True
ARPC1B,DSG,0.029747810946512646,-0.7369655941662062,0.042917019329836215,-0.6940485748363701,-0.8314021566066501,0.04306696130949138,False
LINC01389,NEUTRAL,-0.0013533874468487797,0.13750352374993502,-0.0019525253579701102,0.1355509983919649,-0.0018025833783133448,-0.0018025833783133448,False
LINC01987,DCG,-0.8412639930789363,1.0356239097307214,-1.2136873908934287,-0.17806348116270732,-0.2916268599678783,-1.2135374489137607,True
CPSF1P1,NEUTRAL,-0.007484138691641098,0.13750352374993502,-0.010797329775755827,0.1267061939741792,-0.010647387796099547,-0.010647387796099224,False
FSTL5,NEUTRAL,0.005091961672196832,0.13750352374993502,0.007346147852875043,0.14484967160281007,0.007496089832532109,0.007496089832532428,False
TNRC18P1,NEUTRAL,-0.0050384210100512345,0.13750352374993502,-0.007268905005111678,0.13023461874482334,-0.007118963025453729,-0.007118963025454373,False
RAB27A,NEUTRAL,0.021449769606119704,0.13750352374993502,0.03094547623895971,0.16844899998889473,0.03109541821861673,0.031095418218616416,False
SERPINA11,NEUTRAL,0.012952209345449512,0.13750352374993502,0.018686088191235697,0.1561896119411707,0.01883603017089247,0.018836030170892786,False
JMJD8,DCG,-0.9632271740153815,1.4059923596758368,-1.3896430672014815,0.016349292474355348,-0.1144637453529502,-1.3894931252218254,True
CLSTN1,NEUTRAL,-0.03940371587284861,0.13750352374993502,-0.056847545482356425,0.08065597826757859,-0.056697603502700346,-0.056697603502700845,False
ZNF451-AS1,DIG,-1.310186328180652,0.7224660244710913,-1.8901993183067467,-1.1677332938356555,-1.2981469880971768,-1.8900493763270916,True
LHPP,NEUTRAL,0.027970778553736447,0.13750352374993502,0.040353303509278945,0.17785682725921398,0.04050324548893619,0.04050324548893619,False
MUC12-AS1,DSG,-0.10547545150596516,1.4329594072761063,-0.1521689108231803,1.280790496452926,1.1312115574307253,-0.15201896884352412,False
PITX1,NEUTRAL,-0.0475096386462843,0.13750352374993502,-0.068541920069421,0.06896160368051402,-0.06839197808976356,-0.0683919780897639,False
C3orf49,NEUTRAL,-0.039182755672778166,0.13750352374993502,-0.05652876729748096,0.08097475645245406,-0.05637882531782397,-0.05637882531782397,False
GEN1,DIG,-1.5991494113588136,0.4854268271702419,-2.3070849254078656,-1.8216580982376236,-1.9627138726665923,-2.306934983428211,True
SHE,DCG,-0.7457772672896584,1.1043366598147357,-1.0759291651265133,0.028407494688222457,-0.11811411220567014,-1.0757792231468584,True
RNA5SP216,DIG,-0.5731962114616713,0.4329594072761063,-0.8269473317320948,-0.39398792445598846,-0.5727670573870915,-0.826797389752438,True
TNFSF12,NEUTRAL,0.0433117725137212,0.13750352374993502,0.062485679417656495,0.1999892031675915,0.06263562139731388,0.06263562139731357,False
DNAJA3,DCG,-0.9453826298189892,1.3219280948873624,-1.3638988317824225,-0.041970736895060146,-0.17422344195744827,-1.3637488898027652,True
LINC01267,DIG,0.6896026029442793,0.632268215499513,0.9948862554518327,1.6271544709513457,1.4557669195980265,0.9950361974314873,True
NBN,DCG,-0.9841577376095172,1.4329594072761063,-1.4198394875017522,0.013119919774354116,-0.11968756944556781,-1.4196895455220975,True
AFF1,NEUTRAL,-0.012408047344643352,0.13750352374993502,-0.017901028371232437,0.11960249537870259,-0.017751086391574463,-0.017751086391574303,False
PABPC1,DCG,2.0794415416798357,-3.321928094887362,3.0,-0.3219280948873622,-0.45928167665764047,3.000149941979657,True
TRIM68,NEUTRAL,-0.021470492377162663,0.13750352374993502,-0.030975372877976866,0.10652815087195816,-0.0308254308983192,-0.0308254308983192,False
CACNA1E,DCG,-0.8081027383102342,1.0356239097307214,-1.1658458130889666,-0.13022190335824524,-0.2557929200816258,-1.1656958711093088,True
POLI,NEUTRAL,0.016209551485172075,0.13750352374993502,0.023385439542692087,0.1608889632926271,0.023535381522348558,0.02353538152234887,False
COX6C,DCG,-0.7657467448275944,1.1375035237499351,-1.104739031339637,0.03276449241029811,-0.10738694496753225,-1.104589089359982,True
ASF1B,DIG,-1.6349582627130421,0.5849625007211562,-2.358746177676541,-1.773783676955385,-1.9328925004086819,-2.358596235696886,True
PADI2,NEUTRAL,0.021957765403150874,0.13750352374993502,0.03167835925612902,0.16918188300606404,0.03182830123578578,0.03182830123578578,False
CFAP58-DT,NEUTRAL,0.01600011647789815,0.13750352374993502,0.023083288696309448,0.16058681244624445,0.023233230675966405,0.02323323067596672,False
NAE1,NEUTRAL,0.07442251862579441,0.13750352374993502,0.1073689985519001,0.24487252230183512,0.10751894053155765,0.10751894053155765,False
CSF2RB,NEUTRAL,-0.028083482251430012,0.13750352374993502,-0.0405159005750313,0.09698762317490373,-0.0403659585953746,-0.040365958595374764,False
BDH1,DCG,-1.0752429783492627,1.560714954474479,-1.5512477126151605,0.009467241859318465,-0.11908810863022407,-1.551097770635504,True
PF4V1,DIG,-0.8134279975267048,0.37851162325372983,-1.173528538152017,-0.7950169148982873,-0.9598474079708345,-1.1733785961723522,True
GLULP4,DIG,0.8361238904569894,0.37851162325372983,1.2062717903310856,1.5847834135848153,1.4385457118505993,1.2064217323107405,True
VDAC1P7,NEUTRAL,-0.014566956165665465,0.13750352374993502,-0.021015675421052475,0.11648784832888254,-0.020865733441395404,-0.020865733441395244,False
VWA8,NEUTRAL,0.018710412109681947,0.13750352374993502,0.026993418763626955,0.16449694251356198,0.027143360743283808,0.027143360743283808,False
SPTLC3,DSG,0.09966581618406485,1.4329594072761063,0.14378737875490136,1.5767467860310076,1.4427756244903909,0.14393732073455648,False
BCDIN3D-AS1,DIG,-1.5665060304550276,0.6780719051126378,-2.259990481660124,-1.5819185765474861,-1.7417790352213836,-2.259840539680469,True
SLC18A2,NEUTRAL,-0.004307317300665526,0.13750352374993502,-0.00621414530920539,0.13128937844072963,-0.006064203329547412,-0.006064203329547251,False
TMEM161B,NEUTRAL,0.015100493383353626,0.13750352374993502,0.02178540691914088,0.1592889306690759,0.021935348898798206,0.021935348898798522,False
GLP2R,NEUTRAL,-0.023649432488178603,0.13750352374993502,-0.03411891897053361,0.10338460477940141,-0.033968976990877954,-0.03396897699087828,False
LINC01697,DIG,1.3431396448476562,0.5849625007211562,1.9377409048430774,2.5227034055642337,2.3816080498810543,1.9378908468227334,True
POMT2,NEUTRAL,-0.014405086606131644,0.13750352374993502,-0.02078214701024215,0.11672137673969286,-0.020632205030586093,-0.02063220503058577,False
TTLL11,NEUTRAL,-0.021905292251207905,0.13750352374993502,-0.031602656500041085,0.10590086724989393,-0.03145271452038513,-0.03145271452038497,False
KIAA1328,NEUTRAL,-0.010070583545261792,0.13750352374993502,-0.014528780939607182,0.12297474281032783,-0.014378838959951654,-0.014378838959951654,False
SCAF11,DIG,-1.573122683308739,0.632268215499513,-2.269536293919457,-1.6372680784199443,-1.809295239452582,-2.2693863519398025,True
ZNF621,NEUTRAL,0.020413905039035184,0.13750352374993502,0.029451039564994282,0.1669545633149293,0.029600981544651475,0.029600981544651163,False
TPD52L1,DIG,1.2612368246913455,0.632268215499513,1.8195801123687472,2.45184832786826,2.3032433797871317,1.819730054348401,True
ABLIM1,NEUTRAL,0.017136418634545066,0.13750352374993502,0.02472262618265539,0.1622261499325904,0.024872568162311495,0.02487256816231118,False
RNU6-1011P,DCG,-0.773370609316198,1.3219280948873624,-1.115737942829755,0.2061901520576075,0.06517462725563532,-1.1155880008500885,True
NDUFS4,DIG,0.7054549457944446,0.53605290024021,1.0177563518682378,1.5538092521084477,1.4021632815344567,1.0179062938478933,True
ARRDC4,DIG,1.32436528411647,0.37851162325372983,1.9106552277203341,2.289166850974064,2.122057537105723,1.9108051696999895,True
FZD5,NEUTRAL,-0.020606249197163223,0.13750352374993502,-0.02972853352806957,0.10777499022186546,-0.029578591548412827,-0.029578591548412827,False
AMFR,NEUTRAL,-0.005465441258481839,0.13750352374993502,-0.007884964999881684,0.12961855875005335,-0.007735023020224222,-0.0077350230202239,False
LINC02803,DCG,-0.8191331504934264,1.1375035237499351,-1.1817593340446193,-0.04425581029468417,-0.16855491095549158,-1.1816093920649606,True
ATP5MC3,NEUTRAL,0.00644546848043195,0.13750352374993502,0.009298845412925296,0.14680236916286032,0.009448787392583024,0.009448787392583024,False
C17orf78,DIG,1.3104001654140252,0.632268215499513,1.8905078202228915,2.5227760357224045,2.398257606967085,1.8906577622025447,True
POLE4,DIG,-1.2864950343128883,0.53605290024021,-1.8560200061314809,-1.319967105891271,-1.4657008291755607,-1.8558700641518255,True
DUSP2,DIG,-1.4431015469659638,0.632268215499513,-2.0819554453069875,-1.4496872298074746,-1.586390402727187,-2.0818055033273324,True
RPS11,DSG,-0.05730729592173562,-0.7369655941662062,-0.0826769516330443,-0.8196425457992506,-0.9569961275695283,-0.08252700965338738,False
SUMO2P19,DCG,-0.7997922793086086,1.2016338611696507,-1.1538563550998104,0.047777506069840214,-0.08932149244820975,-1.1537064131201473,True
TRIM60P18,DSG,-0.07361042026407708,1.1375035237499351,-0.10619738827273646,1.0313061354771986,0.8907137462805055,-0.10604744629307934,False
APH1B,NEUTRAL,0.010621482783787946,0.13750352374993502,0.01532356053905837,0.1528270842889934,0.01547350251871607,0.01547350251871607,False
FAM186B,DIG,0.86404276107812,0.6780719051126378,1.246550206523411,1.924622111636049,1.7647616529621493,1.2467001485030647,True
TMPOP2,NEUTRAL,0.016273557686768986,0.13750352374993502,0.023477780972322088,0.1609813047222571,0.023627722951978368,0.023627722951978368,False
PHACTR1,DSG,0.044375198917914103,-0.7369655941662062,0.06401987941733597,-0.6729457147488702,-0.8102992965191496,0.06416982139699173,False
HMGN1,DIG,-1.1134364416615785,0.53605290024021,-1.6063492327302131,-1.070296332490003,-1.2152467496682289,-1.6061992907505582,True
COPRS,DIG,1.2656985187621423,0.5849625007211562,1.8260169762786493,2.4109794769998056,2.271436279655586,1.8261669182583056,True
LINC00636,DIG,0.834285750684852,0.632268215499513,1.2036199151973621,1.835888130696875,1.6955320610343672,1.2037698571770161,True
ZNF467,DIG,1.0476214568334412,0.53605290024021,1.511398280502477,2.047451180742687,1.8896572117686832,1.511548222482133,True
ADAMTS19-AS1,DIG,1.0213393683327405,0.4854268271702419,1.4734812417583112,1.9589080689285532,1.8228631169549714,1.4736311837379659,True
DSCAS,NEUTRAL,-0.0022061668199427112,0.13750352374993502,-0.003182825930505124,0.1343206978194299,-0.0030328839508486864,-0.003032883950848526,False
ZC3H4,DIG,-0.8421928637791788,0.632268215499513,-1.2150274680462956,-0.5827592525467826,-0.7275373250713167,-1.21487752606664,True
EPPIN-WFDC6,DCG,-0.9777123459588964,1.3504972470841334,-1.4105407529308145,-0.060043505846681056,-0.1879172576348236,-1.4103908109511545,True
TMEM150A,DIG,1.4661472209581508,0.5849625007211562,2.1152033248894595,2.7001658256106156,2.552020369586179,2.115353266869115,True
RPSAP53,NEUTRAL,-0.05135590233372139,0.13750352374993502,-0.0740909056172378,0.06341261813269722,-0.07394096363758153,-0.07394096363758101,False
CCDC110,NEUTRAL,0.01691383320431686,0.13750352374993502,0.024401503286291024,0.16190502703622606,0.024551445265947484,0.024551445265948116,False
COL24A1,NEUTRAL,0.016509503923955636,0.13750352374993502,0.023818179438627678,0.1613217031885627,0.023968121418284905,0.02396812141828459,False
PABPC4,DIG,-1.4943183638177282,0.32192809488736235,-2.1558456929891463,-1.833917598101784,-1.982819564592579,-2.1556957510094894,True
IRGQ,DIG,-0.6556183191404161,0.632268215499513,-0.9458572977398361,-0.3135890822403231,-0.43537970747646043,-0.9457073557601814,True
SELPLG,DIG,-1.059372270171422,0.53605290024021,-1.5283511206315938,-0.9922982203913838,-1.147154827912501,-1.5282011786519392,True
ALDH3A2,NEUTRAL,0.016904983801429584,0.13750352374993502,0.024388736296630718,0.16189226004656573,0.024538678276287692,0.024538678276287692,False
HLA-DMA,DSG,0.09398871950242328,1.4059923596758368,0.13559705952564988,1.5415894192014867,1.396802093521308,0.1357470015053061,False
SAP18,NEUTRAL,-0.0825708408505162,0.13750352374993502,-0.11912454261707157,0.018378981132863445,-0.11897460063741541,-0.11897460063741559,False
ALG9,NEUTRAL,-0.006901148084439828,0.13750352374993502,-0.009956252117861709,0.1275472716320733,-0.009806310138204587,-0.00980631013820491,False
YBX2P1,NEUTRAL,0.011100218395098142,0.13750352374993502,0.01601423003139254,0.15351775378132756,0.01616417201104966,0.01616417201104966,False
TMEM37,NEUTRAL,0.07601899416639368,0.13750352374993502,0.10967222589722321,0.24717574964715822,0.10982216787687892,0.10982216787687892,False
WDR53,DCG,-0.8414777304321257,1.1043366598147357,-1.2139957487129278,-0.10965908889819209,-0.23731988584660865,-1.2138458067332705,True
PPA1,DIG,-1.604258191584437,0.5849625007211562,-2.3144553373043637,-1.7294928365832076,-1.8512886584263504,-2.314305395324708,True
RRP36,DSG,0.021452974078768706,1.3504972470841334,0.030950099315759094,1.3814473463998924,1.2517786549751284,0.031100041295413897,False
LINC01901,NEUTRAL,0.020016840666887123,0.13750352374993502,0.028878196764382587,0.1663817205143176,0.02902813874403929,0.02902813874403929,False
VEPH1,DSG,-0.0527281048388657,1.3504972470841334,-0.0760705753665049,1.2744266717176285,1.1300918774173943,-0.07592063338684804,False
SLC16A14,NEUTRAL,0.0437253602229126,0.13750352374993502,0.06308236035467955,0.2005858841046146,0.06323230233433717,0.06323230233433717,False
MUC3A,DSG,-0.002790174251837795,1.5109619192773793,-0.00402537055634246,1.5069365487210369,1.376005381071045,-0.0038754285766852666,False
FANCF,DIG,1.568220422398294,0.37851162325372983,2.2624638264148142,2.6409754496685443,2.476718789063748,2.2626137683944703,True
PRG4,DCG,-0.9484687940987502,1.1699250014423124,-1.3683512256842023,-0.19842622424188994,-0.3309051794086074,-1.3682012837045452,True
RXRG,DCG,-0.8857525067888401,1.1699250014423124,-1.2778707489992276,-0.10794574755691522,-0.2597822345457659,-1.277720807019572,True
LINC02242,NEUTRAL,0.03284671017472291,0.13750352374993502,0.0473877858785898,0.18489130962852482,0.04753772785824642,0.04753772785824642,False
HOXC11,DIG,0.6407167125692955,0.53605290024021,0.9243588238384021,1.460411724078612,1.3193782239289236,0.9245087658180567,True
GIMAP8,DIG,1.4258896034366122,0.4854268271702419,2.057123859733131,2.542550686903373,2.4014949124744054,2.0572738017127867,True
GCDH,DIG,-0.6538894806460693,0.37851162325372983,-0.943363111017544,-0.5648514877638142,-0.6947009036673493,-0.9432131690378893,True
CDKL2,DIG,-1.2786014673073227,0.4329594072761063,-1.8446319961576267,-1.4116725888815205,-1.5321361557694804,-1.8444820541779703,True
TPMTP1,NEUTRAL,0.02508542014596927,0.13750352374993502,0.03619061124320596,0.173694134993141,0.03634055322286177,0.03634055322286177,False
ACIN1,DIG,-1.5514709317311073,0.4854268271702419,-2.238299419291848,-1.752872592121606,-1.8852447747806975,-2.238149477312191,True
TAGAP,NEUTRAL,-0.010352802771280622,0.13750352374993502,-0.014935937217428072,0.12256758653250695,-0.01478599523777051,-0.014785995237769701,False
KCNC1,DIG,-1.2746093469744546,0.37851162325372983,-1.8388725839507658,-1.460360960697036,-1.5900297821126155,-1.8387226419711091,True
CTSC,NEUTRAL,-0.021932266572359038,0.13750352374993502,-0.03164157221939717,0.10586195153053785,-0.03149163023973946,-0.031491630239739624,False
PP2D1,DIG,1.2044038334716098,0.5849625007211562,1.7375874377771485,2.322549938498305,2.1533178573994314,1.737737379756802,True
KIF3A,DIG,1.2253111277535544,0.4329594072761063,1.7677502875561162,2.2007096948322227,2.082550872118698,1.7679002295357729,True
GART,DIG,-1.6269293426762712,0.632268215499513,-2.3471628945557974,-1.7148946790562845,-1.861047892920764,-2.3470129525761436,True
UTP23,DCG,-0.9719454554867683,1.485426827170242,-1.4022208886453253,0.08320593852491664,-0.05724464210500738,-1.4020709466656693,True
ZNF415,DSG,0.05406547843578833,1.3785116232537298,0.07799999762260101,1.4565116208763307,1.310626989065704,0.07814993960225686,False
FZD6,DCG,-0.9664407505180793,1.3785116232537298,-1.394279278085441,-0.015767654831711164,-0.1376055822505448,-1.394129336105786,True
GPR137,DIG,0.6904863214510887,0.4854268271702419,0.9961611917591484,1.4815880189293904,1.3071487681776153,0.996311133738803,True
DDX52,DIG,0.9608458605704981,0.53605290024021,1.386207558103746,1.9222604583439562,1.816672892800229,1.386357500083401,True
TOR1AIP1,DCG,-0.8590168380668252,1.1043366598147357,-1.2392993323191264,-0.13496267250439065,-0.2642588939493667,-1.2391493903394706,True
ACTBP11,DCG,-0.8244262028021674,1.1043366598147357,-1.1893955943616057,-0.08505893454686997,-0.2127197314952877,-1.189245652381949,True
RPS3AP49,NEUTRAL,0.05852893318067376,0.13750352374993502,0.08443940164827954,0.22194292539821456,0.0845893436279356,0.0845893436279353,False
